0000
0000
0000
0000
0000
0000
0000
0000
0000
0000
0000
0000
0000
0000
0000
0000
0000
0000
0000
0000
0000
0000
0000
0000
0000
0000
0000
0000
0000
0000
0000
0000
0000
0000
0000
0000
0000
0000
0000
0000
0000
0000
0000
0000
0000
0000
0000
0000
0000
0000
0000
0000
0000
0000
0000
0000
0000
0000
0000
0000
0000
0000
0000
0000
0000
0000
0000
0000
0000
0000
0000
0000
0000
0000
0000
0000
0000
0000
0000
0000
0000
0000
0000
0000
0000
0000
0000
0000
0000
0000
0000
0000
0000
0000
0000
0000
0000
0000
0000
0000
0000
0000
0000
0000
0000
0000
0000
0000
0000
0000
0000
0000
0000
0000
0000
0000
0000
0000
0000
0000
0000
0000
0000
0000
0000
0000
0000
0000
0000
0000
0000
0000
0000
0000
0000
0000
0000
0000
0000
0000
0000
0000
0000
0000
0000
0000
0000
0000
0000
0000
0000
0000
0000
0000
0000
0000
0000
0000
0000
0000
0000
0000
0000
0000
0000
0000
0000
0000
0000
0000
0000
0000
0000
0000
0000
0000
0000
0000
0000
0000
0000
0000
0000
0000
0000
0000
0000
0000
0000
0000
0000
0000
0000
0000
0000
0000
0000
0000
0000
0000
0000
0000
0000
0000
0000
0000
0000
0000
0000
0000
0000
0000
0000
0000
0000
0000
0000
0000
0000
0000
0000
0000
0000
0000
0000
0000
0000
0000
0000
0000
0000
0000
0000
0000
0000
0000
0000
0000
0000
0000
0000
0000
0000
0000
0000
0000
0000
0000
0000
0000
0000
0000
0000
0000
0000
0000
0000
0000
0000
0000
0000
0000
0000
0000
0000
0000
0000
0000
0000
0000
0000
0000
0000
0000
0000
0000
0000
0000
0000
0000
0000
0000
0000
0000
0000
0000
0000
0000
0000
0000
0000
0000
0000
0000
0000
0000
0000
0000
0000
0000
0000
0000
0000
0000
0000
0000
0000
0000
0000
0000
0000
0000
0000
0000
0000
0000
0000
0000
0000
0000
0000
0000
0000
0000
0000
0000
0000
0000
0000
0000
0000
0000
0000
0000
0000
0000
0000
0000
0000
0000
0000
0000
0000
0000
0000
0000
0000
0000
0000
0000
0000
0000
0000
0000
0000
3000
0000
0000
0000
1500
0188
3412
5545
5455
8843
2031
fe0f
cbdd
98b9
ba9c
bbba
cdbc
eede
64ff
de9c
ffff
ffff
ccee
ba68
8898
bc89
34f0
7856
3434
5544
4455
4443
467c
5656
5556
4555
7845
6755
7777
4365
ff11
ba64
8999
bc99
35e0
6477
5476
2243
ca0e
8898
cc74
efdd
3502
5556
9454
1111
2322
5534
4354
7488
1243
ee00
a9cb
8899
bb9a
ddcc
eede
01f0
228c
2223
4433
5555
8445
4344
2222
0f21
dcfe
cc8c
ddcc
bbcd
bbba
78cc
f2ce
7636
5676
3243
2178
1211
6645
5466
7854
5364
2132
4533
6667
6478
1f42
dffe
5602
8c77
5465
4454
3243
fe10
dc88
a9ba
8888
9a89
84ab
cdbc
00df
ed0f
bbdc
a988
8998
ccaa
eedd
74ee
bbdc
aaaa
f1bd
2312
3478
2244
ca0e
8988
68bd
10e0
99eb
df9b
3512
1194
0011
0100
3423
9455
5455
3444
2232
1112
0084
eeff
03ef
6646
7855
4276
b9fd
8888
df9b
2374
4534
3344
2222
9c21
ff00
dcee
bacb
98a9
9998
8988
bcaa
dddc
88dd
ba9a
decc
02f0
3423
339c
5444
5655
5656
9856
6656
6667
7676
6466
7784
4364
4533
7766
8876
3153
ee0f
bccd
ccbb
cc8c
bacc
aaaa
ddbc
94ff
0f00
eeff
cbdc
aaba
a998
aaa9
cdbc
f0de
7811
4276
dc0e
abcb
36d0
3494
5545
5455
2143
8400
deee
dcdd
a9ba
aa9a
998c
ab99
efce
1200
8824
6746
6577
1033
dcfe
cb88
abbb
bbaa
ffdd
9412
3422
5544
4444
3343
4284
ed10
aacb
9b99
54de
12df
fc10
88b8
efac
0184
4523
5555
5455
7443
2154
1301
5545
6645
6678
7766
5475
0d31
94b9
ccdd
cbcb
cccc
bbcc
bb98
99aa
8989
bb9a
9ccd
ffdd
2301
5544
3344
458c
5546
3253
0f11
74ef
11e0
2222
1121
6734
7778
7777
7777
2263
8412
2322
5645
7777
5365
4274
0010
dcfe
ccbb
94dd
00f0
2211
4534
5555
4598
4544
5444
4444
9833
1f21
fe0e
ddee
bbcc
ab98
cbba
cdcc
cdcd
9cdd
bbcc
99aa
9898
9b9a
8888
9a99
deab
3402
9467
6655
6666
4355
3332
5584
5455
1042
edff
78dc
aaa9
bcbb
dfdd
13e1
228c
2222
3322
5644
8c66
6576
1132
1101
fd10
db8c
aaaa
ccbb
ccdc
94cc
ddee
bbcc
bbbb
cdcc
8a8c
bcac
bbcc
8898
889a
23ef
7766
7577
4253
229c
3322
5544
5555
9c45
4545
5545
5555
2033
0d78
efdd
0f00
baed
9c88
dddd
bbcc
baba
bbbb
9988
ab9b
efbd
1101
7810
0100
5634
6576
3344
1184
1211
4423
4354
8822
0f10
cbdd
bbbb
cebc
df88
01f0
3423
6655
9477
4444
2232
2322
2122
1094
edff
ccdd
bbcb
94aa
baaa
ccbc
cdcd
eede
cc84
cdcc
24e0
7756
8477
6677
5455
1042
1200
2284
3322
5545
4455
8832
3332
4443
3344
2122
5368
0020
3302
4544
8844
0111
1111
dd0f
88ba
a99c
9898
aa9a
abbb
88bb
bb99
f1de
2313
1021
fd88
bbdc
cdbb
24e0
9c56
5554
4455
1032
ee0f
cc88
cdbb
01df
4524
9c66
5444
5555
5656
5556
7784
5465
1143
cbfd
84aa
abab
ccbb
eedd
00ff
ef68
12f0
eb21
9abb
7488
88a9
9a89
e0ac
fe00
0174
7736
5565
6667
8455
1122
2211
3332
5645
6684
3355
1011
ff00
74ef
12df
4434
5455
eb31
c978
8a98
eeab
2201
9c1f
eeff
ccdd
bbbb
aaab
8888
aa89
cdbc
bdcc
88cd
eedd
f0f0
5522
7777
4498
4343
4343
3343
8812
cafe
8888
a999
8899
bb94
bbbb
cdcc
f0ee
8800
0f1f
e0ff
3301
5455
2198
0111
3321
5746
9877
6566
3244
0011
01f0
138c
2032
bbfd
bbaa
88cc
cced
89aa
bd8a
4503
6788
5456
3243
1121
9801
0f0f
0000
2211
5343
7784
4454
1122
0100
9424
5534
4354
2222
2222
4288
0f20
23f0
7757
9c75
2133
1020
ed0f
a9ca
9a9c
bb9b
cccc
efdd
84f0
2222
4423
7766
6577
5488
1033
a9ec
8888
9088
8888
8888
bd9a
23f0
458c
2144
ca0d
8998
789a
f1ab
6545
0f31
f0ff
1178
4432
4343
4634
8867
4344
1032
dcfe
98b9
bc98
bcbb
decd
feee
780f
11f1
3232
3332
4344
1f84
baec
98a9
ab99
78de
12cf
6645
0043
1200
3478
5456
1031
ddfe
84bb
f0de
4623
7767
6666
3398
4434
4344
2022
7810
cbfd
99ba
8a88
02be
2288
2122
2422
4534
8856
6566
4354
2122
0f00
f084
1201
3422
4445
9c43
1222
0011
dcfe
a9ba
a99c
bbaa
eecd
11f0
8823
5445
3243
ee10
bbcc
9984
8988
bbaa
cccb
78dd
decc
edde
ccdc
98ba
bb84
a9ba
9989
aaaa
98a9
dfdd
22f0
5644
7666
7694
5665
5455
3243
8822
3253
dc1f
88a9
9988
aa84
ccbb
dddd
bbcc
84aa
abaa
efcd
0000
eeff
ee88
dfde
fdef
badc
8888
8b88
23de
7766
3375
0088
dded
01df
5734
9877
4454
3343
2323
3333
5588
4243
2232
4523
8867
7777
3264
fd1f
bcdc
8878
aaa9
aba9
bcbd
78ba
88a8
bf9a
6714
5277
fd84
ccdc
bccc
a9ba
8c9a
cc9a
efee
01ff
2212
4378
3332
7656
3265
8c1f
000f
edff
a9ba
aaaa
cc88
eecd
23f0
6746
8c77
5477
3433
5545
2144
fe88
cbdc
dfcc
4613
8867
7677
3455
3333
2222
2388
1022
caed
8898
8c8a
de9c
00ff
4422
5455
6478
0c42
af99
7736
9440
01ee
4323
2222
5534
559c
4444
4444
2233
8422
2143
dcfd
bacb
8898
9a88
cfac
2301
3323
8434
3244
ec1f
aaca
8898
cd98
ffde
1201
3433
9444
3144
fe1f
ddee
bbcb
8888
bd8b
f1ef
1101
8c00
eeff
bbdd
aaaa
99aa
9a88
9999
8888
9888
8898
9898
9a99
bbab
bccc
cc88
00ee
2212
4534
9856
3333
4443
3234
1031
c974
ab99
12df
6645
7864
2232
2123
b9fd
8988
de88
01ff
4623
6666
9855
1223
0f10
edfe
cbdc
8888
ab88
f0cd
3523
8856
6666
5455
2243
dc0f
b988
bcaa
24f0
6746
8876
5475
1133
ff0f
ffef
ee78
01ef
6534
7677
6875
4377
5634
7576
c820
dc88
aabb
bcab
13e0
8456
5476
0f21
ddee
bacb
cb88
f1de
3413
4344
8832
fd00
ccdd
f0dd
5624
4498
3244
ff21
dced
88cc
9988
ccba
cdcd
ddcc
be78
2201
1121
3411
8c77
4365
dc1f
abba
aaab
aa88
99a9
9999
8898
888a
ccab
eecd
ffee
01f0
119c
3322
5544
4455
8832
0f31
ffff
2301
5545
668c
2154
ddfe
efde
8800
4422
5555
7665
7767
4498
4343
2132
ee00
88dd
8988
ceac
00ff
ff00
dc84
aaba
dfac
1102
6410
010f
4423
6666
3254
0094
1100
2211
4433
9844
4344
2233
1021
ee0f
aa88
aa99
ddcc
deee
98de
deef
bacb
abaa
ddbc
cd78
4513
7666
2154
78fe
bbdb
889a
de9b
3300
4678
6656
7776
5577
7821
0f0f
2210
6644
7777
4488
6755
6667
6565
8c65
5565
4444
2032
cafd
dc98
bbcb
bcbb
ddcc
88dd
cdcb
bbcd
9999
cdab
ff98
0100
2212
3534
9845
4344
2232
1011
ff00
aa7c
989a
ab99
efde
78ed
98cb
bc98
10f0
bafd
de9c
efde
2301
5544
9c56
6656
6767
5365
fe21
cb88
abaa
cdbb
01ef
7811
ff21
deee
dbed
89b9
8978
8888
8a88
e0ad
8833
5533
6556
3153
f000
e164
2032
fe0f
89b9
88bb
eefe
efee
2301
4544
5484
0f32
eeee
badc
8488
9a88
abbb
cdbb
12ef
3678
6667
5455
3254
7400
eede
00ef
0010
5714
3588
5646
4455
2232
8812
0f11
baec
bd9a
45f1
6588
0e53
99c9
ab8a
78cc
9a99
be9b
22e1
1f32
ec78
cdcc
36e2
7777
8477
5655
7777
4466
3434
558c
5556
4354
4433
8866
5556
4445
4454
3233
1084
dd0f
aabb
98a9
8488
ce9b
01f0
0e10
cded
dd8c
ffef
edfe
aacb
8899
ccbb
22ef
4444
3343
2184
ed0f
a8db
8a88
84ce
4513
5455
3243
fe10
dd88
99ba
ab9a
efcd
7801
2122
0011
cdee
88bb
dc94
99bb
9988
cdab
88ef
f0ce
3412
5455
2242
338c
4544
5454
1032
9800
1211
2322
3323
5544
779c
6677
6666
5666
8855
4266
ec0e
cbcc
bbcb
de94
f0ef
2311
4433
9844
3244
0f21
dbed
abbb
bc94
cdcc
dedd
ffee
8c00
1010
0100
2312
6745
4494
4444
5555
2144
9c10
ed0f
aacb
9999
bbaa
9b88
dfbc
23f1
6755
9c77
5555
5454
3344
2132
0094
eeff
dcdd
a9cb
9898
8989
bb9a
0fed
2211
6784
7677
3164
cafe
8499
9b88
01de
2223
1211
128c
1211
4423
4455
8443
5634
6566
2243
6734
559c
6565
3354
1021
940e
baec
9aa9
bbab
cdcc
8c74
10f0
2302
2132
7811
1122
fdff
badc
8898
8978
9888
bca9
99bb
8888
dcbc
bccc
aabb
9aa9
dd98
e0ee
2301
4434
8454
5376
1222
4434
2143
1f78
caec
98a8
d09b
8c24
5535
4355
ed10
bbcc
9b74
ffce
dbfe
aaba
94bd
2301
5544
3244
0f20
b974
ac9a
13df
4244
880d
deee
f0df
fd0f
abcc
dd94
cbdc
aaaa
cdbc
8cee
ddcc
eedd
22f0
6645
3394
3433
5544
3354
8822
5454
5555
5555
4454
338c
3222
5544
6566
8c53
3333
6655
4364
0f11
fe88
ccdd
bbbc
decc
64ff
5635
6666
1f53
baec
ee88
eeee
dddd
bacb
9c99
aabb
9aaa
ab9a
decd
ed88
deee
cbcc
babb
94bb
f0ee
1100
3422
6655
779c
5566
5555
4455
7433
6567
1042
fc10
f1cc
2368
fe21
01f0
1300
8856
3322
6644
6575
6465
5488
4444
2243
ed00
88cb
99aa
8898
aa99
cdbc
bd7c
4602
7667
2154
78fd
a9db
8988
aa99
98aa
8878
8888
ac99
02ce
7846
6466
ff32
eded
b9db
cc88
bdcc
f0de
4422
8867
7777
7766
6666
4556
6778
1f43
eefd
f1ef
7813
6746
4365
dc0f
cebb
f18c
3413
5655
4365
7821
dc0f
a9ba
9aa9
8898
dd98
ccdc
babb
bbba
94bb
bcbb
ccbc
efdd
01f0
1468
ec31
99b9
ceab
68f0
fe1f
dfcc
6625
7777
2284
2322
1222
3422
8855
5555
2143
0101
1011
0e88
cbec
aaba
bbaa
88de
12f0
1212
3312
7645
4498
3334
1122
0f00
980f
0f00
fe0f
dced
bccc
8884
aa89
ddcc
ffee
9401
2212
4434
5555
5655
679c
6676
4455
1022
78ff
a9aa
8999
cfab
5702
3394
4444
4344
1133
8400
eefe
bacc
abaa
cdcc
9974
8899
9a99
98a9
8889
dedd
01ef
4524
7777
5494
3343
1122
0010
8800
eee0
ddee
ccdd
bbcb
bc88
eecd
00f0
ff00
68f0
01c1
5524
3344
6735
4484
5555
3354
2222
7c21
ec20
a9ca
9a99
23de
338c
5544
5455
3343
8833
0f11
eeff
bbcc
baba
aa84
cdbb
01ef
0111
8c00
ecfe
badb
ddbb
e0de
127c
df0e
eb00
d0ac
9412
3412
4544
6556
5555
4494
3233
1122
1111
6811
4676
6656
1f53
eeed
ff78
e0ee
0001
ed0f
94b8
ccdd
bbcb
ccbb
eedd
9978
bcaa
bcbc
bbcc
78a9
8898
ab89
efcd
0000
fd78
98cb
ab98
0fdf
78ed
ffed
eeee
12e0
6745
5688
7767
6576
3343
7823
5546
4545
7757
5477
1084
dbfe
99a9
bcab
8ccd
bbbc
cebb
3401
7756
6688
7666
6676
6665
8856
3144
da0d
a9b9
8898
cb98
babb
bbbb
cdcc
88de
ccbc
bbcc
cdbc
eeee
db8c
baca
bbaa
efdd
ac01
1211
3323
4544
5555
7794
4355
1022
fe0f
84ee
a9ba
bc9a
11ef
3422
2298
4433
5555
5556
8444
2153
dcfe
ddcc
cbdd
ed98
cbdc
89aa
8888
9498
ab9a
bbbb
bbab
ddcc
aa8c
aaaa
baba
cdbc
84ff
1211
4423
6745
6677
3494
4444
5555
5455
9c33
2233
3322
5544
6766
6594
5465
4444
3344
8833
5656
6767
5476
fe30
ed9c
cddd
bbcc
bbba
78cc
baa8
ddcc
13ff
7746
4488
5555
3254
fd10
98cb
ccdd
abcb
999a
aaa9
9a9c
bcab
ddcd
eeee
84ff
3401
5455
0f31
fffe
0f78
fe0f
badc
aaa9
7cbc
efcd
3401
7766
0d54
fe98
eeee
edef
ccec
98ba
9aaa
cdbb
ffde
1200
2398
4433
3343
3333
9833
3333
4443
4444
5554
5598
6555
4556
4454
7432
1f63
bbdb
dddd
99bb
cc88
cdcd
bccd
aabb
88aa
bbab
decc
00ef
3523
339c
3343
0022
dcfe
98ba
aaba
aaaa
ccbb
feed
0074
2222
5434
4443
8432
ff0f
12f0
5634
7777
7588
4354
4343
3334
6833
1e56
abb9
ffde
3701
239c
5544
4254
0f20
84ff
1101
dc0f
bbbb
bcaa
9c74
46e1
4266
dc0e
78ba
88a8
8898
9b89
35d1
5584
6666
5465
1032
780f
dcfe
bccb
13e0
5544
5474
3344
1132
ed0f
88ca
bcdc
ddcc
dced
98ba
8888
cbaa
bdcc
decd
8cdc
cebc
01e0
4512
6567
6164
37df
1d76
8898
7499
cdcb
4602
7677
4355
427c
ff20
edfe
aacb
84bc
2301
5645
7767
6577
5488
2143
ee0f
dcdd
8cdd
cbcc
bbba
aaaa
aaaa
aa84
abaa
cdbc
12df
8845
4344
3142
ff10
f0ff
0084
fe0f
f0ff
3412
8455
4354
0021
2301
6745
6688
4366
fd20
cddc
84de
fef0
badc
98a9
ab9a
8874
9988
debc
22f0
8833
3422
5545
6665
6667
6588
4555
6555
4255
882f
bbed
bcbb
f0ce
3413
3398
4434
4444
3233
8c12
fe10
abcc
999a
9999
dd94
bacc
aaaa
dfbc
9401
3423
4544
4444
3333
5488
2242
ff11
a9cc
8499
ab99
f0ce
2211
2323
3484
4445
0f31
eefe
74dd
cebb
00f0
aaec
bcab
ef84
12f0
5534
5466
7821
a8fd
8988
cd9b
ccdd
ff98
ddee
aabb
9a99
9c9b
bc9b
f0de
2312
2223
1194
2312
4534
6666
9466
6666
6766
7777
5476
7684
1143
fe0f
bbdc
7cac
f28c
2133
1200
7746
1198
fe0f
cced
aabb
98aa
9999
ad9b
efde
2200
5688
6676
6565
5354
7843
6676
5455
2133
dd0f
fe94
ddee
ccdc
cbcb
94bb
bbbb
decc
ffef
01f0
2384
5544
5555
4344
7443
5565
6656
5465
5644
3384
2232
dc0f
babb
84ab
e1bd
5624
7767
3365
5574
6656
6766
5377
941f
edfe
ccdc
bbbb
ccbb
8984
9999
bd9a
ffde
98f0
1101
4432
5554
5655
779c
6576
4454
2133
8811
1f00
ecfe
a9cc
9898
9b84
decd
00ef
2211
8c11
ff00
f0ff
1301
6635
7688
6577
1133
ff00
74ee
99a9
e0ac
4424
6645
777c
1e63
ccdc
eded
84dd
eeee
cbdc
99aa
aa9a
9a8c
bbab
cccb
cdcc
78cd
abaa
dfcd
01e0
2121
fe78
99cb
ac99
dece
98ff
1100
2212
4433
6454
5594
4344
2233
3222
8c32
5565
4455
fe21
ccdc
fe98
f00f
ffff
ddee
9ccb
8899
9a89
ddbc
ffee
f088
0f00
fe0e
cbdc
88ba
abaa
efbd
2312
2333
338c
3232
3423
5646
7466
6477
1121
1e22
f0ed
017c
5523
5465
3153
7400
fd00
abba
f0ce
0f00
f074
3412
6656
1f64
84c9
aabb
debc
ffee
12f0
358c
5556
4454
5544
9477
4534
6655
5556
4455
4398
3242
0f11
ecfd
9ccb
9a9a
bcab
e0de
3412
5494
4344
3232
1122
7c10
fd30
99cb
9a88
cbbc
8868
bd9a
01ff
0000
8812
1f10
ddfe
cadb
98b9
ba9c
abba
bbab
ddcb
78de
f1ac
4523
6656
4264
008c
f0ef
2201
5534
8c66
6666
3255
1211
3222
4368
dd0f
03e0
1222
9447
3322
5534
4454
3344
6588
4555
3143
db0e
84ba
9999
9a99
bbbb
aaaa
bc88
efcd
12f1
4423
8854
5665
4455
4443
5554
7778
0f62
f2ef
4424
8445
5634
7767
4366
fe1f
dc78
cdbb
eeef
11ef
9c43
ff11
caec
88a9
8988
ab98
bdbc
ffde
0100
7c01
4333
5554
4354
b90f
cb88
cbcb
bacb
abba
88bb
88a9
9a88
baab
ccbb
dd84
cbdd
dfcc
4412
9857
5534
5455
4554
4445
5498
4545
5555
4455
8843
5666
6455
4354
4443
7778
5376
0021
3512
9855
1111
3322
4344
3343
6488
3253
0e20
bbec
8899
8888
9a89
bbab
cdcc
dd88
ffee
edfe
cbcc
8ccb
aaba
bbaa
bbbb
aaba
bb88
dfcd
23f1
4334
8421
bafd
9999
aaaa
bbbb
bb84
abba
efbc
0f00
88fe
ddee
efde
2411
7745
4594
5555
4455
2232
7c11
4274
ff20
dcdd
bbcb
ff9c
fff0
dcfd
abbb
88bb
ab9a
ddcc
ffee
1100
3388
5545
6576
0f32
88ed
f0de
4523
7777
7777
3498
4433
4545
5555
9855
5445
3344
0f21
cbec
aa98
bbaa
cccc
cddc
84cc
8888
9a99
ccab
dddd
cd84
dcdd
bbbb
a9ba
9c98
babb
abab
cbbb
cbcb
8984
efac
01f0
2212
8c32
4544
5455
5454
5454
2294
2222
3322
5645
9455
4344
2232
0011
efff
9d78
cbcd
98a9
be9a
9cf2
3412
5645
7666
7677
6498
3444
4434
5454
9455
3244
ee00
cadc
99a9
9a94
abaa
ddcd
ffee
64ff
ccaa
01ee
5634
4265
0084
baed
bba9
efde
78ff
f0ef
0000
fe0f
b8dc
ba88
8899
8888
8888
8488
9988
cdbb
dddd
dddc
dd84
f0ee
5624
6566
9844
1121
1000
2211
4443
7788
4274
dd00
baba
84cc
12f0
6645
5465
5544
5584
6756
6666
7767
8477
6666
6666
4454
5544
668c
5566
2043
dbfd
88bb
babb
abab
babb
aaaa
898c
8889
8888
9989
88aa
abab
bc9b
22ef
6745
4594
5555
4354
2233
7811
1f52
bbcc
f0cc
5725
3388
1022
ccee
aaba
889a
dfbc
00f1
ecfe
dcdc
a978
bbaa
13e0
5534
8466
4444
4344
6644
7777
6584
2143
ffff
0fff
740f
dcfe
99ba
ab99
eecd
fe84
deee
dede
cbdd
9ca9
cacb
aaba
bbab
cdbc
bd88
dccd
aacb
ccaa
98ef
1100
2212
4433
5655
6698
5465
2233
1012
7811
2123
0011
dcfe
bbcb
ff94
1201
4523
5455
8443
5465
3344
4534
5555
5484
1132
1211
3222
8421
ddff
bbcb
cccc
bbcc
8878
f1cd
2212
fe01
9cdc
edee
cbdd
a9ba
9898
ab94
efcd
11f0
3412
9444
4544
3244
0f21
deee
dd98
ccdc
bbbc
bccc
84bc
ab88
efbc
eeff
ffef
dd8c
aacb
deab
2301
7433
3244
ef0f
5613
6666
229c
3322
4534
6756
9467
5455
4444
3243
1021
4168
2302
6645
2f53
94d9
dcee
aacb
bbaa
efcc
ef88
2111
0021
cbee
9899
cccb
decd
fefe
effe
8964
02ce
1021
1200
9447
3422
5545
5565
3244
3284
ec1f
bbcb
bcbb
84cd
ffff
f0ff
4412
6756
459c
5555
3445
2132
6810
cb1e
bbb9
12df
980e
cc88
bbcb
b9ba
89a9
8499
f1bd
7746
4476
2233
6678
6677
0e33
ceec
84e0
ff00
dcee
bbcb
acaa
ce78
2021
baeb
14cf
8877
4344
1132
ffff
f000
ca74
9a98
f0ce
2212
7c10
e0ee
7735
7677
6676
4578
6757
4376
ee00
6cdf
edbd
badd
bf99
2202
116c
ee0f
00ef
fe0f
78c9
98ca
8988
9998
bcbc
dd88
eedc
1301
4524
8866
6676
3345
2332
4534
568c
3144
fe1f
dcdd
74cd
cccc
cbcb
aacb
9b99
ee88
f0f0
edff
a8ba
8498
bd9a
12e0
2222
3233
6164
bbec
cdba
10f0
8cfd
ffff
efef
12f0
5734
449c
5555
5555
4455
8443
5455
3343
4433
0031
f088
feff
ddee
a9cc
9898
bcbc
dfdd
ffef
efef
dc88
99ba
9989
bcaa
8cdd
cbdc
aaaa
a9aa
aaaa
ee98
00ef
3312
5554
9855
4344
2233
0111
1000
108c
3311
4444
5645
8476
2053
b9ed
8898
9a99
898c
cdab
eede
12f0
8833
4634
7766
5667
3344
6564
0e42
a9dc
ad88
8412
1211
0f11
dced
babb
aa88
9aaa
bbaa
cccc
7ccd
bd8a
13f0
3334
1022
0f8c
f0ff
2301
5545
6454
fb74
ac98
f0de
4512
337c
0e32
bbdc
bbba
74cd
3402
5545
6755
7777
4584
6555
5455
3344
7c32
3365
ca0f
8998
e0ad
3374
2133
4523
5465
9843
0111
1101
2322
4334
7684
3253
fe10
bbdc
8cbb
abab
cdbb
f0df
1101
1188
0011
cbee
88a9
8488
ab89
ddbc
eede
01ff
1294
3322
4444
3243
7421
3433
2f33
bbdb
ccbc
ff9c
f0f0
1201
4534
9c65
7776
6677
4455
2133
0e84
b9db
9999
bcaa
84dd
eded
f0ee
4523
5555
4688
5546
4355
0021
88ff
dbed
cccb
bbcc
88a9
aa9c
aaaa
a99a
a9a9
949a
cdbc
efde
1201
4433
569c
7666
5666
5555
9854
2233
4332
4444
4243
5388
ff21
bbdd
99a9
8c9a
9a89
cdab
feef
bced
8a78
d0bc
2212
fe10
68dd
9898
ac9a
eecd
eeef
ff68
2200
2322
6645
6476
5376
b90d
ab89
cdcc
ef7c
4512
5556
5554
8455
1021
fe00
99cb
9999
cd9c
efde
01f0
3413
9856
5555
4354
2232
2222
7774
2054
eefe
dcee
74a9
cd9a
bcdc
efce
ecfe
cb7c
aaba
cbbb
88a9
8c88
cdcd
bbcc
baba
98a9
bb9c
abab
ddcc
ffee
9c01
3422
5645
6767
7777
6694
6677
3254
1121
7800
01f0
3312
5645
6666
2284
ed0f
bacb
8898
9889
dede
dded
bbcc
baba
a994
ab9a
eecd
edee
88ef
2200
4433
6655
5656
6688
6576
1032
fe0e
88dd
cbcc
bbcb
ddbb
12f0
2394
4534
5555
4444
8444
6576
3354
2122
fe00
ba78
9ca9
12cf
4434
5433
ee61
3201
ec20
efcd
0f78
f000
ff00
cbee
8498
8999
cc9a
eded
dddc
cb8c
9aaa
cdab
00ff
7400
edfe
dedd
23f0
6555
647c
ee21
efdd
1201
8c22
3322
4444
5655
6656
568c
4555
4444
3333
8432
1121
3312
3333
4534
4484
0f21
cbdd
88a9
8488
bb9a
a9ba
aa99
bbaa
dd9c
cccd
babc
98a9
9488
ccab
eedd
01ff
3312
459c
6555
5565
4344
7c32
2f75
aadb
cdbb
24ef
4684
6566
5655
7756
8877
3355
2121
3432
5544
6684
6566
3154
dc0e
8ccc
bbcb
ccbb
f0de
4623
5688
5566
1133
fe00
88dd
abcb
ddac
eeee
eeee
cd78
22ef
4355
a80d
7888
e09c
1212
0f00
0000
ff84
baec
9a99
ccbb
8ccc
a9ba
9a99
bcab
01ee
2384
4534
5656
4455
9843
2121
2321
3423
5544
4598
3344
2122
2221
8832
5565
4455
1132
ee0f
ed9c
bbdc
baba
99aa
9499
bcab
efdd
1200
2222
3384
5644
5465
4444
7832
1042
0f0f
edff
a9db
cb88
cccb
f0de
0101
88ff
cbdd
cdcb
11ef
3223
6474
2232
4334
0e31
68dc
ddbd
bdcb
f0df
dbff
b974
9988
bc9a
24df
7867
7566
3355
2332
3233
1178
1110
0011
ecfe
78ca
88a9
9a89
dfcc
11f1
2178
0011
ef00
b9dc
8c98
aaaa
cdbb
01ee
2223
1088
ddfe
00de
4533
8865
4355
3242
4432
7757
659c
6665
6666
6565
8454
4454
4444
3344
0021
f088
efff
ccde
99ba
8888
8888
bbaa
cccc
eede
ec74
88ba
bd9a
01ff
7445
6477
ec20
abbb
01ce
1078
1110
2312
5746
7476
1d63
aba9
ddcc
34f1
2288
4332
5555
4555
8844
3444
3234
ee10
aacb
8884
9a88
ddbc
efdd
9c13
4423
5555
4354
0021
ed88
aacc
8999
ab8a
74cc
bc9a
12df
3333
4623
239c
4434
5554
5555
9c44
3243
0f20
cced
abbb
bc98
cdcc
efde
0fff
640f
efed
dbfe
9aa9
01bd
1184
3322
0f21
cbec
8cba
9aa9
ddab
f0ef
2111
437c
0d31
cbdc
8999
74bc
eeee
0fff
cafe
aca9
f094
3312
6745
7777
9c65
4265
0f20
eefe
efee
ad64
eefe
5702
3076
88b8
dbed
a9ba
8899
9888
898c
dfbc
00f0
1201
9835
2222
2221
3323
5444
5594
4444
3343
3233
8c22
5655
6566
3354
fe21
ee98
ccdd
cbbb
dccc
88ed
eddc
fefe
defe
bacc
cb9c
baba
bcbb
ddcc
88de
ccbc
bbcb
bbbb
ccbb
ef94
01f0
2322
5645
9c65
5466
3143
1121
0111
0178
ff00
0101
dafe
9c99
eede
12f0
4534
5555
6584
0f32
deee
ffef
880f
0f0f
1100
4633
7666
778c
7777
6677
3254
7411
3412
6655
2053
bafd
cc88
88aa
9a88
ffcd
9812
2111
1021
ed0f
bbcc
9a9c
bbaa
cdbc
efde
74f0
4344
ca1e
bdaa
00e0
0f88
ddfe
ddcd
bacc
84a8
9b89
cdbc
13ef
4534
568c
4354
1021
2301
9856
3433
5544
5656
5565
5494
3233
2322
3323
9444
5555
2143
fe10
cced
888c
ce9b
11f0
0e10
9ced
ddee
bbcc
bbba
cdbc
9874
aa99
bcab
e0de
8813
2322
1112
dcff
98ba
cb98
cccb
ddcd
eeee
78ff
f0be
2301
5635
7767
339c
5544
6565
4555
8c44
6677
4455
4544
6656
5588
6765
5566
2243
9c0f
ecfe
bacb
bbba
ddcd
ed98
cbcc
bbbb
abab
84bb
8888
cd9a
dced
bccc
ab78
cbcc
aaba
bcab
88dd
01ff
3422
4535
7756
4498
5655
6767
7777
9877
5566
3243
1122
1221
3388
1223
ed00
aaba
84aa
99a9
9999
9999
ccbb
dd9c
ccdc
bbbb
abab
88bb
bb9a
cccc
cbcb
bdbc
9b78
ffdd
2312
3232
6822
1011
ed0f
b9db
bca9
00a4
2211
4533
6656
a466
4354
2232
1111
0010
fe88
ccec
cccc
bbcc
84bb
aabb
9a99
cdab
00ef
1078
0011
dd0e
cbcc
78ca
99ba
8888
8a88
bb9b
cb78
bcbc
bccc
bbab
84cc
f0ef
2402
6656
4365
747c
ca2f
ab89
dece
84dd
ffee
1100
4423
5555
4484
2233
2121
1121
8410
1201
3333
3333
4544
4588
5455
3243
1122
8411
1101
2312
4534
6656
5484
2133
dcfe
88ba
8488
aa89
edcc
cbdc
dfbc
0274
5535
0042
4612
8477
3143
fe0f
bbdc
aaaa
ab84
9aaa
aa9a
aaba
78ab
df8a
4514
7766
5577
1184
2311
5534
6566
8c55
5565
2033
dbfe
99b9
aa88
cdbb
02ef
3322
7833
5556
1133
edff
ccdc
ee84
dded
f0de
4412
8456
1f54
a9cb
aa99
ccbb
887c
abaa
efbc
1201
9c12
0f00
f0ff
3412
6655
679c
6767
5466
0e31
84ec
abaa
cdbb
12ef
4333
6474
fd31
efcd
edf0
78b9
8899
bd8a
f0ef
1001
0f74
eefe
bacc
cdab
84dc
cbed
aaaa
bbab
bbcb
bb84
debc
ffff
ffff
8c00
2301
5545
3354
3432
4588
7766
6767
7777
9477
4444
2243
0021
eefe
8978
cdaa
dcdd
99ba
8ca9
eedd
ffef
2411
6746
778c
5466
2343
1011
7800
1000
1110
5634
6576
5478
1e32
99dc
9999
9c88
bbcc
bbab
decd
f0ff
0084
2311
3434
4534
8856
7667
3265
cb0e
8898
bc98
ddcc
00ef
1101
8811
4542
5545
6555
6656
7784
6577
2143
0f10
98fd
ddfe
cbdc
aaba
bba9
8b84
f0ce
0e00
deed
84ff
2312
4434
5454
2143
1f78
cded
abbb
ccac
78dc
bbcb
f0cc
1012
a9fd
dc9c
aabb
baaa
bcbb
84ce
3402
4545
5555
0d43
ed88
bbbc
ccbb
01ef
8823
4433
4344
2233
1011
2268
6545
4264
fc2f
8ca8
bbcc
bbab
babb
cdab
1284
3333
3323
4544
9867
5434
6565
5455
4354
778c
7766
7677
7776
8c66
3254
fd10
99cb
8988
8974
f0ce
2111
2121
8412
0111
0f00
fe0f
badc
9984
9989
cd9a
23f1
7844
5477
0f30
14f0
7747
7778
7577
a9fc
de9b
8c23
4534
7756
5476
1032
1178
4524
0f43
badd
88a9
eedd
edee
aacb
ccab
8a7c
13ce
5555
1032
8cff
1200
5534
4454
4444
3488
3444
2233
0011
5800
03ce
7567
5455
a80e
ff88
03f1
5534
3355
8810
caed
8999
9b9a
ab9b
9a8c
bdab
f1df
4623
8467
7677
5555
5555
7666
768c
5465
1032
cbee
8ccb
decc
edee
a9cb
8898
9984
ac99
01df
1121
7811
fd21
88a9
bd89
6702
349c
5655
5656
5556
8844
2053
f0ff
2313
4343
4274
0000
ccfd
cbbc
88bb
dddd
bccd
abbb
cebc
f178
6636
3265
2221
7835
7757
7777
6577
0d41
cb84
aaba
bbab
ccbb
74dc
9a98
efbd
0000
0000
0078
0000
4512
7677
9c31
ff00
ddee
bbcb
aaaa
bb98
bbbb
bcbc
edcc
88ee
bcac
cebc
11f1
4511
449c
5555
5656
4455
8432
2222
4433
4444
4444
7674
5565
6666
7767
7854
4433
5645
6757
7777
7778
4154
ff10
fefe
88ef
2201
5444
3053
cbfd
aa88
99a8
8999
ac8a
84df
4523
5555
4455
1032
db68
9b98
43f1
1142
74fd
cddd
01de
5624
7767
5488
4344
0021
dfef
84f0
3423
4445
4444
4344
6478
2233
3232
ed10
84ba
bbcb
cdcc
dddd
cadc
aa84
debc
eeee
feee
98dc
ddee
ccdc
cbcb
ddcc
9a78
efcd
ffef
4511
8857
0f22
ddee
cdcb
eeee
df74
6625
3354
2221
6834
7677
2053
ef0f
3502
1194
2312
5544
5555
9455
5455
4444
3333
4333
439c
0e21
cbec
abbb
84ba
aa88
dccc
aabb
bbab
bb84
cccc
aacb
8998
78ac
df9b
2101
2221
3333
228c
3523
5545
4344
9c34
3222
2222
3322
5645
679c
6667
3354
2121
6811
3375
ec10
89a9
ac9a
cd6c
ffef
02ef
6556
741f
ccdc
dddd
abcb
f1bd
1188
3323
4443
6645
8866
4455
5545
5455
3333
1298
0011
ddff
bbcc
98ba
aaaa
bcab
ddcd
efee
ef98
feff
edfe
cbdc
94bb
abaa
ccbb
eedd
00ff
de7c
cced
cebc
4512
6855
5465
1132
2222
6723
1298
2212
4433
4545
9c55
7777
6677
6565
5455
7688
4355
2f31
dc0e
88cb
abbb
abab
ccbc
cddd
bc8c
aabb
aa9a
ccbc
7cdd
aa9a
cdbb
12e0
5735
6778
6676
5666
6566
7864
4454
6655
7677
4465
228c
1212
4533
5455
8c43
4533
7766
5466
2132
1184
2322
1022
baed
9498
aaba
ccab
dddd
dddd
cc94
bbcb
debc
01f0
8411
4434
6656
7777
7777
7784
5565
3354
1022
68fe
a9b9
8a88
98aa
8888
dd8c
ccdc
ccbb
23ef
9466
5544
5556
4555
5555
559c
2244
ff00
ddee
98dc
dded
cbdc
aaba
abaa
bb94
cdcc
eedd
f0ff
8cf1
4513
5355
f021
11f0
3388
6755
6466
1143
78fe
a9cb
9a99
999a
aa99
9a7c
efbc
1112
bafe
7888
aba9
e1bd
7735
7477
1098
edff
ccdc
ccbc
84dc
acaa
f0ce
3412
6556
5584
5455
1133
0000
8800
2101
2231
3322
6746
5498
6665
5666
4354
8822
2122
1f10
ecfe
98ba
8888
ab88
debd
02f0
8434
7767
6577
1f43
eefe
ee8c
dede
24f0
6555
8443
dc0e
aaaa
debc
01f0
1374
7756
7677
0042
5801
6647
2143
ed1f
45e0
2378
3333
0022
caed
8499
bbbb
bbbb
bacb
abaa
bc88
efde
ddfe
decd
6cef
9a99
edce
bcdb
21e0
fd78
9aba
baab
cd9a
88e0
1201
6634
5566
4454
4488
5655
6667
5465
7842
fe40
f2df
6735
7677
3284
1021
cafe
9a99
8caa
9999
bc9a
01ef
3212
4378
ec10
abba
24df
9877
3433
4434
4444
3344
768c
4465
0022
ccee
84ba
bbaa
decd
ddee
a9cb
988c
9998
ccab
eedd
68ff
feef
13e0
7756
3277
0078
3512
6666
4555
7856
7666
7777
5565
1f32
cb68
99a9
aaaa
baaa
84a8
bbdc
ccbb
decd
01ef
2268
da10
8888
efad
7400
000f
3223
4612
5476
228c
ee00
ccdc
cbcc
84b9
8898
ab89
f0de
edfe
a87c
9b88
cbcc
babb
88b9
badc
88a9
8888
de9b
019c
3423
4545
5555
8844
6565
6665
7766
7576
758c
3253
2222
3332
7423
2222
0f22
aadc
cdac
ef88
2300
6645
5566
9c43
1011
ff00
cbed
99aa
aa98
abaa
cdbc
ddcd
74ed
ab99
bbbb
ddbc
dded
dd78
dede
efee
02f0
8834
4534
7766
7677
3254
5468
a91e
8888
c09a
7837
5557
2033
ec0e
a9bb
dc88
cccb
e0ce
2311
7833
7777
7677
5555
6655
229c
5533
6656
4355
9c21
fe1f
ccdd
bbcb
aaaa
8984
deac
2301
1032
8801
0101
3422
6756
7677
2294
5533
5455
4454
9855
5455
3343
1122
ef00
dd9c
b9cb
9aa9
ddbb
78de
bc9a
cccd
cdbc
13f0
5768
7677
4355
1042
8ced
ccee
aaba
cdab
01e0
4574
6565
6655
4365
880e
b9dc
9999
a9a9
a9a9
888c
9a88
debc
13f1
8833
1022
dd0e
babb
abaa
8974
f0ce
4423
2054
7cec
cbec
bcaa
ffdd
6724
6678
1132
2212
2232
8422
3422
6545
1143
3402
2388
2111
3422
6746
9477
4444
4344
2233
ff10
cb84
baba
bbaa
decd
88ef
01f0
3422
5645
7766
7784
6566
1f42
eeee
9cfe
ccee
a9ba
8999
ab9a
9a88
bcac
eddc
eded
94dd
ffee
3412
4355
fe21
c98c
9a99
e0cd
1101
7c11
db0f
8999
e0bd
1000
0f84
cced
efcc
4512
8c56
5466
1132
0000
2402
468c
6465
1143
f000
7801
4524
7666
4265
ff00
0178
0f11
cbdd
aabb
8c99
dfcd
23f1
5645
5365
2088
cbfd
9aaa
bb9a
78ce
35c1
6566
2142
1121
0e74
aacb
bbaa
cdbb
78de
dcdd
a9ca
e1ac
6535
657c
2132
1011
ed0e
84de
feff
badc
cdbb
ddde
de84
12f0
4423
6756
8c66
6777
7667
5475
2232
348c
5646
4354
2232
6821
ba1f
9b89
ffce
ecff
ff98
eefe
ccdd
bbcb
98ba
bcbb
decd
efee
eeef
9984
bd9a
ffef
eefe
7802
6736
4365
ed21
abba
f098
2302
4434
4444
8c33
7776
7677
3254
2311
3394
5544
5455
3343
8432
1042
ddfe
cccd
bbcb
8878
cdab
12f0
4333
7833
5534
4465
1133
1301
5678
5577
1132
0010
94ee
efff
eeff
dded
bacc
989c
8888
ab9a
cdbc
84ee
12e0
5534
6666
3254
3278
ee00
ffee
2412
8855
3433
4334
0032
cbed
aa84
abaa
efbd
0f00
88ee
01ff
3523
4244
1021
007c
ecff
98ba
ab99
84de
3312
5544
6656
5555
5484
3244
1011
fe0f
78ee
ffee
dcee
98aa
9c89
ff88
1110
2211
6644
9c77
4455
2233
1011
0010
f278
6635
5475
ff11
8cee
cbed
99a9
d0ac
0000
1178
fc00
acb9
eeee
7ce0
1101
defe
23f2
4623
3384
fe20
f1ee
4524
8855
4443
5645
4254
0021
dd78
cddd
bbcc
13cf
8855
4433
2133
dc0f
abab
de88
2101
fe10
ccdc
78bc
9b88
f0be
0f10
a8dc
ba88
99a9
bc9a
ddcd
68ee
f1cd
5636
c920
9b88
0094
1101
2322
5544
9444
2233
1122
4422
5555
5598
4445
4444
3344
8422
0f21
fff0
dded
b9dc
cc98
aaab
abaa
bcbb
94bb
bbcb
bbbb
bcbb
cdcc
9988
acaa
eebd
ffef
9cf0
1100
3423
5655
6656
5494
3343
3233
0110
8c00
1110
0111
4422
5555
5684
7677
3355
2122
7811
fd10
98ca
8988
bbaa
cd7c
35f2
4356
0f21
78ff
fff0
cdee
a9bb
8898
bb8c
ddcc
12ff
5635
8877
6565
3355
0f20
efff
fe8c
cded
ddcd
cbdc
88aa
cbcb
ccdc
debc
3311
5378
dd0f
01ee
fb10
88a8
cbbb
a8cb
8888
bcab
9974
e0ac
2222
1111
8812
2312
6645
7677
4354
3388
3333
4534
5556
8865
7776
5566
4555
3334
3284
0011
2211
4423
8c55
5566
1232
fe11
badb
dc94
aabb
bcaa
f0de
7801
2202
1121
fd00
a9db
cb84
bbbb
cdcc
bbcc
9899
cbcc
cdcc
eede
f1f0
3578
7666
4354
2142
7411
4513
4265
ee10
25ef
3488
7755
4165
ff1f
8c11
7645
1f54
bbdb
03ce
568c
4376
ed2f
cdcc
78de
dddd
cbcc
efcc
fe00
dd78
aacc
8888
e19c
8847
6545
5555
6756
5466
647c
ec1f
aaba
bcab
8ccb
efee
0000
baed
bdaa
df78
2201
1122
cb0e
9c88
dedd
eeef
dced
aabb
aa9c
cdbb
efde
00f0
9c22
4534
5655
5555
3143
1e88
aadc
9a99
bc9b
9ced
f0ff
1201
2322
5544
5494
2243
0f10
eeee
84ee
bbdc
cdbb
13e0
6746
778c
6677
6565
5555
8c44
2233
4423
6565
3153
0f9c
ddfe
cbdc
baca
9caa
baaa
babb
ccbb
01ef
4678
5455
4454
4434
8443
ed10
bacb
aaaa
ceab
df88
01f0
1211
3524
9c56
4544
6656
6666
5455
7774
6765
7677
0f32
78ee
01ff
3412
4444
0e21
cb74
bbbb
cccc
bbbc
88ce
2401
7655
6777
4456
448c
3334
1f31
baed
84a9
a9a9
9b98
45f1
5555
5488
2144
ec0e
dddc
88ee
f0ff
3502
6666
5665
2398
1121
eef0
cbdc
98ba
99aa
bbaa
ddcc
eede
ab78
ccbc
bbcb
cbbb
88dd
00ff
2412
6645
6667
7688
6676
4445
4544
8855
6565
6666
7676
5475
438c
1322
5634
6666
8465
3244
1111
0f10
cbed
dc9c
bbcc
abbb
9aaa
9c9a
bbaa
cccb
cccc
cbcb
9988
9898
9988
bc9b
74cd
bd9a
00e0
dcfe
f1bc
2384
4544
6645
6666
9c67
5444
5555
4344
2132
4464
ff30
6713
5377
8c0d
dbfe
a9ba
aba9
debc
f088
1302
4534
6756
9477
4454
4444
4444
2133
328c
1010
2412
6655
8c55
2043
ee0f
bbdd
8999
8a8c
cbbb
bbcb
ccbb
8cde
ffee
2200
4534
4355
108c
bbec
bbaa
cdcc
78dd
efde
2200
4434
6756
438c
0e21
aadb
9999
88a9
cccb
bbcb
ddbb
f0ef
e06c
ff0f
f0ef
1200
7847
5646
fe32
a9ca
8898
fe98
0100
2422
5745
9867
7777
5465
3233
1021
0e7c
ccdd
bbcb
baba
7ca9
8898
bd9a
01df
db0f
a974
01bd
1032
dded
64de
cbcc
f0cd
0100
fc21
ec78
ccdb
ddcc
cbdd
8c98
99aa
8988
8989
aa89
cc8c
dddd
dcdd
a9bb
8888
9a99
ddbb
f0ef
1201
129c
3423
6655
6666
9465
3344
1122
0f00
ffff
0084
0000
2301
5545
8444
4443
5645
6666
5555
5588
4354
1132
ed0f
8ccb
aaaa
cdab
ffef
cbed
ba8c
8899
ab99
cdbc
84ef
3422
5645
7677
5465
7678
1f42
badc
ad9b
78df
ffe0
feff
badc
cdbb
f074
4523
6666
4354
8433
4523
5556
3354
0f21
ee88
bbdc
88a9
8888
74ba
bbac
bcab
00df
effe
df68
ffff
bbdd
9999
78ac
4401
7767
5376
dc2f
a978
9998
bcab
eedd
88fe
eefe
cbcc
ddcc
deee
ab74
01df
2212
1011
7800
1201
6744
4265
1121
1178
1212
2322
5735
8477
6755
6777
7677
2154
1f8c
dcfd
aabb
bcaa
6cde
00be
b9fe
cd9a
b9ec
cc78
bbbb
aaab
cdab
9ce0
2311
5544
6565
4454
5684
5465
2132
1211
7833
6766
7577
1053
cafd
db88
bacb
a9b9
aa99
88ab
cdcc
dbdc
babb
cdbc
ee88
ffff
ecfe
a9ba
949a
f0de
1201
3423
4444
4498
4444
3444
2233
8810
dd0e
cbcb
decc
12f0
2294
3433
5445
3344
8422
ec10
abbb
bbbb
bbaa
bc88
cdcc
eedd
f0ef
7411
6555
2143
fe00
dded
ee74
00ff
ec0f
88ba
8488
bacc
89a9
aa9a
abaa
cc84
f0de
0101
3312
8444
5655
6656
5466
2243
119c
3422
5545
5565
7443
2f75
aadb
ceac
11e0
0088
eeff
badc
8898
789a
f18a
6735
7777
2054
fd78
cddd
dcdc
a8ba
7898
cda9
23e1
1f33
98db
cb88
ddcc
ffee
f0f0
8c00
2211
3232
2222
6745
7788
6676
5545
6766
9c77
4555
4444
3233
1021
e168
caed
8b89
34e0
6857
4256
1f21
abec
ccbb
fe88
cbdd
98aa
8888
8488
aa9a
bbaa
cbcc
aaba
de9c
12ff
5534
4355
8c31
eb2f
a9b9
cdab
0fef
0e88
cbed
88aa
8888
9488
eecd
01f0
2312
5534
4598
5555
6555
6666
9456
4445
3344
1122
1211
2394
4434
5454
2243
8821
5453
6665
7666
4365
1088
b9dc
8888
aa89
94bb
eeee
eeee
dced
abbb
bb94
cdbc
ffde
f0f0
6800
bbee
ab9a
eedd
98dc
a978
8a89
ffcd
2211
7421
ec0f
a9bb
ab99
02de
238c
6645
3255
ed1f
88de
12f0
2113
fd2f
a8ca
8988
cd9b
13f1
5544
8865
5666
5656
2144
ed0e
aa74
99a9
aa9a
d0ab
9836
0011
0f0f
2311
4534
669c
6576
3354
0122
6cf0
13be
7656
6766
5176
ff94
cced
a9bb
8899
9c89
9989
99a9
ac9a
f0de
0198
1111
1111
2312
9435
6566
5555
4455
4333
7688
5465
3343
3232
8c21
0011
dc0e
88a9
ab89
9e64
1f01
efee
5513
8855
1110
2212
4433
3444
548c
5555
3143
f010
88f0
3311
6645
7777
5577
4388
1f21
bcee
889a
8889
bc9a
dddd
cddd
cdcd
cc84
aaba
ccab
efde
88f1
2402
7756
7677
4354
3484
6555
1043
0100
8422
2222
4533
5555
6655
5588
2143
ddff
a9bb
94a9
efdd
feff
ccdd
bbbb
9988
bcba
efcd
4412
8867
7677
3153
f000
0f0f
dd7c
02ef
6735
6577
7c55
4344
1122
1111
5524
5374
0021
3312
0f32
68dd
9b9a
debd
caed
ae99
0188
4523
5556
1143
780f
a9db
8a88
ccab
dddd
dc80
98ba
8888
9a88
88bb
eddd
fffe
ddee
bbcb
bc88
e0ce
2302
4635
9467
4444
4444
3344
2132
2184
1111
4423
5555
9855
4433
5555
5565
4344
5488
2142
fd1f
badb
74ab
ce89
3401
2143
b9fd
cb84
bcbb
edde
ccdc
88cd
cccd
e0de
4523
6566
329c
0e10
cced
99ba
9888
bcab
ffde
1100
1212
5478
0032
ccee
cdcb
88f0
3212
3343
1f32
baec
aa88
bbaa
efcd
4522
8866
7666
5475
0022
ffff
018c
4524
5555
4344
8832
0f11
cbfd
aaaa
e0cd
2388
6746
6577
1143
88fe
dded
f1ef
4513
7766
5498
5555
3455
1021
880f
bbcc
ccbb
e0de
2201
5678
7667
2153
eeff
6cee
e0bc
4513
5366
a80d
ee88
ffee
2301
5534
8866
6576
2243
fe10
98cb
bb98
99aa
9998
a999
98ba
bbbb
bccb
decd
f0ef
1288
3333
4433
6666
8c55
5565
0e33
cedc
47f2
5594
5455
3333
3343
7822
2065
a9eb
ac8a
23e0
5574
0e32
a9db
9998
849a
cadc
ab99
e0cd
5723
3498
5545
4455
2233
8421
1121
1111
3322
5645
4488
1032
dcfd
98aa
9c88
bbab
decd
01f0
1212
7664
1042
a9fd
029c
8c54
ff10
eeee
cbdd
bbba
e084
4513
6567
3343
7c33
6577
5455
4354
0f22
ca64
acaa
55f2
992d
7498
acba
33f1
2232
5623
4488
6756
7577
4354
8843
4343
1132
dbfe
a8b9
9888
8988
bdab
e0de
8802
5635
7777
6466
0032
fe88
bbcb
eecc
deef
84dd
bacb
9999
9999
9a98
ac84
eede
eeef
dded
68dd
ba88
cdbc
e0ce
7725
5574
3243
2222
1122
88fe
eeff
cbdd
bccb
edcc
ef7c
5613
6677
2143
8800
0100
0101
1311
5625
7788
5677
5655
5456
7843
5666
4355
0f21
dded
cd7c
efde
2200
4534
7c66
6577
4454
6756
7777
3384
5534
7666
6676
7455
7477
dd2f
cccc
ddcd
ed84
cedc
35f1
7767
9866
1022
ddff
aabc
abaa
bb98
bcbc
cdbd
eede
78ff
ffce
2111
0e20
88da
dd94
cdcd
cccc
a9bb
9498
8988
bb9a
cdbc
01ef
229c
4433
5545
4455
8834
6545
6756
7777
6677
5588
5555
6565
5556
8454
1122
0100
5623
7777
768c
5465
3354
0e20
84ed
f1de
6735
4366
1021
2378
5434
2f42
98eb
8c88
abaa
efcd
3411
5556
328c
dc0f
aab9
efcd
88ff
ed0f
badb
bbbb
cdbc
ee88
f1f0
2201
7745
9c77
5565
4344
3343
3333
6588
4356
fe2f
ccdd
74de
1e02
aadb
bcbb
e0bc
1278
3233
f010
24f2
8457
5455
2332
4433
6655
5688
4355
0021
dcee
94cb
dcdd
cbdc
a9ba
a9a9
ab94
bbbb
cebb
ffef
78fe
98b8
9b9a
ccac
aabb
dd88
bbcc
abaa
debc
8cef
01f0
ed0f
b9cb
bcaa
f098
2412
5545
5655
9856
6767
7767
7777
5566
7784
4366
0022
1211
6822
7557
1153
ffff
0e0f
ff68
12f0
6734
6377
8801
ff00
bbed
99a9
8989
cd98
cccc
bcbb
cdbc
74de
cbab
bbba
eecd
4702
458c
7766
5566
4454
7c33
6576
4354
1032
e0fe
0268
4423
4354
4635
8467
4533
6566
4455
3243
2288
fe00
00fe
3513
9856
3333
4333
4344
2243
1084
cbed
bcba
f0de
7800
010f
3312
1f32
a9db
ee94
dced
aacb
bbaa
84bc
aa99
aaaa
aaaa
999a
8888
8888
cd9a
14f1
8445
6666
4365
1222
3423
6778
7577
2354
1f11
78fe
badc
8888
e0bc
3212
4378
4444
3243
fe11
88ed
00ff
ff00
cbdd
dccb
cc78
dede
dedd
f1ef
9834
3322
4443
4444
4554
559c
5454
5555
4455
7443
5466
1133
ee0f
98cb
aa8c
bbaa
ffdd
0100
9400
edff
bbcb
ccbb
eddd
ed94
cbdc
bbbb
cdbb
74de
ce9b
1101
defe
45f1
5578
3043
db0e
aaba
88ab
01ef
4433
5454
4454
668c
7676
6777
5666
7455
7677
5465
fe20
cbed
de88
efde
3402
5454
7433
ed10
98b9
8988
ccab
ff84
12f0
5435
2243
7c11
ec20
89a9
deac
f0ef
fe7c
cbec
abba
e0bd
6813
5444
5454
3354
dc11
cc7c
efce
cbed
cdbb
78ee
01f0
1112
dcff
a9bb
bb88
9998
bc9b
dfde
8cee
dded
01ee
5533
7767
6588
4354
3433
5644
8877
5376
fe21
cbdd
bccb
bc84
f1de
6634
4354
6422
5476
4333
3243
db10
db78
88a9
8898
bd9b
78cd
efde
00ff
fe00
cadd
ed98
badb
9899
a998
88bc
df8c
3311
5544
7767
5594
5566
3354
2122
8811
4333
4443
6645
7777
7688
4355
2232
0f11
78ff
01ef
2322
6755
7677
1198
ff00
ddee
bbcc
98aa
baa9
ddbc
11ff
1021
db84
99a9
aaaa
9999
8889
9a89
cdac
ffde
1201
2288
3422
6646
5476
7831
da1d
9aa9
edbc
abcb
df84
2201
4433
6645
8877
6677
3355
2031
fe0f
de88
efde
3402
4545
8c45
5556
4454
3233
2222
2388
4434
4344
3343
8411
ffff
edfe
a9cb
8999
9984
ccab
cccc
dcdd
84cc
f1de
4523
5554
6656
5588
4344
3333
2223
7821
4333
4343
4544
6656
3388
4433
7656
5475
9433
0f10
ddee
cbcc
aaaa
9a9c
ac9b
eecd
f0ff
88f0
fe0f
dedd
13f0
5434
658c
2244
1111
3322
8834
4444
3444
3223
4443
4584
4344
2032
dcfe
8cbb
a9a9
bcaa
cbcc
98a9
9988
8888
9a89
ceac
78f0
3312
7645
6667
5475
3278
1211
4524
5455
7843
0022
cced
aaab
aaaa
ab74
efcd
edff
f1de
7c35
6566
fe32
bbcc
e0cd
1168
0f01
feff
fefe
78da
98c9
bb88
11ef
4232
238c
4434
4544
6756
9c77
5544
6656
6667
3254
4068
aada
01bd
3244
7800
110f
4423
0f32
a8dc
dd98
cbdc
aaab
999a
9899
abaa
bdac
ffee
1200
2298
3333
5654
7666
9866
5466
2143
0011
0f0f
ff88
2401
7746
7677
8866
6666
5354
2132
fd0f
a978
9a8a
899a
9c8a
7cab
8899
8a88
03be
5646
4378
3333
5444
2143
841f
ecfe
bbcb
ccbc
eedd
ee9c
cced
abbb
bbab
84bb
cf9a
3412
6655
2054
0098
eefe
dcdd
cccb
84dd
ccbc
cbcc
88b9
bc9a
bc88
e0dd
3201
7755
9477
3343
4333
4443
3344
2294
0f11
cced
bcbb
8ccc
ab89
ffdd
1101
3422
5684
6667
5555
4354
8c34
4444
4444
4544
5646
7778
7677
4466
0f21
74ee
02de
2134
cb0e
abaa
ed88
bbdd
88a8
9a88
94bc
12f0
4433
4444
1032
1f88
cbed
9aaa
abaa
8cbc
dfbd
feff
badc
aaaa
bb8c
aaab
debc
2200
9833
2221
2323
3323
4434
5498
5555
4455
2032
9c10
1100
4433
5555
4454
349c
4534
5555
4344
9833
1222
1f10
dbfd
98b9
bba4
aaaa
bcbb
eecd
78ff
cdb9
35f2
7757
4366
1f8c
dcfd
cdcc
14e0
8446
5566
4354
0f31
01f0
2378
5746
6677
1043
94ff
01f0
4522
7666
5466
3294
1121
3322
5544
9456
5565
3243
1021
ff0f
ee8c
cced
a9aa
abaa
78bb
8888
bc99
efce
2401
338c
5444
3143
db0e
9499
cccc
cccc
bbcb
cdbb
cd9c
efde
1200
4624
9456
3244
0f11
dcfe
aabb
bb94
decd
f0ff
1000
7800
baee
8998
efac
1111
0178
0f11
010f
3513
8866
4443
4445
3344
1132
ed78
bdcb
00df
3211
8832
1111
2211
4433
4443
4584
5466
1032
0f00
84ff
dcee
aabb
ddbb
f0ef
f064
1212
3423
6645
7477
4444
3444
4433
3334
3378
4443
3243
2522
9867
3222
1021
deff
bacb
a998
aa9a
ccbc
dede
74ee
bbba
98aa
bd89
11f1
0078
0ff0
ddee
25f1
8877
7776
7777
5375
ee20
9878
8a88
f1bd
2221
7c11
cbfe
baba
e0cc
1101
118c
5624
6576
4454
8443
2132
fe0f
f0ee
4602
4594
5555
3344
2122
8411
fe00
dded
f0ee
5713
449c
5455
3344
1123
6410
0f00
99eb
03ac
5456
1178
dc0f
98a9
9b88
88cd
f0f0
fe0f
badc
8898
bc98
dccc
cddd
ddcc
78de
cd8a
0fef
ddee
eeee
dd68
a9bc
8888
dfad
98f3
2111
2322
3323
5444
5494
2133
ff10
dded
8cdd
aa99
bbba
bbbb
bdbc
ee84
feff
dced
a9bb
9488
bbbb
ccbb
00de
1111
1184
010f
5523
6666
8855
4454
5545
4555
3243
2188
2312
5545
5565
7454
5277
db0f
8898
f1ad
0188
0e10
a9cb
8998
8899
ddbb
0fff
f0ff
2301
4588
7666
6576
5464
8843
3343
1232
3313
5544
449c
6565
2244
0011
88ff
12f0
6644
7767
5366
2088
cbfd
a9aa
98a9
8498
9a89
aaaa
aaba
9899
a988
debb
0fff
edfe
78dc
9998
dfac
1001
ee1f
cb74
98aa
9a99
98aa
749b
23df
6555
3254
dd0e
009c
2312
4434
5554
8844
5475
4444
5655
7776
4494
4444
3233
2222
8822
5645
7666
6576
3143
0f94
ddee
cbcc
ccbb
9ccd
bcbc
aabb
8899
8a89
bc98
decd
11ff
3423
8434
3264
4423
5555
6745
5688
5565
1132
edff
78dd
cebb
ffee
1200
1f32
ee8c
ccdc
baba
a9aa
9498
bbcc
bbba
cccc
dedd
ef94
00f0
2211
4534
9c55
5666
4345
3343
2333
7778
4277
0f10
0f00
8cfd
caec
aaaa
ccbb
efde
1364
7657
cb3f
99aa
68ab
ffdd
fdff
c0bc
7725
5478
2334
4533
7766
8867
3233
fe11
bbec
9899
bb94
bbbb
ccbc
cdcc
84de
01de
4423
6655
7776
459c
5445
3253
1011
7810
ed2f
98ba
9a88
cbbb
de88
edde
ccdc
bcbc
7ccc
ce9a
2201
1021
cafd
dd84
12e0
6745
6677
8454
2233
2222
4433
4444
7778
7777
7777
7777
7866
fe42
bccb
02df
3233
2078
ff00
caed
98a8
8c9a
ffde
2201
2332
5634
5484
1042
f00f
2301
6432
1053
2311
4433
1f32
f068
12f1
fe10
cadc
78a8
a9aa
8889
be9b
34f1
5678
6666
2254
0101
8822
0011
ccfe
a9aa
8898
cb98
cccc
dedd
efee
88ef
1200
2212
4423
7666
7688
4455
0022
0f0f
78f0
5613
6667
5555
5545
448c
4544
5555
5555
7855
7777
3255
fd1f
98ca
bb88
bbbb
ddcc
00ff
7800
edfe
bbcb
debc
eeff
cb78
88a8
ac88
24d1
7856
7777
4274
de0f
f2df
2484
4444
4444
3244
8c11
1111
2312
4635
7766
778c
7677
6676
6566
7854
2154
baed
8898
9b8a
dd88
dede
eded
ccdd
84cb
ccbb
efde
1201
2211
4574
3244
0f21
bbec
78bc
a8ba
9a98
baba
98a9
ba84
abaa
debc
01f0
7401
3422
3344
1221
5634
3388
4433
5545
5565
7444
ec41
aca9
23e0
5734
4584
3344
2222
1021
780f
ddfe
ffdf
eefd
a9cc
cd88
cccd
bccc
ccbb
68ef
36d1
5567
2323
4435
2078
da0d
8898
dfab
64f0
dcff
aaba
a9aa
ab89
de64
cbdd
8898
d18a
7457
4355
ee10
00ee
5623
7778
6577
1042
a9ec
7489
d09b
4413
2154
0000
2268
5645
eb31
ada8
8427
7757
6576
4455
1031
ff78
b9db
9888
bdab
6cf0
5445
0110
5535
0d42
ff8c
22f0
6655
5465
7843
1054
a8ec
8c88
34d1
767c
3354
4433
3f53
84c9
99a9
deac
0fff
ffff
ef78
0f0f
ffff
3612
8877
6766
7777
4466
1121
008c
edff
bacb
bbaa
78dd
13ff
5635
4255
ee1f
ff8c
2301
6645
3255
7400
bbcc
bbbb
aabb
9a99
dd8c
ffef
fe0f
aadc
8898
8999
8888
ab89
ccbc
9874
9a89
cdbb
13ef
8857
5544
4354
1f21
edfe
dd84
ffee
eeff
dbed
88ba
cbcb
cdcd
cddd
cdcd
8874
9a88
f0cd
4512
8867
3434
4544
6655
5455
7774
6677
4455
3233
8823
3322
3434
3434
4344
7678
6676
4555
5645
8c66
4444
5655
3355
0021
fe78
ffee
1101
ec10
8898
889a
9988
ceac
13f1
3488
3133
ff10
ccde
8cbb
9a99
aa9a
ccbb
eedd
bc6c
f0ce
5523
2054
68f0
2302
0d21
88b9
9a89
dd78
eeed
12ff
5634
8867
4544
5545
6565
3254
7368
4343
1042
badc
68ac
ddce
aacb
deab
2101
107c
ccfe
cdbb
34f1
7865
3153
ed0f
feed
badd
cb88
9ab9
bd9b
12e0
8c22
1f31
bbed
9aa9
bcab
8868
ccac
cccc
d0cd
8804
4422
7655
7777
7776
7788
7777
5476
2142
7800
cadc
baba
99a9
cdaa
cd68
feff
a9db
8988
7899
badb
8989
bd9b
dede
ba68
cfab
3302
5544
7477
4344
0e22
bbdc
88a9
8878
cdaa
11f0
1121
6c11
4344
0d20
99ca
04bc
2384
4344
3333
5544
8c55
6566
4454
3333
3323
4374
0f21
ddfe
bbbb
78ba
abaa
debc
feee
dbed
ba78
bb9a
dedc
23f0
7845
4254
fe10
99ca
03ae
6768
ba3f
01de
dc20
7cdd
2301
0022
3411
7767
5678
5455
1f32
f00f
7800
0100
2312
6745
6677
777c
7767
5466
1032
680f
dcfd
12ee
7756
5476
1178
0001
dd0e
a9bb
8888
a9aa
aba9
cdbc
eedd
bc78
aabb
98a9
8888
7489
a9a9
debb
11f0
4523
5574
4455
2133
fe10
5cee
9988
13bd
6567
f021
1168
3322
5645
2054
88ec
f0ff
02f1
4422
7655
7788
6576
3244
0f20
84ed
dedd
01ff
3312
5545
6584
5455
2243
1111
6400
99eb
ce9b
3401
6556
327c
2031
cbfe
98a9
8488
bacb
9999
ceab
01e0
237c
4345
1f31
bbed
7caa
bbaa
cdbc
01ee
2111
3368
3323
5634
7777
7875
0f21
b9dc
8888
ce8b
1188
4433
3343
2122
7821
2031
1311
5534
5455
5364
ec1f
aabb
d0bc
8826
3422
5444
3243
ff10
aa74
9999
ba9a
98aa
8888
bbbc
cdcc
dddd
eded
ac64
4402
fe21
ccdc
78dd
edfe
cbdc
baba
aaaa
9974
cc9a
cddc
ffde
8401
2312
4534
7766
7677
6588
4253
1122
2221
8c33
5545
5455
3244
2232
7568
6565
6566
6655
7876
4443
4243
ed10
a8ca
aa8c
9999
bcaa
efde
78ff
eefe
cadc
99a9
ab9b
cb74
bbbb
cdbc
dedd
74ee
efee
f0ef
2201
5533
5578
6565
4354
2232
4821
fc75
8998
d0bd
f1f0
1164
6735
5276
1110
5811
4432
7777
4554
5555
5454
3344
3133
d0fd
5c35
5645
5355
3433
7756
5458
ee20
bbdc
9899
5489
9899
e19b
5335
bb0e
de68
a9cc
8998
ab9a
78bb
dcde
bcdc
cdbc
f1ef
136c
4434
6756
3165
640f
edfe
99ba
bdaa
24e0
5668
7677
4264
2131
7400
f0ff
2211
3333
4544
5474
3244
1011
2111
7c0f
bbed
9a9a
debc
11f0
227c
4423
6756
6677
6c43
ed31
bbcb
bcbb
f1cd
356c
7767
5466
0e32
68ca
8aa9
ac9b
cdbc
decd
ef58
3311
6756
5376
580d
89ba
9898
9a88
cdbc
f068
2212
1222
2412
7c45
4434
4555
2233
1011
eb58
99b8
aaaa
ab9a
54de
4613
7767
3264
1111
0d48
cbca
cccc
cadc
68cd
1201
1112
ec0e
a9ba
ab64
ddcd
ccdc
efcd
6413
7745
6577
fd31
88b9
cb78
bbbb
ccbb
dccc
68dd
999a
9989
bba9
eddd
ff78
1200
4423
5555
7455
6666
6566
4354
2232
4468
5454
1132
0100
5811
6655
6376
dd2f
aabb
cc68
decc
2300
5544
6855
5554
6555
3254
ee10
ba64
aaaa
cdaa
12f1
5411
ff10
baed
a9aa
ac99
0078
4423
4354
0022
78fe
badc
98a8
9a89
cebc
f078
4312
4545
3445
7c43
4354
fe21
a9cb
aa9a
9968
bcab
efcd
2301
7423
1211
4534
5555
4354
766c
4454
4344
3433
7855
4433
4344
2232
2021
1f64
edfe
aacb
efbc
6801
1211
2322
4333
3344
108c
0f10
ddfe
bacc
84a9
abaa
debc
ffef
00f0
1268
3223
ed10
badb
6ca9
bc99
00df
4623
7566
3368
0e11
cced
bcbb
34cd
ef8b
1f11
ceed
34f2
1164
2312
4434
5645
6867
6556
3354
1121
ff00
bb58
8999
bc9a
f1df
5823
5645
6566
3053
98fb
cb7c
abbb
dfbd
2201
6c33
5656
4254
3432
5645
4468
5544
7767
6476
7c44
3423
5545
5565
4353
5564
3254
ed0f
dddd
64dc
aabb
aaab
aaa9
decc
bd58
34f1
5455
3354
6821
0f00
fe0f
ccdd
aabc
9968
9988
abaa
bcab
68bc
cdbd
ffee
2411
5646
776c
3265
dd0f
efcd
5801
5655
4354
0022
efee
1264
6645
6666
3254
4410
a8eb
df9b
2112
b9fd
a948
bd99
35f1
5466
5c20
cafd
8999
ab99
efce
fe5c
98cb
ac88
32f0
6431
0000
1011
baed
ab99
8954
eecc
ffef
12f0
5844
6554
4465
4443
2244
0f68
f00f
2311
4635
6456
5466
1132
0111
0f00
fe64
deed
23f0
5455
4443
4377
0f21
b9ed
9a89
de48
4412
3043
db0e
5898
a9ba
8888
8888
9b9a
9a5c
cdbb
eede
efee
5cf0
3422
2234
dd00
99ba
9a58
cc9a
11ef
4624
6867
5655
6465
5454
4454
765c
3253
0e21
cbec
5ca9
bc89
edde
bbcc
bacb
ba5c
bcbb
e0cd
3313
5434
6646
5655
6566
2252
1158
fe0f
cced
bcbb
64cd
01f0
3423
4444
3344
7654
5465
1032
0000
54fe
cbed
abba
cbbb
cccb
ef64
ffff
ddfe
bacb
6cba
8999
aa99
ddbb
11ff
4458
6757
5565
4354
4823
2224
2322
3423
6755
4458
7755
7777
4465
4c22
4544
5656
3344
4233
1f44
cbed
9aa9
ccab
5cdd
edee
ccdd
bacb
a9a9
cb58
cdcc
efde
1100
4422
7766
3265
ee0f
ffee
0054
3312
4444
6645
5866
6555
5455
3244
0111
005c
fe0f
cbec
abaa
58cd
0fff
ed0e
cbcc
bbbb
8948
dfab
11f1
1211
4c12
4533
5555
3244
0011
f038
0201
fe0f
dbed
3cbb
cdab
ffee
fdfe
aacc
dd4c
00ee
4623
7767
3475
5476
4254
1021
ed00
cb38
9999
ba99
ceac
34f0
4423
7766
5576
4165
0e4c
bbdc
baba
bcbb
28de
ecac
deee
edcd
dbed
ee4c
dddd
efdd
3402
4867
7767
7777
6667
616e
6528
3252
1111
0f00
18ef
8898
ac8b
14c0
6556
1024
0000
ddfd
cbdc
3cbb
efde
3402
6555
4354
5528
4455
3334
1022
3410
4513
6556
5465
1032
1038
ee0f
cccc
aacb
3889
8888
9a88
ddab
ffef
0f3c
fd0f
dbed
aaba
38aa
bcba
bbcc
debd
e0c3
0000
0000
0000
0000
0000
0000
0000
0000
0000
0000
0000
0000
0000
0000
0000
0000
0000
0000
0000
0000
0000
0000
0000
0000
0000
0000
0000
0000
0000
0000
0000
0000
0000
0000
0000
0000
0000
0000
0000
0000
0000
0000
0000
0000
0000
0000
0000
0000
0000
0000
0000
0000
0000
0000
0000
0000
0000
0000
0000
0000
0000
0000
0000
0000
0000
0000
0000
0000
0000
0000
0000
0000
0000
0000
0000
0000
0000
0000
0000
0000
0000
0000
0000
0000
0000
0000
0000
0000
0000
0000
0000
0000
0000
0000
0000
0000
0000
0000
0000
0000
0000
0000
0000
0000
0000
0000
0000
0000
0000
0000
0000
0000
0000
0000
0000
0000
0000
0000
0000
0000
0000
0000
0000
0000
0000
0000
0000
0000
0000
0000
0000
0000
0000
0000
0000
0000
0000
0000
0000
0000
0000
0000
0000
0000
0000
0000
0000
0000
0000
0000
0000
0000
0000
0000
0000
0000
0000
0000
0000
0000
0000
0000
0000
0000
0000
0000
0000
0000
0000
0000
0000
0000
0000
0000
0000
0000
0000
0000
0000
0000
0000
0000
0000
0000
0000
0000
0000
0000
0000
0000
0000
0000
0000
0000
0000
0000
0000
0000
0000
0000
0000
0000
0000
0000
0000
0000
0000
0000
0000
0000
0000
0000
0000
0000
0000
0000
0000
0000
0000
0000
0000
0000
0000
0000
0000
0000
0000
0000
0000
0000
0000
0000
0000
0000
0000
0000
0000
0000
0000
0000
0000
0000
0000
0000
0000
0000
0000
0000
0000
0000
0000
0000
0000
0000
0000
0000
0000
0000
0000
0000
0000
0000
0000
0000
0000
0000
0000
0000
0000
0000
0000
0000
0000
0000
0000
0000
0000
0000
0000
0000
0000
0000
0000
0000
0000
0000
0000
0000
0000
0000
0000
0000
0000
0000
0000
0000
0000
0000
0000
0000
0000
0000
0000
0000
0000
0000
0000
0000
0000
0000
0000
0000
0000
0000
0000
0000
0000
0000
0000
0000
0000
0000
0000
0000
0000
0000
0000
0000
0000
0000
0000
0000
0000
0000
0000
0000
0000
0000
0000
0000
0000
0000
0000
0000
0000
0000
0000
0000
0000
0000
0000
0000
0000
0000
0000
0000
0000
0000
0000
0000
0000
0000
0000
0000
0000
0000
0000
0000
0000
0000
0000
0000
0000
0000
0000
0000
0000
0000
0000
0000
0000
0000
0000
0000
0000
0000
0000
0000
0000
0000
0000
0000
0000
0000
0000
0000
0000
0000
0000
0000
0000
0000
0000
0000
0000
0000
0000
0000
0000
0000
0000
0000
0000
0000
0000
0000
0000
0000
0000
0000
0000
0000
0000
0000
0000
0000
0000
0000
0000
0000
0000
0000
0000
0000
0000
0000
0000
0000
0000
0000
0000
0000
0000
0000
0000
0000
0000
0000
0000
0000
0000
0000
0000
0000
0000
0000
0000
0000
0000
0000
0000
0000
0000
0000
0000
0000
0000
0000
0000
0000
0000
0000
0000
0000
0000
0000
0000
0000
0000
0000
0000
0000
0000
0000
0000
0000
0000
0000
0000
0000
0000
0000
0000
0000
0000
0000
0000
0000
0000
0000
0000
0000
0000
0000
0000
0000
0000
0000
0000
0000
0000
0000
0000
0000
0000
0000
0000
0000
0000
0000
0000
0000
0000
0000
0000
0000
0000
0000
0000
0000
0000
0000
0000
0000
0000
0000
0000
0000
0000
0000
0000
0000
0000
0000
0000
0000
0000
0000
0000
0000
0000
0000
0000
0000
0000
0000
0000
0000
0000
0000
0000
0000
0000
0000
0000
0000
0000
0000
0000
0000
0000
0000
0000
0000
0000
0000
0000
0000
0000
0000
0000
0000
0000
0000
0000
0000
0000
0000
0000
0000
0000
0000
0000
0000
0000
0000
0000
0000
0000
0000
0000
0000
0000
0000
0000
0000
0000
0000
0000
0000
0000
0000
0000
0000
0000
0000
0000
0000
0000
0000
0000
0000
0000
0000
0000
0000
0000
0000
0000
0000
0000
0000
0000
0000
0000
0000
0000
0000
0000
0000
0000
0000
0000
0000
0000
0000
0000
0000
0000
0000
0000
0000
0000
0000
0000
0000
0000
0000
0000
0000
0000
0000
0000
0000
0000
0000
0000
0000
0000
0000
0000
0000
0000
0000
0000
0000
0000
0000
0000
0000
0000
0000
0000
0000
0000
0000
0000
0000
0000
0000
0000
0000
0000
0000
0000
0000
0000
0000
0000
0000
0000
0000
0000
0000
0000
0000
0000
0000
0000
0000
0000
0000
0000
0000
0000
0000
0000
0000
0000
0000
0000
0000
0000
0000
0000
0000
0000
0000
0000
0000
0000
0000
0000
0000
0000
0000
0000
0000
0000
0000
0000
0000
0000
0000
0000
0000
0000
0000
0000
0000
0000
0000
0000
0000
0000
0000
0000
0000
0000
0000
0000
0000
0000
0000
0000
0000
0000
0000
0000
0000
0000
0000
0000
0000
0000
0000
0000
0000
0000
0000
0000
0000
0000
0000
0000
0000
0000
0000
0000
0000
0000
0000
0000
0000
0000
0000
0000
0000
0000
0000
0000
0000
0000
0000
0000
0000
0000
0000
0000
0000
0000
0000
0000
0000
0000
0000
0000
0000
0000
0000
0000
0000
0000
0000
0000
0000
0000
0000
0000
0000
0000
0000
0000
0000
0000
0000
0000
0000
0000
0000
0000
0000
0000
0000
0000
0000
0000
0000
0000
0000
0000
0000
0000
0000
0000
0000
0000
0000
0000
0000
0000
0000
0000
0000
0000
0000
0000
0000
0000
0000
0000
0000
0000
0000
0000
0000
0000
0000
0000
0000
0000
0000
0000
0000
0000
0000
0000
0000
0000
0000
0000
0000
0000
0000
0000
0000
0000
0000
0000
0000
0000
0000
0000
0000
0000
0000
0000
0000
0000
0000
0000
0000
0000
0000
0000
0000
0000
0000
0000
0000
0000
0000
0000
0000
0000
0000
0000
0000
0000
0000
0000
0000
0000
0000
0000
0000
0000
0000
0000
0000
0000
0000
0000
0000
0000
0000
0000
0000
0000
0000
0000
0000
0000
0000
0000
0000
0000
0000
0000
0000
0000
0000
0000
0000
0000
0000
0000
0000
0000
0000
0000
0000
0000
0000
0000
0000
0000
0000
0000
0000
0000
0000
0000
0000
0000
0000
0000
0000
0000
0000
0000
0000
0000
0000
0000
0000
0000
0000
0000
0000
0000
0000
0000
0000
0000
0000
0000
0000
0000
0000
0000
0000
0000
0000
0000
0000
0000
0000
0000
0000
0000
0000
0000
0000
0000
0000
0000
0000
0000
0000
0000
0000
0000
0000
0000
0000
0000
0000
0000
0000
0000
0000
0000
0000
0000
0000
0000
0000
0000
0000
0000
0000
0000
0000
0000
0000
0000
0000
0000
0000
0000
0000
0000
0000
0000
0000
0000
0000
0000
0000
0000
0000
0000
0000
0000
0000
0000
0000
0000
0000
0000
0000
0000
0000
0000
0000
0000
0000
0000
0000
0000
0000
0000
0000
0000
0000
0000
0000
0000
0000
0000
0000
0000
0000
0000
0000
0000
0000
0000
0000
0000
0000
0000
0000
0000
0000
0000
0000
0000
0000
0000
0000
0000
0000
0000
0000
0000
0000
0000
0000
0000
0000
0000
0000
0000
0000
0000
0000
0000
0000
0000
0000
0000
0000
0000
0000
0000
0000
0000
0000
0000
0000
0000
0000
0000
0000
0000
0000
0000
0000
0000
0000
0000
0000
0000
0000
0000
0000
0000
0000
0000
0000
0000
0000
0000
0000
0000
0000
0000
0000
0000
0000
0000
0000
0000
0000
0000
0000
0000
0000
0000
0000
0000
0000
0000
0000
0000
0000
0000
0000
0000
0000
0000
0000
0000
0000
0000
0000
0000
0000
0000
0000
0000
0000
0000
0000
0000
0000
0000
0000
0000
0000
0000
0000
0000
0000
0000
0000
0000
0000
0000
0000
0000
0000
0000
0000
0000
0000
0000
0000
0000
0000
0000
0000
0000
0000
0000
0000
0000
0000
0000
0000
0000
0000
0000
0000
0000
0000
0000
0000
0000
0000
0000
0000
0000
0000
0000
0000
0000
0000
0000
0000
0000
0000
0000
0000
0000
0000
0000
0000
0000
0000
0000
0000
0000
0000
0000
0000
0000
0000
0000
0000
0000
0000
0000
0000
0000
0000
0000
0000
0000
0000
0000
0000
0000
0000
0000
0000
0000
0000
0000
0000
0000
0000
0000
0000
0000
0000
0000
0000
0000
0000
0000
0000
0000
0000
0000
0000
0000
0000
0000
0000
0000
0000
0000
0000
0000
0000
0000
0000
0000
0000
0000
0000
0000
0000
0000
0000
0000
0000
0001
0000
0000
0000
0000
0000
0000
0000
0000
0000
0000
0000
0000
0000
0000
0000
0000
0000
0000
0000
0000
0000
0000
0000
0000
0000
0000
0000
0000
0000
0000
0000
0000
0000
0000
0000
0000
0000
0000
0000
0000
0000
0000
0000
0000
0000
0000
0000
0000
0000
0000
0000
0000
0000
0000
0000
0000
0000
0000
0000
0000
0000
0000
0000
0000
0000
0000
0000
0000
0000
0000
0000
0000
0000
0000
0000
0000
0000
0000
0000
0000
0000
0000
0000
0000
0000
0000
0000
0000
0000
0000
0000
0000
0000
0000
0000
0000
0000
0000
0000
0000
0000
0000
0000
0000
0000
0000
0000
0000
0000
0000
0000
0000
0000
0000
0000
0000
0000
0000
0000
0000
0000
0000
0000
0000
0000
0000
0000
0000
0000
0000
0000
0000
0000
0000
0000
0000
0000
0000
0000
0000
0000
0000
0000
0000
0000
0000
0000
0000
0000
0000
0000
0000
0000
0000
0000
0000
0000
0000
0000
0000
0000
0000
0000
0000
0000
0000
0000
0000
0000
0000
0000
0000
0000
0000
0000
0000
0000
0000
0000
0000
0000
0000
0000
0000
0000
0000
0000
0000
0000
0000
0000
0000
0000
0000
0000
0000
0000
0000
0000
0000
0000
0000
0000
0000
0000
0000
0000
0000
0000
0000
0000
0000
0000
0000
0000
0000
0000
0000
0000
0000
0000
0000
0000
0000
0000
0000
0000
0000
0000
0000
0000
0000
0000
0000
0000
0000
0000
0000
0000
0000
0000
0000
0000
0000
0000
0000
0000
0000
0000
0000
0000
0000
0000
0000
0000
0000
0000
0000
0000
0000
0000
0000
0000
0000
0000
0000
0000
0000
0000
0000
0000
0000
0000
0000
0000
0000
0000
0000
0000
0000
0000
0000
0000
0000
0000
0000
0000
0000
0000
0000
0000
0000
0000
0000
0000
0000
0000
0000
0000
0000
0000
0000
0000
0000
0000
0000
0000
0000
0000
0000
0000
0000
0000
0000
0000
0000
0000
0000
0000
0000
0000
0000
0000
0000
0000
0000
0000
0000
0000
0000
0000
0000
0000
0000
0000
0000
0000
0000
0000
0000
0000
0000
0000
0000
0000
0000
0000
0000
0000
0000
0000
0000
0000
0000
0000
0000
0000
0000
0000
0000
0000
0000
0000
0000
0000
0000
0000
0000
0000
0000
0000
0000
0000
0000
0000
0000
0000
0000
0084
0d00
cecb
5614
8866
5646
7777
4375
ff10
dd8c
dedd
bbdd
9b99
8ce0
3234
98ec
9b88
dcbc
ee88
25f2
7656
6767
8877
5376
2223
1132
f00f
0184
1122
ffff
cbed
9cba
dddc
ddde
a9cb
9a99
9a9c
8999
8888
bd99
94e0
2122
0011
bbed
ccab
dd94
cbcc
99ba
9a99
84ab
cd8a
dcee
f1bc
6545
4378
1011
0e20
02dd
8467
4276
2310
5356
cc0e
ce84
0e00
88ca
df8a
8824
4434
4443
4445
2232
2398
7645
5475
0f21
88ef
02cf
4634
7757
6477
2188
1210
5735
6667
9466
5545
fe31
dddd
98ca
8894
bc9b
ccbb
35e1
9466
3254
2311
3334
2222
5588
4455
4444
1f32
88ed
eeee
bbcd
bbbb
03ce
5694
4276
ee0f
00f0
9c00
fd0f
98ca
ac8a
a8bb
8894
deab
01ff
4433
8832
2132
2220
3123
98fc
bb98
cdcc
ffde
0f0f
9401
6624
4365
3333
fe21
8874
67c2
0e73
57f2
9852
f10f
4413
3354
2322
4594
6567
fd31
decc
78f0
4402
db42
be98
7737
1098
ddfe
eedc
3401
9844
3444
5444
5555
1f42
cb9c
aaba
8898
cd9b
88de
0fde
45f1
5277
5724
5398
1232
0111
1f10
8ced
bd89
2401
6567
0132
1194
fe00
99ca
edbc
98b9
9988
eebb
1100
1121
239c
6455
ed20
dfcd
8c02
5367
010f
3044
c0cb
3698
7577
0f42
cddd
9ccb
a9a9
ddbc
ddee
a9ba
8888
ce9b
eedf
24f0
9844
0111
3423
5433
6767
6694
7667
0f43
02ff
9433
0121
2211
6634
4554
7798
2164
1201
ed1f
98de
f0ff
01f1
1301
4445
339c
5533
2065
9adb
74ac
aabb
43c0
a9fc
8b98
1494
1d54
88a9
be89
a801
eefe
f0ee
2202
3423
45a8
3244
0111
ff00
98de
cdbc
dcdd
decc
02f1
3598
6766
6477
cb0e
98bb
bcab
eeee
f1de
3312
5588
7656
f030
0e12
88c9
9f88
cbf0
12bc
5623
559c
6555
2063
eef0
98ba
9aab
f2ae
0022
4312
10bc
0101
fe00
badb
acab
cd8a
cddd
11ef
1120
3394
a92d
9999
bbaa
98bc
36d0
4366
5444
3344
2498
2e53
bbdc
f2bc
a433
f010
1111
4422
4254
2094
d0dd
5435
5445
9434
fc53
f29b
0e32
cdcc
cb98
dfbb
f1ef
3224
8823
2652
5077
0f21
dc0f
9b84
10e1
fc00
75e5
a824
3134
fd0f
decc
baec
99ac
ddac
f1ed
2123
9c11
1022
ebff
be99
dedd
0d88
decc
cbff
2fbf
98ba
10e1
1100
2301
3542
57ac
3265
1011
cdec
a803
2233
3343
5635
3245
2198
ed1f
46d2
3542
a476
2332
5345
2331
2043
ffa8
eeee
dcdc
edee
a4cb
23be
ed1f
cced
b9cc
8b98
89dc
0cbf
acaa
94ab
d9d0
f08c
32e0
adea
039c
ee42
4503
2165
ac25
1f32
4601
7677
3354
0fa8
25e0
3633
3364
9854
f151
cc0f
dbdf
d39a
449c
defd
88ed
31b1
9403
3056
1500
a94f
bf99
ec9c
aaba
3ff3
00de
a410
2300
4444
4255
2f22
ba98
9899
019d
131f
9853
3222
4303
24ff
9a1b
eeac
efed
1211
3512
9454
5d77
ca8a
268c
1e75
ed9c
40f4
77f3
df4f
acfd
20e0
a9b9
9c88
45e3
65ac
0030
00ff
23e0
982f
edfd
9aa8
bda9
fc12
de98
fee0
abac
b8f0
98ad
0ddd
9a9a
bbbc
5126
1398
4721
5575
2452
a466
2432
5456
5533
1320
3d94
0cd0
04be
0163
9857
3365
1320
041e
6275
f0a8
1032
f000
ca10
acbd
fe00
0012
befc
adc9
00a8
3432
4276
3043
acff
0def
efbd
00ff
5313
e0ac
bc1d
cbcb
ca9b
a8c0
031d
ca1d
8aaa
b1ca
30a8
6417
0e32
fff0
98f1
5677
3676
f073
f21f
4494
4455
e32d
eb64
a4bd
9dfc
e00f
df0e
5524
41a8
cddc
efde
2134
ac43
2101
f10e
040e
0131
359c
9c4f
cc0e
03bc
94ba
1a17
c8e2
abe1
4246
01a4
7336
99fc
f3ab
a801
4753
3f75
cd1f
fddd
bea4
2411
ef0e
ff01
980e
2fb1
5124
edca
1088
13ac
f442
0273
101f
accf
121f
6335
1055
ce0c
fa98
e88a
1a80
0f9f
9843
4315
f3fb
0edb
75c3
6394
7f27
248c
ba4f
a8b1
e221
3242
2211
bdea
a9ac
cdbc
e2dd
1120
8cfe
04e5
2671
673d
f77e
4598
4456
ed20
0499
940c
71c3
3615
994a
beae
2c98
37e1
1f50
bbab
98ee
2016
2945
dbed
4b8d
c19c
4676
5f3f
0abf
9881
670e
d832
c3f0
fd3c
dda4
00cd
bc32
ff00
a4f2
1166
d20c
f221
3741
6298
2066
60d0
11f5
9470
9b1e
f2cd
5f44
41e6
729c
3dd6
e223
1e30
a8b1
1fdc
14d1
df0e
fceb
e29c
71d5
28b3
c3ab
9cd0
63df
1177
b17e
22ee
e49c
6157
0ff5
0aef
9827
776b
3c8d
e2fa
6fc5
b094
df7d
0214
2576
9c50
1d26
01bb
1032
2d22
bc9c
efad
910b
bee8
a0a2
7743
ff21
f0ff
cf0d
2098
cecd
cbad
bdf1
985b
b1d2
632b
50a1
46c2
63a4
d033
0e21
1203
982f
fc00
8d05
142e
2f14
4d98
fd3f
8ce0
b3c8
9c0d
e8ac
ed8a
c2d5
2fe4
2ea4
d20f
1021
fd45
ac12
f321
4d21
ee0b
e2f5
30ac
1e21
f21e
204c
a8fb
91f0
0f01
dd12
0f1f
44a0
e131
1f10
1444
9861
1cd6
cae7
3f16
f875
a894
11f0
457f
0be1
a4d4
f121
fdeb
22af
3c02
e2a4
103e
4de7
cfce
a80e
0fc0
e2f3
5131
f440
f098
3536
7079
d187
a037
3c24
f0be
22fe
eea9
c3a8
7030
cee4
e31d
9814
824c
d7ee
3cf2
c759
c0ac
3221
ec00
1dd2
b45e
b91f
ffd1
1e20
ffee
35a8
11c5
e14b
125c
a835
15ff
2c02
bf14
10ef
20ac
1f13
e11f
02f0
a426
a0bb
1f89
e125
bf0e
feac
0dff
112d
31f1
b875
efe2
125f
0032
3f00
33a4
2126
ce5d
f9bd
acf5
bc9f
bc80
ff18
f1a0
d1bc
312d
1ef2
1153
b40f
4061
0e2e
120d
d2d0
14a0
3c20
cbae
f13f
a416
1146
d29a
3021
e203
80a4
31e2
4b55
35cc
b4ed
1220
f2d0
d19d
ff53
01a8
9104
e0dc
2129
acaf
0028
0cbb
036f
3270
50a8
1665
d2f5
4dd1
b452
1f0f
e232
0f0f
10a2
1ba8
24eb
2107
3a2d
b001
4f01
dbdc
01ce
9bf9
b7ac
ed17
724d
3e33
ac13
f222
183b
fe3c
b964
f1a4
3e72
201c
236d
a891
3cdd
fe2f
400d
6af5
afa8
632e
ee7e
85e1
bc1d
f0f1
02e2
d1d0
f611
a2ac
312b
2036
28fc
a00a
f30b
0d34
e6fe
5c63
61a8
6bb0
f371
0cd8
aced
d1e5
01d3
f402
43e2
10a8
e6fd
30b1
a022
a0f2
71e2
d1ba
2b52
0ec9
53a4
d000
44b3
14bb
acdc
28c1
f73e
d6f0
17c6
01a4
01c4
be30
3e03
a033
10f2
dc21
06ee
9bea
f1a0
1b5f
0ea0
4236
acfe
f402
4e3d
510e
002d
c2a8
b712
12b2
1121
a41b
1e04
cd2f
b111
14cf
6ea4
f1e0
3dc1
fece
a81e
e21f
111e
32f5
fec6
7594
d2ed
17bf
014e
a0fb
baea
cd01
e2ac
1200
eeac
074f
2ea5
dc51
a805
10b3
4dff
fb1d
d241
a0a4
1d15
f421
c212
a8d3
f3a7
10bf
3f2e
3df1
fba0
129d
311e
fcd7
a4ce
02c1
4033
14f1
f05c
12a4
be23
e410
d281
a857
c2a3
3ce4
e4d3
3afe
2ebc
0f21
2fe0
9e00
ac1d
9020
c5e7
e71d
6db4
f790
0c7e
159b
ff37
a4c0
79f2
829e
1e40
0fb1
f1b4
1100
c64e
2e13
a402
1444
e89c
ba7b
a0f2
e1b4
f3f1
e7f2
230f
a011
95fd
44ca
af02
00b3
76a4
b508
0f02
f40c
bc26
21fe
1dd3
9f11
d36f
0eac
f3eb
9293
81b1
a47a
f562
4f46
21de
105f
30b0
df1f
ccf1
63f3
a82e
214c
ce0c
c9d5
3291
68a4
7112
143d
1d2e
ac81
78d0
6ec4
341e
a3d5
e0b0
0ee1
14e2
c02b
b047
ed0c
0f1f
2de1
15d2
b0a4
6004
bd90
41f1
a4cf
2a07
404c
b96e
31df
d2a4
0220
1d15
d297
a02e
f3ac
a04b
bc44
62fe
0fa0
59c2
c9e1
ff0b
a472
56c2
e200
bf11
324f
10a4
ed10
bcf7
4cd3
a40b
453e
02fc
ef24
3201
dea0
f2f4
44f1
b023
ac30
203a
d5a1
204c
80c6
c0a0
141f
671f
2401
94fd
700f
b8e0
9b87
2091
1ea4
03e3
1303
71bd
a41d
dbe7
11d2
5eb2
5210
b3a4
630c
24ac
d42f
a4fa
3ba5
7941
e1c1
4d04
14a4
d25d
8152
8303
a4e6
ee2d
8173
fb42
3df4
d3b4
9f10
eef2
1012
a4d2
a517
dd2e
3e41
27e1
93b8
ffd2
e0e2
14f1
a0cf
7f66
7466
c9fb
89d9
deb0
e0d0
0532
4115
a0ed
210b
be1c
6a17
23a0
ffb8
1c31
3f6b
07fb
a483
b64b
e1db
2792
74f4
00b8
0021
0d4e
c05e
b051
d02f
cc4f
9b10
f233
65a0
24f4
f4db
4538
b021
ef30
feff
5c01
7fd3
0eac
2b49
b75c
d1c4
a053
b0ee
1fe3
6fd6
43e3
f8a8
494c
015e
dc40
a87f
020c
a52e
b22e
c004
e6a0
fbde
f3eb
033d
a052
2c32
3320
ee01
b16a
1ca0
51fe
30e1
700e
a8ef
e55e
d61f
a6c2
6dbf
f0a0
ccef
11de
7214
a0e3
e3ff
eb10
daa1
1ff0
f2a0
1361
22dc
1f0d
a8c0
52fa
32a5
e6c2
7ef8
1ca0
b02f
064f
bfcd
a017
5221
42d0
3bef
0bc6
03bc
20c1
11f1
1fd2
a084
b51a
423c
3e72
24df
f0b4
ac04
f011
10f0
a44f
6a16
2c52
2aaa
ff1f
f0b4
5c0f
e16f
0df1
b8f0
b004
1e4e
b632
cde3
61a4
94ff
ebeb
5331
b871
2ef2
fc3f
3459
11df
fcb0
9cc1
036e
2101
b0df
e21f
1110
1df1
1b01
64b4
3eaf
ee01
f141
b03e
e2fd
43ef
111e
e1bc
e2a0
610f
209f
6ace
a0f2
04ba
79dc
fc3b
04f3
6dac
b342
1f02
3b0c
a0c4
100a
035e
e10f
43dc
f3a0
c253
0f2b
f1d7
a02c
e3ce
0027
f23f
ea11
4ba4
0f11
f026
411b
a0d3
1bcb
05f2
d321
31de
00a4
f0d3
004a
e316
a00d
ee25
709b
aed5
e430
fda0
d148
4ca3
f426
b42b
e031
f44a
0fef
b415
1bb8
d07f
2d3a
f1f2
a0e6
fbf7
1bc2
65be
1380
e1b0
f13e
2ffa
defe
a0dd
3285
0f57
7350
bae0
52b0
4c00
9ecf
436f
a002
f738
0187
ed20
26fd
86a0
df6a
fcf1
d421
a42e
4dcf
def3
8021
202f
1790
230c
7aa1
b0f3
9051
a1b6
f7a3
70d2
d212
3480
e70c
5cad
1e12
6015
3908
c1b7
8375
bb2b
7150
eeeb
0000
0000
0000
0000
0000
0000
0000
0000
0000
0000
0000
0000
0000
0000
0000
0000
0000
0000
0000
0000
0000
0000
0000
0000
0000
0000
0000
0000
0000
0000
0000
0000
0000
0000
0000
0000
0000
0000
0000
0000
0000
0000
0000
0000
0000
0000
0000
0000
0000
0000
0000
0000
0000
0000
0000
0000
0000
0000
0000
0000
0000
0000
0000
0000
0000
0000
0000
0000
0000
0000
0000
0000
0000
0000
0000
0000
0000
0000
0000
0000
0000
0000
0000
0000
0000
0000
0000
0000
0000
0000
0000
0000
0000
0000
0000
0000
0000
0000
0000
0000
0000
0000
0000
0000
0000
0000
0000
0000
0000
0000
0000
0000
0000
0000
0000
0000
0000
0000
0000
0000
0000
0000
0000
0000
0000
0000
0000
0000
0000
0000
0000
0000
0000
0000
0000
0000
0000
0000
0000
0000
0000
0000
0000
0000
0000
0000
0000
0000
0000
0000
0000
0000
0000
0000
0000
0000
0000
0000
0000
0000
0000
0000
0000
0000
0000
0000
0000
0000
0000
0000
0000
0000
0000
0000
0000
0000
0000
0000
0000
0000
0000
0000
0000
0000
0000
0000
0000
0000
0000
0000
0000
0000
0000
0000
0000
0000
0000
0000
0000
0000
0000
0000
0000
0000
0000
0000
0000
0000
0000
0000
0000
0000
0000
0000
0000
0000
0000
0000
0000
0000
0000
0000
0000
0000
0000
0000
0000
0000
0000
0000
0000
0000
0000
0000
0000
0000
0000
0000
0000
0000
0000
0000
0000
0000
0000
0000
0000
0000
0000
0000
0000
0000
0000
0000
0000
0000
0000
0000
0000
0000
0000
0000
0000
0000
0000
0000
0000
0000
0000
0000
0000
0000
0000
0000
0000
0000
0000
0000
0000
0000
0000
0000
0000
0000
0000
0000
0000
0000
0000
0000
0000
0000
0000
0000
0000
0000
0000
0000
0000
0000
0000
0000
0000
0000
0000
0000
0000
0000
0000
0000
0000
0000
0000
0000
0000
0000
0000
0000
0000
0000
0000
0000
0000
0000
0000
0000
0000
0000
0000
0000
0000
0000
0000
0000
0000
0000
0000
0000
0000
0000
0000
0000
0000
0000
0000
0000
0000
0000
0000
0000
0000
0000
0000
0000
0000
0000
0000
0000
0000
0000
0000
0000
0000
0000
0000
0000
0000
0000
0000
0000
0000
0000
0000
0000
0000
0000
0000
0000
0000
0000
0000
0000
0000
0000
0000
0000
0000
0000
0000
0000
0000
0000
0000
0000
0000
0000
0000
0000
0000
0000
0000
0000
0000
0000
0000
0000
0000
0000
0000
0000
0000
0000
0000
0000
0000
0000
0000
0000
0000
0000
0000
0000
0000
0000
0000
0000
0000
0000
0000
0000
0000
0000
0000
0000
0000
0000
0000
0000
0000
0000
0000
0000
0000
0000
0000
0000
0000
0000
0000
0000
0000
0000
0000
0000
0000
0000
0000
0000
0000
0000
0000
0000
0000
0000
0000
0000
0000
0000
0000
0000
0000
0000
0000
0000
0000
0000
0000
0000
0000
0000
0000
0000
0000
0000
0000
0000
0000
0000
0000
0000
0000
0000
0000
0000
0000
0000
0000
0000
0000
0000
0000
0000
0000
0000
0000
0000
0000
0000
0000
0000
0000
0000
0000
0000
0000
0000
0000
0000
0000
0000
0000
0000
0000
0000
0000
0000
0000
0000
0000
0000
0000
0000
0000
0000
0000
0000
0000
0000
0000
0000
0000
0000
0000
0000
0000
0000
0000
0000
0000
0000
0000
0000
0000
0000
0000
0000
0000
0000
0000
0000
0000
0000
0000
0000
0000
0000
0000
0000
0000
0000
0000
0000
0000
0000
0000
0000
0000
0000
0000
0000
0000
0000
0000
0000
0000
0000
0000
0000
0000
0000
0000
0000
0000
0000
0000
0000
0000
0000
0000
0000
0000
0000
0000
0000
0000
0000
0000
0000
0000
0000
0000
0000
0000
0000
0000
0000
0000
0000
0000
0000
0000
0000
0000
0000
0000
0000
0000
0000
0000
0000
0000
0000
0000
0000
0000
0000
0000
0000
0000
0000
0000
0000
0000
0000
0000
0000
0000
0000
0000
0000
0000
0000
0000
0000
0000
0000
0000
0000
0000
0000
0000
0000
0000
0000
0000
0000
0000
0000
0000
0000
0000
0000
0000
0000
0000
0000
0000
0000
0000
0000
0000
0000
0000
0000
0000
0000
0000
0000
0000
0000
0000
0000
0000
0000
0000
0000
0000
0000
0000
0000
0000
0000
0000
0000
0000
0000
0000
0000
0000
0000
0000
0000
0000
0000
0000
0000
0000
0000
0000
0000
0000
0000
0000
0000
0000
0000
0000
0000
0000
0000
0000
0000
0000
0000
0000
0000
0000
0000
0000
0000
0000
0000
0000
0000
0000
0000
0000
0000
0000
0000
0000
0000
0000
0000
0000
0000
0000
0000
0000
0000
0000
0000
0000
0000
0000
0000
0000
0000
0000
0000
0000
0000
0000
0000
0000
0000
0000
0000
0000
0000
0000
0000
0000
0000
0000
0000
0000
0000
0000
0000
0000
0000
0000
0000
0000
0000
0000
0000
0000
0000
0000
0000
0000
0000
0000
0000
0000
0000
0000
0000
0000
0000
0000
0000
0000
0000
0000
0000
0000
0000
0000
0000
0000
0000
0000
0000
0000
0000
0000
0000
0000
0000
0000
0000
0000
0000
0000
0000
0000
0000
0000
0000
0000
0000
0000
0000
0000
0000
0000
0000
0000
0000
0000
0000
0000
0000
0000
0000
0000
0000
0000
0000
0000
0000
0000
0000
0000
0000
0000
0000
0000
0000
0000
0000
0000
0000
0000
0000
0000
0000
0000
0000
0000
0000
0000
0000
0000
0000
0000
0000
0000
0000
0000
0000
0000
0000
0000
0000
0000
0000
0000
0000
0000
0000
0000
0000
0000
0000
0000
0000
0000
0000
0000
0000
0000
0000
0000
0000
0000
0000
0000
0000
0000
0000
0000
0000
0000
0000
0000
0000
0000
0000
0000
0000
0000
0000
0000
0000
0000
0000
0000
0000
0000
0000
0000
0000
0000
0000
0000
0000
0000
0000
0000
0000
0000
0000
0000
0000
0000
0000
0000
0000
0000
0000
0000
0000
0000
0000
0000
0000
0000
0000
0000
0000
0000
0000
0000
0000
0000
0000
0000
0000
0000
0000
0000
0000
0000
0000
0000
0000
0000
0000
0000
0000
0000
0000
0000
0000
0000
0000
0000
0000
0000
0000
0000
0000
0000
0000
0000
0000
0000
0000
0000
0000
0000
0000
0000
0000
0000
0000
0000
0000
0000
0000
0000
0000
0000
0000
0000
0000
0000
0000
0000
0000
0000
0000
0000
0000
0000
0000
0000
0000
0000
0000
0000
0000
0000
0000
0000
0000
0000
0000
0000
0000
0000
0000
0000
0000
0000
0000
0000
0000
0000
0000
0000
0000
0000
0000
0000
0000
0000
0000
0000
0000
0000
0000
0000
0000
0000
0000
0000
0000
0000
0000
0000
0000
0000
0000
0000
0000
0000
0000
0000
0000
0000
0000
0000
0000
0000
0000
0000
0000
0000
0000
0000
0000
0000
0000
0000
0000
0000
0000
0000
0000
0000
0000
0000
0000
0000
0000
0000
0000
0000
0000
0000
0000
0000
0000
0000
0000
0000
0000
0000
0000
0000
0000
0000
0000
0000
0000
0000
0000
0000
0000
0000
0000
0000
0000
0000
0000
0000
0000
0000
0000
0000
0000
0000
0000
0000
0000
0000
0000
0000
0000
0000
0000
0000
0000
0000
0000
0000
0000
0000
0000
0000
0000
0000
0000
0000
0000
0000
0000
0000
0000
0000
0000
0000
0000
0000
0000
0000
0000
0000
0000
0000
0000
0000
0000
0000
0000
0000
0000
0000
0000
0000
0000
0000
0000
0000
0000
0000
0000
0000
0000
0000
0000
0000
0000
0000
0000
0000
0000
0000
0000
0000
0000
0000
0000
0000
0000
0000
0000
0000
0000
0000
0000
0000
0000
0000
0000
0000
0000
0000
0000
0000
0000
0000
0000
0000
0000
0000
0000
0000
0000
0000
0000
0000
0000
0000
0000
0000
0000
0000
0000
0000
0000
0000
0000
0000
0000
0000
0000
0000
0000
0000
0000
0000
0000
0000
0000
0000
0000
0000
0000
0000
0000
0000
0000
0000
0000
0000
0000
0000
0000
0000
0000
0000
0000
0000
0000
0000
0000
0000
0000
0000
0000
0000
0000
0000
0000
0000
0000
0000
0000
0000
0000
0000
0000
0000
0000
0000
0000
0000
0000
0000
0000
0000
0000
0000
0000
0000
0000
0000
0000
0000
0000
0000
0000
0000
0001
0000
0000
0000
0000
0000
0000
0000
0000
0000
0000
0000
0000
0000
0000
0000
0000
0000
0000
0000
0000
0000
0000
0000
0000
0000
0000
0000
0000
0000
0000
0000
0000
0000
0000
0000
0000
0000
0000
0000
0000
0000
0000
0000
0000
0000
0000
0000
0000
0000
0000
0000
0000
0000
0000
0000
0000
0000
0000
0000
0000
0000
0000
0000
0000
0000
0000
0000
0000
0000
0000
0000
0000
0000
0000
0000
0000
0000
0000
0000
0000
0000
0000
0000
0000
0000
0000
0000
0000
0000
0000
0000
0000
0000
0000
0000
0000
0000
0000
0000
0000
0000
0000
0000
0000
0000
0000
0000
0000
0000
0000
0000
0000
0000
0000
0000
0000
0000
0000
0000
0000
0000
0000
0000
0000
0000
0000
0000
0000
0000
0000
0000
0000
0000
0000
0000
0000
0000
0000
0000
0000
0000
0000
0000
0000
0000
0000
0000
0000
0000
0000
0000
0000
0000
0000
0000
0000
0000
0000
0000
0000
0000
0000
0000
0000
0000
0000
0000
0000
0000
0000
0000
0000
0000
0000
0000
0000
0000
0000
0000
0000
0000
0000
0000
0000
0000
0000
0000
0000
0000
0000
0000
0000
0000
0000
0000
0000
0000
0000
0000
0000
0000
0000
0000
0000
0000
0000
0000
0000
0000
0000
0000
0000
0000
0000
0000
0000
0000
0000
0000
0000
0000
0000
0000
0000
0000
0000
0000
0000
0000
0000
0000
0000
0000
0000
0000
0000
0000
0000
0000
0000
0000
0000
0000
0000
0000
0000
0000
0000
0000
0000
0000
0000
0000
0000
0000
0000
0000
0000
0000
0000
0000
0000
0000
0000
0000
0000
0000
0000
0000
0000
0000
0000
0000
0000
0000
0000
0000
0000
0000
0000
0000
0000
0000
0000
0000
0000
0000
0000
0000
0000
0000
0000
0000
0000
0000
0000
0000
0000
0000
0000
0000
0000
0000
0000
0000
0000
0000
0000
0000
0000
0000
0000
0000
0000
0000
0000
0000
0000
0000
0000
0000
0000
0000
0000
0000
0000
0000
0000
0000
0000
0000
0000
0000
9800
0000
0400
0d43
decb
0188
aa0f
cf9b
deed
9cf0
bafe
f2bd
b91e
de9b
da9c
9b88
cade
c09a
9821
dffd
5515
0031
1012
ca88
bb8a
acbb
34e1
7832
feff
a8ed
f3ac
ec31
d084
7447
bc0c
42f2
781e
7724
b860
158d
fd62
de8c
0ff1
eeee
baed
8c99
efbe
badc
cbcc
bdaa
0f88
abdc
10df
defd
8c13
3057
adca
11f2
1710
6498
dc2f
f0cd
1010
9c0f
efef
1101
fe10
baec
ab88
2fe1
bddb
ffdf
88b9
bc89
a9fe
cf8a
2023
f098
13e0
5344
1010
8822
db41
cdab
88b9
26af
5488
011e
3144
efcc
8411
cc2f
7715
0141
4134
0f8c
4502
2343
6345
8cea
c088
c920
c08a
dc0e
d278
2e77
d4aa
5267
88ef
fe02
8bba
eede
e2de
2188
effd
1f23
c1ba
8857
1e74
efef
03f1
2f43
cc78
3fd0
88b9
a8ac
8889
5603
fe41
6705
ec73
df88
2212
1100
2412
8857
2177
04ff
6167
030f
359c
2154
2200
1f43
98ec
00ee
2121
1200
4234
2188
4424
cf0e
7725
882f
15ce
2177
46ef
2e74
de88
5615
fe31
24f0
7845
2176
250f
5366
11fd
2188
f010
1f11
bdcb
88f2
db3f
26ce
2f64
47f0
6694
ff31
3302
ed1f
88df
4222
e10f
6545
0140
347c
e942
058b
4266
7803
4266
01fe
5167
89ca
e284
da20
ad89
bbdd
78bc
22d0
abfe
47c1
1d76
9a68
47d1
5764
3e76
88a8
23e0
ec21
dfba
2012
cb78
37df
7277
1210
7434
fc52
abaa
e0bc
7537
0088
24f1
2164
2401
7845
1132
7736
fe50
23d1
317c
dfee
6435
f031
5801
2075
00ed
1121
0100
e118
00e4
0000
0000
0000
0000
0000
0000
0000
0000
0000
0000
0000
0000
0000
0000
0000
0000
0000
0000
0000
0000
0000
0000
0000
0000
0000
0000
0000
0000
0000
0000
0000
0000
0000
0000
0000
0000
0000
0000
0000
0000
0000
0000
0000
0598
cc40
10cf
cdfd
98ff
e0fe
ca0f
20d0
bec9
fe98
ad98
a9ee
31ce
9cdc
67c1
0052
0d31
cdbc
a88c
35af
ff41
db0e
88ce
fd22
56f1
de2f
1012
f08c
4055
d2ab
fd42
88e0
ed1f
dbff
cf9a
bbfd
ac8c
99c9
ebd0
d189
880e
25cd
db52
12cf
02f0
1198
0100
0011
5157
88eb
44bf
aa1c
ccbb
14dd
339c
cd1e
4302
ac0b
98ef
abeb
cddc
ccbb
12e1
0e98
47e1
fe52
2103
88fd
ffaf
ceaa
f2ff
4f67
cb8c
3f01
16cd
ee63
8816
fc73
dbce
00bd
13fe
439c
e01e
6257
130f
8c2f
f2a9
8a1f
10e1
1ee0
a888
0caf
f4bb
aa3d
9cd2
ed1f
efdf
fff0
adba
0388
df0d
5136
12ee
8c42
3332
4733
1d74
44e1
fb88
44c0
ff40
7736
9c53
1110
5433
1321
3255
3588
2574
3e55
36ce
984f
25ef
0043
2f13
e1ed
5578
112f
5557
3264
940f
1000
5613
cc4f
7406
db8c
65d2
d01e
1112
8801
bdea
edef
33d1
d0fe
3398
0020
6436
1230
8842
aa2e
45d2
d12f
6157
0f9c
1e13
aec9
1f11
8cef
0ef1
3500
fd41
f0de
fe88
bdeb
dede
11df
841f
e3ca
3d77
14bd
2233
438c
ed10
4302
a91d
8cbe
1e23
03de
3255
1200
537c
cb1e
bcaa
6503
8c1e
4702
0162
7535
1320
5688
ee20
3102
e1ee
7846
ff74
6405
cf2e
3123
0f78
4313
bd0d
4303
84ec
25ce
3164
5324
e00d
7678
893b
63d2
9bea
78f3
ef0f
5025
afa9
7457
0078
7526
ce3f
2000
78ff
4502
2153
2222
fe0f
9a58
35d0
1f62
11f0
48fe
24cf
a92c
ee9c
00ff
0000
0000
0000
0000
0000
0000
0000
0000
0000
0000
0000
0000
0000
0000
0000
0000
0000
0000
0000
0000
0000
0000
0000
0000
0000
0000
0000
0000
0000
0000
0000
0000
0000
0000
0000
0000
0000
0000
0000
0000
9800
0000
0000
5400
cdfb
0394
aa3f
1fd0
0fef
98b8
1ee2
d09a
89ea
d9ef
9d98
ec13
66c1
f230
8831
8be8
9adb
52f3
00ff
ec8c
03bc
d11e
4047
88dd
1f22
54f3
cf0a
1c34
ee8c
ed11
ebee
ae88
8ced
bca9
9bb8
b8ff
108d
db8c
76d2
ac1b
0002
8c02
1022
2103
4710
2163
2494
de20
1f11
5036
8cdc
67b1
db5f
11d0
ff1f
fd98
f1bd
ab0c
0bd0
989a
e9c0
d289
cc3f
7615
4488
2032
ebf2
bf88
880f
57e2
ff50
d911
21ae
f990
378c
df4f
3234
8837
4377
db41
63c3
d7eb
439c
f10f
ab0c
0fe0
88ef
bbfe
ebdf
daca
bc88
ec98
03bd
dc30
31e1
780e
7705
5314
071f
1d74
e384
1055
6235
03ff
9830
120f
1222
2233
5144
0298
3f46
4602
ef1e
8822
f4ff
3275
4235
effc
e08c
3213
16ff
0e75
9cf2
0021
5335
04ee
ed52
f58c
ec72
2102
0eff
84ba
129c
0021
3411
0052
259c
4165
4223
df0d
8811
160e
3065
2011
dc0e
aa84
35cf
994e
64c2
880b
10df
abfc
edee
25bf
518c
16ed
fc64
32e1
88f2
2f56
76e3
bb2d
3013
a878
16df
7f77
7514
881a
0fde
14ff
0031
6247
018c
6337
4600
fe73
8ce2
ed41
66e3
f130
2034
be7c
3124
35f0
bb40
8cd3
fd22
34e0
3443
2f55
0378
f877
378c
8a2c
8ce3
ff10
2e23
f3cc
2054
1778
0d76
21cf
e11e
7857
2275
4125
cdfd
13df
2188
000f
fe10
2001
88da
cf8a
ed00
dedd
01ef
5468
040f
1f66
7704
746f
37e0
0e63
22e1
e01e
1358
06fb
3176
7427
3c2f
37af
1350
0000
0000
0000
0000
0000
0000
0000
0000
0000
0000
0000
0000
0000
0000
0000
0000
0000
0000
0000
0000
0000
0000
0000
0000
0000
0000
0000
0000
0000
0000
0000
0000
0000
0000
0000
0000
0000
0000
0000
0000
0000
0000
9c00
0000
5f05
d0ba
cc1f
ef98
e00d
ab0e
0b02
988c
a80f
0c9d
e399
bf2c
4798
e240
dc32
edce
88ce
3034
0fe0
f2cb
cf2f
378c
dd60
1f03
64f4
8ce9
53c0
e1ed
dd1e
98fd
ae88
aa0d
b9ce
2dad
88a8
1dc2
36bd
ab6e
1ff3
f188
0032
3002
5601
8841
6404
f20d
ee10
6614
6184
7714
0052
5f36
88d0
dc54
41e2
35fe
0231
2788
896c
ffbd
c940
9cb2
cd0f
ea12
349e
9cf8
2098
ae98
880d
0dbf
9ccc
36df
2175
5224
d0dc
2f94
27ab
be70
1b45
88c1
ad3f
5443
fb54
7104
ee9c
2e03
cfaa
defe
8800
e2dc
b83f
efbc
d90f
cd9c
da0e
0fbe
e1ca
9c31
13fe
fc53
f0cd
1102
0298
0033
3124
56f4
9c1f
53f3
f3fd
ff41
2303
3688
4463
7177
47f0
9c50
24ff
1052
1111
0f22
038c
ed64
dbde
64d2
9cc9
64f4
241f
dd30
3023
cf88
7377
44f1
ee30
9814
ee20
fcf1
11ce
bdea
3688
c03c
4147
6603
881e
33df
0231
7566
4132
0d84
34d0
0121
3056
9807
ed41
30f1
deeb
cefc
278c
ce3d
2e55
42d2
8811
6167
57e0
dc40
e2ce
2088
15de
1f74
2001
8ced
dced
22e0
14fe
0075
358c
0074
7336
f3fd
8c40
15dd
0f74
3204
f2fe
427c
250f
ca51
54e2
84da
66d1
2442
ed52
6104
a884
72c4
b1c9
ee42
8c15
cc1d
4315
3400
ee42
0278
ee2f
7746
3421
6851
8ada
47cf
de71
1a14
e088
0b12
ae99
ee00
74cd
ef9b
5324
f3fe
fe64
157c
1054
7525
0130
6822
e10e
ed22
5415
4701
4268
02fe
0f33
00f0
00f0
00a0
0000
0000
0000
0000
0000
0000
0000
0000
0000
0000
0000
0000
0000
0000
0000
0000
0000
0000
0000
0000
0000
0000
0000
0000
0000
0000
0000
0000
0000
0000
0000
0000
0000
0000
0000
0000
0000
0000
0000
0090
0000
0000
0000
9805
ac4d
0d11
f0be
00ed
fca0
12ad
aed9
89fb
98df
f489
c11a
1e77
2e04
bc98
dcfe
21f2
1fff
88fd
3ee2
57c0
c02d
fe41
3788
9e3d
0b36
3fe0
88ce
a8ff
0caf
deaa
b1a8
0988
318a
d5da
b974
88d2
e13f
0023
2003
7502
3f88
5127
22cf
e2fe
8c57
3674
5477
4622
0330
7484
d5b9
df61
2f66
9c01
e1fd
ff11
3523
db42
9d9c
fa34
22ae
03dd
980b
42ae
8fc8
88da
dcbb
eea8
21f0
031f
0e53
9802
aa40
fc13
40c2
21ff
1f90
feef
4003
36cd
882a
0a80
479d
9f1b
1d45
f098
1010
e0fe
ba0d
98e1
ae0d
ed01
1fe1
f0cc
db88
64c0
1033
77b1
983d
5114
24ef
f40e
0f74
259c
ef42
1f11
0101
9414
0f54
7515
2411
0130
4f88
1ff0
13be
161c
9472
04dc
c02e
0c55
64d2
ff98
2f34
43e1
d00e
9c24
f040
1f23
3ff2
beb9
0c9c
dfbb
e1ed
1043
9824
2153
3123
0200
f021
239c
0042
2f13
54f2
8c1f
7517
14ff
81e8
a861
c194
ae0b
1c55
75d3
881f
2e57
4103
23cf
021f
0e8c
fcde
058b
dd50
8c02
eefe
cfdb
fb44
44d2
ff88
5346
2501
dc41
8815
cf4d
4e57
44e1
f10d
5378
15fe
ca50
5004
88bb
4203
4522
012e
db53
cf8c
eb42
2fc0
24ff
881c
45cf
022f
1e53
20e0
1e84
66f2
f130
fd32
74dd
57f2
cd4f
fb13
72d2
b888
f09c
dcfd
efed
7c01
f042
5124
57f1
0261
458c
0041
1012
11e0
8c0e
4304
4611
ef41
5214
cc78
fbe2
45d1
020f
6830
06ab
ef71
7237
55f0
7258
22df
f10e
0000
0000
0000
0000
0000
0000
0000
0000
0000
0000
0000
0000
0000
0000
0000
0000
0000
0000
0000
0000
0000
0000
0000
0000
0000
0000
0000
0000
0000
0000
0000
0000
0000
0000
0000
0000
0000
0000
0000
0000
0000
0000
0098
0000
6300
f3aa
a80d
00df
0fe0
12de
f1db
eba8
0cc0
21cf
35ce
981e
2c05
fdae
32cf
00ff
da88
2bf3
73d5
35ac
8cfd
5a27
649f
13bc
efdc
dc98
0dd0
0cce
1fce
94bc
1cf3
61e4
04aa
021f
0098
1002
4103
42f2
88fe
fc24
76f4
7730
1254
2684
d45e
8b7f
0c57
8c27
2220
e3cb
d42e
d075
528c
67bc
070a
d37f
9873
21e0
da32
219c
e3b8
1fac
30e2
22dd
c0fb
a80d
0fbf
eeed
fd11
4005
f09c
c972
a8be
ef9d
9401
dffd
f011
0210
da64
2498
d4fb
bd50
2f24
9cf0
ed11
ffee
f3cb
c12c
2e9c
42af
e3ba
e3fc
8c43
ea42
41d2
64f2
26fc
1e98
53f5
64f3
24fe
94ec
30d2
4014
7104
46de
528c
4346
de0e
5325
8827
0f63
cf0c
fd33
4304
1088
9bdb
2df4
279b
885f
77d1
270c
b26b
8a7f
029c
f30c
e341
3367
8844
f33f
ee41
67f1
254e
2e94
55b0
360e
f53f
9c60
20cf
f1ab
f3d9
cc5f
437c
bfe8
d1bc
bcec
9cd3
da11
1ad1
73c0
32ff
fd94
cdef
4e27
64b1
9cec
1024
ff12
fd12
1b13
e69c
b060
dd53
fd24
8803
d229
ef4e
f31e
0343
628c
55f0
c3c9
9d4c
8c22
14df
b00b
1f64
4026
bc84
1e13
65f4
130f
782e
f0cd
1e34
3ef1
54ce
d888
008c
cdfc
f0ee
8412
f20f
e041
2e35
74f4
008c
2f12
11f0
35ef
8c30
6227
17ee
dc60
cd10
158c
f24f
cd31
3016
98e3
0f43
3124
21ef
02fe
5f8c
57cf
bd4f
cedd
7c00
adc8
beda
bd10
2a27
8b7c
9a1d
2f06
3ee2
6ccc
9aff
7f27
43ce
e00c
4740
f00d
0000
0000
0000
0000
0000
0000
0000
0000
0000
0000
0000
0000
0000
0000
0000
0000
0000
0000
0000
0000
0000
0000
0000
0000
0000
0000
0000
0000
0000
0000
0000
0000
0000
0000
0000
0000
0000
0000
0000
0000
0000
0000
0000
0098
8b63
fa13
1dc0
ace1
d1fd
bf1d
ad0d
bd0e
21ac
35dd
031f
df0d
8cfd
60b4
0bd0
40af
77a1
ed98
0e13
0c15
4ed3
90d0
ed01
98ed
dac0
b9ac
1098
03bb
05dc
b03d
9431
120f
120f
3500
152f
2d94
2fd1
56e1
2420
8841
6522
57ef
07d9
f72c
518c
fa03
3ed3
75d4
98b2
d13f
cf51
ee44
0e24
129c
f00d
e2eb
04fc
9834
fd41
2a05
5f8f
6190
bea8
db31
fcf1
f0de
9cdd
2a82
748e
35dc
c0d9
fa98
41b2
0e1f
ec00
98f2
f60e
d14f
ef42
ed31
f29c
1212
32f2
2fd0
98ac
aa22
ca14
faf5
3ea3
8f8c
1c67
e0cd
3635
9876
43e1
56cf
17fc
e51d
2d94
54c2
5135
53f2
94ff
4f46
40f2
15bb
d24f
3f98
3bf2
229c
e3ec
8820
5fc4
75c0
151e
2075
2398
012f
df2f
bf30
9c53
27dc
e46d
e271
ef73
1488
25f0
7456
6340
9c2f
0012
1f22
1e23
daee
c098
c0eb
cf1d
fe31
8830
41ac
449b
0a1f
6c8e
9198
cd76
0b27
1bd3
9cd3
a13c
c072
d063
f054
219c
3fe2
62c2
65ad
9cda
0b15
2de5
31c3
1fe0
f194
f22f
032e
91f8
986e
409f
3fcf
13bd
02fe
2f88
ef0d
e010
fe55
7c24
bd1a
45e0
03fe
e30b
3b88
e188
bd0d
e0ee
8811
130f
f32f
f041
2f45
f288
ef21
fe12
2016
8c07
de72
5e37
2dbf
54c0
ef88
fb24
6ff4
77e0
902d
75f3
f2fd
f30d
d04f
7388
e0db
f1cd
cffc
8c0d
10cf
26de
9ffa
9e0b
6388
34dd
d2cb
e6eb
8c60
35cd
b10b
cf30
cb21
0778
c419
805e
cc63
6414
b27c
ad60
ed33
0001
0000
0000
0000
0000
0000
0000
0000
0000
0000
0000
0000
0000
0000
0000
0000
0000
0000
0000
0000
0000
0000
0000
0000
0000
0000
0000
0000
0000
0000
0000
0000
0000
0000
0000
0000
0000
0000
0000
0000
0000
a000
0000
0000
0000
ea34
d1a0
ce1d
f00f
e2da
a4e9
dae1
dbe1
fc04
3e17
d494
af08
15ec
e03e
94ec
0d04
3c16
3fc2
3b04
e498
d13d
e03d
c1fb
9c0c
dbbf
eac1
0cc2
5ee4
a990
1003
0022
0222
9476
52e1
21ce
46ef
1440
748c
7523
75e0
559b
9cde
0033
df2f
e030
e043
309c
51c1
53c0
42d0
90ff
ec12
acfe
c010
0264
7098
5ee3
55c1
0ffd
9803
b5f8
041a
e6d8
8ff8
fea4
d0aa
c1fc
df40
9c65
620f
0dba
1488
230e
0d98
2fe2
24de
c43d
9c7f
73d5
42c0
1ef0
3ef2
ce94
c2ec
b01c
a10b
9c4c
5090
74d1
0dee
2ef1
f19c
142e
271c
175f
986e
3ec3
54e1
2323
2122
239c
0022
1b13
10ae
98df
f12f
df1f
df42
0e46
0594
d42c
bf60
2044
9803
e150
dd42
be0e
b041
32a8
44ef
340e
131d
8c2e
73c5
3e34
4105
f2af
ff98
fdf1
2cc0
3dae
9c8d
ac2f
fe54
ef2f
f31e
3f9c
0bf2
3cb2
5dc4
9ca1
b16f
a43b
b36d
d471
5f98
3ee3
1c03
fc12
9026
c55e
c270
9f4e
a01c
3190
9afd
fa04
0ff2
9c2d
6f8b
3189
32ac
3589
9c8c
9a67
9f1c
a55c
987b
3cc3
fbc0
08e3
2bd3
c598
8f39
cf2e
e0ed
90fd
fee0
0e02
3e16
61f4
0488
ef3f
ef21
1f44
8c57
e33d
bc75
bd02
1e36
f294
d21e
ef51
0e55
8c25
e35c
d33c
a060
1b77
8d7c
c298
8ce8
afe8
8c2c
61d0
f1a8
f7a9
f42d
1d9c
0dd0
50e3
43de
98eb
1d03
1dd3
31a1
33bf
998c
1837
3be6
5ce4
88b1
9f5e
bc54
fc14
1ee3
c17c
ef51
dc31
dd00
5402
d13b
d1eb
0010
0000
0000
0000
0000
0000
0000
0000
0000
0000
0000
0000
0000
0000
0000
0000
0000
0000
0000
0000
0000
0000
0000
0000
0000
0000
0000
0000
0000
0000
0000
0000
0000
0000
0000
0000
0000
0000
0000
0000
0000
0000
0000
0000
0000
0000
0000
0000
0000
0000
0000
0000
0000
0000
0000
0000
0000
0000
0000
0000
0000
0000
0000
0000
0000
0000
0000
0000
0000
0000
0000
0000
0000
0000
0000
0000
0000
0000
0000
0000
0000
0000
0000
0000
0000
0000
0000
0000
0000
0000
0000
0000
0000
0000
0000
0000
0000
0000
0000
0000
0000
0000
0000
0000
0000
0000
0000
0000
0000
0000
0000
0000
0000
0000
0000
0000
0000
0000
0000
0000
0000
0000
0000
0000
0000
0000
0000
0000
0000
0000
0000
0000
0000
0000
0000
0000
0000
0000
0000
0000
0000
0000
0000
0000
0000
0000
0000
0000
0000
0000
0000
0000
0000
0000
0000
0000
0000
0000
0000
0000
0000
0000
0000
0000
0000
0000
0000
0000
0000
0000
0000
0000
0000
0000
0000
0000
0000
0000
0000
0000
0000
0000
0000
0000
0000
0000
0000
0000
0000
0000
0000
0000
0000
0000
0000
0000
0000
0000
0000
0000
0000
0000
0000
0000
0000
0000
0000
0000
0000
0000
0000
0000
0000
0000
0000
0000
0000
0000
0000
0000
0000
0000
0000
0000
0000
0000
0000
0000
0000
0000
0000
0000
0000
0000
0000
0000
0000
0000
0000
0000
0000
0000
0000
0000
0000
0000
0000
0000
0000
0000
0000
0000
0000
0000
0000
0000
0000
0000
0000
0000
0000
0000
0000
0000
0000
0000
0000
0000
0000
0000
0000
0000
0000
0000
0000
0000
0000
0000
0000
0000
0000
0000
0000
0000
0000
0000
0000
0000
0000
0000
0000
0000
0000
0000
0000
0000
0000
0000
0000
0000
0000
0000
0000
0000
0000
0000
0000
0000
0000
0000
0000
0000
0000
0000
0000
0000
0000
0000
0000
0000
0000
0000
0000
0000
0000
0000
0000
0000
0000
0000
0000
0000
0000
0000
0000
0000
0000
0000
0000
0000
0000
0000
0000
0000
0000
0000
0000
0000
0000
0000
0000
0000
0000
0000
0000
0000
0000
0000
0000
0000
0000
0000
0000
0000
0000
0000
0000
0000
0000
0000
0000
0000
0000
0000
0000
0000
0000
0000
0000
0000
0000
0000
0000
0000
0000
0000
0000
0000
0000
0000
0000
0000
0000
0000
0000
0000
0000
0000
0000
0000
0000
0000
0000
0000
0000
0000
0000
0000
0000
0000
0000
0000
0000
0000
0000
0000
0000
0000
0000
0000
0000
0000
0000
0000
0000
0000
0000
0000
0000
0000
0000
0000
0000
0000
0000
0000
0000
0000
0000
0000
0000
0000
0000
0000
0000
0000
0000
0000
0000
0000
0000
0000
0000
0000
0000
0000
0000
0000
0000
0000
0000
0000
0000
0000
0000
0000
0000
0000
0000
0000
0000
0000
0000
0000
0000
0000
0000
0000
0000
0000
0000
0000
0000
0000
0000
0000
0000
0000
0000
0000
0000
0000
0000
0000
0000
0000
0000
0000
0000
0000
0000
0000
0000
0000
0000
0000
0000
0000
0000
0000
0000
0000
0000
0000
0000
0000
0000
0000
0000
0000
0000
0000
0000
0000
0000
0000
0000
0000
0000
0000
0000
0000
0000
0000
0000
0000
0000
0000
0000
0000
0000
0000
0000
0000
0000
0000
0000
0000
0000
0000
0000
0000
0000
0000
0000
0000
0000
0000
0000
0000
0000
0000
0000
0000
0000
0000
0000
0000
0000
0000
0000
0000
0000
0000
0000
0000
0000
0000
0000
0000
0000
0000
0000
0000
0000
0000
0000
0000
0000
0000
0000
0000
0000
0000
0000
0000
0000
0000
0000
0000
0000
0000
0000
0000
0000
0000
0000
0000
0000
0000
0000
0000
0000
0000
0000
0000
0000
0000
0000
0000
0000
0000
0000
0000
0000
0000
0000
0000
0000
0000
0000
0000
0000
0000
0000
0000
0000
0000
0000
0000
0000
0000
0000
0000
0000
0000
0000
0000
0000
0000
0000
0000
0000
0000
0000
0000
0000
0000
0000
0000
0000
0000
0000
0000
0000
0000
0000
0000
0000
0000
0000
0000
0000
0000
0000
0000
0000
0000
0000
0000
0000
0000
0000
0000
0000
0000
0000
0000
0000
0000
0000
0000
0000
0000
0000
0000
0000
0000
0000
0000
0000
0000
0000
0000
0000
0000
0000
0000
0000
0000
0000
0000
0000
0000
0000
0000
0000
0000
0000
0000
0000
0000
0000
0000
0000
0000
0000
0000
0000
0000
0000
0000
0000
0000
0000
0000
0000
0000
0000
0000
0000
0000
0000
0000
0000
0000
0000
0000
0000
0000
0000
0000
0000
0000
0000
0000
0000
0000
0000
0000
0000
0000
0000
0000
0000
0000
0000
0000
0000
0000
0000
0000
0000
0000
0000
0000
0000
0000
0000
0000
0000
0000
0000
0000
0000
0000
0000
0000
0000
0000
0000
0000
0000
0000
0000
0000
0000
0000
0000
0000
0000
0000
0000
0000
0000
0000
0000
0000
0000
0000
0000
0000
0000
0000
0000
0000
0000
0000
0000
0000
0000
0000
0000
0000
0000
0000
0000
0000
0000
0000
0000
0000
0000
0000
0000
0000
0000
0000
0000
0000
0000
0000
0000
0000
0000
0000
0000
0000
0000
0000
0000
0000
0000
0000
0000
0000
0000
0000
0000
0000
0000
0000
0000
0000
0000
0000
0000
0000
0000
0000
0000
0000
0000
0000
0000
0000
0000
0000
0000
0000
0000
0000
0000
0000
0000
0000
0000
0000
0000
0000
0000
0000
0000
0000
0000
0000
0000
0000
0000
0000
0000
0000
0000
0000
0000
0000
0000
0000
0000
0000
0000
0000
0000
0000
0000
0000
0000
0000
0000
0000
0000
0000
0000
0000
0000
0000
0000
0000
0000
0000
0000
0000
0000
0000
0000
0000
0000
0000
0000
0000
0000
0000
0000
0000
0000
0000
0000
0000
0000
0000
0000
0000
0000
0000
0000
0000
0000
0000
0000
0000
0000
0000
0000
0000
0000
0000
0000
0000
0000
0000
0000
0000
0000
0000
0000
0000
0000
0000
0000
0000
0000
0000
0000
0000
0000
0000
0000
0000
0000
0000
0000
0000
0000
0000
0000
0000
0000
0000
0000
0000
0000
0000
0000
0000
0000
0000
0000
0000
0000
0000
0000
0000
0000
0000
0000
0000
0000
0000
0000
0000
0000
0000
0000
0000
0000
0000
0000
0000
0000
0000
0000
0000
0000
0000
0000
0000
0000
0000
0000
0000
0000
0000
0000
0000
0000
0000
0000
0000
0000
0000
0000
0000
0000
0000
0000
0000
0000
0000
0000
0000
0000
0000
0000
0000
0000
0000
0000
0000
0000
0000
0000
0000
0000
0000
0000
0000
0000
0000
0000
0000
0000
0000
0000
0000
0000
0000
0000
0000
0000
0000
0000
0000
0000
0000
0000
0000
0000
0000
0000
0000
0000
0000
0000
0000
0000
0000
0000
0000
0000
0000
0000
0000
0000
0000
0000
0000
0000
0000
0000
0000
0000
0000
0000
0000
0000
0000
0000
0000
0000
0000
0000
0000
0000
0000
0000
0000
0000
0000
0000
0000
0000
0000
0000
0000
0000
0000
0000
0000
0000
0000
0000
0000
0000
0000
0000
0000
0000
0000
0000
0000
0000
0000
0000
0000
0000
0000
0000
0000
0000
0000
0000
0000
0000
0000
0000
0000
0000
0000
0000
0000
0000
0000
0000
0000
0000
0000
0000
0000
0000
0000
0000
0000
0000
0000
0000
0000
0000
0000
0000
0000
0000
0000
0000
0000
0000
0000
0000
0000
0000
0000
0000
0000
0000
0000
0000
0000
0000
0000
0000
0000
0000
0000
0000
0000
0000
0000
0000
0000
0000
0000
0000
0000
0000
0000
0000
0000
0000
0000
0000
0000
0000
0000
0000
0000
0000
0000
0000
0000
0000
0000
0000
0000
0000
0000
0000
0000
0000
0000
0000
0000
0000
0000
0000
0000
0000
0000
0000
0000
0000
0000
0000
0000
0000
0000
0000
0000
0000
0000
0000
0000
0000
0000
0000
0000
0000
0000
0000
0000
0000
0000
0000
0000
0000
0000
0000
0000
0000
0000
0000
0000
0000
0000
0000
0000
0000
0000
0000
0001
0000
0000
0000
0000
0000
0000
0000
0000
0000
0000
0000
0000
0000
0000
0000
0000
0000
0000
0000
0000
0000
0000
0000
0000
0000
0000
0000
0000
0000
0000
0000
0000
0000
0000
0000
0000
0000
0000
0000
0000
0000
0000
0000
0000
0000
0000
0000
0000
0000
0000
0000
0000
0000
0000
0000
0000
0000
0000
0000
0000
0000
0000
0000
0000
0000
0000
0000
0000
0000
0000
0000
0000
0000
0000
0000
0000
0000
0000
0000
0000
0000
0000
0000
0000
0000
0000
0000
0000
0000
0000
0000
0000
0000
0000
0000
0000
0000
0000
0000
0000
0000
0000
0000
0000
0000
0000
0000
0000
0000
0000
0000
0000
0000
0000
0000
0000
0000
0000
0000
0000
0000
0000
0000
0000
0000
0000
0000
0000
0000
0000
0000
0000
0000
0000
0000
0000
0000
0000
0000
0000
0000
0000
0000
0000
0000
0000
0000
0000
0000
0000
0000
0000
0000
0000
0000
0000
0000
0000
0000
0000
0000
0000
0000
0000
0000
0000
0000
0000
0000
0000
0000
0000
0000
0000
0000
0000
0000
0000
0000
0000
0000
0000
0000
0000
0000
0000
0000
0000
0000
0000
0000
0000
0000
0000
0000
0000
0000
0000
0000
0000
0000
0000
0000
0000
0000
0000
0000
0000
0000
0000
0000
0000
0000
0000
0000
0000
0000
0000
0000
0000
0000
0000
0000
0000
0000
0000
0000
0000
0000
0000
0000
0000
0000
0000
0000
0000
0000
0000
0000
0000
0000
0000
0000
0000
0000
0000
0000
0000
0000
0000
0000
0000
0000
0000
0000
0000
0000
0000
0000
0000
0000
0000
0000
0000
0000
0000
0000
0000
0000
0000
0000
0000
0000
0000
0000
0000
0000
0000
0000
0000
0000
0000
0000
0000
0000
0000
0000
0000
0000
0000
0000
0000
0000
0000
0000
0000
0000
0000
0000
0000
0000
0000
0000
0000
00a8
3404
6655
4355
9821
ff00
dced
98a9
8988
dea8
14f1
4535
4344
ac32
fc20
98c9
9a88
f2be
57a4
6677
4354
fd20
a4ba
8998
bd9a
45f1
7777
65a4
3244
db0f
88a9
a889
ceab
3502
6666
4455
20a4
bafd
8898
bd9a
a8f1
4614
6566
4254
fd20
caa8
99a9
ceab
34f2
a466
5576
2143
cafe
8898
9aa4
e1bc
6725
6677
b855
2122
0e10
dbec
cdcc
aba8
02de
7745
5477
9821
cbfd
cdac
f0f0
ddfe
bb94
a9bb
9a99
efbd
b813
2312
4444
1133
ed0f
cabc
99a9
bd9a
23e0
b456
6677
4354
fe21
a9cb
99b8
aa99
e1cd
4614
b456
5466
1033
ccfe
aaba
99bc
ceab
12f0
4423
a455
4277
dc0f
aacb
9aa9
89ac
debb
f0e0
1100
9423
6667
1053
dcee
efdd
01ac
5533
5365
0e30
a8dc
bacb
8899
9a89
efbd
11b8
3423
5555
4455
b833
0021
dbed
9aba
aa99
acb8
f0ce
4523
6666
b465
4354
1032
dcfe
aaba
9ab4
bcaa
f0de
2311
bc33
5544
5455
1133
ee0f
9898
8888
cdaa
f0e0
88ff
badc
baaa
aaba
a9a9
fea8
00ff
1302
5534
a866
5566
2133
ee0f
bacc
cbbc
aaba
9a9a
bcab
b4dd
12f0
4534
6666
6566
55b8
4344
2132
ff1f
b8dd
bacb
9aaa
abaa
cdbc
ffb4
2201
4433
5444
b454
4454
2132
ff10
eefe
cca8
cccb
ddcc
ffee
8800
fff1
caec
99a9
8888
aa9c
9899
aa99
debc
b401
2211
4423
5444
4344
65a8
2143
dd0f
98ba
bc88
999a
9999
aa99
bcab
deb4
00ef
2312
5544
b455
5666
5556
4455
4344
76a8
4354
0022
ecfe
a8cc
9aab
9899
9898
a999
bba4
decc
f0ef
0000
7800
1020
1211
4433
3243
108c
ddff
bacb
aaaa
acab
f0ff
1100
3422
6745
66a8
7777
7777
5566
a444
1132
fe0f
cced
aabb
ccbc
bbcb
aaba
a9a9
bc99
9999
9999
9a9a
abaa
88a4
9a89
ccab
efdd
a8f0
1200
3322
4434
4545
66ac
6766
7666
7676
a876
5565
4555
4344
2233
7584
2043
ed0f
cbdc
88bb
bbbc
cdcc
efde
2301
12a8
2313
4434
6555
a876
7776
7777
7677
6676
77ac
6566
4455
3343
ac22
0011
eeff
cbdc
99ba
ddb8
cccd
cccc
1ebc
b4ca
0db1
109b
b0d9
9b1d
1eb8
d1cb
bdfc
cb1f
a8d1
89f9
9830
0aa4
429b
c9ac
4cb2
44bb
c4ec
b06f
05fd
d140
1e65
6227
e3b4
0e63
3036
73e3
b40e
3037
73f2
271e
e231
62bc
3610
0321
1f62
b835
f310
1e50
0035
50f2
1ebc
2024
41e2
140e
ac10
71b1
06fb
af1e
e950
f2bc
cf0e
ec10
0de1
bcaf
ea61
1e06
61bf
f5fb
2fbc
52be
d4fc
ce3f
ac33
b5f9
9b61
2945
43c3
9dac
5922
24e1
11bd
9c4c
06b3
4fba
963e
0ad1
2090
b4e0
ec1c
ab63
a8d7
11fb
a030
1923
32f3
9dac
4924
54c2
169b
bc4a
42d0
f4dd
cf2e
fc42
f5b8
ce2e
ec53
4ee4
b8cd
dd45
5ec4
36dc
b3ee
73b4
e7e9
9e3f
fa54
acd5
8d3e
d975
5ec7
56ab
e9a8
60c5
36ab
c02a
a063
804a
c866
7ee4
26ad
bea8
2e12
11c2
211b
90f3
1fbb
b33e
fcf0
de40
e3a4
ff1d
cd33
5c02
a8cf
ae15
4d02
34cf
d4fb
33ac
05bc
be4c
db55
acc5
ba50
0c37
7291
e7d9
52b0
05ca
ae3e
0a54
b0c4
bb51
2c25
63a0
e5ea
40b0
45ac
b21b
db52
a805
c5cb
bc6e
0b27
62c0
3aa0
7581
e5c8
9b7e
a837
f4cd
a020
2b22
31f0
5890
4780
e1c9
9e60
9c12
3129
b0d4
1f4c
edd5
1d9c
9034
7af0
06ee
9c0a
37d1
f38c
9c7d
3846
e1a8
cd42
4ef4
35cd
a80c
62c0
d5dc
cb5e
0d27
adac
fc64
7fb2
f7f9
a82f
56bd
a3dd
ea7f
4df6
cbac
ff27
62af
d3fb
a45f
f7c9
9c5e
1b46
64a1
9a9c
4ef7
639c
c238
9c35
f4bb
8e32
5a22
32df
6b90
269e
c10a
cc24
8c01
954d
581c
a107
71fa
c198
5be1
f4f0
001a
9c16
e1cd
ad43
7c02
34cc
4a9c
56ce
b3eb
ba54
9cd6
b96f
3d27
779b
80fc
65a4
b3fa
d972
50e6
a4ba
2e27
569d
a10b
f973
91a0
e974
62c5
06b9
a04f
469c
af2c
fa54
53c2
9c98
0c56
73ae
b10b
9862
d3fa
db42
22e5
04ae
1198
22af
b11f
3c20
80e1
7b24
248f
b339
f913
518c
ced2
e07d
6ac2
9c0d
1df3
04ff
e0fe
cf15
d19c
ce33
40e2
03dc
944e
16ba
ab5d
3c37
678d
fd9c
52a2
c3fb
ea60
98e5
da4d
0e27
46cc
affe
5598
a1de
ec62
7fb3
98fa
6ee4
06ea
db3e
0f26
cc9c
1f24
33be
ce1e
8c43
8f0b
0a75
7490
b209
5388
d5ca
cb32
13f5
88bc
0305
14ad
9ff3
0222
9088
f131
4fa1
b200
7c4e
941d
1b6c
5bb6
d7fb
5080
d5db
bb5f
4fe7
88ab
ce26
24c2
c2ce
be34
c388
cd42
50d4
f4db
8c5f
e4ea
da50
5fe5
14d9
2e88
26db
cc1e
0f36
8cae
0017
36ad
ad0f
0f45
9f8c
fe45
43cf
b0fe
8451
a00b
0b64
64a0
a00b
6484
a00b
0b64
54b0
78fc
6fd3
d30a
0a6f
50e3
fa78
5fe3
e30a
0a5f
7ce3
1a50
5fd2
e20b
0b50
f478
0b4e
5ef3
f4fb
744e
c3e9
e972
72c3
e2e9
7d68
05f8
e96e
5ef6
68e9
5ef6
f6e9
e95e
5ef6
e96c
6fd5
e3fc
fb40
60e4
0975
7591
9109
0975
9160
0975
7591
9109
5842
04fb
fb3e
2f05
14eb
305c
e3fb
0b40
50e2
500c
668d
003c
0000
0000
0000
0000
0000
0000
0000
0000
0000
0000
0000
0000
0000
0000
0000
0000
0000
0000
0000
0000
0000
0000
0000
0000
0000
0000
0000
0000
0000
0000
0000
0000
0000
0000
0000
0000
0000
0000
0000
0000
0000
0000
0000
0000
0000
0000
0000
0000
0000
0000
0000
0000
0000
0000
0000
0000
0000
0000
0000
0000
0000
0000
0000
0000
0000
0000
0000
0000
0000
0000
0000
0000
0000
0000
0000
0000
0000
0000
0000
0000
0000
0000
0000
0000
0000
0000
0000
0000
0000
0000
0000
0000
0000
0000
0000
0000
0000
0000
0000
0000
0000
0000
0000
0000
0000
0000
0000
0000
0000
0000
0000
0000
0000
0000
0000
0000
0000
0000
0000
0000
0000
0000
0000
0000
0000
0000
0000
0000
0000
0000
0000
0000
0000
0000
0000
0000
0000
0000
0000
0000
0000
0000
0000
0000
0000
0000
0000
0000
0000
0000
0000
0000
0000
0000
0000
0000
0000
0000
0000
0000
0000
0000
0000
0000
0000
0000
0000
0000
0000
0000
0000
0000
0000
0000
0000
0000
0000
0000
0000
0000
0000
0000
0000
0000
0000
0000
0000
0000
0000
0000
0000
0000
0000
0000
0000
0000
0000
0000
0000
0000
0000
0000
0000
0000
0000
0000
0000
0000
0000
0000
0000
0000
0000
0000
0000
0000
0000
0000
0000
0000
0000
0000
0000
0000
0000
0000
0000
0000
0000
0000
0000
0000
0000
0000
0000
0000
0000
0000
0000
0000
0000
0000
0000
0000
0000
0000
0000
0000
0000
0000
0000
0000
0000
0000
0000
0000
0000
0000
0000
0000
0000
0000
0000
0000
0000
0000
0000
0000
0000
0000
0000
0000
0000
0000
0000
0000
0000
0000
0000
0000
0000
0000
0000
0000
0000
0000
0000
0000
0000
0000
0000
0000
0000
0000
0000
0000
0000
0000
0000
0000
0000
0000
0000
0000
0000
0000
0000
0000
0000
0000
0000
0000
0000
0000
0000
0000
0000
0000
0000
0000
0000
0000
0000
0000
0000
0000
0000
0000
0000
0000
0000
0000
0000
0000
0000
0000
0000
0000
0000
0000
0000
0000
0000
0000
0000
0000
0000
0000
0000
0000
0000
0000
0000
0000
0000
0000
0000
0000
0000
0000
0000
0000
0000
0000
0000
0000
0000
0000
0000
0000
0000
0000
0000
0000
0000
0000
0000
0000
0000
0000
0000
0000
0000
0000
0000
0000
0000
0000
0000
0000
0000
0000
0000
0000
0000
0000
0000
0000
0000
0000
0000
0000
0000
0000
0000
0000
0000
0000
0000
0000
0000
0000
0000
0000
0000
0000
0000
0000
0000
0000
0000
0000
0000
0000
0000
0000
0000
0000
0000
0000
0000
0000
0000
0000
0000
0000
0000
0000
0000
0000
0000
0000
0000
0000
0000
0000
0000
0000
0000
0000
0000
0000
0000
0000
0000
0000
0000
0000
0000
0000
0000
0000
0000
0000
0000
0000
0000
0000
0000
0000
0000
0000
0000
0000
0000
0000
0000
0000
0000
0000
0000
0000
0000
0000
0000
0000
0000
0000
0000
0000
0000
0000
0000
0000
0000
0000
0000
0000
0000
0000
0000
0000
0000
0000
0000
0000
0000
0000
0000
0000
0000
0000
0000
0000
0000
0000
0000
0000
0000
0000
0000
0000
0000
0000
0000
0000
0000
0000
0000
0000
0000
0000
0000
0000
0000
0000
0000
0000
0000
0000
0000
0000
0000
0000
0000
0000
0000
0000
0000
0000
0000
0000
0000
0000
0000
0000
0000
0000
0000
0000
0000
0000
0000
0000
0000
0000
0000
0000
0000
0000
0000
0000
0000
0000
0000
0000
0000
0000
0000
0000
0000
0000
0000
0000
0000
0000
0000
0000
0000
0000
0000
0000
0000
0000
0000
0000
0000
0000
0000
0000
0000
0000
0000
0000
0000
0000
0000
0000
0000
0000
0000
0000
0000
0000
0000
0000
0000
0000
0000
0000
0000
0000
0000
0000
0000
0000
0000
0000
0000
0000
0000
0000
0000
0000
0000
0000
0000
0000
0000
0000
0000
0000
0000
0000
0000
0000
0000
0000
0000
0000
0000
0000
0000
0000
0000
0000
0000
0000
0000
0000
0000
0000
0000
0000
0000
0000
0000
0000
0000
0000
0000
0000
0000
0000
0000
0000
0000
0000
0000
0000
0000
0000
0000
0000
0000
0000
0000
0000
0000
0000
0000
0000
0000
0000
0000
0000
0000
0000
0000
0000
0000
0000
0000
0000
0000
0000
0000
0000
0000
0000
0000
0000
0000
0000
0000
0000
0000
0000
0000
0000
0000
0000
0000
0000
0000
0000
0000
0000
0000
0000
0000
0000
0000
0000
0000
0000
0000
0000
0000
0000
0000
0000
0000
0000
0000
0000
0000
0000
0000
0000
0000
0000
0000
0000
0000
0000
0000
0000
0000
0000
0000
0000
0000
0000
0000
0000
0000
0000
0000
0000
0000
0000
0000
0000
0000
0000
0000
0000
0000
0000
0000
0000
0000
0000
0000
0000
0000
0000
0000
0000
0000
0000
0000
0000
0000
0000
0000
0000
0000
0000
0000
0000
0000
0000
0000
0000
0000
0000
0000
0000
0000
0000
0000
0000
0000
0000
0000
0000
0000
0000
0000
0000
0000
0000
0000
0000
0000
0000
0000
0000
0000
0000
0000
0000
0000
0000
0000
0000
0000
0000
0000
0000
0000
0000
0000
0000
0000
0000
0000
0000
0000
0000
0000
0000
0000
0000
0000
0000
0000
0000
0000
0000
0000
0000
0000
0000
0000
0000
0000
0000
0000
0000
0000
0000
0000
0000
0000
0000
0000
0000
0000
0000
0000
0000
0000
0000
0000
0000
0000
0000
0000
0000
0000
0000
0000
0000
0000
0000
0000
0000
0000
0000
0000
0000
0000
0000
0000
0000
0000
0000
0000
0000
0000
0000
0000
0000
0000
0000
0000
0000
0000
0000
0000
0000
0000
0000
0000
0000
0000
0000
0000
0000
0000
0000
0000
0000
0000
0000
0000
0000
0000
0000
0000
0000
0000
0000
0000
0000
0000
0000
0000
0000
0000
0000
0000
0000
0000
0000
0000
0000
0000
0000
0000
0000
0000
0000
0000
0000
0000
0000
0000
0000
0000
0000
0000
0000
0000
0000
0000
0000
0000
0000
0000
0000
0000
0000
0000
0000
0000
0000
0000
0000
0000
0000
0000
0000
0000
0000
0000
0000
0000
0000
0000
0000
0000
0000
0000
0000
0000
0000
0000
0000
0000
0000
0000
0000
0000
0000
0000
0000
0000
0000
0000
0000
0000
0000
0000
0000
0000
0000
0000
0000
0000
0000
0000
0000
0000
0000
0000
0000
0000
0000
0000
0000
0000
0000
0000
0000
0000
0000
0000
0000
0000
0000
0000
0000
0000
0000
0000
0000
0000
0000
0000
0000
0000
0000
0000
0000
0000
0000
0000
0000
0000
0000
0000
0000
0000
0000
0000
0000
0000
0000
0000
0000
0000
0000
0000
0000
0000
0000
0000
0000
0000
0000
0000
0000
0000
0000
0000
0000
0000
0000
0000
0000
0000
0000
0000
0000
0000
0000
0000
0000
0000
0000
0000
0000
0000
0000
0000
0000
0000
0000
0000
0000
0000
0000
0000
0000
0000
0000
0000
0000
0000
0000
0000
0000
0000
0000
0000
0000
0000
0000
0000
0000
0000
0000
0000
0000
0000
0000
0000
0000
0000
0000
0000
0000
0000
0000
0000
0000
0000
0000
0000
0000
0000
0000
0000
0000
0000
0000
0000
0000
0000
0000
0000
0000
0000
0000
0000
0000
0000
0000
0000
0000
0000
0000
0000
0000
0000
0000
0000
0000
0000
0000
0000
0000
0000
0000
0000
0000
0000
0000
0000
0000
0000
0000
0000
0000
0000
0000
0000
0000
0000
0000
0000
0000
0000
0000
0000
0000
0000
0000
0000
0000
0000
0000
0000
0000
0000
0000
0000
0000
0000
0000
0000
0000
0000
0000
0000
0000
0000
0000
0000
0000
0000
0000
0000
0000
0000
0000
0000
0000
0000
0000
0000
0000
0000
0000
0000
0000
0000
0000
0000
0000
0000
0000
0000
0000
0000
0000
0000
0000
0000
0000
0000
0000
0000
0000
0000
0000
0000
0000
0000
0000
0000
0000
0000
0000
0000
0000
0000
0000
0000
0000
0000
0000
0000
0000
0000
0000
0000
0000
0000
0000
0000
0000
0000
0000
0000
0000
0000
0000
0000
0000
0000
0000
0000
0000
0000
0000
0000
0000
0000
0000
0000
0000
0000
0000
0000
0000
0000
0000
0000
0000
0000
0000
0000
0000
0000
0000
0000
0000
0000
0000
0000
0000
0000
0000
0000
0000
0000
0000
0000
0000
0000
0000
0000
0000
0000
0000
0000
0000
0000
0000
0000
0000
0000
0000
0000
0000
0000
0000
0000
0000
0000
0000
0000
0000
0000
0000
0000
0000
0000
0000
0000
0000
0000
0000
0001
0000
0000
0000
0000
0000
0000
0000
0000
0000
0000
0000
0000
0000
0000
0000
0000
0000
0000
0000
0000
0000
0000
0000
0000
0000
0000
0000
0000
0000
0000
0000
0000
0000
0000
0000
0000
0000
0000
0000
0000
0000
0000
0000
0000
0000
0000
0000
0000
0000
0000
0000
0000
0000
0000
0000
0000
0000
0000
0000
0000
0000
0000
0000
0000
0000
0000
0000
0000
0000
0000
0000
0000
0000
0000
0000
0000
0000
0000
0000
0000
0000
0000
0000
0000
0000
0000
0000
0000
0000
0000
0000
0000
0000
0000
0000
0000
0000
0000
0000
0000
0000
0000
0000
0000
0000
0000
0000
0000
0000
0000
0000
0000
0000
0000
0000
0000
0000
0000
0000
0000
0000
0000
0000
0000
0000
0000
0000
0000
0000
0000
0000
0000
0000
0000
0000
0000
0000
0000
0000
0000
0000
0000
0000
0000
0000
0000
0000
0000
0000
0000
0000
0000
0000
0000
0000
0000
0000
0000
0000
0000
0000
0000
0000
0000
0000
0000
0000
0000
0000
0000
0000
0000
0000
0000
0000
0000
0000
0000
0000
0000
0000
0000
0000
0000
0000
0000
0000
0000
0000
0000
0000
0000
0000
0000
0000
0000
0000
0000
0000
0000
0000
0000
0000
0000
0000
0000
0000
0000
0000
0000
0000
0000
0000
0000
0000
0000
0000
0000
0000
0000
0000
0000
0000
0000
0000
0000
0000
0000
0000
0000
0000
0000
0000
0000
0000
0000
0000
0000
0000
0000
0000
0000
0000
0000
0000
0000
0000
0000
0000
0000
0000
0000
0000
0000
0000
0000
0000
0000
0000
0000
0000
0000
0000
0000
0000
0000
0000
0000
0000
0000
0000
0000
0000
0000
0000
0000
0000
0000
0000
0000
0000
0000
0000
0000
0000
0000
0000
0000
0000
0000
0000
0000
0000
0000
0000
0000
0000
0000
0000
0000
0000
0000
0000
0000
0000
0000
0000
0000
0000
0000
0000
0000
0000
0000
0000
0000
0000
0000
0000
0000
0000
0000
0000
0000
0000
0000
0000
0000
0000
0000
0000
0000
0000
0000
0000
0000
0000
0000
0000
0000
0000
0000
0000
0000
0000
0000
0000
0000
0000
0000
0000
0000
0000
0000
0000
0000
0000
0000
0000
0000
0000
0000
0000
0000
0000
0000
0000
0000
0000
0000
0000
0000
0000
0000
0000
0000
0000
0000
0000
0000
0000
0000
0000
0000
0000
0000
0000
0000
0000
0000
0000
0000
0000
0000
0000
0000
7c00
0000
0000
0b00
ec0d
ad78
36d2
2754
b940
78bb
8cac
6233
2e22
2240
127c
d42d
d9bb
e3cf
8012
2222
4211
000f
9a0b
e074
23f6
d7c5
c2f5
76d1
eff2
b92d
3fb8
5e65
118a
4221
d0f0
03ff
8615
2df1
f0b9
f020
34ef
547a
ce44
8e9e
d7ad
7a51
1b56
08a0
0fb0
354e
4182
cfcb
2351
7557
7e31
a9fb
b1b8
5323
eb31
c87a
f3e0
ed52
01fe
7ad0
4303
0af2
0e1c
aece
fe7a
5000
3345
0142
8e63
1321
0f22
acdb
02ff
737a
ff7f
e2ac
10b1
6a31
2bf3
b0b8
cdfd
5499
0d76
66e2
4476
ca50
7a8a
f20b
2205
d366
2f7d
cb86
cda9
22f1
5e14
8aac
a215
1063
2d36
1f31
fd86
140e
0f10
891c
8abf
5503
6367
c931
c888
8d8e
75f2
3f55
eedb
8aef
310e
3503
4111
cdfc
8c8e
2521
3355
3132
7a1f
8ebb
ecbd
c9df
efd1
c47a
6721
3445
0851
768c
41b1
0210
fd2e
2f13
e176
d210
5121
d93f
6a99
d3bd
7712
6f15
ef70
de7a
ddc3
30f1
4404
7e41
882d
edcb
13c1
d000
f18e
3032
cde1
ffdf
7a27
5436
8dbe
0a88
7502
717a
be1e
271f
6e03
7adc
1db2
0c3f
dfea
3edc
e776
7173
e21e
c009
7e7a
7da6
a374
102c
3ee1
028e
15f3
da6f
0ab3
8ea1
ecf0
e032
3303
5316
258e
0d10
9ddc
00bf
8a01
3f21
0e23
df1b
13d0
568a
f142
b9d9
dfcf
8ae0
2433
4436
db10
a0d1
dd86
5343
3f24
eb0e
8aaf
113d
2204
8b7b
ef8a
569a
f121
ecfd
1201
7a21
f05f
cc2c
abde
bbfc
e186
1700
7345
ff50
7adb
f8ac
fbff
f812
0eec
107a
e42e
5301
2176
6a33
ba3b
9efc
b2ee
ceff
f176
ec36
74b3
f112
7653
ba5f
deb1
ebfe
6414
0076
1a12
09ad
ebce
7af3
1101
1643
45d5
3437
d186
8ada
0301
fe20
76f0
25fc
41d2
7421
1ddc
b27e
3215
2e37
ad1f
7aaf
a2fa
eb41
0fdb
27f6
6086
0ecd
fffd
11f1
7a0f
6f43
122f
5112
190f
dd7e
10e4
4025
f02b
9238
d3ff
0c42
eab1
039c
1092
5246
2134
0e10
7edc
ab09
8cd0
64f0
7554
0f8a
0eef
01f8
1104
7a55
3047
b8ed
8988
0edb
217a
fd11
e31f
d315
7e0c
3634
1562
eb0e
0d0d
228e
f13f
02fd
2a16
960d
ceef
fffe
2421
5435
3f8a
8bda
12d1
2df0
7aed
776f
c800
0c02
d441
667e
7366
edf9
afec
7a98
d5da
2037
e85c
bd88
2286
5225
02dc
42d2
7acd
73e7
4062
d299
1c25
bf7e
12f0
fa20
e11e
7ade
341f
bd03
16dd
0445
0e86
b3a8
cffe
3246
8a16
01f0
bd0f
f0ef
4210
477a
cc72
d99a
21f5
7a4e
e120
8df1
e6cf
530e
0f92
01e0
4f35
dade
86c9
34fc
667e
484d
1cd4
318a
1d2a
241a
505d
8aec
23a8
3f4f
003d
6e35
408e
ae21
00f0
e0fc
860f
c91f
00bd
6610
7566
618e
9afc
ffab
0141
8eed
c1ad
3746
1132
130f
d18e
bd0a
20df
12f5
7632
8a10
bfdd
cb1f
e19b
448a
2033
ee10
133f
8a2c
ae0b
32ef
fe30
dfde
4686
0056
dffd
3212
6e21
aa94
4ed2
a87c
f727
1e76
cf02
ed00
aabd
86d1
2123
cdf0
fefc
e18c
778a
0342
f201
0022
86f1
edee
a8ec
32e0
6545
4f86
e1ec
4233
dafc
8ae2
4025
ddcd
f121
eadd
ad8e
44f4
0221
4f20
9edd
ff0e
3e27
1201
02f0
fea6
eded
03ef
6456
9a2f
88c8
34bf
2e44
01f0
318a
a0dd
5245
cc0b
8ef0
0e1d
33ed
2012
6137
ed7a
0fc1
2c05
e3af
8a52
3057
ce31
a99a
e39c
368a
4167
c0ed
42f2
822f
cfaa
3204
89f9
36ad
358e
1f51
1fff
f003
7add
dbd1
c0f4
3362
f2bb
e28e
5124
0cff
0fcf
7aef
42d1
ddbf
64fc
7603
307a
0ef2
cccd
6734
8a70
df0c
15f1
2045
aadb
ab8a
f0f1
210f
1310
7a10
5e2f
5efd
6743
fc20
8c76
4df2
328d
2f44
8afc
efd0
0dde
02e2
2375
4286
ce0e
feee
fddd
8af2
53f1
2f21
cb0d
acba
4586
5157
f201
140f
8e2b
eeeb
b6ee
2f50
ffc0
5086
6225
eefc
fb05
8a09
e0fd
6612
0023
bbde
ff86
32d1
3235
db0f
8abb
f3d0
5512
1143
ecfd
fc7a
dddf
7112
017d
7ab9
7131
cd3c
dbdf
2770
338e
991d
f09a
1213
8ee0
2020
e00e
6655
ed21
e186
e00f
2f04
1dde
7e8c
26d1
4321
4047
2ef2
fd8a
cc1f
f3dc
2325
7a21
f253
b9fb
ffee
cadd
e28e
6535
0e4f
cbdd
8eef
24de
3656
1f62
abda
ae7e
02c3
ce0e
f115
7e0f
6577
1954
cddc
3112
047a
dede
b0df
db11
8ad9
01cf
4745
f072
dbcc
157a
7542
994d
dcfb
8ace
e220
24e2
1f32
8dba
ad7a
7633
f133
f4ee
7a3e
eaf0
35e0
4257
2932
e186
210f
1123
abec
769d
3624
2244
e4eb
4343
7b6a
bacb
92b8
fee4
7a34
0d42
abbb
f50d
f623
037a
ed03
2dd0
3e05
7a53
ca12
9fcc
7631
6155
cc7a
e1cb
ed2d
06fc
8e3e
cd00
f3c2
3064
cd0f
0f7a
e0e1
4110
e536
8a05
fd0c
0ff3
5ef1
10c0
148a
3141
cabc
f3fd
7e2e
bfdd
3435
f93d
d51a
f28a
e3f0
76f2
c4f3
8aee
ca20
239e
2323
3263
0f8e
ccec
ce9b
5545
7611
ac0c
02ab
4547
dd30
a86e
30cc
1c4d
0ed3
7eca
0eef
f2e0
6226
ff51
b976
c39b
2055
de5e
7a47
011f
dd2e
128a
7e06
4b8a
f123
31d0
ff02
76c1
debc
241e
a564
3e0d
0186
db10
e1ba
3343
6a22
2567
5516
081e
0683
317a
b80f
819c
5715
7205
fb52
bb99
11f3
6242
0e8a
bfda
c5e0
5657
9e14
030d
01e2
fbcf
caad
0e9a
44f4
2554
2122
96ed
bcfb
35ce
5420
a91b
d396
05fa
1131
d042
96ff
131f
0a20
edbe
57f1
228e
4577
cfd1
c0df
8a49
b534
fc4c
cfaa
01cd
2486
7352
2024
ffcb
76f2
fadb
57e1
aaea
eeb2
527a
2746
c916
bb5f
86f1
dc11
1045
2ee0
13dd
c07a
113f
0413
0c7d
8eb1
11df
1243
b91f
dfcc
f282
5366
4025
beff
8e01
f033
edbd
01ed
54f3
747a
0134
fb9b
060c
76ff
12cc
430e
aee2
f322
507a
afe0
cdfc
8bb8
7ac2
7466
1f40
42c1
1004
009a
e0e0
2fef
3f02
9665
ad16
c1ef
efcf
e0de
d08a
1511
c576
4ddf
82f1
bffd
6743
0f53
00fe
8476
888e
b1ab
f075
8af4
1010
2f51
20ef
0fec
f18e
2021
e01f
e3bf
7a62
fe71
9a9c
d73d
7041
f386
0c02
bbee
34c0
7e20
fe3f
e0db
3ddf
2457
2c7a
1eee
01de
33de
8e05
5013
cdf0
effe
0000
c17e
0de0
dec1
64ef
7657
cd32
21d1
e1de
acf3
3c7e
aebe
ebde
3703
7a35
f644
5011
e204
0f4e
ed7e
b89b
baaa
bdb8
8e16
6376
ec23
eeec
01e1
118a
ee0e
111f
2440
862f
f0ef
7edf
1efe
ffdf
d46a
6e06
4a48
e4dd
7a62
c853
00d8
53fe
e1f2
5e7a
41b1
ddf2
e5db
8e67
1f55
effe
f000
defe
c07e
471f
1141
26df
7a77
a17e
89a9
0d0e
1493
577a
2174
9db9
e12d
861e
11de
5640
aef4
de0c
847a
4551
eff0
eba2
7ae8
812f
7421
dc16
31cb
357a
12f3
0241
2eee
7edf
bcfd
66d0
de2f
33fd
107a
f33e
ecdf
19c6
7ae2
2eee
0aeb
d2d3
3172
0086
1ce1
05ef
f122
8a2b
e1e9
cfc2
0232
7455
5382
a8e0
b58b
825f
86f1
36f4
cf51
fffe
eefd
0f8e
0031
eebe
6603
8a25
1c02
aadc
f2ad
1574
0f7a
a003
efd2
bec4
7aa7
f4e7
bb23
22cd
3f45
3e8a
2200
db0e
bcab
8ee3
3645
1264
41f2
efff
0e7a
fed0
c01f
6e27
8adb
dfdc
1ef2
f33f
5f14
3b8a
df5d
6310
3436
86fe
ccdc
ce9a
05ee
1123
208e
f1ff
03ef
4115
8a2c
db4b
e1de
46c2
3710
6386
1a21
f39f
3f24
86ed
aaa8
36b0
7675
0e31
ec8a
a0bd
0e0d
00f0
8611
3213
f0fe
e20c
1532
558a
ff44
cc9c
3000
7a11
bc21
31cb
6745
0ae0
be76
cced
64df
d964
7abe
3230
4b6f
ffdc
6715
317a
21ee
f077
aa88
7a8d
31d1
2437
bb32
cfdf
e67a
5f21
d920
ca9a
8a2b
1303
4070
0100
f111
e186
07f9
fd51
aeba
6e12
06da
37de
232d
54fa
207e
1ef0
063e
0067
7a32
ec1c
bc98
02ff
45f0
657a
5367
d92c
daef
8ee0
bded
e0fe
1524
5f47
cc7a
0fd0
3473
21fe
7a3e
c8ed
d100
0d10
b0f7
0f6a
facd
1172
2408
7627
3d42
cf0d
75ba
1320
1f7a
cccd
f4ee
4537
8a15
b03d
1eed
db20
100c
258e
2344
0003
ddfe
7ef0
41e2
11be
4713
4253
1d7a
88db
c0ab
2fef
8a56
4044
fefe
ef1d
edff
db7a
a3e1
6533
5534
7a54
6377
d8fc
ab8a
df8c
f07a
6542
7445
0d0f
7af2
de9a
c8ca
eddf
3774
577a
e343
1623
acfe
8698
f0be
2301
e01f
0022
227e
3233
dfe0
23e0
7662
be1d
e0bb
cfcb
4401
4376
0032
ad00
2d02
7a06
6ff3
dade
dc9c
1003
e07a
e130
1435
ed2f
8698
ffcd
4623
2064
ed10
c07e
2120
99cf
8ea9
7acf
7747
3033
ca0c
acba
057e
50f5
f123
02e2
7e27
de72
aeea
cc0e
00ff
f76a
7c07
cd9e
f7f5
7a3e
122f
0dde
45df
3034
e086
bbec
03cf
7146
6afc
8efb
1e57
e975
d252
617a
ecee
b0b9
77f0
7a30
eb21
f00e
02ee
11b0
457a
baed
addb
3615
7a27
1241
fe00
ad9a
17ff
6576
5341
1f15
bd3e
76c9
dbcd
bebc
7546
2a76
8c76
d0ec
0f10
e1ed
8a11
1011
f110
0ef0
3525
638e
aa0d
dfbc
f101
8e13
0035
cf4c
2a8e
e532
3e8e
2560
0e23
daee
8ea2
2523
f173
beaa
02f3
de8a
03cc
5067
befd
8e11
bd10
f5ef
2175
e1b0
7376
8af9
0fe2
53ef
7a33
1221
14e0
ef0e
c0ae
f27a
210f
4653
1b52
7ab8
eeee
999d
f3cc
5764
258a
1d41
bc0d
00dd
7e13
2e15
e3ef
0f1f
bfaa
267e
7577
0f00
edec
7ede
33f1
2153
9dce
0ffc
ac7a
d1bb
7734
3275
7a10
e1fd
bccc
f1eb
01ee
2572
1e75
dcdd
028b
7e46
6735
0f13
bced
2f8e
2f76
dbed
72f2
4203
6a0c
8ff9
d30b
1a05
09ee
9066
ed43
f298
2261
7e23
5633
3260
ee0f
d3dc
0e7a
0214
7451
de03
7a99
d188
1322
0100
eed1
e06a
2213
89d8
5581
6a01
ab69
01bf
6726
a275
ac7e
e0ee
f0f1
21f2
6a55
400f
edfd
a0fc
a0b8
227a
4023
a90d
d0d0
8a46
2254
ef2e
21cf
efc3
187e
cf86
3f0f
ee01
86ff
4502
ee51
9cb8
02e0
567e
2275
233e
fc22
7ec8
c206
7037
d011
c07c
be7a
4e0d
1e00
ec22
86aa
b6e3
17a7
1f10
bfb9
147a
f0f5
f322
fd21
8e9e
4230
be22
30f2
de0f
a87a
ce2d
5614
f056
7ec9
cf9e
02ef
7133
1f42
f47e
4f00
f42f
fd4d
72ce
bcbb
4614
1f73
6417
fd7a
d1cf
e0fd
110f
7653
3030
eb1f
d089
1021
b266
7766
2f57
d12d
7a8c
0fae
6312
4343
3001
0e8e
aaeb
03af
4244
7a0e
34ff
de1e
f1a0
6f02
227e
52fd
faf1
e613
8211
aefe
020e
5426
0d65
9976
d1fb
2ed1
ef0a
86b1
5701
4175
defd
ddee
aa7e
ef8d
3443
4216
7a20
0cff
0410
ec0f
eebd
6376
4003
4e25
eb8d
76f2
4545
affa
f2f0
0f21
ff7e
eefe
620e
fd00
7ade
4532
4f32
5533
b830
8a6a
d281
aae0
f0d4
7a03
bafc
a200
0f05
012e
3572
e765
37e3
0344
7ea0
7452
1203
a8a0
ad8d
fd7e
1df1
16e4
ed4d
7ee2
26e3
4312
0b13
c21f
a07e
e01e
f9de
efc0
9255
0f32
f012
de01
f444
019e
fc3d
aeae
5603
8a42
cacd
10db
0002
1530
218a
f042
9e1d
94a1
8ed5
2626
1213
9d0e
f5ee
6486
dced
f2f1
4611
8ed9
5149
1ebf
3453
0f2f
f08a
0d3f
cbdb
10ed
7a22
4057
0e40
ef8e
3111
de7e
3302
4464
fcf0
762e
fce0
cfee
3530
7546
2176
cffc
b9eb
deef
7623
1202
2432
6453
abed
ef7a
bfec
51f2
fee2
7a42
9de3
30c1
2f47
5c5c
1b76
d9dd
669f
0d3e
7aef
7104
1f13
fbf2
890e
0c8e
00f0
5012
303e
761f
5e72
12cd
abeb
93c9
457a
7167
ed21
fe01
76d0
b8ab
4cf3
0f03
3215
537e
2d13
01f2
bdef
8aca
e0f1
1304
d425
e0f2
8d76
cf9c
1f11
00e0
7e27
4457
d820
aea9
4714
527a
d9dd
dedf
4754
7a41
fccc
dfaf
ec1e
20da
117e
5540
0203
99cf
7a99
21ac
4556
2c63
efdb
127a
3500
ac1e
ebec
7eb1
4336
d002
2110
fc12
f276
aaac
34f0
3213
8e30
1013
0001
eddb
12fe
4172
5411
1e61
010e
76c1
8ced
1280
1f65
46f4
4186
cfed
3300
e352
8eed
1cac
0f2e
42f0
3142
bb7e
aba8
17ac
6754
76cb
ea80
05a3
4620
9c29
f48a
32e0
0335
ee01
7ade
02ba
3223
be2f
f18b
f77a
cf21
00e0
06d2
7e22
bd03
0bec
bdea
f4ef
4376
3455
d422
3f65
8635
fc21
bfb9
1422
2e34
0c7a
2dad
11f1
0230
6afd
ffb8
dbec
6080
469e
7676
4574
a92e
fe8e
8613
1223
f241
1d1f
aaba
cc8e
11f0
1c35
4fee
8ed5
1253
0f46
f131
eec0
408a
00f1
cbf9
15ef
8a46
4376
a82e
b88a
06c0
777a
0b77
df9c
c2b2
8a5f
4323
2004
e9db
20c1
458e
2354
1223
dc0e
7ece
dcbd
99de
fdfe
2303
767a
2744
a812
e1ba
6ee1
25f3
0cfd
0d61
1b22
137a
12f4
ea2d
fecb
6a02
7505
1417
fd4d
f19b
ce7a
1f03
4434
fa22
7e9d
09cb
5f1f
f02d
64f5
2d86
cdfe
01e1
3367
8e2e
cdfc
ed9e
4412
0d31
ef7a
7300
2d06
d4cc
7ae0
ed2f
efcb
2cb0
f747
2f8a
202e
11ed
3409
760f
c37c
1ffe
1ef4
1621
3786
883b
f8e7
21c1
8ace
d24f
3013
3036
f143
dc86
bdda
21e1
1302
8a2f
e042
fdeb
24f0
3065
dd86
8898
00f1
54e2
8a44
4246
cb1e
d01c
12a4
4286
0034
dafe
30c3
9a10
0312
ec1b
f3de
1064
f08e
8aaa
5512
1f54
7a00
ccfc
bdfb
bbeb
d11f
448a
4426
2e3f
feeb
76ed
ec00
b933
019e
1c23
317a
3604
0365
ee33
7ede
dffc
e1ef
efff
5001
cb76
62f7
f421
2c44
7eb9
cf0c
82c0
31f6
1422
c976
cacf
bdd0
3122
8e21
4030
2313
3e24
ba2f
9d8e
12fd
ff00
fe0f
7a4d
f325
7c13
18f1
4221
2176
fd55
abfc
f8d1
86b4
ec41
10dd
4533
cf3d
ed76
0dbb
2103
37e1
7a41
2200
2106
cbe2
23fe
009e
0111
01ff
0eff
9606
dbf1
bc11
32d1
54e2
6582
3276
eb10
dd8b
76bd
8eff
7716
6224
beda
e08a
109d
0423
3253
7a1f
98fb
8d98
ffaf
1030
dc76
131e
f053
46df
7e47
4231
cefe
e1ef
1d47
f086
13ee
c946
ebec
96ad
f1ef
4311
5345
cafd
898e
22f1
fdf2
12d0
7a52
9c1e
d021
154d
3756
227a
fe9e
eef9
d88b
7a52
c757
99df
c189
6701
4f8e
2eff
1ff5
23ee
8643
0e21
02ab
1b53
20df
5372
b930
1fec
e1de
8666
cd10
34ef
1051
98fc
2f8a
e3cd
1232
f053
7a01
9a08
00fd
7323
4e77
d97a
caab
0444
1f00
7af0
bc1b
16ef
5fc3
20fb
029e
0e32
be0f
0ccc
8631
7521
d9e3
fc31
ed42
d18b
37ce
1fd4
8ddb
004b
0000
0000
0000
0000
0000
0000
0000
0000
0000
0000
0000
0000
0000
0000
0000
0000
0000
0000
0000
0000
0000
0000
0000
0000
0000
0000
0000
0000
0000
0000
0000
0000
0000
0000
0000
0000
0000
0000
0000
0000
0000
0000
0000
0000
0000
0000
0000
0000
0000
0000
0000
0000
0000
0000
0000
0000
0000
0000
0000
0000
0000
0000
0000
0000
0000
0000
0000
0000
0000
0000
0000
0000
0000
0000
0000
0000
0000
0000
0000
0000
0000
0000
0000
0000
0000
0000
0000
0000
0000
0000
0000
0000
0000
0000
0000
0000
0000
0000
0000
0000
0000
0000
0000
0000
0000
0000
0000
0000
0000
0000
0000
0000
0000
0000
0000
0000
0000
0000
0000
0000
0000
0000
0000
0000
0000
0000
0000
0000
0000
0000
0000
0000
0000
0000
0000
0000
0000
0000
0000
0000
0000
0000
0000
0000
0000
0000
0000
0000
0000
0000
0000
0000
0000
0000
0000
0000
0000
0000
0000
0000
0000
0000
0000
0000
0000
0000
0000
0000
0000
0000
0000
0000
0000
0000
0000
0000
0000
0000
0000
0000
0000
0000
0000
0000
0000
0000
0000
0000
0000
0000
0000
0000
0000
0000
0000
0000
0000
0000
0000
0000
0000
0000
0000
0000
0000
0000
0000
0000
0000
0000
0000
0000
0000
0000
0000
0000
0000
0000
0000
0000
0000
0000
0000
0000
0000
0000
0000
0000
0000
0000
0000
0000
0000
0000
0000
0000
0000
0000
0000
0000
0000
0000
0000
0000
0000
0000
0000
0000
0000
0000
0000
0000
0000
0000
0000
0000
0000
0000
0000
0000
0000
0000
0000
0000
0000
0000
0000
0000
0000
0000
0000
0000
0000
0000
0000
0000
0000
0000
0000
0000
0000
0000
0000
0000
0000
0000
0000
0000
0000
0000
0000
0000
0000
0000
0000
0000
0000
0000
0000
0000
0000
0000
0000
0000
0000
0000
0000
0000
0000
0000
0000
0000
0000
0000
0000
0000
0000
0000
0000
0000
0000
0000
0000
0000
0000
0000
0000
0000
0000
0000
0000
0000
0000
0000
0000
0000
0000
0000
0000
0000
0000
0000
0000
0000
0000
0000
0000
0000
0000
0000
0000
0000
0000
0000
0000
0000
0000
0000
0000
0000
0000
0000
0000
0000
0000
0000
0000
0000
0000
0000
0000
0000
0000
0000
0000
0000
0000
0000
0000
0000
0000
0000
0000
0000
0000
0000
0000
0000
0000
0000
0000
0000
0000
0000
0000
0000
0000
0000
0000
0000
0094
0000
0000
4405
9c44
5555
5555
4445
4444
6684
6666
5565
3244
8411
ddff
bacb
aaaa
bbaa
8874
bcaa
dccc
cccd
64cd
bc9a
efcd
01f0
1111
1168
0101
1201
4523
6856
6566
2043
cbfe
98a9
cb78
bbcb
baba
9aaa
749a
ab9a
debc
12f0
4534
5678
7766
7777
6566
8844
2121
1212
3322
4444
5488
3244
0021
ddef
78dd
aa8a
cdbb
eddd
ccdd
bb78
a9aa
abaa
eecc
7c00
4523
7666
5576
2143
0078
0fff
2311
6645
8477
3344
0f21
cced
aabb
bb84
ddbc
00ef
1111
7811
0e10
cced
ccbc
00de
1288
4323
4454
3243
6821
ed10
cdcb
12df
6736
2288
1122
fe00
cbdd
84bb
abaa
ddbc
f0ef
1101
5468
3143
ee0f
f1df
8835
3423
5555
4565
2133
fe74
a9cb
ab99
efbd
7801
2211
1f11
cbee
88a9
8878
ab89
f1dd
3413
7c54
5465
1032
ff0f
1300
2288
4534
5555
4354
8822
ee00
ccdc
ccbc
eedd
f074
2212
1f22
cbfd
78a9
a9a9
cdbb
22ff
5534
6674
4455
1132
0000
7401
2311
5644
6666
4365
2174
dc0e
a9ba
9999
749a
ccab
eedd
eeee
dddd
cd78
cccc
ccbc
decd
78ff
3311
5645
7666
7676
6678
5555
4444
2334
7c22
1021
fe0f
cbdd
98b9
9978
9888
ab9a
efcd
7c00
1212
0f11
bbed
8899
dd88
efde
2200
4534
8c55
6576
3253
0f10
eeee
ab68
02de
7644
6476
7821
dcff
bbcb
debc
23f1
5678
7667
3265
cb0f
8ca8
aaba
bbaa
efdd
2301
5678
7576
3163
dd0f
84cc
ffee
2301
4534
4455
6474
ed20
99ba
bc99
78df
33f1
6656
4365
eb1f
cb84
aaba
abaa
decc
6cff
34f0
5465
fd21
abcb
0094
1201
3423
4444
8444
6476
1032
eefe
efee
cf68
4613
7576
0d42
8cb8
bbdc
9aaa
bcaa
efcd
f078
1111
ed0f
a8ca
8888
cdbc
f0de
3312
5655
6688
4556
3133
1021
6810
3432
6746
7677
2f53
ed78
9acb
8989
bc9a
68de
22d0
6554
2154
a9fd
a974
8898
9a89
ddbb
70ff
23f1
6645
7777
7777
4478
5444
5554
4445
6433
3253
1111
1111
1111
7738
4355
0022
130f
7467
1111
0f10
dcee
aabb
aa78
abaa
bdac
efde
6800
3422
4434
5544
6756
4478
6655
7777
7677
6855
3175
b9ed
8898
bc99
f174
2312
2132
ec0f
8ca9
bacb
aaaa
cdbb
f1ef
3474
4445
2233
1111
8412
2312
5534
6666
5465
3284
fe10
ccdc
ccbb
74cd
debc
00ff
feff
badc
9974
8888
ab99
e0ce
6c11
5644
4255
db1e
8899
f098
01f1
3322
4544
8444
5377
ed10
a9ba
abaa
8878
ceac
0fff
dbfe
88a8
a9ba
aa99
dfbd
3301
4488
3344
ff11
cbdd
9ccb
efde
1301
5644
6666
7784
2064
cafd
98a9
8c99
ab89
efcd
1101
0011
ed84
aacc
aaa9
debc
84f1
4523
5555
3143
ff10
fe84
01ff
4422
6756
8477
5576
1f32
caed
88a9
8984
ab99
efbd
1201
7c32
5475
1f32
defe
f0df
1278
5534
7776
6576
6c43
1f63
bbec
abab
cebc
f078
0000
fe0f
bbdc
7899
8898
ab99
ffcd
4422
6678
7777
5466
1133
7800
f0f0
1201
5534
7767
7778
5365
fe21
aadb
7888
8988
cdaa
01ef
1012
0f84
dcee
bbcb
cdbc
88df
12e0
5534
6666
4465
6478
0f22
f0ff
4513
8477
6666
4365
fe21
a9cb
8884
9a89
dfbd
2301
8844
3334
1f21
dbfd
baca
aa8c
eebc
3411
6655
8466
3354
1122
1111
3322
458c
6656
5466
0f32
84dc
98a9
9988
cdab
f0ef
0084
fe0f
bbdc
aaaa
88bb
e0dd
3512
7756
6677
7774
1f52
dcdd
f1de
8c24
4523
6556
4364
fe11
ed88
cbcc
cdcc
efde
8800
0001
ee0f
bacc
8999
8988
bc9b
12ef
5735
8877
7777
4356
1132
0000
1184
3423
5545
4354
7821
ed20
98ba
8888
ab9a
ef84
ffff
dcee
bacb
8499
9999
bb9a
ffcd
3311
4584
5656
5555
3344
7432
4444
5545
7766
7677
6678
3245
ff20
cbdd
74bb
abaa
ccbb
cbcc
a9bb
cc84
bbcb
bcbb
decc
88f0
2301
6644
7767
6567
5488
1233
0000
00f0
7410
5644
5566
1043
b9ec
dc88
bccc
cecc
ffde
84f0
0000
edff
cbdc
bbbb
ab8c
dfbd
23f1
5645
8c66
5465
1032
eeff
dede
ee78
13f1
4534
4344
6821
cb0e
9898
cd9a
4602
2288
2223
0f11
dcfd
88cb
bbbb
decc
01e0
3322
6674
4265
0f21
efff
7cf0
2301
5645
7676
4365
1074
ff0f
01f0
4523
7856
7565
4465
fd11
a8ca
ba8c
aaaa
cdbb
ffde
6400
0e11
badc
8898
ab89
ef78
2200
4433
4344
7443
2222
2212
4533
6756
7674
4465
0e21
baec
78a9
99a9
a999
bbba
bbbb
ba78
aaba
aaaa
bcbb
78dd
01ff
3523
5646
6666
7674
7777
7777
7676
7866
4455
2032
ef1f
dcdd
cc78
cccb
cdcc
cdcd
68cd
8888
8888
aa99
debc
0164
5523
7767
7777
7477
4434
5555
5555
3243
217c
ed0f
bacb
999a
789a
ccbb
decd
eedf
fffe
8a5c
8999
9989
bcaa
48de
23f1
5545
5565
6655
4458
6756
7777
6677
6c66
4544
6656
5576
0f32
dc6c
aaba
bdab
13ef
7847
4434
4344
0022
edfe
986c
9988
debb
22f1
6444
3344
fd10
99ca
9b89
ff8c
1301
5534
5556
7c54
5376
0021
00ff
3412
5578
6666
3254
dc0e
78a9
8888
9a88
ddbb
efef
ee78
bbdd
98a9
9988
88ac
01e0
3423
5444
4243
4378
0f11
000f
4622
8867
5454
2244
ee10
bbdc
aa84
cebb
12e0
4433
8c43
2042
cbfd
8899
9b89
df84
4512
7766
5476
8831
fe2f
cbcc
cdbc
11ef
3488
5545
4153
ed10
84db
abaa
efbd
3402
5545
4488
1133
ddff
bccc
88bc
efdd
2201
4443
3243
417c
bafe
99a8
dfac
7813
6745
7576
1043
baec
9878
9988
dfbc
3512
7856
5566
1033
dbfd
aabb
aa7c
efbc
3512
6656
6865
3165
cb0d
8899
bb99
df6c
4503
5466
fd31
74ba
bbcb
ccbb
f0de
3413
4478
4445
2133
ff10
68ee
a9aa
aa99
ddbb
11ff
2368
5544
5556
4355
4832
1e72
99cb
9a89
efcc
0148
2021
cb0e
8899
588a
01ef
4534
3355
a80e
cb74
98aa
9988
ceab
68f0
5512
7667
4164
fd1f
dd68
eedd
1200
4433
6c44
4455
1032
dcfe
bbcb
cd6c
13e0
7755
5376
782f
ccee
aaba
bbaa
e0dd
0368
7645
6476
0d31
6cda
8898
dfab
3412
1033
ff78
ccdd
bcbc
e0dd
7402
5645
6566
3354
ff11
ed78
bbdc
bcbb
efdd
6800
2212
0f11
cced
ccbb
ef68
4503
7677
2f63
88da
dced
bccc
ddcc
f0ee
e368
6745
7777
3356
5c20
ca0d
abaa
efcd
ff00
ff78
dced
bbcb
decc
74f0
5634
7677
3265
ed1f
dc78
bbcb
ddbc
12ff
7424
5545
4355
2132
0f00
ea48
abaa
ccbb
cbcc
64a8
bacc
a9a9
bdaa
12df
227c
6644
7777
5576
5832
db4f
8898
bd89
57f2
3474
5545
4354
1032
78fe
cced
aaab
abaa
cdbc
ab68
dddc
cbdc
98a9
8888
ffee
11f0
3423
5545
5588
3244
0e20
ddfd
8cdd
efdd
2301
5544
4455
228c
ed0f
bacb
acab
74cd
02df
3223
fe21
98ca
bb84
bcbb
f1de
5624
8877
7777
5476
1f31
dced
9978
dfac
4513
6667
7455
ec20
98b9
9a89
f0cd
1178
4333
2142
dbfe
84a9
bbbb
decc
23f1
6645
5688
4354
0f21
dced
8ccc
debc
23f1
5645
4355
3178
cafd
8898
ab89
78ce
12f0
3122
ed1f
98b9
bb88
cccb
efde
1100
6421
6477
0e31
a9db
8998
dd74
00ef
4523
6756
7c66
6576
2143
ff00
eeef
ff78
efef
edee
cbdd
74ca
abaa
ddbc
00ff
1111
2164
ff10
f0ff
3502
7867
5544
5656
5555
5555
5578
4555
3334
1122
740f
dced
aabb
aaaa
bbaa
bc74
cccc
dddd
efde
7800
3311
5544
4555
3233
1174
2211
4423
6756
7477
6677
3254
0f21
eefe
ef8c
eeee
dcdd
bbcc
8cba
aaaa
ccab
01ee
3523
6778
5476
fd21
aadb
84aa
00ee
4422
6656
5466
7674
1f42
dced
efdd
8401
2212
1022
dc0e
98aa
9988
bb99
f1de
4523
8455
3254
ed1f
bacb
bcaa
ce84
23f0
6645
5466
7432
db1f
89a9
bd9a
45f1
3388
4444
2143
dd0f
84bb
aba9
e0bd
4513
6656
5488
2043
dd0f
cccc
74cd
13df
7746
5477
ec30
ed88
bbcc
ccbb
f0de
8412
5544
4355
1031
eefe
bd78
efcd
3401
7756
7477
3165
cb0d
8899
ab89
8a68
24df
7757
2055
78eb
aacc
aba9
eebc
2301
4578
7656
7777
7777
7867
5666
5455
3344
1f21
fe84
cbdd
aaba
aaaa
84bb
cdbc
efde
00ff
1111
4468
4445
4444
5645
7477
6655
7777
7777
7676
7674
7777
6676
3254
841f
ddfe
bacb
99aa
aaa9
ab88
ccbb
dedd
efef
74ff
ffef
1100
4423
6756
6778
7677
6475
4454
7444
5545
7766
6566
2143
ff84
dced
abbb
bbaa
78bc
ac8a
ddcd
cded
a9bb
dc88
dedc
01ef
4523
8866
7777
5466
2032
ff0f
ef8c
11f0
4533
4455
8832
ed00
badb
abaa
debc
e07c
5725
6577
fc31
88b8
bbcc
cdbc
11ef
6543
7784
5466
0f21
dced
84dd
01ef
5624
7767
4366
1f84
baec
8998
ac9a
78de
12df
5544
1043
a9ec
cb88
cdcb
00de
4422
8855
4455
1233
0f00
000f
0278
4523
6656
4365
7820
bbee
8999
9b89
dfbc
0164
4534
5555
5555
6845
5444
6756
7777
4375
1f68
ccfd
bbbb
ccbb
68cc
dddd
cdde
aacc
8898
bc74
efcd
1200
3433
6844
7677
3355
1222
3422
5664
7777
5376
fd20
68ca
98ba
9998
ceab
22f0
5564
4244
ed10
99ba
6889
cdab
14f1
6746
7777
7668
4364
0021
f0ff
6801
5633
7667
3164
c9fd
ba74
8898
9b89
e0bd
7813
4423
3354
fd20
99cb
8878
ab89
02de
6735
7877
6376
0e31
dcec
f0de
1288
4533
5445
2143
880e
bbec
999a
bdaa
01df
348c
6656
4365
fe20
78cc
8888
deaa
4401
7767
7574
fe42
98ca
ab89
84d0
3412
6656
5466
0f32
dc84
a9ba
ab9a
efcd
7801
3413
3243
ed00
bbcb
bc78
e0ce
3412
5545
6854
3277
dc0e
dfcc
5703
667c
7777
5365
fd20
74ca
8898
ab89
eecc
01f0
006c
dd0f
99ba
ac8a
7ce0
3312
4344
0e21
b9db
dd8c
ffde
3412
7756
8477
3255
ed1f
bbcc
bcbb
9b74
f1ce
3423
2133
780e
cbed
abba
debc
2300
5574
5455
0f32
a9dc
8898
cdcd
f0ee
3312
5444
4388
1032
dcfe
abbb
84ab
debc
12f0
4333
3243
7464
ca2f
8898
cf8a
7425
6745
6577
1f43
baec
dd88
dedd
11ff
4533
8855
4354
0f21
ccee
bbcb
ab8c
efbd
3412
5555
8c43
fe21
badb
9a9a
debc
f178
4524
4455
0f21
74dd
abba
debc
2401
6655
5578
2043
cbfd
8899
7888
be9a
24e1
6655
4264
2f7c
bbed
abaa
efcd
5801
6646
3164
bbfe
bda9
0078
3523
6766
5466
7832
ec0f
a9ca
aba9
efbd
0088
0111
eef0
cbdc
88bb
cdbb
02ef
4524
4455
6374
cb1e
8898
ce9a
8402
5533
6666
3255
ec1f
db88
aaba
bcab
ffde
8411
2122
ed0f
aacb
aba9
bd84
12ef
5635
6566
7854
4276
ff10
f0ef
3411
338c
4343
1032
dcfe
88ba
abbb
cebc
01ef
2212
4374
0e21
cbdc
bcbb
84de
1200
4433
4444
2233
3368
db1d
aaaa
dfbd
7801
2111
0f10
cbed
98a9
8878
9988
ddba
00ef
7c12
4433
5655
6556
5666
5578
6555
5565
2143
740f
badb
8898
8988
ab9a
cc74
ddcd
ccdd
bbcb
8cbb
efde
11f0
3423
5545
558c
5354
3343
2223
7822
2123
ff10
cbdd
99ba
8874
9888
ab9a
ccbc
78dc
bbcc
899a
aa88
f2ce
3484
5545
4454
2132
8411
1211
4523
6656
6576
2298
0011
edfe
ccdc
88bc
8a88
cdab
f0ee
fff0
dc78
a9ba
ab9a
12de
8856
6755
7777
5475
1132
008c
f1f0
2302
5645
8466
3254
ed10
aacb
aa9a
8876
cd9a
eede
cbdd
7aaa
aaaa
debc
2502
7757
448a
4343
2232
1212
7a12
5644
6666
3254
db0e
997a
8988
dfab
3301
8e43
0021
cbed
a9a9
bcaa
bd7a
34f1
7666
3265
8a1f
eefe
ffee
2301
6745
778a
5577
1042
ccee
7acb
8b88
e1be
2112
eb1f
ee9a
ccdd
cbcb
ddcc
76ee
24f1
5555
1143
edfe
f09a
00f0
2211
3433
9a44
5454
4454
4343
3232
6676
3354
0f21
cbed
86a9
bbcc
bbbb
ccbb
ddcd
cd76
f1df
3413
5555
7e54
5364
2132
1111
3522
467a
7766
5365
fc10
7aca
8898
8988
ab9a
bcbc
cc7a
cccc
bcbc
ddcc
7aef
22f1
5645
7676
5365
327a
1121
3322
6655
7677
6677
3144
fe10
ddee
ca6a
aaba
8999
9988
66ab
ddcd
dded
cbdc
98a9
bb7e
a9aa
bcaa
01de
7a34
5645
4355
fd20
99ca
cc8a
decd
01e0
3423
7644
7577
2243
2211
6735
448a
6555
5465
2032
7eff
98b9
ab89
00ce
3423
128e
fe00
bbdc
aaaa
76ab
ce9b
12f0
3333
1022
008e
00f0
2412
5645
8a66
3344
0f11
dced
cccb
897a
ccab
eddd
cbdc
7aa9
8898
ac99
11de
6744
777a
6577
3153
1120
8a23
4423
6766
6677
3154
1f8e
badc
a9a9
cdbb
8aef
10f0
ff00
dced
cccb
897a
d0bd
4513
7667
7a76
4355
1122
1101
4422
567a
7767
5576
0e22
86db
bbcc
bbba
cdbc
eedd
dd76
edde
dcdd
bbcb
86bb
f0ee
2201
4534
6555
558a
4454
2233
1121
7601
0000
0000
edff
a9cb
cb86
bbbb
ccbc
eede
7aff
eeee
dced
cbcb
ddbc
f08a
3311
5645
6566
7664
4275
fe1f
eeed
f0ef
f06a
ff00
cbec
9899
6aaa
e0bd
3413
2143
b8fc
a976
8998
bc9a
01df
7e24
6745
7677
4364
1222
137a
5524
7776
5476
7a20
c9fc
8898
cd9a
34f1
348e
2234
ed1f
99bb
8698
bcaa
f0de
2212
2132
1086
ff0f
01ff
4513
9a67
4434
4344
2132
ff00
9976
bd9a
01ef
1011
86fe
dcee
aabb
bbaa
decc
df76
00f0
edff
bacb
8aaa
e0ee
2301
5645
6667
658a
3354
1122
1010
8e10
1111
0010
dcee
aabb
bb8a
ddcc
f0ef
1111
8a21
ff01
dced
bccb
ddbc
ce7a
34f1
7756
7777
7665
3344
2222
3433
4545
557e
4354
1022
ee0f
76ed
efee
1200
4423
4444
1186
fe00
cbdd
abbb
7abb
9b88
f0cd
4422
5454
437a
2022
2120
4533
8a77
5545
4455
1132
edff
b97a
bcaa
01df
4433
8e43
fe11
badc
8999
ab99
897e
f0cd
2312
2323
8a23
2211
3423
5545
5555
777a
4274
0f20
feff
7aff
eeef
dded
bccc
bbbb
bb76
ddcc
eeee
ddee
7acb
abcb
bcab
02de
6725
458a
4445
1032
ddfe
7acc
bc99
22ef
5545
3154
0e7a
98cb
8a88
f1bd
8a35
4333
2032
dd0e
cbcb
cd86
13e0
6745
7677
8e54
1053
bbed
9999
ab9a
ab7a
e0ce
fff0
dbed
8aba
eddd
01ff
4322
4444
667a
2144
1010
3412
8656
5544
4344
0f21
dced
bb86
bcbb
eecd
11f0
6a12
3235
ca0e
8898
bc8a
0176
4423
5455
3243
6a11
1f10
0100
3412
6756
4376
2032
dcfe
aabb
7aaa
ddcb
12ff
4524
5455
7466
ec30
88b9
9a88
6ace
23e0
6646
5375
ec2f
cb76
bcbb
f0de
4523
7a56
4345
0031
dced
cdcc
ef76
3402
5545
3254
6a10
ed0f
e0de
4512
7666
327a
ee10
99bb
8988
669b
f19c
6735
6476
0e31
ff7e
ffee
2301
6645
7666
3253
0f10
ffff
2200
337a
5545
3254
da0e
8e98
a9a9
bcaa
f0de
1001
1f8a
dcfe
bbcb
ddbc
9e00
3412
5545
4354
1031
cb76
9a99
d0bc
4513
8666
2132
fe1f
cbdc
bcbb
897a
deac
01f0
fe00
8adb
ccdd
cdcc
f0df
3523
7786
7677
4365
1132
6a00
1120
2322
1022
baed
bb76
bbba
ddbc
ffee
76ff
dcfe
a9ba
8888
9a89
bc7a
01de
4624
7766
7666
4465
2233
2322
4433
447a
4243
0021
dcee
7ecb
aaaa
ddbb
00ef
0f00
fe7a
cbdc
9aaa
bcaa
8aef
2302
5645
6666
4355
647e
ec10
bbcb
e0cd
8612
2222
1f21
dcfe
bbcb
bc86
decd
00ff
1111
6a10
eb2e
98b9
bd9a
5702
338a
4544
4344
1132
6e00
abcc
bcab
eedd
ddee
db6a
baca
ccab
14f0
8a66
2222
0f10
cced
bbbb
bc86
01df
4524
5556
7a43
3063
ee0f
11ff
5735
448a
4344
0022
dcee
76cc
bd89
4502
7777
2064
0e8a
badc
9aa9
cdab
86e0
4523
4455
1f31
ddfe
de8a
ffde
2311
4434
7a43
4375
0f21
f00f
2311
347a
2234
fc1f
a8ca
8e88
abab
ccbb
dccc
cccc
cc8e
decd
01e0
4423
8e56
6556
4355
3242
2323
3386
4444
3344
0021
7aee
a8ba
8888
ac99
eecd
fe7a
ddfe
99bb
8888
8688
efdd
1200
4433
4444
677a
5566
4555
4444
6a33
2f43
c9fc
88a8
aa88
ab6e
f0de
1111
ee00
66cb
99aa
8988
aa99
ccbc
cb6e
cccc
decd
23f0
7656
5645
6766
6666
5465
6466
dc20
88a9
bd9a
7ae1
3412
7665
4366
ed20
ca7a
8899
aa88
efbd
7602
4334
0f32
b9dc
9a99
ee86
2301
6755
6677
7654
2074
bbec
cdbb
12e0
227a
3132
fd1f
99bb
7a88
8a88
cc9b
ffed
0ff0
0f7a
f00f
1200
3423
7a44
3444
2223
1112
3322
457a
5556
2043
b9ed
8e98
abaa
debc
2401
5545
3286
ed10
bbcc
cebc
86f0
4623
7767
4365
ec1f
ba86
aaa9
efbc
3302
8644
2133
dcfe
babb
debc
f086
4423
5455
2143
7a0f
bbed
bbaa
01dd
6734
777a
5477
0f32
defd
7add
f0fe
0000
ee0f
cadc
b97a
99a9
bcaa
ffde
6a10
3332
3232
3332
5534
447e
6655
6566
4354
4a22
1f64
cddd
00df
d90f
ee7e
bacc
8999
aa89
6acd
13df
6645
4356
0031
dc5e
baca
cdbb
01ef
6a23
2212
3433
5545
6665
5566
3354
1021
ddfe
7abb
dcdd
bccc
ccbc
ffed
1276
3223
0f22
baed
7a98
8888
bd99
12d0
4434
437a
2032
0110
3311
7a45
5656
4354
0021
eeff
b85a
dfbb
3301
0f33
7ab8
badc
99a9
bdaa
12ef
5676
6666
2043
baed
7a99
bdab
23e0
5646
3254
0e7a
baeb
acaa
03df
8646
5545
3344
0f11
edee
a86a
df8c
5513
5365
7e1f
bbed
9a9a
efbc
3211
118e
fd0f
aacc
9999
7aaa
dfaa
3402
5555
3143
008a
000f
1201
3423
7a44
5477
ed20
bbcb
e0cd
227a
6655
4365
cc00
8a98
babb
ddcb
12f0
5534
558a
3244
fe10
ccdd
7acc
cd9a
23e1
6655
5465
536a
da1e
99a9
f0bc
7634
5545
4354
1f21
ddfe
dd76
f0ee
3412
5545
8a54
1021
edff
ccdc
ccbc
9a76
cdbc
eddd
eeed
8aee
f0f0
1201
3423
4444
7776
3265
0020
1100
7e23
6645
7677
2054
b9fc
8876
9a88
cdab
eddd
86dc
dced
bbcb
cecc
12e0
348e
7656
6576
1033
86fe
eedd
13f0
5544
4355
647a
fd20
bccc
efcd
8a01
1111
0e00
dcfd
bccc
897a
e0ad
5734
6677
8e32
ed0f
bacb
cdbb
12e0
4586
4455
2032
fe0f
7eee
f0dd
4413
4254
c91e
cc8a
9bab
cdab
11ef
8a23
3233
0f21
cdee
cbbc
987a
ceab
23f1
5655
7666
4455
3333
4544
5555
547e
1042
bbed
8999
669a
e09b
5523
4255
ed10
ca5a
ad9b
25e1
7766
7e64
0f10
ffff
1200
5634
567a
6566
2153
dafd
7aa9
9998
bc9b
ffde
0100
d44a
1011
0f10
01ff
7657
3422
5645
6666
4355
536a
dc1f
bbba
f1ce
8633
1121
fe00
badc
9aa9
ab86
f0cd
4513
5455
8632
ed1f
aabb
bcaa
02df
138a
5544
5455
2133
6e00
aaca
e1bd
5635
1e53
dd7a
98aa
ab99
01de
7e33
5556
2143
dcfe
abbb
8b6a
23ce
7757
2075
8ada
eded
efde
12f1
4534
448a
2143
ed0f
ccdc
7add
01be
6745
6577
0e42
ba76
9a99
02cd
7745
7a77
3255
db0e
89a9
ac8a
e07a
5613
7767
4365
7621
f0ff
3301
6655
4365
118e
dcfe
a9ba
bba9
7ace
11df
2122
dc0e
88a9
bc86
f0de
4523
7767
8a76
5465
2233
2121
2322
577a
7667
3265
da0e
8a88
a9aa
aaa9
ccbb
eedd
896e
bcab
ddcc
efde
7601
3312
4534
6656
7777
548e
5555
5455
2143
860f
bbdd
aaaa
bbab
decd
ce66
4502
6666
3254
7622
2211
4434
5555
3254
316a
b9fc
8888
f2bc
8647
4434
2243
ec0f
88ba
bb9e
bbab
dfcd
11f0
7a22
7577
2153
0f0f
3411
348a
6755
6566
2143
7aff
98b9
aa88
e0cd
1000
0f8e
dcfd
aabb
bbaa
5add
038a
6566
ec31
99a8
f086
3412
7756
7677
7654
1f64
cced
f1de
6624
338a
2133
dc0f
88aa
8688
bc89
02ef
3323
1022
fe86
ccdc
e0dd
4512
8a77
7677
4365
1f21
f100
028e
3523
5445
2143
8efe
a9cb
8989
bc9b
ffde
ef6a
dbee
a9ba
cfac
8a25
4523
7666
5475
1f22
ea6a
8888
cf9b
5603
8a77
1021
ddff
bccc
decc
df7a
3403
5455
1f32
76ed
aaba
cdab
23f0
6746
6776
5365
0f21
dded
6edd
bcaa
decd
dcdd
aabb
bb6a
decc
22f0
6544
6a66
5465
3343
4433
7766
4476
2143
ed0f
a9bb
7699
bc9a
02df
5634
5365
118a
ecfe
baca
bcab
7ade
35f1
7777
4274
ec0e
de86
01ef
4523
5556
8a54
1032
ccee
abab
debc
008a
3423
4344
1f21
76ee
8988
deab
23f1
3344
217a
ed0f
dedd
2401
8e66
5555
2144
dc0e
baba
9a7a
02be
6745
5366
7a10
a9dc
9b99
12de
7756
558e
2143
dbfe
aaba
86bc
24f1
7756
6476
0e31
dd8a
99aa
aa89
e0cd
7a12
7767
4476
0f21
f1ff
037a
5635
6466
1042
66ee
ab99
24ef
7766
0d53
ee86
bbcc
abab
cdbc
66ef
34e1
5455
fd21
bbcb
ef7a
12f0
5744
7767
7e65
2164
ccfe
ccbb
12ef
447a
5556
2053
bafd
8e88
9aaa
ab9a
ddbc
0ffe
306a
2222
1222
2312
7a45
4433
4444
2233
0111
017a
3412
7756
6576
7e33
ed10
a9bb
acaa
12df
228a
3232
fe10
a9cb
8a98
9a89
efcc
1302
2223
227a
edff
decd
33f0
8667
6656
4355
0f21
dced
aa7a
deab
4512
7676
7663
db1f
88a8
9a88
bcab
bc7a
cccb
cdcc
f0de
8e23
5433
5465
1143
dcfe
dc8a
decd
22f0
4434
8a43
0e21
badc
abaa
f0cd
248e
7757
5477
fe31
7adb
8898
d0ac
5614
6577
218a
ddff
aabb
bbaa
66cd
03ad
4244
fe10
efdd
017a
4522
6756
5566
7a44
3333
5644
7767
5476
108a
dcfe
a9ba
aa99
76bc
01be
3333
fe20
aacb
ef96
00ff
2312
4434
8a44
5577
2142
ff0f
00ff
1186
2222
0f11
ccee
8eba
8899
8988
bb9a
decd
ff86
0000
2211
3423
8e45
6756
6667
4355
0021
aa66
bcaa
00df
0f11
8edb
dcee
aabb
abaa
efcd
2476
7756
5466
0f21
7aed
efee
13f1
6645
6576
4276
db0e
88a9
9a88
7abd
f0de
0f00
caec
9898
897e
f0bc
3413
4344
8633
1211
3423
5545
4455
438e
fe21
aadb
8888
7689
ac88
01ef
0f11
a9dc
dc8a
dedd
12f0
4635
8a66
5465
0f22
defe
f0ee
128a
5634
6767
4255
861f
badc
bcbb
eecd
eeef
cb7a
99ba
ab99
e0be
7a12
4333
3343
2323
5634
4586
7756
6576
0f32
8edc
99ba
bd9a
23e0
6545
4386
ed20
a9ba
ab99
7ece
13ae
6656
1f53
99db
cd8a
efdd
2301
4645
8655
3344
2122
2221
2122
109e
edff
bbcc
abab
76bc
ce88
3302
1f32
a9dc
dd8a
dece
1300
5745
8a67
7576
4465
4343
4544
6686
6666
3254
ee10
8acc
bccc
ccbc
dedd
feee
c95a
03cf
6745
5356
6a30
fe0f
f0ef
4513
7667
1186
fe00
dded
cbcc
86bb
bbbb
ccbc
efde
11f0
2376
4444
4444
2233
8e21
1111
2312
5535
7676
658e
1143
ddfe
cdcc
6ade
efad
fe0f
a9cc
8898
bc7e
ffdd
3412
6655
7666
3243
1212
3423
4445
118a
ee00
cbdc
edcb
86ff
3322
2133
dc0f
99b9
9a8a
ceab
23f0
5645
7655
3075
bbed
cdbb
23f0
2386
3333
0f21
cbed
8aba
abbb
ccbb
edcd
f0ff
018a
3422
6545
5466
8e43
fe21
bbdb
bcab
f0de
118a
2121
ee00
bbcc
86ab
e0cd
4513
7667
4365
427a
cb0e
aaaa
f0cd
8e24
4433
2133
dcff
a9ba
aa86
bcab
eecd
ffef
7a00
2311
5544
6465
3253
0086
0100
3412
6756
8a77
5576
0f33
baec
8889
888a
ac9a
efce
fff0
8aee
bcdd
aaab
cdbb
12ef
4686
7767
7677
4355
7e32
5575
5655
7666
6476
218e
ed0f
a9bb
8889
7699
ab88
ddcc
ccdd
aabb
ba7a
eecc
3402
6757
8e77
4454
4444
4545
4555
6476
fe31
bbcb
e0bd
8a35
5433
4355
fd20
98c9
aa9e
abaa
cebd
01ff
7e11
3265
cb0e
acaa
25d0
4686
7767
6566
3344
8e33
4544
4445
1f32
b9ec
a98a
8a99
bc9b
ffde
8a0f
ee0f
bbcc
bcab
02df
229a
4434
4454
2133
7a11
01f1
3412
5545
3244
1f7a
cbed
abba
bbab
86bb
cbdc
99aa
aa99
e0cd
f17a
5544
2154
ccfe
86bc
01ef
3423
5555
3254
218e
ed0f
efed
2401
8646
6767
4365
ed10
98ba
988a
8988
bb99
eecd
6a00
5615
5466
fe21
aacb
ee8e
f0ef
3311
5545
7665
6477
1f31
010f
4412
457a
6656
7676
5365
7631
cbfd
88a9
ab99
02df
237a
5645
4354
ec10
8eb9
aaba
bdab
12ef
5534
548a
2243
edff
bccc
8ecd
02df
6745
7677
3254
008a
f0f0
2301
4635
8e55
4265
ed10
aacb
a999
bb8a
ccbc
ddcd
efee
7eff
eeee
cced
99ba
8988
f096
2301
5544
5565
8e43
3075
bbfd
bcaa
01de
1196
0011
dcfe
aabb
9aab
cdbc
ffee
0ff0
ff0f
dd8e
ddcd
12ff
5634
8e66
5566
3244
2232
4433
5686
6666
5465
2233
7a11
4533
7756
5476
eb2f
cb86
bcbb
f0de
3413
8644
2143
ed0f
bbcc
ccbb
ab7a
01ce
4423
2233
7600
01ff
4523
6666
3254
107a
cbee
a9b9
9999
8699
cccd
cbcc
bbbb
cdbc
de8a
11ff
4423
5555
8655
3243
1121
2211
4533
558a
6666
4365
1e30
7aed
8898
ab88
debd
ccde
dc86
bbcb
cdbb
01ef
7a23
6747
6677
4455
4645
667a
7777
5365
fd11
6adc
9c89
25e1
7576
d830
dc8a
99ba
aa98
efbc
7a02
7746
5366
fe11
efde
018a
5523
6767
4365
8a10
ccfd
bcbb
efce
1100
117a
dd0f
aabb
bcaa
6acd
eedd
dcfd
a9ba
dfbb
127a
5635
6566
2143
7a0f
010f
4513
7767
5376
0f8a
baec
8999
bc9a
86ef
5524
5566
1f32
cced
bc8e
dfbd
3402
6556
7a64
1063
badc
bcaa
12df
357a
5555
2042
caed
7a98
8888
bd9b
12ff
4534
557a
5354
2132
ff00
5afe
bbb9
f1de
2413
4434
117e
0f10
dbed
aaba
86aa
f0ef
3312
5645
5556
777a
1f53
baeb
ab99
8abd
01f0
1111
fe0f
bbcd
bb8a
bdac
ffde
2110
8a21
0011
fff0
1100
4533
678e
7677
3154
ee1f
7add
ddbc
ffef
ecfe
98ba
ba8e
ccbb
01ef
4333
8a42
ed10
99ca
9a89
e1be
258a
7757
6577
2143
7600
ffee
2301
5444
3244
755a
ee1f
14e0
7756
6676
0e21
99cb
9988
ddab
ff8e
eeff
cadc
99a9
86aa
02df
6635
6576
1f42
fd86
dedd
13f0
6746
8a77
4365
ee20
bacb
acab
9a7a
f1de
2111
ff10
7edd
a9ba
aaa9
bcbb
dfcd
0176
4524
6666
4355
8e10
ff00
f0ff
3311
6755
778e
6577
0f33
cced
7acc
d0bd
5623
7677
2164
fd7a
a9ca
9a99
ddbb
8aee
feff
dced
cacb
bbbb
bc8e
e0ce
2302
5544
8e56
5455
3344
2232
1222
347e
5544
5556
2143
7efe
badc
aaaa
abab
ccbb
cd6a
12e0
6645
5375
860e
cced
bbbb
cdbb
f1ef
137a
6746
6567
2244
8621
2312
5645
6566
3254
4166
bbec
e1bd
6735
7a65
0e20
aadb
8989
bcaa
ee8e
eefe
ccdd
abbb
8ebb
f0dd
4523
6666
4365
1186
0100
3412
5545
7a54
3276
cafe
8998
ce9b
017e
4434
0e31
99cb
7e88
ac89
02df
2123
db0f
ba7a
aba9
f2ce
5735
8a66
2031
fe0f
00ff
4523
678a
7677
2053
cafd
8aaa
ab9a
ffcd
2211
1021
dc7a
88a9
9b88
00ce
7623
3143
dc0f
98a9
9b89
ef86
2301
5544
6565
8655
3244
0f21
eefe
dddd
bb7a
ccbc
dddd
dced
8ecb
bbcc
aaaa
ddbb
02f0
6776
6576
0e32
bbdc
8ebc
f1ef
4413
6766
5566
5376
ec10
98ba
8988
7aab
efcc
1201
1021
bbee
bb8e
aaaa
debc
2301
7634
3165
b9fc
8988
f2bd
2386
5545
5455
3243
7a22
2023
ec0f
a8ca
8898
9a7a
eebc
2411
3334
7a11
cbee
9aaa
ceab
34f1
677a
7777
2154
dcfd
76cc
13ef
6545
1f53
98db
bb86
cdbb
01ef
2212
6a22
2045
cbfc
e0cc
7724
547a
3153
dc0e
bdbb
8ad0
3412
5455
1043
baed
998a
9a89
ffcc
3412
8a34
1033
dcfe
bcbc
efcd
2476
7656
4465
3333
7634
5544
5455
2233
1111
117a
3322
4544
2134
760e
98ba
8a88
efac
3412
2286
1021
dcfe
bbcb
86cc
f1de
4523
5556
3354
328e
1021
1211
5533
8a66
5565
2043
cafe
88a8
888a
ba89
efdc
feef
8aed
cbdc
bdbc
01de
5624
678a
6677
4254
1122
8e11
3422
5545
4355
1f31
fe8e
ccdd
cbcb
abbb
869a
abaa
debc
12f0
3333
2186
ec0f
aabb
dfbb
9a13
3423
5454
3243
0011
ee7e
02ef
5635
4365
8a0f
dcee
cccb
efcd
1100
218e
fe10
bbec
aaa9
7eab
bd8a
edee
badb
bcaa
f08e
4513
7666
3265
8e0f
bbdc
cdac
24f1
7656
658e
1042
ccee
cbcb
66dc
e19c
5634
3154
dc0e
ee7e
eede
edee
bbdc
8eaa
eedd
12f0
5635
6667
7676
fe41
bccc
02de
8a46
4433
3344
1021
eeff
986a
cf9b
24f2
0023
86cb
cbdc
99aa
aa99
debc
e08e
4513
7767
5476
7632
dd0f
dedd
2401
6756
6776
5465
1032
dcfe
76ba
8899
9988
dfac
3402
228e
0022
caed
8899
8a9a
f1ce
6634
7777
3255
008a
deee
f0df
4422
8654
2053
baed
aba9
01ce
238a
5645
4355
ff21
8add
cbcb
ddcc
efee
efef
8a6a
dfbb
24f2
5455
7a31
dcff
bbbb
f1cd
7725
668e
5466
0f32
dded
86ee
4512
7667
2054
a8ec
988a
8888
ceab
22f1
7a33
2164
a9ec
8988
f0bc
228e
5544
4354
0021
7aff
02f0
5634
5566
0033
ec6a
bdbb
13d0
5545
7e53
0021
010f
3513
6757
3286
0e10
aadc
8898
8e89
bc89
01df
3322
3132
1186
1211
3423
5545
7644
4376
dc0f
bcbb
f1ce
018e
1212
0e10
b9dc
8a98
9999
ccaa
f0de
2211
447a
3343
3433
5745
8e77
5455
3244
1121
1101
228a
3222
1f21
cbfd
8aa9
8888
bd9a
22ef
4534
777a
3164
fe0f
12f0
8a35
4433
4243
1022
0010
117a
3222
0f21
badd
86a9
efcd
2301
5444
2143
0f86
ddee
f1ef
5624
8a67
5466
fe31
a9cb
bba9
de8a
2301
2233
db0e
8aa8
8888
deab
3512
5656
4386
0f21
f0ff
4412
8666
6677
3154
ff10
eeee
cc7a
cbcc
a9bb
8898
7a99
ceac
00ff
ed0f
99ca
ee9a
f0ef
2301
5544
9655
3153
ee0f
dddd
f0ee
f18a
3322
1f32
b9ec
8a98
9a88
e0bd
3513
5455
767a
1f42
ddee
f0ee
7e12
4534
5455
2143
0f10
0d5a
eeee
dced
99bb
6e88
bbbb
cdcc
dddd
bacc
dd7a
dedd
12f0
6645
7677
5477
fd21
98ba
ab89
cd7e
4602
7677
fd42
8ea8
aaba
cdab
02e0
3323
3176
dc0e
decc
3501
7e56
7677
2054
b9ec
9b99
ef7a
5723
7677
fe52
8ea8
99aa
ceab
22f0
4343
228e
ed0f
efdd
3502
8667
6677
1f43
aadc
ac9a
9c76
35f1
5466
ec20
76a9
9988
cdac
ddee
bbdc
dd86
eedd
23f0
6645
8a76
4355
0f21
dded
eecd
e07a
4523
4254
db0f
7eb9
ab88
25e0
7667
fc52
cb8e
99a9
cc9a
23f0
8645
4354
0f21
dced
ddcc
bc7a
12ef
5434
3253
6a1f
a8eb
8888
ac8a
01de
3466
4444
5444
2044
7aeb
b9dc
9898
cdaa
13f0
337a
3143
ed1f
bbcb
8acc
02f0
4423
4244
fe21
ba86
8999
ce9b
4502
8a66
5565
1033
dcfd
ccbb
ef86
4513
5456
0f32
8adc
bacb
cdbb
01ef
2212
776a
4374
1121
2111
7e20
ed0f
aacb
bcaa
23ef
348e
6656
3255
db0e
8eba
bcaa
00de
2112
0f20
ed86
dedd
12f0
5644
8a55
3253
ed00
cccc
efce
027e
4434
ff22
abcc
7aac
22ef
5655
1f43
98cb
ab86
dfbc
3301
4445
8631
cb0e
8898
ac89
13df
4586
5465
0f32
dded
8ede
11ef
4634
7666
7676
5586
4454
1032
dc0e
8aca
99ba
9a99
ccab
eddd
dc86
aacb
bcaa
13df
9a57
4534
4445
2132
ff00
ee86
2401
7757
5376
8620
baec
9999
ceab
11e0
217a
0e20
b8db
8998
869b
13f0
6745
7677
2153
0f8e
cbec
aaaa
bbaa
66cc
ab89
decd
13f0
6645
447e
5444
5554
5756
8e66
2233
fe10
a9cc
8898
ba8a
dfcd
1100
0021
8afd
a8cb
9998
efbc
3412
458a
5454
4343
4434
8655
7767
6476
fe32
98cb
988a
8888
ac9a
decd
76ee
cddc
f1de
4523
7667
438e
2132
1211
4523
8a67
7767
6576
2042
edfe
ee86
1200
1022
cafd
8a98
8998
bd9a
01df
2212
2286
1111
2312
5544
8f65
4466
ff21
dedd
f0e0
0000
0000
0000
0000
0000
0000
0000
0000
0000
0000
0000
0000
0000
0000
0000
0000
0000
0000
0000
0000
0000
0000
0000
0000
0000
0000
0000
0000
0000
0000
0000
0000
0000
0000
0000
0000
0000
0000
0000
0000
0000
0000
0000
0000
0000
0000
0000
0000
0000
0000
0000
0000
0000
0000
0000
0000
0000
0000
0000
0000
0000
0000
0000
0000
0000
0000
0000
0000
0000
0000
0000
0000
0000
0000
0000
0000
0000
0000
0000
0000
0000
0000
0000
0000
0000
0000
0000
0000
0000
0000
0000
0000
0000
0000
0000
0000
0000
0000
0000
0000
0000
0000
0000
0000
0000
0000
0000
0000
0000
0000
0000
0000
0000
0000
0000
0000
0000
0000
0000
0000
0000
0000
0000
0000
0000
0000
0000
0000
0000
0000
0000
0000
0000
0000
0000
0000
0000
0000
0000
0000
0000
0000
0000
0000
0000
0000
0000
0000
0000
0000
0000
0000
0000
0000
0000
0000
0000
0000
0000
0000
0000
0000
0000
0000
0000
0000
0000
0000
0000
0000
0000
0000
0000
0000
0000
0000
0000
0000
0000
0000
0000
0000
0000
0000
0000
0000
0000
0000
0000
0000
0000
0000
0000
0000
0000
0000
0000
0000
0000
0000
0000
0000
0000
0000
0000
0000
0000
0000
0000
0000
0000
0000
0000
0000
0000
0000
0000
0000
0000
0000
0000
0000
0000
0000
0000
0000
0000
0000
0000
0000
0000
0000
0000
0000
0000
0000
0000
0000
0000
0000
0000
0000
0000
0000
0000
0000
0000
0000
0000
0000
0000
0000
0000
0000
0000
0000
0000
0000
0000
0000
0000
0000
0000
0000
0000
0000
0000
0000
0000
0000
0000
0000
0000
0000
0000
0000
0000
0000
0000
0000
0000
0000
0000
0000
0000
0000
0000
0000
0000
0000
8800
2305
3444
3333
3232
5378
fd20
abcb
cdac
58de
9a88
efbc
1201
2221
2364
4344
ed1f
bbcb
68ba
9aaa
ceab
34f1
7656
3378
1222
3312
4344
6c20
98fb
bb89
cadc
99a8
ad6c
35e1
6466
0031
7c02
4523
2f43
baeb
deab
f168
0d10
cddc
46f2
6877
3176
ef0f
3311
1e42
dc7c
9aaa
efbc
1101
7800
12f0
5534
2144
edfe
ce68
11e1
da0e
9a98
74de
3322
0f21
12f0
6645
657c
fd31
bcbb
00de
8810
898c
fdc1
bdbc
dfcb
0388
5744
3172
11ff
94fd
32f1
150f
0f62
fc01
bf88
fc11
e0de
db1f
8803
ff42
4f27
4502
f20d
6688
0f40
12ee
7611
9423
4146
0e02
bacc
eebe
0e9c
12ee
5433
5634
9c44
5355
2143
ee2f
ddfd
109c
ccdb
ceaa
bbed
8cdf
f131
fd44
bcfe
cb01
0588
1d73
12cb
7702
8c76
3775
1274
ce30
dd1f
1188
1d12
e9de
ea8d
8889
8cea
e0ff
3633
e050
1f88
52e2
5312
7436
8847
e14f
e11c
4553
3475
1e9c
dcef
fdc0
b8cc
9c88
be9a
4601
3662
3464
7584
1e33
dbed
3ff4
8c04
ee1d
deed
bbda
c099
fd88
3003
4316
2313
9477
1041
ceec
9cda
f0de
de84
0d35
6227
3c47
8cc0
02ff
7712
6533
cc1c
db98
ddcd
e0ef
f122
9024
5765
ee51
badc
be88
cc98
99fd
cdbb
1102
98fe
f0ef
7635
0131
0021
3488
44f0
5045
abbb
8803
cb31
caac
9b9a
e5db
7288
7715
4203
11ef
8c10
42f0
eb0e
b999
44a1
0388
4f36
4f05
0bd1
9eac
ceed
12f0
3422
3642
769e
2045
ffff
fe00
9201
2344
6677
6576
1242
0d86
62e5
7236
a9db
96aa
adb9
15de
0152
abfc
bc8a
10f1
9cfc
b9de
8ad1
3520
6655
6442
240e
0c8a
c8ef
8a89
f1e0
8a75
5522
f21e
0321
3234
dc8a
bcf0
3245
3066
9ef0
f0ee
ff0f
a9ed
e1bc
7586
150d
de1d
eea9
8ed1
ee0f
cd22
5567
5575
408a
a9ba
cbbc
aedb
8e0d
2fcf
ce99
21f1
5302
159a
0041
de1e
1121
9a0f
0def
dddd
53d3
3012
dd8a
9dd9
17fc
d373
962d
03cd
2f44
1df1
ae88
169e
6777
0e63
e0cc
9610
6314
110f
11f0
3034
0396
ab1d
aeb9
2323
9a21
1102
3f36
2102
1d23
ee9a
eeed
cdcb
bbcb
9acc
f0ef
3125
4234
fd22
e18a
2410
2331
e11c
96ee
0d13
20f2
1101
6246
1286
cc1d
f6aa
3275
9212
6457
2033
ccfe
4204
118a
ebdd
dc9a
eebd
8ae0
e122
3445
cd2f
ac0c
228a
6224
22ef
3e12
96bf
cc1f
35e1
2276
5545
738a
6005
febb
fbdf
8aae
ab1d
f5ff
bc50
04ed
2e8a
8998
1ca1
0eae
9ee4
ff30
efee
4711
6676
649e
1e22
0ddf
fecf
8abc
e1ee
3610
cb5f
9b98
a88a
41b2
4305
4e57
8a14
af19
cc0e
b098
c0fd
218a
1f33
6047
3134
8a44
0010
aec8
aeeb
e0cb
e98a
40d2
6705
fb75
9699
4005
44d0
25fe
151e
429a
4245
f012
f000
8a35
1131
fcdc
cc88
e0aa
0e8a
0ff0
aafd
8aca
8e24
3322
dc00
1ea0
43d0
f18e
3257
3344
9b3f
96ef
6513
3520
ff2f
12f0
249a
0151
cb3f
deee
9e02
3234
1e22
cbcd
f09c
11a6
1122
ee0f
abeb
8aef
67a0
4032
fdff
64f6
259a
1252
1033
dc0f
9ea9
ff9c
31f3
1e01
eddd
f096
dfec
cd0d
6614
8e63
1053
4235
f835
e9ae
bc92
6504
0130
df1e
96ea
c9ad
ddac
f0ee
4334
669e
f130
1500
7776
8e42
c941
b8df
00c3
2e25
dc9e
9a99
02ad
2310
8a0f
3106
4534
0375
ff54
578a
3540
ff0f
dbdc
8eae
e012
f966
98ab
d1bd
538a
7505
22ef
02db
86f1
4235
9a0c
9afd
5426
349e
1e22
fdfe
ecce
869a
b9c0
1fd0
aeb9
8fe9
109e
6514
5434
1032
96ff
030f
f141
db43
acab
e096
3122
4025
0fcd
8ee0
4534
1041
bfea
171e
539e
4334
2022
0e00
9200
8afb
8acb
23e1
2033
ec8a
a9ed
0cc1
7716
8a47
7677
5322
05ea
153f
308e
20e1
bb0e
dce1
9ef2
e0ed
e0ff
dbed
ddaa
888a
ac88
1e15
4303
9a67
7635
4454
120f
0f0f
ed8e
b0ec
f143
ca32
9aec
aab9
ceab
3202
3011
ed9a
2202
4255
dc2f
9ab9
01ad
6513
2121
b8eb
9b9a
efcc
0221
f231
9e34
3243
2123
5403
7647
478a
ed73
21cf
f4ed
9a2e
21e1
e00f
88da
aa89
af86
f42e
ac5f
e000
8a46
5357
fb46
fbb0
1f90
0296
5555
4453
0231
7e1e
7ec5
0c8c
0ecf
ea14
f09e
9cd9
dfcc
ef0e
9aee
ff01
2214
2125
5235
758e
2043
e0a9
d1c9
8ad8
c880
0fb0
3434
eb76
ff9e
cfd9
130f
2041
8afe
bb0e
880f
fcd3
dbef
dd9a
22e0
5223
11ff
7afe
c824
ef9c
d24f
c372
668a
fcfe
e099
35e0
9a42
ce0d
de0e
3424
4366
329a
ff00
43f2
4113
8aee
bbef
e3bb
f040
8b1b
fc8a
77af
4334
da0e
86c1
f341
a962
2ee2
61d2
ef9a
df1f
1221
4533
8a31
7c37
32a0
f1ee
bf3e
ec9e
ce9a
14fd
5554
8e65
2065
b8ed
eaae
3dd3
b08a
0e24
4026
1a04
8a8b
dcf0
5007
30f2
edef
019e
3511
023e
0f21
8a12
25fd
032e
cb41
4016
249a
de30
bcba
00bd
8aee
8810
ff8e
e0bc
1123
219e
1212
3432
3575
9e65
1220
f00f
23ef
a9fd
bc9a
9bb9
e0e0
4412
8a52
0f20
3dd1
2fad
f3cb
648e
7523
45f0
240f
9a40
32f2
ecfe
02ad
2122
2e8a
f9dd
0f8c
c1bc
962d
11de
12ee
0320
2165
7786
5553
e041
1f55
8a34
7447
0e32
cdfe
16cc
4296
6314
eefc
13ef
9a23
0e22
d9dd
98b9
ccbb
f39e
0220
aafc
becb
ae1f
f000
1222
4324
5445
459a
1132
3300
4521
9e3f
5435
1120
cedb
bedb
228a
46ee
d21b
982f
96cb
d2ca
be2d
b9fe
febe
e38a
ef3f
fd45
2136
9e24
3322
5434
5402
2321
208a
3113
bc1e
8bec
9aea
eeab
ffdc
eeed
caed
ab9a
cfdd
1232
4345
9a33
0001
3103
7424
6424
3296
6457
0e21
e0ed
961f
01dd
fd00
ebcd
0fad
8c8a
ee21
ddfc
04cd
9e53
5225
feff
22f2
7425
229a
ed3f
16ff
3365
9a0e
daef
0ebf
0ecf
ffff
218a
36ff
3731
cf3d
8aeb
fe9d
1100
d952
fce1
278a
2671
df41
cbdc
9a89
fc02
99bb
abab
54f3
659a
010f
120f
4432
9622
1033
4046
deee
1ff2
f09e
0fff
bbca
cdcb
9aef
2235
de20
de01
fe00
ad8e
dcdd
10ac
f0cc
8610
990d
88dc
3205
5646
778a
7665
7333
1101
8a00
f110
0065
8c0d
2325
4496
fe2f
edee
64f3
9e23
0164
dd10
feef
bcdb
ec9a
0dce
2fbf
43e0
9a00
5545
5455
0221
2122
578a
3652
e24e
b02d
8610
ff0e
f2fd
991c
ecdf
bb86
a9bc
fbd2
63c2
9eec
0f01
5315
3422
1031
fe9e
e0dd
feff
bbdd
9eaa
be88
efde
ef00
f002
2696
ff51
f1ff
ec20
8ef2
89fb
f1bd
da30
fae0
cc9e
9ba9
35d0
6566
9e43
1f21
ffdd
9acb
bcce
028a
14fc
0f41
2701
9655
7747
ec31
12bd
defd
ee96
9ccb
0d12
33df
9a0e
0222
2322
1251
3344
3f9a
bbdb
e0cc
0021
962f
b9ed
ba9a
b0a9
7646
5196
deed
f1fe
c930
968c
dc00
bbcb
f1cd
3023
e08e
1c33
1dcf
21be
9e24
2f34
10e0
4503
4355
449e
ee20
aaec
9b88
9eaa
fedf
21f2
7715
6753
6196
02ee
fc32
d8cf
9e8b
acca
11f0
cbfd
56e1
658a
7e67
abdd
4405
8e55
bc5f
bc00
6525
7546
009a
dc11
dcff
bbdb
9aef
f1ed
2123
3435
5455
6186
efba
e398
bffa
8ad9
cecd
9820
bcbe
3612
449e
6624
3433
6556
8a54
bf50
3354
1432
c13c
3496
0f30
43e0
140e
8a64
1500
a963
e99e
1f8a
fe9a
1401
2552
4475
9676
2f53
99cb
b9cd
31af
9d8e
d900
fca0
bd89
96eb
3103
5203
ceec
bfdb
fe96
41e2
ceda
aeda
9aec
1fb0
31f2
0f01
1112
339a
003f
36f1
3464
9642
0f00
aaec
fdef
e9f0
de9a
e2ed
4442
1043
8a12
a01c
defe
32f1
ffdd
db96
31f4
6136
edff
96dd
f1dd
3400
4610
1240
109a
2012
ba1f
efdd
961f
cdda
e1ba
0010
0010
029a
2321
1443
3366
8a55
ec1e
ba98
23ae
7637
029a
3253
0221
e03f
960e
febb
cfb9
8bda
1ef2
f49a
5457
4024
21e1
96f0
2202
2323
0e53
7504
019a
5423
2431
f031
9e00
bcec
bbba
0fee
21f1
f08a
3301
8c3e
1d23
9af4
3331
2321
4246
dc0f
cf9e
db2f
a9bd
dc9d
8ace
bdfd
ddee
cc99
e198
1f96
47f1
1073
e2db
922f
4203
44f1
3433
0955
889e
9a99
02ce
5433
8a55
2475
5524
4311
ceb9
da9a
abba
dcfe
fede
96ef
dd00
5227
24ff
7656
648e
6155
8ab8
bd99
86ca
f689
3273
acec
23f1
339a
ea0f
ee8b
12df
9a15
0043
1401
3643
f151
1f9e
a9cb
fdad
31d0
9af0
ee20
1100
bcfc
45f4
679e
0152
de2f
1ff1
9614
ec63
beaa
03ff
0042
338a
3700
3f65
1cf2
96ae
fb01
30b0
caed
fdcf
a37a
8d08
7025
bdaa
96bd
3312
be0b
2322
5533
6796
0162
f2fd
de2f
9eda
f29c
4622
1141
f00f
239a
2510
1141
fe31
9201
d0fd
dd1f
1e03
c8cd
bd9e
e0ee
3346
4266
9a11
dc0d
c9bb
ed9c
01ce
a98a
bcdf
0a13
f088
96ac
2103
6535
2343
1232
4496
7724
1020
c0b9
8a12
4057
deab
9fc8
c25e
4792
4453
f02f
3322
9a33
ef1e
bdfc
ce0e
ff10
568e
6455
0c42
ecce
96d1
bd1e
aafe
f1ce
2232
2e86
11ce
6e15
52a1
9a03
3255
3432
3332
030f
eb8a
fad3
08c2
e99e
8abd
13fe
ff1f
cfa9
f5b8
2d8a
4e14
ebd0
ba9a
8ace
cfa9
26db
253f
052d
4296
0100
3323
1054
9612
3710
ef4f
beeb
0100
228a
f023
882e
88ec
8614
bc60
5415
4244
6303
bf8a
ac3e
9b20
3225
9632
a90e
de9c
3001
0eee
bc9a
f0e0
4355
2044
9aff
00ff
4302
5224
1fef
a98a
bce0
01e2
2533
8a3e
2bd1
109e
76d2
3211
ee8a
04ef
ac3c
f4ff
9e2b
c9bc
ef9b
0fee
0fff
2496
0330
1542
1274
9641
ffed
01ee
1f22
b9ee
9f8a
5722
1570
ad3c
9ade
2013
4125
2012
00ff
259e
3353
ff30
13f0
8a2f
22d2
5f77
2e45
2214
528a
deda
e3b9
6556
8afe
c9f0
9d99
de11
2025
ee8a
ebed
2588
251f
8a31
ce0d
3e46
98cd
ae88
359a
4543
7445
6511
9a32
2344
cc30
f1f0
1323
418a
57d0
0c22
fbbe
8e9e
1013
9efa
3033
8c0b
f392
5256
fdee
eeab
8698
89dd
dde0
5125
beea
fc8a
65d2
2133
0125
8a47
2761
d170
8a1b
8bfa
ca8e
bc99
babd
1ecf
9a27
2541
dd4e
beec
02f0
2296
db1f
cbcd
3fe3
9aba
99b9
cd9a
02bc
1310
4196
4313
4323
fa32
8a8e
0033
0e22
efdc
6415
109a
cddb
ccdc
dded
9a11
441f
2431
f12f
3322
3396
f030
2134
3246
8a47
2e73
0eac
359a
3223
048a
dd53
f2ef
1054
8a34
2410
0e10
ebdd
b88a
898a
a01e
9a41
880f
9ecc
efdd
1001
0b0f
cc9b
ae9a
f232
3255
0031
9e11
5524
6157
1d01
32df
149e
1055
dc0f
dfbc
8efe
1df2
7f17
74c2
1b00
bb96
dddd
33f2
ce0d
9eda
edbe
6405
3034
ffdf
038a
6555
4532
f2eb
9eeb
3103
2e03
babb
dfac
1196
3501
3520
1530
8a40
0a04
0dbf
b8cd
9c99
f086
1f01
32e0
2124
8a67
6312
5700
6752
f34d
758a
77f1
352e
b0d9
8a30
53d0
33ee
efc8
a0b8
0d7a
a9bc
a0fe
0320
861f
5515
2254
2344
2431
558e
4565
cd4f
9efc
8a41
34c0
e3fd
1441
886f
ef9e
cfed
030f
f153
9e20
12de
6513
3254
ee00
fe9a
bdb9
aeea
0f10
8611
e52e
d072
df73
2177
339e
4433
3433
da42
aa9a
cdcb
f0ee
000f
0020
219a
3412
0321
2442
8a53
4244
0f20
dece
a9fd
cc9a
02ee
3323
cd3f
9ebb
bc9a
e1dc
ff20
eefe
dd8e
f6bb
3775
0173
9a23
2300
1431
3442
2055
558f
89f8
9d88
5502
00c4
0000
0000
0000
0000
4fc5
0000
ffff
ffff
8dc3
0000
4fd0
0000
18ed
0000
ffff
ffff
2c41
0000
68c0
0000
1dd9
0000
ffff
ffff
3501
0000
86a0
0000
134d
0000
ffff
ffff
2241
0000
99f0
0000
1437
0000
0345
0000
23ef
0000
ae30
0000
2922
0000
10ce
0000
491e
0000
d760
0000
0fdb
0000
03f9
0000
1c2e
0000
