0000
0000
0000
0000
0000
0000
0000
0000
0000
0000
0000
0000
0000
0000
0000
0000
0000
0000
0000
0000
0000
0000
0000
0000
0000
0000
0000
0000
0000
0000
0000
0000
0000
0000
0000
0000
0000
0000
0000
0000
0000
0000
0000
0000
0000
0000
0000
0000
0000
0000
0000
0000
0000
0000
0000
0000
0000
0000
0000
0000
0000
0000
0000
0000
0000
0000
0000
0000
0000
0000
0000
0000
0000
0000
0000
0000
0000
0000
0000
0000
0000
0000
0000
0000
0000
0000
0000
0000
0000
0000
0000
0000
0000
0000
0000
0000
0000
0000
0000
0000
0000
0000
0000
0000
0000
0000
0000
0000
0000
0000
0000
0000
0000
0000
0000
0000
0000
0000
0000
0000
0000
0000
0000
0000
0000
0000
0000
0000
0000
0000
0000
0000
0000
0000
0000
0000
0000
0000
0000
0000
0000
0000
0000
0000
0000
0000
0000
0000
0000
0000
0000
0000
0000
0000
0000
0000
0000
0000
0000
0000
0000
0000
0000
0000
0000
0000
0000
0000
0000
0000
0000
0000
0000
0000
0000
0000
0000
0000
0000
0000
0000
0000
0000
0000
0000
0000
0000
0000
0000
0000
0000
0000
0000
0000
0000
0000
0000
0000
0000
0000
0000
0000
0000
0000
0000
0000
0000
0000
0000
0000
0000
0000
0000
0000
0000
0000
0000
0000
0000
0000
0000
0000
0000
0000
0000
0000
0000
0000
0000
0000
0000
0000
0000
0000
0000
0000
0000
0000
0000
0000
0000
0000
0000
0000
0000
0000
0000
0000
0000
0000
0000
0000
0000
0000
0000
0000
0000
0000
0000
0000
0000
0000
0000
0000
0000
0000
0000
0000
0000
0000
0000
0000
0000
0000
0000
0000
0000
0000
0000
0000
0000
0000
0000
0000
0000
0000
0000
0000
0000
0000
0000
0000
0000
0000
0000
0000
0000
0000
0000
0000
0000
0000
0000
0000
0000
0000
0000
0000
0000
0000
0000
0000
0000
0000
0000
0000
0000
0000
0000
0000
0000
0000
0000
0000
0000
0000
0000
0000
0000
0000
0000
0000
0000
0000
0000
0000
0000
0000
0000
0000
0000
0000
0000
0000
0000
0000
0000
0000
0000
0000
0000
0000
0000
0000
0000
0000
0000
0000
0000
0000
0000
0000
0000
0000
0000
0000
0000
0000
0000
0000
0000
0000
0000
0000
0000
0000
0000
0000
0000
0000
0000
0000
0000
0000
0000
0000
0000
0000
0000
0000
0000
0000
0000
0000
0000
0000
0000
0000
0000
0000
0000
0000
0000
0000
0000
0000
0000
0000
0000
0000
0000
0000
0000
0000
0000
0000
0000
0000
0000
0000
0000
0000
0000
0000
0000
0000
0000
0000
0000
0000
0000
0000
0000
0000
0000
0000
0000
0000
0000
0000
0000
0000
0000
0000
0000
0000
0000
0000
0000
0000
0000
0000
0000
0000
0000
0000
0000
0000
0000
0000
0000
0000
0000
0000
0000
0000
0000
0000
0000
0000
0000
0000
0000
0000
0000
0000
0000
0000
0000
0000
0000
0000
0000
0000
0000
0000
0000
0000
0000
0000
0000
0000
0000
0000
0000
0000
0000
0000
0000
0000
0000
0000
0000
0000
0000
0000
0000
0000
0000
0000
0000
0000
0000
0000
0000
0000
0000
0000
0000
0000
0000
0000
0000
0000
0000
0000
0000
0000
0000
0000
0000
0000
0000
0000
0000
0000
0000
0000
0000
0000
0000
0000
0000
0000
0000
0000
0000
0000
0000
0000
0000
0000
0000
0000
0000
0000
0000
0000
0000
0000
0000
0000
0000
0000
0000
0000
0000
0000
0000
0000
0000
0000
0000
0000
0000
0000
0000
0000
0000
0000
0000
0000
0000
0000
0000
0000
0000
0000
0000
0000
0000
0000
0000
0000
0000
0000
0000
0000
0000
0000
0000
0000
0000
0000
0000
0000
0000
0000
0000
0000
0000
0000
0000
0000
0000
0000
0000
0000
0000
0000
0000
0000
0000
0000
0000
0000
0000
0000
0000
0000
0000
0000
0000
0000
0000
0000
0000
0000
0000
0000
0000
0000
0000
0000
0000
0000
0000
0000
0000
0000
0000
0000
0000
0000
0000
0000
0000
0000
0000
0000
0000
0000
0000
0000
0000
0000
0000
0000
0000
0000
0000
0000
0000
0000
0000
0000
0000
0000
0000
0000
0000
0000
0000
0000
0000
0000
0000
0000
0000
0000
0000
0000
0000
0000
0000
0000
0000
0000
0000
0000
0000
0000
0000
0000
0000
0000
0000
0000
0000
0000
0000
0000
0000
0000
0000
0000
0000
0000
0000
0000
0000
0000
0000
0000
0000
0000
0000
0000
0000
0000
0000
0000
0000
0000
0000
0000
0000
0000
0000
0000
0000
0000
0000
0000
0000
0000
0000
0000
0000
0000
0000
0000
0000
0000
0000
0000
0000
0000
0000
0000
0000
0000
0000
0000
0000
0000
0000
0000
0000
0000
0000
0000
0000
0000
0000
0000
0000
0000
0000
0000
0000
0000
0000
0000
0000
0000
0000
0000
0000
0000
0000
0000
0000
0000
0000
0000
0000
0000
0000
0000
0000
0000
0000
0000
0000
0000
0000
0000
0000
0000
0000
0000
0000
0000
0000
0000
0000
0000
0000
0000
0000
0000
0000
0000
0000
0000
0000
0000
0000
0000
0000
0000
0000
0000
0000
0000
0000
0000
0000
0000
0000
0000
0000
0000
0000
0000
0000
0000
0000
0000
0000
0000
0000
0000
0000
0000
0000
0000
0000
0000
0000
0000
0000
0000
0000
0000
0000
0000
0000
0000
0000
0000
0000
0000
0000
0000
0000
0000
0000
0000
0000
0000
0000
0000
0000
0000
0000
0000
0000
0000
0000
0000
0000
0000
0000
0000
0000
0000
0000
0000
0000
0000
0000
0000
0000
0000
0000
0000
0000
0000
0000
0000
0000
0000
0000
0000
0000
0000
0000
0000
0000
0000
0000
0000
0000
0000
0000
0000
0000
0000
0000
0000
0000
0000
0000
0000
0000
0000
0000
0000
0000
0000
0000
0000
0000
0000
0000
0000
0000
0000
0000
0000
0000
0000
0000
0000
0000
0000
0000
0000
0000
0000
0000
0000
0000
0000
0000
0000
0000
0000
0000
0000
0000
0000
0000
0000
0000
0000
0000
0000
0000
0000
0000
0000
0000
0000
0000
0000
0000
0000
0000
0000
0000
0000
0000
0000
0000
0000
0000
0000
0000
0000
0000
0000
0000
0000
0000
0000
0000
0000
0000
0000
0000
0000
0000
0000
0000
0000
0000
0000
0000
0000
0000
0000
0000
0000
0000
0000
0000
0000
0000
0000
0000
0000
0000
0000
0000
0000
0000
0000
0000
0000
0000
0000
0000
0000
0000
0000
0000
0000
0000
0000
0000
0000
0000
0000
0000
0000
0000
0000
0000
0000
0000
0000
0000
0000
0000
0000
0000
0000
0000
0000
0000
0000
0000
0000
0000
0000
0000
0000
0000
0000
0000
0000
0000
0000
0000
0000
0000
0000
0000
0000
0000
0000
0000
0000
0000
0000
0000
0000
0000
0000
0000
0000
0000
0000
0000
0000
0000
0000
0000
0000
0000
0000
0000
0000
0000
0000
0000
0000
0000
0000
0000
0000
0000
0000
0000
0000
0000
0000
0000
0000
0000
0000
0000
0000
0000
0000
0000
0000
0000
0000
0000
0000
0000
0000
0000
0000
0000
0000
0000
0000
0000
0000
0000
0000
0000
0000
0000
0000
0000
0000
0000
0000
0000
0000
0000
0000
0000
0000
0000
0000
0000
0000
0000
0000
0000
0000
0000
0000
0000
0000
0000
0000
0000
0000
0000
0000
0000
0000
0000
0000
0000
0000
0000
0000
0000
0000
0000
0000
0000
0000
0000
0000
0000
0000
0000
0000
0000
0000
0000
0000
0000
0000
0000
0000
0000
0000
0000
0000
0000
0000
0000
0000
0000
0000
0000
0000
0000
0000
0000
0000
0000
0000
0000
0000
0000
0000
0000
0000
0000
0000
0000
0000
0000
0000
0000
0000
0000
0000
0000
0000
0000
0000
0000
0000
0000
0000
0000
0000
0000
0000
0000
0000
0000
0000
0000
0000
0000
0000
0000
0000
0000
0000
0000
0000
0000
0000
0000
0000
0000
0000
0000
0000
0000
0000
0000
0000
0000
0000
0000
0000
0000
0000
0000
0000
0000
0000
0000
0000
0000
0000
0000
0000
0000
0000
0000
0000
0000
0000
0000
0000
0000
0000
0000
0000
0000
fd6a
fa59
f850
f842
fa8b
fe83
02e1
0696
0925
0a65
0a79
09f2
0987
09d2
0ae1
0c67
0dfb
0f1d
0f4b
0e29
0bd1
08bb
0575
0251
ffa6
fdab
fc56
fb8b
fb24
fb05
fb2c
fb91
fbf1
fbe5
fb12
f977
f769
f562
f41b
f470
f709
fba6
00ed
0539
0775
0711
03f4
feba
f8ed
f45a
f1ee
f198
f2d5
f4fa
f758
f941
fa5f
facd
fae2
fb0f
fbe2
fdcc
00ee
04c1
0864
0b2f
0ce6
0d7a
0d2a
0c7a
0c14
0c69
0d51
0e4d
0ede
0e8a
0cfa
0a34
06d8
0422
02ee
031d
03f1
049f
049e
03be
01fe
ffd1
fe0e
fd68
fdf4
ff47
00d3
0225
02d4
02a2
01b1
0079
ff76
fec0
fe15
fd29
fbd4
fa3b
f894
f70a
f5d3
f519
f4f7
f571
f67b
f7c0
f8a1
f874
f6eb
f42a
f0af
ed0b
ea14
e8af
e8ff
ea62
ebc5
ec5e
ec1f
eb2e
e9d2
e86a
e74b
e6b5
e68e
e6bb
e734
e880
eb4b
efc3
f57e
fb45
0029
03bd
05b4
061c
0573
0466
0379
0253
0026
fc71
f790
f2b8
ef0c
ed0b
eccd
ee23
f055
f266
f369
f32e
f218
f0b6
ef2c
ed60
eb40
e8f0
e6ec
e5ad
e56e
e614
e75f
e93b
eba3
ee7e
f1b5
f4f0
f7c7
f9ec
faf6
fa9e
f953
f832
f894
fb09
fef5
0336
06cd
08e7
08d8
06b5
0384
00d1
ff84
ff81
0030
00ea
0123
0076
fedf
fd30
fc9c
fde6
00d4
047b
07f8
0a60
0ae4
0942
0649
0386
0242
02bf
048d
06f6
08f4
096a
0798
03d8
ff84
fbee
f9d7
f98b
faf6
fd52
ff47
ffa6
fe0e
fb0a
f770
f415
f1e4
f19b
f365
f6cc
fb11
ff9a
03b3
06c5
0896
092f
08ca
07d5
06e5
068b
06f6
07d5
0896
08d0
083b
06ba
04a7
02fc
02eb
0517
0940
0e95
142f
18da
1b60
1b1e
1873
143d
0f5a
0a20
04d7
ffcb
fb7d
f8b5
f7db
f8ee
fb95
ff3d
0333
068a
08a1
09a7
0a3c
0af8
0c1b
0d79
0ecf
0f91
0f14
0ce6
0950
0552
01f4
ffca
ff20
0000
022a
0529
0863
0b47
0d4a
0dfc
0d75
0c4c
0b31
0ace
0b83
0d87
1039
1213
1180
0df6
0866
025d
fcf3
f8e6
f6b9
f5f5
f53a
f2ea
ee68
e8ec
e477
e23e
e281
e4d4
e862
ec06
ee47
eeaa
ee20
ee66
f0c0
f58e
fc5a
0457
0c35
1210
14c0
1457
11a3
0dc2
09d4
070d
063b
0731
091c
0b1b
0c77
0cc0
0bc1
09ef
0849
079f
0805
08ee
09b1
09f0
09a2
08d1
07ce
0713
070a
0781
07b8
06f3
04eb
01fc
febd
fbc9
f9de
f98f
fa9d
fbec
fc36
fb07
f908
f73d
f635
f5d1
f5c4
f5eb
f684
f7df
fa67
fe80
045f
0b95
125c
1674
16a8
1331
0d46
064d
ffe3
fbb3
fa8b
fbaf
fdcd
ff32
ffad
ffbe
ff9d
ff23
fe19
fbf8
f85f
f337
ed85
e8bc
e61c
e655
e993
eea3
f2d9
f416
f1eb
ed58
e7f1
e3bf
e2dc
e5b2
ea9e
efc5
f42a
f7c2
faac
fdab
0137
058c
098d
0c21
0cc7
0ba0
0935
063d
03d6
0279
01fd
01e9
0201
027a
036f
04b6
05c9
060a
047f
005c
f9eb
f2f8
edc9
eb2a
eb21
ed13
efee
f284
f43b
f5b4
f7c3
fa97
fd45
fef8
ff70
fee8
fe07
fe1a
006d
0543
0b24
1069
13e2
1501
13c3
1120
0e9f
0d0f
0c62
0c05
0b3f
0953
05e8
0169
fd37
fa52
f982
fb1a
fe8e
0260
04e4
057f
045d
0213
fff0
ff55
00af
02fa
04b9
04f6
035c
0026
fcde
fba7
fdc2
02be
090f
0f47
1379
1461
123a
0e63
0a6b
073d
05ad
0608
0835
0bcd
101e
142c
16f0
178a
1558
1034
091c
0162
fa61
f55f
f357
f412
f692
f9e8
fd54
005d
02b3
0444
0508
04bb
02e8
ff7b
fb6b
f82f
f6f0
f836
fbf3
0156
065f
0963
0986
06c9
01d6
fbfe
f721
f3f4
f254
f1ca
f25b
f47d
f854
fdd7
043c
0acd
0ffc
1288
1260
108f
0e63
0cde
0cc8
0e3e
105d
1202
12bb
130c
1395
140a
137d
1119
0c56
0523
fc61
f41e
eece
eca3
ec77
ecca
ec6f
eab2
e7d4
e580
e5c7
e8ec
ee92
f405
f7e8
f989
f9a0
fa03
fbf4
fe62
ff76
ff8d
00d0
048d
09b6
0e62
1064
0dea
07e4
02dc
02bf
0722
0d17
11b2
126e
0e9a
08e3
04cb
0332
02eb
02d6
02c3
02b0
029e
0280
01a4
fecc
f99c
f443
f1a2
f2b0
f67f
fb95
0038
0306
0494
0669
08fb
0adf
0ac2
08a1
0551
01f7
fffb
fff9
0110
01f3
01f3
0110
ff00
fb28
f56d
eefb
ea00
e7f9
e9bb
eea6
f375
f46c
f0af
ea41
e392
df35
defd
e2ac
e872
eede
f50c
fa56
fea3
01e5
0435
058c
05f5
0576
0448
0394
04f0
08df
0dfc
1253
13be
107a
08eb
fffe
f871
f3ab
f23c
f3b6
f711
fb79
00b4
0655
0af2
0c7d
0a64
05bf
006f
fcd3
fd09
00b9
0546
0804
072d
021f
fb16
f636
f673
fca7
07dd
1487
1db2
2112
1ed8
1884
0ff7
076f
ffc9
f95a
f436
f115
f042
f0b2
f0bc
ef85
ed69
eb2c
ea1c
eb4b
ee9d
f2bd
f67c
f943
fabc
faba
f915
f5f0
f1cd
ed76
ea47
e9aa
ebb1
ef22
f2c6
f620
f8f9
fb3b
fca7
fd45
fd2d
fcc4
fd05
fefa
02a5
069f
0966
09d2
0765
0378
00d7
015e
04ad
0966
0daf
0f86
0ecd
0da9
0e3a
10fc
1530
1973
1bac
1b08
18eb
1772
1755
1823
18c7
17ca
141d
0e2c
0789
01a3
fdfc
fd5f
ff76
0324
06d4
089e
07cb
0587
037e
0283
02bf
03df
0535
0632
0831
0c5b
1136
1441
146d
1218
0fd9
115a
16a4
1b3f
1b63
15b7
0b8b
01ef
fd71
fe51
0272
064f
0674
0225
fb1a
f457
f1a1
f3e5
f8aa
fd28
ff9a
ffa2
ff14
ffbc
012b
0218
024e
0265
03e5
0856
0ed6
13af
148a
1173
0c11
0797
0695
090e
0d84
11c0
1365
111a
0abe
012b
f6b4
eda0
e899
e887
ec58
f1fa
f6ec
f966
f9fe
fa29
fb3e
fdd7
00d3
01eb
0098
fe37
fc00
fa92
f9e7
f933
f872
f9f0
ff6f
071c
0d4f
0ea3
08f3
fe1f
f375
ebbc
e6fa
e461
e37f
e47e
e8f0
f132
f9b0
fe20
fd45
f824
f19e
ed76
ed17
efb0
f493
fb7f
03bd
0b6d
10f1
1370
135b
1355
1624
1bb6
21dd
2630
2660
21db
1a10
10b7
0819
01e0
ff55
003c
01e5
0148
fd42
f670
ef30
ead0
ea6e
ed12
f10d
f461
f5ea
f5d8
f49f
f266
efba
eeab
f109
f637
fc20
0145
04a9
0748
0b30
10ec
1641
199d
1b07
1b43
1b60
1b96
1987
129c
0717
f9ed
ee82
e8a8
e84f
ea08
eb39
ebef
ed09
efdc
f4c6
f948
fab3
f95e
f764
f6f3
f9b5
ff44
0538
09e5
0c8c
0d29
0c26
0a2b
0927
0a31
0c5f
0d51
09ee
02b1
fcfa
fbf1
fe82
01e0
02dc
001e
fa7e
f3ae
edf2
ec03
efb3
f751
ff04
027a
ff7a
f91c
f439
f4c2
fb37
0284
06c2
0852
0937
0b57
0ebd
10f2
1139
10bc
10ad
1164
1104
0cea
05f4
ffa6
fc11
fbbd
fbbe
f8e5
f34b
ece6
e853
e6cd
e656
e628
e8d2
f023
fae6
05e3
0c8d
0c9b
06f7
0031
fe6e
031c
0af4
100b
0d43
05d1
0082
0045
0439
0764
054d
fe83
f46b
e73e
d713
c700
b9c2
b305
b460
bd07
cb2b
db55
e9ce
f1b2
f282
ee9f
ea41
e9ce
ef10
f8ec
03be
0af2
0c52
0875
0452
0436
075e
0a2d
0793
fe58
f3ab
ebef
e830
e745
e6b3
e620
e72b
e985
eb63
ec59
ed28
ef1c
f38d
fbf0
0864
153d
1dca
1e1d
165b
0ddd
0a97
0bfc
0f4f
11ba
11d6
1013
0d42
0a4a
0903
0b99
0fea
10ce
0b5f
0029
f3cb
ec59
e9ce
e9c6
eb58
ef19
f737
037e
0dd4
10dc
0cd6
0579
009a
00cd
035b
05ac
06f1
07f5
0a87
0f40
154b
1b5b
1fe9
20ef
1d20
15fa
0e07
05f8
fe19
f86f
f70c
fb76
0473
0c18
0f0c
0f5a
0faa
10d7
11f0
10bf
0e4d
0e77
0ffc
0da1
054f
f956
efa5
eedd
f5c8
fee2
0583
06a3
02eb
fcc8
f6e2
f353
f28d
f342
f293
ef70
ec05
eb54
efba
f75c
fcb8
fe40
fe95
00d7
06d3
0d4a
0f28
0c5d
096d
08bb
0902
06aa
045e
06d4
0c33
0fc0
0d3b
067f
015e
ff10
fe6e
fe71
fe7f
fe56
fc98
f8b9
f5b2
f604
f99a
fddf
ffd6
0012
0010
fffd
feb6
fba3
fbde
02a6
08cd
093d
0612
06d0
10f1
1cd3
1ffb
1546
0355
f6ff
f06b
ea45
e25f
dc9e
e061
ea4d
f0ee
ed97
e0eb
d3d3
cd3a
cfbd
d911
e4c3
ee9f
f39f
f2f8
f1de
f68e
01eb
0f56
1608
1369
0aea
038a
01e8
04ae
0744
053e
0099
fd21
fb76
f8ff
f23e
ea0d
e6b1
ebc3
f600
fb6a
fa3c
f7eb
f86e
fbda
fd76
fb9d
f8ff
f816
f9e5
fcf0
fea3
fc98
f82b
f57a
f879
ffb7
023b
fd5c
f668
f4cf
fb8d
0327
05c1
0374
0076
00b7
0238
02aa
02c5
04d3
0a1f
0e29
0d8b
0be8
0f39
1b21
2893
2d06
25bf
16d3
0973
0315
03da
05c1
0265
f7d9
ea21
e1dd
e625
f83b
0fd3
2154
230c
19f6
1276
12bd
1873
19fc
178e
1904
1fae
280d
2cb9
2b7c
25f9
1d0c
11e0
07e1
0168
fe87
fc86
f8a4
f43f
f399
fb95
0a5a
171f
1a02
122a
0b21
0ca0
13e9
19b0
1825
1305
1052
1305
198a
1f39
2128
1e44
178c
1090
0e73
11eb
1791
193b
135a
07da
fb65
f2f8
ef3e
ee9c
ef19
ee7f
eb4f
e65d
e24a
e2b3
e80f
ee9c
f21f
ef55
e5b2
da9d
da00
e722
faa8
0851
0845
ffb7
f68d
f1e9
efd0
eb57
e5a8
e28c
e3a3
e302
dcb9
d49a
d5ac
e2e5
f23b
f77f
f01b
e5f9
e52c
f063
fcef
fe36
f2bf
e7a9
e4c5
e862
ea1f
ebcf
f1cf
f83a
f707
ed14
e787
ec1b
f5bd
fa14
fa1a
fd2a
03d3
0653
fe11
f307
edd7
f208
fca3
08e6
112f
0d59
fff5
f620
f90d
052c
0e77
133f
14c8
11e9
09a6
0103
019b
0a64
12df
11e1
0860
fd29
f776
fe48
116a
2559
3108
320a
2dd9
279c
1fb8
17dd
1240
0ed3
0835
fc50
f055
f12a
0317
1c0e
273a
221b
1c6a
21b3
2b67
295c
1e55
16a3
1aae
2009
1b95
0d13
fec8
f939
fb32
fc04
f71f
f177
f0c0
f50b
f731
f29d
e94c
e463
eb5d
fdb0
0f9e
13bb
0708
f7cb
f0b1
f388
f978
f8c4
edf5
e3e5
e787
fb0a
0bcd
0db1
0576
046a
0cab
115f
0e4e
0723
0237
0080
0350
0b1b
0d10
038d
f58e
ec91
e9d4
e754
ea2a
f402
faa9
f948
f280
ed46
ea76
ebc5
f797
0776
0eab
0685
f932
f4b7
f965
00d8
04b8
041c
01d6
01f7
0727
0ffa
17f9
1b0d
1b55
1dfd
22e7
2568
20f6
1911
1329
116c
0e0c
0394
f2bd
e45f
de7e
df76
e158
e1b6
e496
ed8b
fb75
06d7
0962
0412
00fe
0578
0e25
111a
0d61
08ad
07a2
071c
0415
0526
0b0c
0e8f
06ff
fcad
fe25
0760
09fa
fbf8
e93b
e0a4
e722
f1b0
f66d
f446
f195
f670
01b9
0902
0adf
0aad
0a2d
0a68
106d
1b7f
21d3
1f68
1ce0
1dfa
1700
047b
f2e3
edf9
ef38
ec0c
e781
eca3
fb34
0a3b
1257
11e8
09e6
000c
f815
f335
f83e
0646
101b
0914
ff06
0147
0f57
19b3
1548
03f1
f38e
f2ad
f9f8
fab4
f478
fa35
0846
07fd
edee
d41f
cc16
cf55
ce3a
cde5
d318
df68
f4bf
0f53
217d
2597
2811
2533
1675
0248
f9e8
f9a3
f8cd
f84d
fdcc
003f
fb4f
fa64
0686
13f0
1345
0576
f73b
f060
f080
f2a0
eebb
e64a
e172
e306
e60b
e77e
e9e7
f0c5
fe0b
09ad
079b
faba
f0dd
f0c2
f4f0
fb3a
ffb1
fd0b
f2d4
eae6
e7a6
e8d9
f342
fdd5
fa56
e9c0
e28e
e7a5
efdc
f62e
fd72
fc4e
f072
e5d7
e1d1
e327
e875
efee
f086
efd4
fa9e
0fce
1a69
1448
09cb
05c1
0471
0418
09e9
1714
1fa4
1d17
1661
1397
1146
0b8b
0713
0a27
1231
177f
1621
1229
11f0
17dd
2031
269a
27b2
22cb
1bd1
1ab2
1ffe
21f0
1719
0b07
0ace
11a8
0cde
ffd5
f9c6
fe28
fe20
f767
f2b7
f4a2
fb37
058a
0f03
0d25
05ac
0418
0bb0
13ab
185d
17e5
11cd
0ba9
0596
0016
fff6
05fd
0738
ffac
fc8c
05c7
1326
1a86
1c07
1224
00f5
f829
02fc
10ce
115e
079a
01da
fded
f932
fa2a
029f
03b9
f34c
db62
ce18
d74f
f2dc
090d
0575
fa58
fce1
06d0
07d8
0389
fb05
ea55
df45
e572
eaae
dd93
d5e6
e336
f7e6
0762
150f
1a56
18ff
1ebb
2d15
3499
2bcd
1c00
124c
12f5
1356
0a51
fe5a
f534
f0af
f547
fce3
f7dc
e751
e320
ee38
f98b
fd5f
fdfc
febd
0178
040c
0e7b
1ed3
1d2d
02dd
f6dd
fa14
f35b
e485
e14f
e148
e1ef
e5da
e328
d963
dab4
e3a0
e007
e2b3
f8fc
09ec
0145
fab7
06bc
0cc4
fe0f
e5fb
d0e8
c793
c6eb
c5e6
cab5
d78a
dadf
dbca
f410
10b0
157c
11e7
21d0
30f3
2f8f
22eb
1303
015b
f23b
ec98
f31d
fbe5
fc76
f9a5
012a
11a1
1dd5
1f5b
1bba
19c0
1731
115b
11a4
168b
130e
058e
fc97
fc52
fc1f
fc14
0136
083f
0d0b
1060
1177
10b6
0fce
0b9a
fff3
fb20
03c6
0ea4
0e66
0374
f768
f136
f3c0
f594
ea97
db91
e0bf
f055
f594
f3b1
f867
fd10
f706
f0d8
f585
0371
11ba
1afe
215b
21f4
1444
f83e
dd8b
d442
d9f3
e451
ee24
f4d1
fa4e
096d
1c92
1ce9
135f
13d4
14ba
09bd
01cc
0418
081d
0322
f6e2
f349
feab
0376
fa8b
fa29
0e77
190b
1175
0475
feaf
0411
0cf2
115d
05b1
ef80
e964
f5c2
fd0c
f9cc
f50b
f045
ef44
fac3
07a5
fec1
efd0
fa80
0c37
0670
f74d
f805
ffac
f87c
ebdb
f254
fbd0
f20f
ef82
ffad
0c4d
0e6a
0aac
05bc
05f1
0ed8
1f92
2a19
1eb8
098a
f604
defd
d340
d46e
d569
e8be
006b
0034
033b
16f0
209b
24eb
30e0
36ce
34f8
23b4
05fd
f801
f34c
e760
e16e
e1e3
e7b4
f28d
f0b5
e5a1
eb1e
fa6c
00ee
095a
1328
09bc
fa81
f5cc
f6a9
fcad
0218
fcd2
f8e1
fc96
f79e
eeef
f674
02c0
051d
070c
0e01
1288
0e2d
fc9c
ea67
e944
edb0
e620
e251
f000
fffd
0a5d
1343
198d
1436
01fe
073f
2535
248a
0c02
0402
0050
f9e4
ff69
0036
f2d5
f183
fd59
0147
05fd
0cca
113f
1f55
26f5
1cc5
1a7a
1c23
0ddd
ffcf
f91c
ec68
e481
eab2
f5f6
f559
e6aa
e353
ec68
e9f6
e447
f01a
0043
fbb6
ed84
ef23
f89d
fe89
09f0
10bc
0d42
0e01
0f53
0e41
04b8
f2c5
ef49
fbd7
fe12
f6da
f753
f78d
f472
ff18
1433
1cc5
19e6
1241
0d30
133e
17f7
07f9
f313
f22d
fd4a
071e
0b74
0350
f799
f0ff
eed5
f982
0c1b
0fb6
04f7
04dc
10a0
17fa
1956
163e
0d4b
061e
06ff
0b59
00cc
e3e0
d068
d416
da09
d997
dca2
e488
eb0c
ed85
ed71
edc1
f35e
0546
117a
0b34
0748
0438
fcd5
f406
f599
0268
060d
07d3
0a81
058a
01db
0595
0654
ff82
02fa
0b2d
0cf9
0452
fcdd
036f
0d2a
1396
1889
1932
1418
0f3d
08d9
00d3
f94e
f1c4
e7cc
e1b4
ee06
04f4
0d16
02d5
f986
026f
0ec8
0967
0698
0d94
0b62
11d3
10dd
fb87
f0bc
eb71
ea1e
f0d7
eee1
f35b
0126
fdd8
f9ad
fdb4
06e6
1709
1b39
10b8
04f9
f9e2
edb0
e614
e726
e944
f2a5
fab8
0234
1192
13cc
0a9b
07fd
0e07
0bde
f895
ed59
ecc9
ef39
ef96
e5e2
eb7c
ff6c
fefa
f6bd
fceb
0e4a
18b8
1442
11bd
0a9d
ffc2
0452
01aa
f583
f5d7
fcb4
f536
e935
f447
0052
01c3
0d4d
1a52
18a4
0ff5
fc81
e50c
e6a2
f486
f90d
056a
0dfc
0288
fa40
f36a
ed8b
ed7c
e593
e892
f62a
fab1
0aaa
0d6d
f0f1
e8fa
f60b
fb2f
f9e0
f77b
fa5f
053b
1922
22c9
15d9
0bda
060d
f45c
eef8
fe2e
099b
0685
ffe3
0876
145e
0e4d
1141
228e
258f
17c1
10e5
113f
0cb4
04ad
f88f
f64b
0718
0abc
0477
0ab0
08a4
06c7
0edc
0afd
072e
ff7f
f136
ef03
f01d
f2a4
f857
ffee
07b4
0c28
0ec5
05c6
fe98
0a84
0e16
0819
0e2c
0bfe
fdfd
0518
0b82
003e
0096
0665
011b
01bd
06f2
0477
038e
fc7b
f27d
f8b3
f462
e86e
f3af
fa0f
f61b
fa79
05f7
16f4
123c
fee8
eb1c
e764
e9f7
e33d
ea3e
ea1a
f3d2
0398
0251
09da
15e9
0e0b
f842
fadb
03cf
f182
e9b9
e960
ef9e
0269
021c
015e
f96d
f883
08e3
1028
1742
1a05
0c6b
0016
0bb6
0336
f43f
f789
f9ff
fb75
0272
0727
01f3
0630
0e11
16a4
1830
0a7a
fc82
03b3
03b6
fec0
faa0
f9a3
fe18
f54a
fcac
12c8
1d0c
0a02
09cb
1372
fbbe
ef64
f5c6
f731
f9d7
f16f
f28b
fceb
fb75
0708
1567
0e41
fc3d
ff35
0de7
003b
f97f
fae2
ff0c
074b
02b3
055d
10fc
149b
0d8e
105f
11de
08d1
02f5
0b37
09c9
fc86
ef9f
ead5
f6bd
0438
0c2a
0c5d
06ac
ff20
0111
05b6
06a0
fd66
f0ab
ed9e
eafd
f296
fa6c
fdd0
022a
f73d
eaed
f4be
fcd1
f23c
ec7f
f2d1
f296
fe6e
0e5b
0d08
1aef
1baf
078b
0227
fc9b
fcfe
fb95
fa9a
fb07
ff7e
01dd
f2f2
ef20
fd7c
0859
09ec
fdeb
f2eb
ed62
f0cf
ee5f
ef82
f1a7
eef0
f567
feab
fae0
f443
0198
fda4
f55f
fcf4
f732
fbd2
03d4
fb74
062f
0e25
ff09
f997
0588
0791
fc18
fe03
0723
1321
20f5
1bbb
1a82
1773
00a5
ffa5
07fc
05d7
0449
fa01
fd47
09a3
098e
0d1c
0e20
038b
fc29
fb1c
fbb7
f58f
f919
0782
faf5
f1c2
f8f0
fae7
00c1
0c3a
0c67
0e0a
0b9e
02e6
043c
fd84
01ad
00ea
fd8b
f786
f538
f8a5
ee0e
e9fb
eb71
e6ca
e81e
fa37
0621
028e
f35a
ede9
f342
ed8c
e5c1
e920
f4d4
faa4
fb09
08ed
00bf
00f2
fd17
04d9
08f8
02ef
094d
fb75
fdbd
fa58
f1d1
00a3
092b
0695
08bd
02c3
1069
1a72
083c
f825
00d1
09e9
0e12
0b69
ff48
06bd
0dd9
0b05
1222
ff32
f5a8
e607
e6e8
ee52
f9bf
1439
0b04
0881
0c26
07d8
09c1
06fd
0573
fa1e
fc44
f652
f665
0398
16d4
005d
fd75
ffb7
fc0d
eab0
ea1c
f2e7
e327
eef0
fbd4
097b
0a6e
0261
0246
05f9
fb1a
eade
f271
f944
ff6d
ff6d
117e
119b
0c3c
05fc
f997
02c0
02dc
0144
03c4
fc17
0f1b
103b
059e
0ec5
1745
02a9
f357
fd42
04cb
ff02
f786
076c
02ca
f323
f462
07e5
1239
0ca0
1247
1400
09b8
eee2
ecb8
e560
f1ad
f9a9
fe35
0115
0f50
050d
0b07
0f72
0330
02bf
0255
f657
f562
02ea
0949
07ae
ffc0
020d
fbd4
e9d2
efe8
ee35
de85
ed78
fe80
05ab
03ea
0b80
11fd
f92f
f3e4
021e
0bfc
fdd3
046f
0230
f712
186b
1bdb
01c3
f145
f0af
eabb
f084
fa5d
f691
ea43
efdd
f9eb
fd4a
fe48
0945
030c
0604
0f65
0fe0
1b88
176b
18c3
0b79
fd42
0618
05a5
02dd
0646
10d0
12d6
1439
19c2
003f
02d5
0265
f1ad
fe39
ff39
024a
0790
1478
0705
0f67
0dd4
ef7e
ec18
f98f
fbe6
0181
faef
f87d
075b
06f1
e986
e3c3
f7df
f891
ed43
fdd7
128b
14c4
25b8
19eb
0107
020c
f22c
ec2c
f5db
f21f
f252
030e
0ecd
1ae7
1b99
04ae
e804
eba5
f35b
f990
fa21
0ad1
0b58
0ab1
096d
fbdd
02f6
f67f
ece4
0078
f87c
faa1
0819
0d5d
1107
118b
0537
fbb5
f4b0
e71f
e6d5
fe20
0c2e
fe58
0f8a
01fd
0623
fbe6
d4f0
b326
c806
efa8
ec51
f1a3
0b88
0465
09e9
f747
e78d
e639
eb98
ef13
05f8
1f18
0b86
104e
0fab
0904
1111
f799
e997
f13d
0eeb
056f
02f1
0789
1240
20c5
148a
fe00
fa7b
0e91
1030
0fcc
0ff6
f8f8
f498
06e5
f962
f2c8
eea6
effc
fe32
04c3
0e5f
08b3
0549
0be8
0a29
ff13
fe78
fc7b
f56e
fe25
0010
fe5e
ffef
08c9
0d3d
1ec8
f952
e844
ded2
f11f
d58b
d2a5
edc2
f221
0118
15e0
0399
0663
0075
fa7e
e989
f1ec
f9e4
fa92
fb21
f919
fe8a
f5c4
012b
f7b0
fe48
0409
014f
02b7
0c49
0be9
21cf
2614
053f
05c2
f029
e6f3
1bc5
18d8
1662
175e
2598
2a9f
14ec
0068
f9a6
f4f9
1567
0ef4
12e0
1628
129c
20a3
17ce
0f97
1934
00ee
ef22
ef02
e5d2
e5b0
f224
dda5
ead4
0983
f4ee
ed1e
e2a0
e25f
d354
ec98
eecc
eb94
fceb
e4a9
ea3a
f6e1
eabe
f3b8
fa8b
06a8
f042
fafd
1165
f698
09e1
14c9
04e1
0a64
0d92
f776
1d3f
31c9
22ec
11c2
00de
f339
2618
1c77
2b1c
16b0
1d89
fc07
fc52
f067
f73f
e655
fc1b
0f89
f0c1
fa7e
e3d9
0587
0510
104d
067c
017b
0c4b
ee9d
e72b
f980
f102
eaa5
0acf
fb67
fbe6
046a
033d
1742
1c07
256c
15d7
0e36
eaa1
df88
e2ac
fc5a
0696
0667
0f2e
07b4
0414
0e0a
fc83
07f2
e136
f3d9
f1c8
0170
0aed
09fd
187e
1f94
1d80
faee
eeeb
e78d
fec1
133b
02bb
f342
0950
03ac
0ad6
15db
f208
fbc8
f6d3
08bd
d0f0
cf6a
d0e9
f349
22fe
2813
07ee
f9a2
f8df
fe77
0178
13d5
f564
f1a5
e8ef
e2c6
e7bf
f5b7
09e8
f13f
f5e7
ffb1
ecd5
e865
fe8a
e4df
ed54
fce8
ee77
e1e4
edae
ef85
12ac
0fc8
0500
08ee
1fde
14b3
0dc0
0974
17ad
1154
1d31
27e5
1b29
21e1
0e66
1128
fe62
ff64
f3c7
fa3b
0f7a
03de
1106
1858
0afa
ff3b
082c
fc4f
1457
19f1
f966
0f89
069b
fbfb
fefc
f668
cde1
faef
01d0
007c
05ce
edcb
e615
d94e
ef40
12bf
18ff
309e
2378
1239
0a15
f37b
f9e9
eb28
ee24
fdad
ffea
0a5a
1d93
f71a
eb82
e14d
e5a9
d886
e39c
f0d8
0222
0953
f43f
c959
c60d
d8cf
e22a
16a1
1fa2
2e2b
0c50
ed3d
fb1e
f9d9
172a
1d1e
17d1
121e
0eec
fbc2
fbb5
08ac
1107
1037
023d
0473
0bed
f310
f618
db66
f363
f56b
f922
f59d
1483
22df
0022
d440
e6ab
f6ce
1814
1388
133f
01d3
05db
f30b
0258
0033
1811
0145
0739
0fa0
ea55
f9b5
f828
eeef
0057
f874
0204
0066
fb4d
f2ef
f71a
eef8
0561
0d8c
04e7
13e9
286c
030c
d911
d473
f234
fe71
1c7b
2921
3757
1965
f67e
e3f7
e30e
f469
e50e
fd67
0dd6
0405
f5c6
ff38
fa26
fc9c
efc3
0477
0919
125d
f562
eb8f
e2be
f612
0d83
19b6
ffb7
2a5b
0674
fd21
01e0
f00e
ff7d
0876
14e9
24d6
1c61
077e
f517
e531
f7c3
e34e
ed9b
e619
0191
ec12
fa7b
0d80
0cbc
0f56
fedf
f339
fb41
f824
f61d
190a
178a
0dfb
151e
f060
00e5
09d4
f4c3
f0c4
0fe7
02a2
1412
1907
0a2e
08f3
f804
cf93
da29
df31
ec5d
ed6b
f33d
10bf
07c6
01e4
f35e
014d
06cf
08ed
0240
061c
01a6
0d71
fff3
0546
134e
19a8
1153
066d
f8b2
e924
e782
0b2d
ffcf
026f
0bb3
0ba8
0bb6
0eb3
f046
eac5
ee92
01de
f9d7
0906
1a51
035b
ebf0
e768
f473
0436
129e
089c
09b2
ecd0
efd7
e4fe
00f4
f6a2
111a
1335
085b
054b
f457
fcbd
e97d
00d3
104e
177a
f78a
e9a7
fa39
0d0f
f966
ed64
e498
f768
0dd6
ec91
f7dc
f928
fbd2
1d13
1280
0332
f111
0a11
0038
1420
14b9
2308
10f7
0b03
f612
0a65
04dc
0720
0f48
0645
ef90
f071
f9ec
08e4
0e08
0046
0c3c
0fab
fd37
0986
02a5
0026
06b7
02fc
f317
efc1
f6a0
f61f
01c3
1805
f872
e801
e34e
eb28
fc7a
0299
15e9
fbea
0322
eb89
e934
0188
0114
f600
0bab
1794
0fc6
06ed
fae7
f84d
fb4a
075a
0263
108b
17bd
fd2a
058f
fdb2
fb42
f55c
0d84
145e
0f97
f8cf
f55d
f94f
ef33
fce7
078c
113e
f9ec
0bc1
f9f0
fe66
0422
0b07
12a9
10bc
0a81
07c6
0491
ed90
f653
0aea
09d2
fe82
0602
ff23
ee33
ed26
fb0a
0227
ebc3
fbdf
ee31
f32e
fcc8
0d5d
1fc3
051d
fc66
fc29
fad8
0258
f063
fcf7
0b2f
f768
ee06
ee08
f201
f217
ff74
f5ff
fda4
fc00
f669
0144
0859
007c
0168
01f3
0073
13c9
1d5c
1bc5
fc00
07fd
049b
f9c3
0a6c
0ea3
02b5
fb09
f837
00ed
f706
f8db
fe19
0d67
0ed4
02dd
00a4
0225
fe86
f615
f8ab
e927
eb52
e6cb
fe6e
0379
ee18
f35a
e715
eeab
f906
0925
0099
ffc2
03ea
07a2
fda8
f197
07c0
0777
02bf
1b42
fb3b
0720
0f33
ff3d
0de9
0fd2
f8e6
e3f0
ee85
0f44
064f
0a62
09ab
06d6
faf6
f5c6
083c
01a2
ffbe
f469
ef5f
e2d0
fa4f
0caa
01ec
060e
eae7
f6fb
fe03
14a0
0c21
fa1f
0529
0485
fe86
103b
0b6c
0e77
f581
0508
f714
07de
f1cb
0d43
0ca6
13af
f7f5
eb0a
f42a
fdba
0b96
02d8
0a82
02bb
f959
ff0f
0b17
0003
fc6b
eb70
e333
f37b
05d2
093a
0232
f8c6
0a11
043a
f596
2115
fabf
f05e
ef09
f99a
ea49
fb71
fe62
05a4
0e12
1442
1742
0d4e
025a
02e1
07a2
1285
1b9d
fe28
fb1a
fd56
014d
0946
0af9
127a
f3af
f3f0
fc1e
fd26
f8bd
0c56
e52d
f70e
ee49
01b2
132f
26a9
024e
fd7e
ed1a
f485
f6de
0c06
1b46
03b5
ea7e
f6a4
f7a9
0d11
0a79
fe89
02ac
ec18
0268
f884
096d
10e6
0be9
fbf4
e7e9
ed2d
0bff
0849
001a
0119
c467
c61a
f214
f55f
078c
093a
e7e9
e8c1
efb1
1bd7
0a96
10c3
0c74
f73d
ebda
10c3
013d
0982
2079
0851
fd1a
0f85
0e0a
fce0
00b0
f85b
f211
f53f
01dd
0af1
0544
0f79
fea3
fdd9
f75a
0010
fae7
07ce
1fee
f35e
dd2c
e7dc
d3f9
f3c7
094f
065f
06c9
fa80
e86a
f8c0
fcb1
fba4
f61d
0000
0083
0033
04ed
0ca3
256c
0530
e1cb
2445
1899
2437
1cc7
fd99
fbee
0d8e
1805
1cdd
106e
1709
ef33
e8c4
eec4
d86d
081b
ee27
e3f7
dac8
eaed
ff87
e644
f54e
e8a8
fb12
f82d
0306
f9b4
1162
0465
13bb
f954
3299
1b47
020d
119c
1dea
18a1
13e2
fc66
f320
e544
1470
f195
e6c6
0ecd
1083
00c8
07e9
e81a
faa9
ea5c
0ab5
fe9d
0171
1aa7
2547
11c4
e7d8
e18a
043d
0376
09ba
0438
fe89
00b7
ef5f
f330
0aea
0dd2
1e1d
07ac
eec4
fb21
0e0e
f333
0c63
1343
f529
f7d4
0810
cde1
d448
1e05
224e
f9a0
0003
0672
fcb8
f297
e21a
eb35
08d1
f230
fd16
e74b
f867
edb9
f989
e2bb
ef7b
1a69
051d
18df
13fb
070a
16a4
1b59
22d5
2260
0bb4
fa31
f593
03cc
03be
1859
0860
06cb
01ed
1a98
008d
0456
fa25
e595
f566
f954
0663
e146
e0f4
f755
1a58
3108
15d7
0dea
f0ea
f77a
f112
fe14
0833
0a2b
f4b8
e14d
e05b
e3a8
06a3
036f
e6cb
c6f4
d9d5
047b
1b50
251d
f1e8
fcc8
06e5
1d4d
12dd
13f1
fc70
0319
1130
0e30
0132
03e2
f478
daba
f431
f9e5
0118
217c
f206
ddda
f734
1f32
151f
048f
f47f
003c
1506
023c
0d67
f1b9
fc5e
f267
00de
ef72
05cc
ff41
ee92
ee2b
0e03
052d
1fef
0c82
d527
dc6f
fe72
20c5
36ea
0133
e395
edf5
e7bb
085f
f97f
feb9
fa77
f1f7
063e
0e68
ea4e
e587
0efc
0717
2728
0000
fdaf
ffa9
0ee1
2027
0f7a
eb3a
f786
e71e
e970
ef73
fe51
0ce4
0c73
f555
f68a
fc78
19b9
1525
f03f
0b01
f258
0aad
05ba
192b
0564
efdf
d993
e440
ed6e
0221
0779
f819
051f
0a27
05a8
01d5
0812
08e0
1975
0e6c
f941
e1b4
0cd9
fbc9
0639
0b45
fb9b
e989
efee
faaf
0c28
0edb
edd6
e8a8
fe78
0f7b
0f3a
ecd6
efbe
fcbf
f8e5
17b8
0680
000b
fca5
f0e1
07b2
1552
e226
f9ca
0327
ee24
e51d
00b9
eb1a
fb53
fa13
22e3
0962
f453
041d
1466
21b4
114d
0812
fc7c
0505
075b
0760
eec4
f5e5
09ad
022a
0d75
0cec
0be9
0517
0488
030a
f936
f13d
f6e0
15f2
f5f2
ea58
eba7
038b
1139
f7dd
fba6
e93f
03a3
f83d
0e45
18f5
07f6
f426
faac
0627
0c44
160f
0193
fdfa
fe56
041c
0c9e
0c9e
f57c
f77a
fcd6
0ff2
fc27
0978
fae2
0500
11e2
0e4e
0768
0c66
edc2
00a3
0b82
ffb3
05b3
ee07
f5c9
0205
ec31
f41c
f333
0ddd
1f98
0270
fc61
fca3
ee13
0a3f
f225
eeb1
ef18
fede
03c1
fcc3
0379
0eae
0202
fb33
19a1
1b88
005d
04f0
0769
0f54
fb4d
f46c
fa31
fae0
0d26
0663
fdc1
ff26
f521
e8fa
e6ca
036f
f29a
f080
e9d5
f81d
fff3
ffa3
0411
fabe
f375
06cb
0346
0d59
0516
0de1
0aae
11fa
f2d5
ee9b
13ca
0c7f
084a
fa64
f5c4
16d4
ff98
ea10
e995
fcad
0479
061a
ef05
ff29
145a
02df
04e0
0145
1326
12fc
f3a8
04f7
04f7
f1dc
12a7
12f2
f016
e7d0
fdf2
0ec0
0f72
029f
f5fb
0adf
01fc
e993
def3
0435
0e1e
f23e
0a1a
06df
1e72
f39f
ea27
f89c
f387
fd4d
00a7
0ecd
1783
fd72
0301
1047
1b10
02d5
f4eb
019f
14ad
108b
e91b
fa25
fbc9
0904
e5ac
fe45
f949
1580
10b7
fc6b
f508
f315
1445
1505
eb22
f953
0cca
0d5e
022e
ed22
f4a2
098d
1112
fbba
e6a3
0b50
0ba3
0623
c993
de95
ec26
0479
f0d3
e8c1
fc91
0bbf
0de0
09dd
ecf9
0621
0879
1efe
f713
1005
0eb6
0003
f29a
eee4
08a1
0902
0ec9
fe77
f60e
000e
0997
1feb
e4f2
e9b8
e526
fdf1
023c
fd08
e972
f99a
fa0c
f6f3
f6b9
00cf
0d8e
2bbb
040d
e398
1624
1963
1f82
fb27
17e7
18e7
1c4e
0e95
fdfa
ed6e
ef3c
e35b
f3d4
e30f
de33
e3ff
e95e
f0aa
eb39
0363
f1ef
ff3d
14bd
0e4e
ff0c
2996
0433
2740
21cf
06fb
f14c
e4dd
00f0
ed96
0808
04f4
0328
f0d4
ea10
f90a
027a
1b26
18ee
e82b
e6e9
00fe
0793
0d63
fbd8
f576
0ab3
1970
18c7
ec9f
122b
f335
feb9
01d9
f43f
d0cb
d580
2649
f98d
fe98
0df1
f1b2
e6f7
0a2a
f902
e85e
ed93
fc3d
e2c4
f90e
05d0
1fa8
0b26
15ae
2735
2122
1202
fc4a
09cc
0f52
08f9
03a8
1c5f
0c9e
fa73
e1f3
0a02
07c6
e105
e35f
19cf
2bf6
0fcb
f513
e723
feab
21cb
f439
e356
e33e
0845
fff0
c6e1
dae5
1637
151c
f6f4
0f35
192c
1482
fba1
0fe4
0851
0f73
f534
ed66
fc65
0f02
0d8e
e1d8
0e95
158b
07fc
0411
18ff
0383
f0a4
fa13
f9e2
f953
f797
f19e
fecf
05e7
2a19
dfd1
e7b2
163c
36b4
f82b
e1d4
e5c8
0906
f5d1
fd02
eef6
06fa
fcfa
e643
0a3c
021a
0c2e
ff60
fd4e
113f
1a7a
f90e
f600
ec79
0055
f8b3
0d39
0479
fdf6
f47e
19c9
17df
fd91
f756
0c88
10fd
0cfa
ffef
da1b
eb3c
f0b2
08fe
f513
0642
01db
0029
02ca
11cd
1290
fa82
e42f
033f
0dd8
0b43
f251
f162
ff60
0d1f
0590
e65b
fb12
0dc5
0895
ee70
f363
fbee
11fa
04bc
faf1
f792
1893
f365
f89a
fd19
ed60
f8a0
ed0f
faa8
0abe
0c58
f461
ffe1
0d68
15db
071f
0b05
09ef
07b1
efee
06c5
fe41
0cde
0bef
01eb
03aa
f66d
f706
183f
e64a
ebad
0273
03e5
f171
fbf4
f80c
14c7
0211
f6af
05e2
0dca
00bd
fe83
f885
1a8f
01a6
f820
fcb0
14c0
0de6
fc03
074a
0efc
04b6
f106
08af
ff0f
0320
eb5b
01ad
f8c4
f20f
0e62
07e0
fd14
005b
f876
fac5
ef30
f012
f3fe
f97c
0384
054f
0585
0f74
1be9
07c4
f812
0d44
fb13
fbe6
f6e9
0d5d
0391
00f0
f747
eb2e
e694
0450
f358
e86e
fc5e
011c
03cc
fa47
fcdc
08c9
18c7
0584
03cd
0b13
f5ff
ee4b
0864
091a
fee4
f5d7
0325
fb67
efaf
00b7
01e9
ec03
ff72
1080
fa1f
049c
1416
1799
fd13
f8f4
f1e5
0e86
1005
e630
fe70
0285
02e6
f19c
09fb
fd14
ec76
0144
11fb
fb79
013e
16f1
f099
f473
ea83
fcc7
03b5
1b92
07aa
035f
14ad
072a
f28c
01aa
0f44
06e8
f9ce
fb41
0cf9
ec44
f1a1
1871
0030
eb5e
ef52
1818
f3f7
f737
0b74
0b15
fba7
004e
0912
1134
f3c4
fa4a
0aca
054d
b48a
ea18
0423
e804
ed57
14d6
0cae
f1c0
0f4b
072a
1b3c
074c
0df4
f923
f2cc
fdb4
0948
0fca
fe83
ff2e
ffd5
206b
dcbe
cd15
f246
0243
fa99
fb11
f80f
f810
0394
02f5
2093
0523
07b8
1a40
2663
f843
1001
10a8
0eb5
f551
e2db
db18
f5f0
e3d7
f77f
f619
f7bf
fa1f
f37c
fc50
ffe4
f98f
2216
efdd
2b46
0b17
f19e
057f
fa79
085d
0098
e9f9
ed01
f75d
0328
24d7
f97a
eab9
0d59
0549
08b6
f324
0a5d
1cdd
eeec
12ea
078b
19d2
f534
cc63
02d6
040d
ff51
fbfb
e176
0316
f950
e943
eb65
e21a
fd99
03d6
13bb
17bc
280c
1791
fa99
01fe
1409
ff2e
10ab
0563
f8a3
d4bb
03b3
dfa8
f6bc
2711
13c6
f47e
f5a9
0543
f9c7
e3ce
deeb
0491
c6be
de06
2f7c
ede2
036e
17f3
0022
0906
0d2d
0a4b
e8a0
f6db
0a10
f5a0
f3a7
1275
0825
fd5c
060b
079f
fa0d
0796
05ef
eba5
01b2
06c2
05c9
d7ca
1ba4
318f
e3ce
eb74
0f27
f8f2
fbdd
059b
f020
ea31
17d2
1202
01de
04dd
1e6b
fa02
f5cc
e446
ef7e
0d09
f0fb
f7be
1cd1
1643
0977
f09e
08fe
09a0
d830
e069
ee5b
0762
f88c
072b
ff4b
fd63
1946
02f1
e2b4
fa81
0899
01d7
f160
f9ef
19c2
e705
fb91
0793
ecbb
e687
ff82
0e89
f45d
eea9
1ae4
e292
0d56
edc9
fc1c
f173
fb3f
0ddf
0037
11b6
2466
0812
09ec
0bca
f071
fc69
0491
0a6e
0b17
000e
fb91
ec01
ff41
f345
e640
0360
00f5
e9ce
03b6
01c0
141c
f7d8
fea8
0ae8
0021
fd2c
f65e
0493
f35f
ef63
1155
0a6e
fbd7
0c11
12a5
0ca7
f083
0981
06d2
eb87
012f
fbba
f2af
1fc8
fd14
02dd
0884
eef7
eef3
f9bc
f744
0d4b
07c3
1ac8
016d
0010
0cd2
fbb3
fc6b
0685
0349
0221
f86e
e788
03a4
ef5a
faf5
0038
023b
fd99
06ba
1b96
0921
037f
0522
eeb6
06bd
0734
f785
070e
ef8d
ea38
0375
ec27
fded
0927
ff9b
134a
09ad
024f
f555
0d1b
f3ae
f97c
0a18
02ce
00b7
01e0
f2a5
04c6
ff5c
0162
0ef1
f0cd
f90b
fd30
02b7
1878
02fd
0d48
0600
f809
09b2
12a1
f9fb
f8f5
e533
ed07
1d81
01e6
f4a9
12cb
e9ec
f760
0a31
ff9a
f7b8
1136
fbf0
f5e9
0f09
dab8
f2ba
044c
e699
0b86
1161
efa8
08ad
198b
fa17
0e53
0699
eb9c
0c5d
0d3b
f8b9
feb6
1cd3
e061
e4c3
1369
fb76
f7eb
fea3
f4cf
02c5
2d06
ea21
12bd
25f9
f399
19b0
178c
f2f8
e80f
0851
e2e5
f472
e4d1
e89d
0273
058c
0d66
f879
22ad
fb3a
2260
fa2a
ec37
f1a3
084d
033a
ea60
eb04
f7ad
1671
140e
e124
010a
048d
0ab4
f1bc
0a39
1680
eeb4
f5e3
0739
fbe2
cc58
0c93
f9d6
fb95
f161
e842
f003
e840
e6ca
e1c9
1321
0da1
08df
14fd
1e87
0118
fb87
14c7
017c
1c32
0bab
f89f
fe89
ec5a
e893
2728
138f
fd2c
fdeb
1d05
e14f
e1ab
faf8
c6c7
ec81
2e45
f7fe
1fbd
16db
fe54
0feb
0c6c
e0c3
fd1b
1c29
d84d
1b43
018e
03cb
08f5
0052
f661
f5da
fab4
f4e8
06e1
16e8
da76
19de
19cf
e6ab
f5b7
fa34
fa06
03d7
fac9
f0d6
08ed
0329
f3bd
10cc
08d3
f71a
ed1a
f48d
0990
f7ac
f808
095c
f957
f5d3
01e4
0675
e0ec
f1b5
01ce
fe5f
04c7
03b0
020c
0e8d
ffb9
f89a
03cb
065b
f3c1
0100
0e8a
f3c3
fec0
05a8
f6fb
00ac
0ab1
01d3
f5b2
0b77
f40a
0156
f485
051f
fd4a
0d99
f9f4
04bc
0d14
006f
0211
0316
fab4
04bb
0345
03a4
0013
fc43
fe5a
06c1
fa12
fd3b
0570
fbf5
00eb
0240
00a1
fe36
00f0
04cc
001b
fe03
00cd
fe4b
fed9
0229
ff0d
005f
01d3
0144
fdf9
00b4
0072
fed0
feab
feae
00f5
0020
ffbb
ff67
ffc3
ffb5
fffd
0000
0000
0000
0000
0000
0000
0000
0000
0000
0000
0000
0000
0000
0000
0000
0000
0000
0000
0000
0000
0000
0000
0000
0000
0000
0000
0000
0000
0000
0000
0000
0000
0000
0000
0000
0000
0000
0000
0000
0000
0000
0000
0000
0000
0000
0000
0000
0000
0000
0000
0000
0000
0000
0000
0000
0000
0000
0000
0000
0000
0000
0000
0000
0000
0000
0000
0000
0000
0000
0000
0000
0000
0000
0000
0000
0000
0000
0000
0000
0000
0000
0000
0000
0000
0000
0000
0000
0000
0000
0000
0000
0000
0000
0000
0000
0000
0000
0000
0000
0000
0000
0000
0000
0000
0000
0000
0000
0000
0000
0000
0000
0000
0000
0000
0000
0000
0000
0000
0000
0000
0000
0000
0000
0000
0000
0000
0000
0000
0000
0000
0000
0000
0000
0000
0000
0000
0000
0000
0000
0000
0000
0000
0000
0000
0000
0000
0000
0000
0000
0000
0000
0000
0000
0000
0000
0000
0000
0000
0000
0000
0000
0000
0000
0000
0000
0000
0000
0000
0000
0000
0000
0000
0000
0000
0000
0000
0000
0000
0000
0000
0000
0000
0000
0000
0000
0000
0000
0000
0000
0000
0000
0000
0000
0000
0000
0000
0000
0000
0000
0000
0000
0000
0000
0000
0000
0000
0000
0000
0000
0000
0000
0000
0000
0000
0000
0000
0000
0000
0000
0000
0000
0000
0000
0000
0000
0000
0000
0000
0000
0000
0000
0000
0000
0000
0000
0000
0000
0000
0000
0000
0000
0000
0000
0000
0000
0000
0000
0000
0000
0000
0000
0000
0000
0000
0000
0000
0000
0000
0000
0000
0000
0000
0000
0000
0000
0000
0000
0000
0000
0000
0000
0000
0000
0000
0000
0000
0000
0000
0000
0000
0000
0000
0000
0000
0000
0000
0000
0000
0000
0000
0000
0000
0000
0000
0000
0000
0000
0000
0000
0000
0000
0000
0000
0000
0000
0000
0000
0000
0000
0000
0000
0000
0000
0000
0000
0000
0000
0000
0000
0000
0000
0000
0000
0000
0000
0000
0000
0000
0000
0000
0000
0000
0000
0000
0000
0000
0000
0000
0000
0000
0000
0000
0000
0000
0000
0000
0000
0000
0000
0000
0000
0000
0000
0000
0000
0000
0000
0000
0000
0000
0000
0000
0000
0000
0000
0000
0000
0000
0000
0000
0000
0000
0000
0000
0000
0000
0000
0000
0000
0000
0000
0000
0000
0000
0000
0000
0000
0000
0000
0000
0000
0000
0000
0000
0000
0000
0000
0000
0000
0000
0000
0000
0000
0000
0000
0000
0000
0000
0000
0000
0000
0000
0000
0000
0000
0000
0000
0000
0000
0000
0000
0000
0000
0000
0000
0000
0000
0000
0000
0000
0000
0000
0000
0000
0000
0000
0000
0000
0000
0000
0000
0000
0000
0000
0000
0000
0000
0000
0000
0000
0000
0000
0000
0000
0000
0000
0000
0000
0000
0000
0000
0000
0000
0000
0000
0000
0000
0000
0000
0000
0000
0000
0000
0000
0000
0000
0000
0000
0000
0000
0000
0000
0000
0000
0000
0000
0000
0000
0000
0000
0000
0000
0000
0000
0000
0000
0000
0000
0000
0000
0000
0000
0000
0000
0000
0000
0000
0000
0000
0000
0000
0000
0000
0000
0000
0000
0000
0000
0000
0000
0000
0000
0000
0000
0000
0000
0000
0000
0000
0000
0000
0000
0000
0000
0000
0000
0000
0000
0000
0000
0000
0000
0000
0000
0000
0000
0000
0000
0000
0000
0000
0000
0000
0000
0000
0000
0000
0000
0000
0000
0000
0000
0000
0000
0000
0000
0000
0000
0000
0000
0000
0000
0000
0000
0000
0000
0000
0000
0000
0000
0000
0000
0000
0000
0000
0000
0000
0000
0000
0000
0000
0000
0000
0000
0000
0000
0000
0000
0000
0000
0000
0000
0000
0000
0000
0000
0000
0000
0000
0000
0000
0000
0000
0000
0000
0000
0000
0000
0000
0000
0000
0000
0000
0000
0000
0000
0000
0000
0000
0000
0000
0000
0000
0000
0000
0000
0000
0000
0000
0000
0000
0000
0000
0000
0000
0000
0000
0000
0000
0000
0000
0000
0000
0000
0000
0000
0000
0000
0000
0000
0000
0000
0000
0000
0000
0000
0000
0000
0000
0000
0000
0000
0000
0000
0000
0000
0000
0000
0000
0000
0000
0000
0000
0000
0000
0000
0000
0000
0000
0000
0000
0000
0000
0000
0000
0000
0000
0000
0000
0000
0000
0000
0000
0000
0000
0000
0000
0000
0000
0000
0000
0000
0000
0000
0000
0000
0000
0000
0000
0000
0000
0000
0000
0000
0000
0000
0000
0000
0000
0000
0000
0000
0000
0000
0000
0000
0000
0000
0000
0000
0000
0000
0000
0000
0000
0000
0000
0000
0000
0000
0000
0000
0000
0000
0000
0000
0000
0000
0000
0000
0000
0000
0000
0000
0000
0000
0000
0000
0000
0000
0000
0000
0000
0000
0000
0000
0000
0000
0000
0000
0000
0000
0000
0000
0000
0000
0000
0000
0000
0000
0000
0000
0000
0000
0000
0000
0000
0000
0000
0000
0000
0000
0000
0000
0000
0000
0000
0000
0000
0000
0000
0000
0000
0000
0000
0000
0000
0000
0000
0000
0000
0000
0000
0000
0000
0000
0000
0000
0000
0000
0000
0000
0000
0000
0000
0000
0000
0000
0000
0000
0000
0000
0000
0000
0000
0000
0000
0000
0000
0000
0000
0000
0000
0000
0000
0000
0000
0000
0000
0000
0000
0000
0000
0000
0000
0000
0000
0000
0000
0000
0000
0000
0000
0000
0000
0000
0000
0000
0000
0000
0000
0000
0000
0000
0000
0000
0000
0000
0000
0000
0000
0000
0000
0000
0000
0000
0000
0000
0000
0000
0000
0000
0000
0000
0000
0000
0000
0000
0000
0000
0000
0000
0000
0000
0000
0000
0000
0000
0000
0000
0000
0000
0000
0000
0000
0000
0000
0000
0000
0000
0000
0000
0000
0000
0000
0000
0000
0000
0000
0000
0000
0000
0000
0000
0000
0000
0000
0000
0000
0000
0000
0000
0000
0000
0000
0000
0000
0000
0000
0000
0000
0000
0000
0000
0000
0000
0000
0000
0000
0000
0000
0000
0000
0000
0000
0000
0000
0000
0000
0000
0000
0000
0000
0000
0000
0000
0000
0000
0000
0000
0000
0000
0000
0000
0000
0000
0000
0000
0000
0000
0000
0000
0000
0000
0000
0000
0000
0000
0000
0000
0000
0000
0000
0000
0000
0000
0000
0000
0000
0000
0000
0000
0000
0000
0000
0000
0000
0000
0000
0000
0000
0000
0000
0000
0000
0000
0000
0000
0000
0000
0000
0000
0000
0000
0000
0000
0000
0000
0000
0000
0000
0000
0000
0000
0000
0000
0000
0000
0000
0000
0000
0000
0000
0000
0000
0000
0000
0000
0000
0000
0000
0000
0000
0000
0000
0000
0000
0000
0000
0000
0000
0000
0000
0000
0000
0000
0000
0000
0000
0000
0000
0000
0000
0000
0000
0000
0000
0000
0000
0000
0000
0000
0000
0000
0000
0000
0000
0000
0000
0000
0000
0000
0000
0000
0000
0000
0000
0000
0000
0000
0000
0000
0000
0000
0000
0000
0000
0000
0000
0000
0000
0000
0000
0000
0000
0000
0000
0000
0000
0000
0000
0000
0000
0000
0000
0000
0000
0000
0000
0000
0000
0000
0000
0000
0000
0000
0000
0000
0000
0000
0000
0000
0000
0000
0000
0000
0000
0000
0000
0000
0000
0000
0000
0000
0000
0000
0000
0000
0000
0000
0000
0000
0000
0000
0000
0000
0000
0000
0000
0000
0000
0000
0000
0000
0000
0000
0000
0000
0000
0000
0000
0000
0000
0000
0000
0000
0000
0000
0000
0000
0000
0000
0000
0000
0000
0000
0000
0000
0000
0000
0000
0000
0000
0000
0000
0000
0000
0000
0000
0000
0000
0000
0000
0000
0000
0000
0000
0000
0000
0000
0000
0000
0000
0000
0000
0000
0000
0000
0000
0000
0000
0000
0000
0000
0000
0000
0000
0000
0000
0000
0000
0000
0000
0000
0000
0000
0000
0000
0000
0000
0000
0000
0000
0000
0000
0000
0000
0000
0000
0000
0000
0000
0000
0000
0000
0000
0000
0000
0000
0000
0000
0000
0000
0000
0000
0000
0000
0000
0000
0000
0000
0000
0000
0000
0000
0000
0000
0000
0000
0000
0000
0000
0000
0000
0000
0000
0000
0000
0000
0000
0000
0000
0000
0000
0000
0000
0000
0000
0000
0000
0000
0000
0000
0000
0000
0000
0000
0000
0000
0000
0000
0000
0000
0000
0000
0000
0000
0000
0000
0000
0000
0000
0000
0000
0000
0000
0000
0000
0000
0000
0000
0000
0000
0000
0000
0000
0000
0000
0000
0000
0000
0000
0000
0000
0000
0000
0000
0000
0000
0000
0000
0000
0000
0000
0000
0000
0000
0000
0000
0000
0000
0000
0000
0000
0000
0000
0000
0000
0000
0000
0000
0000
0000
0000
0000
0000
0000
0000
0000
0000
0000
0000
0000
0000
0000
0000
0000
0000
0000
0000
0000
0000
0000
0000
0000
0000
0000
0000
0000
0000
0000
0000
0000
0000
0000
0000
0000
0000
0000
0000
0000
0000
0000
0000
0000
0000
0000
0000
0000
0000
0000
0000
0000
0000
0000
0000
0000
0000
0000
0000
0000
0000
0000
0000
0000
0000
0000
0000
0000
0000
0000
0000
0000
0000
0000
0000
0000
0000
0000
0000
0000
0000
0000
0000
0000
0000
0000
0000
0000
0000
0000
0000
0000
0000
0000
0000
0000
0000
0000
0000
0000
0000
0000
0000
0000
0000
0000
0000
0000
0000
0000
0000
0000
0000
0000
0000
0000
0000
0000
0000
0000
0000
0000
0000
0000
0000
0000
0000
0000
0000
0000
0000
0000
0000
0000
0000
0000
0000
0000
0000
0000
0000
0000
0000
0000
0000
0000
0000
0000
0000
0000
0000
0000
0000
0000
0000
0000
0000
0000
0000
0000
0000
0000
0000
0000
0000
0000
0000
0000
0000
0000
0000
0000
0000
0000
0000
0000
0000
0000
0000
0000
0000
0000
0000
0000
0000
0000
0000
0000
0000
0000
0000
0000
0000
0000
0000
0000
0000
0000
0000
0000
0000
0000
0000
0000
0000
0000
0000
0000
0000
0000
0000
0000
0000
0000
0000
0000
0000
0000
0000
0000
0000
0000
0000
0000
0000
0000
0000
0000
0000
0000
0000
0000
0000
0000
0000
0000
0000
0000
0000
0000
0000
0000
0000
0000
0000
0000
0000
0000
0000
0000
0000
0000
0000
0000
0000
0000
0000
0000
0000
0000
0000
0000
0000
0000
0000
0000
0000
0000
0000
0000
0000
0000
0000
0000
0000
0000
0000
0000
0000
0000
0000
0000
0000
0000
0000
0000
0000
0000
0000
0000
0000
0000
0000
0000
0000
0000
0000
0000
0000
0000
0000
0000
0000
0000
0000
0000
0000
0000
0000
0000
0000
0000
0000
0000
0000
0000
0000
0000
0000
0000
0000
0000
0000
0000
0000
0000
0000
0000
0000
0000
0000
0000
0000
0000
0000
0000
0000
0000
0000
0000
0000
0000
0000
0000
0000
0000
0000
0000
0000
0000
0000
0000
0000
0000
0000
0000
0000
0000
0000
0000
0000
0000
0000
0000
0000
0000
0000
0000
0000
0000
0000
0000
0000
0000
0000
0000
0000
0000
0000
0000
0000
0000
0000
0000
0000
0000
0000
0000
0000
0000
0000
0000
0000
0000
0000
0000
0000
0000
0000
0000
0000
0000
0000
0000
0000
0000
0000
0000
0000
0000
0000
0000
0000
0000
0000
0000
0000
0000
0000
0000
0000
0000
0000
0000
0000
0000
0000
0000
0000
0000
0000
0000
0000
0000
0000
0000
0000
0000
0000
0000
0000
0000
0000
0000
0000
0000
0000
0000
0000
0000
0000
0000
0000
0000
0000
0000
0000
0000
0000
0000
0000
0000
0000
0000
0000
0000
0000
0000
0000
0000
0000
0000
0000
0000
0000
0000
0000
0000
0000
0000
0000
0000
0000
0000
0000
0000
0000
0000
0000
0000
0000
0000
0000
0000
0000
0000
0000
0000
0000
0000
0000
0000
0000
0000
0000
0000
0000
0000
0000
0000
0000
0000
0000
0000
0000
0000
0000
0000
0000
0000
0000
0000
0000
0000
0000
0000
0000
0000
0000
0000
0000
0000
0000
0000
0000
0000
0000
0000
0000
0000
0000
0000
0000
0000
0000
0000
0000
0000
0000
0000
0000
0000
0000
0000
0000
0000
0000
0000
0000
0000
0000
0000
0000
0000
0000
0000
0000
0000
0000
0000
0000
0000
0000
0000
0000
0000
0000
0000
0000
0000
0000
0000
0000
0000
0000
0000
0000
0000
0000
0000
0000
0000
0000
0000
0000
0000
0000
0000
0000
0000
0000
0000
0000
0000
0000
0000
0000
0000
0000
0000
0000
0000
0000
0000
0000
0000
0000
0000
0000
0000
0000
0000
0000
0000
0000
0000
0000
0000
0000
0000
0000
0000
0000
0000
0000
0000
0000
0000
0000
0000
0000
0000
0000
0000
0000
0000
0000
0000
0000
0000
0000
0000
0000
0000
0000
0000
0000
0000
0000
0000
0000
0000
0000
0000
0000
0000
0000
0000
0000
0000
0000
0000
0000
0000
0000
0000
0000
0000
0000
0000
0000
0000
0000
0000
0000
0000
0000
0000
0000
0000
0000
0000
0000
0000
0000
0000
0000
0000
0000
0000
0000
0000
0000
0000
0000
0000
0000
0000
0000
0000
0000
0000
0000
0000
0000
0000
0000
0000
0000
0000
0000
0000
0000
0000
0000
0000
0000
0000
0000
0000
0000
0000
0000
0000
0000
0000
0000
0000
0000
0000
0000
0000
0000
0000
0000
0000
0000
0000
0000
0000
0000
0000
0000
0000
0000
0000
0000
0000
0000
0000
0000
0000
0000
0000
0000
0000
0000
0000
0000
0000
0000
0000
0000
0000
0000
0000
0000
0000
0000
0000
0000
0000
0000
0000
0000
0000
0000
0000
0000
0000
0000
0000
0000
0000
0000
0000
0000
0000
0000
0000
0000
0000
0000
0000
0000
0000
0000
0000
0000
0000
0000
0000
0000
0000
0000
0000
0000
0000
0000
0000
0000
0000
0000
0000
0000
0000
0000
0000
0000
0000
0000
0000
0000
0000
0000
0000
0000
0000
0000
0000
0000
0000
0000
0000
0000
0000
0000
0000
0000
0000
0000
0000
0000
0000
0000
0000
0000
0000
0000
0000
0000
0000
0000
0000
0000
0000
0000
0000
0000
0000
0000
0000
0000
0000
0000
0000
0000
0000
0000
0000
0000
0000
0000
0000
0000
0000
0000
0000
0000
0000
0000
0000
0000
0000
0000
0000
0000
0000
0000
0000
0000
0000
0000
0000
0000
0000
0000
0000
0000
0000
0000
0000
0000
0000
0000
0000
0000
0000
0000
0000
0000
0000
0000
0000
0000
0000
0000
0000
0000
0000
0000
0000
0000
0000
0000
0000
0000
0000
0000
0000
0000
0000
0000
0000
0000
0000
0000
0000
0000
0000
0000
0000
0000
0000
0000
0000
0000
0000
0000
0000
0000
0000
0000
0000
0000
0000
0000
0000
0000
0000
0000
0000
0000
0000
0000
0000
0000
0000
0000
0000
0000
0000
0000
0000
0000
0000
0000
0000
0000
0000
0000
0000
0000
0000
0000
0000
0000
0000
0000
0000
0000
0000
0000
0000
0000
0000
0000
0000
0000
0000
0000
0000
0000
0000
0000
0000
0000
0000
0000
0000
0000
0000
0000
0000
0000
0000
0000
0000
0000
0000
0000
0000
0000
0000
0000
0000
0000
0000
0000
0000
0000
0000
0000
0000
0000
0000
0000
0000
0000
0000
0000
0000
0000
0000
0000
0000
0000
0000
0000
0000
0000
0000
0000
0000
0000
0000
0000
0000
0000
0000
0000
0000
0000
0000
0000
0000
0000
0000
0000
0000
0000
0000
0000
0000
0000
0000
0000
0000
0000
0000
0000
0000
0000
0000
0000
0000
0000
0000
0000
0000
0000
0000
0000
0000
0000
0000
0000
0000
0000
0000
0000
0000
0000
0000
0000
0000
0000
0000
0000
0000
0000
0000
0000
0000
0000
0000
0000
0000
0000
0000
0000
0000
0000
0000
0000
0000
0000
0000
0000
0000
0000
0000
0000
0000
0000
0000
0000
0000
0000
0000
0000
0000
0000
0000
0000
0000
0000
0000
0000
0000
0000
0000
0000
0000
0000
0000
0000
0000
0000
0000
0000
0000
0000
0000
0000
0000
0000
0000
0000
0000
0000
0000
0000
0000
0000
0000
0000
0000
0000
0000
0000
0000
0000
0000
0000
0000
0000
0000
0000
0000
0000
0000
0000
0000
0000
0000
0000
0000
0000
0000
0000
0000
0000
0000
0000
0000
0000
0000
0000
0000
0000
0000
0000
0000
0000
0000
0000
0000
0000
0000
0000
0000
0000
0000
0000
0000
0000
0000
0000
0000
0000
0000
0000
0000
0000
0000
0000
0000
0000
0000
0000
0000
0000
0000
0000
0000
0000
0000
0000
0000
0000
0000
0000
0000
0000
0000
0000
0000
0000
0000
0000
0000
0000
0000
0000
0000
0000
0000
0000
0000
0000
0000
0000
0000
0000
0000
0000
0000
0000
0000
0000
0000
0000
0000
0000
0000
0000
0000
0000
0000
0000
0000
0000
0000
0000
0000
0000
0000
0000
0000
0000
0000
0000
0000
0000
0000
0000
0000
0000
0000
0000
0000
0000
0000
0000
0000
0000
0000
0000
0000
0000
0000
0000
0000
0000
0000
0000
0000
0000
0000
0000
0000
0000
0000
0000
0000
0000
0000
0000
0000
0000
0000
0000
0000
0000
0000
0000
0000
0000
0000
0000
0000
0000
0000
0000
0000
0000
0000
0000
0000
0000
0000
0000
0000
0000
0000
0000
0000
0000
0000
0000
0000
0000
0000
0000
0000
0000
0000
0000
0000
0000
0000
0000
0000
0000
0000
0000
0000
0000
0000
0000
0000
0000
0000
0000
0000
0000
0000
0000
0000
0000
0000
0000
0000
0000
0000
0000
0000
0000
0000
0000
0000
0000
0000
0000
0000
0000
0000
0000
0000
0000
0000
0000
0000
0000
0000
0000
0000
0000
0000
0000
0000
0000
0000
0000
0000
0000
0000
0000
0000
0000
0000
0000
0000
0000
0000
0000
0000
0000
0000
0000
0000
0000
0000
0000
0000
0000
0000
0000
0000
0000
0000
0000
0000
0000
0000
0000
0000
0000
0000
0000
0000
0000
0000
0000
0000
0000
0000
0000
0000
0000
0000
0000
0000
0000
0000
0000
0000
0000
0000
0000
0000
0000
0000
0000
0000
0000
0000
0000
0000
0000
0000
0000
0000
0000
0000
0000
0000
0000
0000
0000
0000
0000
0000
0000
0000
0000
0000
0000
0000
0000
0000
0000
0000
0000
0000
0000
0000
0000
0000
0000
0000
0000
0000
0000
0000
0000
0000
0000
0000
0000
0000
0000
0000
0000
0000
0000
0000
0000
0000
0000
0000
0000
0000
0000
0000
0000
0000
0000
0000
0000
0000
0000
0000
0000
0000
0000
0000
0000
0000
0000
0000
0000
0000
0000
0000
0000
0000
0000
0000
0000
0000
0000
0000
0000
0000
0000
0000
0000
0000
0000
0000
0000
0000
0000
0000
0000
0000
0000
0000
0000
0000
0000
0000
0000
0000
0000
0000
0000
0000
0000
0000
0000
0000
0000
0000
0000
0000
0000
0000
0000
0000
0000
0000
0000
0000
0000
0000
0000
0000
0000
0000
0000
0000
0000
0000
0000
0000
0000
0000
0000
0000
0000
0000
0000
0000
0000
0000
0000
0000
0000
0000
0000
0000
0000
0000
0000
0000
0000
0000
0000
0000
0000
0000
0000
0000
0000
0000
0000
0000
0000
0000
0000
0000
0000
0000
0000
0000
0000
0000
0000
0000
0000
0000
0000
0000
0000
0000
0000
0000
0000
0000
0000
0000
0000
0000
0000
0000
0000
0000
0000
0000
0000
0000
0000
0000
0000
0000
0000
0000
0000
0000
0000
0000
0000
0000
0000
0000
0000
0000
0000
0000
0000
0000
0000
0000
0000
0000
0000
0000
0000
0000
0000
0000
0000
0000
0000
0000
0000
0000
0000
0000
0000
0000
0000
0000
0000
0000
0000
0000
0000
0000
0000
0000
0000
0000
0000
0000
0000
0000
0000
0000
0000
0000
0000
0000
0000
0000
0000
0000
0000
0000
0000
0000
0000
0000
0000
0000
0000
0000
0000
0000
0000
0000
0000
0000
0000
0000
0000
0000
0000
0000
0000
0000
0000
0000
0000
0000
0000
0000
0000
0000
0000
0000
0000
0000
0000
0000
0000
0000
0000
0000
0000
0000
0000
0000
0000
0000
0000
0000
0000
0000
0000
0000
0000
0000
0000
0000
0000
0000
0000
0000
0000
0000
0000
0000
0000
0000
0000
0000
0000
0000
0000
0000
0000
0000
0000
0000
0000
0000
0000
0000
0000
0000
0000
0000
0000
0000
0000
0000
0000
0000
0000
0000
0000
0000
0000
0000
0000
0000
0000
0000
0000
0000
0000
0000
0000
0000
0000
0000
0000
0000
0000
0000
0000
0000
0000
0000
0000
0000
0000
0000
0000
0000
0000
0000
0000
0000
0000
0000
0000
0000
0000
0000
0000
0000
0000
0000
0000
0000
0000
0000
0000
0000
0000
0000
0000
0000
0000
0000
0000
0000
0000
0000
0000
0000
0000
0000
0000
0000
0000
0000
0000
0000
0000
0000
0000
0000
0000
0000
0000
0000
0000
0000
0000
0000
0000
0000
0000
0000
0000
0000
0000
0000
0000
0000
0000
0000
0000
0000
0000
0000
0000
0000
0000
0000
0000
0000
0000
0000
0000
0000
0000
0000
0000
0000
0000
0000
0000
0000
0000
0000
0000
0000
0000
0000
0000
0000
0000
0000
0000
0000
0000
0000
0000
0000
0000
0000
0000
0000
0000
0000
0000
0000
0000
0000
0000
0000
0000
0000
0000
0000
0000
0000
0000
0000
0000
0000
0000
0000
0000
0000
0000
0000
0000
0000
0000
0000
0000
0000
0000
0000
0000
0000
0000
0000
0000
0000
0000
0000
0000
0000
0000
0000
0000
0000
0000
0000
0000
0000
0000
0000
0000
0000
0000
0000
0000
0000
0000
0000
0000
0000
0000
0000
0000
0000
0000
0000
0000
0000
0000
0000
0000
0000
0000
0000
0000
0000
0000
0000
0000
0000
0000
0000
0000
0000
0000
0000
0000
0000
0000
0000
0000
0000
0000
0000
0000
0000
0000
0000
0000
0000
0000
0000
0000
0000
0000
0000
0000
0000
0000
0000
0000
0000
0000
0000
0000
0000
0000
0000
0000
0000
0000
0000
0000
0000
0000
0000
0000
0000
0000
0000
0000
0000
0000
0000
0000
0000
0000
0000
0000
0000
0000
0000
0000
0000
0000
0000
0000
0000
0000
0000
0000
0000
0000
0000
0000
0000
0000
0000
0000
0000
0000
0000
0000
0000
0000
0000
0000
0000
0000
0000
0000
0000
0000
0000
0000
0000
0000
0000
0000
0000
0000
0000
0000
0000
0000
0000
0000
0000
0000
0000
0000
0000
0000
0000
0000
0000
0000
0000
0000
0000
0000
0000
0000
0000
0000
0000
0000
0000
0000
0000
0000
0000
0000
0000
0000
0000
0000
0000
0000
0000
0000
0000
0000
0000
0000
0000
0000
0000
0000
0000
0000
0000
0000
0000
0000
0000
0000
0000
0000
0000
0000
0000
0000
0000
0000
0000
0000
0000
0000
0000
0000
0000
0000
0000
0000
0000
0000
0000
0000
0000
0000
0000
0000
0000
0000
0000
0000
0000
0000
0000
0000
0000
0000
0000
0000
0000
0000
0000
0000
0000
0000
0000
0000
0000
0000
0000
0000
0000
0000
0000
0000
0000
0000
0000
0000
0000
0000
0000
0000
0000
0000
0000
0000
0000
0000
0000
0000
0000
0000
0000
0000
0000
0000
0000
0000
0000
0000
0000
0000
0000
0000
0000
0000
0000
0000
0000
0000
0000
0000
0000
0000
0000
0000
0000
0000
0000
0000
0000
0000
0000
0000
0000
0000
0000
0000
0000
0000
0000
0000
0000
0000
0000
0000
0000
0000
0000
0000
0000
0000
0000
0000
0000
0000
0000
0000
0000
0000
0000
0000
0000
0000
0000
0000
0000
0000
0000
0000
0000
0000
0000
0000
0000
0000
0000
0000
0000
0000
0000
0000
0000
0000
0000
0000
0000
0000
0000
0000
0000
0000
0000
0000
0000
0000
0000
0000
0000
0000
0000
0000
0000
0000
0000
0000
0000
0000
0000
0000
0000
0000
0000
0000
0000
0000
0000
0000
0000
0000
0000
0000
0000
0000
0000
0000
0000
0000
0000
0000
0000
0000
0000
0000
0000
0000
0000
0000
0000
0000
0000
0000
0000
0000
0000
0000
0000
0000
0000
0000
0000
0000
0000
0000
0000
0000
0000
0000
0000
0000
0000
0000
0000
0000
0000
0000
0000
0000
0000
0000
0000
0000
0000
0000
0000
0000
0000
0000
0000
0000
0000
0000
0000
0000
0000
0000
0000
0000
0000
0000
0000
0000
0000
0000
0000
0000
0000
0000
0000
0000
0000
0000
0000
0000
0000
0000
0000
0000
0000
0000
0000
0000
0000
0000
0000
0000
0000
0000
0000
0000
0000
0000
0000
0000
0000
0000
0000
0000
0000
0000
0000
0000
0000
0000
0000
0000
0000
0000
0000
0000
0000
0000
0000
0000
0000
0000
0000
0000
0000
0000
0000
0000
0000
0000
0000
0000
0000
0000
0000
0000
0000
0000
0000
0000
0000
0000
0000
0000
0000
0000
0000
0000
0000
0000
0000
0000
0000
0000
0000
0000
0000
0000
0000
0000
0000
0000
0000
0000
0000
0000
0000
0000
0000
0000
0000
0000
0000
0000
0000
0000
0000
0000
0000
0000
0000
0000
0000
0000
0000
0000
0000
0000
0000
0000
0000
0000
0000
0000
0000
0000
0000
0000
0000
0000
0000
0000
0000
0000
0000
0000
0000
0000
0000
0000
0000
0000
0000
0000
0000
0000
0000
0000
0000
0000
0000
0000
0000
0000
0000
0000
0000
0000
0000
0000
0000
0000
0000
0000
0000
0000
0000
0000
0000
0000
0000
0000
0000
0000
0000
0000
0000
0000
0000
0000
0000
0000
0000
0000
0000
0000
0000
0000
0000
0000
0000
0000
0000
0000
0000
0000
0000
0000
0000
0000
0000
0000
0000
0000
0000
0000
0000
0000
0000
0000
0000
0000
0000
0000
0000
0000
0000
0000
0000
0000
0000
0000
0000
0000
0000
0000
0000
0000
0000
0000
0000
0000
0000
0000
0000
0000
0000
0000
0000
0000
0000
0000
0000
0000
0000
0000
0000
0000
0000
0000
0000
0000
0000
0000
0000
0000
0000
0000
0000
0000
0000
0000
0000
0000
0000
0000
0000
0000
0000
0000
0000
0000
0000
0000
0000
0000
0000
0000
0000
0000
0000
0000
0000
0000
0000
0000
0000
0000
0000
0000
0000
0000
0000
0000
0000
0000
0000
0000
0000
0000
0000
0000
0000
0000
0000
0000
0000
0000
0000
0000
0000
0000
0000
0000
0000
0000
0000
0000
0000
0000
0000
0000
0000
0000
0000
0000
0000
0000
0000
0000
0000
0000
0000
0000
0000
0000
0000
0000
0000
0000
0000
0000
0000
0000
0000
0000
0000
0000
0000
0000
0000
0000
0000
0000
0000
0000
0000
0000
0000
0000
0000
0000
0000
0000
0000
0000
0000
0000
0000
0000
0000
0000
0000
0000
0000
0000
0000
0000
0000
0000
0000
0000
0000
0000
0000
0000
0000
0000
0000
0000
0000
0000
0000
0000
0000
0000
0000
0000
0000
0000
0000
0000
0000
0000
0000
0000
0000
0000
0000
0000
0000
0000
0000
0000
0000
0000
0000
0000
0000
0000
0000
0000
0000
0000
0000
0000
0000
0000
0000
0000
0000
0000
0000
0000
0000
0000
0000
0000
0000
0000
0000
0000
0000
0000
0000
0000
0000
0000
0000
0000
0000
0000
0000
0000
0000
0000
0000
0000
0000
0000
0000
0000
0000
0000
0000
0000
0000
0000
0000
0000
0000
0000
0000
0000
0000
0000
0000
0000
0000
0000
0000
0000
0000
0000
0000
0000
0000
0000
0000
0000
0000
0000
0000
0000
0000
0000
0000
0000
0000
0000
0000
0000
0000
0000
0000
0000
0000
0000
0000
0000
0000
0000
0000
0000
0000
0000
0000
0000
0000
0000
0000
0000
0000
0000
0000
0000
0000
0000
0000
0000
0000
0000
0000
0000
0000
0000
0000
0000
0000
0000
0000
0000
0000
0000
0000
0000
0000
0000
0000
0000
0000
0000
0000
0000
0000
0000
0000
0000
0000
0000
0000
0000
0000
0000
0000
0000
0000
0000
0000
0000
0000
0000
0000
0000
0000
0000
0000
0000
0000
0000
0000
0000
0000
0000
0000
0000
0000
0000
0000
0000
0000
0000
0000
0000
0000
0000
0000
0000
0000
0000
0000
0000
0000
0000
0000
0000
0000
0000
0000
0000
0000
0000
0000
0000
0000
0000
0000
0000
0000
0000
0000
0000
0000
0000
0000
0000
0000
0000
0000
0000
0000
0000
0000
0000
0000
0000
0000
0000
0000
0000
0000
0000
0000
0000
0000
0000
0000
0000
0000
0000
0000
0000
0000
0000
0000
0000
0000
0000
0000
0000
0000
0000
0000
0000
0000
0000
0000
0000
0000
0000
0000
0000
0000
0000
0000
0000
0000
0000
0000
0000
0000
0000
0000
0000
0000
0000
0000
0000
0000
0000
0000
0000
0000
0000
0000
0000
0000
0000
0000
0000
0000
0000
0000
0000
0000
0000
0000
0000
0000
0000
0000
0000
0000
0000
0000
0000
0000
0000
0000
0000
0000
0000
0000
0000
0000
0000
0000
0000
0000
0000
0000
0000
0000
0000
0000
0000
0000
0000
0000
0000
0000
0000
0000
0000
0000
0000
0000
0000
0000
0000
0000
0000
0000
0000
0000
0000
0000
0000
0000
0000
0000
0000
0000
0000
0000
0000
0000
0000
0000
0000
0000
0000
0000
0000
0000
0000
0000
0000
0000
0000
0000
0000
0000
0000
0000
0000
0000
0000
0000
0000
0000
0000
0000
0000
0000
0000
0000
0000
0000
0000
0000
0000
0000
0000
0000
0000
0000
0000
0000
0000
0000
0000
0000
0000
0000
0000
0000
0000
0000
0000
0000
0000
0000
0000
0000
0000
0000
0000
0000
0000
0000
0000
0000
0000
0000
0000
0000
0000
0000
0000
0000
0000
0000
0000
0000
0000
0000
0000
0000
0000
0000
0000
0000
0000
0000
0000
0000
0000
0000
0000
0000
0000
0000
0000
0000
0000
0000
0000
0000
0000
0000
0000
0000
0000
0000
0000
0000
0000
0000
0000
0000
0000
0000
0000
0000
0000
0000
0000
0000
0000
0000
0000
0000
0000
0000
0000
0000
0000
0000
0000
0000
0000
0000
0000
0000
0000
0000
0000
0000
0000
0000
0000
0000
0000
0000
0000
0000
0000
0000
0000
0000
0000
0000
0000
0000
0000
0000
0000
0000
0000
0000
0000
0000
0000
0000
0000
0000
0000
0000
0000
0000
0000
0000
0000
0000
0000
0000
0000
0000
0000
0000
0000
0000
0000
0000
0000
0000
0000
0000
0000
0000
0000
0000
0000
0000
0000
0000
0000
0000
0000
0000
0000
0000
0000
0000
0000
0000
0000
0000
0000
0000
0000
0000
0000
0000
0000
0000
0000
0000
0000
0000
0000
0000
0000
0000
0000
0000
0000
0000
0000
0000
0000
0000
0000
0000
0000
0000
0000
0000
0000
0000
0000
0000
0000
0000
0000
0000
0000
0000
0000
0000
0000
0000
0000
0000
0000
0000
0000
0000
0000
0000
0000
0000
0000
0000
0000
0000
0000
0000
0000
0000
0000
0000
0000
0000
0000
0000
0000
0000
0000
0000
0000
0000
0000
0000
0000
0000
0000
0000
0000
0000
0000
0000
0000
0000
0000
0000
0000
0000
0000
0000
0000
0000
0000
0000
0000
0000
0000
0000
0000
0000
0000
0000
0000
0000
0000
0000
0000
0000
0000
0000
0000
0000
0000
0000
0000
0000
0000
0000
0000
0000
0000
0000
0000
0000
0000
0000
0000
0000
0000
0000
0000
0000
0000
0000
0000
0000
0000
0000
0000
0000
0000
0000
0000
0000
0000
0000
0000
0000
0000
0000
0000
0000
0000
0000
0000
0000
0000
0000
0000
0000
0000
0000
0000
0000
0000
0000
0000
0000
0000
0000
0000
0000
0000
0000
0000
0000
0000
0000
0000
0000
0000
0000
0000
0000
0000
0000
0000
0000
0000
0000
0000
0000
0000
0000
0000
0000
0000
0000
0000
0000
0000
0000
0000
0000
0000
0000
0000
0000
0000
0000
0000
0000
0000
0000
0000
0000
0000
0000
0000
0000
0000
0000
0000
0000
0000
0000
0000
0000
0000
0000
0000
0000
0000
0000
0000
0000
0000
0000
0000
0000
0000
0000
0000
0000
0000
0000
0000
0000
0000
0000
0000
0000
0000
0000
0000
0000
0000
0000
0000
0000
0000
0000
0000
0000
0000
0000
0000
0000
0000
0000
0000
0000
0000
0000
0000
0000
0000
0000
0000
0000
0000
0000
0000
0000
0000
0000
0000
0000
0000
0000
0000
0000
0000
0000
0000
0000
0000
0000
0000
0000
0000
0000
0000
0000
0000
0000
0000
0000
0000
0000
0000
0000
0000
0000
0000
0000
0000
0000
0000
0000
0000
0000
0000
0000
0000
0000
0000
0000
0000
0000
0000
0000
0000
0000
0000
0000
0000
0000
0000
0000
0000
0000
0000
0000
0000
0000
0000
0000
0000
0000
0000
0000
0000
0000
0000
0000
0000
0000
0000
0000
0000
0000
0000
0000
0000
0000
0000
0000
0000
0000
0000
0000
0000
0000
0000
0000
0000
0000
0000
0000
0000
0000
0000
0000
0000
0000
0000
0000
0000
0000
0000
0000
0000
0000
0000
0000
0000
0000
0000
0000
0000
0000
0000
0000
0000
0000
0000
0000
0000
0000
0000
0000
0000
0000
0000
0000
0000
0000
0000
0000
0000
0000
0000
0000
0000
0000
0000
0000
0000
0000
0000
0000
0000
0000
0000
0000
0000
0000
0000
0000
0000
0000
0000
0000
0000
0000
0000
0000
0000
0000
0000
0000
0000
0000
0000
0000
0000
0000
0000
0000
0000
0000
0000
0000
0000
0000
0000
0000
0000
0000
0000
0000
0000
0000
0000
0000
0000
0000
0000
0000
0000
0000
0000
0000
0000
0000
0000
0000
0000
0000
0000
0000
0000
0000
0000
0000
0000
0000
0000
0000
0000
0000
0000
0000
0000
0000
0000
0000
0000
0000
0000
0000
0000
0000
0000
0000
0000
0000
0000
0000
0000
0000
0000
0000
0000
0000
0000
0000
0000
0000
0000
0000
0000
0000
0000
0000
0000
0000
0000
0000
0000
0000
0000
0000
0000
0000
0000
0000
0000
0000
0000
0000
0000
0000
0000
0000
0000
0000
0000
0000
0000
0000
0000
0000
0000
0000
0000
0000
0000
0000
0000
0000
0000
0000
0000
0000
0000
0000
0000
0000
0000
0000
0000
0000
0000
0000
0000
0000
0000
0000
0000
0000
0000
0000
0000
0000
0000
0000
0000
0000
0000
0000
0000
0000
0000
0000
0000
0000
0000
0000
0000
0000
0000
0000
0000
0000
0000
0000
0000
0000
0000
0000
0000
0000
0000
0000
0000
0000
0000
0000
0000
0000
0000
0000
0000
0000
0000
0000
0000
0000
0000
0000
0000
0000
0000
0000
0000
0000
0000
0000
0000
0000
0000
0000
0000
0000
0000
0000
0000
0000
0000
0000
0000
0000
0000
0000
0000
0000
0000
0000
0000
0000
0000
0000
0000
0000
0000
0000
0000
0000
0000
0000
0000
0000
0000
0000
0000
0000
0000
0000
0000
0000
0000
0000
0000
0000
0000
0000
0000
0000
0000
0000
0000
0000
0000
0000
0000
0000
0000
0000
0000
0000
0000
0000
0000
0000
0000
0000
0000
0000
0000
0000
0000
0000
0000
0000
0000
0000
0000
0000
0000
0000
0000
0000
0000
0000
0000
0000
0000
0000
0000
0000
0000
0000
0000
0000
0000
0000
0000
0000
0000
0000
0000
0000
0000
0000
0000
0000
0000
0000
0000
0000
0000
0000
0000
0000
0000
0000
0000
0000
0000
0000
0000
0000
0000
0000
0000
0000
0000
0000
0000
0000
0000
0000
0000
0000
0000
0000
0000
0000
0000
0000
0000
0000
0000
0000
0000
0000
0000
0000
0000
0000
0000
0000
0000
0000
0000
0000
0000
0000
0000
0000
0000
0000
0000
0000
0000
0000
0000
0000
0000
0000
0000
0000
0000
0000
0000
0000
0000
0000
0000
0000
0000
0000
0000
0000
0000
0000
0000
0000
0000
0000
0000
0000
0000
0000
0000
0000
0000
0000
0000
0000
0000
0000
0000
0000
0000
0000
0000
0000
0000
0000
0000
0000
0000
0000
0000
0000
0000
0000
0000
0000
0000
0000
0000
0000
0000
0000
0000
0000
0000
0000
0000
0000
0000
0000
0000
0000
0000
0000
0000
0000
0000
0000
0000
0000
0000
0000
0000
0000
0000
0000
0000
0000
0000
0000
0000
0000
0000
0000
0000
0000
0000
0000
0000
0000
0000
0000
0000
0000
0000
0000
0000
0000
0000
0000
0000
0000
0000
0000
0000
0000
0000
0000
0000
0000
0000
0000
0000
0000
0000
0000
0000
0000
0000
0000
0000
0000
0000
0000
0000
0000
0000
0000
0000
0000
0000
0000
0000
0000
0000
0000
0000
0000
0000
0000
0000
0000
0000
0000
0000
0000
0000
0000
0000
0000
0000
0000
0000
0000
0000
0000
0000
0000
0000
0000
0000
0000
0000
0000
0000
0000
0000
0000
0000
0000
0000
0000
0000
0000
0000
0000
0000
0000
0000
0000
0000
0000
0000
0000
0000
0000
0000
0000
0000
0000
0000
0000
0000
0000
0000
0000
0000
0000
0000
0000
0000
0000
0000
0000
0000
0000
0000
0000
0000
0000
0000
0000
0000
0000
0000
0000
0000
0000
0000
0000
0000
0000
0000
07f3
1071
1178
08a5
fa89
ee92
e8d2
eada
f351
fda5
049b
0607
01a6
f9a2
f259
ef61
f12e
f637
fbcb
feae
fd93
fb12
fa86
fc66
fe8e
fec5
fb33
f39f
ec17
eaf6
f1cf
fc87
056b
07bd
006b
f2ac
e79b
e5c1
ebb9
f4f3
fbbc
fae4
f1e4
e746
e237
e4c9
ed09
f6e0
fbe9
f871
eff6
e92a
e89d
efcc
fcbf
0838
0a3d
02e8
f896
f19f
f2ab
fd7a
0cfb
1839
1a2f
13ca
08a4
fe63
fadc
fe69
03e7
0687
0459
fd80
f4f0
ef64
ef30
f276
f632
f86d
f82f
f662
f5fd
f928
ff1c
0528
0932
0997
0630
0140
fdcd
fcad
fd17
fdd3
fda2
fbcb
f956
f84a
f9bb
fd3b
01a2
04a9
041c
0066
fcb1
fba1
fdf1
02eb
0872
0b21
0965
0450
fe44
f9a3
f8d7
fbf1
0076
03a1
0454
0285
ffbe
fed0
0144
0558
083a
0801
0410
fd5d
f76b
f579
f82d
fdfd
047a
081e
06cf
01fd
fd1e
fa68
fac3
fdb2
00ee
01d3
002b
fdb4
fc03
fb94
fc56
fd1e
fc5a
f9a3
f663
f426
f425
f6e4
fb46
fec0
ff6d
fd7a
fa2e
f727
f63d
f7cb
f9ec
fa89
f947
f734
f5bf
f686
fa26
fe8c
0055
fe5f
f9fe
f578
f367
f5ed
fbd0
0120
02f3
0139
fd34
f987
f92d
fd35
0387
096d
0bfc
0928
01a2
f98d
f47b
f3f4
f7eb
fe4c
033a
049b
0349
0136
ffd1
fff9
08f3
12a2
1602
1008
033d
f567
ebfe
e9af
ee1f
f6b1
ff7e
0538
06bd
0522
0210
fed6
fc40
faa9
fa0a
fa2f
fba1
fef5
027e
0454
045a
0338
00a5
fcec
f9cd
f7cb
f4d6
f080
ed93
eeae
f3c2
facf
019f
05bc
047f
fe43
f72e
f3be
f515
f8be
fcb1
ffef
001b
fb79
f468
ef3f
ee81
f1cd
f77f
fd19
fed6
fb13
f47d
ef9a
ef82
f40f
fb60
035d
0889
083b
03ac
febe
fb79
f9de
faef
008e
08b3
0f7c
1361
1419
1016
083c
00f0
fdb8
fec9
02b2
0778
09d4
06b8
ff0b
f6f8
f221
f1e5
f53c
f8ed
f9a2
f628
f102
ee05
f02e
f7df
024f
0b0a
0ef8
0ce4
05ed
fe38
faec
fdbc
03b1
08b0
09db
0599
fd77
f6cb
f614
fa68
0000
03d1
0430
009f
fbe7
faa9
fe31
0403
0914
0b39
0982
057d
0272
0228
03da
05e1
0671
0428
003c
fdc7
fe49
014e
05a9
08f0
08dc
05eb
034e
030d
04c7
0789
095a
06fa
ff74
f68b
f0da
f0b7
f606
fe83
0510
048a
fd6b
f561
f12d
f243
f7dd
fed8
0263
0071
fbb2
f894
f96d
fe5a
04f1
08e8
0767
01d7
fb72
f7a6
f8e1
fee2
05b0
0939
08af
04fe
ffe3
fcb9
fda2
004b
00e0
fe4a
f998
f3f0
eff6
f0ca
f5f8
fb6e
fe86
fecd
fcc8
faaa
fb96
ffd7
0404
04cf
01ea
fcee
f950
fa6f
0000
0566
0666
01ed
fa2e
f340
f25c
f9bb
05a3
0f45
1287
0ead
05cb
fca5
f7f6
f895
fb69
fdbb
ff6d
00bc
01cc
03c2
06be
0852
0606
011a
fc66
f9cd
fa38
fdbf
0197
0235
fef9
fa8c
f733
f633
f7dd
faad
fbbf
fa0f
f7cf
f7f7
fbf1
02d6
09f7
0dec
0c8b
0697
ff02
fa1b
fb50
027b
0b62
1150
1192
0b60
00cd
f7ac
f4ca
f82d
fe65
0420
070e
0617
02b1
fff3
ff5a
0050
01d4
0361
04cf
065f
0962
0d9d
1035
0eae
09ad
0326
fd41
faa0
fcff
0340
0a99
0fba
0f7e
0959
010c
fbd5
fc02
00ef
08ba
0fda
129c
0fb3
08f2
01c2
fd83
fdf5
0248
0809
0c21
0bc4
063c
fe0b
f6ee
f2f9
f2b4
f621
fc09
01ed
0600
07ef
07e7
0573
0145
fea1
000f
04ee
0b1d
1090
1265
0e43
064f
0073
ffda
0335
0767
0912
05dd
fec1
f89d
f81d
fdce
070a
0f40
118d
0c02
01e2
f8c9
f5a7
fa94
0532
0ed9
11aa
0cf9
0469
fc4a
f99a
fef4
088c
0ef8
0e87
0871
ffcf
f84e
f694
fc08
04ef
0c05
0e6f
0ba3
0530
fe26
f9fb
fa16
fd85
0268
06fe
0a12
0b0f
09bd
068c
02fc
0047
fe92
fe34
ffdc
0330
0625
0736
068a
0438
0055
fd33
fd1e
ff91
0250
03d8
03ba
01d1
ff37
fe1b
ff7c
01ec
0301
00d3
fbca
f65f
f3c6
f5a3
fb6e
0287
06eb
053f
fe89
f77f
f48b
f732
fef3
08b7
0f42
0e99
0831
008b
fb8b
fb9c
017d
0a77
118d
131e
0f68
090f
02b4
ff04
ffb9
03ae
07be
090d
06d0
020b
fc24
f76b
f658
f9cc
fffe
05b1
08ad
0817
03e9
fe33
fae5
fcdc
02f1
0973
0d6a
0db1
0a06
03f8
fef1
fdde
0050
035f
0477
02f9
ff5c
fb05
f863
f9a2
fe69
03aa
0683
0655
0427
016d
ffb9
007a
036b
063e
067a
03ea
0055
fdb7
fd3c
ff5a
0372
071e
079f
0448
fecb
f98f
f663
f677
f9e1
fe92
016a
00c8
fd5d
f8ea
f510
f340
f435
f6f8
f941
f993
f853
f6e1
f678
f7b8
fae6
ff2a
0294
0395
020d
fedd
fb51
f927
f9eb
fdc5
02ee
072a
0921
0801
03f1
fec4
fb09
fa55
fc2d
ff31
0235
0422
0450
0349
0252
025a
02f7
032f
0255
0064
fdc1
fb74
fb09
fd88
01e4
058f
06ac
049b
ffb7
f97a
f452
f2ce
f56b
fac3
0102
05cd
06c1
0379
fe32
fa52
f9b6
fc31
00cf
05ee
096f
09f2
07d1
0466
0112
fef7
fed0
0072
02a8
042b
0462
033b
00fc
fe6a
fc62
fb54
fb03
fb00
fb2b
fbb7
fcd3
fe9c
010e
03c0
057f
050c
027a
ff7b
fdfa
fee5
0223
06e3
0aee
0ba4
0828
02e7
ff4a
fedd
0141
055f
0930
0a53
07ce
0351
ffca
fee6
0088
03d6
0740
08bb
0717
031c
fef7
fc60
fbf8
fdd9
010b
0394
03d4
01da
ff29
fd3c
fce1
fe6d
0165
0443
0588
04c8
02d0
00a8
ff14
feaa
ff7b
00d3
01ce
01ef
0157
0063
ff77
ff02
ff38
ffd1
0060
009e
008f
0051
000b
ffe5
ffec
0005
0016
0010
0000
0000
0000
0000
0000
0000
0000
0000
0000
0000
0000
0000
0000
0000
0000
0000
0000
0000
0000
0000
0000
0000
0000
0000
0000
0000
0000
0000
0000
0000
0000
0000
0000
0000
0000
0000
0000
0000
0000
0000
0000
0000
0000
0000
0000
0000
0000
0000
0000
0000
0000
0000
0000
0000
0000
0000
0000
0000
0000
0000
0000
0000
0000
0000
0000
0000
0000
0000
0000
0000
0000
0000
0000
0000
0000
0000
0000
0000
0000
0000
0000
0000
0000
0000
0000
0000
0000
0000
0000
0000
0000
0000
0000
0000
0000
0000
0000
0000
0000
0000
0000
0000
0000
0000
0000
0000
0000
0000
0000
0000
0000
0000
0000
0000
0000
0000
0000
0000
0000
0000
0000
0000
0000
0000
0000
0000
0000
0000
0000
0000
0000
0000
0000
0000
0000
0000
0000
0000
0000
0000
0000
0000
0000
0000
0000
0000
0000
0000
0000
0000
0000
0000
0000
0000
0000
0000
0000
0000
0000
094c
120c
0caa
fbbc
ecfe
e895
f02b
fd2c
0579
049f
fbc8
f221
ef37
f35a
fa99
feb2
fcb8
fa49
fbe9
fead
fdff
f6aa
ec58
eae9
f5a5
02fb
0828
fe20
ec60
e46f
eab6
f683
fc66
f44e
e64a
e10e
e7ac
f476
fbc9
f5a4
ea99
e715
f027
01a3
0b50
046c
f6e8
f00b
f86e
0c83
1acd
19af
0cfd
fe98
fadb
0142
06b6
0497
fadd
f055
eda0
f1b4
f679
f811
f603
f564
fabe
0336
0989
0a0c
048c
fe9c
fc6f
fd05
fdbf
fc2d
f8d7
f7b7
facd
0098
051b
039f
fe09
fb21
fdf1
053b
0b96
0b00
0424
fbe3
f7d0
faf3
011d
04b4
03bd
ffeb
fee8
036d
088b
0900
0304
f970
f439
f747
ffd1
07d8
085d
01e5
fb79
f97e
fcc0
0149
01a2
fe6e
fba0
fb09
fc4a
fc6b
f907
f460
f20f
f452
fa6e
ff13
fe89
fa43
f5ba
f4ef
f7e1
f9b0
f810
f51d
f446
f876
feb6
0005
fb41
f4a1
f1ef
f735
ff98
0342
00a4
fae0
f825
fcc8
0584
0c32
0b31
01ad
f732
f2ce
f64c
fe94
0444
0435
0197
ffbf
0071
02c9
03e9
02e3
00d7
ffa8
00e5
032c
03d0
0277
009d
095b
1669
1b09
110f
fed7
ee66
e935
f261
0193
0bbe
0b23
015c
f637
f031
f02d
f3a1
f766
fa07
fb26
fb7f
fe51
04c9
0afb
0c5e
068b
fbfe
f312
f1d2
f9b4
05b8
0eae
0f2f
049f
f3e4
e91d
eb33
f5c3
feec
ff7b
f6e3
eb87
e6e5
eaf8
f085
f3bb
f460
f118
ed9f
ed7a
ef7a
f4c8
fe2b
072c
0acd
06c9
fdd7
f6ee
f921
06a5
1698
1c10
13ba
042a
f723
f5bd
ff83
09a0
0b78
03ef
f7d6
f0f8
f3ea
fb43
ff6d
fc3c
f625
f46f
f791
fc32
ff81
ffdd
01ef
0892
0dbe
0cba
0552
faa4
f539
f929
0123
062f
03b3
fc45
f8bc
fd12
0664
0cd0
097e
004f
fa6e
fc38
055f
0e5c
0e13
0545
fb01
f4ec
f574
f885
f877
f740
f8c8
fcdb
00e2
014a
fed8
fed1
0366
0a27
0d80
0754
fbc0
f58a
fa17
08b7
17e1
1a3a
0f28
0072
f875
fcb2
0672
0a2f
0413
f87e
f22d
f71f
0093
05d2
0254
f83b
f2b2
f75e
ff3d
03e3
0309
fea1
fd5c
ff72
fe64
f88a
f1d4
f009
f626
fdd5
ff20
fabf
f656
f822
00fa
0736
035d
f9ff
f2d9
f358
fc03
0423
03ae
fcef
f612
f425
f7c9
fc04
fdc5
fe35
fe9b
ff08
fc34
f452
ec3a
e9dd
eff2
fc4a
0679
07b2
01dd
fac4
f8dd
ff2c
0869
0d46
0a3e
017c
fabc
faf2
0044
0637
084e
0651
0435
03ac
03ea
04b8
0544
0601
092f
0bd9
0951
02cd
fc24
f9af
fdbf
04d3
0900
0572
fbd8
f5ca
f885
00ec
0976
0be8
06e4
ffd1
fc19
febe
0689
0e29
116b
0f39
08ef
0268
fefd
ff73
02a2
0718
0bdf
0fa8
0f3b
0931
0261
00a5
056b
0dcc
120d
0e04
071f
037d
052e
09cd
0aea
0830
0724
081c
0916
07e1
0142
f91f
f7a1
fe01
07bb
0ce3
0763
fcc2
f791
fd7a
0b4c
1502
12e1
091a
ff85
fd5a
0341
081d
053b
fc94
f483
f393
fa9b
037b
084e
0736
02b2
ff38
fed8
018b
056b
06fe
0684
061b
04d6
02fa
01d7
0049
fedb
fef7
002b
0133
0163
02ed
07a0
0d61
119c
1081
06b9
fa2a
f592
fbff
08ea
1307
1034
025c
f5fe
f40e
fd02
08c2
0cf0
07a6
fe57
f8e6
fb5e
00b4
03b5
0410
023a
0096
0088
fdf4
f82e
f4cd
f5e9
f9e7
fde4
fe99
fc7f
faf2
fd1d
031b
06f9
0481
feaa
f9e7
fab4
02cf
0b69
0d08
0780
ffd4
fd05
0328
0f8e
19bb
1a1d
1146
061b
ff41
00d2
0840
0cda
09aa
00fe
f6fb
f0cd
f318
fc72
06b5
0cd1
0ba9
0367
fb14
fa9b
0247
0ba5
0fa0
0b50
0222
fbdb
fe1a
054e
0764
0010
f3a3
e904
e81f
f2c1
00e4
093b
080d
00c6
f9d3
f7df
fbc0
00da
01f4
ffbf
fe19
ff32
0337
07ec
08f6
04dd
fecd
fa6f
f962
fb22
fe27
009e
0093
fe88
fb99
f7e2
f5ad
f6bb
f93c
fb78
fca1
fc01
fb0a
fc1d
ff80
02de
0391
00f7
fc56
f8cd
fa31
006e
072a
0a66
07e4
00c9
fb10
fb04
fec6
02d8
0508
04f0
0441
047e
0562
056e
0374
0000
fca3
fae8
fcb7
01bc
0635
06f7
0390
fd0a
f608
f282
f4a9
fb0b
0288
06f1
0525
ff00
fa1f
f9e9
fde0
0410
0923
0a27
0768
0325
ffa6
fea0
0057
02fd
047d
0403
01bd
fe98
fc26
fb12
fae0
fafc
fb87
fcdc
ff29
0256
052d
0567
0277
fef8
fe06
00a0
05f7
0b25
0b96
0675
0095
fe91
0131
06c0
0b7f
0b26
059d
0004
feab
01c7
077b
0bd1
0aa1
0432
fd34
f9a7
fb12
00be
062e
064a
016e
fbf8
f9b5
fca9
0414
0b1a
0c7b
0846
0209
fd2a
fc97
0087
0530
06d3
04c1
006d
fc62
fb96
fe90
0268
0449
03b7
015b
ff08
fee4
0111
0386
0457
02b8
fef0
fb3f
fa7e
fd0e
0131
049e
0510
01c8
fd2a
faa9
fba3
ff9a
04d2
083c
0843
0650
0489
0441
05d7
07b4
0709
0311
febe
fd1e
feed
0355
072b
064f
0054
f98d
f62f
f7e8
fe2c
0504
0711
0350
fd12
f81c
f72e
fb12
0098
0336
021a
ff9a
fe0e
ff35
02f6
05ac
03cc
fe44
f908
f73b
fa4e
016a
081e
0a4c
07e9
0332
ff27
fec4
023b
061e
075b
0568
012a
fce9
fb5e
fce5
ff98
0194
01ec
0099
fef3
feb9
0051
02d1
051e
05f2
04cc
02af
00fe
0063
00df
01d0
0227
0156
ffe3
fe98
fdd1
fdb2
fe23
fee6
ffcd
00b3
0171
01b6
014f
0078
ffb7
ff5e
ff84
0000
0054
002b
ffb9
ff6d
ff7f
ffe7
0066
0084
0017
ff72
fef7
fedb
ff23
ff93
ffe5
0000
0000
0000
0000
0000
0000
0000
0000
0000
0000
0000
0000
0000
0000
0000
0000
0000
0000
0000
0000
0000
0000
0000
0000
0000
0000
0000
0000
0000
0000
0000
0000
0000
0000
0000
0000
0000
0000
0000
0000
0000
0000
0000
0000
0000
0000
0000
0000
0000
0000
0000
0000
0000
0000
0000
0000
0000
0000
0000
0000
0000
0000
0000
0000
0000
0000
0000
0000
0000
0000
0000
0000
0000
0000
0000
0000
0000
0000
0000
0000
0000
0000
0000
0000
0000
0000
0000
0000
0000
0000
0000
0000
0000
0000
0000
0000
0000
0000
0000
0000
0000
0000
0000
0000
0000
0000
0000
0000
0000
0000
0000
0000
0000
0000
0000
0000
0000
0000
0000
0000
0000
0000
0000
0000
0000
0000
0000
0000
0000
0000
0000
0000
0000
0000
0000
0000
0000
0000
0000
0000
0000
0000
0000
0000
0000
0000
0000
0000
0000
0000
0000
0000
0000
0000
0000
0000
0000
0000
09a7
123c
0a8d
f802
ea90
e9e1
f538
01ed
0641
003a
f521
ef34
f1c8
f940
fe89
fcf0
fa44
fc0d
fed7
fd30
f415
ea6a
ed92
fb74
0713
04bc
f324
e524
e7bb
f3dd
fc45
f5a3
e69d
e0d9
e871
f613
fb8d
f294
e80b
e8b9
f76f
088c
0936
fbcf
f0b5
f478
0868
19f3
1aa6
0d64
fe1a
fb25
027c
0710
028b
f6bc
eddc
eecc
f446
f7cd
f6cc
f4da
f8d6
01bd
0936
0a62
0495
fe50
fc56
fd29
fd99
fb1a
f7d5
f86e
fd6b
03a8
051e
fff2
fb4c
fcd2
0418
0b7b
0b60
03f8
fb37
f7aa
fc1b
028c
0502
0263
febc
00bd
06cf
09cb
05ab
fb9f
f447
f63d
ff25
0803
0867
0120
fa97
f9a7
fe32
0213
0082
fcc8
fadd
fb95
fca2
fa26
f50c
f1c8
f382
f9f8
ff0f
fe44
f962
f4da
f52b
f895
f936
f678
f3d6
f5a7
fc74
0063
fcc8
f581
f15b
f635
ff6c
0362
0022
f9d7
f841
ff05
089d
0d72
07dd
fb99
f339
f3b9
fbda
0396
04b8
01fa
ffc9
0076
030a
040e
02a9
0068
ffc3
01d6
03d7
036e
0165
0073
03be
0945
0b79
08ac
030c
008b
0464
0919
092c
0382
fc4f
fabc
fe65
0202
0269
ff68
0585
0f21
1087
081b
fd61
f628
f559
fc69
075d
0e71
0ca5
035d
f9c8
f586
f748
fd3b
027b
0425
02e1
fff3
fdb8
fd37
fc50
f79e
f0b5
ef13
f547
ff3b
0514
fdc3
ef05
e753
eb04
f785
01b8
fc9c
ede2
e45c
e723
f3ab
fc28
f54f
e6b2
df40
e711
fb77
0d4e
0d60
fde5
f0a2
f32b
050e
1a1c
210b
17d8
0b48
021f
feef
0053
fff9
ffaa
0113
fef6
f973
f28e
ed85
f081
f8d6
ffe3
023e
007d
00c2
05d2
0c49
0df5
07a4
ff2f
faf4
fc79
006f
ff15
f7da
f2f8
f554
fe01
03f7
fd88
f22a
ef4a
f7cc
0601
0d5a
07de
fe77
fa44
fe13
05ca
086d
05ab
036e
05e7
0d1f
1280
11d8
0c36
0646
0481
0293
fd44
f77b
f561
fc91
080a
0bd5
05d1
fa94
f58b
ff02
0bf9
0f35
0792
fc48
f933
fec3
00fa
fa43
ef6e
eace
f2cb
ff40
04d7
01e0
fbd3
f9ae
fba1
fbe4
f952
f6aa
f721
fb09
fccb
facf
f810
f599
f5bd
f626
f2dc
f082
f230
f5df
f90f
f6d0
f0b4
efd6
f80d
05ba
0f5f
0bea
fda1
efd9
ed75
f820
066d
0cfc
079e
fddd
fa46
fe05
04ab
084b
06bb
043e
034b
02ae
019b
ff71
fec4
02ac
06cd
06fa
03dd
ff27
fde7
018b
0615
07c2
04f6
0220
038d
0740
091a
0662
021c
ffdd
0013
02a1
043e
0286
ff47
fd21
feb4
03a9
07ed
0941
07d9
0673
088d
0b6f
0aa1
0935
0af8
0fa2
128d
0cf9
0365
00e2
07cf
1247
1428
0937
fe8e
fe71
083c
1317
1176
0363
f62e
f36c
fc06
05f8
072c
0215
fe5b
0174
0904
0d3b
0ba6
0693
03ae
05af
07a7
067e
01c4
faf9
f802
f9c4
fc95
ff9c
023c
0475
0608
0438
ffc8
fd07
ff25
05da
0c0f
0be6
044d
fbfe
faae
ff48
04f1
06b0
0270
ffdf
0502
0deb
1395
0e6c
ff8d
f556
f8fd
0698
1220
0f18
006e
f4d7
f627
0235
0c48
0b26
016e
f8d0
f963
0021
04f8
04e8
00b4
fda9
fe62
fd4e
f9a1
f655
f431
f693
fc8c
0078
01ee
01c3
009e
0065
00e8
01c2
0351
05fd
07a9
05ed
02a2
00d2
03c6
0c85
1422
14f1
0f55
0650
0209
05ee
0b42
0b4e
03c9
f83d
f2a0
f74c
002d
061b
05b1
00c1
ff1e
045a
0aa0
0cef
0a27
0409
ff7c
ff4e
010f
0185
009b
fe76
fab0
f7de
f69a
f55a
f6af
fafd
0059
0565
0626
00d5
f973
f593
f77b
fe16
0521
06d0
0282
fc94
f88c
f907
fde0
0195
00e9
fca5
f65a
f344
f66a
fb60
fde0
fca3
f9ad
f9fb
ffa2
0755
0ac3
0662
fe02
f930
fcbc
0592
0be8
0ae6
023a
f93c
f821
fdb0
0416
05e8
0227
0084
0556
0a5f
09d5
0352
fce9
fe80
06cd
0d43
0b58
01a5
f6dc
f20d
f74b
01d0
0850
0792
0026
f831
f738
fb08
ffba
0516
08ca
09ed
082d
033f
ff90
0054
03c1
0651
045f
fe78
f97c
f89a
fb7a
fe83
ff44
ff22
0084
0485
07b7
0604
01d4
ffb0
0278
09b4
0e2e
0a67
02bf
febf
014e
0814
0c57
08ce
017d
fe3f
0156
07fe
0c4d
091d
00fe
fa99
f9f7
ff76
05f8
063b
006e
fac3
fa23
005b
0949
0ce7
08f1
01d9
fcb5
fd4d
0294
06a3
05eb
0188
fcac
fb8e
ff18
032f
046a
02b1
ffbe
fea4
00be
0395
0456
01f3
fd5f
fa58
fbb5
0016
0450
0526
014c
fc41
fa8b
fd31
02cd
07c0
089a
067b
0484
0488
06ab
07fc
050f
ffd6
fd1b
fec3
03b9
078f
04dc
fd0f
f6fa
f6af
fcbc
04c4
071c
0240
fb37
f6f0
f8ba
fef3
0312
0252
ff7e
fdff
001e
0488
0563
004e
f9e8
f70e
fa5c
02a4
095f
09f2
05ac
0054
fe6a
01d7
0686
07e1
04ef
ff4a
fb0b
fb62
feb6
01bc
026f
007a
fe4f
fed2
0211
0637
08ba
07a7
043e
0169
00ae
020d
03bb
0345
0098
fd93
fb9b
fb2c
fc36
fe2a
0088
02f3
047f
03f7
0186
fefe
fde3
fecc
00be
0137
ff6c
fd68
fd3c
ff9f
0313
036a
fe6d
f6c0
f067
eed2
f327
fa72
0098
02f6
00be
fc66
f90d
f7cb
f891
fa5d
fc14
fdc3
ffad
01a0
02fc
0313
0194
ffb4
ff22
0037
0231
037f
0297
006f
ff5d
0033
0256
0438
0401
01f4
000e
ffb9
0175
0412
051f
03e6
0199
ff9a
ff0a
ffec
0116
0190
00f9
ffb5
fef8
ff4e
0029
00c9
0086
ff8c
ff3d
003e
0185
0210
01a2
00a4
002f
00c1
0182
019c
0105
001e
ff81
ff81
ffec
005c
0075
0037
0001
0000
0000
0000
0000
0000
0000
0000
0000
0000
0000
0000
0000
0000
0000
0000
0000
0000
0000
0000
0000
0000
0000
0000
0000
0000
0000
0000
0000
0000
0000
0000
0000
0000
0000
0000
0000
0000
0000
0000
0000
0000
0000
0000
0000
0000
0000
0000
0000
0000
0000
0000
0000
0000
0000
0000
0000
0000
0000
0000
0000
0000
0000
0000
0000
0000
0000
0000
0000
0000
0000
0000
0000
0000
0000
0000
0000
0000
0000
0000
0000
0000
0000
0000
0000
0000
0000
0000
0000
0000
0000
0000
0000
0000
0000
0000
0000
0000
0000
0000
0000
0000
0000
0000
0000
0000
0000
0000
0000
0000
0000
0000
0000
0000
0000
0000
0000
0000
0000
0000
0000
0000
0000
0000
0000
0000
0000
0000
0000
0000
0000
0000
0000
0000
0000
0000
0000
0000
0000
0000
0000
0000
0000
0000
0000
0000
0000
0000
0000
0000
0000
0000
0000
0000
0000
0000
0000
0000
0000
0a08
1250
0810
f46b
e8e9
ecaa
faba
0534
045b
f9c8
f050
f032
f74f
fe14
fd66
fa4a
fc03
fee9
fc82
f1e9
e999
f111
0084
085c
fd72
e999
e4b7
ef54
fb15
f85f
e89c
e082
e7b3
f644
fb3e
f0a6
e6d2
eb2e
fda7
0b5b
0419
f4df
f04a
ffe4
1645
1c68
10dd
ffad
faca
0276
0729
018c
f483
ed02
f007
f5c6
f7d0
f557
f5e2
fddf
073d
0b0f
0666
ff17
fc4c
fd10
fd8c
fac1
f77b
f8fc
ff06
04fe
03c1
fd4d
fb20
005c
0963
0ca9
0680
fcb2
f779
fb7f
027d
051a
01fe
fe8a
01fd
086f
097c
0205
f713
f3d7
fad0
058c
099c
0324
fb4d
f944
fdd1
0222
004a
fc52
faa9
fbdd
fc3d
f819
f2d3
f177
f678
fd99
ff20
fabc
f53c
f478
f819
f911
f619
f363
f62e
fdc8
001d
fa4f
f2b3
f1f0
faf2
02c3
0210
fb83
f78f
fd3c
07c3
0de3
0824
fac5
f255
f45a
fdff
04cf
0414
00de
ffb0
01eb
0423
0378
010a
ffa1
0175
03e5
03a1
0168
008d
04bc
0a8c
0bb0
0738
0163
01b5
0747
0a0f
0648
fe41
fa6e
fd8a
01ad
0284
ff76
fc8c
fdb3
0334
0a30
0e01
0c5d
06cc
0405
0674
0a0c
0b9a
0a29
069d
02f9
019f
0396
0789
0868
0384
fec3
ff57
0523
08e9
039d
faf6
f735
fc08
047a
0714
0343
fe45
ff10
0544
08a5
06b3
027c
00ab
01b1
0913
0ca4
041a
f57a
eda3
ee21
f483
fc04
0184
064f
0581
fe3a
f50f
f0f9
f89a
01b4
00ad
f8de
f49e
fb49
04c4
02a5
f333
e6ac
edc7
0261
119d
0a82
f11e
e168
e7bc
fa40
05ae
fad5
e6ad
ded8
e895
f945
fde4
f169
e307
e1e6
eec0
fcf8
0013
f8a2
f166
f1f4
f9b9
0761
141a
1993
16d4
0ac4
0009
005d
082e
10a2
0da3
fe4a
f15e
efa8
f977
01de
fd88
f307
eff3
fc0d
0d35
134b
0949
fa8b
f980
0496
0c1b
076d
fa61
f58c
fd35
0521
0547
fd01
f767
fcda
04de
0a23
0c37
0b67
0987
0262
f920
f823
0031
0a86
0b74
0070
f6f5
f95a
0491
0a92
01a8
f0dc
e707
ec2e
f8de
0072
feb0
f8ef
f7fc
fc32
ffc7
ff5e
fac2
f94e
fe83
040c
0422
fc60
f33a
f037
f2ff
f8c2
fe34
0163
0195
fd4a
f5e6
f0ce
f326
fb0f
fece
f9aa
efbb
eb79
f302
fd6e
0167
f9fc
eef4
f07a
fd5e
0976
0b39
0278
f9fb
fb62
05e4
0ffe
0fab
0362
f4b4
edf7
f10e
f991
0085
0379
053d
0597
02c0
00ed
0376
0963
0d39
0807
012c
024b
0920
0e73
0a14
0248
043b
0e72
16ae
1247
0380
fa7d
ffb5
0c7d
1076
059d
f810
f5f3
022b
0db8
0c60
027b
fa23
fbff
043b
0a00
0b27
0990
09f2
0acf
0918
0748
06d8
099f
0e14
0eb7
0957
006f
fbef
0009
0884
0db5
0890
fe48
fa16
ffa8
0ac7
1110
0d1d
0420
fed5
ffa0
01ee
034f
0457
05ec
06f1
02f0
fd6c
fce6
01a6
0904
09e0
024f
faf7
f7e4
f9c3
fb94
f9d0
f9e9
ffb2
0870
0a9e
0098
f507
f594
0430
13b1
15ab
09cd
fcd0
fd2d
0764
0c5f
0635
f921
f344
fc2f
0912
0e54
07c4
fc1e
f892
00cd
0cfe
12f7
0e67
0454
fe93
0060
0516
07c6
04f3
fea3
fadf
fc5c
02bf
08af
0727
ff0a
f7e8
f711
fc94
ffd2
f99c
f1bc
f1b9
faaf
04ca
02ad
f4b1
e8bf
ea23
f8e1
09bb
0f02
0653
fb09
f7a4
ff13
0a5e
0e1f
098b
02f1
00bf
05e0
0acd
089b
0179
fa38
f930
ff08
054a
0869
0705
02ab
0166
05c4
0b7a
0ec4
0e28
091d
04d6
0411
0305
00e6
fdbf
fb7d
fde8
023d
048b
0483
02fc
0137
01c0
05ac
086a
071d
03a3
01fd
07c1
0f01
0c7c
0160
f56f
f2a7
fb8a
0681
0993
00a8
f313
ecae
f0b1
f786
f746
f31a
f418
fdc7
09e2
0b68
020a
f889
f819
01eb
09f8
0855
00a6
fa88
fd65
0450
065d
03f5
01a7
0511
0c0e
0eb0
0930
ffb6
fc38
00e8
096a
0d53
074b
fdef
f676
f3de
f687
fae4
0144
0618
0460
ff0d
fac9
fc3a
0435
0c52
0e36
08c1
00ab
fc30
fd8e
0115
01f2
ff69
fbe7
fa7f
fb12
fb12
fa8f
fb6e
feaf
0361
051b
0195
fd87
fe0f
03b3
0aa4
0b98
04ff
ff0f
ffcb
05b1
0b8d
0aaf
039a
febc
0060
06cf
0c1f
0986
00eb
fa60
fa5f
00c1
06c7
04e4
fe0f
f9b9
fc4f
055c
0c83
0b04
03f5
fd7c
fcb7
01f1
068e
05ed
0131
fc40
fbec
0036
03e5
0418
0175
fece
ff7a
0289
046a
02ff
fe74
fa8c
fb55
ffd2
045b
0512
00a7
fb9f
fac5
fea8
04e7
08a2
07c3
0544
0438
05cc
07f5
0623
00b0
fd31
fe8e
03bd
07a2
0417
fbae
f641
f7dc
ffca
06c0
0583
fe75
f819
f75c
fd07
028f
02b5
ffcb
fdfd
001e
04c0
0513
ff1b
f8bd
f751
fcfe
0600
0a7e
081e
0263
fe72
006d
059d
07f6
057c
ffa8
fb07
fb81
ff25
0211
022c
ffb1
fe16
ffea
040e
07f3
0893
058a
020d
00a5
01b6
039a
0362
0098
fd6f
fb72
fb3e
fc9b
fed0
0169
03c8
0493
02d2
ffee
fe0d
fe53
0050
0156
ffb1
fd7c
fd3a
ffd1
0360
02e6
fcb9
f494
ef14
efe6
f66e
fe04
0296
01f4
fdb3
f9a6
f7d2
f85e
fa39
fc08
fdcc
ffeb
020b
0366
0303
00f1
ff32
ff69
0157
037b
037c
012b
ff61
ffea
024b
04a5
047f
0210
ffeb
ffdd
0260
0551
05b1
0380
00a3
feed
ff56
00db
01d7
0178
ffec
fec3
ff11
0034
0107
008f
ff39
ff27
00e2
028c
02dd
01bd
006a
00a8
0218
02d8
022d
008a
ff10
fed6
ffcd
0136
01eb
014f
0020
ff4e
ff3b
ffae
fffd
fff6
ffeb
fffa
0000
0000
0000
0000
0000
0000
0000
0000
0000
0000
0000
0000
0000
0000
0000
0000
0000
0000
0000
0000
0000
0000
0000
0000
0000
0000
0000
0000
0000
0000
0000
0000
0000
0000
0000
0000
0000
0000
0000
0000
0000
0000
0000
0000
0000
0000
0000
0000
0000
0000
0000
0000
0000
0000
0000
0000
0000
0000
0000
0000
0000
0000
0000
0000
0000
0000
0000
0000
0000
0000
0000
0000
0000
0000
0000
0000
0000
0000
0000
0000
0000
0000
0000
0000
0000
0000
0000
0000
0000
0000
0000
0000
0000
0000
0000
0000
0000
0000
0000
0000
0000
0000
0000
0000
0000
0000
0000
0000
0000
0000
0000
0000
0000
0000
0000
0000
0000
0000
0000
0000
0000
0000
0000
0000
0000
0000
0000
0000
0000
0000
0000
0000
0000
0000
0000
0000
0000
0000
0000
0000
0000
0000
0000
0000
0000
0000
0000
0000
0000
0000
0000
0000
0000
0000
0000
0000
0000
0000
0a7c
1235
0543
f0f5
e85b
f0aa
ffcd
0650
ffc9
f388
ef14
f48e
fcd2
fe15
fa7e
fbac
fedb
fc4f
f0be
e986
f3fe
03e6
0724
f590
e4c9
e8af
f6b1
fbb7
edd0
e0db
e4e7
f3ff
fb86
f0fb
e68d
ec1b
0082
0b9d
002d
f183
f3c3
0a85
1c2b
17f7
05f7
fa65
fffd
0706
0324
f5ac
ecd6
efef
f5f9
f788
f4c7
f729
010d
09b9
0a1f
0294
fce7
fc81
fd9d
fbc8
f7c3
f83d
fe49
04eb
03c0
fce4
fb51
0206
0b47
0bcc
02f6
f95a
f841
ff7d
04de
039d
fefa
00a7
07b4
09f7
02a8
f6d0
f3c4
fc02
074f
08f9
0075
f991
fa76
0080
01dd
fdc2
fabe
fb3e
fc6b
f8e2
f2f8
f0fc
f633
fdd8
fecb
f978
f41e
f517
f8d4
f7eb
f429
f39f
fa92
005c
fc73
f3de
f0d8
f97a
0297
0221
faf3
f774
fef5
0a3c
0dff
03c6
f5e5
f174
f8db
0312
051a
01ce
ff9f
016c
0426
03b7
0114
ffa3
01dd
0438
0357
00d7
0174
0798
0c54
0a4f
039d
00ab
05c9
0a5c
07cf
ff34
fa2e
fd67
01e5
026b
fec8
fc4e
feda
05c3
0c76
0e1a
09a4
0477
0531
0911
0b7f
0aa8
071f
0329
019e
03c1
07e4
07f0
0231
fe4f
00ed
0781
078c
feef
f7d4
f950
0222
072d
0447
febc
febe
052e
08a8
0650
01f0
00d0
01aa
fe24
f8d8
f7b4
fd05
041b
0583
00b7
fbf9
0016
08e2
0c3a
0fac
0fb6
08ff
fb8f
eddd
e664
ede8
0270
1073
0af6
f59f
e735
ee22
0072
0b60
0317
f79d
f8f5
02db
0692
f9a7
e9cc
ebab
fe04
0bba
0403
ec99
de40
e563
f11d
f270
e946
dfdd
e255
e9ea
f0c7
f51d
f3f5
f360
f39e
fa11
0750
0ec9
0c8a
01ff
fc29
071d
1aca
2398
15e5
fcca
f06d
fb8f
0b95
0bd0
f99f
e8ae
eed0
ff69
061d
fd5b
f2ed
f928
0652
0b1a
04ff
fd3b
ff23
0338
0200
fdfc
fc08
fe0c
fdfb
fcf9
00b9
06f5
07f5
ffd1
f7c5
f9ba
0555
0c60
0390
f35a
ea89
f11c
fbbc
fd42
f879
f6af
ff73
0a77
0b1b
00e2
f497
f3c1
fdda
0837
09f7
0304
fc8b
fb4b
fe1a
01d4
0462
03ba
ff62
f9b4
f66e
f9e5
fed5
fbac
f16b
e895
ecc0
fa22
036e
ff67
f240
ee71
f6df
0050
00fb
fa09
f60c
fb2a
0256
0160
f8e3
f083
f1e1
fa2a
fe3d
fc0e
f8ab
fbaf
04e3
0a9e
0b68
085a
040a
ff8f
f8f6
fa8b
04f9
0e42
0de3
03a7
fefc
0578
0e9b
0dd7
01f5
f9a5
fd9f
0871
09db
0037
fa04
01ff
12d6
1821
0dfb
005f
fe04
08bf
0fff
0b9e
ffca
f8ad
fc99
02e8
045c
014f
ff2a
000c
019d
0236
0398
08f3
0eb0
0e74
0736
0107
02e9
0ada
127f
120a
0b9e
06d7
07fe
0bd2
0ae7
0638
0279
03c5
0638
033a
ffad
fdd5
ff07
ff91
fb09
f924
fce4
039d
0540
ffac
fdda
04a0
0d4b
0b9a
ffb6
f7b1
fc18
0651
0749
fefb
f7d5
fbb8
0836
0de9
075e
fac3
f70f
0105
0c2d
0dfc
0526
fcf5
0055
09ed
0cd0
055a
fb57
fa98
050f
0d5b
0af2
ffa6
f4af
f533
ffd4
0c31
10c7
08d9
fddc
fa8e
00c4
098f
08d7
0068
fb54
ff1c
0722
04ec
f6ac
e95b
e879
f422
ff5d
fdc2
f335
ed7f
f13a
f9ff
fd88
f9f1
f8c0
fed9
093e
0e9d
092e
0175
008b
0825
112b
1263
0cb3
067c
0455
071d
09ff
0840
03fa
ff44
fdc0
020b
065b
072f
02ac
fe1c
0120
07e2
0c8c
0ade
0342
fd9d
ffa3
0634
083a
024c
fb84
ffd6
0c28
10da
0a35
ff23
fc46
0419
0c33
0c87
03f5
fc4a
fd3c
02d7
011e
f718
f168
f883
0662
092e
fe15
f2df
f201
fa83
fd14
f57b
ef93
f4d0
03cf
0c78
0711
fbda
f89a
02ab
0ee5
116a
095e
0277
033d
0843
08ad
0217
fe46
0041
053d
055a
fef6
fbea
fe3d
0319
04e2
01fe
0006
0075
009e
fe53
fbd5
fb8d
fd40
fb5a
f5db
f50e
fb8b
0657
0bc1
0648
fd1a
f860
fba7
0130
0209
ff54
fc62
fbe2
fba0
f955
f872
fc66
0462
08c1
0446
fae3
f70d
fd44
05d8
098f
04ea
ff2c
0143
06e5
0b89
0aaa
0468
0055
0090
04af
08cb
06a6
ff06
f889
f9cc
02ca
0935
0531
fc87
f927
0014
0b34
0d80
0643
fd73
fb48
0170
06eb
05c9
0014
fb83
fcf7
01f0
0474
030a
ffb8
fec0
018a
043d
039d
ff2e
faad
fb3a
0003
04b1
04ad
ff56
fad2
fb92
011f
0744
08b7
0651
045b
0523
07b5
06ea
015b
fd3f
fe8c
042a
07b9
02a8
f9ce
f5dc
fa2e
0375
074f
01f0
fa12
f6b4
fb0b
01c7
0307
0016
fdfc
0041
0518
0484
fd9a
f7a9
f854
0086
0902
0a0d
04fa
ff55
ff27
046a
0800
0619
0013
fb00
fb9d
ff90
0256
01c5
fef7
fe51
017c
062b
08e7
071b
0327
00cc
014f
0369
0399
00c1
fd5c
fb54
fb4d
fcf4
ff76
023d
0464
0422
0162
fea6
fdea
ff9a
0156
002d
fdb4
fd1d
ffbb
037f
0292
fb62
f2d7
ee70
f18c
f98d
00ae
02ef
ffae
fadd
f809
f7fd
f9d1
fbcc
fdab
ffeb
022d
038a
02d8
006d
fef5
fff6
02a5
046a
02c5
ffd4
ff5c
01e6
0575
062b
031e
fff2
ffdc
03d0
083a
0833
0445
ffcf
fe1c
0000
029e
034e
010e
fe0b
fdbd
fff3
021c
0171
fe3d
fe16
02ba
06f1
072f
0386
00c9
039c
0809
088a
0456
fe2b
fb4f
fe07
045e
0916
072d
00ba
fb25
fa42
fdc6
000c
fed2
fd68
fe5f
01ef
04d7
03c6
00b9
fefb
ffbf
01c3
01ce
ff7d
fd75
fdbd
00a1
0351
0321
00fb
ff22
ff9f
0213
03af
032b
011d
ff9a
0037
01c0
0283
01c3
0021
ff3f
ff76
000a
0049
0003
ffcd
ffe7
0003
0000
0000
0000
0000
0000
0000
0000
0000
0000
0000
0000
0000
0000
0000
0000
0000
0000
0000
0000
0000
0000
0000
0000
0000
0000
0000
0000
0000
0000
0000
0000
0000
0000
0000
0000
0000
0000
0000
0000
0000
0000
0000
0000
0000
0000
0000
0000
0000
0000
0000
0000
0000
0000
0000
0000
0000
0000
0000
0000
0000
0000
0000
0000
0000
0000
0000
0000
0000
0000
0000
0000
0000
0000
0000
0000
0000
0000
0000
0000
0000
0000
0000
0000
0000
0000
0000
0000
0000
0000
0000
0000
0000
0000
0000
0000
0000
0000
0000
0000
0000
0000
0000
0000
0000
0000
0000
0000
0000
0000
0000
0000
0000
0000
0000
0000
0000
0000
0000
0000
0000
0000
0000
0000
0000
0000
0000
0000
0000
0000
0000
0000
0000
0000
0000
0000
0000
0000
0000
0000
0000
0000
0000
0000
0000
0000
0000
0000
0000
0000
0000
0000
0000
0000
0000
0000
0000
0000
0b4a
116c
feb8
eb31
eb11
fb4c
0615
00bd
f31c
ef56
f701
fe83
fbf7
fa9e
fe61
fcfe
f05f
e9cb
f86d
07a2
0012
e884
e5c8
f4fa
fba8
eb42
dfcf
e9b3
f9ef
f63a
e7bd
e9d6
001a
0b7b
fc32
ef4d
fce5
17e7
1bb4
092e
fa63
00d8
0766
ff47
efcd
ed30
f41e
f784
f49b
f779
030c
0b42
0791
fea4
fc1e
fd71
fbf3
f763
f8b0
008b
05df
fffe
fab0
0007
0af6
0c0d
016e
f7a1
fa73
031c
0504
ffdc
fffa
0808
09f3
ff8c
f3b2
f678
0391
0a4c
01e0
f959
facc
0199
00b2
fbba
fa67
fc3c
f97b
f27e
f06a
f79a
ff11
fcaa
f55c
f377
f7fc
f79e
f341
f3c9
fcfe
ffc3
f72d
efa8
f6b2
025e
01fb
f962
f82c
0418
0eaa
08f7
f7e8
f07d
f8be
043a
04ae
0096
001a
03a7
045e
017c
ff9e
0272
0497
028c
006f
054e
0c88
0bbd
03f8
00fe
07d1
0b25
044b
fab0
fbb6
0182
02af
fe45
fc19
00f0
0a05
0f67
0c6d
0575
0575
0a13
0c76
0a65
059d
01f7
02d9
078c
0888
01ed
fe35
02ef
0918
0364
f964
f815
0156
0740
0371
fdd9
0107
07e3
07b4
02db
00b9
01aa
fd5d
f7e8
f8f7
00fc
05e3
024a
fc31
0008
09b8
0bb0
026b
fca3
01d9
0423
fdb3
f894
0198
0b69
0830
fb29
f911
040e
0cd9
06ab
fcf6
fde6
0696
08bb
01c5
fdc3
0191
04cf
095b
0b09
ff80
ef9c
e1d5
e40e
f74a
074f
010e
ed5b
e9fb
fa83
09b2
03ba
f94c
0024
0fdc
0cca
f598
e778
f953
0e01
08c1
eb5a
ddbc
ee5b
ff77
fad0
e956
e82a
f3a7
fc37
f9a9
f1e8
eb36
eba0
f8c1
087a
0646
f719
f44a
0bd6
230c
1bb1
0396
f95a
06cf
0d04
fe9c
eb27
e82a
f19d
f291
ebe6
e83b
efc9
f974
ffb4
02de
0357
0075
fa9b
f655
f944
fed2
014b
fee4
fee1
0102
0010
ffb5
046c
0e6b
0e69
0134
f3f1
f838
0655
0827
fb07
f132
fb79
0d98
0e72
fd77
f176
f775
069d
0e94
098c
ff49
fc57
ff28
022e
fea7
f88f
f57e
f707
fb7f
fd2e
f847
f0aa
f4a3
0399
0b6e
ff81
f2ba
f7c0
045f
0152
f40d
f3d6
03a2
0c2f
fdbb
ed4e
eec6
005c
059b
fc9c
f702
fffd
0bbf
0e5a
0a56
039e
fc98
f63e
f667
fee6
06ed
0658
0118
fff9
05b8
0840
02c2
fae3
fd27
05ed
08eb
0148
fc08
04a2
1197
1353
09ba
0509
0ccb
11be
083a
fc43
fc67
054c
02c4
f945
f6d3
ffb1
05a9
0385
0317
0943
0c83
0622
0352
09af
117d
0b85
ff3f
fbee
05d6
0e9e
0dcb
06d1
0332
05ce
077e
0659
01fe
fd3e
fa2a
fa88
003f
07a1
0a97
07c6
03df
064d
0a1c
0a3d
043d
feac
fccd
f9c1
f734
f99f
01a3
0772
04fb
fe8b
fbf6
0155
0744
0949
069d
017b
fc28
f63e
f15d
f193
f7ec
0380
0873
0396
f81f
f1d3
f8a5
0617
0ebc
09d0
ff71
fc20
03bb
0c86
09df
0011
fd5a
0538
0b25
039d
f978
f985
0412
0625
fa88
f298
f7ff
03ae
04ce
fabc
f6f3
00d8
0d95
0b5d
0005
00dc
0d55
177a
12be
0b55
08af
0999
0902
0294
fd88
fedf
049d
05af
0118
fc87
fa9f
fe0d
06cd
0e90
0eb5
04c0
002f
02d7
0507
fe30
f55b
fa42
0774
0e3f
0735
ffa9
0493
0e3f
0d73
0456
0038
0ab9
10f7
07d2
f68c
f367
feae
033d
f831
eda8
f444
0054
fdf6
f1ef
f279
02e4
10c1
09ff
f838
eed2
f771
0237
03ff
fe2d
fab6
fc3c
fcd7
fcf4
fda7
ffa1
ffc8
fde6
fc39
fbf6
fcf0
00a9
0443
051f
fbae
ef10
ee50
fbbb
04ff
faa9
f086
f804
0cd7
134d
07b9
fc94
ffb4
0533
009f
f95d
f893
fa68
f5ce
f44e
fe23
0d16
0e14
01f7
f76e
fe60
0b26
0d08
01b3
f883
fe63
0901
0a25
0450
0129
0255
007a
fbfe
ffa5
0457
02f9
f9a5
fbcc
05cd
0772
f9aa
f336
04db
1588
0dea
f809
f4c3
051c
0e99
02e1
f751
fc91
08ff
0613
fb01
f993
0363
077f
fed9
f7fa
fafe
033b
0358
ff9d
fd4a
fe29
fdde
fd9e
016a
0748
08a9
0574
03c6
066f
05d7
00d3
fe9d
0323
07e2
0146
f66c
f3d2
fe1e
0703
01fc
f79a
f56c
fdcf
03ec
0186
fdd3
ff1f
044f
0388
fb93
f6ae
faa5
0552
0ab4
06b9
fff6
ff1b
050b
081f
045d
fd21
fa9d
fe5a
0218
01e0
fec0
feb2
0306
07f0
0878
045e
0107
0139
038b
0346
ffa8
fc3a
fb03
fc3d
fee2
020d
047f
03db
007f
fe06
fe91
00fd
00b0
fde6
fd1d
0050
03f2
0050
f6c5
ef15
efe6
f86f
00af
02d4
fe6d
f96d
f794
f8e9
fb3d
fd5b
ffdd
0268
03a0
021a
ff74
ff43
01d2
0464
02ea
ffa6
ffaa
0328
0667
04c4
00b9
ff8d
038f
087c
07c4
02d8
fe92
fed3
01e4
036d
0153
fdef
fdf6
00b3
0259
ffc4
fd6f
0198
070c
07b1
0334
011c
0653
0a77
0798
ff73
fa2a
fd7d
06c4
0c7a
06ed
fc9c
f721
fb13
fffa
fe32
fbb7
fe53
05b3
08b4
03aa
fe8a
feed
038a
03a1
fda7
f975
fd0f
064a
097f
041b
fd8e
ff36
0896
0dbb
096d
0047
ff29
076d
0e0b
0aa9
ff59
f9a5
fd10
02ee
022c
fc18
fbf5
025e
0800
045d
fbb5
fa43
01f6
0b80
0bda
0312
f933
f5e2
f8c0
fadb
fb30
fc18
ff18
013e
fee4
fb04
f98a
fba1
fde4
fd51
fc5a
fd52
000a
00d7
fe80
fcff
ff46
040c
0457
fea3
f8fc
f8c1
fd99
ffbc
fd5c
fb0e
fd58
02d4
045e
0190
fe9f
ff25
0166
0088
fdbf
fc50
fdc3
ff8b
fecb
fdea
ff3d
024a
03b7
01a6
fec9
fdf6
ffdc
0194
0124
ff64
fe6a
ff30
0038
0071
fffe
ffce
fff6
0000
0000
0000
0000
0000
0000
0000
0000
0000
0000
0000
0000
0000
0000
0000
0000
0000
0000
0000
0000
0000
0000
0000
0000
0000
0000
0000
0000
0000
0000
0000
0000
0000
0000
0000
0000
0000
0000
0000
0000
0000
0000
0000
0000
0000
0000
0000
0000
0000
0000
0000
0000
0000
0000
0000
0000
0000
0000
0000
0000
0000
0000
0000
0000
0000
0000
0000
0000
0000
0000
0000
0000
0000
0000
0000
0000
0000
0000
0000
0000
0000
0000
0000
0000
0000
0000
0000
0000
0000
0000
0000
0000
0000
0000
0000
0000
0000
0000
0000
0000
0000
0000
0000
0000
0000
0000
0000
0000
0000
0000
0000
0000
0000
0000
0000
0000
0000
0000
0000
0000
0000
0000
0000
0000
0000
0000
0000
0000
0000
0000
0000
0000
0000
0000
0000
0000
0000
0000
0000
0000
0000
0000
0000
0000
0000
0000
0000
0000
0000
0000
0000
0000
0000
0000
0000
0000
0000
0bcf
10a5
fb09
e94a
ee8e
005b
05f3
fa7b
ef56
f2cd
fcb8
fd6f
fa2a
fdab
fdd9
f17f
e997
f927
0838
fc71
e55c
e90e
f97c
f71f
e352
e26e
f3ea
fa77
eb41
e6d5
fb46
0bf0
fda0
ef35
fe1d
19da
19f6
0479
fa6e
045a
0618
f7b4
ec1f
f0e1
f712
f581
f57c
00cf
0ae8
0843
feb2
fc18
fd7c
fb1c
f6d0
fa6c
036a
04ae
fc69
fc17
06c0
0daf
053f
f902
f8ec
0252
0542
ffe1
0058
08ee
0928
fc11
f294
fa77
085f
07b1
fc55
f8c0
ff8d
01ec
fca5
fa29
fc04
f9b4
f234
f041
f8a3
ff60
fae8
f37d
f4ae
f894
f557
f1f3
f8bb
006e
fa13
f004
f43b
0197
0259
f928
f875
05fb
0f93
0522
f3a6
f181
fe6d
05df
026f
ff93
027d
04ca
0251
ff97
0216
04b9
0296
0082
0696
0d85
0a7e
01e1
0308
0ab3
0951
fe37
f9d7
ffc6
0329
ff5a
fbdd
0026
0a06
0ff9
0c4d
0518
0682
0b75
0cc0
0916
03c4
01d7
0578
0998
0491
fe5b
015e
091c
0495
f957
f7dc
024d
077a
0223
fd8f
03ac
08e4
05d8
010a
0183
ffb0
f93c
f7d5
ff27
05b6
02e4
fc41
004d
0a6b
0af5
0034
fd71
037e
0294
fa0a
fbb5
083c
0b3e
ff29
f7ea
0173
0c65
07a3
fd14
fe1f
075a
0800
005b
fe0f
037c
034e
fb81
f87c
fd5f
fc7e
f45c
f58b
ff5e
020c
fa3f
fac9
0672
0caf
0eed
10b7
0a38
00b7
f57d
f5d8
0470
0e99
ff4b
e828
e81e
fe2a
07d3
fae5
f6af
069b
0b23
f638
e763
f981
0a42
ffdb
e634
e65d
f5f7
fde8
f4e8
e971
e6dd
ee61
fa2e
f934
ec23
e67a
f7c0
08cb
fe04
e935
ec04
0965
1684
0685
f42e
fad1
0988
04e6
f18b
e9f8
f63d
fe8d
f6bb
ee69
f711
077c
0e9e
0aa2
030e
fcd4
f880
fa1d
fe98
fc62
f5e7
f61e
fe9d
0328
ff27
fcb9
07f9
110a
0afb
fc6a
f92d
02ed
09a1
0465
fd1d
0071
051c
00a2
f6eb
f74e
00c0
06e8
07b2
06d2
053e
fea4
00a9
0745
0876
fe32
fac0
0093
0110
f47f
ee44
f9eb
05b6
fc54
edcf
f28c
037d
0242
f3fb
f121
0132
069b
f8a3
eb84
f4ca
0534
059c
fae4
f834
02bd
0c12
090f
fdf9
f6ca
f6f8
fa27
ff76
0475
08a9
07e1
07fe
0a33
0a17
01a4
fe61
05c5
0b69
0162
f841
023b
1250
0e3b
fc66
f8e3
081b
0dba
02aa
f96e
0091
043f
fc3a
f724
ff56
098a
0bf8
0c08
107d
10b0
091e
0322
0606
0c6c
0bbe
03e0
00a0
073a
1023
0eb8
045c
ff99
04d1
09f3
044a
f83a
f350
faed
0806
0b74
0309
fbc5
012e
0998
06d0
ffb4
003e
05c1
fcd3
eb7e
e5ec
f44c
0587
0736
fb09
f43b
fc56
06b1
0766
009b
006c
057d
03af
fcf0
fb30
04c6
0b3b
096d
0195
fe76
0282
09d8
0da2
09c7
0351
01cd
068f
086c
0408
feeb
ff75
03d0
0169
f9a4
f6f1
012e
03df
f9f1
f5ba
0343
0da0
02ea
f47e
f994
0f25
18c0
07f2
f788
fe0e
10b0
0ece
01c3
ff3e
0bec
0f38
0404
f913
f9db
005d
02ae
0250
034b
06b4
0a6a
0bee
0e40
0be2
0831
02d6
0463
068b
058c
01b9
00c2
030c
0300
00d0
0335
05c4
049d
fed9
01ba
0753
0757
fe2e
f794
f74f
f625
f04a
ede3
f4ea
fa79
f571
f04c
f56e
ffbf
ff1f
f70a
f5aa
00ad
07fc
046b
fe0b
006b
022a
fbf2
f73a
fce2
024f
fd46
f718
fc8d
0587
07bc
0349
ffa3
f822
ef8c
f2d7
0095
029e
f4da
f507
0941
195d
0d17
f8dd
f87b
0979
0cc4
fcb4
f139
f95a
0239
fbcf
f49a
fdee
08c4
002c
efdf
f6fa
0bf9
11c1
00bf
fa0d
06af
0d53
022f
fc7b
065f
0da2
05db
ffdd
00e3
021b
fd34
0176
0702
0388
f6be
fbb6
0ce8
0f44
fa5e
f029
0149
12df
067f
f1dd
f465
07d1
0900
f9ed
f42f
02f1
0a7d
0076
f504
fccf
08ec
0923
ff6b
fbd8
fec2
ff39
fd2b
00f3
03df
0074
fdc8
03b3
04bf
ff71
fef9
05da
0148
f0a1
e9a4
f84f
07b9
ffb7
edac
ecfe
fe6a
066f
ff9d
faf7
ffeb
0136
f6da
f0aa
f87c
04b8
0692
ffd8
fcd6
0045
046d
0329
0026
fc23
fa1f
fb0a
ff3e
0168
ff99
ff55
04bd
09a9
0668
ffb0
fe93
0294
033a
fe7e
faf4
fb11
fd54
fff4
0325
04a7
0214
fea7
fe07
0075
0112
fe3e
fd07
003a
03fe
ff6f
f51e
ee4b
f1cb
fb9f
0284
0152
fb7f
f7dd
f825
fa90
fcd2
ff61
0229
03a3
0217
ff56
ff74
0276
047d
01d3
ff29
00d8
0529
0629
0238
ff65
0206
07d1
084d
0360
fea6
fee5
0226
035f
0091
fd82
feba
01b4
01b2
fdef
ff1a
0567
0830
048d
00e2
057c
0a6f
07aa
ff13
fa12
febd
08ea
0c06
0355
f94b
f7fd
fe61
ff81
fc2d
fce3
0401
08ed
0462
feae
fef3
03d0
0316
fc77
f977
ffce
08c3
07f2
0076
fd08
04c6
0d18
0b7c
01f8
fe82
069f
0e04
0a68
fe70
f9a9
fe6d
03b2
002c
faf1
fe5c
0604
074e
fe89
f995
ff68
0a2d
0c7f
03d3
f939
f5e5
f907
fad1
fb04
fc87
0047
00df
fc85
f8c5
f96f
fcdd
fd1e
fb7f
fc19
ffae
0133
fddf
fbc2
ffd4
06fd
0509
fa86
f307
f703
feea
fdb7
f7e3
f843
02fb
094b
0477
fd43
fde9
035e
00b6
f982
f6c5
fbda
fec1
fb11
fab3
024a
0b95
093b
fe5f
f7ca
fd91
06ba
0624
fcb2
f619
fb18
02f7
0433
fe11
fb8b
ff6b
023d
fe35
f81a
f9f0
00e0
0489
0036
fc13
fe39
02cb
0259
fcfd
fc29
0078
0415
0191
fd66
fd95
00be
0234
0001
feb1
ffe4
018a
00be
fed4
fec1
0013
00c4
ffe5
ff43
ff9f
0029
0017
0000
0000
0000
0000
0000
0000
0000
0000
0000
0000
0000
0000
0000
0000
0000
0000
0000
0000
0000
0000
0000
0000
0000
0000
0000
0000
0000
0000
0000
0000
0000
0000
0000
0000
0000
0000
0000
0000
0000
0000
0000
0000
0000
0000
0000
0000
0000
0000
0000
0000
0000
0000
0000
0000
0000
0000
0000
0000
0000
0000
0000
0000
0000
0000
0000
0000
0000
0000
0000
0000
0000
0000
0000
0000
0000
0000
0000
0000
0000
0000
0000
0000
0000
0000
0000
0000
0000
0000
0000
0000
0000
0000
0000
0000
0000
0000
0000
0000
0000
0000
0000
0000
0000
0000
0000
0000
0000
0000
0000
0000
0000
0000
0000
0000
0000
0000
0000
0000
0000
0000
0000
0000
0000
0000
0000
0000
0000
0000
0000
0000
0000
0000
0000
0000
0000
0000
0000
0000
0000
0000
0000
0000
0000
0000
0000
0000
0000
0000
0000
0000
0000
0000
0000
0000
0000
0000
0000
0c41
0fa0
f75a
e854
f337
0431
030c
f3f5
ef68
f8a3
fea3
fa70
fc8f
feab
f399
e939
f8cb
086b
f998
e3c6
ec9c
fbe2
f013
df97
e968
fad4
f21d
e560
f335
0b01
0150
ef96
fc60
1a10
192f
01e6
fb7b
065a
0324
f183
ec9e
f46b
f705
f3fb
fc3c
091c
0a23
ffe7
fc02
fd6c
faee
f6a2
fb7d
04d5
02c9
fad1
ff39
0bb0
0b24
fdbf
f6d5
ff68
0593
011f
ff6c
0879
097a
fb6a
f267
fcaa
0a27
04b8
f9ad
faa4
0222
ff5d
fa76
fb20
fb3d
f3ad
ef7e
f711
ff4a
fad8
f300
f514
f84d
f3dd
f25d
fc86
ff48
f461
ef61
fcc2
03e3
fbc8
f6c4
037b
0fc7
0633
f332
f1ac
0038
05df
015a
fff0
0405
0443
0098
005b
0462
03c4
0087
04ca
0d66
0b7b
0222
0355
0b66
084a
fc04
fad0
01a7
0276
fcfb
fce5
05d1
0f3e
0ef0
0696
05d2
0b4c
0d4a
097e
03ae
020d
06a6
09b2
024a
fe25
0512
0962
fe28
f64f
fe06
079a
0406
fd8a
02c3
0937
0611
00f2
01bd
fe86
f7d2
f90d
0274
05c5
ff3c
fca3
06ea
0c72
0364
fcae
02be
032c
fa4e
fbf0
0906
0a4f
fc61
f92d
05c5
0cbd
022d
fbf4
033e
0977
02b4
fdc1
024b
0418
fc0e
f86b
fd8b
fbbc
f3b3
f74b
01a3
ffa8
f8d4
ff4c
0bcc
088e
ff3d
03f1
11ae
0eaa
013a
fffe
09bc
0560
f748
f837
063b
1310
0d97
fe5f
f822
f6e0
faa2
0673
0561
f141
e752
f854
0589
fe20
fae8
04fc
009a
ed9a
eaab
00be
0889
f67d
e197
e74b
f192
ef5f
dfde
d927
e095
f0b3
f4e1
eb84
e81b
f8b8
0b40
0540
f551
f84e
138f
1e19
0da6
fcbf
042d
08ee
fb30
ec52
f2cb
f8e9
efa1
e6f9
f49f
0a59
0b51
00b8
fef9
0634
0542
fc52
f6a6
fc84
048f
04c8
fb17
f560
fb9c
0a25
1100
058a
f5c3
fbc3
0e7c
0da5
fec5
02a4
1440
10dd
fe16
f7e1
031f
0818
041b
ff9f
0091
fb94
fb09
022d
08e4
0185
f92f
f900
f972
f3db
f364
fd50
00e7
f825
f21d
f94f
fc34
f3b7
edfd
fabb
0492
fa11
ead0
f339
080b
0ace
fe9b
fd38
0c60
11b6
05f8
f961
f869
f7c9
f9fd
00ae
07db
01b2
fb0f
fe67
046a
00ba
005f
07a9
0769
fb39
fc8e
0f10
16a0
08ee
ff4c
0b78
1363
0693
f559
f927
03d0
0394
fc4d
fe64
0965
1154
1151
0d79
094f
0775
072f
0764
070a
05f3
0609
06d5
0740
065e
026b
fede
0034
076f
0712
f93e
eb99
ef5d
fdf2
04ae
ff9e
fbfe
ff5c
00d2
fedf
ffa6
03f1
0102
f8bd
f7eb
02b8
0a73
037c
fb6b
0345
1067
0e4b
01cb
007c
0af5
096d
fcc3
f797
0467
0e0e
066c
f958
fac8
052f
0a31
0952
052d
02e0
07a4
1080
0c09
ffa4
fba9
0434
09f4
0214
f68c
f5df
f7e3
f23c
f31a
017b
0a0d
fe93
f927
0673
118d
03ff
f811
053a
1ae6
1543
01ce
011b
12c4
13ff
0082
f877
0645
107e
058b
f999
fd80
0948
09c0
0757
05d5
049c
fe8e
fd8c
0304
082e
0501
fb73
f8bb
fc0a
01e9
017f
ff04
fcb3
ff96
ffba
f8d4
f1a3
f6cb
00e0
fdb5
f137
f007
fd80
fece
f049
eb56
fb4e
02e8
f712
f097
0222
0fd1
0958
fd33
fd28
fd69
fa74
fc0d
00f7
fe24
fc7b
03f6
09f8
03bb
fcbb
ffad
01a1
f71f
eed0
fb48
0851
00de
f4cb
feac
0df2
05cd
f14f
f5cc
0998
0a29
f998
f88f
02d9
fbd8
efff
fcb6
1081
0866
f520
fae8
0eb5
0e1c
ffdc
00c5
0be3
0793
feca
00ca
07eb
0245
ff71
0446
0598
fb78
faae
01d6
0180
f916
fd31
0b6a
0a5c
fb95
f8f9
094f
0d9e
ffed
f809
035f
07d7
fb15
f2f2
fe14
0282
f7ba
f41d
0053
05c3
0218
fdb4
f966
f2a8
f38f
00be
0724
fd5b
f3f3
fd52
03c7
ffcd
fd83
0404
fa6c
e798
e869
01b2
098a
f4c5
e6ad
f5cd
056f
fb1e
f1e5
fda6
077c
f53c
e82b
f752
0c4e
063a
fb8d
0066
084b
ff66
f6b1
f930
fb63
f790
fb06
045d
018d
f95a
ff52
0a3b
025c
f5dc
fab7
062c
007f
f523
f543
f9b2
f3fe
f32f
ffbd
0600
f5e9
ec59
f912
0682
fe6a
f4d7
fed4
0a8d
fd20
e6cd
e7c6
f883
0016
fc1b
fa03
f836
f491
f4e5
fb6f
fdbf
fb31
fb84
ff89
fe97
fc7b
0000
042f
ff3c
fbb8
02c0
0b45
0680
fc83
fde0
08b5
0b5f
023f
fc12
ff33
0431
032d
fed4
fcfb
ff48
0193
0066
fe3c
0284
0775
06ab
01a7
039c
09fb
08c1
0008
fa09
fed7
09a0
0b96
012a
f7d4
f9a3
ffce
fe09
fbaa
0031
081f
06ae
ffdd
fe3e
0322
0398
fcbd
f96f
008b
0963
06da
feba
fe5b
08b2
0de5
0745
fe61
02b5
0c72
0ce4
00f5
f993
fdad
03a5
0016
fad8
ff4f
072b
05be
fbe3
fa80
0432
0d26
08af
fd02
f5db
f7f7
fa9a
faee
fc36
001e
00d5
fc22
f87d
fa03
fd50
fc8d
fb4a
fd63
0123
ffad
fbf7
fda0
057c
069b
fc47
f33d
f692
fefb
fd46
f747
f9bb
05b4
08bf
017f
fc2e
00fe
033d
fc03
f5f9
f965
feba
fb0a
f973
0237
0e42
0aa6
fc19
f56d
006e
0aa9
048f
f551
f340
ffb3
079c
0092
f85b
fd47
03d1
fe0a
f162
f46c
02ca
0916
fddc
f731
ff61
087b
001e
f528
fb55
08a9
086c
fad2
f779
00b9
0784
006a
fb28
0031
06f8
0186
f8d3
face
038a
03f5
fabe
f81c
003c
0788
0222
fa59
fabf
01e4
030e
fdd3
fa8b
fe98
02ac
011d
fd8c
fe6e
0258
0301
0063
fec0
0049
0124
ff48
fcf7
fdfc
ffa3
ff3d
fde7
fecb
00b6
00be
ffcd
ff84
ffee
ffb5
ff35
ff41
ffcd
0000
0000
0000
0000
0000
0000
0000
0000
0000
0000
0000
0000
0000
0000
0000
0000
0000
0000
0000
0000
0000
0000
0000
0000
0000
0000
0000
0000
0000
0000
0000
0000
0000
0000
0000
0000
0000
0000
0000
0000
0000
0000
0000
0000
0000
0000
0000
0000
0000
0000
0000
0000
0000
0000
0000
0000
0000
0000
0000
0000
0000
0000
0000
0000
0000
0000
0000
0000
0000
0000
0000
0000
0000
0000
0000
0000
0000
0000
0000
0000
0000
0000
0000
0000
0000
0000
0000
0000
0000
0000
0000
0000
0000
0000
0000
0000
0000
0000
0000
0000
0000
0000
0000
0000
0000
0000
0000
0000
0000
0000
0000
0000
0000
0000
0000
0000
0000
0000
0000
0000
0000
0000
0000
0000
0000
0000
0000
0000
0000
0000
0000
0000
0000
0000
0000
0000
0000
0000
0000
0000
0000
0000
0000
0000
0000
0000
0000
0000
0000
0000
0000
0000
0000
0000
0000
0000
0000
0000
0000
0000
0000
0000
0000
0000
0000
0000
0000
0000
0000
0000
0000
0000
0000
0000
0000
0000
0000
0000
0000
0000
0000
0000
0000
0000
0000
0000
0000
0000
0000
0000
0000
0000
0000
0000
0000
0000
0000
0000
0000
0000
0000
0000
0000
0000
0000
0000
0000
0000
0000
0000
0000
0000
0000
0000
0000
0000
0000
0000
0000
0000
0000
0000
0000
0000
0000
0000
0000
0000
0000
0000
0000
0000
0000
0000
0000
0000
0000
0000
0000
0000
0000
0000
0000
0000
0000
0000
0000
0000
0000
0000
0000
0000
0000
0000
0000
0000
0000
0000
0000
0000
0000
0000
0000
0000
0000
0000
0000
0000
0000
0000
0000
0000
0000
0000
0000
0000
0000
0000
0000
0000
0000
0000
0000
0000
0000
0000
0000
0000
0000
0000
0000
0000
0000
0000
0000
0000
0000
0000
0000
0000
0000
0000
0000
0000
0000
0000
0000
0000
0000
0000
0000
0000
0000
0000
0000
0000
0000
0000
0000
0000
0000
0000
0000
0000
0000
0000
0000
0000
0000
0000
0000
0000
0000
0000
0000
0000
0000
0000
0000
0000
0000
0000
0000
0000
0000
0000
0000
0000
0000
0000
0000
0000
0000
0000
0000
0000
0000
0000
0000
0000
0000
0000
0000
0000
0000
0000
0000
0000
0000
0000
0000
0000
0000
0000
0000
0000
0000
0000
0000
0000
0000
0000
0000
0000
0000
0000
0000
0000
0000
0000
0000
0000
0000
0000
0000
0000
0000
0000
0000
0000
0000
0000
0000
0000
0000
0000
0000
0000
0000
0000
0000
0000
0000
0000
0000
0000
0000
0000
0000
0000
0000
0000
0000
0000
0000
0000
0000
0000
0000
0000
0000
0000
0000
0000
0000
0000
0000
0000
0000
0000
0000
0000
0000
0000
0000
0000
0000
0000
0000
0000
0000
0000
0000
0000
0000
0000
0000
0000
0000
0000
0000
0000
0000
0000
0000
0000
0000
0000
0000
0000
0000
0000
0000
0000
0000
0000
0000
0000
0000
0000
0000
0000
0000
0000
0000
0000
0000
0000
0000
0000
0000
0000
0000
0000
0000
0000
0000
0000
0000
0000
0000
0000
0000
0000
0000
0000
0000
0000
0000
0000
0000
0000
0000
0000
0000
0000
0000
0000
0000
0000
0000
0000
0000
0000
0000
0000
0000
0000
0000
0000
0000
0000
0000
0000
0000
0000
0000
0000
0000
0000
0000
0000
0000
0000
0000
0000
0000
0000
0000
0000
0000
0000
0000
0000
0000
0000
0000
0000
0000
0000
0000
0000
0000
0000
0000
0000
0000
0000
0000
0000
0000
0000
0000
0000
0000
0000
0000
0000
0000
0000
0000
0000
0000
0000
0000
0000
0000
0000
0000
0000
0000
0000
0000
0000
0000
0000
0000
0000
0000
0000
0000
0000
0000
0000
0000
0000
0000
0000
0000
0000
0000
0000
0000
0000
0000
0000
0000
0000
0000
0000
0000
0000
0000
0000
0000
0000
0000
0000
0000
0000
0000
0000
0000
0000
0000
0000
0000
0000
0000
0000
0000
0000
0000
0000
0000
0000
0000
0000
0000
0000
0000
0000
0000
0000
0000
0000
0000
0000
0000
0000
0000
0000
0000
0000
0000
0000
0000
0000
0000
0000
0000
0000
0000
0000
0000
0000
0000
0000
0000
0000
0000
0000
0000
0000
0000
0000
0000
0000
0000
0000
0000
0000
0000
0000
0000
0000
0000
0000
0000
0000
0000
0000
0000
0000
0000
0000
0000
0000
0000
0000
0000
0000
0000
0000
0000
0000
0000
0000
0000
0000
0000
0000
0000
0000
0000
0000
0000
0000
0000
0000
0000
0000
0000
0000
0000
0000
0000
0000
0000
0000
0000
0000
0000
0000
0000
0000
0000
0000
0000
0000
0000
0000
0000
0000
0000
0000
0000
0000
0000
0000
0000
0000
0000
0000
0000
0000
0000
0000
0000
0000
0000
0000
0000
0000
0000
0000
0000
0000
0000
0000
0000
0000
0000
0000
0000
0000
0000
0000
0000
0000
0000
0000
0000
0000
0000
0000
0000
0000
0000
0000
0000
0000
0000
0000
0000
0000
0000
0000
0000
0000
0000
0000
0000
0000
0000
0000
0000
0000
0000
0000
0000
0000
0000
0000
0000
0000
0000
0000
0000
0000
0000
0000
0000
0000
0000
0000
0000
0000
0000
0000
0000
0000
0000
0000
0000
0000
0000
0000
0000
0000
0000
0000
0000
0000
0000
0000
0000
0000
0000
0000
0000
0000
0000
0000
0000
0000
0000
0000
0000
0000
0000
0000
0000
0000
0000
0000
0000
0000
0000
0000
0000
0000
0000
0000
0000
0000
0000
0000
0000
0000
0000
0000
0000
0000
0000
0000
0000
0000
0000
0000
0000
0000
0000
0000
0000
0000
0000
0000
0000
0000
0000
0000
0000
0000
0000
0000
0000
0000
0000
0000
0000
0000
0000
0000
0000
0000
0000
0000
0000
0000
0000
0000
0000
0000
0000
0000
0000
0000
0000
0000
0000
0000
0000
0000
0000
0000
0000
0000
0000
0000
0000
0000
0000
0000
0000
0000
0000
0000
0000
0000
0000
0000
0000
0000
0000
0000
0000
0000
0000
0000
0000
0000
0000
0000
0000
0000
0000
0000
0000
0000
0000
0000
0000
0000
0000
0000
0000
0000
0000
0000
0000
0000
0000
0000
0000
0000
0000
0000
0000
0000
0000
0000
0000
0000
0000
0000
0000
0000
0000
0000
0000
0000
0000
0000
0000
0000
0000
0000
0000
0000
0000
0000
0000
0000
0000
0000
0000
0000
0000
0000
0000
0000
0000
0000
0000
0000
0000
0000
0000
0000
0000
0000
0000
0000
0000
0000
0000
0000
0000
0000
0000
0000
0000
0000
0000
0000
0000
0000
0000
0000
0000
0000
0000
0000
0000
0000
0000
0000
0000
0000
0000
0000
0000
0000
0000
0000
0000
0000
0000
0000
0000
0000
0000
0000
0000
0000
0000
0000
0000
0000
0000
0000
0000
0000
0000
0000
0000
0000
0000
0000
0000
0000
0000
0000
0000
0000
0000
0000
0000
0000
0000
0000
0000
0000
0000
0000
0000
0000
0000
0000
0000
0000
0000
0000
0000
0000
0000
0000
0000
0000
0000
0000
0000
0000
0000
0000
0000
0000
0000
0000
0000
0000
0000
0000
0000
0000
0000
0000
0000
0000
0000
0000
0000
0000
0000
0000
0000
0000
0000
0000
0000
0000
0000
0000
0000
0000
0000
0000
0000
0000
0000
0000
0000
0000
0000
0000
0000
0000
0000
0000
0000
0000
0000
0000
0000
0000
0000
0000
0000
0000
0000
0000
0000
0000
0000
0000
0000
0000
0000
0000
0000
0000
0000
0000
0000
0000
0000
0000
0000
0000
0000
0000
0000
0000
0000
0000
0000
0000
0000
0000
0000
0000
0000
0000
0000
0000
0000
0000
0000
0000
0000
0000
0000
0000
0000
0000
0000
0000
0000
0000
0000
0000
0000
0000
0000
0000
0000
0000
0000
0000
0000
0000
0000
0000
0000
0000
0000
0000
0000
0000
0000
0000
0000
0000
0000
0000
0000
0000
0000
0000
0000
0000
0000
0000
0000
0000
0000
0000
0000
0000
0000
0000
0000
0000
0000
0000
0000
0000
0000
0000
0000
0000
0000
0000
0000
0000
0000
0000
0000
0000
0000
0000
0000
0000
0000
0000
0000
0000
0000
0000
0000
0000
0000
0000
0000
0000
0000
0000
0000
0000
0000
0000
0000
0000
0000
0000
0000
0000
0000
0000
0000
0000
0000
0000
0000
0000
0000
0000
0000
0000
0000
0000
0000
0000
0000
0000
0000
0000
0000
0000
0000
0000
0000
0000
0000
0000
0000
0000
0000
0000
0000
0000
0000
0000
0000
0000
0000
0000
0000
0000
0000
0000
0000
0000
0000
0000
0000
0000
0000
0000
0000
0000
0000
0000
0000
0000
0000
0000
0000
0000
0000
0000
0000
0000
0000
0000
0000
0000
0000
0000
0000
0000
0000
0000
0000
0000
0000
0000
0000
0000
0000
0000
0000
0000
0000
0000
0000
0000
0000
0000
0000
0000
0000
0000
0000
0000
0000
0000
0000
0000
0000
0000
0000
0000
0000
0000
0000
0000
0000
0000
0000
0000
0000
0000
0000
0000
0000
0000
0000
0000
0000
0000
0000
0000
0000
0000
0000
0000
0000
0000
0000
0000
0000
0000
0000
0000
0000
0000
0000
0000
0000
0000
0000
0000
0000
0000
0000
0000
0000
0000
0000
0000
0000
0000
0000
0000
0000
0000
0000
0000
0000
0000
0000
0000
0000
0000
0000
0000
0000
0000
0000
0000
0000
0000
0000
0000
0000
0000
0000
0000
0000
0000
0000
0000
0000
0000
0000
0000
0000
0000
0000
0000
0000
0000
0000
0000
0000
0000
0000
0000
0000
0000
0000
0000
0000
0000
0000
0000
0000
0000
0000
0000
0000
0000
0000
0000
0000
0000
0000
0000
0000
0000
0000
0000
0000
0000
0000
0000
0000
0000
0000
0000
0000
0000
0000
0000
0000
0000
0000
0000
0000
0000
0000
0000
0000
0000
0000
0000
0000
0000
0000
0000
0000
0000
0000
0000
0000
0000
0000
0000
0000
0000
0000
0000
0000
0000
0000
0000
0000
0000
0000
0000
0000
0000
0000
0000
0000
0000
0000
0000
0000
0000
0000
0000
0000
0000
0000
0000
0000
0000
0000
0000
0000
0000
0000
0000
0000
0000
0000
0000
0000
0000
0000
0000
0000
0000
0000
0000
0000
0000
0000
0000
0000
0000
0000
0000
0000
0000
0000
0000
0000
0000
0000
0000
0000
0000
0000
0000
0000
0000
0000
0000
0000
0000
0000
0000
0000
0000
0000
0000
0000
0000
0000
0000
0000
0000
0000
0000
0000
0000
0000
0000
0000
0000
0000
0000
0000
0000
0000
0000
0000
0000
0000
0000
0000
0000
0000
0000
0000
0000
0000
0000
0000
0000
0000
0000
0000
0000
0000
0000
0000
0000
0000
0000
0000
0000
0000
0000
0000
0000
0000
0000
0000
0000
0000
0000
0000
0000
0000
0000
0000
0000
0000
0000
0000
0000
0000
0000
0000
0000
0000
0000
0000
0000
0000
0000
0000
0000
0000
0000
0000
0000
0000
0000
0000
0000
0000
0000
0000
0000
0000
0000
0000
0000
0000
0000
0000
0000
0000
0000
0000
0000
0000
0000
0000
0000
0000
0000
0000
0000
0000
0000
0000
0000
0000
0000
0000
0000
0000
0000
0000
0000
0000
0000
0000
0000
0000
0000
0000
0000
0000
0000
0000
0000
0000
0000
0000
0000
0000
0000
0000
0000
0000
0000
0000
0000
0000
0000
0000
0000
0000
0000
0000
0000
0000
0000
0000
0000
0000
0000
0000
0000
0000
0000
0000
0000
0000
0000
0000
0000
0000
0000
0000
0000
0000
0000
0000
0000
0000
0000
0000
0000
0000
0000
0000
0000
0000
0000
0000
0000
0000
0000
0000
0000
0000
0000
0000
0000
0000
0000
0000
0000
0000
0000
0000
0000
0000
0000
0000
0000
0000
0000
0000
0000
0000
0000
0000
0000
0000
0000
0000
0000
0000
0000
0000
0000
0000
0000
0000
0000
0000
0000
0000
0000
0000
0000
0000
0000
0000
0000
0000
0000
0000
0000
0000
0000
0000
0000
0000
0000
0000
0000
0000
0000
0000
0000
0000
0000
0000
0000
0000
0000
0000
0000
0000
0000
0000
0000
0000
0000
0000
0000
0000
0000
0000
0000
0000
0000
0000
0000
0000
0000
0000
0000
0000
0000
0000
0000
0000
0000
0000
0000
0000
0000
0000
0000
0000
0000
0000
0000
0000
0000
0000
0000
0000
0000
0000
0000
0000
0000
0000
0000
0000
0000
0000
0000
0000
0000
0000
0000
0000
0000
0000
0000
0000
0000
0000
0000
0000
0000
0000
0000
0000
0000
0000
0000
0000
0000
0000
0000
0000
0000
0000
0000
0000
0000
0000
0000
0000
0000
0000
0000
0000
0000
0000
0000
0000
0000
0000
0000
0000
0000
0000
0000
0000
0000
0000
0000
0000
0000
0000
0000
0000
0000
0000
0000
0000
0000
0000
0000
0000
0000
0000
0000
0000
0000
0000
0000
0000
0000
0000
0000
0000
0000
0000
0000
0000
0000
0000
0000
0000
0000
0000
0000
0000
0000
0000
0000
0000
0000
0000
0000
0000
0000
0000
0000
0000
0000
0000
0000
0000
0000
0000
0000
0000
0000
0000
0000
0000
0000
0000
0000
0000
0000
0000
0000
0000
0000
0000
0000
0000
0000
0000
0000
0000
0000
0000
0000
0000
0000
0000
0000
0000
0000
0000
0000
0000
0000
0000
0000
0000
0000
0000
0000
0000
0000
0000
0000
0000
0000
0000
0000
0000
0000
0000
0000
0000
0000
0000
0000
0000
0000
0000
0000
0000
0000
0000
0000
0000
0000
0000
0000
0000
0000
0000
0000
0000
0000
0000
0000
0000
0000
0000
0000
0000
0000
0000
0000
0000
0000
0000
0000
0000
0000
0000
0000
0000
0000
0000
0000
0000
0000
0000
0000
0000
0000
0000
0000
0000
0000
0000
0000
0000
0000
0000
0000
0000
0000
0000
0000
0000
0000
0000
0000
0000
0000
0000
0000
0000
0000
0000
0000
0000
0000
0000
0000
0000
0000
0000
0000
0000
0000
0000
0000
0000
0000
0000
0000
0000
0000
0000
0000
0000
0000
0000
0000
0000
0000
0000
0000
0000
0000
0000
0000
0000
0000
0000
0000
0000
0000
0000
0000
0000
0000
0000
0000
0000
0000
0000
0000
0000
0000
0000
0000
0000
0000
0000
0000
0000
0000
0000
0000
0000
0000
0000
0000
0000
0000
0000
0000
0000
0000
0000
0000
0000
0000
0000
0000
0000
0000
0000
0000
0000
0000
0000
0000
0000
0000
0000
0000
0000
0000
0000
0000
0000
0000
0000
0000
0000
0000
0000
0000
0000
0000
0000
0000
0000
0000
0000
0000
0000
0000
0000
0000
0000
0000
0000
0000
0000
0000
0000
0000
0000
0000
0000
0000
0000
0000
0000
0000
0000
0000
0000
0000
0000
0000
0000
0000
0000
0000
0000
0000
0000
0000
0000
0000
0000
0000
0000
0000
0000
0000
0000
0000
0000
0000
0000
0000
0000
0000
0000
0000
0000
0000
0000
0000
0000
0000
0000
0000
0000
0000
0000
0000
0000
0000
0000
0000
0000
0000
0000
0000
0000
0000
0000
0000
0000
0000
0000
0000
0000
0000
0000
0000
0000
0000
0000
0000
0000
0000
0000
0000
0000
0000
0000
0000
0000
0000
0000
0000
0000
0000
0000
0000
0000
0000
0000
0000
0000
0000
0000
0000
0000
0000
0000
0000
0000
0000
0000
0000
0000
0000
0000
0000
0000
0000
0000
0000
0000
0000
0000
0000
0000
0000
0000
0000
0000
0000
0000
0000
0000
0000
0000
0000
0000
0000
0000
0000
0000
0000
0000
0000
0000
0000
0000
0000
0000
0000
0000
0000
0000
0000
0000
0000
0000
0000
0000
0000
0000
0000
0000
0000
0000
0000
0000
0000
0000
0000
0000
0000
0000
0000
0000
0000
0000
0000
0000
0000
0000
0000
0000
0000
0000
0000
0000
0000
0000
0000
0000
0000
0000
0000
0000
0000
0000
0000
0000
0000
0000
0000
0000
0000
0000
0000
0000
0000
0000
0000
0000
0000
0000
0000
0000
0000
0000
0000
0000
0000
0000
0000
0000
0000
0000
0000
0000
0000
0000
0000
0000
0000
0000
0000
0000
0000
0000
0000
0000
0000
0000
0000
0000
0000
0000
0000
0000
0000
0000
0000
0000
0000
0000
0000
0000
0000
0000
0000
0000
0000
0000
0000
0000
0000
0000
0000
0000
0000
0000
0000
0000
0000
0000
0000
0000
0000
0000
0000
0000
0000
0000
0000
0000
0000
0000
0000
0000
0000
0000
0000
0000
0000
0000
0000
0000
0000
0000
0000
0000
0000
0000
0000
0000
0000
0000
0000
0000
0000
0000
0000
0000
0000
0000
0000
0000
0000
0000
0000
0000
0000
0000
0000
0000
0000
0000
0000
0000
0000
0000
0000
0000
0000
0000
0000
0000
0000
0000
0000
0000
0000
0000
0000
0000
0000
0000
0000
0000
0000
0000
0000
0000
0000
0000
0000
0000
0000
0000
0000
0000
0000
0000
0000
0000
0000
0000
0000
0000
0000
0000
0000
0000
0000
0000
0000
0000
0000
0000
0000
0000
0000
0000
0000
0000
0000
0000
0000
0000
0000
0000
0000
0000
0000
0000
0000
0000
0000
0000
0000
0000
0000
0000
0000
0000
0000
0000
0000
0000
0000
0000
0000
0000
0000
0000
0000
0000
0000
0000
0000
0000
0000
0000
0000
0000
0000
0000
0000
0000
0000
0000
0000
0000
0000
0000
0000
0000
0000
0000
0000
0000
0000
0000
0000
0000
0000
0000
0000
0000
0000
0000
0000
0000
0000
0000
0000
0000
0000
0000
0000
0000
0000
0000
0000
0000
0000
0000
0000
0000
0000
0000
0000
0000
0000
0000
0000
0000
0000
0000
0000
0000
0000
0000
0000
0000
0000
0000
0000
0000
0000
0000
0000
0000
0000
0000
0000
0000
0000
0000
0000
0000
0000
0000
0000
0000
0000
0000
0000
0000
0000
0000
0000
0000
0000
0000
0000
0000
0000
0000
0000
0000
0000
0000
0000
0000
0000
0000
0000
0000
0000
0000
0000
0000
0000
0000
0000
0000
0000
0000
0000
0000
0000
0000
0000
0000
0000
0000
0000
0000
0000
0000
0000
0000
0000
0000
0000
0000
0000
0000
0000
0000
0000
0000
0000
0000
0000
0000
0000
0000
0000
0000
0000
0000
0000
0000
0000
0000
0000
0000
0000
0000
0000
0000
0000
0000
0000
0000
0000
0000
0000
0000
0000
0000
0000
0000
0000
0000
0000
0000
0000
0000
0000
0000
0000
0000
0000
0000
0000
0000
0000
0000
0000
0000
0000
0000
0000
0000
0000
0000
0000
0000
0000
0000
0000
0000
0000
0000
0000
0000
0000
0000
0000
0000
0000
0000
0000
0000
0000
0000
0000
0000
0000
0000
0000
0000
0000
0000
0000
0000
0000
0000
0000
0000
0000
0000
0000
0000
0000
0000
0000
0000
0000
0000
0000
0000
0000
0000
0000
0000
0000
0000
0000
0000
0000
0000
0000
0000
0000
0000
0000
0000
0000
0000
0000
0000
0000
0000
0000
0000
0000
0000
0000
0000
0000
0000
0000
0000
0000
0000
0000
0000
0000
0000
0000
0000
0000
0000
0000
0000
0000
0000
0000
0000
0000
0000
0000
0000
0000
0000
0000
0000
0000
0000
0000
0000
0000
0000
0000
0000
0000
0000
0000
0000
0000
0000
0000
0000
0000
0000
0000
0000
0000
0000
0000
0000
0000
0000
0000
0000
0000
0000
0000
0000
0000
0000
0000
0000
0000
0000
0000
0000
0000
0000
0000
0000
0000
0000
0000
0000
0000
0000
0000
0000
0000
0000
0000
0000
0000
0000
0000
0000
0000
0000
0000
0000
0000
0000
0000
0000
0000
0000
0000
0000
0000
0000
0000
0000
0000
0000
0000
0000
0000
0000
0000
0000
0000
0000
0000
0000
0000
0000
0000
0000
0000
0000
0000
0000
0000
0000
0000
0000
0000
0000
0000
0000
0000
0000
0000
0000
0000
0000
0000
0000
0000
0000
0000
0000
0000
0000
0000
0000
0000
0000
0000
0000
0000
0000
0000
0000
0000
0000
0000
0000
0000
0000
0000
0000
0000
0000
0000
0000
0000
0000
0000
0000
0000
0000
0000
0000
0000
0000
0000
0000
0000
0000
0000
0000
0000
0000
0000
0000
0000
0000
0000
0000
0000
0000
0000
0000
0000
0000
0000
0000
0000
0000
0000
0000
0000
0000
0000
0000
0000
0000
0000
0000
0000
0000
0000
0000
0000
0000
0000
0000
0000
0000
0000
0000
0000
0000
0000
0000
0000
0000
0000
0000
0000
0000
0000
0000
0000
0000
0000
0000
0000
0000
0000
0000
0000
0000
0000
0000
0000
0000
0000
0000
0000
0000
0000
0000
0000
0000
0000
0000
0000
0000
0000
0000
0000
0000
0000
0000
0000
0000
0000
0000
0000
0000
0000
0000
0000
0000
0000
0000
0000
0000
0000
0000
0000
0000
0000
0000
0000
0000
0000
0000
0000
0000
0000
0000
0000
0000
0000
0000
0000
0000
0000
0000
0000
0000
0000
0000
0000
0000
0000
0000
0000
0000
0000
0000
0000
0000
0000
0000
0000
0000
0000
0000
0000
0000
0000
0000
0000
0000
0000
0000
0000
0000
0000
0000
0000
0000
0000
0000
0000
0000
0000
0000
0000
0000
0000
0000
0000
0000
0000
0000
0000
0000
0000
0000
0000
0000
0000
0000
0000
0000
0000
0000
0000
0000
0000
0000
0000
0000
0000
0000
0000
0000
0000
0000
0000
0000
0000
0000
0000
0000
0000
0000
0000
0000
0000
0000
0000
0000
0000
0000
0000
0000
0000
0000
0000
0000
0000
0000
0000
0000
0000
0000
0000
0000
0000
0000
0000
0000
0000
0000
0000
0000
0000
0000
0000
0000
0000
0000
0000
0000
0000
0000
0000
0000
0000
0000
0000
0000
0000
0000
0000
0000
0000
0000
0000
0000
0000
0000
0000
0000
0000
0000
0000
0000
0000
0000
0000
0000
0000
0000
0000
0000
0000
0000
0000
0000
0000
0000
0000
0000
0000
0000
0000
0000
0000
0000
0000
0000
0000
0000
0000
0000
0000
0000
0000
0000
0000
0000
0000
0000
0000
0000
0000
0000
0000
0000
0000
0000
0000
0000
0000
0000
0000
0000
0000
0000
0000
0000
0000
0000
0000
0000
0000
0000
0000
0000
0000
0000
0000
0000
0000
0000
0000
0000
0000
0000
0000
0000
0000
0000
0000
0000
0000
0000
0000
0000
0000
0000
0000
0000
0000
0000
0000
0000
0000
0000
0000
0000
0000
0000
0000
0000
0000
0000
0000
0000
0000
0000
0000
0000
0000
0000
0000
0000
0000
0000
0000
0000
0000
0000
0000
0000
0000
0000
0000
0000
0000
0000
0000
0000
0000
0000
0000
0000
0000
0000
0000
0000
0000
0000
0000
0000
0000
0000
0000
0000
0000
0000
0000
0000
0000
0000
0000
0000
0000
0000
0000
0000
0000
0000
0000
0000
0000
0000
0000
0000
0000
0000
0000
0000
0000
0000
0000
0000
0000
0000
0000
0000
0000
0000
0000
0000
0000
0000
0000
0000
0000
0000
0000
0000
0000
0000
0000
0000
0000
0000
0000
0000
0000
0000
0000
0000
0000
0000
0000
0000
0000
0000
0000
0000
0000
0000
0000
0000
0000
0000
0000
0000
0000
0000
0000
0000
0000
0000
0000
0000
0000
0000
0000
0000
0000
0000
0000
0000
0000
0000
0000
0000
0000
0000
0000
0000
0000
0000
0000
0000
0000
0000
0000
0000
0000
0000
0000
0000
0000
0000
0000
0000
0000
0000
0000
0000
0000
0000
0000
0000
0000
0000
0000
0000
0000
0000
0000
0000
0000
0000
0000
0000
0000
0000
0000
0000
0000
0000
0000
0000
0000
0000
0000
0000
0000
0000
0000
0000
0000
0000
0000
0000
0000
0000
0000
0000
0000
0000
0000
0000
0000
0000
0000
0000
0000
0000
0000
0000
0000
0000
0000
0000
0000
0000
0000
0000
0000
0000
0000
0000
0000
0000
0000
0000
0000
0000
0000
0000
0000
0000
0000
0000
0000
0000
0000
0000
0000
0000
0000
0000
0000
0000
0000
0000
0000
0000
0000
0000
0000
0000
0000
0000
0000
0000
0000
0000
0000
0000
0000
0000
0000
0000
0000
0000
0000
0000
0000
0000
0000
0000
0000
0000
0000
0000
0000
0000
0000
0000
0000
0000
0000
0000
0000
0000
0000
0000
0000
0000
0000
0000
0000
0000
0000
0000
0000
0000
0000
0000
0000
0000
0000
0000
0000
0000
0000
0000
0000
0000
0000
0000
0000
0000
0000
0000
0000
0000
0000
0000
0000
0000
0000
0000
0000
0000
0000
0000
0000
0000
0000
0000
0000
0000
0000
0000
0000
0000
0000
0000
0000
0000
0000
0000
0000
0000
0000
0000
0000
0000
0000
0000
0000
0000
0000
0000
0000
0000
0000
0000
0000
0000
0000
0000
0000
0000
0000
0000
0000
0000
0000
0000
0000
0000
0000
0000
0000
0000
0000
0000
0000
0000
0000
0000
0000
0000
0000
0000
0000
0000
0000
0000
0000
0000
0000
0000
0000
0000
0000
0000
0000
0000
0000
0000
0000
0000
0000
0000
0000
0000
0000
0000
0000
0000
0000
0000
0000
0000
0000
0000
0000
0000
0000
0000
0000
0000
0000
0000
0000
0000
0000
0000
0000
0000
0000
0000
0000
0000
0000
0000
0000
0000
0000
0000
0000
0000
0000
0000
0000
0000
0000
0000
0000
0000
0000
0000
0000
0000
0000
0000
0000
0000
0000
0000
0000
0000
0000
0000
0000
0000
0000
0000
0000
0000
0000
0000
0000
0000
0000
0000
0000
0000
0000
0000
0000
0000
0000
0000
0000
0000
0000
0000
0000
0000
0000
0000
0000
0000
0000
0000
0000
0000
0000
0000
0000
0000
0000
0000
0000
0000
0000
0000
0000
0000
0000
0000
0000
0000
0000
0000
0000
0000
0000
0000
0000
0000
0000
0000
0000
0000
0000
0000
0000
0000
0000
0000
0000
0000
0000
0000
0000
0000
0000
0000
0000
0000
0000
0000
0000
0000
0000
0000
0000
0000
0000
0000
0000
0000
0000
0000
0000
0000
0000
0000
0000
0000
0000
0000
0000
0000
0000
0000
0000
0000
0000
0000
0000
0000
0000
0000
0000
0000
0000
0000
0000
0000
0000
0000
0000
0000
0000
0000
0000
0000
0000
0000
0000
0000
0000
0000
0000
0000
0000
0000
0000
0000
0000
0000
0000
0000
0000
0000
0000
0000
0000
0000
0000
0000
0000
0000
0000
0000
0000
0000
0000
0000
0000
0000
0000
0000
0000
0000
0000
0000
0000
0000
0000
0000
0000
0000
0000
0000
0000
0000
0000
0000
0000
0000
0000
0000
0000
0000
0000
0000
0000
0000
0000
0000
0000
0000
0000
0000
0000
0000
0000
0000
0000
0000
0000
0000
0000
0000
0000
0000
0000
0000
0000
0000
0000
0000
0000
0000
0000
0000
0000
0000
0000
0000
0000
0000
0000
0000
0000
0000
0000
0000
0000
0000
0000
0000
0000
0000
0000
0000
0000
0000
0000
0000
0000
0000
0000
0000
0000
0000
0000
0000
0000
0000
0000
0000
0000
0000
0000
0000
0000
0000
0000
0000
0000
0000
0000
0000
0000
0000
0000
0000
0000
0000
0000
0000
0000
0000
0000
0000
0000
0000
0000
0000
0000
0000
0000
0000
0000
0000
0000
0000
0000
0000
0000
0000
0000
0000
0000
0000
0000
0000
0000
0000
0000
0000
0000
0000
0000
0000
0000
0000
0000
0000
0000
0000
0000
0000
0000
0000
0000
0000
0000
0000
0000
0000
0000
0000
0000
0000
0000
0000
0000
0000
0000
0000
0000
0000
0000
0000
0000
0000
0000
0000
0000
0000
0000
0000
0000
0000
0000
0000
0000
0000
0000
0000
0000
0000
0000
0000
0000
0000
0000
0000
0000
0000
0000
0000
0000
0000
0000
0000
0000
0000
0000
0000
0000
0000
0000
0000
0000
0000
0000
0000
0000
0000
0000
0000
0000
0000
0000
0000
0000
0000
0000
0000
0000
0000
0000
0000
0000
0000
0000
0000
0000
0000
0000
0000
0000
0000
0000
0000
0000
0000
0000
0000
0000
0000
0000
0000
0000
0000
0000
0000
0000
0000
0000
0000
0000
0000
0000
0000
0000
0000
0000
0000
0000
0000
0000
0000
0000
0000
0000
0000
0000
0000
0000
0000
0000
0000
0000
0000
0000
0000
0000
0000
0000
0000
0000
0000
0000
0000
0000
0000
0000
0000
0000
0000
0000
0000
0000
0000
0000
0000
0000
0000
0000
0000
0000
0000
0000
0000
0000
0000
0000
0000
0000
0000
0000
0000
0000
0000
0000
0000
0000
0000
0000
0000
0000
0000
0000
0000
0000
0000
0000
0000
0000
0000
0000
0000
0000
0000
0000
0000
0000
0000
0000
0000
0000
0000
0000
0000
0000
0000
0000
0000
0000
0000
0000
0000
0000
0000
0000
0000
0000
0000
0000
0000
0000
0000
0000
0000
0000
0000
0000
0000
0000
0000
0000
0000
0000
0000
0000
0000
0000
0000
0000
0000
0000
0000
0000
0000
0000
0000
0000
0000
0000
0000
0000
0000
0000
0000
0000
0000
0000
0000
0000
0000
0000
0000
0000
0000
0000
0000
0000
0000
0000
0000
0000
0000
0000
0000
0000
0000
0000
0000
0000
0000
0000
0000
0000
0000
0000
0000
0000
0000
0000
0000
0000
0000
0000
0000
0000
0000
0000
0000
0000
0000
0000
0000
0000
0000
0000
0000
0000
0000
0000
0000
0000
0000
0000
0000
0000
0000
0000
0000
0000
0000
0000
0000
0000
0000
0000
0000
0000
0000
0000
0000
0000
0000
0000
0000
0000
0000
0000
0000
0000
0000
0000
0000
0000
0000
0000
0000
0000
0000
0000
0000
0000
0000
0000
0000
0000
0000
0000
0000
0000
0000
0000
0000
0000
0000
0000
0000
0000
0000
0000
0000
0000
0000
0000
0000
0000
0000
0000
0000
0000
0000
0000
0000
0000
0000
0000
0000
0000
0000
0000
0000
0000
0000
0000
0000
0000
0000
0000
0000
0000
0000
0000
0000
0000
0000
0000
0000
0000
0000
0000
0000
0000
0000
0000
0000
0000
0000
0000
0000
0000
0000
0000
0000
0000
0000
0000
0000
0000
0000
0000
0000
0000
0000
0000
0000
0000
0000
0000
0000
0000
0000
0000
0000
0000
0000
0000
0000
0000
0000
0000
0000
0000
0000
0000
0000
0000
0000
0000
0000
0000
0000
0000
0000
0000
0000
0000
0000
0000
0000
0000
0000
0000
0000
0000
0000
0000
0000
0000
0000
0000
0000
0000
0000
0000
0000
0000
0000
0000
0000
0000
0000
0000
0000
0000
0000
0000
0000
0000
0000
0000
0000
0000
0000
0000
0000
0000
0000
0000
0000
0000
0000
0000
0000
0000
0000
0000
0000
0000
0000
0000
0000
0000
0000
0000
0000
0000
0000
0000
0000
0000
0000
0000
0000
0000
0000
0000
0000
0000
0000
0000
0000
0000
0000
0000
0000
0000
0000
0000
0000
0000
0000
0000
0000
0000
0000
0000
0000
0000
0000
0000
0000
0000
0000
0000
0000
0000
0000
0000
0000
0000
0000
0000
0000
0000
0000
0000
0000
0000
0000
0000
0000
0000
0000
0000
0000
0000
0000
0000
0000
0000
0000
0000
0000
0000
0000
0000
0000
0000
0000
0000
0000
0000
0000
0000
0000
0000
0000
0000
0000
0000
0000
0000
0000
0000
0000
0000
0000
0000
0000
0000
0000
0000
0000
0000
0000
0000
0000
0000
0000
0000
0000
0000
0000
0000
0000
0000
0000
0000
0000
0000
0000
0000
0000
0000
0000
0000
0000
0000
0000
0000
0000
0000
0000
0000
0000
0000
0000
0000
0000
0000
0000
0000
0000
0000
0000
0000
0000
0000
0000
0000
0000
0000
0000
0000
0000
0000
0000
0000
0000
0000
0000
0000
0000
0000
0000
0000
0000
0000
0000
0000
0000
0000
0000
0000
0000
0000
0000
0000
0000
0000
0000
0000
0000
0000
0000
0000
0000
0000
0000
0000
0000
0000
0000
0000
0000
0000
0000
0000
0000
0000
0000
0000
0000
0000
0000
0000
0000
0000
0000
0000
0000
0000
0000
0000
0000
0000
0000
0000
0000
0000
0000
0000
0000
0000
0000
0000
0000
0000
0000
0000
0000
0000
0000
0000
0000
0000
0000
0000
0000
0000
0000
0000
0000
0000
0000
0000
0000
0000
0000
0000
0000
0000
0000
0000
0000
0000
0000
0000
0000
0000
0000
0000
0000
0000
0000
0000
0000
0000
0000
0000
0000
0000
0000
0000
0000
0000
0000
0000
0000
0000
0000
0000
0000
0000
0000
0000
0000
0000
0000
0000
0000
0000
0000
0000
0000
0000
0000
0000
0000
0000
0000
0000
0000
0000
0000
0000
0000
0000
0000
0000
0000
0000
0000
0000
0000
0000
0000
0000
0000
0000
0000
0000
0000
0000
0000
0000
0000
0000
0000
0000
0000
0000
0000
0000
0000
0000
0000
0000
0000
0000
0000
0000
0000
0000
0000
0000
0000
0000
0000
0000
0000
0000
0000
0000
0000
0000
0000
0000
0000
0000
0000
0000
0000
0000
0000
0000
0000
0000
0000
0000
0000
0000
0000
0000
0000
0000
0000
0000
0000
0000
0000
0000
0000
0000
0000
0000
0000
0000
0000
0000
0000
0000
0000
0000
0000
0000
0000
0000
0000
0000
0000
0000
0000
0000
0000
0000
0000
0000
0000
0000
0000
0000
0000
0000
0000
0000
0000
0000
0000
0000
0000
0000
0000
0000
0000
0000
0000
0000
0000
0000
0000
0000
0000
0000
0000
0000
0000
0000
0000
0000
0000
0000
0000
0000
0000
0000
0000
0000
0000
0000
0000
0000
0000
0000
0000
0000
0000
0000
0000
0000
0000
0000
0000
0000
0000
0000
0000
0000
0000
0000
0000
0000
0000
0000
0000
0000
0000
0000
0000
0000
0000
0000
0000
0000
0000
0000
0000
0000
0000
0000
0000
0000
0000
0000
0000
0000
0000
0000
0000
0000
0000
0000
0000
0000
0000
0000
0000
0000
0000
0000
0000
0000
0000
0000
0000
0000
0000
0000
0000
0000
0000
0000
0000
0000
0000
0000
0000
0000
0000
0000
0000
0000
0000
0000
0000
0000
0000
0000
0000
0000
0000
0000
0000
0000
0000
0000
0000
0000
0000
0000
0000
0000
0000
0000
0000
0000
0000
0000
0000
0000
0000
0000
0000
0000
0000
0000
0000
0000
0000
0000
0000
0000
0000
0000
0000
0000
0000
0000
0000
0000
0000
0000
0000
0000
0000
0000
0000
0000
0000
0000
0000
0000
0000
0000
0000
0000
0000
0000
0000
0000
0000
0000
0000
0000
0000
0000
0000
0000
0000
0000
0000
0000
0000
0000
0000
0000
0000
0000
0000
0000
0000
0000
0000
0000
0000
0000
0000
0000
0000
0000
0000
0000
0000
0000
0000
0000
0000
0000
0000
0000
0000
0000
0000
0000
0000
0000
0000
0000
0000
0000
0000
0000
0000
0000
0000
0000
0000
0000
0000
0000
0000
0000
0000
0000
0000
0000
0000
0000
0000
0000
0000
0000
0000
0000
0000
0000
0000
0000
0000
0000
0000
0000
0000
0000
0000
0000
0000
0000
0000
0000
0000
0000
0000
0000
0000
0000
0000
0000
0000
0000
0000
0000
0000
0000
0000
0000
0000
0000
0000
0000
0000
0000
0000
0000
0000
0000
0000
0000
0000
0000
0000
0000
0000
0000
0000
0000
0000
0000
0000
0000
0000
0000
0000
0000
0000
0000
0000
0000
0000
0000
0000
0000
0000
0000
0000
0000
0000
0000
0000
0000
0000
0000
0000
0000
0000
0000
0000
0000
0000
0000
0000
0000
0000
0000
0000
0000
0000
0000
0000
0000
0000
0000
0000
0000
0000
0000
0000
0000
0000
0000
0000
0000
0000
0000
0000
0000
0000
0000
0000
0000
0000
0000
0000
0000
0000
0000
0000
0000
0000
0000
0000
0000
0000
0000
0000
0000
0000
0000
0000
0000
0000
0000
0000
0000
0000
0000
0000
0000
0000
0000
0000
0000
0000
0000
0000
0000
0000
0000
0000
0000
0000
0000
0000
0000
0000
0000
0000
0000
0000
1118
1ab5
21cc
27af
2b56
2d5e
2e9f
2d90
295e
2253
1941
0f59
0686
ffb3
fb74
f9eb
f98f
f8ee
f70d
f406
eff8
eaeb
e5e6
e20c
df64
de61
de69
dfe9
e2a0
e6ad
ed85
f6f3
019c
0d79
1889
203d
2479
25c0
2477
21a5
1ee8
1bf1
18f4
1603
1174
0ace
01d2
f6da
eb54
e065
d702
d048
cc8a
cb88
cd46
d1ca
d8c1
e323
efc1
fd76
0ca4
1aee
2625
2d3f
3060
2fc0
2cfb
2905
248a
2029
1b0f
1437
0b0a
0007
f409
e77d
dba3
d236
cb7d
c812
c78a
c9ca
ced5
d5fb
e05d
edea
fd02
0cf0
1c5f
27fb
2f35
325e
31db
2ea1
2a62
2586
2001
1a9a
13ee
0b52
00cc
f476
e7c1
dbe7
d1df
cacc
c71b
c698
c8ed
ce4c
d60a
e0f4
ee71
fcc7
0c67
1b87
27bf
2fb4
336a
32fa
2fce
2b54
2600
20d9
1b53
147f
0b78
00a9
f4c3
e875
dc72
d2bf
cbb6
c7f0
c738
c930
ce05
d4e3
de91
eb9f
fa6e
0a22
19d6
2662
2e73
3248
3265
2f71
2b1f
2646
20bc
1b3e
150f
0cf2
0304
f732
ea8f
de94
d41a
cc5d
c7ee
c6c6
c869
cd1d
d444
de3d
eb53
f949
089d
1800
250e
2e14
32bc
3340
3091
2c5c
2721
21f3
1ca4
163f
0ddc
036f
f7d1
eb96
df71
d506
cd51
c8af
c743
c882
ccab
d30b
dbdc
e817
f69b
060f
1600
2396
2cc8
3193
32bc
318c
2ea2
2b1a
273d
22cf
1e44
19ce
1497
0e0f
064f
fd4a
ef2b
dcd2
ccaa
c0fd
b998
b75f
bac5
c18d
c9a7
d279
dbd1
e568
f12f
ff0b
0dde
1d47
2c0a
3769
3d48
3d52
37e6
2dcb
20ad
12ff
063d
fb62
f2aa
ed13
ea02
e8ff
eadf
ef05
f42a
fa6f
ffc2
01b6
00b4
fdf2
f9a1
f516
f1f2
ef5d
edfb
edbb
ecb9
eb03
e914
e728
e5a6
e5b2
e7c6
eb79
efc6
f458
f95a
ff0b
0554
0dc0
1819
231a
2f08
39ec
4161
4369
3fe6
3722
2ab9
1c0c
0cd3
fe39
f00c
e1f2
d3a5
c5ea
b956
ae3c
a5fb
a1fe
a284
a8b8
b37b
c195
d35c
e7c5
fe64
15fa
2c2d
4047
5111
5b60
5fc8
5f30
5a3a
527b
49d2
401f
34d4
2841
191b
0724
f2d7
dc84
c602
b1aa
a101
9517
8eea
8dd4
9153
99d1
a639
b724
cc8f
e531
008c
1bfa
3514
49ad
57dc
5eec
605b
5dd6
581c
5088
478c
3d07
2fc8
206f
101f
ff05
ed01
dc11
cc88
bf04
b407
ac15
a7bc
a6c9
aa9f
b3fa
c165
d17f
e397
f47d
0274
0e07
181c
204c
279a
2f54
366a
3c27
3ee0
3cbf
35f9
2a86
1c09
0e31
0182
f5ef
ec7e
e54d
dfb4
dac3
d661
d293
cf8f
ce2e
ceb3
d062
d453
dae0
e3cb
ec45
f367
f89a
fc4f
fe68
ff98
0085
01be
0418
07f8
0cab
10fd
147a
16d1
17e2
1716
1433
0f71
09be
0430
fef5
fa5a
f6e4
f487
f3ff
f500
f657
f9e6
ffd5
07a3
0fa8
178e
1ed9
23f8
2574
235f
1e6d
173f
0e45
047b
fb53
f2fb
eb6c
e54e
e05e
db80
d677
d176
cc3c
c6f4
c30d
c123
c12f
c34e
c7f3
cf6a
d915
e3e4
ef8c
fb53
06f0
1319
1f49
2a51
34f6
3f76
47d5
4e8a
523a
5333
517c
4ce4
4636
3e0b
343c
29ac
1e9e
12d9
05e7
f76c
e7b4
d7b2
c836
b98d
ac1b
a131
9955
944f
92aa
942a
986b
9f4f
a8cb
b4ca
c430
d6e7
ebb7
0178
182e
2ea1
4232
50fb
5b24
60ea
62af
60fe
5be4
5659
4fa2
4869
411d
390d
2fab
2527
1956
0bba
fcc4
ed72
de25
cf68
c1f4
b68e
ad95
a6e6
a2ad
a16b
a2dc
a766
af79
ba18
c637
d452
e3cf
f2e8
00a5
0c8c
1700
1f96
2629
2bd9
3156
367e
3b48
3ef4
4093
3f6d
3a3f
331a
2996
1e62
123a
0608
faf9
f188
ea1c
e4f6
e17c
df61
de70
de4b
dea7
e0a2
e46e
e931
ee62
f42d
f9cc
fde9
0001
0047
ff4f
fd40
fa66
f7cd
f605
f49c
f3db
f400
f4a0
f554
f5e7
f5bc
f4cb
f3f1
f398
f352
f347
f356
f400
f53e
f6eb
f93b
fc4e
001b
03bb
08b0
0e25
1393
1985
2011
263f
2b15
2e13
3064
309c
2ead
2ac6
2522
1e47
16c6
0f07
0718
ff44
f827
f1a2
eb63
e548
df18
d8b7
d214
cb62
c4e2
bebe
b914
b40f
b01a
af44
ae8b
afa4
b2a9
b751
bd12
c3f8
cc66
d60e
e092
ebe8
f80f
050d
1262
1f62
2bd6
37d6
42ff
4c69
534d
57d9
5a28
5a9e
596c
56a1
528c
4dc9
48e6
43d7
3e6f
38bd
32e8
2cb8
25a7
1d5a
13e7
0963
fde1
f17e
e4d3
d8ff
ccf1
c16e
b724
ae48
a72f
a1f3
9e66
9c6f
9c38
9dcd
a115
a59e
abb9
b3d0
bd4d
c7a1
d2b9
deb7
eb49
f7fc
0426
0f86
19c0
22a4
2a1e
3025
3526
3970
3d45
4021
421e
4360
43e0
4349
4175
3e3c
396c
332f
2bbe
22ac
19f8
10e5
07ee
ff63
f7a0
f0ca
eaf6
e664
e32d
e0d6
df38
de5c
de2d
de65
df0a
e09f
e316
e664
ea1d
ee39
f2bc
f794
fbcf
fecf
00a2
0152
0103
ffe9
fe21
fbdb
f96f
f72e
f560
f3c4
f281
f1c3
f16a
f109
f095
f068
efb8
ee9c
ece5
eb06
e9a0
e8c6
e888
e8f1
ea21
ebca
ee24
f0ee
f3e9
f72d
fae9
fed3
02e6
076d
0cdb
1316
1969
1fd1
26a4
2dbc
347d
3a54
3ebc
415f
422a
412d
3e3d
399e
33dc
2d44
2610
1e74
16bf
0f16
0733
fef2
f66d
ed6c
e41f
daba
d164
c958
c2b4
bca2
b720
b24c
ae60
ab83
a9a4
a8b8
a7f5
a7e7
a8af
aa1c
ac43
af27
b2d9
b764
bc9e
c276
c8ce
cfbb
d760
dfb9
e8ce
f258
fc53
0666
10ae
1b0a
254f
2f0a
37dd
3f99
4612
49e3
4df5
50ff
5312
5422
544e
53aa
5243
5071
4e3c
4bc4
4908
4602
42bf
3f76
3c3a
38eb
3569
3182
2d25
2865
2350
1dd7
1805
11e7
0b84
0516
feaa
f84d
f1ff
ebdc
e604
e087
db8d
d6fd
d2ec
cf70
cc57
c9b6
c756
c6c7
c59b
c4f6
c4c0
c508
c5df
c776
c9d1
ccb3
cfe0
d362
d742
dbb1
e078
e578
ea5d
ef14
f35a
f70d
fa34
fcae
fe90
fff2
00bf
0121
013e
0119
00f9
00c9
008e
0062
0080
00dd
0187
0252
0312
03b4
040e
03fc
0391
02d7
0206
0106
0015
fef6
fdc4
fc65
fb01
f99a
f87a
f793
f6dd
f654
f613
f61f
f684
f714
f7cd
f8c5
fa01
fb76
fd22
fefc
010b
038f
068e
0a1c
0e32
128c
1707
1bba
2083
2586
2a93
2f4c
3362
36b0
390a
3a91
3b3c
39c1
38d1
3712
3494
3174
2dc8
29d2
25b4
2172
1cf2
1852
137b
0eb5
09e9
0518
0006
fb2f
f6af
f234
edc0
e951
e4fe
e0a0
dc60
d819
d4a2
d10d
cd86
c9fa
c682
c322
bfde
bcb8
b9ba
b6da
b422
b1a6
af6d
ad68
abb0
ac2e
aaff
aa13
a97a
a918
a900
a92b
a982
aa23
aae5
abf3
ad4b
aee4
b0ab
b2bc
b4d6
b73e
b9c7
bc94
bfa9
c300
c69c
ca68
ce55
d250
d65d
da82
dec7
e344
e7cc
ec7e
f132
f5fa
fa9b
ff37
0391
07c3
0baf
0f61
12cc
156f
1825
1aa1
1cde
1ecd
2070
21d2
22eb
23e3
24a7
2551
25da
2655
26bb
2725
2767
27ac
27dd
281f
2864
28a9
28ed
291e
2945
294f
293e
2904
2895
2803
2731
2634
24f9
238d
21f6
203c
1e63
1c64
1a53
1827
15ed
1309
10ac
0e45
0bd6
097e
072a
04ff
02f7
010e
ff51
fdae
fc38
fae9
f9cc
f8da
f81a
f788
f71b
f6d2
f6b1
f6b4
f6e7
f740
f7d5
f890
f968
fa6d
fb80
fcc0
fe16
ffbc
018b
0399
05e2
0865
0b19
0de0
10be
13a6
169a
18f9
1bf6
1f09
2214
2524
2811
2adc
2d57
2f93
3184
3320
3487
358f
3655
36d8
3713
370f
36c4
363c
3573
346e
3330
31c7
304a
2ea0
2cfb
2b4e
298d
27b9
25d5
23d7
21ce
1fbd
1da8
1b82
196e
1746
1522
12cd
105d
0d6d
0ac3
07f2
04ff
01e7
feaf
fb50
f7e4
f441
f096
ecbf
e8f6
e525
e168
dda9
da09
d675
d2ff
cfac
cc78
c9f2
c82d
c664
c4b6
c30a
c17b
bfee
be7a
bd08
b99f
e6f7
f81c
e3aa
bb57
b6f3
e36f
f647
e2dc
bb24
b528
e1fb
f68b
e3d4
bd3d
b684
e042
f696
e4bd
bef1
b665
dfe9
f842
e6b6
c0e3
b7ac
dfd1
fa04
e932
c485
b964
e142
fd5e
ece9
c819
bc59
e2b1
0080
f0b9
cd38
bf78
e5a1
0534
f5f9
d27d
c435
e8c4
0a19
fb8f
d98b
c955
ee28
1033
0286
e14f
d0f8
f27e
15e9
08d4
e90b
d6bd
f7fc
1cc7
103b
f050
dd86
fcdd
2304
171c
f8b8
e41a
0331
2a6c
1f1e
007d
eb51
0824
3098
25d1
087e
f13f
0dca
36de
2c93
0ee2
f6fa
10ea
3b13
3166
14e3
faec
13f7
3d36
343e
1821
fe5c
1493
3edd
368d
1b97
ffc7
15bd
400b
3841
1cec
00b8
13eb
3f4b
3869
1e2f
fff8
12de
3e34
37f5
1d76
ff23
0f73
3bd4
36af
1d7b
fd5f
0d70
39ae
3566
1be0
fbd1
097d
3696
337a
1b42
f995
06b7
323b
3055
189f
f827
02e4
2f24
2e78
17fc
f627
0059
2c46
2ce5
1624
f47d
fcbb
28fe
2abb
152a
f25a
f9c9
257e
28b9
12c4
f00f
f5a7
216d
258e
10b9
ed0c
f19d
1cb2
227d
0d48
e99b
ec81
1757
1e26
09eb
e59b
e81d
1102
1962
0581
e249
e291
0aff
1470
0187
de0f
dd13
04e2
1039
fd1e
d991
d761
fe83
0b05
f8ba
d54a
d1bb
f858
06b5
f475
c447
ce72
259b
348f
0b47
c566
cd6f
23d5
35de
0d04
c853
ca20
1ba1
370f
11d7
cf19
c977
12af
364b
14dd
d72c
c824
09b6
33fd
18cf
de49
c868
02de
30c5
1c22
e42a
ca12
fc7a
2a90
1f82
e9d3
cdc1
f7c2
23b6
2250
ee7c
d1fd
f43a
1b46
23db
f1e7
d7f6
f19d
1507
240c
f5b6
dd2e
f0be
0d25
21e4
f90b
e406
f167
086c
1ced
fc88
e852
f328
03d8
16f1
ff51
ec38
f686
015c
101d
01d7
ef75
fa47
ff7d
089c
02d5
f143
ff8d
ff45
02d2
025e
f3e0
039c
0004
fc00
fff4
f5a6
08c5
028e
f7fe
fb27
f819
0bc3
0601
f46e
f547
f943
0e5a
0b63
f2d0
eeb4
fab1
1001
1073
f1c4
e868
f967
1156
1746
f220
e2e5
f7b5
1281
1c47
f38d
dd99
f304
13e4
228e
f6da
da14
ed35
14b1
2669
fabf
d820
e554
1555
2a64
00fb
d645
de37
14b8
2cf0
0676
d6dd
d789
1218
2dff
0d50
d8e5
d20a
0df8
300e
1265
dbf4
cbd4
08dc
3245
186b
df7a
c86c
00b5
33e2
1c93
e501
c54f
f8f0
3512
205a
eafd
c39a
f025
34e6
236c
f1e9
c316
e89c
32f1
264c
f892
c3ec
e133
2f26
2938
fef1
c7d4
dce6
284b
2a3f
0409
cb8e
d7d8
2110
2cab
0940
cfd2
d53c
1953
2df3
0c2c
d5d3
d210
1227
2e3a
1069
db36
d1d8
0aa1
2c73
12ef
e19d
d149
04c5
2948
182c
e791
d082
fae8
2660
1ea2
efd4
d0a8
ef85
1eb8
2512
faca
d825
e65a
1304
256a
0463
e107
df9c
08bf
2118
0f06
e885
debe
009a
1854
16d4
ef8f
e11b
f940
0f69
1bcf
f6c5
e613
f421
07ab
198d
fea6
eb48
f175
0312
11c5
0773
eeb1
f278
015b
08cb
0bfc
f22d
f4a3
0063
01a5
0c01
f6c1
f6db
029e
fe4e
062d
fb2f
f69b
05d5
fd73
0078
fe1a
f734
07f9
00ad
fa55
fc9f
f80e
0870
0642
f75c
f7f0
f950
0745
0e69
f77f
f1d6
f87f
03bd
15d4
fa24
eebb
f3d5
0247
1a11
0160
ed38
ebc2
ffd3
192b
0b13
ef8e
e56a
fc7f
1673
15b7
f3bf
dff6
f516
1251
1e5c
fa65
dfdd
e9f2
0f05
23c9
0489
e239
deeb
079e
24e6
0fff
e83b
d6cb
fe1d
24b2
1a2f
f0d7
d325
effc
2136
21c6
fca2
d3d6
e217
1aa7
27de
089b
d8ec
d7b4
0dc4
29b7
1295
e3bc
d0c9
fec3
2bf3
1ae8
efb5
ce3a
ed38
28e4
20d1
fe1d
cf83
dfcc
2046
2708
09d7
d63a
d588
10d2
2b44
1376
e19c
cf39
ff79
2d9a
1aba
eea7
cde2
ee5b
28fb
2040
fcaf
d087
e244
1ee3
2610
0731
d9ba
da12
0fa1
2706
100d
e41e
d5a1
01bf
2604
17a6
eecb
d597
f45f
1f11
1d9c
f950
d995
ea2f
1611
219c
024b
e092
e304
0b55
202c
0b3b
e864
e046
02fe
1ac8
133a
efee
df7c
f8b7
1380
1bbd
f99e
e257
ec1a
0cdf
1c9f
064b
ea7e
e5bf
023f
1428
12ee
f291
e745
f8a9
0b0e
1775
fd21
ec31
f12f
0424
108c
092e
f0c6
f071
ffec
07ae
0f9a
f759
f13e
fcba
01e3
0be9
0028
f2fa
fb71
015a
041e
067d
f5d5
fa56
0325
fe5f
04c0
fa80
f90c
0630
fefc
ff0f
fdff
f851
058a
03fc
fab4
fbda
f940
0264
0c25
fb23
f78f
f94a
fdab
1038
0118
f5ac
f418
fbd3
0d5c
0c92
f721
eefa
f8aa
06f7
15b5
fd1d
ee33
efab
01e2
17dc
0963
f16c
e76c
fba5
124e
1503
f92b
e668
f02f
0aea
1c3d
04da
ea64
e49c
0184
1b95
11df
f3a2
deda
f3aa
159f
1c72
007b
e1ab
e4a1
0b22
2091
0dcc
ebc9
daa8
fa78
1f86
196e
fa43
da39
e819
166c
20a3
0956
e29c
da9a
04a7
2492
1562
f1c8
d837
ef63
1f08
1c2f
0338
dc94
dfc6
0f55
22b3
104c
e9ad
d821
f92c
23a8
1875
fb4c
d887
e663
191e
1fc2
0a48
e247
db55
046e
23a8
146b
f24e
d84f
f013
1e23
1bff
0231
de50
e176
0e31
20df
0ec0
eac7
db96
fafa
1cba
16ad
f9be
dfb8
ec36
11f3
1bde
066f
e7f6
e3a4
0436
1a57
10d1
f310
e288
f6b2
11fc
182f
fe26
e7c7
ec94
0877
1754
091c
efb9
e832
ff41
0fb7
12c5
f76d
eae3
f6a2
0822
13da
00f7
efd7
f0bc
02ae
0d83
0daa
f551
ee7b
fb36
075b
11cc
ff64
f123
f317
0241
0a28
0bfb
f66f
f254
fcde
03c2
0c0a
008f
f424
f885
019f
0437
08e4
f871
f72a
0085
0115
0531
005d
f699
fe45
02b6
ff5d
0359
fa0c
fade
059b
ffec
fece
fdf0
f8e9
030b
0591
fca3
fca5
faa4
fdaa
0a8a
008b
fa36
f93d
faf8
06b0
09c9
fb26
f6a0
f8f2
0029
0f5a
02b4
f719
f2dc
fbfc
097b
0e9f
fb4c
f141
f4f0
0278
1337
0663
f543
ecaa
fb0a
0c34
1306
fd41
ed8d
ef28
0404
15fe
0a62
f5bd
e8ca
f82d
0daf
1527
00e6
ec8b
ea98
035b
16e7
0e66
f6fd
e57d
f31e
0f71
175e
0515
ebe6
e5b3
00f2
1918
11ce
f9c1
e358
edb9
0fa4
194d
0944
ecda
e22a
fc84
1ab7
142a
fda0
e2a2
e8ed
0ddb
1afe
0c8c
f082
e1f9
f7f9
1945
147d
017e
e531
e73b
0930
1a9a
0dfc
f3f4
e154
f3c7
178f
1610
04b9
e765
e562
0474
1ac0
0f9f
f7b5
e21f
f06f
13c8
1752
0707
ead6
e4c1
001c
191f
112b
fad6
e474
ee81
0eda
17a9
0887
eeb8
e746
fd1f
140f
1126
fd2f
e99d
eef7
0968
1535
0a9c
f441
e7dd
f759
0fbf
1386
0368
ee7c
ea32
004d
11f8
1093
fc75
ec28
efc8
0625
1206
0b67
f6b1
ec38
f72c
09c9
118b
04cd
f332
ee2b
fe7b
0a53
0f6d
fe2d
f1af
f455
0311
0a44
0a6a
f938
f2fa
f9f1
0465
0a42
0506
f67a
f5b1
ff61
046d
09c6
ff3b
f65d
f97d
021e
03b0
0760
fac0
f7c3
fecc
024c
03e7
031f
f8e5
fac2
029f
00fe
02b9
fec8
f8bf
ffe5
03f1
ffa6
007b
fbd1
fae0
0468
0283
fe8d
fdba
fa88
ff1f
07af
005d
fcdf
fb18
fb68
041b
0777
fe0b
fa24
f9d7
fd9d
097c
0556
fbfb
f71b
fa83
01bb
0c64
01d9
f93d
f4e1
fc41
0758
0c84
fea4
f53c
f4ed
ff8b
0cfb
0953
fb6f
f177
f6d2
049b
0eda
056c
f838
f073
fac0
0949
0ec2
0176
f407
f014
ff3d
0e5c
0c97
fdc5
ef81
f267
04f1
10f7
090b
f90c
ecb5
f642
0b2e
10ed
059d
f363
ec28
fbe5
108c
0ec8
011a
ee8a
ed9f
035c
12f5
0bff
fb8b
eaf8
f1c5
0abc
10dd
07ed
f65c
ebec
f848
0f48
0ef6
0452
f0ee
ed19
ff0f
11f6
0c68
ff3c
ed3f
f015
06ab
11e5
09cd
f949
ebd4
f4dd
0cf3
1009
066a
f3ad
ec74
fb89
1073
0da8
017d
efb2
eee9
02f1
10f9
0b09
fc13
ed9c
f3bd
08c4
0e5e
0699
f7a5
ef9d
fa47
0b18
0cc3
028e
f41b
f179
fff9
0c69
0b2f
fee6
f291
f2e6
033c
0d14
09a5
fc7b
f194
f571
0526
0cb3
080a
fa81
f229
f798
062a
0bd6
0685
f91b
f2db
fa5e
0689
0b19
0445
f812
f40a
fcde
060a
08fb
01e9
f818
f6c5
ffbe
058d
082d
ffd1
f80e
f873
014d
0500
070a
fe3c
f838
fab0
0280
043e
058a
fc9a
f8e3
fccf
02dd
039a
041e
fb8f
f9d0
ff29
0313
02d3
0226
fad2
faf5
016b
0286
0216
0076
fa88
fccf
0320
024d
0110
fe66
fad9
fe93
0448
0183
0016
fd17
fb41
00b3
04f8
00e8
fe81
fbee
fbf9
02aa
0517
000e
fd44
fb2a
fd06
04d9
04e6
ff7b
fb67
fad9
fe2b
06b4
0454
fe83
f9fd
fac6
001c
0821
03b8
fd83
f848
fb1c
013e
07dc
02ed
fd17
f852
fbd8
0331
0856
023d
fbab
f76d
fca2
04fc
0836
0180
fa4e
f6fd
fdc9
06e1
07ef
00d2
f8c0
f6d8
ff01
0854
0753
ffeb
f75a
f6ff
00e7
0970
06c5
fec1
f60d
f76e
0280
09ed
0616
fd97
f508
f946
0389
089a
04a6
fcd3
f654
fa07
0529
0853
03f9
fb9a
f5f6
fb43
06b4
080a
0350
fa2b
f607
fc72
07cc
0774
0276
f903
f626
fe32
08a2
06f8
0152
f7ef
f6b7
ffab
08de
0655
0043
f729
f762
0183
0904
05d6
fecb
f879
f9ec
02b8
06e6
03fe
fdd3
f846
fb11
03e9
06a0
0361
fca0
f860
fc2d
04a3
0636
02e1
fc37
f861
fc87
04c8
0643
02c9
fc16
f881
fc73
047f
0611
02e3
fc5b
f8be
fc8e
0444
05e8
02f4
fc74
f919
fc85
03da
058c
01f1
fce1
faba
fdf1
0385
040d
01ec
fce2
faf0
fdf8
0363
03cc
01ea
fcec
fb14
fe33
0360
0399
01d3
fceb
fb45
fe49
0347
0355
01c1
fcf8
fb64
fe92
034e
032a
0191
fcf6
fb8f
feb4
0345
02eb
016d
fcfc
fba1
ff08
037e
02c6
0093
fcdd
fc32
ff7f
0378
02be
0095
fcd8
fc2f
ff9d
0387
02bb
007e
fccb
fc3a
ff9d
037e
02b3
0080
fcc6
fc3a
ffb9
038e
02b1
0068
fcb9
fc45
ffbe
0384
02a8
006d
fcb4
fc44
ffd9
0395
02a6
0051
fcaa
fd3c
ffe4
02a8
01f6
0041
fd7a
fd3b
fff9
02b4
01f4
002c
fd73
fd43
fffb
02ac
01ed
0031
fd6f
fd45
000f
02b8
01ed
001b
fd68
fd4b
0012
02af
01e4
0020
fd61
fd4e
0026
02bb
01e5
000a
fd5d
fd55
002b
02b1
01dd
000a
fe39
fe3a
0029
01d3
013d
fffb
fe37
fe3e
002b
01cc
0137
0000
fe33
fe41
0038
01d5
0139
ffef
fe30
fe45
003c
01ce
0131
fff3
fe2c
fe48
0049
01d6
0133
ffe3
fe2b
fe4c
004c
01cf
012b
ffe7
fe25
fe4f
0059
00ea
0096
ffeb
ff11
ff27
002d
00e7
0092
ffee
ff0f
ff2a
0033
00ea
0093
ffe5
ff0f
ff2b
0036
00e6
0093
fff7
ff18
ff1b
0008
00e6
00a7
0019
ff32
ff0a
ffd4
00d7
00b9
003c
ff55
fefe
ffa9
00c1
00ca
0058
ff78
0000
0000
0000
0000
0000
0000
0000
0000
0000
0000
0000
0000
0000
0000
0000
0000
0000
0000
0000
0000
0000
0000
0000
0000
0000
0000
0000
0000
0000
0000
0000
0000
0000
0000
0000
0000
0000
0000
0000
0000
0000
0000
0000
0000
0000
0000
0000
0000
0000
0000
0000
0000
0000
0000
0000
0000
0000
0000
0000
0000
0000
0000
0000
0000
0000
0000
0000
0000
0000
0000
0000
0000
0000
0000
0000
0000
0000
0000
0000
0000
0000
0000
0000
0000
0000
0000
0000
0000
0000
0000
0000
0000
0000
0000
0000
0000
0000
0000
0000
0000
0000
0000
0000
0000
0000
0000
0000
0000
0000
0000
0000
0000
0000
0000
0000
0000
0000
0000
0000
0000
0000
0000
0000
0000
0000
0000
0000
0000
0000
0000
0000
0000
0000
0000
0000
0000
0000
0000
0000
0000
0000
0000
0000
0000
0000
0000
0000
0000
0000
0000
0000
0000
0000
0000
0000
0000
0000
0000
0000
0000
0000
0000
0000
0000
0000
0000
0000
0000
0000
0000
0000
0000
0000
0000
0000
0000
0000
0000
0000
0000
0000
0000
0000
0000
0000
0000
0000
0000
0000
0000
0000
0000
0000
0000
0000
0000
0000
0000
0000
0000
0000
0000
0000
0000
0000
0000
0000
0000
0000
0000
0000
0000
0000
0000
0000
0000
0000
0000
0000
0000
0000
0000
0000
0000
0000
0000
0000
0000
0000
0000
0000
0000
0000
0000
0000
0000
0000
0000
0000
0000
0000
0000
0000
0000
0000
0000
0000
0000
0000
0000
0000
0000
0000
0000
0000
0000
0000
0000
0000
0000
0000
0000
0000
0000
0000
0000
0000
0000
0000
0000
0000
0000
0000
0000
0000
0000
0000
0000
0000
0000
0000
0000
0000
0000
0000
0000
0000
0000
0000
0000
0000
0000
0000
0000
0000
0000
0000
0000
0000
0000
0000
0000
0000
0000
0000
0000
0000
0000
0000
0000
0000
0000
0000
0000
0000
0000
0000
0000
0000
0000
0000
0000
0000
0000
0000
0000
0000
0000
0000
0000
0000
0000
0000
0000
0000
0000
0000
0000
0000
0000
0000
0000
0000
0000
0000
0000
0000
0000
0000
0000
0000
0000
0000
0000
0000
0000
0000
0000
0000
0000
0000
0000
0000
0000
0000
0000
0000
0000
0000
0000
0000
0000
0000
0000
0000
0000
0000
0000
0000
0000
0000
0000
0000
0000
0000
0000
0000
0000
0000
0000
0000
0000
0000
0000
0000
0000
0000
0000
0000
0000
0000
0000
0000
0000
0000
0000
0000
0000
0000
0000
0000
0000
0000
0000
0000
0000
0000
0000
0000
0000
0000
0000
0000
0000
0000
0000
0000
0000
0000
0000
0000
0000
0000
0000
0000
0000
0000
0000
0000
0000
0000
0000
0000
0000
0000
0000
0000
0000
0000
0000
0000
0000
0000
0000
0000
0000
0000
0000
0000
0000
0000
0000
0000
0000
0000
0000
0000
0000
0000
0000
0000
0000
0000
0000
0000
0000
0000
0000
0000
0000
0000
0000
0000
0000
0000
0000
0000
0000
0000
0000
0000
0000
0000
0000
0000
0000
0000
0000
0000
0000
0000
0000
0000
0000
0000
0000
0000
0000
0000
0000
0000
0000
0000
0000
0000
0000
0000
0000
0000
0000
0000
0000
0000
0000
0000
0000
0000
0000
0000
0000
0000
0000
0000
0000
0000
0000
0000
0000
0000
0000
0000
0000
0000
0000
0000
0000
0000
0000
0000
0000
0000
0000
0000
0000
0000
0000
0000
0000
0000
0000
0000
0000
0000
0000
0000
0000
0000
0000
0000
0000
0000
0000
0000
0000
0000
0000
0000
0000
0000
0000
0000
0000
0000
0000
0000
0000
0000
0000
0000
0000
0000
0000
0000
0000
0000
0000
0000
0000
0000
0000
0000
0000
0000
0000
0000
0000
0000
0000
0000
0000
0000
0000
0000
0000
0000
0000
0000
0000
0000
0000
0000
0000
0000
0000
0000
0000
0000
0000
0000
0000
0000
0000
0000
0000
0000
0000
0000
0000
0000
0000
0000
0000
0000
0000
0000
0000
0000
0000
0000
0000
0000
0000
0000
0000
0000
0000
0000
0000
0000
0000
0000
0000
0000
0000
0000
0000
0000
0000
0000
0000
0000
0000
0000
0000
0000
0000
0000
0000
0000
0000
0000
0000
0000
0000
0000
0000
0000
0000
0000
0000
0000
0000
0000
0000
0000
0000
0000
0000
0000
0000
0000
0000
0000
0000
0000
0000
0000
0000
0000
0000
0000
0000
0000
0000
0000
0000
0000
0000
0000
0000
0000
0000
0000
0000
0000
0000
0000
0000
0000
0000
0000
0000
0000
0000
0000
0000
0000
0000
0000
0000
0000
0000
0000
0000
0000
0000
0000
0000
0000
0000
0000
0000
0000
0000
0000
0000
0000
0000
0000
0000
0000
0000
0000
0000
0000
0000
0000
0000
0000
0000
0000
0000
0000
0000
0000
0000
0000
0000
0000
0000
0000
0000
0000
0000
0000
0000
0000
0000
0000
0000
0000
0000
0000
0000
0000
0000
0000
0000
0000
0000
0000
0000
0000
0000
0000
0000
0000
0000
0000
0000
0000
0000
0000
0000
0000
0000
0000
0000
0000
0000
0000
0000
0000
0000
0000
0000
0000
0000
0000
0000
0000
0000
0000
0000
0000
0000
0000
0000
0000
0000
0000
0000
0000
0000
0000
0000
0000
0000
0000
0000
0000
0000
0000
0000
0000
0000
0000
0000
0000
0000
0000
0000
0000
0000
0000
0000
0000
0000
0000
0000
0000
0000
0000
0000
0000
0000
0000
0000
0000
0000
0000
0000
0000
0000
0000
0000
0000
0000
0000
0000
0000
0000
0000
0000
0000
0000
0000
0000
0000
0000
0000
0000
0000
0000
0000
0000
0000
0000
0000
0000
0000
0000
0000
0000
0000
0000
0000
0000
0000
0000
0000
0000
0000
0000
0000
0000
0000
0000
0000
0000
0000
0000
0000
0000
0000
0000
0000
0000
0000
0000
0000
0000
0000
0000
0000
0000
0000
0000
0000
0000
0000
0000
0000
0000
0000
0000
0000
0000
0000
0000
0000
0000
0000
0000
0000
0000
0000
0000
0000
0000
0000
0000
0000
0000
0000
0000
0000
0000
0000
0000
0000
0000
0000
0000
0000
0000
0000
0000
0000
0000
0000
0000
0000
0000
0000
0000
0000
0000
0000
0000
0000
0000
0000
0000
0000
0000
0000
0000
0000
0000
0000
0000
0000
0000
0000
0000
0000
0000
0000
0000
0000
0000
0000
0000
0000
0000
0000
0000
0000
0000
0000
0000
0000
0000
0000
0000
0000
0000
0000
0000
0000
0000
0000
0000
0000
0000
0000
0000
0000
0000
0000
0000
0000
0000
0000
0000
0000
0000
0000
0000
0000
0000
0000
0000
0000
0000
0000
0000
0000
0000
0000
0000
0000
0000
0000
0000
0000
0000
0000
0000
0000
0000
0000
0000
0000
0000
0000
0000
0000
0000
0000
0000
0000
0000
0000
0000
0000
0000
0000
0000
0000
0000
0000
0000
0000
0000
0000
0000
0000
0000
0000
0000
0000
0000
0000
0000
0000
0000
0000
0000
0000
0000
0000
0000
0000
0000
0000
0000
0000
0000
0000
0000
0000
0000
0000
0000
0000
0000
0000
0000
0000
0000
0000
0000
0000
0000
0000
0000
0000
0000
0000
0000
0000
0000
0000
0000
0000
0000
0000
0000
0000
0000
0000
0000
0000
0000
0000
0000
0000
0000
0000
0000
0000
0000
0000
0000
0000
0000
0000
0000
0000
0000
0000
0000
0000
0000
0000
0000
0000
0000
0000
0000
0000
0000
0000
0000
0000
0000
0000
0000
0000
0000
0000
0000
0000
0000
0000
0000
0000
0000
0000
0000
0000
0000
0000
0000
0000
0000
0000
0000
0000
0000
0000
0000
0000
0000
0000
0000
0000
0000
0000
0000
0000
0000
0000
0000
0000
0000
0000
0000
0000
0000
0000
0000
0000
0000
0000
0000
0000
0000
0000
0000
0000
0000
0000
0000
0000
0000
0000
0000
0000
0000
0000
0000
0000
0000
0000
0000
0000
0000
0000
0000
0000
0000
0000
0000
0000
0000
0000
0000
0000
0000
0000
0000
0000
0000
0000
0000
0000
0000
0000
0000
0000
0000
0000
0000
0000
0000
0000
0000
0000
0000
0000
0000
0000
0000
0000
0000
0000
0000
0000
0000
0000
0000
0000
0000
0000
0000
0000
0000
0000
0000
0000
0000
0000
0000
0000
0000
0000
0000
0000
0000
0000
0000
0000
0000
0000
0000
0000
0000
0000
0000
0000
0000
0000
0000
0000
0000
0000
0000
0000
0000
0000
0000
0000
0000
0000
0000
0000
0000
0000
0000
0000
0000
0000
0000
0000
0000
0000
0000
0000
0000
0000
0000
0000
0000
0000
0000
0000
0000
0000
0000
0000
0000
0000
0000
0000
0000
0000
0000
0000
0000
0000
0000
0000
0000
0000
0000
0000
0000
0000
0000
0000
0000
0000
0000
0000
0000
0000
0000
0000
0000
0000
0000
0000
0000
0000
0000
0000
0000
0000
0000
0000
0000
0000
0000
0000
0000
0000
0000
0000
0000
0000
0000
0000
0000
0000
0000
0000
0000
0000
0000
0000
0000
0000
0000
0000
0000
0000
0000
0000
0000
0000
0000
0000
0000
0000
0000
0000
0000
0000
0000
0000
0000
0000
0000
0000
0000
0000
0000
0000
0000
0000
0000
0000
0000
0000
0000
0000
0000
0000
0000
0000
0000
0000
0000
0000
0000
0000
0000
0000
0000
0000
0000
0000
0000
0000
0000
0000
0000
0000
0000
0000
0000
0000
0000
0000
0000
0000
0000
0000
0000
0000
0000
0000
0000
0000
0000
0000
0000
0000
0000
0000
0000
0000
0000
0000
0000
0000
0000
0000
0000
0000
0000
0000
0000
0000
0000
0000
0000
0000
0000
0000
0000
0000
0000
0000
0000
0000
0000
0000
0000
0000
0000
0000
0000
0000
0000
0000
0000
0000
0000
0000
0000
0000
0000
0000
0000
0000
0000
0000
0000
0000
0000
0000
0000
0000
0000
0000
0000
0000
0000
0000
0000
0000
0000
0000
0000
0000
0000
0000
0000
0000
0000
0000
0000
0000
0000
0000
0000
0000
0000
0000
0000
0000
0000
0000
0000
0000
0000
0000
0000
0000
0000
0000
0000
0000
0000
0000
0000
0000
0000
0000
0000
0000
0000
0000
0000
0000
0000
0000
0000
0000
0000
0000
0000
0000
0000
0000
0000
0000
0000
0000
0000
0000
0000
0000
0000
0000
0000
0000
0000
0000
0000
0000
0000
0000
0000
0000
0000
0000
0000
0000
0000
0000
0000
0000
0000
0000
0000
0000
0000
0000
0000
0000
0000
0000
0000
0000
0000
0000
0000
0000
0000
0000
0000
0000
0000
0000
0000
0000
0000
0000
0000
0000
0000
0000
0000
0000
0000
0000
0000
0000
0000
0000
0000
0000
0000
0000
0000
0000
0000
0000
0000
0000
0000
0000
0000
0000
0000
0000
0000
0000
0000
0000
0000
0000
0000
0000
0000
0000
0000
0000
0000
0000
0000
0000
0000
0000
0000
0000
0000
0000
0000
0000
0000
0000
0000
0000
0000
0000
0000
0000
0000
0000
0000
0000
0000
0000
0000
0000
0000
0000
0000
0000
0000
0000
0000
0000
0000
0000
0000
0000
0000
0000
0000
0000
0000
0000
0000
0000
0000
0000
0000
0000
0000
0000
0000
0000
0000
0000
0000
0000
0000
0000
0000
0000
0000
0000
0000
0000
0000
0000
0000
0000
0000
0000
0000
0000
0000
0000
0000
0000
0000
0000
0000
0000
0000
0000
0000
0000
0000
0000
0000
0000
0000
0000
0000
0000
0000
0000
0000
0000
0000
0000
0000
0000
0000
0000
0000
0000
0000
0000
0000
0000
0000
0000
0000
0000
0000
0000
0000
0000
0000
0000
0000
0000
0000
0000
0000
0000
0000
0000
0000
0000
0000
0000
0000
0000
0000
0000
0000
0000
0000
0000
0000
0000
0000
0000
0000
0000
0000
0000
0000
0000
0000
0000
0000
0000
0000
0000
0000
0000
0000
0000
0000
0000
0000
0000
0000
0000
0000
0000
0000
0000
0000
0000
0000
0000
0000
0000
0000
0000
0000
0000
0000
0000
0000
0000
0000
0000
0000
0000
0000
0000
0000
0000
0000
0000
0000
0000
0000
0000
0000
0000
0000
0000
0000
0000
0000
0000
0000
0000
0000
0000
0000
0000
0000
0000
0000
0000
0000
0000
0000
0000
0000
0000
0000
0000
0000
0000
0000
0000
0000
0000
0000
0000
0000
0000
0000
0000
0000
0000
0000
0000
0000
0000
0000
0000
0000
0000
0000
0000
0000
0000
0000
0000
0000
0000
0000
0000
0000
0000
0000
0000
0000
0000
0000
0000
0000
0000
0000
0000
0000
0000
0000
0000
0000
0000
0000
0000
0000
0000
0000
0000
0000
0000
0000
0000
0000
0000
0000
0000
0000
0000
0000
0000
0000
0000
0000
0000
0000
0000
0000
0000
0000
0000
0000
0000
0000
0000
0000
0000
0000
0000
0000
0000
0000
0000
0000
0000
0000
0000
0000
0000
0000
0000
0000
0000
0000
0000
0000
0000
0000
0000
0000
0000
0000
0000
0000
0000
0000
0000
0000
0000
0000
0000
0000
0000
0000
0000
0000
0000
0000
0000
0000
0000
0000
0000
0000
0000
0000
0000
0000
0000
0000
0000
0000
0000
0000
0000
0000
0000
0000
0000
0000
0000
0000
0000
0000
0000
0000
0000
0000
0000
0000
0000
0000
0000
0000
0000
0000
0000
0000
0000
0000
0000
0000
0000
0000
0000
0000
0000
0000
0000
0000
0000
0000
0000
0000
0000
0000
0000
0000
0000
0000
0000
0000
0000
0000
0000
0000
0000
0000
0000
0000
0000
0000
0000
0000
0000
0000
0000
0000
0000
0000
0000
0000
0000
0000
0000
0000
0000
0000
0000
0000
0000
0000
0000
0000
0000
0000
0000
0000
0000
0000
0000
0000
0000
0000
0000
0000
0000
0000
0000
0000
0000
0000
0000
0000
0000
0000
0000
0000
0000
0000
0000
0000
0000
0000
0000
0000
0000
0000
0000
0000
0000
0000
0000
0000
0000
0000
0000
0000
0000
0000
0000
0000
0000
0000
0000
0000
0000
0000
0000
0000
0000
0000
0000
0000
0000
0000
0000
0000
0000
0000
0000
0000
0000
0000
0000
0000
0000
0000
0000
0000
0000
0000
0000
0000
0000
0000
0000
0000
0000
0000
0000
0000
0000
0000
0000
0000
0000
0000
0000
0000
0000
0000
0000
0000
0000
0000
0000
0000
0000
0000
0000
0000
0000
0000
0000
0000
0000
0000
0000
0000
0000
0000
0000
0000
0000
0000
0000
0000
0000
0000
0000
0000
0000
0000
0000
0000
0000
0000
0000
0000
0000
0000
0000
0000
0000
0000
0000
0000
0000
0000
0000
0000
0000
0000
0000
0000
0000
0000
0000
0000
0000
0000
0000
0000
0000
0000
0000
0000
0000
0000
0000
0000
0000
0000
0000
0000
0000
0000
0000
0000
0000
0000
0000
0000
0000
0000
0000
0000
0000
0000
0000
0000
0000
0000
0000
0000
0000
0000
0000
0000
0000
0000
0000
0000
0000
0000
0000
0000
0000
0000
0000
0000
0000
0000
0000
0000
0000
0000
0000
0000
0000
0000
0000
0000
0000
0000
0000
0000
0000
0000
0000
0000
0000
0000
0000
0000
0000
0000
0000
0000
0000
0000
0000
0000
0000
0000
0000
0000
0000
0000
0000
0000
0000
0000
0000
0000
0000
0000
0000
0000
0000
0000
0000
0000
0000
0000
0000
0000
0000
0000
0000
0000
0000
0000
0000
0000
0000
0000
0000
0000
0000
0000
0000
0000
0000
0000
0000
0000
0000
0000
0000
0000
0000
0000
0000
0000
0000
0000
0000
0000
0000
0000
0000
0000
0000
0000
0000
0000
0000
0000
0000
0000
0000
0000
0000
0000
0000
0000
0000
0000
0000
0000
0000
0000
0000
0000
0000
0000
0000
0000
0000
0000
0000
0000
0000
0000
0000
0000
0000
0000
0000
0000
0000
0000
0000
0000
0000
0000
0000
0000
0000
0000
0000
0000
0000
0000
0000
0000
0000
0000
0000
0000
0000
0000
0000
0000
0000
0000
0000
0000
0000
0000
0000
0000
0000
0000
0000
0000
0000
0000
0000
0000
0000
0000
0000
0000
0000
0000
0000
0000
0000
0000
0000
0000
0000
0000
0000
0000
0000
0000
0000
0000
0000
0000
0000
0000
0000
0000
0000
0000
0000
0000
0000
0000
0000
0000
0000
0000
0000
0000
0000
0000
0000
0000
0000
0000
0000
0000
0000
0000
0000
0000
0000
0000
0000
0000
0000
0000
0000
0000
0000
0000
0000
0000
0000
0000
0000
0000
0000
0000
0000
0000
0000
0000
0000
0000
0000
0000
0000
0000
0000
0000
0000
0000
0000
0000
0000
0000
0000
0000
0000
0000
0000
0000
0000
0000
0000
0000
0000
0000
0000
0000
0000
0000
0000
0000
0000
0000
0000
0000
0000
0000
0000
0000
0000
0000
0000
0000
0000
0000
0000
0000
0000
0000
0000
0000
0000
0000
0000
0000
0000
0000
0000
0000
0000
0000
0000
0000
0000
0000
0000
0000
0000
0000
0000
0000
0000
0000
0000
0000
0000
0000
0000
0000
0000
0000
0000
0000
0000
0000
0000
0000
0000
0000
0000
0000
0000
0000
0000
0000
0000
0000
0000
0000
0000
0000
0000
0000
0000
0000
0000
0000
0000
0000
0000
0000
0000
0000
0000
0000
0000
0000
0000
0000
0000
0000
0000
0000
0000
0000
0000
0000
0000
0000
0000
0000
0000
0000
0000
0000
0000
0000
0000
0000
0000
0000
0000
0000
0000
0000
0000
0000
0000
0000
0000
0000
0000
0000
0000
0000
0000
0000
0000
0000
0000
0000
0000
0000
0000
0000
0000
0000
0000
0000
0000
0000
0000
0000
0000
0000
0000
0000
0000
0000
0000
0000
0000
0000
0000
0000
0000
0000
0000
0000
0000
0000
0000
0000
0000
0000
0000
0000
0000
0000
0000
0000
0000
0000
0000
0000
0000
0000
0000
0000
0000
0000
0000
0000
0000
0000
0000
0000
0000
0000
0000
0000
0000
0000
0000
0000
0000
0000
0000
0000
0000
0000
0000
0000
0000
0000
0000
0000
0000
0000
0000
0000
0000
0000
0000
0000
0000
0000
0000
0000
0000
0000
0000
0000
0000
0000
0000
0000
0000
0000
0000
0000
0000
0000
0000
0000
0000
0000
0000
0000
0000
0000
0000
0000
0000
0000
0000
0000
0000
0000
0000
0000
0000
0000
0000
0000
0000
0000
0000
0000
0000
0000
0000
0000
0000
0000
0000
0000
0000
0000
0000
0000
0000
0000
0000
0000
0000
0000
0000
0000
0000
0000
0000
0000
0000
0000
0000
0000
0000
0000
0000
0000
0000
0000
0000
0000
0000
0000
0000
0000
0000
0000
0000
0000
0000
0000
0000
0000
0000
0000
0000
0000
0000
0000
0000
0000
0000
0000
0000
0000
0000
0000
0000
0000
0000
0000
0000
0000
0000
0000
0000
0000
0000
0000
0000
0000
0000
0000
0000
0000
0000
0000
0000
0000
0000
0000
0000
0000
0000
0000
0000
0000
0000
0000
0000
0000
0000
0000
0000
0000
0000
0000
0000
0000
0000
0000
0000
0000
0000
0000
0000
0000
0000
0000
0000
0000
0000
0000
0000
0000
0000
0000
0000
0000
0000
0000
0000
0000
0000
0000
0000
0000
0000
0000
0000
0000
0000
0000
0000
0000
0000
0000
0000
0000
0000
0000
0000
0000
0000
0000
0000
0000
0000
0000
0000
0000
0000
0000
0000
0000
0000
0000
0000
0000
0000
0000
0000
0000
0000
0000
0000
0000
0000
0000
0000
0000
0000
0000
0000
0000
0000
0000
0000
0000
0000
0000
0000
0000
0000
0000
0000
0000
0000
0000
0000
0000
0000
0000
0000
0000
0000
0000
0000
0000
0000
0000
0000
0000
0000
0000
0000
0000
0000
0000
0000
0000
0000
0000
0000
0000
0000
0000
0000
0000
0000
0000
0000
0000
0000
0000
0000
0000
0000
0000
0000
0000
0000
0000
0000
0000
0000
0000
0000
0000
0000
0000
0000
0000
0000
0000
0000
0000
0000
0000
0000
0000
0000
0000
0000
0000
0000
0000
0000
0000
0000
0000
0000
0000
0000
0000
0000
0000
0000
0000
0000
0000
0000
0000
0000
0000
0000
0000
0000
0000
0000
0000
0000
0000
0000
0000
0000
0000
0000
0000
0000
0000
0000
0000
0000
0000
0000
0000
0000
0000
0000
0000
0000
0000
0000
0000
0000
0000
0000
0000
0000
0000
0000
0000
0000
0000
0000
0000
0000
0000
0000
0000
0000
0000
0000
0000
0000
0000
0000
0000
0000
0000
0000
0000
0000
0000
0000
0000
0000
0000
0000
0000
0000
0000
0000
0000
0000
0000
0000
0000
0000
0000
0000
0000
0000
0000
0000
0000
0000
0000
0000
0000
0000
0000
0000
0000
0000
0000
0000
0000
0000
0000
0000
0000
0000
0000
0000
0000
0000
0000
0000
0000
0000
0000
0000
0000
0000
0000
0000
0000
0000
0000
0000
0000
0000
0000
0000
0000
0000
0000
0000
0000
0000
0000
0000
0000
0000
0000
0000
0000
0000
0000
0000
0000
0000
0000
0000
0000
0000
0000
0000
0000
0000
0000
0000
0000
0000
0000
0000
0000
0000
0000
0000
0000
0000
0000
0000
0000
0000
0000
0000
0000
0000
0000
0000
0000
0000
0000
0000
0000
0000
0000
0000
0000
0000
0000
0000
0000
0000
0000
0000
0000
0000
0000
0000
0000
0000
0000
0000
0000
0000
0000
0000
0000
0000
0000
0000
0000
0000
0000
0000
0000
0000
0000
0000
0000
0000
0000
0000
0000
0000
0000
0000
0000
0000
0000
0000
0000
0000
0000
0000
0000
0000
0000
0000
0000
0000
0000
0000
0000
0000
0000
0000
0000
0000
0000
0000
0000
0000
0000
0000
0000
0000
0000
0000
0000
0000
0000
0000
0000
0000
0000
0000
0000
0000
0000
0000
0000
0000
0000
0000
0000
0000
0000
0000
0000
0000
0000
0000
0000
0000
0000
0000
0000
0000
0000
0000
0000
0000
0000
0000
0000
0000
0000
0000
0000
0000
0000
0000
0000
0000
0000
0000
0000
0000
0000
0000
0000
0000
0000
0000
0000
0000
0000
0000
0000
0000
0000
0000
0000
0000
0000
0000
0000
0000
0000
0000
0000
0000
0000
0000
0000
0000
0000
0000
0000
0000
0000
0000
0000
0000
0000
0000
0000
0000
0000
0000
0000
0000
0000
0000
0000
0000
0000
0000
0000
0000
0000
0000
0000
0000
0000
0000
0000
0000
0000
0000
0000
0000
0000
0000
0000
0000
0000
0000
0000
0000
0000
0000
0000
0000
0000
0000
0000
0000
0000
0000
0000
0000
0000
0000
0000
0000
0000
0000
0000
0000
0000
0000
0000
0000
0000
0000
0000
0000
0000
0000
0000
0000
0000
0000
0000
0000
0000
0000
0000
0000
0000
0000
0000
0000
0000
0000
0000
0000
0000
0000
0000
0000
0000
0000
0000
0000
0000
0000
0000
0000
0000
0000
0000
0000
0000
0000
0000
0000
0000
0000
0000
0000
0000
0000
0000
0000
0000
0000
0000
0000
0000
0000
0000
0000
0000
0000
0000
0000
0000
0000
0000
0000
0000
0000
0000
0000
0000
0000
0000
0000
0000
0000
0000
0000
0000
0000
0000
0000
0000
0000
0000
0000
0000
0000
0000
0000
0000
0000
0000
0000
0000
0000
0000
0000
0000
0000
0000
0000
0000
0000
0000
0000
0000
0000
0000
0000
0000
0000
0000
0000
0000
0000
0000
0000
0000
0000
0000
0000
0000
0000
0000
0000
0000
0000
0000
0000
0000
0000
0000
0000
0000
0000
0000
0000
0000
0000
0000
0000
0000
0000
0000
0000
0000
0000
0000
0000
0000
0000
0000
0000
0000
0000
0000
0000
0000
0000
0000
0000
0000
0000
0000
0000
0000
0000
0000
0000
0000
0000
0000
0000
0000
0000
0000
0000
0000
0000
0000
0000
0000
0000
0000
0000
0000
0000
0000
0000
0000
0000
0000
0000
0000
0000
0000
0000
0000
0000
0000
0000
0000
0000
0000
0000
0000
0000
0000
0000
0000
0000
0000
0000
0000
0000
0000
0000
0000
0000
0000
0000
0000
0000
0000
0000
0000
0000
0000
0000
0000
0000
0000
0000
0000
0000
0000
0000
0000
0000
0000
0000
0000
0000
0000
0000
0000
0000
0000
0000
0000
0000
0000
0000
0000
0000
0000
0000
0000
0000
0000
0000
0000
0000
0000
0000
0000
0000
0000
0000
0000
0000
0000
0000
0000
0000
0000
0000
0000
0000
0000
0000
0000
0000
0000
0000
0000
0000
0000
0000
0000
0000
0000
0000
0000
0000
0000
0000
0000
0000
0000
0000
0000
0000
0000
0000
0000
0000
0000
0000
0000
0000
0000
0000
0000
0000
0000
0000
0000
0000
0000
0000
0000
0000
0000
0000
0000
0000
0000
0000
0000
0000
0000
0000
0000
0000
0000
0000
0000
0000
0000
0000
0000
0000
0000
0000
0000
0000
0000
0000
0000
0000
0000
0000
0000
0000
0000
0000
0000
0000
0000
0000
0000
0000
0000
0000
0000
0000
0000
0000
0000
0000
0000
0000
0000
0000
0000
0000
0000
0000
0000
0000
0000
0000
0000
0000
0000
0000
0000
0000
0000
0000
0000
0000
0000
0000
0000
0000
0000
0000
0000
0000
0000
0000
0000
0000
0000
0000
0000
0000
0000
0000
0000
0000
0000
0000
0000
0000
0000
0000
0000
0000
0000
0000
0000
0000
0000
0000
0000
0000
0000
0000
0000
0000
0000
0000
0000
0000
0000
0000
0000
0000
0000
0000
0000
0000
0000
0000
0000
0000
0000
0000
0000
0000
0000
0000
0000
0000
0000
0000
0000
0000
0000
0000
0000
0000
0000
0000
0000
0000
0000
0000
0000
0000
0000
0000
0000
0000
0000
0000
0000
0000
0000
0000
0000
0000
0000
0000
0000
0000
0000
0000
0000
0000
0000
0000
0000
0000
0000
0000
0000
0000
0000
0000
0000
0000
0000
0000
0000
0000
0000
0000
0000
0000
0000
0000
0000
0000
0000
0000
0000
0000
0000
0000
0000
0000
0000
0000
0000
0000
0000
0000
0000
0000
0000
0000
0000
0000
0000
0000
0000
0000
0000
0000
0000
0000
0000
0000
0000
0000
0000
0000
0000
0000
0000
0000
0000
0000
0000
0000
0000
0000
0000
0000
0000
0000
0000
0000
0000
0000
0000
0000
0000
0000
0000
0000
0000
0000
0000
0000
0000
0000
0000
0000
0000
0000
0000
0000
0000
0000
0000
0000
0000
0000
0000
0000
0000
0000
0000
0000
0000
0000
0000
0000
0000
0000
0000
0000
0000
0000
0000
0000
0000
0000
0000
0000
0000
0000
0000
0000
0000
0000
0000
0000
0000
0000
0000
0000
0000
0000
0000
0000
0000
0000
0000
0000
0000
0000
0000
0000
0000
0000
0000
0000
0000
0000
0000
0000
0000
0000
0000
0000
0000
0000
0000
0000
0000
0000
0000
0000
0000
0000
0000
0000
0000
0000
0000
0000
0000
0000
0000
0000
0000
0000
0000
0000
0000
0000
0000
0000
0000
0000
0000
0000
0000
0000
0000
0000
0000
0000
0000
0000
0000
0000
0000
0000
0000
0000
0000
0000
0000
0000
0000
0000
0000
0000
0000
0000
0000
0000
0000
0000
0000
0000
0000
0000
0000
0000
0000
0000
0000
0000
0000
0000
0000
0000
0000
0000
0000
0000
0000
0000
0000
0000
0000
0000
0000
0000
0000
0000
0000
0000
0000
0000
0000
0000
0000
0000
0000
0000
0000
0000
0000
0000
0000
0000
0000
0000
0000
0000
0000
0000
0000
0000
0000
0000
0000
0000
0000
0000
0000
0000
0000
0000
0000
0000
0000
0000
0000
0000
0000
0000
0000
0000
0000
0000
0000
0000
0000
0000
0000
0000
0000
0000
0000
0000
0000
0000
0000
0000
0000
0000
0000
0000
0000
0000
0000
0000
0000
0000
0000
0000
0000
0000
0000
0000
0000
0000
0000
0000
0000
0000
0000
0000
0000
0000
0000
0000
0000
0000
0000
0000
0000
0000
0000
0000
0000
0000
0000
0000
0000
0000
0000
0000
0000
0000
0000
0000
0000
0000
0000
0000
0000
0000
0000
0000
0000
0000
0000
0000
0000
0000
0000
0000
0000
0000
0000
0000
0000
0000
0000
0000
0000
0000
0000
0000
0000
0000
0000
0000
0000
0000
0000
0000
0000
0000
0000
0000
0000
0000
0000
0000
0000
0000
0000
0000
0000
0000
0000
0000
0000
0000
0000
0000
0000
0000
0000
0000
0000
0000
0000
0000
0000
0000
0000
0000
0000
0000
0000
0000
0000
0000
0000
0000
0000
0000
0000
0000
0000
0000
0000
0000
0000
0000
0000
0000
0000
0000
0000
0000
0000
0000
0000
0000
0000
0000
0000
0000
0000
0000
0000
0000
0000
0000
0000
0000
0000
0000
0000
0000
0000
0000
0000
0000
0000
0000
0000
0000
0000
0000
0000
0000
0000
0000
0000
0000
0000
0000
0000
0000
0000
0000
0000
0000
0000
0000
0000
0000
0000
0000
0000
0000
0000
0000
0000
0000
0000
0000
0000
0000
0000
0000
0000
0000
0000
0000
0000
0000
0000
0000
0000
0000
0000
0000
0000
0000
0000
0000
0000
0000
0000
0000
0000
0000
0000
0000
0000
0000
0000
0000
0000
0000
0000
0000
0000
0000
0000
0000
0000
0000
0000
0000
0000
0000
0000
0000
0000
0000
0000
0000
0000
0000
0000
0000
0000
0000
0000
0000
0000
0000
0000
0000
0000
0000
0000
0000
0000
0000
0000
0000
0000
0000
0000
0000
0000
0000
0000
0000
0000
0000
0000
0000
0000
0000
0000
0000
0000
0000
0000
0000
0000
0000
0000
0000
0000
0000
0000
0000
0000
0000
0000
0000
0000
0000
0000
0000
0000
0000
0000
0000
0000
0000
0000
0000
0000
0000
0000
0000
0000
0000
0000
0000
0000
0000
0000
0000
0000
0000
0000
0000
0000
0000
0000
0000
0000
0000
0000
0000
0000
0000
0000
0000
0000
0000
0000
0000
0000
0000
0000
0000
0000
0000
0000
0000
0000
0000
0000
0000
0000
0000
0000
0000
0000
0000
0000
0000
0000
0000
0000
0000
0000
0000
0000
0000
0000
0000
0000
0000
0000
0000
0000
0000
0000
0000
0000
0000
0000
0000
0000
0000
0000
0000
0000
0000
0000
0000
0000
0000
0000
0000
0000
0000
0000
0000
0000
0000
0000
0000
0000
0000
0000
0000
0000
0000
0000
0000
0000
0000
0000
0000
0000
0000
0000
0000
0000
0000
0000
0000
0000
0000
0000
0000
0000
0000
0000
0000
0000
0000
0000
0000
0000
0000
0000
0000
0000
0000
0000
0000
0000
0000
0000
0000
0000
0000
0000
0000
0000
0000
0000
0000
0000
0000
0000
0000
0000
0000
0000
0000
0000
0000
0000
0000
0000
0000
0000
0000
0000
0000
0000
0000
0000
0000
0000
0000
0000
0000
0000
0000
0000
0000
0000
0000
0000
0000
0000
0000
0000
0000
0000
0000
0000
0000
0000
0000
0000
0000
0000
0000
0000
0000
0000
0000
0000
0000
0000
0000
0000
0000
0000
0000
0000
0000
0000
0000
0000
0000
0000
0000
0000
0000
0000
0000
0000
0000
0000
0000
0000
0000
0000
0000
0000
0000
0000
0000
0000
0000
0000
0000
0000
0000
0000
0000
0000
0000
0000
0000
0000
0000
0000
0000
0000
0000
0000
0000
0000
0000
0000
0000
0000
0000
0000
0000
0000
0000
0000
0000
0000
0000
0000
0000
0000
0000
0000
0000
0000
0000
0000
0000
0000
0000
0000
0000
0000
0000
0000
0000
0000
0000
0000
0000
0000
0000
0000
0000
0000
0000
0000
0000
0000
0000
0000
0000
0000
0000
0000
0000
0000
0000
0000
0000
0000
0000
0000
0000
0000
0000
0000
0000
0000
0000
0000
0000
0000
0000
0000
0000
0000
0000
0000
0000
0000
0000
0000
0000
0000
0000
0000
0000
0000
0000
0000
0000
0000
0000
0000
0000
0000
0000
0000
0000
0000
0000
0000
0000
0000
0000
0000
0000
0000
0000
0000
0000
0000
0000
0000
0000
0000
0000
0000
0000
0000
0000
0000
0000
0000
0000
0000
0000
0000
0000
0000
0000
0000
0000
0000
0000
0000
0000
0000
0000
0000
0000
0000
0000
0000
0000
0000
0000
0000
0000
0000
0000
0000
0000
0000
0000
0000
0000
0000
0000
0000
0000
0000
0000
0000
0000
0000
0000
0000
0000
0000
0000
0000
0000
0000
0000
0000
0000
0000
0000
0000
0000
0000
0000
0000
0000
0000
0000
0000
0000
0000
0000
0000
0000
0000
0000
0000
0000
0000
0000
0000
0000
0000
0000
0000
0000
0000
0000
0000
0000
0000
0000
0000
0000
0000
0000
0000
0000
0000
0000
0000
0000
0000
0000
0000
0000
0000
0000
0000
0000
0000
0000
0000
0000
0000
0000
0000
0000
0000
0000
0000
0000
0000
0000
0000
0000
0000
0000
0000
0000
0000
0000
0000
0000
0000
0000
0000
0000
0000
0000
0000
0000
0000
0000
0000
0000
0000
0000
0000
0000
0000
0000
0000
0000
0000
0000
0000
0000
0000
0000
0000
0000
0000
0000
0000
0000
0000
0000
0000
0000
0000
0000
0000
0000
0000
0000
0000
0000
0000
0000
0000
0000
0000
0000
0000
0000
0000
0000
0000
0000
0000
0000
0000
0000
0000
0000
0000
0000
0000
0000
0000
0000
0000
0000
0000
0000
0000
0000
0000
0000
0000
0000
0000
0000
0000
0000
0000
0000
0000
0000
0000
0000
0000
0000
0000
0000
0000
0000
0000
0000
0000
0000
0000
0000
0000
0000
0000
0000
0000
0000
0000
0000
0000
0000
0000
0000
0000
0000
0000
0000
0000
0000
0000
0000
0000
0000
0000
0000
0000
0000
0000
0000
0000
0000
0000
0000
0000
0000
0000
0000
0000
0000
0000
0000
0000
0000
0000
0000
0000
0000
0000
0000
0000
0000
0000
0000
0000
0000
0000
0000
0000
0000
0000
0000
0000
0000
0000
0000
0000
0000
0000
0000
0000
0000
0000
0000
0000
0000
0000
0000
0000
0000
0000
0000
0000
0000
0000
0000
0000
0000
0000
0000
0000
0000
0000
0000
0000
0000
0000
0000
0000
0000
0000
0000
0000
0000
0000
0000
0000
0000
0000
0000
0000
0000
0000
0000
0000
0000
0000
0000
0000
0000
0000
0000
0000
0000
0000
0000
0000
0000
0000
0000
0000
0000
0000
0000
0000
0000
0000
0000
0000
0000
0000
0000
0000
0000
0000
0000
0000
0000
0000
0000
0000
0000
0000
0000
0000
0000
0000
0000
0000
0000
0000
0000
0000
0000
0000
0000
0000
0000
0000
0000
0000
0000
0000
0000
0000
0000
0000
0000
0000
0000
0000
0000
0000
0000
0000
0000
0000
0000
0000
0000
0000
0000
0000
0000
0000
0000
0000
0000
0000
0000
0000
0000
0000
0000
0000
0000
0000
0000
0000
0000
0000
0000
0000
0000
0000
0000
0000
0000
0000
0000
0000
0000
0000
0000
0000
0000
0000
0000
0000
0000
0000
0000
0000
0000
0000
0000
0000
0000
0000
0000
0000
0000
0000
0000
0000
0000
0000
0000
0000
0000
0000
0000
0000
0000
0000
0000
0000
0000
0000
0000
0000
0000
0000
0000
0000
0000
0000
0000
0000
0000
0000
0000
0000
0000
0000
0000
0000
0000
0000
0000
0000
0000
0000
0000
0000
0000
0000
0000
0000
0000
0000
0000
0000
0000
0000
0000
0000
0000
0000
0000
0000
0000
0000
0000
0000
0000
0000
0000
0000
0000
0000
0000
0000
0000
0000
0000
0000
0000
0000
0000
0000
0000
0000
0000
0000
0000
0000
0000
0000
0000
0000
0000
0000
0000
0000
0000
0000
0000
0000
0000
0000
0000
0000
0000
0000
0000
0000
0000
0000
0000
0000
0000
0000
0000
0000
0000
0000
0000
0000
0000
0000
0000
0000
0000
0000
0000
0000
0000
0000
0000
0000
0000
0000
0000
0000
0000
0000
0000
0000
0000
0000
0000
0000
0000
0000
0000
0000
0000
0000
0000
0000
0000
0000
0000
0000
0000
0000
0000
0000
0000
0000
0000
0000
0000
0000
0000
0000
0000
0000
0000
0000
0000
0000
0000
0000
0000
0000
0000
0000
0000
0000
0000
0000
0000
0000
0000
0000
0000
0000
0000
0000
0000
0000
0000
0000
0000
0000
0000
0000
0000
0000
0000
0000
0000
0000
0000
0000
0000
0000
0000
0000
0000
0000
0000
0000
0000
0000
0000
0000
0000
0000
0000
0000
0000
0000
0000
0000
0000
0000
0000
0000
0000
0000
0000
0000
0000
0000
0000
0000
0000
0000
0000
0000
0000
0000
0000
0000
0000
0000
0000
0000
0000
0000
0000
0000
0000
0000
0000
0000
0000
0000
0000
0000
0000
0000
0000
0000
0000
0000
0000
0000
0000
0000
0000
0000
0000
0000
0000
0000
0000
0000
0000
0000
0000
0000
0000
0000
0000
0000
0000
0000
0000
0000
0000
0000
0000
0000
0000
0000
0000
0000
0000
0000
0000
0000
0000
0000
0000
0000
0000
0000
0000
0000
0000
0000
0000
0000
0000
0000
0000
0000
0000
0000
0000
0000
0000
0000
0000
0000
0000
0000
0000
0000
0000
0000
0000
0000
0000
0000
0000
0000
0000
0000
0000
0000
0000
0000
0000
0000
0000
0000
0000
0000
0000
0000
0000
0000
0000
0000
0000
0000
0000
0000
0000
0000
0000
0000
0000
0000
0000
0000
0000
0000
0000
0000
0000
0000
0000
0000
0000
0000
0000
0000
0000
0000
0000
0000
0000
0000
0000
0000
0000
0000
0000
0000
0000
0000
0000
0000
0000
0000
0000
0000
0000
0000
0000
0000
0000
0000
0000
0000
0000
0000
0000
0000
0000
0000
0000
0000
0000
0000
0000
0000
0000
0000
0000
0000
0000
0000
0000
0000
0000
0000
0000
0000
0000
0000
0000
0000
0000
0000
0000
0000
0000
0000
0000
0000
0000
0000
0000
0000
0000
0000
0000
0000
0000
0000
0000
0000
0000
0000
0000
0000
0000
0000
0000
0000
0000
0000
0000
0000
0000
0000
0000
0000
0000
0000
0000
0000
0000
0000
0000
0000
0000
0000
0000
0000
0000
0000
0000
0000
0000
0000
0000
0000
0000
0000
0000
0000
0000
0000
0000
0000
0000
0000
0000
0000
0000
0000
0000
0000
0000
0000
0000
0000
0000
0000
0000
0000
0000
0000
0000
0000
0000
0000
0000
0000
0000
0000
0000
0000
0000
0000
0000
0000
0000
0000
0000
0000
0000
0000
0000
0000
0000
0000
0000
0000
0000
0000
0000
0000
0000
0000
0000
0000
0000
0000
0000
0000
0000
0000
0000
0000
0000
0000
0000
0000
0000
0000
0000
0000
0000
0000
0000
0000
0000
0000
0000
0000
0000
0000
0000
0000
0000
0000
0000
0000
0000
0000
0000
0000
0000
0000
0000
0000
0000
0000
0000
0000
0000
0000
0000
0000
0000
0000
0000
0000
0000
0000
0000
0000
0000
0000
0000
0000
0000
0000
0000
0000
0000
0000
0000
0000
0000
0000
0000
0000
0000
0000
0000
0000
0000
0000
0000
0000
0000
0000
0000
0000
0000
0000
0000
0000
0000
0000
0000
0000
0000
0000
0000
0000
0000
0000
0000
0000
0000
0000
0000
0000
0000
0000
0000
0000
0000
0000
0000
0000
0000
0000
0000
0000
0000
0000
0000
0000
0000
0000
0000
0000
0000
0000
0000
0000
0000
0000
0000
0000
0000
0000
0000
0000
0000
0000
0000
0000
0000
0000
0000
0000
0000
0000
0000
0000
0000
0000
0000
0000
0000
0000
0000
0000
0000
0000
0000
0000
0000
0000
0000
0000
0000
0000
0000
0000
0000
0000
0000
0000
0000
0000
0000
0000
0000
0000
0000
0000
0000
0000
0000
0000
0000
0000
0000
0000
0000
0000
0000
0000
0000
0000
0000
0000
0000
0000
0000
0000
0000
0000
0000
0000
0000
0000
0000
0000
0000
0000
0000
0000
0000
0000
0000
0000
0000
0000
0000
0000
0000
0000
0000
0000
0000
0000
0000
0000
0000
0000
0000
0000
0000
0000
0000
0000
0000
0000
0000
0000
0000
0000
0000
0000
0000
fd6e
fe3d
fe11
fe5a
fdac
fb50
fb58
fc32
ff8c
02f6
0620
06c5
0578
037c
0475
0468
0269
fd8e
f906
f7eb
f949
fa52
fb9d
fa75
fb19
ff02
0304
0637
05b4
038f
0181
00da
ff44
00ba
0109
0175
01f3
0165
015f
0152
ff43
fd35
000a
fefa
fca9
fc2f
fafe
fbcc
fe0d
ff4b
01da
01eb
01cf
0274
023f
0242
0208
00c9
014f
03d3
01e1
001e
ff3c
004a
ffea
fffe
faa5
f8ea
f9f0
fc5b
fe1d
fee5
0251
024b
023f
ff35
020b
ff8b
037f
012c
0317
ff53
0093
fed2
ffdc
ff51
00d3
ff53
feff
005f
fee8
fce7
fb0e
faf1
f9f3
fecb
ff02
026e
0366
0417
0121
fff9
0095
029a
033e
05ad
05fb
01c4
ff8f
facc
fb8b
fceb
fec8
ffe3
03b7
0497
07f1
029d
01de
02ca
fe9b
fa79
f623
f9f8
fd42
00dc
0096
ff9e
ff8b
fddc
fe3d
01fe
04a7
0658
0580
0464
039d
ff76
fc70
f9ce
fa75
f944
fbc4
fb87
fc9c
fcef
0239
05f5
056f
045d
04e2
0304
fe2b
f9b9
fb04
fe23
fc88
fb23
fcc8
ff3d
0093
02ce
011b
01c7
0355
042a
0115
fc35
fb76
fc02
ff2e
048f
00a8
01c4
0363
04cb
0766
0731
04eb
030a
010d
ff32
fc41
fab4
f9c8
fac3
faa4
fb42
ff43
0255
039d
0417
0341
028e
010d
fe8d
fc13
faaf
f88e
fab7
fdff
0050
02ac
0502
0456
00e5
fd7c
fc71
fcfd
feb3
00a4
0005
ff64
ffa1
0195
0375
03f8
01fd
00db
ffc3
fca7
fd04
fd02
fe33
fed4
fd8e
fd43
fba6
fbd3
fd8a
feb9
ffa5
0051
02ef
02a1
0327
042d
0439
038a
0317
0297
00e9
0008
02e1
0403
041d
027d
00eb
02dc
03cd
0350
0171
fe45
fadc
f7ad
f567
f78a
fc9f
0036
01ba
02db
059d
05d1
06ab
0277
fefb
fd46
fac3
fa47
fc14
ffa1
ff74
fffb
00f2
00fe
01c0
0230
0099
0080
008f
ff38
fd97
fc2e
fc34
fe1d
ffbb
ffcb
fef7
fe3d
fd35
fc45
ff18
01da
0106
fedd
fe8d
0030
030c
0494
0599
0596
04cc
0447
0456
0214
fecb
fc61
fa70
fa23
fd33
fd84
fe7b
0093
0194
036a
03e7
02ac
041f
056a
0197
00cd
033d
0123
00d0
ffc0
fbee
f8a7
f663
f4fa
f66c
f8a4
fb76
fede
01d9
0297
0270
0528
074f
0140
faeb
f973
fd24
0512
0068
ff8c
056f
0817
05e8
022a
020c
0692
07c2
0163
ffeb
00d1
0190
0045
fec1
fc2a
fe01
fcde
ff73
044b
02f2
00f0
00b4
ff1f
0060
fc1b
f63e
f48d
f5c9
f9d6
ff04
04e0
09b6
0c42
0d78
0e3b
0c93
08a4
0538
01ba
fb2e
f345
edc8
ecce
f1f7
f3f5
f3b1
f8de
fe32
040a
0a80
0b34
095c
077b
04f6
ff84
fad7
f768
f936
fc52
fdf4
fed6
fff7
feb2
01c1
02dc
0235
0407
053e
08b4
0620
0360
0482
0380
0031
faa5
f6af
f675
f412
f767
ff9b
0470
058e
0798
08a2
085c
0603
03cc
0379
0351
03a5
025d
01d7
ff82
fc1f
f9f8
f83e
fa2c
fbf3
fd33
fe40
fddb
fd29
fdbf
fd6e
fabb
fb2b
fdd1
ff93
fff2
fe5c
001a
01e4
0252
0436
06ac
064a
0588
037f
0313
03a7
02b3
0095
fafe
f792
f7b8
f98f
fda0
00ba
00e9
00f4
0079
0062
013c
0195
ff88
ff5c
fe51
ffb9
012e
0173
0037
ff1f
002b
00be
0054
fe8c
005b
012f
011c
02db
01f3
0258
00af
feb8
fc1f
fa89
fa2d
fb6d
fde7
ff2e
0111
01a4
01a7
0263
036b
025d
01e5
0235
00e3
01ce
0119
ffaa
ff14
fd80
fd31
fca5
ff43
ffa9
fe3d
fe1c
ff87
01de
01e8
0116
020d
0351
048c
044e
02c9
0149
fe65
fa49
f855
fa8c
fc4b
fe80
feab
fdcd
ff17
0105
0294
0183
0064
fe12
fe5c
fedf
0067
040e
051e
0563
0202
fdc6
fe7c
fbd2
fa17
fae0
fca7
ff3f
ff87
026c
08a2
08e9
075e
055c
0384
fe42
fbfc
f884
f96a
f899
f7dd
fbf8
fca7
fe8d
016e
051e
06f1
07cd
0464
0150
fe30
fad5
fb58
fe21
fffb
0209
05ea
043d
030a
03aa
017f
fdf9
fb78
fa05
fd6a
010a
008e
01a6
00f5
ffc2
fdb6
fca6
fb2b
fb70
fd26
fe58
fd88
0020
ffeb
ff48
032c
04b0
03ac
05bf
02ef
01e5
ffcf
fee4
0099
001b
fcc6
fc7e
fe12
02ea
fe6c
fa82
ffb3
0531
02c2
033e
0359
fe5b
fead
00dc
fee1
ff7a
002d
ff3f
0020
01d7
004e
ffac
01c0
0049
0267
0319
062c
0961
0375
fb8b
f5a0
f43c
fe36
038b
fd59
f653
fab8
fed3
0195
ffd8
fb0d
ff43
0364
00a0
ff1c
ff30
02f1
0538
05d8
0366
05cc
08bf
06d7
0433
04fe
03a3
00e2
ff1f
fbc5
fa96
f983
f649
f7d4
f94e
fc62
fff3
01c5
0165
011c
027e
0276
0456
022a
0173
0411
02d6
ff08
fe21
f9ff
f82c
fa03
fb45
fe0a
0169
0531
0948
0c39
0bab
0705
0066
fd8c
fa97
f53f
f324
f176
f3fa
fabc
fd9d
ff65
fe9d
fe97
029a
066e
063a
0757
076c
093b
09d0
08ee
051b
00cc
fb4d
f63c
f649
fbf8
fae0
fd56
fba0
fb1a
01d0
03cc
067b
05bf
04ef
0615
05bf
01ed
00eb
fe7d
fd21
fa10
f759
fad0
01e8
01fc
0144
0153
00b3
0427
053e
055d
09be
012a
f57e
ef72
edb5
f05c
f723
fe3d
0cfd
1916
1605
0adc
fef4
fa90
fa09
f6ca
f538
f29e
f7dd
0103
068b
0aa1
09f0
080c
04a7
0073
fdc8
fdd4
ffd5
fef7
fd33
fbc7
fbff
fcc7
fc50
fb55
fcca
fd54
fc52
fb20
fbf8
fec9
ff96
ffa6
010d
06fd
079f
0866
0a7e
0888
08f5
03e6
00f6
ff1b
fc83
f9eb
f85e
f9bc
fd02
fc55
fd58
fea7
ff67
fdbe
fe95
00e6
00da
fcbb
fb19
fafc
fd75
fed7
006a
0126
01f0
003f
fe40
0016
00fd
0131
0342
040e
05b1
06aa
046f
01e9
013a
01cb
01b8
ffd1
fd9e
fc6f
fd73
fe49
fda9
fe40
fed3
ff31
fea4
ff5c
fff5
ffe7
ff02
fe9d
fed2
ffe5
0183
0394
00de
fe3b
fcc7
0025
03af
03a8
025c
0243
00a1
00cc
02df
02db
03b0
010e
fe21
fbff
fbd8
fe6c
fd95
fdeb
fe8e
fe14
fe1c
fca6
fece
01a3
03f0
03c2
01c3
00c4
00a9
0165
0148
fd54
fbf8
fc97
fe41
fba1
fbf9
fd3f
fdb3
fc5e
fdfd
00ab
0158
01a7
0163
0121
0260
033a
0259
0415
00f5
01d7
033e
04b8
044c
058f
04a3
03de
fe7b
0079
fcc4
f8a7
f452
f50c
fa95
fedd
ff43
0256
02d1
0109
ff5e
fdf2
fdd5
feef
ff34
fda4
ffcd
0239
ff9a
0105
0270
019b
01fb
011c
03fe
03f4
001e
fe2f
ff6c
fe6e
fc65
fee9
0144
03c2
03cc
0248
01f8
03da
0342
ffcf
ff41
fee8
fc6f
fc08
fb89
fda5
ff57
fd99
fac3
fd14
01e2
038b
0198
fd60
fb58
fa08
fca6
feef
002f
03a0
046a
06a4
0854
03ec
fe04
fc55
fde7
fd52
fd2a
fbac
fd05
fdbf
fdbd
ffc3
0152
0173
00b6
ffa2
00ee
02b7
04f7
02ff
0199
ffb1
ff7b
007d
018d
021a
0402
0367
00fc
ff39
ff20
fc43
fbf3
fce1
fe83
022c
02b7
012c
0105
029e
0375
01ce
00e6
fd8a
fd21
fef3
01d5
fde3
fda4
fdbd
f949
0607
086f
03f7
0093
f763
f599
012c
fc6b
f462
f169
f747
ff0f
060d
027b
ff41
0768
0ce1
0a6e
0452
05d9
073f
0477
024d
01e4
ffd5
ff77
fc3a
f9d2
f88f
fc4b
fd1a
fc26
fbfb
fcd9
ff77
fcae
fbac
fdc2
001d
03c5
0501
04e9
0389
0417
0482
01f7
fe87
fc35
fc29
fd7e
fe01
fd92
f6d0
f8c9
fe1c
0193
066a
066b
03fb
060f
089c
07b1
0677
0453
00f9
fe1c
fc31
faf9
f828
f791
f79f
f79e
f8be
fb5e
fc89
ff1c
ff67
0123
01e1
01b8
012c
ffd8
fdf8
fe4c
ff0f
febc
009c
01f6
0412
018c
00bd
0033
fde6
ffdf
02b1
03aa
04c0
0525
02e8
00cd
01a9
014b
ff39
fdc1
fc4b
fde7
fe7c
ff9a
fedb
0149
03d4
0505
018a
fe5c
fee6
fead
fc86
fdb0
01a0
02ee
07e8
06a0
fb7b
fa23
fa4a
f9ff
fabe
f679
f75d
f931
f97c
fb69
fbf0
0221
0261
052d
0acb
0b1e
0e74
119d
0fa9
0a89
011f
f928
f350
ee5a
f09c
f644
ff7a
050c
0682
03c1
fff6
005f
fd25
fb21
fa38
ff34
01b4
0613
081a
04e9
00eb
fcd2
f881
fa72
ff0f
01cc
0037
015d
019c
ff9e
0079
0399
059a
05eb
054d
04ed
0348
0000
fae8
fb58
fcee
fe9f
fe57
fc0e
fd28
fc36
fa0c
fad9
fa79
fbf1
013a
0438
072e
05a5
025a
0200
fecb
fce7
f98d
f776
f694
f8cc
fc0d
0055
0210
030b
0616
0791
0546
ffaa
fc17
fdab
0116
fd7e
00f6
0459
045b
fdd4
fc27
fbf4
020c
06f2
0745
06db
03fa
027e
0084
fbdf
f81c
f92b
fe0b
0276
05d7
04f9
fffe
fb42
fc20
fe62
008d
015a
01f8
01b6
00e9
ff11
fc55
fdde
feb9
ff20
0034
ff15
fe21
ff04
ffa8
0156
0362
028e
0248
feb1
fc14
fb3d
fc04
fec8
03c2
0630
06bc
0359
0260
00ee
fe33
f9c3
f4e8
f5b0
fdee
fe9b
fd43
fa28
fcc6
028c
0710
06cb
0490
03b9
07a6
04e1
00fc
feaa
feef
003e
ff09
fa5a
f825
f900
fc50
fe7b
0068
01fc
019f
0474
05d7
0534
0634
0682
0453
ff32
fb0d
f816
f7e0
fa38
fadd
fd26
025d
04a5
03df
0355
00be
ffb3
ffa6
fe8d
ff69
ffc7
0029
fcc6
fb24
facc
fd07
fe94
0321
03a7
00f5
01d0
02f3
004d
fe86
fc02
ff2d
0030
0251
067b
0ad8
07dc
fea6
f9ae
fc55
f912
f37b
f701
f198
f8d1
f81a
ff2e
0357
0866
01cc
0739
08d3
08bf
006f
04e9
fa51
fa92
011f
011c
fc5b
ff4f
0198
03a0
fcc7
fc1b
fa82
fd93
fa1f
fdfa
04da
0a0c
04ec
044c
026f
fdcc
f91c
f451
ef4e
f821
0364
0ad5
07d5
0504
009c
0123
fe2f
fda9
feb5
0299
087d
0c7f
06a0
031c
ffd8
010a
0195
faf3
f97a
fc38
ff96
00d5
0161
ff44
fb1d
fa81
fe20
009d
fff2
00e9
ffc2
fbe6
f744
f726
f8d6
fc2a
fe8c
0067
0031
0685
0855
0a3b
0a8c
0bf1
0abc
0919
038f
fe2f
f88b
f4c3
f3f1
f5ee
f807
fcb5
ffb5
04d5
04ef
019c
001b
fd96
fa9d
f6d9
f848
f987
ff38
0660
0a8b
095e
09a8
0666
038f
00a4
0079
fff3
fec9
0003
0342
ffae
ff05
ff6b
fa1f
f65d
f846
fafa
fe85
02ef
0280
0080
036f
03fa
03be
042d
038d
020d
0126
fcbb
fb39
fc47
fca1
fbe8
fdc8
ff60
ff4e
fd8a
fc7a
fadf
fae7
fcb1
ff22
042d
08e9
0951
07c6
0526
0197
ff7f
fefb
fd3c
fc10
ffe0
0195
01aa
0447
0547
ff40
fd04
f80d
f403
f6a7
fa26
fe4c
03ed
06d6
073c
0409
ff4a
fb91
f88b
f977
fa05
fcb1
0252
06a3
083e
09bd
04f3
025a
003f
fcc7
fb6d
fd1a
ffc3
014f
03cd
03d3
03a3
02a4
fec8
feff
fe2a
fd80
fe35
0025
01d3
00c4
01c7
fff3
fdab
fc2f
fe91
0272
01f4
0242
01ba
ff97
000a
00de
fe83
fe97
ff5d
ffe0
fee4
fddf
fcc6
fcad
fba8
fafd
fc24
fe72
011d
0389
03c0
0251
0047
0010
fc34
fb42
fc7e
fa8b
fc00
fc50
f4f6
f703
f9b0
fe15
08a9
0fa7
0f3a
08af
015d
ffeb
fffa
00db
ff72
0185
0402
051d
0330
00f9
fe9c
feaf
fd9c
fd1e
fc57
fb53
fb7d
f990
f716
f3ec
f7ef
fcd1
0198
0243
054e
07c0
09ab
092f
07f6
0303
ff1e
fc09
fc02
ff53
0289
0438
0600
050d
0140
fcc4
fb04
f792
f9e5
ffa8
0438
098a
0acb
05f2
fc6c
f69f
f5e9
f7be
fe46
0354
02d0
022c
fdb2
f998
f89c
f6b4
f5ea
f8cc
fd95
05a5
086e
0876
055a
017b
fef8
00ee
02bf
0232
04c6
01ed
fc5b
f9d1
fbb3
fbf3
fc50
fcfa
0267
11a8
1247
0367
fb05
fcec
0185
06e3
01d9
ffd5
ff4b
028c
fec0
f5ed
f346
eee0
f13f
ec6c
ef85
f24b
fb87
076d
1739
2325
28ca
21cf
17c5
066e
f3cb
df27
d5c4
d917
e3e2
f4d2
0814
150d
18de
160b
0bde
fd71
f722
f717
fc98
0277
075b
06cf
ff90
f982
f451
f7e4
0110
09ff
0df9
0b1d
03cf
f9d2
f438
f3d9
f8cb
febd
02d0
0031
fe56
fcbd
fbe8
fb4c
0147
05e8
04bc
02fc
0308
0073
0260
08a4
0bb4
066b
ffce
fafe
f966
fcc7
ffd1
00ee
00b9
02d9
036a
ffda
fb1c
faeb
fc7c
008e
04a7
050d
0757
0bbb
0a94
043e
023f
00f5
fbd2
f923
f51b
f1f6
f26c
f2a2
f211
f5c8
fa0f
026b
07c4
0cad
0e86
0f1b
0afa
0482
fd47
f7d6
f637
f98a
fe46
02bb
0804
07e8
05a0
0137
fa43
f9f6
fc1c
fe80
0017
03e2
0306
01fb
ff47
f94e
f81e
f943
fa1e
fd3b
02d4
059d
0690
0794
0875
0453
0116
fe30
fd31
fd31
ffd8
0073
0088
029a
00f0
ffdd
fbe9
faa0
fad5
fe2c
ff2a
fd77
fd92
00ea
ffd2
ff78
0264
03aa
03f7
0394
feb9
facc
fb48
fe94
ff29
01bc
03b0
0602
088f
0473
ff81
fc5b
fd21
fb86
f99b
fbdd
ffc7
ffd1
fe42
fdb7
fce8
feba
0231
03c0
0024
fd9e
fc8c
fc2b
fd68
fd3c
01bf
04f3
03c6
02c2
04d6
05e7
0501
01d7
ff1a
ff69
ffd8
ff3d
fd34
fc7a
fbba
fbed
ff2b
039c
069c
088b
088f
03da
ffc4
f9ff
f73b
f98d
fcef
0114
03d3
0762
09c5
0b22
0803
0252
fbda
f56e
f29d
f208
f2cc
f4cd
fb01
0173
020b
0255
002f
fe92
0096
01e6
02a1
01ba
010e
03b6
034d
0202
0139
ffc2
01c0
00cc
ff88
fdb3
007a
00bd
0273
033d
0504
06b2
0522
01d0
fe97
fc2f
f9f3
fb13
fd5f
ffe4
01ec
ff6c
fbc8
fc70
ffa5
00d5
0253
030a
02b1
0087
ffdf
fdf8
fb0f
fc5d
fc77
fd77
fc1b
fbcc
fdb4
fc57
fbe1
fff2
01b2
0423
09d4
0c8e
09dd
05f2
06d6
0583
027e
ff3b
fb65
fbbe
fbed
fc00
fd25
fcb7
fbab
fae6
fcad
fb2c
fd2d
00ac
0092
018c
061a
07f2
0666
0415
0244
ff96
fe1f
fc34
f89f
f5db
f4da
f455
f369
f614
fee9
0459
07a6
0a7a
0a11
05a1
0276
0230
0059
0265
0165
ffcd
005d
048f
0449
fd02
fa75
f760
fa0a
fd38
fe41
fdba
f9d1
0272
08ed
05f3
0359
fef0
f9b1
fbee
fe3e
ff97
04c7
0217
032d
060b
08a1
05f4
0177
fd21
fcc3
fbf7
fe75
0407
0141
fb79
fdeb
f833
f819
f9b9
fadf
fe53
01c7
04b1
097b
0d2c
095b
0623
01c0
fdf8
facc
f95a
f761
f566
fa59
fc19
faee
fe83
026f
0300
0464
06ab
064f
04d5
0240
000b
fcd6
f9ab
f820
f751
f84c
fcb9
ffb5
0485
0549
051e
06e2
09b9
09b9
0780
03ff
00a5
fdff
fa85
f977
f892
fb1e
fd01
fdfc
fec5
fe2f
fd86
ff1e
0144
056b
0500
058a
019f
feb6
fe89
fce1
fa12
fd87
00a8
053b
0528
0412
ff6d
fb7f
fa46
fb48
fd8a
fe53
fd24
0193
02ac
030c
05b6
05b6
04c8
02c6
fcd8
f58c
f2ab
f2a2
f5d8
fc1c
01cf
0378
055a
0395
0231
fefc
fe03
0083
0154
02be
012c
fff2
fd63
fbf9
fe0f
0535
0945
0b3f
0ada
0606
00fb
fc10
fa26
fb92
fe58
ff92
fe6e
fd1e
fef5
ff70
0411
03b9
00f8
fd59
fcc8
ff1c
fcca
f6f6
f7d9
fbd8
0093
035b
050c
0379
00f5
0174
01f8
0308
0508
04b2
015b
feef
ff52
011f
0005
fe0a
fbc5
fdd7
fefb
fc02
f8e7
f802
f7a9
fab4
01b8
067c
0a04
08be
0621
0462
021e
0248
02eb
0145
0087
ffdc
fcdc
fabf
f8ec
fad7
fd60
ff85
0042
fefe
fd7e
fbcd
fa7d
fb04
0091
05dc
08a2
0a88
094d
06c5
00be
fd96
fbf8
fa93
fab6
fa4a
f83e
fa68
fda2
fdb7
fd64
0058
05af
0957
0a9b
0762
0713
0860
05a5
0182
fe1d
fae3
f6e4
f4fb
f67e
f9ec
fe44
ff52
01a3
0174
0150
00b6
fef7
fd16
fd02
ff78
0337
0244
010a
ffda
ff13
0369
0623
0657
04d2
03de
02c6
013e
fc56
fb24
fc09
fcfd
fdca
000c
01ef
02df
01cb
0092
01a4
ffef
fde7
fcf7
fce5
fd07
fe19
fcf2
fe4f
002f
018a
ffc6
fcd2
fb5b
f96d
f89c
fa1b
fe44
01e6
063a
0a8c
0b47
0d9e
0db5
08ce
0163
fd12
f88f
f66d
f6c8
f768
fc13
0311
06ac
05bf
0641
058c
0482
0007
fa9e
f74a
f9d2
fb6d
fd52
fd96
fcd5
fd22
008a
01af
001a
0036
ff2e
002b
02d9
0682
083a
067f
0346
ff10
f8fd
f392
efd7
f2f2
f874
fd29
027e
051d
07b7
077b
0509
02c2
ffb7
fef7
fe41
fdd8
fdf9
017d
03af
01a6
ff81
febe
fdd1
fbba
fc0d
fde7
0170
0510
0691
07e0
0624
0351
01ad
010d
0127
fd51
fcb0
ffad
ff5e
fee2
0156
01ce
02bc
03f4
02f7
0226
fee4
fb1a
f829
f759
f530
f7c6
fd07
00a7
01bf
0415
0396
0391
02bf
0234
0019
fd56
fda7
00ea
0269
0283
0334
031e
02fb
0049
fdd0
fc6c
fc69
fcb2
fd6a
fd06
fc8c
feaa
ffb8
0190
012b
0015
0030
010d
02e8
037e
01e5
fe8c
fb6a
f9d3
f8f5
f9f7
fd9d
fed6
ffa8
027b
03cc
03ff
0191
0285
01f0
01c3
00de
0179
0022
fdee
fc60
fdc3
006f
fffe
ffef
023b
03e7
01b2
021a
02b0
0251
01b8
fe7c
faf2
f99b
fa9d
fa21
fc68
0102
0327
0627
0736
06d7
057d
04d3
02c7
fe5a
fad1
f9ed
fa47
fc53
ff6f
0279
00ba
fe9b
fd19
fd26
fcef
fe2a
02f9
0504
0240
fffe
feed
fb9d
fa40
f954
ff48
013e
0441
08ba
08d5
06c4
013a
fe5e
fd1b
faad
f9aa
fcfe
ff68
ff9a
00d1
ffa6
ff69
002b
0022
022e
0281
02cb
0454
01e2
022e
013e
026f
01f1
fc7c
fa73
f94b
fba0
012f
0334
0141
ff32
fee2
04a0
0320
fc64
fb7c
fe4f
fff3
0247
05b7
0855
0669
054f
02e0
fb81
f645
f525
f46f
f88f
fc19
fe74
036f
05f5
0289
fdbf
fbb2
fb54
fd50
018d
04ab
04a6
038e
0230
fed4
fd76
fb37
fdf1
fd1e
fd88
0162
0223
02dd
0114
ff15
fd4b
0078
00f0
02cd
0904
0cf7
072f
0374
fc3c
fe86
fe9c
fd5f
ffb1
0182
fd1a
f6ba
f1b8
f402
fe40
05ee
0971
0871
0671
0477
0741
07f1
06d6
04fc
00fb
fdb3
fbf8
f995
f917
f8c5
f653
f63e
f892
fc2a
03a8
0982
0af4
0954
034d
0068
0029
fded
fbed
fbfb
fb3d
fb04
fd9c
0030
0216
0438
03f4
0469
0371
01a7
ff48
fe04
fd77
fcdc
fd85
fe63
0086
010d
0186
fffa
ff87
fea8
fe80
0017
00a0
001e
feb5
fd95
fdbd
fec9
000b
ffb5
fed2
feff
ff8f
00fc
020c
0441
0544
03a8
0325
0169
ff6f
fe53
fcd1
fad8
fa55
fa86
fb86
ff61
024b
0386
0293
014d
033a
0079
febd
fe39
011d
03e2
03bd
0156
ff96
ff85
0095
ffe0
fde2
fce0
f969
f860
fc7b
013d
02c3
0516
07cb
0341
03ba
fd07
fd58
01af
0208
01a9
fe65
fd07
0141
033a
0285
02f6
00a5
fe75
f9ae
fbf7
fbaf
fbfc
fcd6
fd87
ff61
fec4
0030
01f4
03f5
03aa
fee5
01c4
00f5
feb8
0102
ff9f
0007
00ab
00f8
005b
fd42
f9c6
f88a
f61d
f9d9
fe5b
02c6
047e
0493
0546
0493
03bd
0360
02db
01d7
0194
00cc
019c
0277
02d0
01b8
ffdc
ff13
fd05
fbc8
fe0b
000f
0276
039c
02ee
0103
fefb
fbe9
f834
f75a
f954
f8f5
fdb6
0153
04b6
067f
078b
0403
02ce
0259
00e2
ff7b
fdb6
fc91
fc83
fd85
fd9e
ff94
01a0
0073
0063
01f4
00f8
02ec
00e7
ff26
fd5b
fad9
f606
f486
f800
fcae
ffc7
fde3
02ce
0933
0dee
0eb7
0d67
072e
03cf
0055
f96d
f9dd
0386
029a
034d
0272
0153
f92a
f77d
fa26
f47d
ee94
f0a1
f2a2
f078
f6ec
fac7
fdb0
07bb
1118
1483
1579
1261
0c27
0d4f
0b42
07fd
0637
0441
fd28
f5a7
f84d
f2b4
f024
f029
eff3
f4b8
ffdc
09b5
098c
0394
0b29
0dd4
0888
f9d9
f05f
ead0
f07d
fda2
fd1a
f277
f977
0708
0981
06b9
05e3
043a
09d4
0944
fd42
ff0c
fd40
fd28
00a3
ff2e
00be
0686
07d5
031e
01aa
f4fd
f0de
f438
f6b5
f595
f862
ffb7
093d
12f5
0c10
03c5
052e
0920
08fe
08a9
ff7a
fd22
fa8e
fbb6
fc41
fda7
fc23
fda8
037b
fcac
fdd3
03a5
ff34
0300
065e
0140
fd16
f8f1
f414
f24b
f468
fa01
fc4f
fbd0
fd6a
00c6
0206
054a
073a
05bc
098c
0786
054b
070d
0512
0223
fd5c
fa18
fc41
fcef
fde2
010d
fece
fcdc
fe53
fc2a
fcfa
ff60
0227
04b1
00e5
fd95
fbd2
fb25
fb4d
fe91
fe7d
fe51
01b9
0343
04a0
0575
0438
055a
033a
03c5
0045
fb08
fdaf
ff97
fe51
fbd4
fc9c
ff20
008f
0179
fd4e
faee
0189
05fb
03f0
01c8
ff15
ff08
016c
fec5
fc11
fb32
fec9
0277
00b3
ffc2
00ae
003c
00a0
008e
00f2
0246
01af
0264
0508
020d
ffeb
fce5
fa8e
fcf4
fcff
fd7c
00ca
02bc
05a4
0648
0403
0237
00b7
ff09
fa12
f47b
f592
f895
fb65
fe7f
fecf
01b1
062f
05d7
0531
0354
0210
0531
03ea
007e
ff67
fec3
faab
fdd3
fff3
00f1
039d
050d
01ba
fece
f9ab
f825
fb51
fc93
fd16
fcb8
feab
00f8
0095
02d0
06ec
0871
0858
05e8
031c
0288
00df
ffe7
fc0a
fa06
fb69
fbc1
fe4f
fe7b
ff5c
02bf
02b0
00e2
fe66
fd1a
ff1e
0083
001b
feec
01a3
0231
0047
00d1
fd86
fddc
ffbf
00f8
ffec
019f
03dc
0319
000b
fe6a
fbb2
fc22
fda5
fd76
fd06
fccb
fb79
f95e
f7d4
f8a3
fad8
ff4f
04c8
0825
0884
0677
040d
011d
ff31
fe40
fcda
fe5c
01ba
03b2
029b
0294
01b9
0060
ff4e
ff92
fc38
fb88
fb2b
fb9d
faa4
fb4a
00b6
017e
0158
0464
0871
055c
0d0d
1358
0be7
10ff
fcd3
f74e
f765
fa39
f583
fd84
f677
fa4f
f871
fb23
f769
f8bd
f7df
fc77
fd01
fee5
0199
027a
033b
06a6
0c66
0e5c
03a0
026c
fd81
fbc2
0092
0080
ff0a
ffda
feda
fce9
faed
fe98
039d
02b5
060a
0719
049c
0319
ffbe
feec
fed9
fe25
ff97
ffc7
fbbc
0015
fc00
fcf4
fa80
f90e
f9c1
fa6b
fb33
fdf1
0312
03ea
0147
00b7
ff90
01b2
0359
0209
0170
00ab
0525
05b6
04f0
015e
fd12
fb94
feae
0178
ff6d
fae8
fb6d
fc83
fe2e
00c4
036d
0312
02d4
0162
00e0
fea3
fd51
fe16
fafa
fbd8
fd19
029b
0921
0805
06c1
0369
ff59
fd0c
fa05
f950
f90a
f964
fe53
0005
ff76
031d
04c3
041c
04b2
02e3
006a
02b1
01a7
02ca
018c
fc9a
fc36
fbe8
f90a
f7ac
f85b
fc03
014c
04b2
03db
023b
011b
ffd8
feae
fe61
fda2
fc4b
fd2d
ff29
ff4f
ff26
00f2
ffa6
01c0
0509
042b
0343
0211
fe9c
fc7b
fc69
fe79
ff51
feba
fdc1
fe87
0031
ff4b
fe75
004a
0251
023f
036f
02b8
03a8
06b5
0332
ff59
fd6c
fa43
f9d2
fcc3
fdd8
fe06
fdbf
ffd6
008d
0076
0013
fdcc
feec
ff17
ff7e
0012
fecf
fd1a
fec8
feda
fead
fe67
fef8
02b4
04d3
04e9
0533
0426
02eb
ff81
fe09
fdde
ff3f
0098
00fb
fef8
fe92
fe58
ffdd
ff4a
012a
fd55
fcbd
ffeb
ff68
fd08
fcf4
fc02
fd13
fdf1
fec3
fe95
fd3b
fe72
015a
0343
056e
0462
038d
036a
0375
014d
02bc
0258
01ae
02c3
01eb
00cf
01ca
002b
009e
025d
0124
ffc0
ff0f
fe57
fd9c
fb51
fae4
fb8d
fa96
fad5
fb11
fc13
fc02
fbde
facc
fac5
fcbc
0031
0479
09e6
0c53
0acf
065f
02d8
01dd
fe7f
fa3f
f9ce
f9c7
fb62
fcce
fdce
0007
00fd
01ed
0288
0210
013d
fe33
fb83
fa52
fe0e
0005
0115
027d
05f4
0461
0306
0588
0583
0179
fec7
fe53
fdce
ff46
fc9f
fdc8
064d
0111
ff59
fdc8
ff7d
fdf2
fbaa
fd49
fd9c
fdcd
fe5c
0066
0132
027d
0341
0182
00e7
fe14
fee8
fe35
fe25
fe30
fed0
0099
02c2
02d4
041f
03ac
ffbf
fa3f
f8aa
f7df
fbba
ffe4
00f8
006f
0202
036f
01fb
010e
ff34
ff52
0225
0173
fddc
fd9e
00ed
0238
0178
012a
fedf
fccf
fc47
fb15
fc47
0157
05b3
0940
098d
08c9
040a
fe79
fc17
fc35
fc8f
fdea
ffcb
0132
ffca
ff70
ff1f
fd55
fb01
fbc4
fc70
ff02
0114
00be
01fc
04aa
04d9
0209
0030
ffc7
fe11
fe65
005c
042a
0666
06d4
0760
0252
fbff
fbb1
fa92
f95a
f864
f830
fc4a
ff13
00a0
ffc4
fbab
fda5
0021
036a
05a4
06ff
081e
05d4
032d
00d8
fccb
f91c
f73d
f978
fefb
0064
fff5
0079
00d0
ffcd
fcd6
fc71
ff5d
012e
03f4
01ba
061c
08fe
0325
05c2
fcda
fc9f
fec7
fac1
faa5
fb1a
fa49
fe54
03af
04f0
04a0
04b0
0198
ff5e
fdba
fd99
fbab
fe4d
ff47
fd64
fd4e
fa5c
fd25
ff53
fccb
fd75
006d
0227
05a2
05c5
0403
03c4
005f
fc82
fa6e
f9d3
fe0d
0194
03bd
0540
02f9
0174
0092
00eb
029d
02b3
00f5
0111
ff84
fdf4
ff44
ff77
fdee
fdfc
feb3
fe6d
fcad
fc32
fcf7
ff20
03cb
05f7
042a
0017
fd2d
fcc6
fe3b
fe8e
0132
02fc
02bf
013e
016a
ffef
fe90
0052
ff7d
fec7
fe4b
fce9
fbee
008f
0311
ff41
fcdc
fe1a
fefa
fefc
002f
ffcf
fe7f
fc97
fce3
fc17
fbd8
ff5d
fff3
0114
04b5
04da
0419
01e0
00e0
007f
fdee
ffc6
014d
fcdc
fbfc
fd6f
fef8
04ab
045a
045a
00a7
01c0
028f
fc4e
f943
f446
f5d5
fcbb
fe2b
013c
fe8d
fc41
0084
0433
037c
0319
06e9
097c
0caf
0bf0
0516
035f
fe7b
001e
fa17
f7e0
f7cd
faed
face
0529
0535
fefe
f853
0246
ff0f
017c
ff97
03cc
04c4
081a
0861
050f
fe5a
fe33
fe46
fd46
fd55
fd86
fe14
fbaf
fc8f
fbea
fe8e
ff9f
033a
035e
01f7
ffcf
fa9a
f995
fbc1
fd85
ff35
0448
0925
0ba4
06f1
055a
0270
01d5
00eb
fd02
f95f
f723
f44e
f3a2
f30a
f6cf
fc5b
030e
0b64
0d48
08b7
067e
0285
fe75
fd59
ff9e
fde2
fe1d
fda4
ff81
ffdd
ff44
fdb0
000c
fe78
fdb0
fb48
002f
019b
04e0
0334
02e6
0214
027b
fe8a
fb24
f9c1
fb13
ff22
0274
04a5
0604
04c4
014b
01c1
ff43
fe75
feb3
01d9
041f
02c3
ff5c
facc
f5f0
f387
f313
f477
f706
fb16
0237
07a3
0a3c
0797
0798
0893
07e8
0359
0178
fea8
0033
04a7
049a
004a
fdfd
fc4b
fc7f
ff25
ff51
fe7d
feab
ff51
feda
ffdc
ffcd
fdef
fe65
0001
046f
076d
03f0
fe7d
fab1
f8ab
f6ed
f860
fbb3
fe6e
0315
0457
0132
01a6
004e
feef
0188
02f9
0655
0951
054d
030a
fc4b
ff69
fe46
fbcc
fbe6
feb9
0126
0784
0974
0858
095f
08b0
0715
0260
fc59
fae6
fa52
f943
f8db
f5dc
f57d
f701
fa25
fb39
fbc1
fdf9
041b
041f
054a
0351
023f
0279
0162
ff25
fd2d
fe0d
0024
ff51
fe25
ff41
02ca
03ac
06db
0796
0401
01b4
fc4b
ff0c
fc36
fa12
f66d
f6ec
fa3c
fc4f
0055
fe4d
0036
04a5
0af5
0923
02fb
01c1
0864
0942
0769
050f
03f0
023c
fb11
f6a3
fa6f
fc9b
0153
0315
0588
05a8
01a3
feaa
fc47
f880
f457
f494
f44f
f5f0
fb3e
0066
06a7
09ab
0973
0bb0
0b7b
07ec
0535
029d
ff87
fbf0
f8e9
f5c4
f6b1
f663
fafa
002d
ff62
ffa3
fd68
fd6f
fdfc
fff3
00a5
0204
0252
0261
0395
0464
04b2
011f
fe9d
fe71
fefa
ff40
fbb5
fbd8
0071
02cd
030b
0251
0620
09af
0ae5
0a32
083a
0274
fd02
f5ae
f308
f4ca
f799
fd01
0132
0565
04c4
02bb
01a3
013c
0096
fdbf
fb49
fa99
fabb
fea4
01ad
0427
05f5
06aa
06b6
02be
ff40
fe1d
fb76
fb45
fcb4
fd60
fd17
fc93
fc74
fcd3
fdc9
0213
02d4
045a
040a
003a
fc8b
fc0c
fd30
00b2
0217
034c
0330
048a
0269
0247
fe61
fbfb
fad1
fc6b
feae
00f4
040c
0650
0852
05c9
0276
fe7f
fc6d
fe8a
0088
0535
088c
04ce
00cc
faa1
f603
f633
f843
f8b5
fbc9
fd82
0058
02e6
033f
02fa
04fc
0470
03af
02fa
021e
fdff
faa8
fa3f
fca2
fd5d
fe78
ff1f
0283
042b
032f
0366
0185
0079
ffd2
fded
fa9a
f879
f7f9
fa5a
fb0a
feed
fef1
ff7d
028c
03cf
05bc
0aae
077e
05b3
0243
ffe7
fe30
ff14
00d5
0255
027c
00d5
008a
fea2
0058
fee8
f829
fca5
0551
0769
04bf
00cf
fd38
fa42
f6ce
f5b9
f91b
fd82
009c
00c4
fead
fec0
00ff
0078
ff6b
0030
021a
0213
fff3
ff8b
006d
002f
fe79
ffea
0194
0208
0124
ff46
ff32
000b
ff6f
011f
001d
ff8c
02d8
056e
0694
02ea
ffa8
0022
0148
01ae
ff18
fd16
fbc4
f9b2
f786
f8af
fab0
fe01
ffec
0123
01f7
00b6
0001
01c0
03e9
05dd
063d
064a
0745
05c7
03ab
0210
fe21
fbd2
f968
fa73
fd51
fec4
fca7
fc90
fe1f
fe11
fc9c
f947
f917
fc96
fe14
fde2
ff34
021c
064a
04e8
0651
06be
099f
0981
029f
fb9c
f915
f9b5
fd17
0043
013a
04cb
04f7
044f
03cb
00f1
fe00
fec7
fffd
0238
0123
ff1b
fd24
fbac
f953
fb8b
fece
ff6c
0063
0102
00b4
000c
fe74
fdf1
01fd
00c4
ff7e
ff61
ff51
fe85
fe51
feab
fe0a
007d
01f7
01bc
010e
0031
fd55
fe25
0042
01c7
0336
0364
0287
027e
ffd6
ffca
fe9f
fd61
fe09
fcd1
fb88
0163
0336
0265
0145
0144
01e6
01f8
0073
fd8f
fbe2
fb1e
fb8e
fcf7
fde3
ff2b
0218
040d
06a1
05eb
057f
02be
0276
0422
0022
f8f5
f9b1
fb2c
fbbc
fedd
ff18
0179
026b
fdc3
f881
f93e
f968
fda2
0161
03c8
07b0
07ef
06ea
04b8
02f2
012a
0222
0153
0079
fee6
fcc6
fb4a
fa75
fcde
ff81
ffe1
0158
02ec
0230
fe2c
fc9c
fe91
00d7
01ae
023c
0357
04e5
0509
036a
0290
01b9
00cf
fe5b
fcbc
fafe
f8da
f6d0
f832
f9f6
fbf0
ff09
fffb
fff3
010b
0092
02ba
0502
07b4
08d3
08cc
0454
fec8
fab3
fa79
fba7
ff81
fe45
fd0b
fce3
fd4d
fdfc
fd93
fbdf
fb27
fb62
fcc0
ff47
fe33
0022
024e
03b0
0567
05d2
0470
03aa
03bd
0464
04f6
0495
056e
0675
0680
0500
010b
fcbb
fad2
f89c
f6ed
f830
f994
fb05
fa1a
faf9
fc0e
fe21
ff81
003e
0259
036e
04c8
05e0
04e0
04ec
05b4
054e
0270
ff51
fe56
fd37
fdb4
0015
fd8b
fafd
fac1
fc64
fd3e
fbe2
fb49
f989
fa89
fd16
fece
fee1
033a
055c
051d
05e7
05c3
0600
054e
0391
ffdd
ffca
0102
024e
0292
0438
0230
ff1e
fb75
f9e8
f8d1
f7c2
f6fa
f9b0
fc24
fe0d
ff5c
002f
02a5
0444
02ad
0049
fdee
ff6c
0205
02a2
0162
007f
010a
0198
021c
0289
02b7
0216
ffa3
feaa
fdb0
fe48
fe85
ffc9
016a
02b7
04a0
0391
020f
ff69
fd3b
fd8a
fc8c
fb9d
fd01
fe66
fd3a
fc41
fc4e
fdc8
fefc
ffd1
01d7
02dd
039d
0321
0303
025a
00e6
00c4
0051
000a
fd38
fd2f
fed3
003f
0114
ff47
ffa2
029e
029b
026c
0426
0277
fefc
fcde
fbd8
fad7
f96d
fa2c
fbe9
fd16
ff1e
01c3
02bb
01cb
ff3c
fec1
009e
013d
ffd8
ffb8
015f
03ea
03a1
0378
02eb
004d
fdff
fc5b
fa30
f822
f7eb
f8f0
fb76
fd0b
00a3
0375
05c3
08a9
09ec
088b
05a8
0288
029a
0102
fe37
fc8f
fbd2
fe56
0179
0201
01c8
014b
fe14
fda2
fb95
fa05
fa76
fa6c
fa22
fccb
fda5
fefa
0277
0636
0807
0893
05e7
02c3
019c
0055
ffa1
fd7e
fbf8
fa6f
f9fd
f9c0
f9e7
faef
fecc
0379
027b
0322
03d6
01c1
0084
0136
000a
003a
ff1f
fff7
006a
0120
01a3
044e
0621
03bb
ff36
fca7
fcb9
fbc4
fb34
fd1e
ff65
ffe4
fdef
fc5b
fdc1
ff30
0015
0092
0046
01cb
0181
02a5
035f
0126
fdc6
fcdd
fce8
fdea
ff22
015e
0193
02b5
0269
00bb
005f
ff93
0001
0115
ff76
fdee
fe90
fd9a
fd1f
fdf1
011b
04c1
054e
051a
0387
0135
fef8
ff65
fd5d
fab0
f8f1
f74a
f808
fadd
fdd0
0216
0522
087d
0ad1
068a
01d0
fd1d
fbfe
fc55
fc09
fdb6
00e6
03b0
032f
00da
014f
01e1
00a7
fe2e
fef5
007a
0020
0059
038e
0363
00b2
fe30
fc9e
fbac
fb03
f99b
f9b0
fcde
ff64
00ff
0468
074b
065c
02c2
0063
ff94
fea2
fc22
fd21
fe09
fedf
001a
ff30
fe97
ff05
00a3
fe89
fe49
ffa8
00b2
02c5
04bb
025d
fe3e
fae6
f8d7
fa33
fb28
fb44
fc5e
ff51
036f
0516
0627
0471
0513
0493
02ba
00c1
008d
0064
ffd1
ff6c
fea2
fb86
f968
f902
fac3
fe25
ffbf
016e
04ce
052a
0531
042e
0280
03a7
030c
0217
0375
01f7
005b
0182
ffd4
fd55
fd37
fc88
fb1a
fbc1
fc35
fcaa
fbf8
fba6
fbf9
fbc2
fccb
0055
0366
04da
04dc
064a
05d7
03cf
fef0
fb62
fbb1
fd01
fcb7
fcbf
fe58
fff3
001a
ffee
ff9e
fef4
fdc3
fdfd
ff82
004a
008d
0168
01a2
0246
00e7
00cf
0045
ff1b
ff97
ff17
ffdc
ffbb
fe39
006f
05ea
08b7
0a7a
0ab9
0711
00bf
fa79
f579
f407
f63e
f8fb
fb79
fe65
0054
020f
0086
0051
00fb
033d
0528
075d
03df
ff4b
0237
fd76
f92e
fb20
f675
f959
00a3
fd9a
0111
0399
0072
0394
0565
00c2
03fa
02ce
0239
056c
04f9
04b0
0115
fce0
faf6
fb12
fb79
f878
f64b
fd91
0490
06e8
05c6
06a4
0986
07e3
0135
fe2a
f8a8
f4d8
f5ed
fa60
ff27
0428
03be
02db
fdd9
fa6b
f7bb
f731
fa8e
0210
0a90
1030
0ec9
0764
fe51
f7d9
f483
f6c3
fd30
02af
0470
01fe
fb28
f7d6
fa76
fda4
ff9f
0546
0b8f
0b0c
0694
0114
f9bd
fa59
fc59
006e
03d0
036f
0120
fd1e
faa5
fa42
fc39
ff36
ff6c
ff2d
feb8
feaf
01d9
0248
028e
02df
0270
016e
00ae
0126
ff81
ff32
ffe5
0221
0234
000a
fe32
fdc9
fbc7
fbdd
fc03
fe39
ffd9
0166
015b
006d
00b6
0100
0315
03cb
0445
0526
059e
03b2
01a2
fd5c
fa1a
f73d
f9ad
fd1a
fee2
ffb7
fc73
fb7c
f9dc
f895
f9e8
fb96
fe72
01ca
056c
0636
0613
06ee
0595
0770
0804
05e7
0246
fd2d
fc2b
fa58
f790
f6dd
f7f9
f9d6
fd7c
00e6
02cd
04e4
0378
02f6
01d2
ff1c
fdc2
fe1a
fe58
0110
021e
00d0
ff77
feda
fc73
fa6f
faf2
fd92
0131
04ce
06a4
0675
05be
0411
0124
ff0c
fecb
feff
febd
fd73
fd7e
fdaf
fda0
fe51
fedb
0088
023b
032d
03fe
0333
021f
006f
fdd4
fcd5
fb37
fc1f
fe69
fe74
ff38
ffb5
fcfe
fb6e
fa46
fa42
fb9b
ff0a
02ac
04dd
06e1
0826
07ad
065b
03f8
01a9
004a
ff92
fef0
fd7d
fd64
feda
fe32
fcee
fb2b
fac3
fc60
fc38
fdd9
000f
0019
ff1c
ff1f
ffca
00c6
025a
0372
029d
009c
fedf
fe95
fe89
fe95
fe09
fc35
fd86
0025
00d8
01ce
0317
02ef
0391
0491
0551
02d9
0173
ffe8
fee5
fe58
fd68
fc52
fc15
fabc
fc34
0047
0147
0183
0068
ff46
fe04
fdaf
fc50
fde0
ffc7
038e
027d
0120
021e
0300
0288
011b
feb9
fdea
fce0
fbd7
fd64
ff70
ff55
fee9
0008
007c
01b2
0191
ff38
fdf8
fe00
fef1
fe39
fd6b
fed9
0066
00ee
ffd4
ff22
fdd3
fd19
fe5b
ffa5
0145
00db
00cf
00f0
00d7
013c
021f
0263
03a3
04ae
0521
022a
00f5
00c4
0028
ff88
fe2f
fde9
fd7a
fcf3
fd43
009d
01ba
0080
0043
01e2
01d2
01cb
037b
030e
0564
054b
02aa
017b
fecb
fd24
fa88
f89c
f722
f6e2
fa33
ff1f
030a
03e9
0353
0280
011b
ffae
ff30
ffc9
fedd
ff6c
ff09
fe20
fe6c
ff4f
0045
0171
0191
018e
ffcb
fd19
fb76
fb28
fb65
fe3b
01aa
03a3
02bc
0136
0137
feef
fccd
fc47
fcb4
fe32
ffe8
0106
015b
0272
0334
0386
0419
030b
ffce
feb1
fc3a
fb86
fd06
fec3
ff48
0019
ffb7
005d
fffb
ff98
ff84
00ab
01cf
0197
02f2
03f8
027e
0047
0000
fffb
ff8d
ff15
fe98
fe90
fefc
fea7
fdd0
fe95
fe53
fce0
fc8c
fded
00f8
02c0
02f2
0346
03b0
01b8
0005
fdbd
fae0
f8a8
fa0d
fd93
ff1c
0024
02d1
05a5
08a0
0a40
077e
04ca
02eb
fece
fbb2
fb4d
f95d
fadd
0000
03ab
ff88
00d1
ff02
fddb
ff1a
fc86
f9aa
ff9e
005c
ffa8
ffa1
ff6c
0116
00c4
000e
0010
fef7
fe5f
feb3
fedb
ff68
01a0
04ab
0793
088a
04cf
009d
fe19
fa81
f560
f461
f5f6
f917
fcb9
fee6
0182
0454
0584
0616
04e4
022a
00cf
0137
ffd1
0030
0200
0242
021b
0042
fd5d
fbee
f9dd
fcfd
030e
01ca
0102
01bd
0495
062b
02f2
004c
ff90
fdff
feea
0317
0112
fd40
fdc9
fc43
fcc7
fec1
fed6
01a3
00f8
0071
ffe1
001e
ff7e
001d
01c3
0045
fdd5
faaf
f8ff
fa99
0060
fb33
0436
fbbe
04fe
03cb
09ec
057a
02b7
01c1
0050
fabf
f710
f6fc
fac6
ffec
040d
03cf
0423
0191
ff68
0021
00e0
00b6
0161
026c
01d7
0007
fde6
fa29
fa68
00ed
035b
05a9
0559
033e
02a1
fb78
f9a5
fbe5
0142
05dd
03cf
0071
fdc5
fad1
fafa
faa0
f936
fd08
fefe
fe3e
fe18
ff2a
0243
050f
06d6
06a3
0619
0258
ff57
fc1b
f959
f8a8
fc09
fe00
ff53
ff7a
ff72
ff6b
013d
024e
02f6
04c0
02fb
0229
01ba
00de
ff4a
fec9
011d
0141
00be
01eb
0083
00e0
ffd4
fef7
0170
0359
0054
fe53
fcfa
fc65
fd60
fd49
fda8
fd8a
fe09
004c
01d0
0223
033e
035e
018d
006a
ff72
009a
035c
02e3
01e8
0012
fd5c
fbae
fc71
fd30
ff3c
0020
fef4
fdcc
fe7d
ff59
ffcb
009c
0119
0330
0412
0358
019c
0255
011f
0105
0030
fed7
fcca
fa7e
f9f7
fbcc
fdf4
0020
0045
00ee
0063
ff00
fff5
0181
0217
02d4
0312
0297
02ec
01fd
00a7
00e5
ff98
fefa
ffb5
fda1
fe14
fc24
fc09
fe1d
ffb7
00b3
01ef
04a7
04d5
045a
0362
0346
02d4
0137
0046
0111
0115
0008
fe06
fbde
f8ec
f61d
f4dc
f5a5
fb0b
0080
056f
07c8
081a
06b3
0412
0015
fca7
fc41
fd88
00e5
0406
03cc
00ff
fdb2
fc0a
faa4
fca1
feed
0103
0199
0206
0433
028f
0127
00b7
ff82
fde6
00c5
02b4
0149
003c
ff2a
fc55
fdfc
0137
0115
031c
02bf
0149
febc
fdb2
fa6e
fe45
ffc0
fe04
0063
01f0
0209
05d2
0526
039c
0655
052d
0020
fcca
faf5
fa72
fcc8
fc1f
fca2
ff23
fe0f
ffa5
0092
ff61
ffdf
fd02
fd93
fe3a
fc9a
fec0
ffd1
0079
05b6
09bd
0bb9
0a41
092f
04a9
0157
fd95
fbdb
fc39
fbd3
fc08
fb8e
fab4
fb0e
fb0d
fa2a
fc22
fe1d
ffd4
0287
0355
0311
02ff
018c
0308
037e
029e
0194
0038
feae
fe41
fee6
fe06
fec5
ffc4
0092
0288
0255
0049
fe7c
fc3a
fab6
fb16
fcfd
fe77
0235
02ba
0156
01ef
02e3
019c
01ab
033e
035f
006b
fc78
fce3
fd66
fc2a
fdc3
ffd4
0221
036d
0360
0443
0191
fdbf
fbc2
fd61
fe3d
ff61
ff25
00cf
0112
0121
00ba
ffc2
ff00
fedd
ff0c
fe91
fe37
fe44
ff4f
ff61
028b
0328
018c
ffda
fe86
fd71
fd2a
fd9c
00ca
02dd
040a
0525
04b2
029d
0299
006f
00ac
023f
03f4
0538
04fd
01c5
fd55
f895
f81a
fa8b
fc6d
ff84
006a
0116
0059
ffdd
fe19
fce0
fd05
ffa8
00c8
00f6
0092
00b2
fff2
fda2
fb03
f9d2
fc39
ff70
fe2a
ffb0
0092
0316
02c0
0095
0037
fed7
feba
0003
016e
0263
0312
0253
ff1b
03c8
ff1a
01bc
0197
034a
01eb
0239
003c
01b6
fd3e
fff3
0383
0405
04c4
0419
0177
00dc
008e
0123
fd91
fd81
fc2e
f9c1
f8f2
fb70
fc32
fd5d
ff0d
fee8
fef7
003c
00e5
ff70
fde4
00e0
01fd
0450
043c
0037
fd4d
fc74
fd56
002f
0068
0194
0234
041d
02a2
0181
01e1
02a2
0186
0171
0092
fd76
fe23
ff36
fe0d
ffd4
fd92
fe3b
fffd
ffca
fe97
fefe
fe4f
fe0b
fe83
fc35
fb83
fe19
ff40
ffb5
0284
0468
0509
03f8
00a8
fe92
020d
0486
fdfd
fffb
00b4
0169
fa40
fc31
07b2
08c9
fd79
08bd
06e1
0485
060e
fcff
fa02
f407
ed7a
f27a
f0dd
f5fb
febe
08ee
124e
169a
11f4
07e7
fc55
f52d
f348
f2e6
f62e
f83a
fe04
01fd
0290
0403
0281
00b7
022c
01f7
0247
059a
064f
04c0
056e
04dd
0147
ff1b
ff27
fd25
f631
f5de
f50b
fb03
fa09
ffd2
ffd1
04ec
0646
0813
05bf
0713
041d
02cd
0190
0261
00ac
fda9
f713
f727
fac7
fd96
ff41
0575
080e
082f
0222
fe07
fbab
fa6c
fc38
ff09
ff00
00f8
018c
01a0
04b1
086e
009e
f92d
feb3
fa3b
0121
0453
fdc9
fba1
fe6e
fe77
0475
0720
06f8
063b
03e6
ff32
fe86
fde2
fd50
ff20
029d
0256
00da
fce3
f9ae
f637
f563
f578
f8c1
fb5c
ff84
0182
03cd
0475
0517
067e
0564
0227
016c
007f
ff7e
fe98
fadd
fa9d
fc81
febe
00e3
0201
02d5
0253
ff20
fd56
fe49
0109
02a8
0319
045b
040a
032b
0320
008b
feec
fe92
fd52
ff85
ffb7
fee4
ff85
ff27
fd92
fe1f
fdc5
fcf9
fdef
00bb
0031
0175
031c
037b
047a
05e6
04f4
038d
01e4
0098
fe21
fd33
fe58
fe0f
fca2
fbbc
fac7
fc52
fdd3
fd5b
fdcd
0000
018a
008d
0119
012b
018c
0258
0237
01c7
0325
0403
0378
0461
03f7
00f0
feba
fc85
fbc4
fce5
fe41
ff20
fda8
fc1f
fcbb
fe1a
00b6
03fb
03e1
00da
0019
ff0f
fe15
006a
028b
0137
0145
fd17
fb54
fabb
fdad
0191
02d4
03e5
05a0
04ec
0152
0165
ff0a
00e3
ff2b
0034
fd60
fd4d
fd37
fd31
fb67
fa60
fcb1
0158
038d
0357
0091
002c
fecb
fe80
fe9b
ffac
0252
063a
0525
0292
019f
010e
ffb3
fe82
ffea
ffef
fdc1
fdc1
fddb
fb3b
f908
fc77
fbe8
fd34
ff9a
00b2
0047
016c
028b
06aa
037c
0362
ff20
00d3
00b4
01d6
0016
0319
02ba
037c
00f8
fe40
fdc8
ff72
0092
ff34
fd0e
fbaf
fb4d
fbc0
fa58
f9e5
fe83
03cc
0645
07c2
0897
0766
03af
0116
0000
fe25
fd02
fddf
0026
002b
ff77
fdbf
fe03
fc34
fb91
fb53
f9d6
fcaa
fff6
021b
ff11
ff62
012a
00cc
fffd
006a
02e7
02be
021c
02e1
02d9
01a6
0181
016e
ff23
fe0a
0013
00d5
00f2
ff92
fea0
fc83
fc73
fcc8
fbb5
fcc4
ff65
ff30
ffa5
0005
0449
050d
0642
0563
06e9
0173
01dd
ffbe
017b
fed6
fef8
fb7b
fc1b
faf6
fb7d
fbcb
fdb7
ff3b
0019
007d
ffca
ff08
ff5d
ffae
ffb7
00ed
03df
0500
05ee
0449
0303
0170
0021
fdd0
fa65
f9b1
f9ef
faf6
fdb6
00f0
03af
042e
059d
05ad
03ac
ff8d
fc0e
fb45
f9bc
fae3
fdad
fe49
fede
0227
04bd
0528
0670
0581
02bb
fe18
faf5
fb74
fc4f
fb80
fcdd
fdd0
fef8
0082
0000
fe9d
fcb1
fc13
fab3
fdc5
0064
01a7
01d7
028e
013c
027e
03a4
022c
014f
005d
00dc
fe7b
fe14
fbbe
f9f7
f97b
fa29
fa93
fb3a
ff43
01b2
04b4
0694
05e4
0512
0551
03b2
027e
fe4f
fbb6
fa44
fb63
fdf2
00b3
02ad
0239
00db
014f
0376
0306
008e
fc06
f9f0
faed
fc5b
fd79
fd10
fbd7
fdee
01b1
04fa
056f
03ae
00b9
ffe8
fe6c
fec5
0020
00b3
0162
0191
00eb
0163
0033
fd79
fe65
0034
fcfb
fc7b
fb50
fb08
fd30
fe98
00d7
023b
01b8
0243
028b
0227
0272
013c
00c5
02fa
0333
00c9
ff43
0000
fffb
005f
fd43
f8c2
f9a7
faf3
fdb4
fe72
007e
0351
01e4
00ab
0093
005c
0244
01cb
02ec
007d
006b
ff10
ffee
ff1f
0015
00b4
fe18
007c
ff55
fe36
fb28
fbbc
f936
fd25
fef0
00bf
0337
041c
0273
0071
ffc9
0205
02e6
047f
0653
03e5
0043
fce0
fa89
fc82
fdf4
ff39
023d
03fe
071f
0575
00f4
038b
ffdd
fcd3
f7a8
f6d7
fd5c
fe2c
019f
ffda
ff76
fe9b
fe04
ffa6
0449
0585
0633
04c4
0405
01a0
fd8b
faa4
fa25
f997
fa9e
fbe5
fbe3
fcd9
ff53
051d
05e0
04ec
0444
04bb
000f
fb50
f9b5
fd40
fd79
fbd8
fb20
fef3
ff7d
024f
01f0
0133
027d
043d
02e0
fe0a
fb5c
fbbe
fcff
0317
02e3
0060
02fc
042e
05e6
085c
0558
0436
01b5
002d
fd76
fb42
f9ef
fa58
fac6
faa8
fd59
012f
034a
03f0
03cc
02bb
01d9
ffd4
fcc8
fb8e
f904
f98d
fc5b
ffd8
0107
04b5
04b1
02ca
fe9f
fcae
fc7b
fe0d
ffc6
00c4
ff48
ffb3
003b
031a
03c8
032c
00e7
00c1
fda7
fca2
fd34
fd3e
ff41
fda2
fdd0
fc0e
fbae
fc9b
fe5a
ff5a
ffbb
01fe
02f1
02c0
03b5
047f
03ac
0374
029a
021c
ffb5
01a6
03c9
0443
035e
0140
01da
038e
03c4
025e
ffc4
fc20
f943
f5c2
f653
fa38
ff0d
0158
01e9
04ed
0595
06b3
04a3
0017
fe01
fbdb
fa2a
face
fe8c
ffa5
ffa6
007f
0124
0123
026b
0148
0055
00ab
fffe
fe1d
fce9
fbc2
fd43
ff2b
fff3
ff52
fe98
fdbb
fc4e
fd99
00f1
01db
ffac
fe5a
ff65
01b4
0435
051b
05df
04fc
046d
0477
0345
003e
fd49
fb3d
f9c4
fbff
fd97
fdcd
ffbf
0133
0274
0422
031c
0319
0570
0386
0049
026e
027e
0067
00c5
fdb7
f9eb
f71b
f5c1
f506
f7e4
fa14
fd5b
00f4
0247
0290
0380
070d
04b0
fd04
f998
fa58
02bf
0353
fe8a
02df
079b
0750
0395
01a6
0441
0845
04ad
ff78
0047
01d7
0067
fff3
fca9
fd3e
fd97
fd52
0303
03df
01a7
00cd
ff93
ffe7
fedd
f838
f510
f4a5
f80b
fcdc
0217
081f
0b55
0ce7
0e32
0d9a
0a67
0680
03a5
fe28
f6c0
efa1
ec56
ef8d
f3da
f372
f615
fc35
0126
0843
0b7f
0a41
0830
0655
021f
fc94
f880
f801
faca
fddf
fdfc
ffea
ff0d
0008
02f9
0269
030b
049e
076f
07e4
03fb
03e7
0469
01b6
fd64
f785
f6e5
f4e3
f4fe
fc09
0324
0509
06c4
0850
08b3
074e
046d
0396
033d
03af
02e0
022a
00ab
fda2
fab3
f8cb
f906
fb2f
fcd5
fdc6
fe3e
fd73
fd3f
fe07
fbe1
fa4a
fccb
fef8
fffe
fef4
ff0c
0147
0243
02f9
05f7
06ae
05d1
0490
02cb
03af
0316
01ed
fd95
f866
f782
f869
fbcc
ffcb
00e3
0139
0064
008f
00ab
01a3
00a1
ff06
ff11
fe99
00d0
017f
00d3
ff5d
ffb1
0083
00cf
ff08
ff55
0128
00f1
0225
0288
0205
01c7
ff55
fd6b
faee
fa39
fa9a
fd04
fe92
0051
0197
01a3
01e4
0330
02f1
01e2
023d
0165
0144
01ba
0033
ff39
fe65
fd1a
fcc0
fe01
ffd8
fee5
fdee
fea6
0120
0218
0158
0178
02d0
040c
04b6
0364
01f8
ffee
fbf7
f8b5
f948
fbcc
fd4b
ff60
fd73
fed4
ffb9
0293
01ad
015a
febe
fe03
fec9
ff59
0288
051a
0516
047d
fe92
fe6d
fd33
fa7b
fa56
fbba
fe77
ff47
00bb
05fb
09c7
07c8
064f
04a3
0046
fd13
f9b2
f8ae
f980
f76f
fa3b
fcb9
fd50
0043
0379
0670
07bc
064d
023d
fff6
fbbe
fad4
fcb9
ff8c
00b0
04ab
0573
031e
038a
02aa
ffad
fc17
fa82
fb63
ffe7
011c
00f5
0186
005b
fe7f
fd34
fbaa
fb1e
fc41
fe2a
fdd1
feab
00a9
ff35
00e0
0521
037e
0517
04a6
01b1
0174
fe5e
0031
008f
fe69
fbdb
fd3f
00cf
0214
fa4d
fd29
0363
0485
022d
0462
0029
fdf1
0055
ffc0
feef
0013
ffaa
ff64
0168
0131
ff9a
00f5
0110
0111
032d
0443
08d4
06d4
fed3
f7ac
f3f4
f8be
0321
00f2
f809
f859
fd30
00c8
0156
fc8c
fcbf
01fa
02df
fec8
fefb
015e
0431
0634
045b
042e
07c8
0880
04bd
0473
04f2
0185
0054
fd24
fab0
fa6a
f77f
f6a2
f8dc
fac3
fe71
016c
01ad
00e9
0230
022a
03c9
0375
011c
0301
040d
0076
fe75
fc2b
f824
f943
fab0
fcb4
fff2
0375
078f
0b3b
0c7e
095b
034a
fe32
fc64
f760
f387
f271
f1bd
f811
fcfd
fe71
ff97
fdd9
0080
0595
0616
070e
076b
081d
09fa
0998
06c5
02ee
fd92
f85b
f4eb
fa12
fbaa
fbcb
fd5f
f9e2
ff43
0320
055c
069f
04c8
05a6
0686
0337
0185
ff53
fdd4
fbae
f805
f858
ff4c
02c0
0118
01c0
004e
0293
055c
04aa
0861
06ab
f95b
f231
ed75
ee9b
f48d
f9ed
068a
1526
1937
0fca
041c
fadc
fae7
f7fc
f618
f32c
f49e
fd50
046f
094b
0ab8
08d8
0660
0235
fe90
fd85
ff0c
ffb5
fde2
fc5a
fb78
fcc2
fc8f
fb99
fc07
fd68
fcc2
fbab
fb27
fd77
ffc6
ff5e
0001
0477
07f0
07cf
09c5
09a3
08a7
06c2
01ab
fffb
fdb3
fb12
f851
f931
fb74
fd28
fc71
fe5a
ff14
fed4
fd75
002f
0173
fe5b
fbc1
fa9d
fc48
fe89
ff97
00e2
01b8
016a
fe77
ff62
009e
0115
0264
039c
051b
0649
05e7
02ad
0163
0165
021a
00b4
fe8d
fcac
fcd8
fe2e
fdea
fdd1
febe
fefa
feff
fed6
ffcd
0000
ff7d
fe9c
feb3
ff5c
009e
031d
025a
ff3b
fd09
fe2a
029e
040a
02ca
0242
01a6
0003
0259
02ce
0374
02aa
ff15
fcf9
fb51
fd9d
fe18
fd85
fe90
fdf1
fecb
fc47
fe79
ffc4
0384
0423
0287
0105
00b2
00da
020c
fefc
fc20
fc2a
fdcc
fcdc
fb83
fc82
fe2a
fc9b
fcf0
ffd1
00ff
01d2
0144
017c
014f
0392
0227
03c8
0267
00cf
0307
03c1
04f9
0491
0549
04f4
ffe5
ffb9
ff1b
f9e0
f661
f3d7
f7c6
fdff
fe8e
013c
02e4
0205
fff3
feaa
fd71
fead
fef7
feb1
fdc8
0260
005d
fff3
024e
01e1
01eb
0185
0222
0521
0178
fecb
fe9b
ff84
fc8b
fddf
000f
02f3
0414
02fc
01b2
0325
03e6
0150
ff1b
ff3f
fdad
fbe3
fbbd
fc7a
fea7
ff0c
fb6d
fb95
ffb8
03b3
0276
ff85
fb9d
fab4
fac3
fea3
ff3d
0256
0427
058e
07e4
069b
003a
fc50
fd59
fdb7
fd2d
fc7b
fbd3
fdf9
fd6f
feba
00f5
0161
0150
ffb9
005f
01aa
0479
03fa
0238
006a
ff5d
fff0
014b
0182
038e
03a3
0281
ff74
ff6f
fd91
fbba
fc59
fdc1
0062
032d
01c8
00ba
01fb
0363
0273
018c
fee9
fcf7
fd9c
0182
ff73
fd86
fdc9
fb4a
fdb2
0bd7
03f1
0379
fb4d
f3f5
fc65
0115
f677
f260
f383
fbe9
03da
055a
ff18
0366
0b43
0cd9
05e0
04ef
06e2
064c
028f
0267
0087
ffe8
fd8c
fb05
f846
fae3
fcf9
fce7
fb5a
fcf9
fe00
fed3
fb39
fcc0
fee9
0267
0489
057a
03e1
0399
04dc
02fb
003b
fcce
fbe5
fd2f
fd6c
fec9
f969
f6e9
fc13
fff5
0497
0713
04b4
04b4
07e9
0821
0756
0508
02dd
feda
fd2d
fb62
f982
f776
f7ac
f7a2
f7d0
faa5
fbd2
fe0e
ff96
000a
01d6
01de
016a
007a
fed4
fda0
ff3b
fe6d
ffe3
014b
0358
02f3
00c9
00a7
feba
fec7
0154
03d4
03b9
0590
0410
0147
0142
01c4
0019
fe65
fcad
fd1a
fe40
ff53
fef4
003c
0285
0533
0358
ff22
fe9f
feff
fd67
fcc2
ffd8
029f
053f
08ed
0045
f938
fad9
f9b0
fabf
f88c
f63d
f884
f971
fa95
fb46
ff8b
02d8
030b
08fb
0af1
0ca0
10d7
10d9
0d8e
0521
fc4c
f5bd
eff3
ef2d
f30c
fbcd
031a
066d
056a
0123
0026
fec8
fbe6
f9f6
fcd1
00df
03e3
0813
067b
02c0
fe9b
fa02
f8cd
fd1e
0128
0114
006b
021c
003e
ffc2
023d
04c8
063a
0549
0573
03e2
01fd
fc9c
fab4
fc5e
fdc5
ff18
fca9
fc81
fd1a
fac7
fa39
fb08
fa6a
ff3b
02f2
05eb
0779
02a6
02ef
ffc6
fe01
fadd
f85c
f684
f7bb
fa55
feb6
0197
0280
049a
0744
06ed
021b
fd07
fc6b
0029
ff61
fe2c
03bd
04e9
00ba
fc98
fb01
ff90
04f4
07c0
073c
050f
033d
015a
fe5b
f93a
f7e6
fc2f
0010
055a
054f
0320
fc3c
fba8
fcf3
006d
0031
026b
018a
0170
000b
fd5c
fc8f
ff17
fe2f
0059
ff8c
fe4c
fec7
ff2a
0086
02c0
0312
0260
00be
fcae
fb60
fbac
fcfe
01f3
052d
0739
04a5
02c6
015b
ffd5
fb9f
f6fe
f43d
fa56
ff74
fdc2
fb53
fae3
0000
0590
076d
05a2
035f
0624
06db
025e
ff7f
fe70
ffbb
0043
fc32
f8dc
f81c
faf3
fd96
ffbf
0145
01e2
02c0
05ea
0534
05c3
0694
05ab
0170
fce3
f8df
f7c6
f90b
fae7
fb87
0034
0449
041f
03e2
01b4
001b
ff87
ff2b
fec3
ff88
008f
fe37
fb92
fad0
fbbd
fe16
00b9
0489
01c7
0110
02dc
01a3
ff73
fc6b
fde4
ffb9
0150
0441
0998
0a27
02ce
fab8
faba
fc0d
f488
f566
f526
f303
faaf
f9fb
02b8
06db
0533
02fc
09b1
0983
02aa
03dc
ff4a
f833
ff70
0133
ff47
fbf9
0185
0351
ff92
fc9c
fa6b
fcaa
fbd7
fb5f
00e9
0a39
0619
04fc
0366
0004
fb01
f6ae
f042
f323
fed6
0000
0000
0000
0000
0000
0000
0000
0000
0000
0000
0000
0000
0000
0000
0000
0000
0000
0000
0000
0000
0000
0000
0000
0000
0000
0000
0000
0000
0000
0000
0000
0000
0000
0000
0000
0000
0000
0000
0000
0000
0000
0000
0000
0000
0000
0000
0000
0000
0000
0000
0000
0000
0000
0000
0000
0000
0000
0000
0000
0000
0000
0000
0000
0000
0000
0000
0000
0000
0000
0000
0000
0000
0000
0000
0000
0000
0000
0000
0000
0000
0000
0000
0000
0000
0000
0000
0000
0000
0000
0000
0000
0000
0000
0000
0000
0000
0000
0000
0000
0000
0000
0000
0000
0000
0000
0000
0000
0000
0000
0000
0000
0000
0000
0000
0000
0000
0000
0000
0000
0000
0000
0000
0000
0000
0000
0000
0000
0000
0000
0000
0000
0000
0000
0000
0000
0000
0000
0000
0000
0000
0000
0000
0000
0000
0000
0000
0000
0000
0000
0000
0000
0000
0000
0000
0000
0000
0000
0000
0000
0000
0000
0000
0000
0000
0000
0000
0000
0000
0000
0000
0000
0000
0000
0000
0000
0000
0000
0000
0000
0000
0000
0000
0000
0000
0000
0000
0000
0000
0000
0000
0000
0000
0000
0000
0000
0000
0000
0000
0000
0000
0000
0000
0000
0000
0000
0000
0000
0000
0000
0000
0000
0000
0000
0000
0000
0000
0000
0000
0000
0000
0000
0000
0000
0000
0000
0000
0000
0000
0000
0000
0000
0000
0000
0000
0000
0000
0000
0000
0000
0000
0000
0000
0000
0000
0000
0000
0000
0000
0000
0000
0000
0000
0000
0000
0000
0000
0000
0000
0000
0000
0000
0000
0000
0000
0000
0000
0000
0000
0000
0000
0000
0000
0000
0000
0000
0000
0000
0000
0000
0000
0000
0000
0000
0000
0000
0000
0000
0000
0000
0000
0000
0000
0000
0000
0000
0000
0000
0000
0000
0000
0000
0000
0000
0000
0000
0000
0000
0000
0000
0000
0000
0000
0000
0000
0000
0000
0000
0000
0000
0000
0000
0000
0000
0000
0000
0000
0000
0000
0000
0000
0000
0000
0000
0000
0000
0000
0000
0000
0000
0000
0000
0000
0000
0000
0000
0000
0000
0000
0000
0000
0000
0000
0000
0000
0000
0000
0000
0000
0000
0000
0000
0000
0000
0000
0000
0000
0000
0000
0000
0000
0000
0000
0000
0000
0000
0000
0000
0000
0000
0000
0000
0000
0000
0000
0000
0000
0000
0000
0000
0000
0000
0000
0000
0000
0000
0000
0000
0000
0000
0000
0000
0000
0000
0000
0000
0000
0000
0000
0000
0000
0000
0000
0000
0000
0000
0000
0000
0000
0000
0000
0000
0000
0000
0000
0000
0000
0000
0000
0000
0000
0000
0000
0000
0000
0000
0000
0000
0000
0000
0000
0000
0000
0000
0000
0000
0000
0000
0000
0000
0000
0000
0000
0000
0000
0000
0000
0000
0000
0000
0000
0000
0000
0000
0000
0000
0000
0000
0000
0000
0000
0000
0000
0000
0000
0000
0000
0000
0000
0000
0000
0000
0000
0000
0000
0000
0000
0000
0000
0000
0000
0000
0000
0000
0000
0000
0000
0000
0000
0000
0000
0000
0000
0000
0000
0000
0000
0000
0000
0000
0000
0000
0000
0000
0000
0000
0000
0000
0000
0000
0000
0000
0000
0000
0000
0000
0000
0000
0000
0000
0000
0000
0000
0000
0000
0000
0000
0000
0000
0000
0000
0000
0000
0000
0000
0000
0000
0000
0000
0000
0000
0000
0000
0000
0000
0000
0000
0000
0000
0000
0000
0000
0000
0000
0000
0000
0000
0000
0000
0000
0000
0000
0000
0000
0000
0000
0000
0000
0000
0000
0000
0000
0000
0000
0000
0000
0000
0000
0000
0000
0000
0000
0000
0000
0000
0000
0000
0000
0000
0000
0000
0000
0000
0000
0000
0000
0000
0000
0000
0000
0000
0000
0000
0000
0000
0000
0000
0000
0000
0000
0000
0000
0000
0000
0000
0000
0000
0000
0000
0000
0000
0000
0000
0000
0000
0000
0000
0000
0000
0000
0000
0000
0000
0000
0000
0000
0000
0000
0000
0000
0000
0000
0000
0000
0000
0000
0000
0000
0000
0000
0000
0000
0000
0000
0000
0000
0000
0000
0000
0000
0000
0000
0000
0000
0000
0000
0000
0000
0000
0000
0000
0000
0000
0000
0000
0000
0000
0000
0000
0000
0000
0000
0000
0000
0000
0000
0000
0000
0000
0000
0000
0000
0000
0000
0000
0000
0000
0000
0000
0000
0000
0000
0000
0000
0000
0000
0000
0000
0000
0000
0000
0000
0000
0000
0000
0000
0000
0000
0000
0000
0000
0000
0000
0000
0000
0000
0000
0000
0000
0000
0000
0000
0000
0000
0000
0000
0000
0000
0000
0000
0000
0000
0000
0000
0000
0000
0000
0000
0000
0000
0000
0000
0000
0000
0000
0000
0000
0000
0000
0000
0000
0000
0000
0000
0000
0000
0000
0000
0000
0000
0000
0000
0000
0000
0000
0000
0000
0000
0000
0000
0000
0000
0000
0000
0000
0000
0000
0000
0000
0000
0000
0000
0000
0000
0000
0000
0000
0000
0000
0000
0000
0000
0000
0000
0000
0000
0000
0000
0000
0000
0000
0000
0000
0000
0000
0000
0000
0000
0000
0000
0000
0000
0000
0000
0000
0000
0000
0000
0000
0000
0000
0000
0000
0000
0000
0000
0000
0000
0000
0000
0000
0000
0000
0000
0000
0000
0000
0000
0000
0000
0000
0000
0000
0000
0000
0000
0000
0000
0000
0000
0000
0000
0000
0000
0000
0000
0000
0000
0000
0000
0000
0000
0000
0000
0000
0000
0000
0000
0000
0000
0000
0000
0000
0000
0000
0000
0000
0000
0000
0000
0000
0000
0000
0000
0000
0000
0000
0000
0000
0000
0000
0000
0000
0000
0000
0000
0000
0000
0000
0000
0000
0000
0000
0000
0000
0000
0000
0000
0000
0000
0000
0000
0000
0000
0000
0000
0000
0000
0000
0000
0000
0000
0000
0000
0000
0000
0000
0000
0000
0000
0000
0000
0000
0000
0000
0000
0000
0000
0000
0000
0000
0000
0000
0000
0000
0000
0000
0000
0000
0000
0000
0000
0000
0000
0000
0000
0000
0000
0000
0000
0000
0000
0000
0000
0000
0000
0000
0000
0000
0000
0000
0000
0000
0000
0000
0000
0000
0000
0000
0000
0000
0000
0000
0000
0000
0000
0000
0000
0000
0000
0000
0000
0000
0000
0000
0000
0000
0000
0000
0000
0000
0000
0000
0000
0000
0000
0000
0000
0000
0000
0000
0000
0000
0000
0000
0000
0000
0000
0000
0000
0000
0000
0000
0000
0000
0000
0000
0000
0000
0000
0000
0000
0000
0000
0000
0000
0000
0000
0000
0000
0000
0000
0000
0000
0000
0000
0000
0000
0000
0000
0000
0000
0000
0000
0000
0000
0000
0000
0000
0000
0000
0000
0000
0000
0000
0000
0000
0000
0000
0000
0000
0000
0000
0000
0000
0000
0000
0000
0000
0000
0000
0000
0000
0000
0000
0000
0000
0000
0000
0000
0000
0000
0000
0000
0000
0000
0000
0000
0000
0000
0000
0000
0000
0000
0000
0000
0000
0000
0000
0000
0000
0000
0000
0000
0000
0000
0000
0000
0000
0000
0000
0000
0000
0000
0000
0000
0000
0000
0000
0000
0000
0000
0000
0000
0000
0000
0000
0000
0000
0000
0000
0000
0000
0000
0000
0000
0000
0000
0000
0000
0000
0000
0000
0000
0000
0000
0000
0000
0000
0000
0000
0000
0000
0000
0000
0000
0000
0000
0000
0000
0000
0000
0000
0000
0000
0000
0000
0000
0000
0000
0000
0000
0000
0000
0000
0000
0000
0000
0000
0000
0000
0000
0000
0000
0000
0000
0000
0000
0000
0000
0000
0000
0000
0000
0000
0000
0000
0000
0000
0000
0000
0000
0000
0000
0000
0000
0000
0000
0000
0000
0000
0000
0000
0000
0000
0000
0000
0000
0000
0000
0000
0000
0000
0000
0000
0000
0000
0000
0000
0000
0000
0000
0000
0000
0000
0000
0000
0000
0000
0000
0000
0000
0000
0000
0000
0000
0000
0000
0000
0000
0000
0000
0000
0000
0000
0000
0000
0000
0000
0000
0000
0000
0000
0000
0000
0000
0000
0000
0000
0000
0000
0000
0000
0000
0000
0000
0000
0000
0000
0000
0000
0000
0000
0000
0000
0000
0000
0000
0000
0000
0000
0000
0000
0000
0000
0000
0000
0000
0000
0000
0000
0000
0000
0000
0000
0000
0000
0000
0000
0000
0000
0000
0000
0000
0000
0000
0000
0000
0000
0000
0000
0000
0000
0000
0000
0000
0000
0000
0000
0000
0000
0000
0000
0000
0000
0000
0000
0000
0000
0000
0000
0000
0000
0000
0000
0000
0000
0000
0000
0000
0000
0000
0000
0000
0000
0000
0000
0000
0000
0000
0000
0000
0000
0000
0000
0000
0000
0000
0000
0000
0000
0000
0000
0000
0000
0000
0000
0000
0000
0000
0000
0000
0000
0000
0000
0000
0000
0000
0000
0000
0000
0a94
0c00
0d42
0e51
0f1c
0fa8
0ffb
101e
100d
0fe0
0f91
0f2f
0ebc
0e48
0dd0
0d5a
0ce8
0c82
0c2a
0bde
0ba6
0b87
0b6f
0b66
0b5d
0b48
0b2c
0af3
0aa8
0a37
099b
08d3
07da
06af
0551
03c7
022c
007c
feb5
fcfc
fb50
f9be
f851
f70e
f60d
f54a
f4c3
f480
f47d
f4b5
f51e
f5b8
f674
f747
f82e
f90f
f9e9
faa9
fb4e
fbd1
fc2c
fc67
fc83
fc88
fc86
fc7d
fc7b
fc85
fc9c
fcca
fd06
fd55
fda9
fe03
fe60
febb
ff0c
ff5b
ffa2
ffdf
0013
003f
0061
0075
007c
007a
006c
0059
0044
0034
002c
002f
0046
006f
00ad
0100
0166
01d2
0240
02a0
02e8
0310
0313
02f0
02a3
0232
01a3
00fc
0049
ff8e
fed4
fe2a
fd92
fd12
fca9
fc50
fc0e
fbd8
fbac
fb89
fb6a
fb4c
fb2b
fb01
fad1
fa98
fa5b
fa1d
f9e2
f9b2
f98d
f97b
f980
f99c
f9d7
fa2e
fa9d
fb2c
fbd3
fc94
fd62
fe43
ff30
001a
0105
01e8
02bf
0387
043d
04e0
0575
05f0
0658
06ac
06e4
06fd
06fe
06dc
069d
0647
05dc
0560
04db
0454
03d6
0364
02fe
02b5
0284
0277
028d
02d0
033c
03cf
0482
054a
0620
06ee
07a9
083d
089d
08bc
088f
0814
074a
063c
04f7
0388
0207
007b
fef1
fd87
fc39
fb1c
fa3c
f99c
f945
f92d
f957
f9b1
fa34
facf
fb7a
fc20
fcb8
fd34
fd88
fdae
fda3
fd6a
fd08
fc89
fbf8
fb5c
faca
fa4f
f9f1
f9bb
f9ac
f9c9
fa10
fa7e
fb13
fbc2
fc8e
fd73
fe67
ff68
006e
016f
0266
033a
03f6
0487
04ef
052b
053a
051c
04cf
045a
03be
0306
0241
0176
00b5
000b
ff83
ff32
ff12
ff30
ff86
0011
00cd
01af
02ae
03b3
04bf
05b2
0680
071c
0776
0787
0747
06bb
05da
04ae
0345
01a2
ffde
fe08
fc33
fa86
f8f8
f7ac
f6ac
f601
f5ad
f5b0
f608
f6a4
f78a
f8a1
f9e2
fb3f
fca7
fe04
ff46
004c
011b
01a6
01e9
01e9
01a7
0129
0079
ffa3
feb3
fdc4
fceb
fc34
fbb4
fb6f
fb6c
fbaa
fc30
fcf7
fdf8
ff2b
0084
01f1
0360
04b8
05f6
06ff
07ca
0851
0889
0874
0813
0771
068c
0580
0458
0322
01ed
00c7
ffbe
fee7
fe3c
fdd3
fdac
fdc3
fe19
fea1
ff53
0018
00ee
01be
027a
031c
0396
03e3
03f8
03d8
0376
02d3
01f4
00d3
ff7f
fe05
fc78
fae8
f95f
f7fb
f6cc
f5d5
f529
f4ce
f4c9
f516
f5ae
f67f
f77a
f894
f9c2
fafb
fc38
fd70
fe9a
ffa7
008d
0149
01d3
0226
0241
0227
01db
0165
00d2
002b
ff8a
ff07
feb5
fea8
fee4
ff66
0028
012c
025e
03b0
0514
0674
07c6
08e4
09c1
0a57
0a98
0a83
0a18
095e
0853
070f
05a2
0408
0261
00b7
ff16
fd94
fc3a
fb25
fa62
f9ef
f9d2
fa07
fa85
fb3d
fc29
fd2c
fe34
ff3a
0025
00e5
0176
01cb
01df
01b0
0141
008e
ffaa
fe9d
fd75
fc3f
fb0b
f9f4
f907
f84a
f7d2
f7a6
f7cb
f840
f8ff
f9f6
fb16
fc61
fdb3
ff0a
0055
0184
0294
036e
040f
047a
04a4
0492
044b
03ce
0329
026b
01a0
00d3
0018
ff84
ff1e
fef8
ff11
ff6d
0005
00e0
01e8
0314
045b
05a4
06eb
080d
08ff
09bf
0a34
0a5a
0a2d
09ab
08d3
07b1
064f
04ab
02e5
0107
ff1e
fd43
fb81
fa05
f8cd
f7de
f74b
f712
f72b
f791
f843
f927
fa33
fb61
fc9a
fdd0
fef6
fffc
00d6
0173
01ca
01da
01a0
0121
0062
ff72
fe5e
fd42
fc2b
fb29
fa55
f9ba
f966
f95c
f99d
fa28
faf2
fbf8
fd22
fe64
ffb3
00f9
022e
0338
0416
04c7
053c
0576
057a
0549
04ed
046e
03d5
032a
027b
01d6
013c
00bc
005a
0022
000d
0021
0056
00a8
0117
019a
0232
02d1
0378
041f
04b3
052f
058a
05bc
05bd
058a
0520
0481
03b7
02c9
01bb
009d
ff74
fe58
fd45
fc45
fb66
faae
fa18
f9ae
f96c
f952
f95e
f98f
f9e2
fa50
fad9
fb70
fc0a
fc99
fd19
fd86
fdd6
fe05
fe16
fe0d
fdee
fdbf
fd84
fd42
fcff
fcbc
fc7b
fc41
fc0d
fbe3
fbc4
fbb5
fbb9
fbd1
fc03
fc52
fcc0
fd49
fdf6
febc
ff94
0076
0163
0248
0322
03e1
0489
051a
058f
05e7
062a
0655
066c
0671
0663
0641
0613
05d4
0589
053a
04f1
04ac
0474
0440
0412
03e5
03af
0374
032e
02df
0282
021c
01b5
014d
00e3
007c
0014
ffb2
ff4b
fede
fe6c
fdf3
fd68
fcd7
fc39
fb97
faf0
fa4b
f9b6
f931
f8c5
f87c
f85a
f862
f899
f901
f98f
fa47
fb24
fc14
fd0e
fe04
feee
ffc2
0071
00f8
014d
016f
0159
0110
0098
fff0
ff2e
fe54
fd68
fc7e
fb9a
facf
fa26
f9ab
f971
f979
f9cf
fa6e
fb54
fc77
fdd5
ff66
010a
02c0
047c
061a
0787
08b4
0999
0a32
0a70
0a58
09ee
093c
0848
0722
05d3
0467
02fd
0196
0040
ff11
fe16
fd56
fcd6
fc99
fca4
fcf1
fd7a
fe30
ff07
fff2
00dd
01bd
0277
0304
035c
0373
0348
02de
023b
0167
0078
ff73
fe65
fd65
fc7d
fbbc
fb2f
fae5
fae8
fb3a
fbdd
fcc3
fde1
ff28
008f
0202
0361
04a3
05b7
067b
06e9
06f2
069b
05e3
04da
0389
01f9
004a
fe8c
fccd
fb25
f9a0
f85c
f755
f698
f633
f623
f665
f6f8
f7d2
f8e0
fa25
fb94
fd1a
feab
003c
01bf
0329
045f
0562
0624
0693
06b4
067d
05f5
051f
040b
02c1
015a
fff7
fea8
fd87
fca0
fbff
fbb0
fbb9
fc1a
fcd1
fdd6
ff1a
008b
0216
0397
0506
0655
0763
082a
089a
08aa
0850
0791
0670
04ff
0364
01a8
ffe9
fe3c
fcb2
fb6b
fa6a
f9c4
f987
f9b2
fa44
fb2d
fc63
fdc6
ff4e
00e5
026a
03d3
04ff
05e0
0660
0675
061e
0560
0444
02db
0137
ff6d
fd91
fbc5
fa09
f86c
f70f
f5ee
f516
f48f
f45f
f481
f4fb
f5bf
f6c2
f7fd
f95f
fadb
fc63
fde0
ff42
0077
015f
01fc
0246
024a
020a
0197
00fe
0048
ff8d
fed6
fe3f
fdd7
fdb4
fde0
fe61
ff3b
005f
01cf
0371
0532
06fa
08b4
0a56
0bce
0cff
0dfa
0ea3
0ef8
0ef8
0e9b
0de4
0ccf
0b6e
09b6
07cd
05c4
03b0
01af
ffd7
fe46
fd1f
fc5f
fc0d
fc21
fc90
fd47
fe36
ff47
005f
016e
0258
0307
0372
038c
0358
02db
0227
013b
0024
feeb
fd99
fc38
fad6
f980
f850
f741
f672
f5ed
f5b6
f5d2
f63f
f6fa
f7e4
f90a
fa4f
fba6
fcff
fe49
ff6d
0057
00f6
0142
013b
00e9
004f
ff7b
fe70
fd3d
fbfb
faaa
f974
f86b
f79d
f726
f709
f748
f7e5
f8e4
fa34
fbc2
fd8c
ff79
017c
0382
056b
073b
08cc
0a13
0b07
0b9c
0bd6
0bb0
0b39
0a72
0974
0853
071c
05e5
04b9
03a8
02c3
0200
0171
010e
00d2
00c1
00d2
0103
014e
01b1
021e
028f
02fe
035c
039d
03b0
0392
0338
02a5
01de
00e0
ffbe
fe80
fd38
fbfe
fad2
f9d4
f913
f895
f85f
f86f
f8c0
f947
fa03
fade
fbd0
fcd2
fdd9
fedc
ffd5
00b8
0182
0222
028e
02c5
02c0
0281
0209
015f
0085
ff8e
fe88
fd74
fc66
fb66
fa7e
f9b9
f91b
f8b4
f883
f88a
f8c4
f92d
f9b9
fa60
fb25
fbfc
fcde
fdcb
feb9
ff98
0062
010e
01a4
021f
0283
02d9
031c
0350
0373
0385
0392
0399
039f
03a9
03bb
03cf
03ea
0406
0426
0445
0463
047c
048e
0497
0491
0478
044f
040f
03bf
035a
02ea
0276
0204
019c
013f
00f5
00bd
0097
0082
007b
007c
0081
0089
008f
0090
008c
0081
0075
0068
005b
004b
003e
0030
0022
0014
0006
fffd
fff3
fff3
ffff
001c
0048
007a
00a9
00ce
00e1
00dc
00bb
007b
001b
ff9d
ff0a
fe62
fdb0
fcf7
fc49
fbac
fb1e
faaa
fa53
fa1b
fa04
fa0c
fa33
fa77
fad8
fb50
fbdb
fc75
fd19
fdc8
fe77
ff1f
ffc6
005b
00dc
0141
018a
01be
01da
01e8
01ec
01f0
01f6
0205
0222
024d
0281
02c2
030f
0369
03ca
0437
04ac
0525
059a
0609
0671
06c5
06ff
071b
0711
06e2
0686
0607
0559
048c
039e
0298
0184
0067
ff59
fe5d
fd75
fcbd
fc39
fbe9
fbd0
fbee
fc3b
fcae
fd49
fdfe
fec4
ff94
0061
011d
01b4
0221
0259
0255
0213
018a
00c8
ffca
feaa
fd65
fc09
fab8
f97f
f863
f77a
f6ca
f661
f643
f673
f6ec
f7ac
f8ae
f9e8
fb4f
fcbc
fe35
ffa9
00f8
0211
02f8
0398
03f6
0409
03e0
0382
0307
0282
01fa
0182
0125
00ec
00da
00fa
014b
01cc
0282
0363
046a
0580
06a8
07d2
08e0
09c3
0a77
0ae8
0b0a
0add
0a5b
097e
0857
06f0
0543
0373
0182
ff9e
fdc4
fc08
fa85
f94b
f855
f7b6
f76f
f783
f7e0
f885
f95a
fa4d
fb5a
fc63
fd5c
fe2d
fed4
ff4c
ff88
ff92
ff65
ff05
fe78
fdc6
fcf6
fc11
fb33
fa62
f9a8
f915
f8b3
f888
f895
f8dc
f953
f9f3
fabf
fba7
fca7
fdae
feb8
ffba
009a
0153
01e1
0237
0257
0240
01f7
017d
00e3
002e
ff69
fea4
fdee
fd56
fce8
fcb2
fcc5
fd22
fdd1
fe48
fffa
01e6
040c
065f
08b0
0aee
0d14
0eec
105f
1155
11c4
1199
10d3
0f7c
0d89
0b23
0857
0554
022b
fefd
fc14
f97e
f746
f59a
f487
f411
f424
f4bd
f5b9
f701
f883
fa0f
fb93
fcee
fe18
ff01
ff9f
ffef
ffe3
ff6f
fe94
fd57
fbc8
fa02
f833
f672
f4d1
f386
f29f
f22f
f24f
f307
f44c
f61b
f866
faf0
fd97
002d
0298
04c1
0675
07af
0862
087d
07fe
06f3
056f
0383
016e
ff3b
fd03
fafa
f930
f7c7
f6cd
f657
f679
f72d
f87d
fa52
fc9d
ff4a
023d
0563
0873
0b6e
0e32
107c
1232
1342
13a8
1360
1275
10f4
0ee1
0c65
0991
0685
0359
0023
fd2a
fa5e
f7da
f5c8
f429
f30d
f273
f258
f2bb
f38a
f4bb
f635
f7dd
f99e
fb69
fd2c
febd
001f
0139
01ee
0239
0216
0189
0099
ff64
fdef
fc47
fa93
f8de
f747
f5eb
f4e4
f450
f432
f497
f577
f6cb
f885
fa94
fcec
ff53
01c5
041a
061a
07b2
08ca
0963
0979
091c
0856
0731
05cf
0443
02ad
0125
ffc8
feb9
fe01
fdab
fdc7
fe51
ff3a
0079
01f5
038d
053a
06ec
0874
09d8
0b02
0be8
0c7f
0cc1
0ca2
0c19
0b27
09c1
07f7
05e3
038b
0121
fea0
fc1d
f9ca
f79b
f5b5
f41d
f2e8
f216
f1ad
f1a7
f201
f2ac
f3a6
f4ea
f671
f824
fa03
fbfb
fde0
ffb2
0153
02ae
03b8
045d
04a6
048b
041c
0365
0278
0172
006e
ff7e
feb3
fe21
fdd7
fdd4
fe17
fe96
ff41
0011
00fc
01f8
02f0
03e6
04c8
058c
0628
069b
06d7
06dc
06a6
0638
0596
04d2
03f6
0307
0214
0126
004e
ff88
fee3
fe62
fe09
fdd3
fdbb
fdbd
fdcc
fded
fe19
fe57
fea4
ff00
ff5e
ffb8
ffff
002e
003b
0020
ffdc
ff6a
fecf
fe10
fd3e
fc54
fb69
fa88
f9be
f90f
f889
f82f
f80e
f822
f873
f8fd
f9bf
fab8
fbd9
fd18
fe67
ffc2
0116
025c
0384
0494
0577
062a
06a8
06ed
06f2
06be
0652
05b2
04ee
0414
0330
024b
0177
00b8
0017
ff9c
ff4d
ff2b
ff39
ff78
ffe4
0075
0127
01f5
02d2
03b1
0489
0550
05fb
067f
06d8
06fc
06e9
069c
0616
0555
0464
0350
0216
00c6
ff67
fe0b
fcb7
fb75
fa56
f960
f89d
f816
f7d5
f7e2
f838
f8d4
f9aa
faaa
fbc9
fcfb
fe2a
ff46
003f
0104
017d
019e
0167
00db
0005
fef4
fdba
fc68
fb1a
f9de
f8c4
f7e2
f743
f6f1
f6f5
f74d
f7f9
f8f2
fa34
fbc4
fd89
ff85
019d
03c1
05ca
07a5
0946
0a98
0b8b
0c1b
0c3c
0bf3
0b43
0a33
08dd
074d
05a8
0400
0270
0109
ffe9
ff17
fe9e
fe8e
feeb
ffaf
00ca
0229
03a7
0536
06ba
081d
0950
0a3c
0ad0
0b02
0ac4
0a13
08f0
075c
0569
0320
0097
fdeb
fb42
f8af
f657
f45b
f2db
f1e5
f189
f1be
f285
f3c8
f575
f774
f9a3
fbf4
fe41
0070
0269
0419
0572
0660
06de
06e5
0675
059e
0462
02d1
0104
ff0a
fd00
fafb
f91d
f783
f643
f570
f510
f525
f5b4
f6b5
f81e
f9df
fbe9
fe1b
005c
0281
047d
0637
07a0
08b5
0975
09db
09ec
09ac
091d
0850
0759
0648
0531
0428
033f
0282
01fb
01b3
01b3
01f8
0281
0346
0436
0542
065b
076d
0863
0926
09a9
09d9
09aa
0913
080b
069b
04cc
02ac
004f
fdd0
fb54
f8eb
f6b4
f4c7
f33d
f223
f184
f167
f1c4
f298
f3d7
f564
f722
f8f9
fac7
fc6d
fdd5
feee
ffa5
fff3
ffd0
ff41
fe53
fd16
fbaa
fa21
f899
f734
f60f
f53b
f4d6
f4e9
f575
f684
f80d
fa00
fc3e
febf
015f
03f8
0672
08bb
0ab1
0c3c
0d4f
0de2
0deb
0d73
0c90
0b41
09a4
07ce
05e1
03ea
020e
0067
ff03
fdf8
fd4f
fd09
fd27
fda5
fe77
ff8a
00cd
0239
03b4
0527
067f
07ae
0894
0925
0956
091a
0873
076b
0610
0468
0294
00ad
fec9
fcf3
fb49
f9db
f8b0
f7d4
f751
f720
f73d
f7af
f865
f954
fa6f
fbaa
fcf2
fe2d
ff50
003f
00e8
013c
012f
00bc
ffe3
feb7
fd3c
fb87
f9af
f7d3
f601
f456
f2e8
f1cb
f10b
f0ba
f0eb
f193
f2be
f460
f667
f8ba
fb55
fe1a
00f0
03ba
066b
08e3
0afd
0caa
0de7
0ea1
0ed9
0ea2
0dfe
0cfc
0bae
0a2c
0880
06cc
051f
0395
023a
0121
005c
ffea
ffd2
0015
00b0
0190
02aa
03e5
0528
065d
0771
0848
08d2
090d
08ec
086f
079a
067a
0518
0388
01db
001d
fe69
fcca
fb57
fa17
f911
f854
f7e6
f7bd
f7dd
f83f
f8d5
f995
fa71
fb51
fc29
fce6
fd76
fdc8
fdd2
fd96
fd16
fc58
fb64
fa4b
f916
f7dd
f6a8
f587
f486
f3b6
f319
f2b3
f297
f2b8
f328
f3dd
f4dd
f61d
f7a2
f95d
fb41
fd38
ff43
0144
0331
04ec
0678
07c9
08d3
0995
0a0e
0a45
0a41
0a09
099e
0916
0871
07bb
06fa
0640
058f
04f6
0478
0417
03e0
03cd
03e3
0417
0468
04cc
053b
05a9
060a
0657
0688
0697
0685
064e
05ef
056d
04ce
0413
033b
0254
015f
0062
ff5c
fe60
fd77
fc9f
fbe2
fb46
fad2
fa89
fa66
fa69
fa8b
fac8
fb17
fb67
fbb2
fbee
fc15
fc26
fc16
fbeb
fb9d
fb35
fab6
fa27
f98b
f8ef
f85c
f7d4
f761
f70a
f6d0
f6c4
f6ed
f74d
f7ea
f8c3
f9de
fb1e
fc91
fe2c
ffef
01c1
039b
0579
073d
08e3
0a5f
0b9a
0c92
0d3f
0d96
0d96
0d49
0cb0
0bce
0ab2
0962
07f5
066f
04eb
037c
0231
010f
002d
ff84
ff1a
fef7
ff18
ff74
0005
00c5
0199
027b
0356
041d
04c1
052e
0560
0548
04e8
043e
0352
0223
00c3
ff50
fdca
fc47
fae6
f9a8
f8a2
f7de
f761
f72c
f741
f79c
f836
f902
f9f8
fb08
fc19
fd1f
fe13
fee1
ff81
fff2
0027
0014
ffbb
ff23
fe47
fd40
fc22
faf4
f9c8
f8b0
f7ba
f6f9
f678
f642
f666
f6e1
f7b0
f8dd
fa46
fbe3
fdb4
ff9c
017d
0359
0517
069f
07e1
08d7
0973
09b4
099d
0928
0868
075a
0613
04a6
031d
0192
001e
fec8
fda0
fcbe
fc1f
fbcf
fbd0
fc17
fc9b
fd60
fe4a
ff51
0065
0175
0270
0346
03ee
045e
0492
0484
0436
03ae
02f3
0214
011a
0010
ff0c
fe19
fd43
fc9a
fc27
fbee
fbf8
fc46
fcd3
fd9f
fea0
ffba
00e2
01f8
02ef
03b9
044b
0499
049d
0454
03b6
02c8
0197
0029
fea2
fd08
fb68
f9e1
f87c
f744
f651
f5b6
f574
f5a8
f640
f730
f868
f9e0
fb7c
fd34
feea
009b
0236
0397
04b1
0579
05ed
0610
05f5
058c
04f0
042f
034f
0260
0174
009b
ffe2
ff5a
feff
fed6
fee2
ff20
ff89
0019
00c6
018c
025c
031e
03d2
0469
04db
0527
054b
053a
04fe
049a
0408
0354
028e
01be
00f2
0038
ffa2
ff3e
ff11
ff20
ff61
ffd7
0074
0138
0207
02d8
03aa
0469
0507
0582
05d2
05ef
05e1
05a9
052e
0476
037c
023b
00c3
ff22
fd82
fbf4
fa86
f945
f83f
f76d
f6d7
f686
f672
f6a5
f727
f7e4
f8c2
f9ce
fae8
fc0c
fd29
fe31
ff1a
ffcf
0046
0074
0066
0019
ffb1
ff2b
fe92
fe02
fd82
fd0b
fcac
fc67
fc3f
fc40
fc72
fccf
fd53
fe07
fed4
ffb5
009a
0175
023d
02e4
0367
03c0
03f6
0404
03f7
03cd
0388
033d
02eb
0292
023d
01ee
01af
0186
017e
0196
01d3
0238
02b1
0345
03e4
0481
0515
058c
05e6
0611
0609
05cd
0555
04ae
03d9
02e8
01de
00bb
ff9b
fe78
fd5a
fc57
fb72
faa7
fa06
f98b
f933
f903
f8f2
f904
f939
f985
f9dd
fa43
fa9d
faf5
fb34
fb5c
fb64
fb51
fb28
faee
fab7
fa79
fa47
fa20
fa07
fa00
fa0c
fa2a
fa5a
faa2
fb02
fb79
fc0e
fcbc
fd82
fe59
ff38
0029
0117
01f6
02c9
038a
042c
04af
0516
0560
0598
05bf
05d3
05e8
05f9
060b
0623
0639
064f
0661
0670
0676
0676
0673
066e
0660
0650
0636
0613
05e3
059c
0542
04d0
0444
03a7
02ff
0242
0180
00c0
0000
ff46
fe97
fe01
fd7e
fd10
fcb3
fc66
fc25
fbf5
fbd7
fbca
fbd4
fbf0
fc0e
fc32
fc5e
fc85
fca4
fcbb
fcc5
fcbc
fca1
fc79
fc47
fc14
fbf0
fbda
fbd4
fbdd
fbf9
fc20
fc58
fc9a
fce8
fd3a
fd98
fdff
fe6a
fee0
ff67
fff4
0082
0112
019d
021c
0285
02dd
031e
0346
0359
035d
0353
0345
033c
0338
033d
0359
0386
03c4
0407
044a
0487
04b5
04cf
04ce
04b2
0478
041f
03ab
031d
0274
01b7
00ee
0017
ff3d
fe67
fd9d
fce0
fc3a
fbaa
fb38
fae1
faaa
fa93
fa9a
fab7
faee
fb33
fb7c
fbcd
fc22
fc7f
fcdb
fd3a
fd93
fde4
fe23
fe58
fe81
fe9d
feb2
febd
febe
feb5
feaa
fe99
fe8c
fe82
fe7f
fe82
fe8c
fe99
feab
fec4
fee4
ff0a
ff38
ff6f
ffa4
ffde
0013
0045
006a
0087
009a
00a4
00a8
00a8
00a5
00a0
009a
0094
0095
00a1
00b8
00d9
0104
0132
015e
0182
01a1
01b6
01c4
01c8
01c5
01b8
01a5
018f
0179
0167
0162
016c
0182
01a8
01d8
020f
0243
026c
0286
028b
0270
0232
01d3
0153
00bc
001b
ff77
fed8
fe53
fded
fdaa
fd8a
fd8a
fda8
fde4
fe3a
feab
ff2f
ffc8
0070
0121
01d5
0283
032a
03a9
0401
0432
0434
0404
03a3
0314
025b
018e
00b0
ffcf
fefc
fe48
fdb8
fd49
fcfd
fcde
fcd6
fced
fd1f
fd6c
fdce
fe41
fec4
ff45
ffcb
004b
00c3
0126
0176
01b5
01d6
01d5
01b6
0170
0107
0080
ffe3
ff38
fe8b
fde8
fd59
fce9
fca1
fc8e
fcb8
fd23
fdd4
fec8
ffed
0133
0288
03e1
052a
0652
0750
0812
0891
08c2
08a7
0842
079c
06c5
05ca
04b4
0396
0282
0181
009f
ffef
ff74
ff33
ff39
ff7c
fffb
00aa
0182
0274
0365
0454
051e
05b5
0608
0616
05cf
0534
0452
0325
01bd
0037
fea0
fd08
fb84
fa2a
f907
f81c
f786
f73d
f744
f793
f825
f8e8
f9cd
faca
fbc9
fcb3
fd85
fe2f
fea4
fed6
fed1
fe92
fe1b
fd80
fcc5
fbf6
fb1d
fa44
f97f
f8d5
f85d
f823
f82d
f885
f92b
fa20
fb5f
fcde
fe87
004c
0214
03ca
054c
069a
07a0
0859
08b2
08bc
0870
07df
0715
061a
0501
03d1
02a8
018c
0092
ffca
ff3f
fefc
ff06
ff6b
0026
0126
0259
03ae
0512
0669
078f
086d
08ee
0909
08bd
0809
06f3
0582
03ca
01d4
ffb8
fd95
fb8a
f9b1
f819
f6d3
f5ed
f56a
f559
f5bb
f69b
f7e6
f995
fb89
fd9f
ffc6
01d4
03b2
053a
065f
0707
0724
06b1
05ad
042a
0248
0022
fdd4
fb78
f936
f730
f56d
f419
f345
f2f8
f335
f406
f55d
f72d
f972
fc09
fec1
0187
0445
06cd
08fd
0ac7
0c0f
0cb7
0cb7
0c0f
0ad6
0921
0719
04d7
0266
ffee
fd91
fb53
f95d
f7d0
f6c9
f649
f65e
f70c
f83b
f9e9
fbf6
fe48
00bd
0334
058d
078d
0911
0a10
0a72
0a32
0960
0807
0638
0415
01b8
ff3c
fcc5
fa85
f887
f6ef
f5ce
f536
f528
f5aa
f6b2
f82a
fa0f
fc3c
fe9c
0100
0353
0569
0721
0862
091f
094d
08ec
0809
06b6
050b
0326
0121
ff0e
fd13
fb3f
f9a4
f855
f764
f6d6
f6b0
f6fa
f7a8
f8bb
fa27
fbd8
fdba
ffba
01b6
0398
053e
069a
0794
0822
0833
07d0
0700
05d3
0465
02bc
00fd
ff46
fdaf
fc4c
fb34
fa74
fa11
fa14
fa7b
fb3d
fc53
fdad
ff31
00cd
025c
03da
051e
0617
06bb
06fc
06db
0659
057f
0454
02ed
015d
ffb5
fe05
fc72
fb05
f9d0
f8e1
f844
f801
f81b
f890
f95e
fa78
fbd1
fd5b
fef6
0093
021f
0381
049d
0573
05f2
0619
05e9
056d
04a8
03ab
0288
0148
fffe
feba
fd90
fc87
fba5
faf8
fa84
fa4e
fa57
faa6
fb37
fc06
fd06
fe28
ff5e
009a
01c8
02d6
03b5
045f
04c8
04ed
04d2
0478
03f1
0340
0274
0192
00a7
ffbc
feda
fe0a
fd56
fcc5
fc5c
fc1e
fc12
fc3c
fc97
fd22
fdd2
fea1
ff7f
0058
011a
01be
022f
026a
0266
0227
01b5
0119
0065
ff9e
fed5
fe0c
fd53
fca8
fc1c
fbae
fb68
fb4b
fb61
fba2
fc10
fcad
fd6e
fe50
ff47
004e
014e
023f
0310
03bd
0433
0475
047c
044d
03f1
036d
02cd
021a
0165
00b3
0007
ff63
fecf
fe42
fdc3
fd59
fd06
fcc5
fca1
fc95
fca4
fccb
fd08
fd5c
fdbf
fe32
feb0
ff32
ffb1
0032
00aa
011a
017c
01d2
0217
0250
027b
0297
02a6
02a3
0292
0275
0247
020a
01c3
0172
0118
00be
0064
000c
ffbd
ff7d
ff49
ff22
ff0d
ff07
ff10
ff24
ff42
ff68
ff8f
ffba
ffe2
0008
0025
0036
003e
0035
001d
fff9
ffce
ff97
ff61
ff2e
ff07
fef3
fef1
ff03
ff28
ff64
ffab
fffe
004e
009e
00e7
011e
0142
014b
0136
00ff
00a9
002b
ff90
fed8
fe0b
fd2b
fc49
fb6d
fa9f
f9e9
f95a
f8f7
f8c8
f8dc
f92d
f9c1
fa90
fb97
fcb9
fded
ff1e
0047
014a
0225
02ce
033f
0375
0373
033c
02d6
0251
01af
0100
0051
ffaf
ff23
feb4
fe6f
fe4c
fe54
fe7d
fecc
ff2b
ff9d
0017
0091
00fd
015d
01ab
01e5
0209
0219
0216
0201
01e2
01ad
016e
011c
00c4
005f
fff6
ff89
ff20
fec1
fe6b
fe29
fe00
fdf4
fe0c
fe50
feb8
ff45
ffe6
0093
013f
01df
0260
02b4
02da
02cb
0289
020d
0162
008d
ff9f
fe99
fd8c
fc87
fb9e
fad9
fa40
f9da
f9af
f9c4
fa0e
fa98
fb51
fc3c
fd40
fe50
ff60
0064
0150
0215
02b4
0322
0360
036e
0344
02e7
0259
01a0
00c4
ffd6
feea
fe16
fd68
fcef
fcad
fcad
fcec
fd68
fe0d
fecd
ff9b
005c
00f2
0156
017b
0167
011c
00a4
0000
ff3f
fe7c
fdaf
fcee
fc48
fbcd
fb81
fb66
fb80
fbcf
fc58
fd17
fe08
ff25
005e
0199
02b6
03ae
0478
0510
056d
0595
058b
054e
04e7
045a
03ab
02ec
021e
013e
0057
ff67
fe75
fd85
fca4
fbe8
fb55
faf8
fad3
faed
fb44
fbcc
fc7d
fd43
fe1b
feef
ffab
0043
00b3
00f7
010f
0105
00d7
008b
002c
ffb5
ff2a
fea3
fe2b
fdc6
fd85
fd74
fd9c
fe01
fe99
ff55
002d
0113
01f7
02b6
0340
0397
03a5
0363
02d8
020a
0104
ffd6
fe8a
fd31
fbdc
faa9
f990
f8a6
f7f1
f786
f759
f76d
f7c6
f85e
f930
fa32
fb55
fc87
fdc0
fef9
0018
0113
01f0
029f
031f
0375
039c
03a1
0384
034c
02f4
0285
0202
016d
00d7
0043
ffc6
ff5f
ff0e
fede
fec3
fec2
fed7
feff
ff33
ff6b
ffa6
ffd8
fffb
0006
fff3
ffbe
ff66
fee7
fe4c
fd9d
fce4
fc30
fb9d
fb33
fafc
fb0c
fb5d
fbf4
fcc5
fdcb
fef9
0037
0180
02be
03e0
04dc
05a1
0620
064a
062a
05ba
0501
0413
02fe
01cd
0091
ff57
fe2b
fd1e
fc3e
fb92
fb20
faec
faf8
fb48
fbca
fc86
fd6c
fe70
ff85
0096
0195
027b
0342
03e1
044e
049c
04c0
04b1
0478
0418
03a4
0317
0283
01ea
0150
00ca
004d
ffe8
ff96
ff61
ff41
ff30
ff30
ff3d
ff4e
ff61
ff74
ff81
ff89
ff8d
ff8d
ff85
ff72
ff4a
ff0a
feb3
fe50
fdee
fd93
fd4e
fd1a
fcff
fcf8
fd09
fd39
fd82
fde6
fe64
fefc
ffaa
0068
0135
020a
02da
03a9
0461
04fc
0570
05b9
05d4
05b2
0562
04e0
0432
0364
0282
0199
00b1
ffe1
ff2e
fe97
fe2c
fde7
fdc7
fdcd
fdf4
fe3b
fea1
ff26
ffbe
0066
0116
01bf
0263
02fa
037f
03ee
043a
0464
0464
043d
03ee
037c
02ed
023f
017e
00a5
ffc0
fed7
fdeb
fd07
fc34
fb7e
fae6
fa6c
fa1d
f9fa
f9fa
fa21
fa65
fac4
fb34
fbb4
fc39
fcbd
fd40
fdb5
fe1d
fe6e
fea2
feb4
fe9e
fe66
fe09
fd9b
fd25
fcaf
fc49
fbff
fbdb
fbe1
fc15
fc79
fd06
fdc8
feb0
ffc6
00f9
0248
03ab
0505
0655
078f
0899
096d
09f5
0a32
0a15
0997
08c6
0796
0626
0481
02bc
00e9
ff1f
fd80
fc17
faf2
fa29
f9b9
f9ab
f9fb
fa9f
fb94
fccb
fe3e
ffcc
0177
031a
04a0
05f5
0706
07c1
081a
080a
0796
06c1
0597
0421
0271
009c
feb5
fcd7
fb0b
f97c
f83b
f74a
f6c5
f6a8
f6fb
f7aa
f8a4
f9d5
fb24
fc87
fde4
ff2d
005d
0155
0209
0264
0263
0203
014c
0049
feff
fd90
fc0e
fa99
f941
f81d
f746
f6cc
f6b6
f712
f7e4
f920
fac9
fcd8
ff2b
01b5
0460
06ee
0942
0b47
0ce5
0e0f
0eb8
0edd
0e79
0d91
0c2f
0a57
0829
05b5
0322
008f
fe16
fbfc
fa46
f90f
f86b
f859
f8d8
f9d7
fb4a
fd05
fef7
00eb
02b0
0436
0563
062e
0699
06a1
063f
057c
0464
02fe
0166
ffb3
fe02
fc6d
fb0a
f9f3
f936
f8dc
f8e7
f94e
fa0e
fb19
fc5b
fdb5
ff19
0073
01a6
02a3
035f
03c2
03c5
037f
02e3
01f9
00dd
ff9c
fe34
fcc5
fb5c
fa0a
f8dc
f7e2
f72d
f6c4
f6bf
f726
f805
f94e
fb03
fd11
ff4a
01a4
0405
062c
0805
097f
0a7f
0af5
0ade
0a3c
0921
07b2
05f6
040d
0206
fff5
fdf2
fc0c
fa5e
f90c
f81e
f7a4
f7b4
f84f
f96f
fb00
fcec
ff07
0146
0374
055f
06ff
082d
08db
0900
089c
07bc
0674
04e2
0318
0132
ff45
fd63
fba8
fa27
f8f8
f829
f7c0
f7bd
f81a
f8d1
f9cc
fafd
fc47
fd9c
feea
001b
0120
01ee
0268
0288
025b
01cc
00df
ffb5
fe5a
fcd2
fb46
f9d1
f880
f771
f6b6
f658
f65d
f6c5
f788
f897
f9da
fb4a
fccf
fe3e
ff9c
00db
01e2
02af
0341
0391
0399
036b
0302
0276
01d6
0124
0074
ffc0
ff0b
fe60
fdc1
fd39
fcd5
fc97
fc81
fc91
fcc4
fd1f
fd9f
fe3d
fefe
ffdc
00cd
01c2
02b5
039e
046c
0512
058b
05d1
05e7
05cd
0583
050f
0476
03bf
02f7
0227
015e
00a8
000d
ff8d
ff2e
feee
feca
feb6
feae
fead
feb0
feb4
feb7
feb0
fe9a
fe81
fe5f
fe25
fdd9
fd84
fd17
fca1
fc24
fbac
fb3c
fae2
faa2
fa81
fa8b
fabd
fb1f
fba8
fc4d
fd09
fdc6
fe83
ff35
ffcf
0050
00b1
00f1
0107
00fa
00cb
0087
003e
fff2
ffb1
ff84
ff74
ff7d
ffaa
fffa
0069
00f3
0193
023c
02e5
0385
0419
0496
04f6
053c
0560
0563
0550
052f
050c
04f0
04db
04d0
04d2
04d8
04dc
04de
04d5
04c0
0499
046a
042a
03dc
0386
032d
02c2
0253
01da
0157
00c5
0026
ff7d
fecd
fe16
fd5d
fca8
fc08
fb7d
fb07
faad
fa73
fa52
fa45
fa50
fa6d
fa98
face
fb0b
fb4c
fb8d
fbca
fc08
fc3e
fc71
fc9e
fcca
fcf4
fd26
fd62
fdaa
fe0a
fe81
ff15
ffc4
0089
0163
023f
030c
03c6
045c
04c7
04fc
0502
04d9
0488
0417
0391
02ff
0278
01fc
0199
0151
0129
0123
0140
017d
01db
0255
02e3
037e
0426
04c8
0560
05de
0642
067d
068d
0674
0629
05b7
0523
0477
03b4
02e9
021f
0154
0093
ffe6
ff52
fed2
fe67
fe12
fdc7
fd83
fd40
fcfb
fcae
fc54
fbf0
fb82
fb0b
fa87
f9f8
f964
f8bf
f81c
f785
f700
f695
f656
f651
f68f
f717
f7ee
f90e
fa6e
fc05
fdc7
ff95
0161
0314
0499
05d2
06b8
073a
0752
06fe
0644
0531
03d7
024d
00a9
ff08
fd81
fc27
fb0b
fa43
f9d7
f9d2
fa32
faf6
fc15
fd88
ff3e
011b
0306
04f6
06c2
084b
098b
0a72
0af1
0b09
0ab9
0a0c
0916
07e5
067c
04f9
036b
01ed
0081
ff44
fe45
fd8b
fd19
fcf8
fd29
fda4
fe60
ff46
0042
013d
0227
02e5
0364
0391
035b
02b5
01a0
0022
fe47
fc2f
f9f8
f7b7
f59b
f3ce
f268
f189
f144
f1a6
f2b1
f45a
f683
f90e
fbd6
feb6
0191
042d
067a
0852
0993
0a3d
0a46
09bc
08ab
0729
054c
032d
00f0
fea1
fc67
fa5b
f88d
f711
f602
f56f
f55d
f5d4
f6ca
f834
fa0f
fc3c
fea5
0125
03a5
05f8
07f0
0971
0a74
0ae0
0ab3
09f2
08b0
0703
051b
0308
00e5
fede
fd0b
fb7c
fa4b
f982
f92c
f947
f9d4
faca
fc1a
fdb9
ff8a
0174
035e
0524
06b0
07d5
088b
08ba
0867
078a
062e
046a
024b
fffc
fd8b
fb29
f8f9
f716
f59f
f4a5
f437
f461
f524
f684
f86b
fac0
fd5c
0010
02bc
052b
074a
08f7
0a21
0abb
0ac4
0a41
0933
07b9
05e3
03d3
0192
ff53
fd2e
fb43
f99f
f86c
f7b1
f77c
f7d2
f8a3
f9de
fb72
fd47
ff2b
0109
02c3
043e
055f
061b
0668
063e
05ac
04b9
036a
01c7
fff9
fe04
fc09
fa26
f88f
f741
f65a
f5e0
f5d2
f639
f711
f850
f9e5
fbc5
fdd1
ffec
01fc
03eb
05a2
0711
081f
08cd
0908
08d2
082e
072a
05dd
0451
02ae
0109
ff82
fe29
fd14
fc51
fbe4
fbd6
fc24
fcbc
fd94
feac
ffe2
0130
0286
03db
050c
060f
06cf
0736
0742
06f6
064a
0546
03fd
0284
00e2
ff32
fd96
fc1f
fad9
f9d3
f920
f8b6
f8a7
f8f7
f993
fa82
fba8
fcfb
fe51
ffab
00eb
01fc
02d7
036a
03a9
0393
0322
0269
016e
0049
ff08
fdc2
fc8a
fb75
fa96
f9f2
f99b
f98f
f9d1
fa56
fb11
fc10
fd33
fe6e
ffaa
00e8
020f
0316
03fa
04bd
055a
05e0
0647
068f
06c5
06e6
06f2
06ee
06e0
06ca
06ab
0685
0656
0622
05ea
05ae
0574
0538
0501
04cd
0492
0453
040a
03b2
034e
02d2
0237
0173
0094
ff8a
fe65
fd2d
fbf1
fab0
f97a
f853
f74b
f662
f5a7
f523
f4d6
f4b4
f4c5
f503
f562
f5e0
f683
f741
f819
f8ff
f9ea
fada
fbc5
fca6
fd7e
fe4b
ff0c
ffc1
0060
00e4
0151
01a6
01e2
0207
0219
0219
020d
01fe
01e8
01d8
01d6
01eb
020a
0238
027d
02d2
032d
0392
0402
0476
04ef
0567
05d7
0630
067a
06aa
06be
06bd
06af
0695
0673
0651
0637
0622
0619
061b
0628
0639
064a
0657
0653
0638
05ff
05a7
0527
047d
03b0
02b8
019d
0062
ff15
fdaf
fc46
fae1
f991
f84b
f725
f622
f545
f492
f40e
f3b5
f38d
f39a
f3ca
f41e
f49b
f53b
f5f2
f6b3
f791
f880
f964
fa46
fb21
fbeb
fc93
fd20
fd8a
fdd5
fe0f
fe39
fe5c
fe87
fec0
ff0e
ff6b
ffd9
005b
00ec
0189
0232
02dc
038c
0438
04e0
0578
05ff
066b
06b1
06d5
06d4
06ac
0669
060a
059a
051e
04a3
0431
03d8
039d
0384
038f
03b4
03eb
0430
047e
04d9
0539
059e
05ed
061e
0626
05ff
05aa
0527
047b
03a4
02a5
0187
004b
feef
fd8d
fc2b
faca
f975
f844
f73d
f665
f5c4
f56a
f559
f58c
f602
f6ac
f78c
f88f
f9a2
faa5
fb98
fc6e
fd14
fd72
fd9e
fd93
fd51
fce0
fc49
fb9a
fadd
fa23
f980
f905
f8c6
f8ce
f928
f9d1
fad1
fc27
fdc0
ff8a
018b
03a1
05b8
07b1
098c
0b29
0c6f
0d59
0ddc
0de5
0d7b
0ca2
0b5f
09cf
0810
0637
044e
0283
00e7
ff82
fe63
fda6
fd4b
fd52
fdc1
fe8e
ffac
0107
028b
040a
0571
069e
0778
07e1
07d2
0749
064d
04ee
033c
0146
ff27
fcfd
fadb
f8e0
f723
f5b0
f4a2
f404
f3e4
f446
f526
f679
f824
fa19
fc2f
fe4b
0050
0225
03aa
04cc
0581
05bf
0584
04dd
03c9
0265
00c3
fefe
fd25
fb4e
f9a1
f829
f6f8
f62c
f5d6
f605
f6ba
f7f7
f9a4
fbc3
fe31
00c3
0358
05d4
0817
09fd
0b67
0c4d
0ca2
0c64
0b95
0a40
087d
066b
0427
01cf
ff92
fd91
fbe8
fab1
fa00
f9d7
fa3a
fb25
fc85
fe4d
0059
0290
04d3
070a
0904
0aaf
0bf4
0cb2
0cd4
0c53
0b25
095e
071d
0478
0183
fe76
fb82
f8bd
f646
f449
f2e8
f221
f1f7
f266
f351
f4ba
f684
f88d
fab5
fcf7
ff22
0112
02af
03f1
04c1
0519
04f6
0457
033f
01c9
000a
fe21
fc3a
fa71
f8f4
f7c7
f705
f6be
f6f7
f7b4
f8e1
fa83
fc74
fea2
00e2
031e
052c
06f9
086d
0978
09fd
0a0e
09a9
08d5
07b9
0668
04f4
0380
022a
00fe
0007
ff55
feeb
fecb
feec
ff44
ffc7
0075
013e
021a
02f5
03d3
049f
0547
05be
05fc
05fa
05af
051f
043d
0318
01c3
0042
feaa
fd1d
fbb6
fa7f
f982
f8cb
f85a
f841
f86a
f8cc
f96e
fa3d
fb33
fc36
fd45
fe48
ff36
0007
00b6
0143
01ad
01fb
022d
0246
0252
0252
0249
0244
0240
023b
0235
0225
0212
0202
0206
021a
024c
0298
02e9
0339
0388
03b9
03c4
03a5
0354
02d8
0234
016a
008b
ffbf
ff0c
fe79
fe09
fdbc
fd8f
fd73
fd69
fd78
fd8f
fdb4
fddd
fe01
fe22
fe3f
fe59
fe6c
fe84
fe9b
feab
feae
fea0
fe7a
fe3a
fde4
fd76
fcff
fc89
fc19
fbc2
fb93
fb9d
fbe2
fc4d
fce0
fd8c
fe4a
ff0a
ffc8
0085
0130
01d2
025f
02de
0345
038a
03b3
03b9
039c
035f
0309
029f
022d
01bd
0154
00fc
00c2
00a6
00ad
00cf
010d
015b
01b4
0218
0273
02cd
0313
0343
0354
0342
030a
02aa
021e
0180
00c7
000b
ff4a
fe93
fdec
fd59
fce0
fc7c
fc40
fc20
fc22
fc45
fc8e
fcf5
fd7e
fe19
fec4
ff78
0028
00ca
0151
01ba
01fd
0216
0204
01ce
016f
00f6
0060
ffb7
ff08
fe5f
fdbf
fd35
fcd5
fc9f
fc9c
fcd0
fd40
fdd5
fe93
ff62
002f
00f3
01a7
0245
02c5
0330
0378
039d
03af
03ab
0391
0363
031b
02c7
025d
01e6
016a
00eb
0071
0002
ffac
ff6d
ff57
ff63
ff98
fff7
0076
010d
01ac
0244
02ca
032e
0369
0372
0341
02e1
024b
0190
00b0
ffb9
feb8
fdb8
fcba
fbc4
fae8
fa1d
f979
f902
f8c3
f8be
f8f7
f96b
fa1c
fb02
fc18
fd4f
fe9b
ffee
0132
0256
0348
03ff
046a
0488
0454
03cc
02f3
01d3
007b
ff02
fd81
fc07
faab
f987
f8a9
f819
f7eb
f820
f8bc
f9b5
fafe
fc80
fe30
fffa
01ba
035b
04d4
0607
06e7
075f
0773
0723
0673
0575
0432
02ca
0151
ffdd
fe84
fd66
fc99
fc2a
fc24
fc8d
fd61
fe93
0012
01c1
0381
0539
06c5
080d
08fe
098b
09a8
0953
088d
0763
05e2
0415
020a
ffcd
fd7b
fb11
f8c7
f6af
f4eb
f386
f2a0
f245
f279
f33b
f481
f631
f846
fa9c
fd1c
ffa5
021f
046e
0665
07f7
0919
09b3
09c5
094f
0853
06d8
04fc
02cd
007a
fe30
fc1c
fa4c
f8e3
f7f0
f77d
f78f
f81b
f915
fa6f
fc11
fddc
ffb9
018a
033c
04bd
05f5
06d7
074d
074f
06d3
05e6
049a
0307
013c
ff5c
fd89
fbe4
fa82
f989
f90a
f910
f9a1
fab3
fc26
fdf4
0006
0229
0442
0644
080b
097f
0a94
0b38
0b65
0b18
0a54
0915
075e
0544
02d2
002d
fd80
faf3
f89d
f6a0
f51f
f421
f3ad
f3cb
f46c
f583
f6f8
f8ac
fa84
fc71
fe50
0003
0182
02b2
0385
03f8
0402
03aa
02fe
020a
00d5
ff89
fe3f
fd0d
fc08
fb48
fad6
fabd
fafe
fb86
fc4c
fd45
fe64
ff92
00c1
01e4
02ec
03c5
046c
04e2
051a
0522
04f2
048a
03e9
0318
021c
0113
000f
ff23
fe62
fde2
fdb1
fdd0
fe4b
ff0a
000d
0137
026b
037e
0473
0525
059a
05c2
05b3
0561
04e0
0439
0362
0272
015c
0034
fee5
fd99
fc65
fb3f
fa38
f973
f8f0
f8b1
f8c1
f914
f9a0
fa5d
fb3d
fc13
fcfa
fdc9
fe97
ff3f
ffcc
0029
0053
0042
fffe
ff95
ff12
fe89
fdfe
fd89
fd30
fd03
fd02
fd41
fdb2
fe59
ff26
ffff
00dc
01a7
025c
02dd
0338
0351
031b
029f
01e0
00e4
ffc0
fe8a
fd58
fc48
fb73
fae8
faaa
fadd
fb71
fc68
fdab
ff33
00f5
02c9
04a7
0671
081d
0987
0aa8
0b5a
0b99
0b57
0a93
0945
0787
0577
0337
00dd
fe82
fc58
fa71
f8dd
f7a6
f6e5
f684
f689
f6f1
f7a5
f89a
f9ca
fb22
fc94
fe0a
ff73
00b4
01bc
0284
02f8
0316
02df
025f
0193
008b
ff62
fe2c
fcff
fbf2
fb17
fa7e
fa33
fa33
fa82
fb12
fbe5
fce9
fe10
ff49
0085
01b9
02c8
03a5
0447
04a9
04c2
0496
0423
0369
0276
014e
fffd
fe94
fd37
fbe7
fabb
f9c4
f915
f8ac
f8a6
f903
f9c6
fae9
fc5f
fe1b
fff4
01de
03b5
0564
06cc
07e5
0892
08d6
08ab
081a
071b
05c5
041d
0237
0027
fdf8
fbdb
f9da
f814
f69a
f585
f4d5
f490
f4b9
f54f
f644
f793
f928
faeb
fcc4
fea4
007f
022d
03ad
04ed
05d8
0663
068d
065b
05d5
0511
0418
02f4
01bf
0086
ff56
fe43
fd5d
fcb1
fc45
fc28
fc56
fcd3
fd93
fe90
ffc4
0111
0268
03a5
04b6
0586
0607
0631
05fe
0576
0499
0377
021d
00a5
ff1e
fda4
fc41
fb1a
fa36
f9a8
f97b
f9b6
fa5e
fb6e
fce7
fea3
00a3
02c0
04d0
06a5
0830
0950
09f6
0a13
09b3
08d9
079c
0615
044a
025e
0061
fe6f
fc8b
facd
f947
f7fc
f6fc
f654
f602
f61d
f6a3
f794
f8f8
fab5
fcc2
feef
0133
0350
052e
06a6
07ac
0828
081b
0784
066b
04e7
030e
00fa
fec3
fc98
fa8b
f8b4
f72c
f60e
f55a
f526
f57a
f64e
f79d
f946
fb25
fd0e
fef8
00bf
024f
0394
048b
051d
0547
050a
0475
0399
0286
0154
000c
fed2
fda7
fca7
fbd3
fb3b
fae5
fad6
fb13
fb96
fc65
fd68
fe95
ffd7
0122
0260
037c
0463
0506
0553
0546
04de
0419
0317
01da
0076
fef8
fd84
fc15
fac2
f998
f8a3
f7ec
f78a
f784
f7de
f8a2
f9c1
fb33
fcdf
feb8
0089
0240
03bc
04f2
05c4
062c
0627
05b6
04ef
03cc
0279
0104
ffa0
fe46
fd1f
fc2e
fb87
fb29
fb1f
fb67
fbee
fcb2
fd8f
fe78
ff54
0021
00c3
013c
0185
01a6
019a
016d
0121
00be
004f
ffd8
ff62
fef2
fe9b
fe61
fe55
fe83
feea
ff8f
0063
015d
026e
0388
0490
0572
0620
068c
06aa
067f
0604
0540
0443
0311
01bb
005d
ff05
fdb6
fc84
fb77
fa8d
f9d7
f964
f93f
f970
f9e9
faa5
fb93
fcac
fddf
ff09
0021
0105
01a3
01d3
01a0
0105
0013
fedc
fd71
fbe2
fa4f
f8c7
f76d
f656
f5a3
f55c
f592
f651
f787
f93a
fb4c
fd9d
0016
028d
04e0
06dc
0876
098b
0a0d
09f5
094a
081b
0683
0495
0280
005a
fe51
fc73
fae1
f9b1
f8f0
f8ad
f8ef
f9b6
faef
fc89
fe6e
007e
02ac
04d3
06cb
0881
09e1
0acd
0b39
0b20
0a7e
0952
07ad
0595
032d
00a0
fe09
fb85
f932
f737
f599
f473
f3ce
f3b1
f419
f4f8
f63f
f7d5
f9a5
fb9d
fd91
ff75
0123
0274
034d
03a0
036a
02a6
016c
ffce
fdee
fbf4
f9f8
f820
f692
f55c
f497
f451
f48b
f54e
f693
f847
fa50
fca7
ff23
01a2
040b
0644
082b
09a4
0aa6
0b2a
0b2c
0ab4
09d4
089b
0724
058c
03ea
0253
00e9
ffc1
fee2
fe5d
fe33
fe61
fedc
ff97
007d
017d
028c
038d
0473
0526
059a
05cc
05aa
0531
0463
0345
01da
0036
fe79
fca5
fadd
f932
f7be
f689
f5ac
f533
f526
f586
f650
f778
f8ef
fa9e
fc6f
fe3f
0000
0192
02d6
03b5
0438
0455
041c
0391
02c4
01c2
00a3
ff78
fe51
fd49
fc73
fbd6
fb7b
fb56
fb7a
fbdf
fc7c
fd54
fe6b
ffab
0101
0261
03b4
04e7
05f6
06cd
0762
07af
07b8
0770
06e1
060c
0502
03d3
0290
014c
0017
fefb
fe14
fd68
fcf6
fcc5
fccc
fd0c
fd78
fe07
fead
ff60
000f
00a8
011b
015f
0173
0158
0107
0080
ffce
ff00
fe0a
fd00
fbfc
fafb
fa0f
f942
f898
f815
f7c8
f7b2
f7d0
f829
f8b3
f964
fa37
fb1e
fc15
fd09
fdfb
fee1
ffb2
006d
011a
01b1
0235
02aa
030f
036a
03b3
03f2
0427
044f
0464
0475
047a
0472
0471
0477
047a
0484
049e
04c1
04eb
0515
0542
0562
0569
054c
0509
0494
03f8
032a
023a
0131
001b
fef8
fdd4
fcc2
fbc2
fada
fa17
f977
f8f7
f8a3
f87e
f87e
f8a4
f8ec
f949
f9b7
fa39
fac1
fb4a
fbd2
fc50
fcb6
fcff
fd23
fd2b
fd12
fcd5
fc81
fc24
fbc4
fb6f
fb35
fb29
fb4c
fba6
fc37
fcef
fdd7
fedd
fff6
011a
0244
0366
0477
056f
064d
0703
078f
07f1
0821
081d
07ec
0793
071b
0699
060f
0584
0504
0494
0433
03e3
03a1
0370
0341
0311
02dd
02a0
0250
01ed
016e
00dc
0031
ff70
fea0
fdca
fced
fc21
fb5b
faa3
fa09
f98d
f925
f8db
f8b0
f89c
f8a1
f8bb
f8ef
f939
f998
fa09
fa87
fb0a
fb89
fbf6
fc4a
fc7d
fc85
fc5b
fc03
fb80
fadd
fa27
f971
f8cd
f85a
f823
f852
f8f1
fa0c
fb94
fd6e
ff7b
0190
0392
0561
06d1
07eb
089e
08f2
08f2
08ac
0820
0759
0667
0557
044c
0350
027b
01e8
019d
01aa
020c
02c0
03b1
04dd
062c
077b
08b8
09db
0abe
0b64
0bb8
0bae
0b40
0a6d
0937
079a
05b4
038d
0137
feb6
fc1c
f987
f709
f4b4
f2bb
f112
efd5
ef08
eea6
eeb0
ef29
f005
f136
f2bb
f472
f64e
f844
fa25
fbd7
fd4f
fe6e
ff2e
ff85
ff7a
ff0f
fe5f
fd77
fc67
fb59
fa62
f99e
f920
f8fe
f942
f9ef
fb06
fc70
fe21
000e
0223
0452
0679
088e
0a7b
0c16
0d5d
0e3c
0ea7
0e98
0e11
0d15
0bae
09f7
0807
060c
042a
0270
0104
ffec
ff2b
fed2
fee1
ff44
fffd
00fe
022e
0379
04d7
0626
0757
0855
090c
0978
097e
091f
0852
0718
0579
0380
0149
fee7
fc84
fa35
f81e
f670
f52d
f46a
f426
f45f
f504
f5f8
f722
f868
f9b7
faee
fbf9
fcd0
fd61
fdb0
fdbe
fd88
fd1b
fc8d
fbe4
fb31
fa8f
fa16
f9cc
f9cb
fa1d
fac2
fbb5
fcee
fe4d
ffc8
0158
02d6
043c
0575
0675
0734
07a9
07db
07d5
079c
073a
06b5
0616
0561
04a1
03ef
035e
02f5
02bb
02a5
02b4
02e4
0337
03aa
0436
04d3
0562
05d5
0616
061a
05dd
0550
0473
034a
01de
0037
fe72
fcaf
fb05
f98b
f869
f7bb
f78e
f7e1
f8a5
f9c2
fb29
fcc0
fe6b
0009
0184
02b5
0379
03c5
039a
02fa
01f8
00a0
fefb
fd1c
fb28
f93e
f78c
f645
f570
f512
f52e
f5b7
f69b
f7d3
f950
fb04
fce7
fede
00d6
02bb
0469
05b2
068f
06f2
06ce
0631
0522
03c1
022e
0096
ff07
fda5
fc8e
fbcf
fb77
fb88
fbfe
fcd5
fe0b
ff94
0169
0379
05b1
07ef
0a16
0bf9
0d77
0e60
0ea5
0e4a
0d48
0bbc
09b1
0749
04a8
01ed
ff3c
fccb
faa7
f8ed
f7a8
f6e6
f6a1
f6db
f788
f897
f9fa
fb91
fd3b
fed8
004c
0170
0228
0257
01fd
011b
ffc6
fe03
fbe9
f9a3
f745
f4f4
f2cc
f103
ef94
eea3
ee29
ee2d
eeb6
efb8
f128
f2fc
f51c
f76b
f9d0
fc3c
fe88
0088
0237
0379
0442
0498
047b
0402
0340
0253
014a
0040
ff4a
fe77
fdd6
fd7e
fd76
fdd4
fe93
ffb8
0131
02ee
04dc
06cf
08c3
0a97
0c42
0db2
0eeb
0fe6
10a9
1134
1189
11aa
119f
1167
1107
1082
0fda
0f11
0e2d
0d3e
0c3f
0b38
0a30
0926
0822
0727
063d
0567
049a
03db
031f
0264
019c
00cc
fffb
ff0f
fe1a
fd23
fc1e
fb1e
fa25
f93f
f873
f7c7
f73a
f6d4
f696
f67d
f68a
f6b9
f70c
f779
f7f5
f889
f928
f9d3
fa89
fb49
fc12
fce6
fdcd
feb9
ffaa
009f
018d
026a
0329
03c4
0436
047e
049a
0492
0468
0420
03b9
0342
02b7
0229
01a4
012d
00cf
008e
0072
007c
00b4
011d
01b5
027b
0360
0452
0535
05f6
067f
06c1
06af
064d
0592
0488
033c
01c3
0022
fe7d
fceb
fb76
fa2d
f921
f85e
f7e0
f7a6
f7a9
f7da
f838
f8af
f939
f9c8
fa56
fae1
fb57
fbaf
fbf2
fc1c
fc2f
fc39
fc37
fc23
fc0a
fbed
fbc0
fb9e
fb92
fba6
fbd8
fc2b
fca3
fd36
fde0
fea8
ff87
007b
017f
028d
0393
0483
055e
060a
0680
06b9
06b4
0673
05fa
0557
0491
03b8
02e0
0217
0173
00ff
00cb
00e0
012f
01b8
0277
0351
0430
0509
05c6
0656
06be
06e6
06d8
0699
0639
05b1
04fe
042d
034a
0252
015c
007d
ffb4
ff06
fe82
fe1f
fdd2
fda4
fd86
fd72
fd62
fd48
fd25
fcf5
fcbd
fc83
fc4f
fc29
fc1a
fc2c
fc59
fc9e
fcfc
fd61
fdc4
fe1e
fe65
fe96
feb8
fec7
febb
feac
fe8f
fe60
fe1e
fdd2
fd82
fd2d
fcd6
fc7f
fc25
fbcd
fb79
fb32
fb01
faed
fb09
fb52
fbd4
fc93
fd85
fea0
ffcc
0102
0232
0349
0438
04f5
056d
0594
0571
04fd
043a
0334
01ed
0075
fee4
fd46
fbb1
fa45
f928
f84c
f7d8
f7d3
f838
f904
fa1c
fb78
fd06
feba
0075
022c
03ce
0543
066c
0746
07cd
07fa
07d6
076a
06bb
05d9
04d8
03cf
02d8
0211
018d
0151
0163
01c5
0272
0360
047f
05cb
0721
0866
0983
0a6a
0afe
0b2e
0af2
0a54
0952
07f6
0651
0474
028b
009b
fec0
fd10
fbb0
fa9e
f9ea
f99d
f9b8
fa32
fb01
fc08
fd36
fe7a
ffb4
00d2
01c0
0270
02da
02ee
02a8
020c
011e
ffdd
fe68
fcd7
fb42
f9b4
f857
f73f
f671
f5fd
f5e7
f633
f6d3
f7b7
f8cd
f9fb
fb3f
fc8d
fdcf
ff08
0024
0117
01d2
0251
0290
0290
0255
01e8
0156
00aa
0003
ff7f
ff37
ff40
ffa0
0056
0150
0286
03e0
0541
0693
07ca
08bf
095b
0993
0968
08d8
07e5
06a2
0514
0364
0192
ffb2
fdd4
fc1b
fa85
f92c
f826
f782
f737
f749
f7ad
f84b
f91b
fa03
faf0
fbcf
fc8b
fd20
fd82
fda5
fd8e
fd3c
fcb2
fc01
fb37
fa66
f992
f8e1
f865
f822
f829
f885
f933
fa35
fb7b
fcea
fe7d
001b
01ba
0339
0493
05ba
0698
0727
0763
074e
06ec
064a
0570
0476
036d
026e
018e
00e9
0088
0080
00cf
017a
027e
03ca
054c
06f2
08ab
0a4b
0bba
0ce3
0dad
0e02
0ddd
0d30
0c00
0a61
0855
05f3
0360
00bf
fe1b
fba5
f97a
f7b4
f661
f58b
f53b
f565
f5fe
f6f5
f832
f9a1
fb27
fca9
fe16
ff4a
0037
00c3
00eb
00a6
0000
ff02
fdc0
fc5b
faf1
f99c
f877
f7a4
f72d
f721
f77c
f838
f94e
faad
fc41
fdeb
ffa2
014e
02d7
042f
054f
0625
06ad
06ec
06e0
0696
0617
056f
04aa
03da
0305
023e
0191
0106
00a6
0076
0071
009a
00f9
0185
0237
030a
03f2
04d6
05aa
065f
06e3
072c
072d
06e5
0650
057d
0466
031c
01ad
0026
fe91
fcfe
fb7f
fa15
f8d1
f7c1
f6ed
f658
f607
f5fd
f639
f6ae
f74d
f809
f8d7
f9a4
fa6c
fb28
fbce
fc62
fce4
fd42
fd83
fda4
fda4
fd86
fd4f
fd02
fca3
fc3f
fbdb
fb88
fb50
fb49
fb76
fbdf
fc85
fd63
fe70
ffa2
00ee
023f
0391
04da
060f
0721
0812
08d9
096d
09d0
09f6
09e8
09a0
0926
087f
07c4
06fa
062b
0561
049a
03d6
0322
0275
01d9
0150
00dc
0084
004b
002c
001e
001f
0023
0020
000d
ffe0
ff92
ff1f
fe8a
fdcd
fcf1
fc02
fb01
f9fc
f904
f81e
f76a
f6e2
f695
f688
f6bc
f732
f7d9
f8a3
f991
fa8d
fb83
fc64
fd23
fdb4
fe16
fe48
fe44
fe1b
fdd3
fd6c
fcf2
fc71
fbf2
fb89
fb43
fb2e
fb52
fbb3
fc4e
fd30
fe4e
ffa7
0131
02ee
04b1
0666
07fa
095f
0a7b
0b4b
0bc3
0be1
0bab
0b1b
0a3e
0918
07c8
0655
04cf
034a
01e5
00a2
ff97
fec9
fe3b
fdec
fddf
fdfa
fe44
fea5
ff14
ff7e
ffd8
0012
0026
0014
ffd7
ff7c
ff03
fe78
fde4
fd5a
fcd8
fc78
fc42
fc43
fc7d
fced
fd84
fe3a
ff0e
ffe2
00ac
015b
01e2
0229
0227
01de
0150
008c
ff98
fe85
fd65
fc48
fb39
fa56
f99d
f921
f8e6
f8f2
f93d
f9ca
fa8e
fb76
fc85
fdaa
fedf
0009
0137
0256
0355
042c
04e1
0560
05a3
05a8
0570
04ff
0462
03a6
02dc
022b
0196
0132
0104
0115
0160
01e6
02a0
0380
0477
0563
0631
06d6
0736
0743
0700
065a
0557
0401
025b
0081
fe9e
fcd3
fb20
f9b5
f8a3
f7f7
f7b9
f7fe
f8bb
f9ea
fb72
fd35
ff15
00ec
02a3
0417
0532
05d1
05ea
0570
046c
02fa
012a
ff18
fce9
facb
f8d2
f712
f5ac
f4ad
f412
f3e8
f430
f4e6
f5fa
f764
f905
faca
fca8
fe83
003a
01c1
02fd
03d2
043a
043a
03d9
032f
0250
0153
0049
ff53
fe8a
fe0e
fdf1
fe42
ff06
0034
01bf
039f
05ae
07c2
09d4
0bc2
0d6e
0ec2
0fbd
1046
1054
0fe5
0ef0
0d7d
0b9d
095d
06d4
042c
018e
ff23
fd02
fb62
fa46
f9b6
f9a9
fa0d
facd
fbcc
fcee
fe19
ff2d
000b
00a0
00e8
00d6
007d
ffdd
fefd
fde6
fcac
fb4e
f9e3
f88b
f757
f653
f59a
f53c
f538
f594
f63e
f72a
f848
f990
fae4
fc37
fd6d
fe6e
ff28
ff96
ffb6
ff97
ff37
fea0
fde4
fd11
fc39
fb6f
fadb
fa87
fa8b
fae9
fba7
fcc2
fe30
ffdc
01b2
03aa
05a2
0785
093c
0aaf
0bd0
0c8e
0ceb
0cde
0c70
0ba9
0a9d
0962
080a
06ae
055c
042b
0322
0248
01a2
0130
00e9
00ca
00d1
00f1
0121
015c
018e
01ae
01a4
0168
00ec
002d
ff2f
fdfc
fca0
fb2f
f9c6
f87a
f75b
f68a
f618
f607
f65f
f70f
f80c
f941
fa9c
fc09
fd77
fed8
0017
0127
0204
029a
02db
02c7
025b
019c
0096
ff56
fdeb
fc74
fafd
f998
f862
f76e
f6c7
f679
f68f
f704
f7d4
f8f7
fa54
fbde
fd8c
ff48
0100
02a0
0415
054c
0638
06e0
073f
0763
074c
0705
0691
05fa
054f
04a2
03f5
035c
02da
027b
023a
021e
0226
024f
0290
02e5
0343
039c
03ea
0423
043b
042b
03fc
03ad
0348
02d0
0245
01b6
0125
009a
0010
ff90
ff17
fead
fe52
fe0b
fde2
fddd
fdff
fe46
feb0
ff36
ffce
0077
0121
01c1
025b
02e2
0356
03ab
03da
03d7
039b
0325
026a
0178
004c
feff
fd92
fc19
faab
f951
f825
f732
f683
f61a
f5fd
f62c
f6a0
f754
f844
f963
faaa
fc03
fd6e
fedd
003c
0182
02a6
0394
0440
04a2
04bf
0498
0438
03b0
030a
025e
01bf
0140
00e4
00af
00b0
00ea
0158
01fc
02d5
03d3
04ee
0619
0735
0832
0908
099b
09e8
09dd
0979
08b8
079c
0630
0480
02aa
00c8
fef4
fd3e
fbc6
faa5
f9e1
f97d
f980
f9e5
faa4
fbb3
fcfc
fe6a
ffe1
0148
027e
0375
040f
0449
040f
0361
0245
00d1
ff10
fd26
fb39
f954
f796
f621
f502
f43f
f3ee
f405
f487
f569
f697
f7ff
f995
fb32
fcbf
fe2b
ff66
0066
0126
01a3
01ef
0215
0222
0216
0203
01f1
01ea
01fb
022d
0282
0303
03a6
046a
054e
0641
0736
0823
08f6
099d
0a12
0a46
0a38
09e2
093f
0851
0738
0606
04b8
0371
023d
0132
0051
ffa3
ff2c
fee6
fec3
feb9
feba
febe
fec1
feb1
fe85
fe4d
fe0c
fdc4
fd76
fd1f
fcc5
fc62
fc03
fba7
fb5d
fb22
fafe
faf6
fb04
fb2c
fb6a
fbb8
fc19
fc87
fcf7
fd61
fdc5
fe12
fe30
fe2d
fe00
fda9
fd37
fcac
fc17
fb89
fb09
fa9e
fa5f
fa50
fa7d
faf6
fbb8
fccd
fe26
ffaa
0143
02e8
0483
0600
074f
0865
091c
0967
093f
08a1
0791
061e
045d
0258
0046
fe32
fc3b
fa93
f950
f881
f830
f86f
f934
fa66
fbef
fda6
ff75
0133
02b9
03fb
04de
055c
0572
0520
0460
033c
01be
0001
fe1c
fc4d
fa9b
f935
f831
f7a4
f79a
f820
f930
faba
fca5
feba
00d8
02d9
049f
05ff
06ee
0750
071b
0651
04fb
033d
0137
ff0c
fcd6
facb
f900
f795
f6ae
f658
f6a2
f78a
f904
faef
fd49
ffdc
0290
0537
07b7
09d2
0b77
0c89
0d03
0ce5
0c33
0af3
0937
0729
04c1
0235
ff98
fd17
fabb
f8ab
f6fb
f5b2
f4da
f47e
f48e
f50a
f5e2
f6f8
f84b
f9b6
fb2c
fc88
fdc7
fec7
ff7c
ffdb
ffe8
ffa8
ff28
fe6c
fd85
fc95
fba2
fad3
fa41
fa06
fa26
faa3
fb7f
fcab
fe26
ffcf
019b
0366
0511
066e
0773
080d
0840
080e
0785
06b3
05a9
0481
034e
0232
0141
008e
0025
000e
0051
00e0
01af
02a4
03b6
04d0
05de
06cb
0792
081f
086c
086e
0818
076c
0662
0505
0365
01a9
ffd2
fdfe
fc3d
faa9
f941
f825
f757
f6df
f6ba
f6ea
f765
f82a
f935
fa6e
fbd1
fd43
feb4
0000
0125
01fc
0282
02aa
0277
01f2
0124
0028
ff15
fe0d
fd1a
fc5b
fbd9
fba2
fbb3
fc0a
fc98
fd50
fe2f
ff1f
0019
010f
01fe
02cf
037e
0403
0458
0475
0457
040a
0395
0305
0262
01be
0122
009a
002c
ffe1
ffbc
ffb9
ffd1
fffe
003b
0089
00ec
015d
01dc
025a
02cc
032b
0368
037b
0360
030f
028c
01e3
010e
001e
ff20
fe24
fd2f
fc57
fb99
fb09
faae
fa8d
faa9
fb08
fb9e
fc66
fd55
fe63
ff7c
0095
01a9
02a7
0385
043b
04bf
0502
0506
04ca
0454
03ad
02e1
01f7
00fb
ffff
ff0a
fe26
fd64
fccb
fc65
fc35
fc3a
fc79
fce7
fd81
fe38
ff0a
ffe4
00bc
018b
023d
02c4
0324
034d
033b
02f4
0274
01c4
00ef
fffd
fef8
fdf8
fd0e
fc48
fbbb
fb74
fb79
fbca
fc62
fd31
fe34
ff59
008c
01c5
02e2
03cf
047c
04db
04e8
04ab
0428
0368
027b
0176
0061
ff50
fe55
fd78
fcc5
fc41
fbf7
fbf2
fc26
fca2
fd5e
fe53
ff67
0083
01a1
02a8
0388
0433
049d
04c1
049b
042d
0384
02b5
01d3
00ea
0010
ff58
fecc
fe7a
fe6c
fea3
ff11
ffab
005d
0117
01ce
0271
02f7
0351
0373
0353
02ee
023d
0149
0023
fec8
fd56
fbec
fa8c
f959
f875
f7e4
f7b5
f7e8
f875
f94e
fa68
fba5
fcf1
fe43
ff81
0098
0187
0240
02b9
02f7
02fa
02c4
0266
01d9
012e
0080
ffd0
ff31
febd
fe82
fe84
fec0
ff34
ffd3
009b
017e
026a
0352
041d
04b6
0509
0513
04e2
047e
03f2
0344
0282
01b9
00f1
003c
ffa8
ff3f
ff02
fef8
ff24
ff7c
0001
00b0
017d
025e
033c
0402
04a3
0504
0516
04cf
0430
0339
01ec
0050
fe83
fc9e
fab2
f8e3
f756
f623
f55a
f503
f529
f5b4
f6aa
f7fb
f989
fb3c
fcf9
fe8d
ffe8
00e9
017f
019b
0143
007f
ff50
fdd4
fc22
fa68
f8bd
f749
f633
f595
f585
f60f
f738
f8ef
fb2d
fddc
00c5
03cd
06d8
09a9
0c1b
0e11
0f6c
101a
101d
0f75
0e31
0c6d
0a3f
07d0
0540
02a7
0038
fe13
fc4e
fafa
fa22
f9cc
f9ec
fa7d
fb6c
fca1
fe12
ff9c
0124
0290
03c9
04b2
0536
054f
0501
044d
033f
01e7
005e
fec1
fd20
fb95
fa32
f907
f81b
f77c
f72a
f72b
f784
f82b
f917
fa3d
fb85
fcd1
fe16
ff39
0017
00a4
00e0
00bb
0041
ff6d
fe5b
fd23
fbda
fa93
f96c
f87b
f7cf
f788
f7a4
f834
f938
faa1
fc57
fe58
008b
02d3
0521
0754
093b
0ac1
0bdf
0c86
0cc2
0c99
0c16
0b41
0a33
08ee
0790
062a
04cf
038b
026c
017e
00d0
0062
002d
0035
0068
00b0
00f5
0128
0144
0137
0100
0099
0008
ff59
fe8a
fdb7
fcec
fc38
fba5
fb3a
fb00
faf2
fb0f
fb5b
fbc5
fc48
fcdd
fd70
fe00
fe7a
fed1
ff00
ff01
fecc
fe5c
fdbe
fcfb
fc28
fb55
fa87
f9ce
f932
f8bb
f871
f856
f86e
f8bd
f93b
f9e6
fac0
fbc5
fced
fe2d
ff88
00e5
0230
036b
047f
055d
0602
066f
069f
069b
066c
0619
05ae
0531
04a7
0416
0388
0303
0290
0239
0206
01f8
020a
023d
0289
02e4
0340
0391
03cd
03e6
03d5
0397
032f
02a1
01f2
0130
005f
ff88
feb2
fde1
fd21
fc73
fbda
fb67
fb21
fb09
fb1e
fb64
fbd7
fc6d
fd1f
fdda
fe98
ff43
ffcb
0022
0047
0036
fff1
ff7d
fede
fe1f
fd51
fc78
fba6
faee
fa4f
f9db
f996
f986
f9b5
fa2e
faf0
fc01
fd56
fed6
007e
0246
040e
05d1
077c
0900
0a47
0b44
0bea
0c2f
0c0b
0b82
0a9a
0965
07ed
064b
048b
02c4
010b
ff75
fe1f
fd13
fc55
fbf2
fbe3
fc26
fcb7
fd88
fe8a
ffa8
00d2
01e1
02ce
0380
03e2
03ed
0397
02e6
01d8
007e
fef2
fd4b
fbaa
fa23
f8d8
f7d9
f72c
f6e0
f6e8
f745
f7f2
f8db
f9f0
fb25
fc69
fd99
feb3
ffb0
007a
0117
0179
0197
0171
0104
0062
ff99
fec6
fdf2
fd33
fc9c
fc37
fc12
fc36
fca6
fd63
fe67
ff91
00e6
0252
03b3
04ff
0634
0732
07f4
086f
089d
0878
0807
074f
0656
053a
03fc
02b8
0180
0060
ff68
fea3
fe12
fdc0
fda2
fdad
fdd9
fe22
fe73
febd
ff02
ff3a
ff59
ff5e
ff45
ff12
fecc
fe74
fe11
fdaf
fd5d
fd1f
fd03
fd0f
fd48
fdae
fe44
fef9
ffd5
00c2
01b3
02a3
036e
03f5
042b
0408
037c
0294
0155
ffca
fe14
fc43
fa6b
f8bd
f750
f63c
f595
f563
f5ad
f673
f7b4
f957
fb60
fd9e
fff3
0246
0477
0663
07f1
0910
09ae
09ba
0945
0855
0708
0582
03d7
0230
00ac
ff6a
fe7c
fdf8
fde4
fe41
ff02
0010
015e
02c8
043a
0597
06c7
07ae
0837
0856
0803
0748
062b
04b5
02fd
011d
ff23
fd39
fb6d
f9e7
f8bc
f7ff
f7c7
f81a
f8f6
fa44
fbf5
fde2
ffe3
01d7
0393
04fd
05fb
0674
066b
05df
04e2
0379
01af
ff93
fd33
faba
f846
f623
f460
f315
f261
f23d
f2b6
f3c1
f560
f777
f9e1
fc84
ff23
01af
0407
05fd
0791
0891
08f0
08a6
07c0
065d
049f
02b1
00af
feca
fd25
fbc9
fadc
fa61
fa66
fae7
fbd8
fd26
fec0
0085
024a
03fa
057b
06ad
0782
07f3
0800
07b4
0715
0634
0524
03ff
02cc
01ab
00ac
ffd4
ff3b
feed
feea
ff30
ffb4
0060
0128
01fb
02b2
0348
03a5
03b6
0378
02e4
0205
00ed
ffb4
fe5d
fcfc
fbb1
fa78
f966
f88e
f7ee
f78a
f75d
f75e
f789
f7d7
f83c
f8b7
f93a
f9ab
fa01
fa3c
fa4f
fa41
fa1a
f9e1
f9ae
f990
f98d
f9b1
fa0e
faa6
fb75
fc79
fdb2
ff0c
007d
01f0
035b
04b8
05f6
0708
07f3
089e
0904
0929
0907
08a1
0805
073f
0661
0580
04b2
0403
0383
0342
033b
036e
03d8
0464
0505
05b3
0653
06e4
074d
0789
0787
0745
06b8
05e6
04cc
0376
01fc
006b
feca
fd31
fbb4
fa5b
f93c
f86d
f7ea
f7b5
f7c9
f817
f89e
f958
fa36
fb34
fc32
fd1f
fde8
fe80
fed8
feea
feb6
fe3c
fd8c
fcae
fbb3
fab3
f9c9
f8fd
f85b
f7ec
f7b5
f7ba
f7fd
f879
f92e
fa1e
fb3e
fc8a
fdfa
ff79
0100
027d
03dc
0511
060f
06d1
0749
077d
0778
073e
06e1
066f
05f6
0588
0531
04ef
04bd
049a
0482
0469
044a
0422
03ec
03a0
0341
02c6
0230
0186
00c6
fff7
ff24
fe5c
fda6
fd04
fc83
fc1d
fbe0
fbcd
fbe6
fc26
fc88
fd03
fd8c
fe21
feb5
ff42
ffc5
002c
006c
008f
008e
006b
002a
ffd6
ff70
ff00
fe8d
fe19
fdae
fd52
fd04
fcc5
fc95
fc76
fc66
fc6a
fc81
fcab
fce4
fd20
fd68
fdab
fde1
fe0f
fe33
fe4a
fe5b
fe69
fe71
fe79
fe87
fea4
fed7
ff28
ff95
001b
00ad
0149
01ef
0291
032f
03cb
0456
04d3
0536
0585
05c0
05e7
05f8
05f6
05e5
05c2
058d
053c
04cc
043e
038e
02b5
01c1
00b9
ffb5
fec2
fdea
fd3e
fccc
fc95
fc99
fcd7
fd43
fde0
fea9
ff98
00a5
01cc
02f7
0419
051d
05eb
0664
0689
064e
05a7
04ac
0363
01e4
0041
fe93
fcf1
fb7e
fa3f
f93e
f881
f80c
f7dc
f7fa
f861
f914
fa08
fb2f
fc76
fdcd
ff21
005e
017b
0261
02fc
034b
0344
02e4
0230
0133
0002
feb4
fd5a
fc0e
faeb
fa0c
f989
f972
f9dc
fac4
fc2a
fdec
fff6
0223
0462
0689
0882
0a2f
0b76
0c44
0c92
0c63
0bbf
0aad
093d
0780
0592
0382
0179
ff9c
fdff
fcb1
fbd1
fb60
fb5c
fbc2
fc87
fd8c
febd
ffed
0103
01e8
028d
02e1
02da
027f
01d9
00ed
ffc4
fe80
fd2d
fbde
faa1
f991
f8b9
f81f
f7cf
f7c7
f803
f87e
f92a
f9fd
fae1
fbc9
fca3
fd69
fe1b
feb3
ff2f
ff8c
ffc8
ffe1
ffd2
ffb2
ff88
ff60
ff49
ff49
ff6f
ffb6
002c
00bb
0160
0211
02ba
0347
03b3
03f4
040b
03f9
03c7
0384
032e
02d4
0274
021b
01b5
0166
0133
0117
0122
0165
01d8
0277
0330
03f5
04af
0543
0594
058b
0525
0460
034c
01ec
0052
fe9d
fcd4
fb20
f99f
f863
f76d
f6d5
f694
f6ae
f730
f822
f981
fb45
fd52
ff7f
01ba
03d8
05b7
0729
081b
086f
081b
0720
0594
03a1
015c
fefd
fcb3
faaf
f8fe
f7cb
f720
f6fe
f774
f87a
fa05
fc08
fe62
00e4
037c
0604
0859
0a4e
0bcf
0cb2
0ce2
0c53
0b0d
0938
06dd
042c
0143
fe52
fb70
f8dc
f6be
f533
f44b
f418
f495
f5b8
f770
f991
fc01
fe83
00ef
030c
04c1
05ef
067d
066a
05b9
047b
02c8
00c5
fe99
fc75
fa70
f8b4
f764
f68b
f63e
f67f
f749
f897
fa5b
fc6c
feb7
0112
035f
0561
0705
0836
08dd
08fc
0895
07b9
067e
04f8
0343
017d
ffaf
fe02
fc87
fb58
fa7b
fa03
f9f4
fa4e
fb14
fc30
fd98
ff3b
0101
02b9
0456
05b4
06b9
0757
0783
0740
0698
0599
045f
0304
019d
004a
ff18
fe26
fd73
fd0a
fced
fd11
fd74
fdf6
fe88
ff23
ffac
000e
0044
0047
0017
ffbd
ff3e
fe9b
fded
fd2f
fc6c
fbad
faf5
fa51
f9c9
f967
f92d
f926
f954
f9b7
fa53
fb16
fbf3
fce8
fde4
fecc
ff9b
004a
00d1
012f
0166
017c
017c
0169
014f
0134
0124
0120
0129
013d
015d
018e
01d2
0225
0287
02f7
0365
03d6
0436
047f
04ad
04bd
04aa
0475
041e
03b2
0339
02bc
0238
01bc
0142
00d0
0069
0013
ffcc
ff9d
ff80
ff7a
ff86
ffa2
ffc7
fff3
0013
001a
0000
ffbe
ff51
feba
fe06
fd42
fc7f
fbc7
fb27
fa9f
fa3c
f9ff
f9f4
fa19
fa78
fb05
fbba
fc90
fd84
fe86
ff87
0081
0169
0222
02aa
02fa
030f
02ef
02a1
0231
01ae
0124
00a0
0025
ffbd
ff6e
ff31
ff07
feee
fee2
fee4
fef7
ff12
ff3a
ff67
ff9a
ffce
0001
0031
0060
0088
00af
00d4
00f9
011c
0144
0170
019d
01ce
0203
023a
026b
0295
02b7
02c8
02cf
02c6
02ad
0289
0257
021b
01d8
0191
0143
00f1
009c
0042
ffe5
ff80
ff18
feb3
fe4a
fde4
fd7e
fd19
fcb8
fc5b
fc07
fbc0
fb8f
fb76
fb7a
fba3
fbf2
fc6a
fd06
fdc0
fe94
ff73
0048
0108
01a9
021e
025e
0262
0229
01b4
0100
0016
ff03
fdce
fc8a
fb4f
fa27
f926
f864
f7e9
f7c2
f7f7
f88f
f97f
fac6
fc42
fdd3
ff61
00d5
0219
0312
03be
0418
0423
03e9
0376
02da
0229
0173
00d2
0056
000b
0002
0039
00ae
0159
0226
02fe
03da
049a
052f
058d
05ab
0585
051f
0480
03b5
02db
01f4
0116
004a
ff98
ff05
fe98
fe52
fe30
fe32
fe4e
fe84
fed1
ff2e
ff94
0000
0064
00b4
00e3
00eb
00bf
0061
ffd1
ff11
fe31
fd38
fc36
fb3d
fa5e
f9a6
f92b
f8f9
f910
f978
fa2f
fb2d
fc6a
fdce
ff46
00ce
0240
0382
0489
0547
05a9
05b1
055d
04af
03bb
0289
012c
ffae
fe27
fcb3
fb74
fa84
f9f9
f9e5
fa4a
fb28
fc71
fe04
ffc2
0190
0339
048f
057e
05f5
05f5
057c
049e
0364
01ef
004b
fea7
fd1b
fbbf
faae
f9f8
f99e
f9b7
fa48
fb45
fcb2
fe72
005c
0242
041c
05c0
0712
080c
08a1
08cb
088b
07eb
06f5
05c3
0454
02cc
0139
ffae
fe49
fd22
fc42
fbbd
fb9a
fbce
fc62
fd3c
fe4c
ff6b
008b
018c
0253
02cf
02fb
02da
026c
01b7
00ce
ffbc
fe87
fd5a
fc49
fb66
fac7
fa84
faa0
fb1e
fbf9
fd04
fe38
ff72
008a
016b
01fb
022e
01f8
0158
005c
ff12
fd8a
fbde
fa2c
f88f
f70e
f5e1
f510
f4a1
f4a0
f519
f5fd
f748
f8e8
fab4
fca5
fe8f
005d
01f6
034e
0450
04f7
0544
053b
04e3
0447
0378
0289
018c
008e
ffc4
ff39
fef5
fefa
ff53
fff4
00d1
01e2
0309
0442
0570
0677
0747
07c4
07df
078c
06be
0586
03f6
0227
0039
fe63
fcc8
fb81
fab6
fa74
fab6
fb75
fc96
fe0b
ffa7
0156
02e6
044a
0561
060f
064f
0616
056c
0452
02db
011f
ff3a
fd43
fb51
f984
f7ec
f69d
f5b6
f549
f55c
f5f5
f712
f8af
faa8
fce9
ff51
01c2
041a
0638
0808
0967
0a35
0a6b
0a08
091a
07bb
05fc
03fc
01d8
ffbb
fdad
fbd6
fa4b
f912
f83e
f7cf
f7ca
f829
f8e9
f9fd
fb55
fce2
fe91
004e
01f9
0365
0491
0573
05fc
0631
0610
059f
04e6
03f2
02d8
01a4
006d
ff42
fe32
fd4a
fc9e
fc44
fc3d
fc8a
fd23
fdfb
fefb
0011
012c
0231
0315
03cb
0447
0483
0483
044c
03ea
035b
02ac
01e9
0117
0044
ff7b
fec0
fe22
fdb4
fd78
fd73
fdac
fe18
feb0
ff70
0047
0121
01fd
02cb
0382
0417
0482
04b8
04b2
045f
03c0
02e9
01cd
007e
ff11
fd97
fc21
facc
f9a3
f8b2
f804
f798
f770
f786
f7d2
f84f
f8f7
f9b1
fa77
fb34
fbe5
fc78
fce6
fd30
fd60
fd84
fd97
fda9
fdbe
fdda
fdfe
fe29
fe63
feb0
ff1a
ffa3
0058
0135
022a
0339
0458
056b
0666
0740
07e9
084d
086b
083c
07c6
0719
0635
0533
0427
0319
021f
0148
00a1
0032
0002
0009
004e
00c6
0168
0233
0313
03ea
04a9
0540
059e
05b4
057a
04f0
0412
02f8
019d
0021
fe9a
fd11
fba8
fa76
f985
f8ec
f8a3
f8b1
f904
f98a
fa2a
fad4
fb84
fc27
fcb7
fd2b
fd74
fd82
fd54
fce9
fc41
fb6e
fa80
f984
f89c
f7dc
f756
f71f
f744
f7d0
f8c3
fa1a
fbd3
fdd9
000f
0266
04b9
06c6
0877
09c1
0a8d
0ae2
0abe
0a23
0916
07a4
05e3
03e7
01d4
ffc6
fdef
fc7a
fb76
fb07
fb2a
fbdf
fd1e
fecc
00c6
02e7
0504
06cb
0825
08fc
094d
091c
086f
0752
05d7
041c
023e
0064
feb1
fd3a
fc19
fb65
fb1f
fb45
fbd0
fca7
fdb4
fed7
fff0
00e6
01a0
020a
0218
01cf
0131
004b
ff2b
fddc
fc7b
fb19
f9c6
f8a2
f7be
f723
f6ea
f712
f7a8
f8af
fa1c
fbe2
fdef
000f
022b
041e
05b1
06ca
0754
0747
06ac
0594
0412
024a
0069
fe75
fc8e
fadc
f958
f82c
f761
f70c
f736
f7f0
f92c
fae6
fcff
ff40
019a
03de
05cb
0752
0855
08c6
08a0
07fb
06e7
0589
0408
0274
00ed
ff8a
fe5b
fd7e
fd04
fcf3
fd46
fdf3
fee5
0001
012b
0238
0319
03b0
03e7
03b5
030e
01fd
0085
feb9
fcb4
faa4
f8a8
f6d8
f562
f45d
f3de
f3f3
f498
f5d3
f788
f99f
fbfa
fe6a
00c6
02da
0497
05d5
067f
069a
061e
0521
03b0
01f3
000c
fe2d
fc70
fadc
f98b
f87c
f7bc
f750
f733
f76b
f7ec
f8af
f9b1
fae0
fc37
fda7
ff2e
00ac
020d
034f
0457
0520
05a2
05dd
05de
05ad
0554
04e0
045e
03dc
036e
031e
02f7
02fa
0326
036f
03ca
0423
046d
0497
0499
046f
0411
037c
02bb
01da
00d1
ffb3
fe8e
fd69
fc5c
fb6d
fab1
fa31
f9f9
fa10
fa72
fb19
fbef
fced
fdff
ff07
ffff
00d7
0183
01f9
0234
0236
01fb
018f
00fe
005e
ffc3
ff33
fec1
fe77
fe54
fe60
fe98
fef7
ff76
0005
0090
0114
0180
01c3
01e1
01d1
0193
0132
00b4
002b
ffae
ff4c
ff0a
fef0
ff02
ff3e
ffa0
0029
00ce
018e
0258
0327
03f8
04b5
0554
05cf
0616
0620
05e6
0563
0497
0384
023a
00c1
ff38
fdae
fc3a
faf5
f9e3
f916
f894
f866
f87e
f8e3
f97d
fa49
fb3a
fc38
fd31
fe1a
fee2
ff7b
ffed
0035
0055
005a
004e
0039
0025
0016
0011
000e
000d
0009
ffff
ffeb
ffdd
ffd9
ffe9
0011
005e
00c6
0140
01cf
0262
02f9
0388
0411
048a
04f6
0548
057b
0591
057c
0544
04d8
0440
0379
028d
0183
0070
ff69
fe81
fdc5
fd45
fd09
fd11
fd62
fdf2
feb3
ff8b
006c
0141
01ed
0260
0290
0270
01fd
0144
0044
fefd
fd82
fbe4
fa24
f868
f6cc
f56b
f462
f3c9
f3b7
f437
f54d
f6e6
f8f4
fb55
fddf
0080
0302
0538
070a
085a
090b
0911
086f
072b
0563
033a
00c2
fe30
fbb7
f972
f786
f608
f51b
f4cb
f512
f5f3
f761
f94a
fb84
fe07
009d
030c
0553
0745
08cb
09d5
0a64
0a7a
0a1a
0950
082d
06c8
053d
039a
0202
0087
ff3e
fe42
fd98
fd55
fd6f
fde2
fe92
ff73
0063
013e
01f6
0267
0281
0233
0184
007f
ff38
fdc7
fc4b
fae8
f9ba
f8db
f869
f870
f8f0
f9d8
fb0f
fc8b
fe24
ffc3
013f
028d
0391
0432
0474
045c
03f9
0350
0278
017d
0071
ff5d
fe53
fd62
fc92
fbee
fb91
fb78
fba9
fc29
fcee
fdf3
ff1b
005c
0198
02b3
038a
03fe
0408
03a0
02ce
019c
0034
feb4
fd3c
fbf2
faed
fa49
fa07
fa36
fad5
fbdc
fd39
fed9
00ad
0291
046c
061a
078b
0895
0927
0935
08b3
07b2
0644
047b
0274
0051
fe2d
fc32
fa80
f92f
f851
f7f1
f80f
f8ad
f9cb
fb55
fd3d
ff57
016e
035d
0505
064a
0711
0758
0719
0664
0541
03ca
021b
0049
fe75
fcc1
fb51
fa3d
f9a1
f991
fa0e
fb0d
fc76
fe28
0008
01e4
0394
04fa
05f8
0677
0671
05e9
04f5
03ae
021c
005f
fe8e
fcbd
fb14
f9ba
f8bd
f830
f817
f870
f937
fa60
fbd8
fd97
ff77
0151
030f
0497
05d3
06b1
072c
0741
06f2
0647
0556
0436
0303
01d3
00c4
fff7
ff71
ff41
ff68
ffde
0093
0172
0262
0354
0428
04d2
0544
0564
0526
0481
0381
0228
008d
fec0
fcd7
faf5
f92c
f79c
f665
f59a
f547
f56d
f604
f707
f865
fa08
fbd3
fda7
ff5a
00bc
01c3
0257
0274
021a
0157
0035
fecb
fd36
fb9f
fa2d
f8f2
f80b
f78d
f783
f7fb
f8f7
fa69
fc49
fe7a
00d5
0343
059e
07c5
0999
0b0b
0c07
0c85
0c8d
0c28
0b6b
0a68
093a
07f3
06aa
0576
046a
0395
02fe
02aa
029a
02c4
0324
03ae
0455
0506
05b0
0643
06af
06ea
06e9
069f
0604
0515
03d7
0245
0076
fe87
fc7e
fa78
f892
f6d1
f553
f426
f359
f2e4
f2cd
f300
f37e
f43f
f52b
f641
f773
f8a2
f9c4
fad0
fbb7
fc71
fd06
fd7b
fdcf
fe12
fe43
fe6a
fe83
fe9a
feaf
fec8
fee7
ff11
ff4c
ff97
fff8
0068
00dd
015f
01e1
025c
02d6
034a
03ba
042c
0496
0500
055a
05ad
05f6
063b
0679
06b6
06f5
073e
0784
07ce
0809
082d
0832
0806
07a3
06fa
0613
04df
036c
01cd
000e
fe41
fc72
fab5
f919
f7ac
f687
f5b4
f52d
f4fe
f51b
f577
f607
f6cd
f7be
f8d7
fa0e
fb4d
fc94
fdd8
ff00
000c
00f4
01ab
023a
0294
02b8
02a9
0273
021c
01c0
0164
011a
00f4
00f6
011d
0169
01d0
024c
02d2
0353
03cc
0431
047b
04a7
04a8
0478
0411
0373
02a3
01a8
0093
ff75
fe52
fd4f
fc73
fbd7
fb95
fbb0
fc27
fcea
fdf7
ff38
00a5
022d
03b1
0511
062d
06e9
0738
071a
068a
0585
0414
0248
0019
fdbc
fb33
f89d
f61d
f3c4
f1bd
f01a
eef6
ee73
ee91
ef5f
f0c8
f2d3
f551
f817
fb0a
fdf6
00bd
0320
0515
068e
0771
07cc
079b
06f3
05e5
049b
0339
01e0
00ae
ffc2
ff2c
fefc
ff37
ffdc
00e3
0247
03e9
05a4
0776
092f
0ab4
0be6
0cab
0ced
0c9f
0bbc
0a57
088c
0667
040f
01a9
ff3e
fd02
fb10
f980
f86a
f7d3
f7ca
f840
f925
fa57
fbb7
fd28
fe77
ff89
0049
00a9
00b7
006a
ffc4
fed4
fdb1
fc5e
faf9
f99c
f84f
f744
f68d
f638
f64d
f6cb
f7a5
f8dc
fa52
fbd8
fd6b
fee3
0016
0102
0197
01d4
01c4
0172
00ec
0049
ff99
fef0
fe68
fe05
fde4
fe10
fe93
ff7a
00b7
0244
040f
05ff
07ec
09b6
0b46
0c7b
0d3d
0d81
0d3c
0c70
0b22
096f
0776
054b
031c
0111
ff5e
fe04
fd22
fcc5
fce2
fd77
fe68
ffa6
010d
0284
03e6
0511
05f2
0667
065c
05bc
0481
02b6
0054
fd9e
fac1
f7cc
f50d
f2a3
f0ba
ef73
eeec
ef2e
f02d
f1d3
f3ef
f674
f922
fbd1
fe72
00c4
02ad
0417
04f4
053b
04fa
0438
0300
0171
ffa5
fdbf
fc00
fa8a
f986
f90f
f931
f9f7
fb57
fd4a
ffa1
0250
0506
0798
09f5
0bd7
0d25
0dd6
0dd5
0d2a
0be3
0a22
0811
05f4
03e5
020a
0094
ff87
fef5
feda
ff29
ffd8
00cd
01f4
0330
0475
059b
069a
075a
07be
07bd
0748
065f
0507
034a
0138
feeb
fc80
fa1d
f7eb
f618
f4b7
f3df
f393
f3cd
f482
f596
f6fa
f88b
fa28
fbad
fd10
fe31
fefc
ff72
ff92
ff70
ff13
fe94
fe04
fd79
fd05
fcb9
fcab
fce4
fd65
fe2c
ff36
008e
0226
03f0
05ef
07ed
09cc
0b67
0c98
0d3a
0d41
0ca4
0b6f
09bf
07af
0576
0344
0141
ff73
fdf9
fcd3
fc0a
fb9e
fb8d
fbce
fc56
fd17
fe05
ff16
0036
0157
025f
0337
03c7
03fc
03c4
031f
0205
0088
fecc
fce6
fb09
f95d
f810
f734
f6d9
f6f1
f783
f87a
f9be
fb48
fcff
fec5
007a
0213
036b
0469
0503
0535
04f8
0458
0364
0232
00e1
ff80
fe2b
fcf9
fbf3
fb27
faa4
fa68
fa7f
fae0
fb87
fc79
fda2
fef1
0056
01bd
0301
041c
0501
059f
05f5
0609
05d9
056b
04bb
03e3
02ed
01db
00c4
ffb9
fecd
fe0b
fd82
fd2c
fd0c
fd22
fd5c
fda3
fdfd
fe52
fea0
fede
ff05
ff11
ff02
fedf
feaa
fe6e
fe28
fde8
fdbd
fd92
fd84
fd9c
fdd0
fe21
fe89
ff00
ff81
000e
00a3
0138
01c5
023b
029f
02e3
02fd
0301
02e7
02af
0269
0219
01c9
0186
0158
013b
0141
016b
01b3
0216
028c
0307
0374
03c5
03ee
03e1
03a2
0330
028f
01c4
00db
ffdf
fed4
fdc6
fcc1
fbca
faf9
fa49
f9d4
f992
f99a
f9ee
fa85
fb5c
fc66
fd9d
fef2
0050
01a8
02e0
03e3
04a3
0511
0519
04b7
03ee
02b5
0114
ff2c
fd16
faf7
f8ee
f71f
f5ad
f4a9
f42b
f444
f4ee
f625
f7d8
f9e2
fc2f
fea1
010b
0348
052e
069a
0777
07bb
076c
0690
0543
03a5
01e2
0014
fe68
fd05
fc04
fb7e
fb81
fc0e
fd22
fe9d
0060
0251
0448
0618
07aa
08dd
09a4
09f4
09c9
091e
07fe
0675
0488
0255
ffe1
fd5d
faf1
f8bd
f6ec
f599
f4d6
f4bb
f549
f65f
f7ff
fa08
fc57
febd
0129
036b
056a
0703
081c
08ab
0894
07e3
06a5
04e3
02c3
0092
fe78
fc90
fb00
f9de
f92c
f8f2
f92b
f9c4
fab0
fbd0
fd11
fe61
ffa9
00dc
01ef
02b9
032d
033d
02e2
0239
0153
0039
ff10
fe09
fd32
fcb0
fc9e
fd03
fdda
ff12
0093
023d
03e7
0563
06af
0795
0809
080f
079b
06be
057b
03d9
01de
ffb6
fd70
fb40
f95d
f7eb
f703
f6bd
f712
f807
f984
fb65
fd93
ffd3
01f0
03d4
055e
0660
06da
06cb
0627
0504
0371
018e
ff83
fd77
fb95
fa0c
f8f6
f875
f88f
f943
fa87
fc3a
fe34
0055
027b
046a
0609
073a
07e8
07fc
0780
0686
051c
035b
0152
ff22
fcdb
fab1
f8cc
f759
f66c
f62c
f69a
f7c0
f998
fbf7
fec7
01cb
04c5
0774
09b3
0b59
0c52
0c99
0c32
0b2a
098a
0763
04d2
01e2
feb0
fb86
f87f
f5ca
f389
f1f9
f11b
f0ff
f1a6
f2fc
f4ec
f74c
f9fd
fcc8
ff88
0211
044c
0605
072f
07b7
07a5
0715
061e
04d8
0366
01fe
00b2
ffa6
feee
fe9c
feaf
ff1a
ffd9
00d3
01f8
032d
0460
0561
0614
0669
0651
05d2
04f6
03c9
026d
010a
ffb0
fe86
fda2
fd14
fce2
fd04
fd74
fe24
ff03
fff6
00f7
01db
0284
02f2
0307
02b7
0201
00f6
ff9c
fe1a
fc7e
fae2
f969
f81f
f716
f65b
f5e6
f5c7
f5fa
f676
f741
f84b
f987
faf0
fc6b
fdd5
ff27
004b
0134
01d5
022d
0236
01f8
017d
00d7
001c
ff5e
feb3
fe2c
fdd9
fdbe
fde7
fe50
fef6
ffda
00e1
0204
0333
0453
0551
0620
06b0
06fb
06fb
06b2
0622
0550
0449
031e
01d8
0083
ff3d
fe12
fd12
fc57
fbf1
fbe7
fc3f
fcf5
fdfa
ff3b
009e
0205
0355
046f
053c
05ae
05bb
0566
04ae
039a
023d
00aa
fef2
fd29
fb76
f9e7
f87e
f750
f667
f5ca
f57a
f576
f5be
f646
f6ff
f7eb
f8f5
fa0e
fb35
fc5a
fd65
fe4f
ff1a
ffc2
0049
00ab
00f0
0118
0123
0114
00fd
00d9
00b7
009f
009b
00b2
00eb
0143
01bb
0248
02d1
034f
03bb
0405
042d
042f
040a
03c1
0357
02d2
0242
01aa
011b
00a2
004e
0021
0030
007a
0108
01d5
02cd
03e9
04ff
05f6
06a8
0703
06ff
0699
05da
04da
03ab
025b
0100
ffae
fe6e
fd47
fc50
fb90
fb0a
fac1
fabf
fb01
fb8d
fc71
fd9e
ff0a
009a
0232
03ad
04d5
0588
05b5
054a
0448
02b3
00a4
fe44
fbb4
f913
f688
f454
f27d
f129
f069
f04e
f0e3
f225
f40c
f66b
f90c
fbbc
fe58
00aa
029f
0425
052a
059d
0586
04f2
03fb
02c4
0168
0000
feb4
fd9e
fcd1
fc5d
fc4a
fca7
fd6f
fe9a
001e
01d9
03a7
0581
0737
08a9
09cc
0a7e
0ab9
0a6d
09a7
0875
06f0
052c
033e
0146
ff56
fd8c
fc00
fab7
f9ce
f959
f95a
f9e5
faec
fc5f
fe25
001f
0213
03e0
055f
0677
070f
0716
0699
059d
042b
026a
0093
feb0
fcea
fb64
fa29
f941
f8bb
f897
f8be
f922
f99f
fa2e
faaf
fb1d
fb75
fbb3
fbd9
fbf0
fbf6
fbee
fbeb
fbec
fbfa
fc22
fc78
fcfe
fdc2
fec1
fffb
0163
02df
0462
05c4
06ed
07cb
084b
085a
07f6
0726
05ed
0460
028d
0098
fea4
fccb
fb1d
f9bf
f8b9
f835
f840
f8e8
fa1c
fbcc
fdd8
001c
026e
0497
067d
07e9
08aa
08ae
07f2
0692
04ab
0254
ffb7
fd03
fa5d
f7f1
f5ea
f46e
f399
f380
f42a
f595
f7ac
fa46
fd53
0086
03a5
0684
08f1
0abd
0bca
0c11
0b97
0a6c
08a6
066c
03ef
0152
feca
fc76
fa6a
f8d5
f7c7
f747
f76c
f82d
f975
fb31
fd3e
ff69
018b
0381
052a
066b
0720
0742
06c7
05a0
03f7
01ff
ffba
fd5c
fb14
f8fb
f71f
f5a6
f49f
f40a
f3f2
f453
f527
f65d
f7e4
f9a4
fb7c
fd3c
feca
000b
00ee
016f
0194
015e
00f3
0073
ffdb
ff59
fefa
fed1
fee3
ff39
ffcf
0091
017d
0282
0390
0483
0551
05f3
0653
066c
0647
05eb
0565
04c4
0420
038a
0314
02d4
02c8
02f8
0360
03f8
04b2
057c
063f
06d4
0733
074a
0709
066e
0570
0424
0287
00a3
fe8f
fc67
fa32
f810
f62b
f48b
f342
f27c
f22c
f262
f317
f449
f5e4
f7c5
f9d7
fbf6
fdfb
ffbe
012d
022e
02ae
02a7
0229
0148
0023
fed7
fd85
fc4b
fb44
fa93
fa4b
fa7b
fb24
fc3a
fdb1
ff84
01a7
03f3
066a
08d2
0b00
0cdf
0e50
0f3d
0f99
0f61
0e96
0d4e
0b94
0992
0767
0532
0315
013b
ffa8
fe77
fdbb
fd6f
fd90
fe0c
fecc
ffbd
00c4
01c4
029f
0340
038b
0377
0300
022d
010e
ffae
fe1d
fc79
faca
f923
f7a2
f64a
f526
f43d
f395
f32f
f316
f345
f3c2
f487
f580
f69e
f7d2
f900
fa20
fb28
fc10
fcd3
fd7f
fe18
fea7
ff36
ffc7
005e
00fe
01a5
025d
031e
03ea
04ba
0589
065d
0728
07e8
089d
093a
09c1
0a22
0a59
0a53
0a0a
0975
0893
0779
061f
04a7
0325
01a6
0046
ff22
fe3b
fda3
fd52
fd46
fd72
fdce
fe49
fed4
ff60
ffce
001a
0032
0015
ffc4
ff36
fe70
fd76
fc4f
fb14
f9d3
f89b
f787
f6ae
f61c
f5ee
f62c
f6d6
f7eb
f958
fb00
fcd2
feb2
0082
0227
0396
04b4
057e
05f0
0604
05c0
052a
044e
0340
020e
00da
ffbc
fed0
fe20
fdba
fda5
fddf
fe67
ff35
003a
0166
029f
03d5
04ec
05c7
0660
06a5
0691
0621
0559
043f
02f3
0177
ffe4
fe52
fccf
fb6e
fa41
f957
f8b7
f874
f88a
f8f8
f9b2
faac
fbd3
fd0e
fe3b
ff44
000e
007f
0088
0026
ff61
fe4a
fcfb
fb95
fa3b
f90f
f843
f7fb
f845
f921
fa5f
fbd8
fd6e
fef5
0044
0158
0228
02b9
0312
0333
0323
02eb
0296
023b
01f1
01c2
01c7
0206
0286
0342
042b
0536
064e
0754
082d
08ce
0927
093b
0903
0872
0788
0645
04b3
02ec
00f6
fee2
fcbd
fa9a
f88c
f6a8
f52c
f408
f357
f318
f33f
f3d5
f4c2
f601
f77d
f91c
facf
fc7f
fe05
ff3f
0024
00a0
00a3
003c
ff73
fe5f
fd20
fbcf
fa9e
f9ab
f91b
f900
f96f
fa61
fbcb
fd96
ffa3
01e3
042b
065a
0861
0a14
0b54
0c18
0c4d
0beb
0afd
098b
07a4
056e
030b
00aa
fe8c
fcc8
fb84
facd
faa2
fb12
fc04
fd70
ff3f
0156
038b
05ca
07f5
09d9
0b69
0c8d
0d30
0d3c
0ca9
0b7c
09bb
0774
04d2
01fe
ff19
fc5c
fa06
f825
f6d4
f629
f61e
f694
f76f
f882
f9aa
faca
fbb6
fc68
fccd
fceb
fcba
fc4d
fbb0
faf2
fa39
f992
f91f
f8f4
f921
f9a8
fa8b
fbb4
fcfb
fe62
ffc3
0100
0210
02e1
0366
03a3
039f
0372
0330
02e2
0295
0257
0222
0215
0250
02c7
037b
046e
0580
06ae
07f0
0935
0a6c
0b7a
0c37
0c87
0c5b
0b9b
0a44
0859
05ed
0329
002f
fd1f
fa48
f7cf
f5e7
f4c6
f47d
f502
f63f
f81d
fa77
fd18
ffe1
029b
050b
06f4
0842
08e7
08dd
0827
06c6
04c3
023d
ff5e
fc77
f9bb
f75b
f57f
f432
f388
f383
f42b
f56c
f741
f97f
fbf1
fe7c
00d9
02d5
044c
0524
0558
04e5
03e9
0282
00d8
ff18
fd65
fbe4
faa5
f9bf
f93d
f926
f989
fa59
fbab
fd61
ff6e
01b6
03ff
061c
07de
0930
0a00
0a5b
0a4a
09cc
090b
0813
06fd
05f4
04f5
0425
0384
031e
02f5
02fd
032b
0361
0398
039a
0359
02bc
01b0
0027
fe34
fbf0
f97e
f6f8
f483
f253
f081
ef26
ee69
ee4a
eeb7
efb8
f12e
f304
f51a
f766
f9c6
fc0d
fe25
fff1
0152
0228
0270
0227
015d
002a
feb9
fd30
fbbb
fa82
f9a2
f92c
f932
f9b6
fab0
fc1a
fdf9
0025
0283
050a
0772
0991
0b57
0ca3
0d70
0dc6
0dab
0d30
0c6e
0b7c
0a7b
0977
087d
07ac
070e
06a9
068b
06b1
0718
07b2
0875
0944
0a0d
0ac7
0b55
0ba1
0b90
0b23
0a4b
090a
0778
059a
0386
015c
ff30
fd18
fb32
f996
f851
f761
f6d1
f69d
f6c0
f723
f7bf
f881
f951
fa1e
fae7
fb93
fc29
fcac
fd25
fd93
fe05
fe82
ff08
ff96
001f
00a1
010e
0162
0193
01a4
0196
0171
0138
00f1
009a
0040
ffe1
ff87
ff40
ff0f
ff00
ff19
ff60
ffd0
0068
0121
01e5
0297
0322
0378
0389
0355
02d7
0219
012e
0021
ff02
fde4
fcd5
fbdc
fafb
fa32
f97e
f8df
f856
f7dd
f776
f71e
f6d8
f6ad
f69b
f6b0
f6ed
f753
f7e8
f8a2
f983
fa80
fb94
fcb5
fdd3
feef
fffc
00f0
01c7
027a
0307
036b
03ac
03d4
03dc
03d8
03be
0390
034e
02fc
029a
0234
01d1
017f
0145
012e
013b
0174
01db
0277
0349
0449
0571
06aa
07e0
08f8
09d0
0a52
0a6a
0a07
0931
07e7
0640
0466
0268
0066
fe83
fcd4
fb6d
fa6e
f9dc
f9b3
f9f6
fa8b
fb61
fc60
fd69
fe64
ff34
ffc3
0003
fff8
ffaa
ff27
fe81
fdd1
fd2b
fc9e
fc39
fbfa
fbe6
fc02
fc46
fcae
fd42
fdf6
fec8
ffb2
00a2
018c
026b
0333
03dc
0465
04bf
04e6
04d4
0488
0416
0387
02eb
0257
01e2
0196
017b
0194
01de
0246
02c7
034a
03b8
03f8
03f5
03a2
02f9
01f9
00a9
ff16
fd62
fb9c
f9ef
f887
f772
f6d3
f6b1
f70e
f91d
fafa
fd09
ff1c
0120
02eb
0461
0561
05c8
0596
04c1
0368
0191
ff56
fce9
fa61
f7ef
f5c8
f412
f2f4
f27f
f2c5
f3cc
f589
f7e0
faad
fdbf
00d0
03ba
0660
0883
0a19
0b0b
0b4e
0ae4
09de
0856
0673
045f
023c
0038
fe6f
fcfc
fc00
fb7d
fb76
fbe4
fcaf
fdcb
ff1a
0081
01e9
0339
045f
053b
05be
05d3
0575
049e
0360
01d4
0002
fe0f
fc19
fa3d
f899
f741
f64a
f5ae
f55e
f559
f58d
f5fd
f697
f75d
f839
f924
fa1a
fb0f
fc04
fcf6
fde0
feca
ffb5
00ac
01c3
02f3
044f
05bd
072d
088e
09ca
0ac5
0b63
0b9d
0b50
0a7e
0936
0783
0581
0346
00e8
fe9f
fc70
fa7e
f8e7
f7bc
f70e
f6ef
f764
f84b
f9a3
fb40
fd0b
fed9
007c
01e4
02ee
0385
039f
033b
0258
0102
ff52
fd61
fb57
f956
f78e
f62a
f54b
f50b
f580
f6a2
f869
faa6
fd42
000d
02db
057d
07d7
09c0
0b1c
0be1
0c01
0b7f
0a68
08ce
06cb
0486
0220
ffd9
fdb9
fbf9
faa2
f9c0
f961
f988
fa28
fb45
fcbd
fe6e
0030
01ef
037e
04c8
05b6
062c
0639
05b8
04b2
033f
0166
ff53
fd38
fb35
f95d
f7cc
f690
f5a4
f511
f4cb
f4d5
f52d
f5b7
f67c
f766
f85f
f960
fa5c
fb4e
fc23
fcf2
fdac
fe5f
ff0f
ffc4
0084
0151
021d
02e7
03a7
045b
04ea
054f
0589
058b
055b
04f4
045e
03a5
02dc
020a
014e
00b9
005a
0046
0083
0112
01f3
0326
0496
0621
07b1
0932
0a92
0bb6
0c90
0d06
0cfb
0c67
0b40
0982
0746
04a7
01bf
fea7
fb89
f890
f5e0
f386
f1a4
f058
ef94
ef5f
efb4
f083
f1c1
f35d
f540
f748
f956
fb46
fced
fe2a
fef2
ff37
feff
fe58
fd58
fc11
faa5
f92d
f7c3
f67d
f573
f4b9
f462
f478
f507
f613
f798
f98c
fbdc
fe5f
0101
03ab
0625
0859
0a36
0bad
0cb2
0d48
0d76
0d40
0cb7
0be1
0ad2
099e
085e
072e
0622
0544
049c
0427
03e0
03c4
03cb
03ed
0421
0469
04b2
04f7
0531
054d
0540
0501
048a
03cc
02cf
0191
0014
fe67
fca0
facb
f905
f75d
f5f8
f4da
f415
f3af
f3b4
f40b
f4ae
f595
f6a4
f7d1
f903
fa25
fb23
fbfb
fc96
fcfb
fd24
fd15
fcd4
fc69
fbda
fb4a
fad4
fa8a
fa81
fac0
fb45
fc17
fd34
fe7d
ffef
0172
02db
042c
054a
0626
06c2
0720
0748
0742
071e
06ee
06b4
0677
0641
0629
0627
0641
0677
06c2
0712
0757
0789
078a
0751
06d8
0612
04ff
03ae
0232
009d
ff17
fdb8
fc97
fbd4
fb7a
fb9d
fc41
fd63
fef2
00cc
02d7
04ef
06df
0874
098e
09fc
09a8
0893
06c6
0455
0163
fe1a
fab8
f757
f42f
f17c
ef49
edb2
eccb
ec99
ed12
ee28
efc6
f1cd
f433
f6d3
f991
fc43
febf
00f6
02bb
03f2
0494
049d
040c
02fb
0183
ffdb
fe3a
fccb
fbab
fafe
fad6
fb3e
fc32
fdaa
ff8f
01ac
03ee
062e
0846
0a0b
0b74
0c5b
0cb9
0c85
0be5
0aff
09e8
08be
07ae
06c5
0615
05b6
05a0
05ce
0629
0698
06fa
0738
0730
06ea
062d
04fa
0352
014c
fefb
fc7f
f9fb
f7a6
f58b
f3c9
f278
f1a9
f156
f18b
f239
f34f
f4c5
f67a
f859
fa43
fc14
fdad
feed
ffac
ffd1
ff65
fe73
fd20
fb82
f9c1
f80e
f691
f56f
f4e6
f511
f5fd
f7a7
f9fb
fcd5
fff0
0338
067c
0986
0c35
0e7a
1032
1146
11b1
116e
1085
0ef5
0ce9
0a89
0806
058c
0365
01ab
007c
ffe5
ffd4
0033
00ec
01d8
02d6
03c3
047a
04eb
050d
04eb
048a
03e8
0311
0209
00d5
ff8a
fe46
fd0a
fbf9
fb25
fa99
fa4a
fa36
fa57
fa98
faea
fb36
fb72
fb72
fb26
fa8e
f9b3
f8a4
f773
f632
f4ff
f3f1
f326
f2c8
f2e7
f393
f4c6
f66c
f876
fab9
fd16
ff69
0188
0346
049a
0566
0595
0532
043f
02e0
012d
ff5e
fdb0
fc53
fb6e
fb18
fb52
fc08
fd2a
fea0
004b
01fb
03a2
0532
06a1
07d2
08c4
0960
098b
0938
0862
071d
0577
038f
018b
ff99
fddc
fc80
fbab
fb69
fbc1
fc9f
fdf2
ff9d
0185
0379
0572
074c
08fb
0a65
0b6f
0c02
0c08
0b7f
0a65
08cb
06b9
045d
01bd
fef9
fc25
f96e
f6dd
f498
f2bb
f15b
f071
eff8
efed
f046
f0ff
f20c
f35f
f4da
f66e
f815
f9c7
fb7b
fd2a
feb4
0011
0132
0211
02af
030c
0324
02fe
029f
0210
0159
008c
ffb6
fee5
fe26
fd85
fd07
fcb8
fc9e
fcc0
fd20
fdc3
fea2
ffbd
0104
026c
03de
0540
0679
0780
083c
08a9
08c3
088c
0809
0742
0641
050e
03c6
0282
0163
0079
ffe4
ffa9
ffc7
002f
00cd
018f
0260
0339
0400
04b2
0543
05bc
0611
0650
066b
066d
064f
060f
05b0
0524
0474
0398
0298
0162
0017
fec2
fd76
fc2c
fb0c
fa1d
f96e
f904
f8f3
f938
f9d8
fad4
fc12
fd80
ff00
0084
01ec
0327
0426
04e5
0556
0577
054a
04c7
03f5
02de
0181
ffe7
fe35
fc77
fac0
f92d
f7d9
f6d9
f648
f637
f69c
f77f
f8db
fa9d
fca2
fec9
0102
032f
0527
06d3
0817
08e3
0928
08e4
0814
06ba
04ea
02c3
0064
fdf0
fba9
f9ba
f83b
f748
f6f1
f732
f811
f98b
fb89
fdf3
009b
0361
05fc
0842
0a0b
0b47
0bd5
0bb6
0afb
09bb
0823
0653
045f
0276
00c9
ff63
fe68
fdfa
fe1f
fed9
0007
01a6
0370
0545
0707
088b
09ba
0a72
0aab
0a50
0958
07e0
0605
03d9
0192
ff4d
fd1b
fb0a
f93f
f7ad
f677
f5ad
f53f
f529
f54e
f59b
f5fe
f66e
f6ea
f76b
f7ef
f877
f908
f995
fa2f
fade
fb92
fc3c
fce9
fd85
fe05
fe63
fe9a
fea8
fe93
fe73
fe2b
fdc4
fd3f
fca4
fbfc
fb4c
faa5
fa12
f9b2
f98e
f9c2
fa5e
fb74
fd16
ff3d
01db
04dc
07f7
0b09
0de5
1055
1240
138b
1421
13dd
12d1
10ff
0e7f
0b6f
07f7
045d
00bd
fd60
fa89
f853
f6e0
f64b
f693
f799
f93e
fb49
fd80
ffae
019c
0316
03fd
043b
03c0
027f
0084
fde3
fab5
f758
f3f3
f0c8
ee14
ec02
eac8
ea73
eb08
ec74
ee7f
f0ec
f39c
f64f
f8cd
fb07
fcda
fe26
feea
ff35
ff09
fe93
fdd1
fcf2
fc0a
fb37
fa9b
fa4e
fa70
fafc
fbfc
fd60
ff25
0115
031f
051a
06dd
083d
092c
09b2
09d5
0998
0910
0864
0777
067a
057e
0495
03ce
0345
02fa
0300
0352
03f2
04d6
05e5
070c
083c
0959
0a52
0b14
0b87
0b96
0b46
0a9c
09b3
089a
075e
0617
04e3
03d1
030a
029b
0292
02dd
036f
0441
0528
0605
06bf
0731
0730
06a4
0590
040f
022e
000c
fdcd
fb9c
f9a8
f80f
f6fc
f67c
f699
f755
f8a3
fa64
fc64
fe8e
00b7
02b2
0469
05c3
06af
0722
070d
0671
0554
03c3
01e8
ffe9
fde4
fbf6
fa43
f8d6
f7c9
f723
f6e7
f713
f79b
f870
f98d
fae7
fc69
fe08
ffa7
0125
0269
035a
03e4
0404
03c2
032f
025e
0176
009f
fff1
ff86
ff72
ffb6
004b
011a
0204
02f5
03d8
0495
0520
056c
056c
051e
0485
03a6
0286
0142
ffea
fe97
fd57
fc34
fb3d
fa77
f9de
f97a
f93e
f91d
f90d
f908
f90e
f91b
f930
f944
f949
f93d
f919
f8d9
f881
f815
f7a4
f738
f6d8
f6a3
f699
f6cb
f736
f7ec
f8e7
fa1d
fb8f
fd32
fef5
00c5
028d
0448
05dc
0745
0875
0963
0a01
0a4c
0a3b
09d8
0925
083c
0732
0616
04fe
0401
032d
028a
022a
020f
023b
02b0
036b
0463
0587
06cd
081e
095f
0a7d
0b65
0bf6
0c28
0be7
0b35
0a12
0885
069e
047b
0233
ffe4
fdad
fba1
f9e2
f88d
f7a5
f736
f740
f7b1
f87e
f983
faad
fbd5
fcda
fd97
fdfa
fdfb
fda5
fd01
fc15
fb02
f9dc
f8c5
f7d3
f71c
f6b7
f6a9
f702
f7c4
f8ef
fa67
fc35
fe28
001c
01fc
03a8
0508
0619
06cc
0716
0712
06bf
0641
05a0
04fb
046a
03fc
03bf
03c3
040a
0484
0522
05bf
064a
06b0
06ed
06ed
06af
062c
0567
0460
0327
01d1
005a
feef
fdaa
fca6
fbf6
fbbf
fbff
fca4
fd9f
fedb
002c
0168
027e
0349
03a8
0398
030d
01fc
0088
febf
fcaa
fa72
f835
f61a
f43a
f2b2
f1aa
f13f
f176
f255
f3cd
f5cb
f841
fafb
fdc7
0078
02df
04ca
062b
06f7
0733
06e3
0615
04df
035c
01ba
002f
feda
fdd4
fd3e
fd21
fd8a
fe7e
ffec
01c3
03e2
061e
0858
0a53
0bf1
0d12
0d8e
0d5b
0c6c
0ace
089b
05ec
02fc
fff9
fd18
fa83
f865
f6d8
f5f3
f5c0
f632
f743
f8c6
fa8d
fc6e
fe42
ffd6
0112
01db
0223
01e8
013a
003f
ff07
fdbc
fc7c
fb5d
fa82
f9ef
f9aa
f9be
fa26
fabc
fb8a
fc66
fd49
fe17
febd
ff2a
ff5e
ff56
ff19
feb5
fe25
fd92
fd15
fcc1
fca6
fcea
fd76
fe4a
ff5b
0094
01e0
031e
0448
053b
05e8
063f
0636
05c8
0505
0406
02e5
01c2
00b1
ffd4
ff40
ff00
ff19
ff8e
0055
015b
027f
03ad
04d7
05dc
06af
0738
0763
071a
0660
0521
0359
011e
fe8e
fbd2
f8fd
f651
f40b
f23e
f109
f086
f0b7
f1a5
f345
f588
f83c
fb31
fe48
0158
042c
069e
089a
09e7
0a6f
0a2f
093f
07bb
05c5
037b
010b
fe9a
fc61
fa8a
f92f
f875
f860
f8f5
fa22
fbdc
fdf9
0052
02b8
04ee
06d8
084d
093a
098d
0946
0876
0726
0574
0386
017d
ff75
fd91
fbf3
fab1
f9e6
f99d
f9d7
fa8c
fba9
fd1d
fec5
0078
0217
037d
0493
0541
057d
055c
04da
0408
02f2
01a6
0031
fead
fd2b
fbae
fa53
f928
f845
f7aa
f76e
f79f
f837
f915
fa46
fb9d
fd00
fe66
ffba
00f2
0201
02f4
03b7
0452
04bf
04fe
050d
04e6
0493
041e
038b
02e9
023b
018e
00ea
0054
ffcd
ff54
fef4
fea9
fe78
fe63
fe6b
fe8a
feca
ff24
ff7c
ffd3
0029
006b
0099
00be
00d5
00e7
00f2
00fb
00fa
00f0
00d8
00a5
0052
ffd9
ff42
fe97
fde2
fd2e
fc85
fbf2
fb7e
fb30
fb0d
fb23
fb74
fbf9
fcb8
fdbb
fef9
006d
0207
03a5
053a
06b4
07fd
0906
09c9
0a36
0a44
09ed
092f
0816
06a4
04ed
0312
0124
ff35
fd6c
fbd4
fa86
f99f
f927
f924
f991
fa5e
fb7a
fccb
fe2f
ff94
00d3
01d0
0276
02af
0277
01c7
00af
ff43
fd95
fbc5
fa01
f856
f6f8
f5fd
f56c
f54f
f5a4
f65a
f771
f8d0
fa5d
fc07
fdb1
ff3e
009c
01b6
028c
0305
031e
02d6
023a
0162
0076
ff8b
fec9
fe45
fe12
fe46
fedf
ffd7
0129
02b2
045a
061b
07c7
093b
0a6b
0b39
0b90
0b6a
0ac5
09a5
0821
0647
0441
022a
0028
fe58
fcdd
fbc2
fb1e
fae9
fb1e
fba5
fc62
fd39
fe0c
febc
ff34
ff55
ff24
fea0
fdcc
fcbb
fb89
fa45
f91d
f82d
f780
f739
f766
f807
f914
fa83
fc46
fe41
004f
0256
0413
0563
061c
062c
0589
0436
0248
ffd9
fd13
fa1b
f74d
f4bb
f2a5
f13a
f088
f0b1
f1bc
f3a5
f650
f99d
fd3e
010d
04c8
083d
0b30
0d72
0edf
0f6d
0f25
0e28
0c91
0a8b
0852
0603
03d9
01ed
0064
ff4b
fea1
fe5a
fe7c
feee
ff98
006f
0155
022b
02ea
0383
03e9
0419
0411
03ce
034d
02a4
01dd
010c
004b
ffb1
ff4f
ff30
ff5c
ffb0
0038
00c6
0148
01ab
01e6
01f2
01d0
0192
0144
00da
0053
ffb2
feec
fe1e
fd6f
fcf8
fca6
fc87
fc89
fcaf
fcfc
fd67
fde7
fe4f
fe9f
fec9
feb8
fe65
fdd5
fcf5
fbc2
fa4f
f8c1
f748
f611
f531
f4d2
f4fe
f5c1
f71e
f8fe
fb5a
fe09
00f2
03d0
0686
08d3
0a90
0b9d
0be2
0b63
0a27
085e
0616
039a
0123
fee1
fcf6
fb92
fac5
faa6
fb3c
fc7f
fe58
009e
0333
05cb
0842
0a54
0be9
0ccd
0cf0
0c48
0ae5
08ea
0658
0371
0058
fd45
fa77
f80f
f626
f4d8
f426
f407
f47b
f57d
f6eb
f8ae
fa98
fc70
fe24
ff90
00ab
015e
01bc
01c7
0181
00fd
0044
ff6c
fe7f
fd98
fcb6
fbfe
fb62
fb02
face
fac1
fadf
fb1e
fb62
fbb7
fc12
fc6a
fcc2
fd1d
fd82
fdfa
fe99
ff56
0038
0135
0245
0340
041b
04c6
053b
0579
057b
0544
04cf
0423
0345
023c
0122
0014
ff27
fe74
fe08
fdf1
fe31
fecd
ffd3
010f
0288
0412
05a8
0728
0896
09de
0ade
0b86
0bc0
0b81
0abf
0981
07c4
05ab
034b
00da
fe72
fc5e
fab5
f99c
f90e
f916
f9a3
faa3
fc0d
fdbb
ff93
0176
034e
04e5
0624
06f6
0751
0732
06a1
05a6
044f
02b1
00eb
ff17
fd4b
fbb8
fa6d
f979
f8e3
f8b2
f8d8
f94a
f9fc
face
fbac
fc89
fd50
fddf
fe44
fe5c
fe29
fdae
fcf6
fc11
fb0a
f9fc
f8ee
f7f8
f723
f680
f608
f5c7
f5d2
f630
f6d4
f7cc
f904
fa63
fbeb
fd82
ff1f
00b4
0242
03aa
04f3
0609
06fb
07b1
082b
0867
086a
0838
07da
075a
06c1
0629
058f
04ff
0477
0400
0398
0342
02fb
02ce
02ae
029d
029c
02ae
02d6
0313
0364
03b5
0403
0435
0446
0429
03d2
0346
027f
0193
0080
ff66
fe4f
fd56
fc7b
fbd6
fb6e
fb39
fb30
fb45
fb66
fb82
fb9e
fbbb
fbdb
fc03
fc48
fca7
fd2a
fdc3
fe6b
ff17
ffc7
0073
0122
01cd
0265
02eb
0340
0355
031b
028e
01a5
0078
ff0c
fd7b
fbdd
fa5a
f900
f7f0
f725
f6a1
f676
f690
f708
f7d7
f905
fa76
fc19
fdd7
ff9e
0153
02ec
044e
0572
0643
06ba
06d1
0691
0601
053a
0454
035d
027b
01bf
0149
012f
0183
0243
035c
04ae
0622
0797
08e9
0a06
0acd
0b21
0afe
0a6c
097b
083d
06c1
051f
0370
01ce
0056
ff2b
fe57
fde2
fdd7
fe25
fec2
ff97
008a
0176
0234
02ab
02d0
028f
01f3
00ff
ffc9
fe64
fce9
fb7e
fa39
f93b
f896
f850
f864
f8cb
f972
fa4b
fb38
fc1d
fce3
fd71
fdb4
fdab
fd51
fcb9
fbf3
fb08
fa07
f905
f824
f777
f71b
f727
f7a6
f8a2
fa19
fbf9
fe24
0082
02e1
0513
06fd
0885
0994
0a23
0a2f
09cf
0904
07e9
0693
051c
03a6
025a
014f
00a5
0074
00bf
0187
02b3
042b
05ba
072c
0854
0917
0960
092c
0874
0742
05af
03c7
01b9
ffae
fdb1
fbda
fa41
f8fb
f821
f7d4
f821
f900
fa4c
fbf8
fdd8
ffb0
0162
02bb
038b
03c5
0369
028d
0158
ffe0
fe5e
fcf3
fba9
faa2
f9e4
f978
f96b
f9bb
fa68
fb61
fc88
fdd0
ff1d
0051
0161
0211
0247
01fd
013f
002e
fef1
fd95
fc3c
fb07
fa04
f95f
f93b
f99a
fa78
fbc3
fd6b
ff4c
0138
0314
04ad
05da
068e
06b9
0654
056d
041d
0293
00f3
ff67
fe1e
fd36
fccf
fcf8
fdb1
ff00
00ca
02f3
0558
07d2
0a28
0c33
0dbe
0e8f
0e9e
0dda
0c4a
0a01
0727
03fe
00a6
fd55
fa3b
f784
f549
f3ab
f2bb
f285
f301
f424
f5da
f7f7
fa5a
fcde
ff3e
014f
02f3
03ff
0460
0417
032b
01bc
ffe7
fde5
fbe1
fa13
f89a
f79c
f725
f73e
f7e4
f905
fa89
fc35
fdf3
ff95
0102
021e
02d9
0332
032c
02c1
0201
0104
ffce
fe7e
fd27
fbdf
fab8
f9cf
f92b
f8e0
f8f7
f972
fa51
fb7e
fcfd
feab
0075
023e
03ef
057f
06dc
0802
08ee
09a4
0a20
0a5e
0a5c
0a1c
099a
08d9
07df
06ba
0570
0421
02cc
0168
001c
feed
fdcc
fcd4
fc03
fb64
faf3
faba
fab4
fad8
fb1e
fb7a
fbd6
fc2b
fc79
fcc4
fd01
fd38
fd61
fd70
fd5e
fd1e
fcb4
fc11
fb4d
fa61
f958
f851
f75e
f6a6
f648
f654
f6c7
f7ae
f8f1
fa6e
fc1e
fde7
ffb1
0165
02f3
0441
053d
05d7
0608
05c4
051e
041e
02d9
0165
ffde
fe70
fd2e
fc3f
fbb2
fb9a
fbf2
fcb1
fdcc
ff2e
00cd
028a
0448
0604
0792
08d9
09c9
0a4e
0a6c
0a27
0989
0891
075c
05f4
0463
02bb
0106
ff6c
fde1
fc70
fb31
fa33
f96a
f8eb
f8b4
f8ca
f925
f9c5
fa94
fb8c
fcaa
fdd1
fefa
0008
00f3
01a3
0202
020d
01bd
011a
0026
fef3
fd8a
fbfd
fa73
f8fd
f7bb
f6da
f66d
f67e
f714
f823
f99d
fb6a
fd70
ff7d
0185
0350
04be
05af
060d
05df
051f
03ed
024f
0076
fe83
fc9b
faeb
f997
f8c2
f88c
f8f7
fa07
fba3
fd9e
ffd7
0216
0436
060d
0795
08ae
095a
099f
0985
0925
088a
07cf
06fc
0625
0550
047b
03bb
030d
0258
01a3
00db
0001
ff0a
fdef
fcc7
fb9d
fa7d
f987
f8bb
f82b
f7e2
f7eb
f838
f8d6
f9c1
fadc
fc1e
fd77
fed4
002d
0166
0271
033c
03b1
03cb
037f
02ce
01c6
0081
ff1d
fda8
fc4b
fb1c
fa2f
f98d
f94d
f967
f9e4
fabf
fbe8
fd62
ff0a
00d5
029d
044a
05b0
06c6
0767
0791
0746
068c
0574
040b
026d
00b1
ff02
fd7e
fc62
fbbd
fb9d
fc0a
fcf3
fe3b
ffbb
0156
02d1
03f8
04ab
04da
047f
03a0
0254
00af
fed2
fcdc
fb03
f95f
f818
f738
f6d2
f6f6
f7a6
f8de
fa77
fc53
fe26
ffe6
0168
029a
036c
03d9
03ec
038d
02f0
021c
012a
0024
ff35
fe5f
fdc3
fd72
fd7a
fddf
fe95
ff97
00c6
0205
0328
0420
04bb
04e8
04a8
03f4
02eb
0190
000e
fe83
fd10
fbdc
fb0f
fac0
fb04
fbe7
fd60
ff59
0194
03f8
063e
082d
0994
0a54
0a50
0985
07fd
05cb
0317
fffb
fcc5
f996
f6a2
f418
f231
f0f7
f089
f0ee
f21e
f406
f66d
f942
fc3c
ff2e
01ec
0450
0627
0768
07f4
07cc
06e9
0560
0351
00e4
fe55
fbe0
f9bf
f80c
f6e7
f65f
f678
f72c
f866
fa11
fbfc
fe06
0011
01f4
0384
04b3
0576
05c5
05a1
0535
04a1
0400
036e
0305
02cb
02c0
02e1
031c
0373
03ce
0433
0480
04a5
04a7
0477
0421
03af
032b
02aa
022c
01b8
0157
0112
00f2
00f9
0129
0184
0202
0297
0335
03bf
0424
045e
045b
0409
0374
029a
0167
fffe
fe75
fced
fb82
fa4a
f960
f8ca
f893
f8c3
f94a
fa22
fb43
fc92
fdf6
ff61
00b4
01de
02d2
0382
03d4
03b6
0321
021b
00c4
ff41
fd9e
fbf5
fa61
f901
f7ee
f743
f705
f742
f7f7
f927
facb
fccd
ff1e
018a
03dc
05e9
07a4
08ee
09b9
0a08
09df
0947
0858
0738
05f0
04a9
0378
026b
0193
00fe
00b0
00b1
010b
01bc
02bf
0402
0568
06d8
0835
0959
0a38
0ab8
0acd
0a6a
0984
0823
0639
03eb
013f
fe52
fb40
f840
f579
f30e
f11e
efc6
ef12
eefd
ef84
f09e
f22b
f417
f634
f84c
fa42
fbf2
fd30
fded
fe22
fddf
fd35
fc3d
fb0c
f9cc
f898
f790
f6c9
f668
f682
f724
f864
fa2e
fc67
ff02
01d5
04ab
0760
09c8
0bc8
0d3b
0e05
0e3e
0dde
0cf6
0ba9
0a18
0859
069e
0506
03a3
028d
01d1
0179
0183
01ed
02b8
03be
04e2
0609
070f
07dc
0853
086d
0822
0773
066d
0527
03aa
0212
0088
ff15
fdc3
fca5
fbb9
fafd
fa5a
f9cd
f95d
f904
f8bc
f882
f83f
f7e7
f77c
f6fa
f66d
f5e3
f576
f535
f536
f590
f63f
f74f
f8b6
fa6e
fc61
fe7a
0085
026c
03f8
0500
0574
0547
048a
0353
01aa
ffae
fd77
fb2c
f905
f72c
f5d8
f540
f589
f6b6
f8ba
fb80
fede
02aa
069c
0a74
0dc3
104c
11e6
1296
125f
115c
0fa0
0d56
0aa7
07d5
0512
0285
0075
fef9
fe1c
fde0
fe35
ff06
0025
0169
02a4
03b9
0483
04e7
04d7
0459
036c
021f
0096
fedd
fd0e
fb51
f9bf
f873
f77c
f6fa
f705
f78d
f898
fa1b
fbdb
fdb7
ff81
0107
0216
02a9
02b3
023c
0157
0028
fec9
fd3f
fbaf
fa29
f8b0
f763
f661
f5b8
f58f
f5ed
f6ca
f809
f97e
fb12
fc85
fdaa
fe73
fec9
fea9
fe27
fd65
fc92
fbd5
fb49
fb08
fb1e
fba4
fca0
fe0c
ffe0
01ee
0410
0620
07f6
095f
0a43
0a8c
0a31
0930
0798
057d
02fb
0056
fdb8
fb4e
f94b
f7e6
f731
f73c
f811
f99f
fbc7
fe59
0133
03fc
067b
0886
09f1
0a9b
0a7e
09a6
0827
062e
03e9
019c
ff6a
fd7a
fbd2
fa7b
f980
f8e2
f89e
f8b3
f91c
f9c4
faa5
fbb2
fcde
fe14
ff43
0052
013c
01df
023b
024c
0215
01a9
0116
006e
ffbc
ff13
fe8d
fe2f
fe01
fe00
fe1f
fe52
fe80
fe94
fe83
fe43
fde4
fd60
fcd0
fc49
fbd3
fb70
fb3f
fb43
fb8f
fc22
fd0e
fe4d
ffda
0198
0378
0557
0712
088e
09a7
0a54
0a86
0a43
0982
0855
06c3
04eb
02ef
00fa
ff37
fdc4
fcc0
fc35
fc2b
fca9
fd9f
ff00
00a6
0270
0431
05cd
071a
0807
087a
086d
07e4
06f2
05ba
044f
02be
0131
ffb7
fe64
fd43
fc6e
fbef
fbc7
fbf6
fc74
fd2b
fe10
ff0b
fffe
00cd
0168
01bf
01ba
015f
00ba
ffcd
fea9
fd67
fc00
fa85
f909
f794
f635
f503
f416
f36f
f324
f334
f3a8
f479
f59e
f71c
f8e2
fae7
fd23
ff82
01ef
0451
0685
086f
09f1
0af0
0b65
0b4a
0aa9
099f
083b
069a
04e0
0322
017f
fffe
febb
fdcd
fd3e
fd11
fd4c
fde2
fecb
ffed
012b
0266
038c
048d
0548
05bf
05fa
05fd
05c6
0561
04d7
042b
036e
02a1
01c6
00dc
ffef
fef5
fdf4
fcf2
fbfd
fb1d
fa58
f9ae
f924
f8c6
f88b
f88c
f8c6
f94b
fa10
fb1a
fc57
fdb8
ff29
0094
01dd
02d4
037d
03b4
0368
029c
015c
ffa7
fd9a
fb5a
f912
f6e2
f50b
f3c5
f320
f345
f433
f5e0
f82b
fb10
fe53
01be
0526
085e
0b1e
0d28
0e6e
0ed9
0e6d
0d41
0b6b
0912
0670
03b3
0101
fe8e
fc8b
fb1e
fa56
fa44
fae7
fc32
fe0d
004e
02ad
0506
071b
08b8
09a4
09c8
0910
0782
0545
028b
ff78
fc57
f975
f708
f54d
f46e
f487
f582
f74d
f9cc
fcc1
ffda
02f8
05d0
0829
09df
0ae2
0b37
0add
09e2
085e
0665
041e
01bc
ff53
fd02
faf7
f93b
f7e2
f6ee
f682
f69f
f738
f831
f96c
faa6
fbbf
fc9c
fd2b
fd6d
fd6c
fd4d
fd11
fcd6
fcb7
fcd0
fd15
fd9b
fe4f
ff1b
ffee
00ab
0159
01e7
025a
0296
0293
023f
019e
00b9
ffa3
fe6c
fd30
fc1d
fb38
faaa
fa92
faf3
fbc1
fcf9
fe87
005f
0266
0481
067d
0814
0940
09da
09d7
0942
0829
0698
04b1
029b
007a
fe73
fcba
fb83
fae1
faf7
fbcf
fd57
ff7d
020e
04c5
0761
09a0
0b3c
0c07
0be1
0abe
08b1
05f4
02c1
ff32
fb80
f7f5
f4b8
f201
f00c
eef5
eec0
ef61
f0ce
f2e3
f57c
f87d
fbad
febe
018c
03e8
059b
068f
06b8
061a
04c4
02df
00a6
fe42
fbf4
f9fc
f881
f7a1
f769
f7da
f8e2
fa61
fc3e
fe56
007f
029e
0493
062d
0753
07f4
081c
07c3
06f4
05c7
0460
02d6
015f
0015
ff15
fe77
fe42
fe81
ff26
002b
0174
02d4
0418
0529
05e5
063d
062c
05ad
04d6
03ad
025a
0107
ffcb
febb
fdee
fd6f
fd43
fd6f
fdee
feb2
ff8b
007e
015f
0212
0289
02c5
02b9
0273
01fb
0166
00c8
0035
ffc5
ff82
ff82
ffc8
004f
0106
01df
02c8
03a8
0474
0514
0573
057d
0527
046b
0353
01ed
0039
fe40
fc25
f9ea
f7b5
f5af
f3e7
f280
f19a
f136
f172
f23d
f39a
f567
f774
f9af
fbfb
fe31
0032
01e9
0337
041b
0498
04ac
0474
03fc
036a
02cd
0244
01e2
01b8
01cb
0219
02a2
035d
043e
053a
063c
0726
07ef
087d
08bf
08a9
083e
077d
0670
051a
0397
01f6
0048
feba
fd68
fc5f
fbb5
fb7c
fbaa
fc3d
fd1f
fe3a
ff63
008d
0195
025c
02cc
02e0
0287
01c2
0093
ff0f
fd48
fb4e
f94c
f763
f59a
f419
f2ee
f21f
f1c4
f1de
f273
f372
f4ce
f674
f84f
fa43
fc44
fe36
fffa
0186
02be
0396
040a
0427
03fe
03a9
0340
02e3
02a3
028c
029f
02de
0348
03d5
0482
0544
060a
06c8
0760
07bd
07d7
07a7
0732
067a
0590
0488
0376
0271
019e
0111
00c9
00c3
00fb
016a
020a
02d2
039f
044d
04be
04df
049e
03f8
02e4
0163
ff82
fd51
faee
f87c
f614
f3ea
f21a
f0b9
eff0
efc9
f055
f199
f381
f5ff
f8e0
fbf6
ff17
0211
04a3
06b4
082c
08f4
0913
0894
0789
0613
0467
02ad
010a
ffaf
febe
fe3e
fe36
fe9b
ff69
007a
01bc
031c
047b
05ba
06cb
0788
07da
07c3
073e
0671
0565
043e
0312
01f1
00f8
0044
ffd4
ffb8
ffeb
0063
0106
01af
0240
0297
0295
0225
015a
004a
ff0f
fdc1
fc77
fb4b
fa3e
f989
f926
f927
f9b0
fabb
fc39
fe08
000c
0226
041d
05da
0731
07f5
081e
07a3
0695
0510
034a
0161
ff86
fde1
fc8e
fbb0
fb55
fb97
fc77
fdee
ffe5
022a
04a5
070d
0933
0ae7
0bf7
0c49
0bd0
0a83
0873
05bc
0289
ff12
fb9a
f85f
f5ae
f3b2
f288
f24a
f2ef
f46d
f68f
f937
fc27
ff10
01d0
0412
05b6
0691
067f
057c
0388
00df
fdb4
fa46
f6d0
f3b3
f129
ef6c
eeb2
ef07
f062
f294
f587
f902
fcac
0075
03fa
06f2
0949
0adf
0bac
0bad
0af2
098b
07a4
0580
0356
0163
ffd3
fec5
fe54
fe8c
ff6a
00ca
029c
049b
06b6
08b1
0a52
0b85
0c27
0c2d
0b8b
0a54
08af
06c8
04cc
02e1
0121
ffa2
fe6c
fd7f
fcd7
fc66
fc2f
fc27
fc30
fc3b
fc38
fc0e
fbbe
fb4d
fac7
fa31
f992
f8fe
f880
f836
f830
f885
f933
fa2c
fb56
fc96
fdce
fed8
ffb0
0037
0052
0014
ff7c
fe83
fd48
fbe9
fa89
f946
f855
f7cd
f7cc
f873
f9bf
fba5
fe17
0102
043a
07a4
0b21
0e77
115d
1383
14d0
150f
1442
126d
0fa8
0c2f
0835
040d
000f
fc71
f983
f74a
f5db
f543
f57a
f669
f7fb
fa09
fc60
fee3
0155
0380
053a
064e
069a
0608
049b
025d
ff82
fc52
f8ef
f5c7
f320
f123
effa
efa6
f02e
f175
f36c
f5f0
f8e1
fc0f
ff4c
0264
0527
076d
0913
0a02
0a3d
09cd
08d5
0765
05af
03df
0219
007f
ff1d
fe08
fd59
fd03
fd0c
fd69
fe0f
fee5
ffdb
00d1
01b3
027a
0318
038d
03d7
03fc
03f0
03b4
035b
02da
0241
01a0
0103
0076
0006
ffb4
ff80
ff68
ff63
ff6a
ff77
ff7d
ff80
ff76
ff62
ff3a
ff0d
fee2
fead
fe78
fe44
fe1b
fe00
fdf3
fdf7
fe06
fe1c
fe3a
fe5e
fe83
feb4
fede
fef2
fef3
fee0
feab
fe61
fe06
fda6
fd49
fd02
fcde
fce8
fd31
fdbf
fe8f
ff9c
00da
0230
0381
04bd
05c4
068d
0707
072f
0700
0686
05bf
04af
0368
01ea
0047
fe9e
fcf6
fb72
fa3d
f961
f8ff
f915
f9ae
fabc
fc2c
fdef
ffd4
01b0
0361
04bf
05a8
0606
05c7
04ed
0384
01ab
ff94
fd57
fb24
f933
f792
f66b
f5d6
f5da
f670
f78e
f91d
fafd
fd0c
ff2b
0122
02cf
0409
04be
04e5
0482
03a4
026f
0100
ff86
fe33
fd2c
fc8e
fc6f
fcd0
fda6
fecb
0030
01a4
0304
0433
050f
0590
05ae
0573
04e1
0406
02e5
018c
000a
fe68
fce5
fb99
fa9a
fa19
fa1a
faac
fbc1
fd48
ff28
012f
0332
050c
0684
077a
07d3
0782
0686
04e8
02b9
0022
fd50
fa9c
f849
f67c
f55c
f4f7
f54e
f654
f7e8
f9ef
fc33
fe83
00bf
02c0
0467
058f
061d
05fa
052f
03d4
0214
001d
fe30
fc87
fb57
fad0
fb0a
fc0e
fdbe
ffee
027b
0522
07a3
09d7
0b86
0c8b
0cda
0c68
0b49
0970
06fb
040c
00c1
fd73
fa68
f7cf
f5e1
f4c2
f478
f502
f640
f81e
fa5c
fcbd
ff1c
0142
0300
0445
04f1
04f5
0459
0331
01a2
ffc8
fde1
fc21
faaa
f9a4
f91c
f911
f970
fa16
faec
fbce
fc9a
fd3d
fd99
fdae
fd7f
fd1b
fc9f
fc16
fb95
fb23
facb
fa9a
fab8
fb27
fc01
fd3f
fef1
00fb
0341
05a5
07de
09ac
0af2
0b98
0b8f
0aef
09c8
0841
066c
045c
0235
fffd
fde1
fc06
fa7b
f96a
f8ee
f8ff
f9a4
fac4
fc4c
fe11
ffe0
019f
0329
0458
0517
054e
04e9
03f6
0286
00ce
fef0
fd19
fb7c
fa39
f972
f944
f9b2
fab1
fc2b
fdfc
fffe
01fa
03ca
0532
05fc
060b
0555
03e9
01df
ff69
fcc0
fa1f
f7c2
f5e3
f49c
f410
f43b
f516
f696
f89a
fb09
fdb1
0060
02e2
0518
06cc
07ea
085e
0842
0791
066b
04f3
0343
0178
ffb1
fdfa
fc66
fb0f
f9f9
f940
f8ef
f91d
f9bb
fab6
fbfc
fd77
ff0a
009b
020e
0340
0427
04aa
04c5
047b
03db
02fa
01ed
00c8
ffa0
fe8b
fd96
fcd0
fc37
fbe4
fbbf
fbcd
fc00
fc50
fcb6
fd32
fdca
fe6a
ff20
ffd4
007a
00f7
015f
019b
01bb
01ce
01de
01ed
01fd
0213
0213
0204
01cd
0166
00b4
ffd1
feab
fd63
fc10
fac9
f9ac
f8ca
f844
f826
f885
f944
fa5e
fbb1
fd30
feb9
002d
017e
028a
0352
03be
03d1
0384
02ea
01f5
00c9
ff73
fe21
fce7
fbe1
fb2c
fad2
fae5
fb62
fc44
fd7b
ff0d
00cc
02a0
0472
061f
077e
0861
08ba
0871
0790
0615
0419
01af
ff0c
fc41
f987
f703
f4e8
f353
f268
f244
f2f2
f479
f6c5
f9a6
fcfb
007e
03cd
06b5
0907
0a9c
0b5f
0b58
0aa1
094e
0779
054d
02da
0042
fdbb
fb48
f929
f782
f67e
f62e
f6af
f7fa
f9fe
fc7f
ff5e
0245
04f0
0727
08b8
098a
098e
08cd
0754
0548
02c2
0005
fd32
fa7f
f820
f642
f520
f4c3
f53f
f667
f809
f9f4
fc09
fe11
fffa
01a2
02e4
03bc
042e
0451
041d
03b4
0327
0286
01e3
014f
00d3
007c
0057
004f
0071
0095
00c1
00d4
00c4
0088
0014
ff6a
fe8e
fda0
fcbb
fbfa
fb5d
fb0d
fafe
fb49
fbd8
fcbf
fdf4
ff69
011c
02f2
04d5
06a8
083e
094f
09d9
09b1
08da
0751
0534
02b1
ffe5
fd1d
fa98
f886
f702
f629
f601
f687
f7af
f95a
fb5c
fd6f
ff6a
0111
0245
02f5
0328
02e7
0240
0147
0013
feb8
fd58
fc21
fb31
fab1
fabd
fb5f
fc8e
fe30
0035
0262
048c
068d
0838
0960
09f1
09e6
0930
07e1
0608
03dd
0165
fee0
fc6c
fa3a
f883
f77f
f732
f79f
f8ae
fa3d
fc27
fe28
001f
01c2
02e2
0375
0379
030f
023b
0123
ffdc
fe85
fd40
fc35
fb80
fb3a
fb79
fc3f
fd82
ff14
00eb
02b3
043c
0556
05e0
05aa
04c9
0350
015c
ff20
fccc
faaa
f8cd
f766
f689
f645
f6a3
f7a0
f933
fb3d
fda1
002a
02a2
04cb
0681
0794
07f0
077d
063b
0441
019f
fea2
fb85
f87f
f5c2
f396
f201
f12f
f132
f204
f39d
f5dc
f8ae
fbd5
ff1f
0259
053c
077e
0903
09b0
097d
087e
06d6
04c6
0271
0029
fe16
fc67
fb4a
facf
fafe
fbc5
fd11
fec0
00aa
029b
047e
062a
0790
08a6
0967
09e8
0a25
0a32
0a25
0a08
09e1
09b6
0987
094f
090f
08b4
0830
076d
0675
0535
03b7
020f
0048
fe70
fc87
faac
f8d5
f712
f578
f418
f2f3
f22e
f1d6
f1f0
f283
f37d
f4cc
f644
f7c6
f92f
fa5d
fb2c
fb90
fb77
fae6
f9ef
f8b8
f777
f646
f55e
f4df
f4eb
f59e
f70f
f932
fbe7
ff18
0291
061b
0982
0ca8
0f45
113f
127e
12eb
1285
1153
0f66
0cdf
09f0
06c7
03a9
00c2
fe61
fc9e
fb9d
fb75
fc25
fda0
ffb9
0244
0503
07b9
0a1b
0bda
0cd8
0cec
0c22
0a8e
0854
058d
027a
ff37
fbff
f915
f6a5
f4c3
f389
f305
f32d
f400
f568
f73d
f95b
fb92
fdb0
ff80
00e8
01c8
0218
01d5
0112
fff0
fe95
fd1c
fb9d
fa44
f922
f854
f7e9
f7ee
f861
f947
fa91
fc37
fe33
006c
02cd
0546
07a5
09c5
0b7f
0ca5
0d35
0cff
0c0d
0a81
0869
05f3
035c
00bb
fe3b
fc11
fa3c
f8c2
f7b1
f702
f692
f669
f677
f6ba
f727
f7c5
f881
f958
fa3f
fb18
fbe6
fc97
fd2b
fda8
fe08
fe63
fec4
ff2d
ffa6
0022
00b2
0148
01d1
0253
02b7
0301
032f
0352
0366
0372
0379
037c
0387
039c
03c7
03fb
043e
0486
04c7
04f9
0509
04f3
049a
03fb
0309
01bd
0038
fe75
fc80
fa84
f88f
f6be
f53d
f41a
f369
f341
f3a4
f474
f5c3
f769
f949
fb51
fd5c
ff45
00e8
022f
02f8
032d
02c4
01a7
fff1
fdbf
fb3d
f897
f5f6
f39a
f1b5
f07d
f032
f0ec
f29f
f51f
f81c
fb59
fe8b
017b
0403
061e
07c3
08ef
0998
09c1
0979
08e5
081f
074c
0696
0619
05e8
060c
067f
0737
0819
0913
0a19
0b19
0c00
0cb0
0d0a
0cf8
0c65
0b4b
09b6
0794
04ff
01fc
fec2
fb84
f86f
f5a1
f33b
f14c
efe6
ef1e
eee4
ef44
f02f
f199
f351
f52a
f70a
f8c8
fa3e
fb63
fc27
fc97
fcc0
fcaf
fc9d
fc93
fcb7
fd15
fdb9
fe96
ff91
00a9
01c6
02e8
03fe
04ea
0599
0602
0613
05d1
0543
0473
037e
0285
01af
012a
0115
016e
0234
0359
04c7
065d
0808
09ac
0b21
0c67
0d5e
0dfa
0e27
0ddd
0d15
0bc6
09fe
07cb
0540
0290
0000
fdb6
fbf9
faee
faa5
fb1e
fc36
fdc6
ff76
010c
024e
030b
031b
027e
0133
ff5b
fd10
fa80
f7dc
f552
f31b
f169
f05c
f01c
f0a4
f1f1
f3d1
f62b
f8c5
fb64
fde4
0023
01ed
0337
03fd
0457
0450
03f8
036d
02bf
0222
01c6
01ba
0205
0299
036f
047d
05b6
0705
083e
0939
09dd
0a0a
09b3
08d4
0773
05a8
037e
0137
fef8
fd00
fb8a
fad4
fae2
fbb3
fd26
ff19
0000
0000
0000
0000
0000
0000
0000
0000
0000
0000
0000
0000
0000
0000
0000
0000
0000
0000
0000
0000
0000
0000
0000
0000
0000
0000
0000
0000
0000
0000
0000
0000
0000
0000
0000
0000
0000
0000
0000
0000
0000
0000
0000
0000
0000
0000
0000
0000
0000
0000
0000
0000
0000
0000
0000
0000
0000
0000
0000
0000
0000
0000
0000
0000
0000
0000
0000
0000
0000
0000
0000
0000
0000
0000
0000
0000
0000
0000
0000
0000
0000
0000
0000
0000
0000
0000
0000
0000
0000
0000
0000
0000
0000
0000
0000
0000
0000
0000
0000
0000
0000
0000
0000
0000
0000
0000
0000
0000
0000
0000
0000
0000
0000
0000
0000
0000
0000
0000
0000
0000
0000
0000
0000
0000
0000
0000
0000
0000
0000
0000
0000
0000
0000
0000
0000
0000
0000
0000
0000
0000
0000
0000
0000
0000
0000
0000
0000
0000
0000
0000
0000
0000
0000
0000
0000
0000
0000
0000
0000
0000
0000
0000
0000
0000
0000
0000
0000
0000
0000
0000
0000
0000
0000
0000
0000
0000
0000
0000
0000
0000
0000
0000
0000
0000
0000
0000
0000
0000
0000
0000
0000
0000
0000
0000
0000
0000
0000
0000
0000
0000
0000
0000
0000
0000
0000
0000
0000
0000
0000
0000
0000
0000
0000
0000
0000
0000
0000
0000
0000
0000
0000
0000
0000
0000
0000
0000
0000
0000
0000
0000
0000
0000
0000
0000
0000
0000
0000
0000
0000
0000
0000
0000
0000
0000
0000
0000
0000
0000
0000
0000
0000
0000
0000
0000
0000
0000
0000
0000
0000
0000
0000
0000
0000
0000
0000
0000
0000
0000
0000
0000
0000
0000
0000
0000
0000
0000
0000
0000
0000
0000
0000
0000
0000
0000
0000
0000
0000
0000
0000
0000
0000
0000
0000
0000
0000
0000
0000
0000
0000
0000
0000
0000
0000
0000
0000
0000
0000
0000
0000
0000
0000
0000
0000
0000
0000
0000
0000
0000
0000
0000
0000
0000
0000
0000
0000
0000
0000
0000
0000
0000
0000
0000
0000
0000
0000
0000
0000
0000
0000
0000
0000
0000
0000
0000
0000
0000
0000
0000
0000
0000
0000
0000
0000
0000
0000
0000
0000
0000
0000
0000
0000
0000
0000
0000
0000
0000
0000
0000
0000
0000
0000
0000
0000
0000
0000
0000
0000
0000
0000
0000
0000
0000
0000
0000
0000
0000
0000
0000
0000
0000
0000
0000
0000
0000
0000
0000
0000
0000
0000
0000
0000
0000
0000
0000
0000
0000
0000
0000
0000
0000
0000
0000
0000
0000
0000
0000
0000
0000
0000
0000
0000
0000
0000
0000
0000
0000
0000
0000
0000
0000
0000
0000
0000
0000
0000
0000
0000
0000
0000
0000
0000
0000
0000
0000
0000
0000
0000
0000
0000
0000
0000
0000
0000
0000
0000
0000
0000
0000
0000
0000
0000
0000
0000
0000
0000
0000
0000
0000
0000
0000
0000
0000
0000
0000
0000
0000
0000
0000
0000
0000
0000
0000
0000
0000
0000
0000
0000
0000
0000
0000
0000
0000
0000
0000
0000
0000
0000
0000
0000
0000
0000
0000
0000
0000
0000
0000
0000
0000
0000
0000
0000
0000
0000
0000
0000
0000
0000
0000
0000
0000
0000
0000
0000
0000
0000
0000
0000
0000
0000
0000
0000
0000
0000
0000
0000
0000
0000
0000
0000
0000
0000
0000
0000
0000
0000
0000
0000
0000
0000
0000
0000
0000
0000
0000
0000
0000
0000
0000
0000
0000
0000
0000
0000
0000
0000
0000
0000
0000
0000
0000
0000
0000
0000
0000
0000
0000
0000
0000
0000
0000
0000
0000
0000
0000
0000
0000
0000
0000
0000
0000
0000
0000
0000
0000
0000
0000
0000
0000
0000
0000
0000
0000
0000
0000
0000
0000
0000
0000
0000
0000
0000
0000
0000
0000
0000
0000
0000
0000
0000
0000
0000
0000
0000
0000
0000
0000
0000
0000
0000
0000
0000
0000
0000
0000
0000
0000
0000
0000
0000
0000
0000
0000
0000
0000
0000
0000
0000
0000
0000
0000
0000
0000
0000
0000
0000
0000
0000
0000
0000
0000
0000
0000
0000
0000
0000
0000
0000
0000
0000
0000
0000
0000
0000
0000
0000
0000
0000
0000
0000
0000
0000
0000
0000
0000
0000
0000
0000
0000
0000
0000
0000
0000
0000
0000
0000
0000
0000
0000
0000
0000
0000
0000
0000
0000
0000
0000
0000
0000
0000
0000
0000
0000
0000
0000
0000
0000
0000
0000
0000
0000
0000
0000
0000
0000
0000
0000
0000
0000
0000
0000
0000
0000
0000
0000
0000
0000
0000
0000
0000
0000
0000
0000
0000
0000
0000
0000
0000
0000
0000
0000
0000
0000
0000
0000
0000
0000
0000
0000
0000
0000
0000
0000
0000
0000
0000
0000
0000
0000
0000
0000
0000
0000
0000
0000
0000
0000
0000
0000
0000
0000
0000
0000
0000
0000
0000
0000
0000
0000
0000
0000
0000
0000
0000
0000
0000
0000
0000
0000
0000
0000
0000
0000
0000
0000
0000
0000
0000
0000
0000
0000
0000
0000
0000
0000
0000
0000
0000
0000
0000
0000
0000
0000
0000
0000
0000
0000
0000
0000
0000
0000
0000
0000
0000
0000
0000
0000
0000
0000
0000
0000
0000
0000
0000
0000
0000
0000
0000
0000
0000
0000
0000
0000
0000
0000
0000
0000
0000
0000
0000
0000
0000
0000
0000
0000
0000
0000
0000
0000
0000
0000
0000
0000
0000
0000
0000
0000
0000
0000
0000
0000
0000
0000
0000
0000
0000
0000
0000
0000
0000
0000
0000
0000
0000
0000
0000
0000
0000
0000
0000
0000
0000
0000
0000
0000
0000
0000
0000
0000
0000
0000
0000
0000
0000
0000
0000
0000
0000
0000
0000
0000
0000
0000
0000
0000
0000
0000
0000
0000
0000
0000
0000
0000
0000
0000
0000
0000
0000
0000
0000
0000
0000
0000
0000
0000
0000
0000
0000
0000
0000
0000
0000
0000
0000
0000
0000
0000
0000
0000
0000
0000
0000
0000
0000
0000
0000
0000
0000
0000
0000
0000
0000
0000
0000
0000
0000
0000
0000
0000
0000
0000
0000
0000
0000
0000
0000
0000
0000
0000
0000
0000
0000
0000
0000
0000
0000
0000
0000
0000
0000
0000
0000
0000
0000
0000
0000
0000
0000
0000
0000
0000
0000
050b
0658
073c
07a3
07a5
0760
06f1
0674
05fd
059b
055c
0542
0537
051f
04e1
045e
037f
023f
00b2
fefc
fd50
fbd6
fabf
fa25
fa0c
fa6a
fb1d
fc04
fce8
fda4
fe19
fe4b
fe51
fe54
fe6d
feaa
ff02
ff62
ffbe
000b
0046
006f
007f
0079
0066
005b
0068
009e
00fb
0166
01b6
01c7
0188
0100
0050
ff90
feef
fe78
fe27
fdf4
fdce
fda8
fd76
fd35
fcf6
fcc7
fcbf
fce9
fd4d
fde9
feae
ff92
0079
0152
020c
02a2
030f
0350
0357
0322
02be
023c
01ba
0153
011b
0126
0185
022e
0300
03c4
0438
0426
0379
0244
00ca
ff44
fdf2
fd01
fc94
fcaa
fd24
fdcc
fe6a
fece
fed3
fe7f
fdf5
fd61
fcfe
fce5
fd1f
fdab
fe70
ff60
0064
015d
021e
0292
02ad
026c
01db
0119
0055
ffc4
ff97
ffdf
008d
0181
0287
035f
03c8
039c
02d0
0171
ffb3
fddf
fc4c
fb3b
fad1
fb12
fbe3
fd1b
fe82
ffc4
009e
00f1
00bd
0017
ff2e
fe51
fdc3
fdb3
fe2a
ff1c
006f
01db
031d
03f7
043d
03ed
0317
01f8
00c1
ffb7
ff05
fed2
ff1e
ffc6
0098
0158
01d9
01fa
01a3
00cd
ff81
fdf9
fc71
fb3a
fa82
fa6f
fafa
fbf0
fd1b
fe57
ff82
006d
00fe
0120
00dc
004d
ffad
ff57
ff88
0042
016e
02ce
041c
0504
054e
04ed
03ee
0285
00de
ff40
fde4
fd16
fcf0
fd67
fe4b
ff51
003e
00d3
00ed
0080
ff9f
fe7b
fd49
fc59
fbdb
fbfb
fcb1
fdd0
ff25
006e
017c
0221
0251
020b
016a
009e
ffe5
ff81
ff96
002c
0133
0274
03b6
04ab
0525
04f9
0426
02c7
00ff
ff1b
fd60
fc24
fb8e
fba7
fc55
fd5f
fe97
ffbb
0092
00ed
00b3
f6d3
f4ad
f0f0
ef61
f3e4
fcc6
022d
0010
fa83
f61c
f4b4
f673
f84d
f86c
f96a
fbff
ff7d
04a3
08dd
097b
0aa3
0e21
0dc2
0986
05b7
0203
fe3d
fcd0
fed6
0148
0111
fdbd
fc7a
0149
0691
069c
02a2
fef6
01c1
0b37
1077
0c61
052b
003a
0006
01ce
fe74
f6bf
f30f
f69a
fe65
0410
02de
fd46
f962
f86a
fa3a
fe2b
01b7
020a
fd57
f7f8
f95c
00f6
07f1
08e6
03f9
fe4d
feed
066e
0ac6
0654
00c8
ffdd
0332
07fd
06b1
ff04
fad8
fe47
060c
0cfd
0d0c
06cd
000b
fc2c
fa65
fa51
fde8
033e
04cb
0477
0835
0c0e
09fc
06ad
0a1a
109a
104c
09a5
0574
0593
0318
fc7b
f713
f3f5
efd4
ebc7
ed07
f2a5
f5e4
f809
fc7f
fe72
fab9
f893
fdda
063f
0aa8
0c43
0e7d
0e3d
0ac0
09a7
0dd3
126a
113d
0d6e
0d59
0f77
0f67
0c9c
0aa8
0960
06ac
0453
0322
0016
fa70
f7b1
f925
f8f6
f646
f6f2
fd76
0223
fcea
f2c0
eee7
f020
ef57
ede3
f0c1
f6ee
fb91
fa9d
f364
ee13
f15a
facd
03f8
068e
0280
ffc9
033d
0679
02a8
fc8a
fadc
fb87
fa25
f8e7
fd38
01ed
fe9a
f93c
fa6c
0311
0bf4
0d65
07ac
fe5e
f644
f32c
f870
0106
0468
05c3
0a54
0f3c
1003
0e12
0b7d
07b9
04e5
06bc
0a96
0948
037c
00bc
0231
0140
fc8f
fa76
fdfa
0053
fd7c
fb33
fd9e
0135
030b
0448
039e
fef9
f987
f8e0
fa11
f6f1
f232
f3a7
f934
f8c9
f324
f1cd
f5af
f721
f48b
f4a1
f9ea
fecc
ff80
003d
0389
05f6
078b
0a65
0b6d
061a
fe64
fb85
fd31
fea8
fde9
0030
0615
0851
059b
03f0
058f
06d3
06ae
08f4
0c4e
0b69
0929
09ce
096d
0379
fcc7
fc53
feb1
fd33
faff
fe51
04db
08f9
099e
0a33
0c5e
0bfd
087c
06a2
03de
fcf1
f7db
f878
f8dc
f508
f37c
f9b0
ff6c
fc65
f5ab
f1dd
ef26
e9a6
e433
e439
e880
ec9b
f180
f908
0014
0501
0b95
13d8
156a
0cca
067c
0c0c
136e
11ae
0ae8
0a12
0c68
0a80
07ed
0725
045f
0021
fd7c
fc67
fac7
f925
fbd9
021f
0463
0133
007e
0467
03ff
fe8d
facc
fab9
fbfb
fbb1
fb60
fc57
fba3
f893
f69f
f6a7
f5fd
f47f
f725
fdee
0150
ff5f
fe56
0240
0589
03fd
02d9
05f7
092d
0824
0518
03f1
0379
0435
0933
0ef6
0e51
098c
06a6
03cb
fd85
f5df
f36c
f632
f5ab
ef25
eacd
ed57
f1fe
f52c
f887
fbaf
fbd6
fbe6
0107
0592
029f
fe9d
012f
0746
094b
06f6
0701
09f4
07d3
ffc7
fbb9
fda2
ff2b
fed5
ffe1
0201
024f
0391
08cc
0c1d
08b7
04dc
05dc
07de
0405
fbc6
f737
f72f
f53b
f067
edef
f048
f3b5
f592
f8ad
fbaa
fbc6
fde7
04da
08c6
0580
0202
04e0
0a8f
0ba6
0914
0a32
0d93
0a36
01cb
fc8d
fb95
fa38
f7ab
f64c
f3ec
efc9
efe9
f6bc
fc03
f80a
f283
f4b3
f5a0
edbd
e550
e43a
e8dd
ee53
f47c
fd80
0647
09f1
07b9
01c2
fa49
f5cf
f6c4
f9bc
fed3
07ba
1218
1a6d
1d20
1652
0908
fec3
fd11
019b
0538
0334
00bc
0306
055c
0349
00c5
02d7
06fe
095a
0aa8
0a8b
04ef
fb3d
f3ee
f0c5
f29b
f9d6
0365
09c0
07e2
ff53
f673
f14e
f1f9
f59f
f665
f4a3
f3d4
f2c4
f3dd
f79c
f891
fa87
03a3
0cc4
0cd4
06b9
05db
0b35
0d21
08a3
04c3
04cd
03c7
ff60
fc70
fdcf
00d1
02b8
01f0
ff42
ff2b
031d
0530
024b
fe36
fb9d
f8b7
f4f7
f3dc
f5bd
f60f
f6e1
fdc7
068c
0948
0688
03fe
0499
0816
0933
0464
000b
0287
06ef
0436
fdfe
fce3
fdee
fab1
f5c0
f491
f6d7
f754
f5bf
f6d9
fb43
ffcf
038b
0675
07f5
0737
07b4
0b53
0ce2
0980
07f1
0e6d
164c
165b
10c9
0ce7
0863
002d
fad1
fb02
fc2b
fd56
fec2
004f
ff52
fba8
fbe7
0206
079e
070b
03d3
06b4
0dbd
0e6c
0b29
0bf8
0dec
0cf3
0b92
0a97
07b6
034d
01f4
03d4
0248
fd8a
fd3a
035b
07d0
0618
054e
08e9
0ae0
06de
ffe1
fb14
f7df
f546
f50c
f52b
f181
eb61
ea34
eef9
f310
f569
fc56
07e0
0de1
0a99
05e5
03ea
0046
f816
f07a
eeea
f1e6
f6d0
fd12
022c
044e
0387
0062
fa43
f3f0
f282
f623
fab2
faa1
f681
f63b
fc65
02bc
04d1
05f3
08dd
0ac3
0a89
0b0d
0bdd
097a
061e
0690
07ef
043e
fe6a
fe3d
0334
042f
fe5e
f9f4
fab2
f97c
f3e5
efa1
eefe
efcb
f281
f8d3
ff5e
01a8
0397
08d8
0bc3
091a
0510
051c
07e0
0615
fff2
fc81
fe79
0285
0384
02f4
0404
0588
0730
07d0
0592
ff18
f874
f862
fbc2
fa8b
f923
ff98
083d
0aac
08cd
0907
0b05
0917
0315
fe63
fc4e
f9da
f8de
fbd5
ffde
00ad
fedf
fcaa
faff
fa3d
f6b2
eef6
e939
ea7c
f10c
f9cd
0262
081e
0942
048f
fedf
006e
0502
03d4
fe88
fc1a
fbdd
f816
f5ab
f92d
fae9
fa9d
fe0e
0113
0008
fd7c
fc07
ff79
0313
fe93
facc
0268
0b07
0c1b
0a65
0973
0876
0732
074a
07de
03ef
fb4f
f3be
f00e
efb2
f2ad
f73c
f946
f92e
f9a0
f7fd
f530
f7a7
fd83
fe8f
fba1
fc2a
00cb
00fc
f9b5
f398
f4e2
fa4f
ff14
025d
049e
0384
00d0
0179
054f
0674
06ad
0c18
1115
0d1f
0379
fe56
fea4
fbb2
f596
f557
fd51
0564
07c2
0696
0318
fccb
f81b
f89c
fb35
fa56
f5d1
f31c
f396
f315
f4e8
00a7
0fc7
1428
0e34
081d
0614
02b6
fca6
f88b
f71d
f48e
f1e8
f562
fb54
fcc9
ff87
08d0
10d3
0d1d
02ce
ff48
005d
fd1e
f6bd
f50b
fab0
0368
0a0c
0ce4
0a38
0368
ff2f
0134
0231
fa50
edf0
e6e0
e876
f191
0090
1190
1bb7
1b79
16ee
1390
114b
0c02
0230
f82f
f131
ef28
f4a2
fefb
0579
047d
0417
0a5a
107e
0dba
0585
018a
02b1
023a
fffc
0004
01da
0374
06f2
0b98
0ba6
05d2
0367
0737
063e
fc70
f292
ef30
ed9b
e99b
e934
f1b1
fd3a
03cd
062a
0827
087c
0533
01f6
032d
04da
047e
08ee
114b
127b
081a
fdd7
fe5f
0327
05a1
07fa
0aa5
07a5
fd6e
f458
f23a
f423
f582
f747
f8e2
f53e
ee25
ecd6
f0a7
f1de
efd0
ed4d
ec32
ed8e
f01b
f4f8
fb2d
fe52
ffd7
0583
0e53
1169
0cc5
095e
0c01
0e4f
0beb
0862
0634
0098
f7f6
f547
faf6
013f
032d
048a
0732
07cd
0530
0300
0402
0309
fd1b
fa1d
fc6a
fd04
fcd3
0106
0567
02a9
fbe5
fb9d
0192
048a
02c7
01b2
02b8
02d7
0335
08b1
1154
13a6
0d9b
0794
0593
0387
fee3
fb32
f9a8
f74d
f61e
faaf
033b
08a0
089e
071e
056f
030b
03ef
0a26
0e5a
0cdb
08db
060e
05ad
041f
00af
fe67
fc44
f82a
f808
0000
0810
086c
03c9
0148
0012
fc74
f96b
f929
f7f6
f42b
f25a
f55d
f8a2
f8c7
f970
fb85
fca2
fcbe
fe69
02a3
04af
01db
fff4
034f
081a
0983
08ab
065e
0059
f951
f707
f9fa
fafc
f783
f6cd
fca9
03bc
071a
08f2
0ad8
0856
00fd
fc10
fd9b
01ac
039e
04d5
0568
0116
f996
f86f
fd81
fe07
f7a8
f326
f65a
fd67
0441
0c19
13c4
14a6
0ed8
0b2d
0da1
10cf
11c3
12a8
1114
09de
019f
01a5
06fb
0618
fd3a
f5fb
f5fa
f966
fb89
fd85
fec9
fb48
f5ed
f693
fc80
fe18
f977
f646
f87b
fc06
ff67
0595
0aea
0798
fd0f
f5c5
f585
f7ce
fcb0
04b8
0895
0354
f80d
ee88
eb89
ecfa
f1ee
fbeb
0441
01f7
f9e3
f6fe
fa41
fc81
fda4
0318
0864
0613
ff18
fa80
f91e
f852
f866
fbca
00e8
055d
0ba9
1409
1960
1777
127e
1158
1193
0dec
0820
04da
0219
fbdf
f667
f882
fd0f
fb1d
f618
f6c2
fbee
fb7a
f529
f1bc
f4d6
fa61
fe69
0218
03e9
02c5
037d
0856
0ad8
0583
fc44
f4d9
f066
ee5d
ef72
f3db
f662
f46d
f4e4
fca7
05b1
07f8
05a8
05a0
0706
075d
08ce
0be1
0ae1
037c
fe70
017c
02a9
fb71
f469
f60e
fc5e
feba
fceb
f9b2
f456
ef91
f183
f918
ffa9
ffcd
fc2d
fc3b
ffe6
02e7
0570
0724
04a0
0094
025a
0980
0cef
0919
0500
04ab
04b6
0429
0559
06e0
0550
014e
ff2d
fec4
fa66
f338
f06c
f502
faed
fab2
f83a
f8d4
f8ec
f77e
f907
fde3
fe7a
f8e5
f687
fc88
04af
065d
0402
05a2
0a04
0dbb
0f43
0cfd
0488
f961
f075
ed6d
f71d
0572
0b8c
054b
fc32
fee5
0831
0b2f
0283
fcca
0307
0ace
07fd
ffab
0128
0b8b
123e
1019
0e69
10e9
110c
0c22
0662
02f2
ff7b
fd1f
fdc4
ff32
fe31
fe35
05ce
0f86
0f88
08af
0147
fe5c
fb06
f817
f978
fa29
f4cf
eff3
f239
f69b
f735
f5bf
f84a
fe0b
0108
001f
feda
feb3
ff2b
fede
fe10
fbcd
f661
f2d1
f3a6
f4f7
f2f1
f30f
fb5d
0593
084a
0598
0489
03ff
01a9
fef0
fc18
f8c0
f6dd
fb04
0147
0130
fd4a
fdc3
03a5
0678
027b
0020
0496
09e9
0905
04d2
03c0
0520
054b
0511
04fb
0056
f7b6
f40d
f86b
fe16
00cd
0607
0ecf
118c
0b66
062c
0957
0d56
09e3
029a
fec2
fe31
fda3
fec6
022e
04aa
0709
0cb1
1209
0e68
03e1
ffad
031e
022a
f744
eda5
ee7e
f3a2
f62d
f877
fe0e
0525
0b3d
0e3c
0cdd
07b7
0420
0521
0460
fd7b
f4d7
f1e4
f30b
f093
ec2f
ee2b
f7fd
0158
0571
07c1
0a71
0bed
0b4b
08b6
03cf
fc6a
f62a
f470
f194
e703
db71
db23
e59d
efcf
f671
fe83
0963
1015
0dc5
084a
04f2
0159
fd9a
fc79
fc64
fb37
fcac
0437
0c1e
0dd0
0c13
0e32
1217
0f09
06c7
0348
06f9
0a46
0833
03ed
ff9e
fab9
f595
f0c0
ea9a
e441
e520
efe6
fc25
017a
01e9
055b
098a
06b0
0082
ff9c
0132
fdd9
f721
f4a0
f690
f814
fa2c
fcb9
fb4e
f651
f4f6
f99f
fc52
f86a
f3b1
f541
fd6f
0715
0e6b
12f3
1415
100c
0911
032c
ffb5
fef1
01cb
0716
08e7
053a
0374
0548
016e
f731
f26e
f7bb
fd2b
fa2e
f5d3
f863
ffd3
0742
0b66
0a08
0550
0097
ff92
01f1
013f
fbf0
fa82
fd95
fbff
f42b
ef51
f0c5
f058
eaee
e98d
ed9e
f144
f3cf
f59f
f75b
f9e3
fdbe
0458
0af2
0cc7
0c57
0fd6
139d
0e4e
0226
faff
fcef
005e
006b
0283
0b54
14db
186a
17f3
1553
0f34
077c
02e6
00e5
faff
f49d
f646
fc47
fbf5
f5c4
f67a
ff43
03e9
0295
02fa
05f7
059c
ffaa
f87e
f191
ea6c
e6ec
e8cb
ec22
ef13
f456
fe52
0761
07c1
0337
0356
0688
03f0
fd57
fcb9
0394
082a
0733
060d
06b6
07a0
0947
0c31
0beb
066a
02b1
0567
07a8
0392
ff2d
0242
09d5
0bfa
0707
041e
0524
039d
ff6f
fd0a
fc3f
fa79
f8d4
f8c7
f792
f53b
f75e
ff6a
04bf
0222
ffa7
04d9
0a14
049c
f839
f26e
f3f8
f4d3
f4a7
f701
fae1
fcf7
0032
06b4
0916
061b
060f
0a91
0b55
04d2
fdba
fd61
0110
fef6
f9a3
fa9b
ff4a
013d
01fd
0479
06c6
06d3
0585
02b4
fd8c
f7a6
f66e
f9f7
fa66
f62c
f56f
fcce
0512
076e
0754
090d
0b02
09c2
068b
0229
fc8c
f8c7
f992
fbab
f93f
f516
f5e5
f904
f5ab
ecf7
ea76
f1e2
f8e1
f7b1
f4e9
f771
fc71
fef3
fe83
fa93
f602
f580
f8f0
faab
f678
f384
f8ae
0146
0450
03eb
0933
11c7
13d1
0e1b
09d9
0ba0
0dd0
0b27
0661
02e0
ff91
fce7
fc6b
fcf5
fc53
fdd0
04cd
0abc
07d9
012f
0207
097b
09da
ff66
f4a9
efc3
ed95
ec1e
ee42
f438
faa0
004f
056d
07f5
0672
068c
0c2a
0ef5
06d8
fb47
f802
fb6b
fc69
fac4
fd3f
035d
0745
0874
088d
072d
0322
fff1
ff5a
fd16
f7d4
f5cf
fade
007c
00dd
00e7
07d8
0fd1
0f4a
0a71
0a11
0c22
0aeb
0769
057d
04bb
0282
ffed
ff5e
fed0
fc71
fc5d
ff15
fe10
f60e
efa0
f33d
f877
f533
f026
f320
fbee
027a
04cf
058c
0690
061d
0368
003b
fc11
f89d
f846
f979
f793
f35d
f4c6
fc20
0118
ffc2
ff57
05fa
0e1f
1066
0e19
0c55
0c5f
0cff
0de1
0c72
07c4
03ea
0436
05b8
0167
f8e7
f81d
019c
0814
05c7
031b
0508
05f5
0200
fddd
fe7c
0189
0256
00e1
fdaa
f8d9
f655
f9ee
ff98
ff9d
fb9d
fc4b
009c
fee8
f82f
f67c
fb7a
ff66
fe2d
fc2f
fc2e
fb5d
f8c2
f5cd
f208
ed42
ebfc
f16d
f73e
f70c
f343
ef9b
ef07
f19d
f5de
fe1c
07b8
0947
02e2
fe44
002a
0495
07dd
0b28
0dc5
0e7d
10c0
16ce
1b69
187e
123e
0f43
0d16
05ae
fcdb
fbe6
0159
040d
0136
fe14
fcd6
fbd9
fb89
fb8e
fa7e
f8e2
fc84
045d
0769
0394
003b
0212
031c
fd69
f72c
f781
f97c
f427
ea29
e423
e3eb
e697
ea82
ef78
f6bd
ff1c
0690
0c77
0cf4
084e
04ae
0505
044e
fcc7
f5a4
f834
0157
08a1
0cd6
11dc
1555
1374
0de5
078b
fef9
f525
ee7b
ea4d
e66b
e5ea
ec87
f9e1
0585
0a09
0d24
12c3
15c9
0fef
061b
0285
0210
fb64
f179
e90a
e1da
df40
e4a2
edab
f3d9
f76c
fd47
0523
07e6
0545
050b
0847
06c8
00f9
00cd
0744
0de5
0f68
0cb9
0972
062f
04aa
0666
07ef
044a
0053
0454
0c6a
0fb2
0f0e
1231
1753
1505
0dd3
0a41
0a39
0829
0124
f99d
f5d9
f82d
ffaa
0459
020e
fcdb
fbc6
00ab
051c
022c
fc5b
fce1
028b
05f4
04ee
ffae
fa1a
f8fc
f769
ef17
e2a9
da65
d9ed
dfb5
e6d3
eb2f
f010
f7f1
fdb7
fd85
fd55
02d5
0688
018b
faf2
f9b2
fcd6
fe97
fdc2
ff37
0351
0740
0a9d
0de1
0d5b
08a0
06cf
0795
03e4
faff
f4ba
f717
fcae
fb5c
f694
f8ba
ff3f
013e
005e
03e6
0b63
1031
1197
12b4
11f5
0f20
0e31
0fbc
0dec
073d
036b
0590
0599
ff0e
fa8e
ff63
0599
0333
fc08
f9f5
fcc6
fde6
fd99
fed3
ffef
ff92
0032
0222
00c5
fc6d
fbbd
fe05
fa3c
ef3f
e7eb
eb50
f2bb
f5e5
f7a5
fc22
ff87
fd63
fac5
fa82
f995
f995
fced
012d
0140
fe90
0056
07fe
0cbd
0ad3
09ec
0cc0
0c48
0744
0665
0d1b
1306
1101
0b46
0744
050c
03bc
034f
00dd
f94c
f382
f70b
fe16
fe43
f8cc
f84f
fde6
fee2
f665
f09c
f4e0
f8a6
f673
f522
f99d
ff51
01a4
0451
0764
07ce
0801
0b16
0c56
0480
f99f
f719
fa7e
f82e
ef4d
ed81
f6a9
0041
02b9
03a6
08bb
0bda
0925
051d
012e
fc46
f93a
fae9
fcd6
f9bf
f718
fa95
fda7
f81d
f073
f325
fd5a
0236
ff49
fc57
fc19
fae6
f76f
f4cb
f3ba
f4ed
fb50
04d2
0aff
0b6f
0c04
0f3e
0dad
0440
fb85
fb71
ffca
ffad
fc75
fd6c
011c
0098
fb96
f826
f8d4
fb58
feeb
02a2
02f6
ffe6
ff99
033b
0432
00b4
fffd
05d9
0b0b
078e
ff78
fab7
f80b
f35d
f0b7
f548
fced
0070
0139
0494
08a3
09b1
0737
01d7
f880
f05a
f091
f840
fca2
f981
f82e
ffcf
0ab2
1072
1219
153d
179b
143e
0e1f
09ef
06a5
01fd
fd9d
fbc1
f9f3
f9e7
00a8
0bc7
10e7
0d38
0a07
0b9a
0927
fefb
f68f
f640
f965
f993
f7af
f65d
f5a1
f87f
00b0
087b
07f4
01d3
ff1f
ff03
fa50
f27c
f16b
f775
faa2
f8c4
fb2d
0596
0e79
0eaf
0a70
0795
0566
0150
fd5a
f9d0
f554
f479
fb36
0223
021d
ffbf
0277
076f
0559
fc65
f6e4
f995
ff4f
0188
fedc
fc9e
009c
05eb
03c5
fc58
f965
fd21
feb5
fa69
f984
ffbb
059e
07e0
0927
0ad2
0c39
0ee9
1292
10cd
0849
03a9
07f8
0b64
03a0
f85d
f6c4
fe37
0488
0363
fee9
fcbc
fe93
0285
014f
fb9b
f92e
f90a
f56d
ed07
e8de
eee2
f8d6
fdee
fce8
ff7a
09e1
111e
1154
0f86
0f22
114f
1133
0c68
072d
0335
ff6c
fc26
fa0b
f7ea
f47d
f410
f9b8
fd7b
fb27
fa6f
006e
056a
012a
f9c4
f8ce
fee7
0556
05e2
019a
008a
0543
08df
05ed
01f7
02e8
02ee
fb6f
f259
f06e
f657
fe27
003a
fc72
fd0a
05ce
0bbf
0830
0189
ff7d
0158
01e7
ff27
fcde
fbaf
fa23
fc6e
0224
0489
03fd
0771
0e4a
0cb9
010a
fb65
001e
0567
0666
021d
fcf8
fecb
0440
039e
fe87
fed9
04c7
06d0
0222
fecf
00e5
0513
0613
ff4f
f6da
f8bd
0374
0a4d
08b1
072d
0a7e
0cbe
06a0
fb53
f2d4
ec9b
e809
e852
eb77
ee40
f339
fc08
0221
0010
fb99
fcba
fe66
f8d5
f050
ed4f
f2d7
fbe4
0065
fdd7
f975
f8c5
fc43
0207
063f
060e
040c
03b1
03db
03e0
046a
04c3
059f
07ae
08f9
08d3
0be4
1280
1392
0e58
0bcd
0eed
10b3
0a6b
00de
fedf
0327
036a
feec
fc79
fcd7
fbe8
fc3c
02f3
093e
04e6
f8e7
ed5f
e698
e721
ec44
ee40
eaf5
e66f
e77e
f154
fc50
0054
0130
03d5
0753
0c1f
11eb
1402
0fc8
072a
ffc0
fc96
fb24
fa78
fe0a
0398
0167
f92d
f6c5
fbac
ff9a
fd7d
f90a
f906
ffd0
08a3
0af0
0662
0436
07ae
08e5
0310
fea9
022d
06c6
04b7
ff68
ff7a
043c
070a
042f
fef0
ffac
0708
0ac1
04a6
fbb7
f5c8
efc0
e9db
ebba
f84f
0606
0d33
0df6
0abe
06f0
02f9
fd8e
f915
f869
f9f6
f797
f249
f2a0
f9a8
ff04
fdac
f951
f764
fbce
025f
012d
fa4e
f94c
ff08
0130
fc7c
fa14
fe82
03a9
0529
0343
0172
0618
0eef
11bb
0c8f
089b
0ad1
0ce8
0ac5
084c
087a
097f
0870
0477
0023
0066
053f
0777
0423
017d
0331
0581
07eb
0c14
0e76
0c38
0794
03bb
ffbf
fc0f
fb89
fba1
fa0c
f8dc
f83a
f849
fd19
0655
0b6f
08d9
067b
0b33
10e6
0e5b
0409
fb04
f84b
f8f4
f8ff
f9d3
ff60
04f1
070e
08b4
09fe
08df
03ef
fbc2
f430
f134
f01d
ebde
e81f
e68d
e36c
e232
e5d7
eba4
f015
f382
fb01
064b
0b76
05d3
0037
00bd
fec3
f5cb
ecb0
e9c1
edcd
f229
f244
f769
0147
02fa
010f
000b
f9bd
fa90
07a3
0f1d
0da4
0b64
0be7
12c3
1a40
1846
15e0
1c30
209b
1bae
13e2
0f86
0c88
079e
03fd
026f
ffb0
ff44
04f1
0bf5
0c52
086f
09c4
0fb5
0f90
06fe
037c
0a07
101d
0fcc
0952
0118
ff5c
016a
fbfb
f214
efd8
f56d
f84d
f482
f0e6
f4f4
fef6
05b8
042b
ffad
0164
076d
0722
fe7d
f842
fb1b
0159
0218
fa62
f1c1
f0a5
f34c
f14a
ed5b
f161
fcd3
021c
fa93
f3a0
f5db
fa36
f9dc
f2a1
eb7a
ec82
f313
f7e3
f86c
facd
016b
065f
04f0
ff6e
fc7d
00d3
0716
05b9
ff5b
ff6a
05b5
084f
0584
039e
0527
060b
0662
0894
0a19
0982
0abb
0ebe
0e16
05fb
023c
08d4
0e60
0b11
04c4
03d4
073a
0721
02e6
00ce
026a
0466
0477
02c4
feaa
f878
f516
f772
f8a1
f551
f426
f7d7
f814
efc3
e9c8
ef23
f6d9
f77b
f55e
f71d
fb1c
fbac
f81c
f595
f65f
f77c
f6cb
f2a8
ec8c
e7d4
e807
eed3
f483
f4eb
f98d
052e
0c2c
0aa4
0917
0c5d
117b
12d1
0fdd
0cd8
098c
04bb
00b1
fee5
fe75
000e
05a9
0b69
0b33
083b
0bfc
14a4
16b7
1089
0cd6
1027
11fe
0dd2
0b4a
0f1a
14c9
16a5
12de
0d0b
0872
0341
fe65
fb1c
f850
f820
fbdc
0015
fe4d
f8d3
f773
fb15
ff02
001a
003c
fea8
f95d
f4b2
f4d3
f60a
f21f
ed3a
f093
f90a
fa75
f55b
f59f
fc8d
020e
01f0
ff0a
fc72
f9e8
f875
f8f1
f8c8
f8f7
fcdb
03ed
0a53
0ac6
0885
0b7b
0f9f
0b0a
ffd3
f8b6
f86b
f953
fb8d
02bc
091d
08a8
072f
0c86
1387
126f
0b45
071c
0689
021a
f972
f43a
f4b2
f88a
0143
0f7f
1b55
1cc3
152d
0b32
018a
f85c
f41c
f5e9
f585
ee8b
ea2a
f125
fc3c
fe36
f8f1
f7a9
faa7
fbe4
fbb4
fbd1
fc06
fd14
fff9
0301
0213
ff79
01da
0788
095d
062c
04f2
088e
08ef
0163
f90e
f792
f9c0
f837
f4dc
f5d5
fa4e
fde2
ffe3
0182
020b
02eb
05e8
06de
0068
f678
f44b
fa9f
ff30
fe1c
000b
089f
0e71
0b2d
05c0
05e7
07bb
04c3
fec4
fae8
f95c
f7bf
f71b
f656
f29f
f0f8
f822
0356
054b
fadb
ef8a
e8ed
e417
e1a8
e4ce
eac9
ec74
ed02
f5e2
0592
1297
183b
1a1d
1725
0ad9
fcf2
f84f
fc3f
ffd5
ff80
0139
062a
09fa
0ba3
0db7
0f39
0c2f
08ec
0a0f
0b31
0730
0381
0904
10c6
0f30
06f2
ffe5
fb4f
f855
f77d
facb
005d
01b8
fe70
fd30
fe04
fcfc
fce3
ff0d
fe24
f736
eec6
ebc2
eeb9
f1dd
f2d5
f41e
f651
f84b
fcd3
067e
1078
1218
0c92
07ba
01dd
f810
f2e7
f80a
ff96
fede
fa29
fb48
fedc
fe65
fa88
f773
f80f
fad7
fbf0
fbf4
fac0
f73e
f78e
fdea
0193
fe39
fa5c
fb3b
ff09
021f
027b
00fb
fda7
f7ee
f547
f7fa
f82e
f358
f281
fa08
0210
0439
0371
0572
0864
090d
0a0a
0cbb
0ea2
0d39
0b3d
0bf1
0bc9
085d
062b
0810
085e
0408
00a0
ffdb
002f
002c
005e
0166
012d
feec
fff3
066b
0ae6
07ef
01a7
fe6e
fae0
f3f7
f23a
fada
065c
0a3c
09c5
0c62
0e94
0adf
03cd
fe9c
fba6
f987
f907
f8ae
f6b6
f8a9
02f1
0d0a
0e08
09e8
0b26
10a0
0f77
0654
ff9c
ff9a
ff54
f9df
f4c3
f6a2
fbd6
fe2e
fc2c
f786
f21f
ee79
f074
f5de
f563
f1f2
f554
fbfb
fb09
f2fb
f3d4
fe64
02b9
fe70
fdbf
06c3
0cef
08a4
0301
05e0
0f34
14db
169f
16b5
1521
12a0
0fb8
0b82
0455
ff4d
00b3
0559
0881
08c4
0781
07ae
0aae
0bd8
083b
0524
0710
089b
02da
fc1f
fd56
0141
ff09
fa05
f9f4
fe74
01b5
0068
fe57
fe40
fe4e
fda9
fc99
fd5b
00ad
0132
fc95
f720
f533
f800
fb6d
fb77
f9f5
f84f
f70b
f73b
f78c
f5fe
f428
f7a3
fd92
fe5d
fa63
f922
ff26
056b
0578
00e6
fc61
fd07
0120
01ba
fe60
0051
0a89
120f
0f4f
07cf
039a
05b7
0b38
0c39
0762
0246
febe
fbcd
f937
f69f
f521
f7de
fd69
005d
ff18
fc97
f986
f692
f471
f17c
eec9
edab
ebc1
e78d
e5e4
ec8f
f6c2
fbbb
fb80
fa9c
fba7
ff04
005f
fda7
fb8b
fea0
031c
023b
ffa6
0402
0d2b
103b
0a9e
0321
fef7
fd8a
fc61
fcc8
00ef
0432
0257
fc43
f694
f89a
0053
0298
fc41
f46d
f198
f4cf
fa19
fed4
0312
0548
035e
fd06
f6ec
f7af
fdfd
003f
fb1a
f4b9
f0db
ed9f
ea17
e928
ed7e
f5bb
ffb5
0a5a
11df
1526
158a
13ac
1019
0c7c
099f
058f
0281
01ee
fe57
f70f
f390
f849
fccb
f8cc
f0ae
e9e6
e8a9
efc9
f7dd
f7c9
f4e5
f8ee
00e9
02d5
ff05
fea5
0314
073d
073c
034c
ff0f
fda1
fead
0291
09af
0d69
0cce
0eb8
1418
18a7
1894
1298
0994
00f5
f86e
f173
f360
fc73
0164
fe51
f8ca
f660
f7ae
f898
f790
f51e
efdc
eb32
ee68
f8d2
0067
ffb9
fadb
f7b1
fa5c
02cd
086f
046b
fe29
ffaf
0450
056f
05ef
074f
07c2
07da
0afa
0f56
0d11
0652
043f
08ef
0e3d
0f2a
0df3
0b27
0326
f6e6
ec06
e6c3
e767
ebff
f11e
f5b2
fdba
069c
0921
051d
01fe
0205
008a
fc07
f805
f295
eb20
e7e0
e90d
eaac
eab3
e95d
e852
eb0e
f58e
031a
0e1d
1430
1585
1381
0c65
0245
fa6a
f714
f7fd
f9af
f9a0
fab8
0067
05c3
035d
f988
ee2c
e82e
ec93
f6cc
fb1f
f7ac
f40d
f24f
efe0
edd6
edb2
eec6
f1dc
f7c9
fded
02e1
07ec
09d0
04d8
fda3
fc3c
0138
05ac
0444
fda3
f823
fa1c
ff9c
ff69
fac2
fa3d
ff47
0360
04a9
0686
09a5
0c20
0979
005d
f920
fa88
0059
02c9
02bb
067b
0c95
1094
1248
1124
0d65
09dc
09c9
0bbc
092a
012e
f9d7
f712
f718
f4ec
f00d
eb98
e7d7
e53b
e7db
ee50
f09b
f000
f44a
fbd9
ff65
fd4a
fcdf
02d1
07d5
06a4
04ef
0a50
147c
1915
142e
0cc5
0c67
1306
14a7
0be5
0162
fd6e
ff34
0364
07d1
0803
01aa
f8af
f51c
f83a
f68b
ec40
e557
e98b
f0ce
f125
eeae
f17f
f949
006c
04eb
0584
00b2
f83a
f0f7
eebd
f40c
0129
0f58
16f7
15b3
0e48
0948
0b4b
0b3a
0422
fc22
f731
f39f
f2e2
f9a8
04d7
0b69
0c71
0bb7
0a5f
07a6
00e1
f894
f5b7
fb16
001c
fd9c
fa29
fdef
062c
0b27
0aed
086f
07bb
0978
0911
045b
fffa
00b5
022d
fc5b
f3e8
f3bf
f8ef
f8d6
f4a6
f1e7
ef58
eb71
ea75
f0dc
f979
fc87
faed
fa50
fdd9
0580
0c54
0c90
0900
08b9
0cc3
0f94
100a
118e
1410
142c
11e1
0e8d
07f0
fe99
f902
fabb
fc64
f7c4
f3f2
f896
ffd7
ff29
f961
f858
fb57
fac2
f6c9
f599
f778
f89e
fae1
0077
02b0
fb89
f1e1
f066
f50a
f7be
f992
fe83
03ba
0792
0b01
0dd2
0d05
0979
098e
0f27
1323
0faa
08ec
06b5
09dc
0ea8
12e4
1495
1280
0e71
0c31
0a19
0308
f9b1
f7c7
ffb9
083b
0aa1
090d
0713
0432
01e4
03fa
056f
ff31
f8a5
fa8c
02b7
09ef
0a4d
0592
01f5
fef0
fb69
fe63
067f
08d0
0389
feb5
00dc
0931
10a0
0fcd
0778
ff8c
fd34
0241
0a30
0a93
0054
f374
edd6
f1c7
f8f5
f976
f3c2
f28d
f933
ff83
0001
fcfe
fd15
0072
041e
0ae2
1282
1176
0b3e
0cd0
1543
18dc
1448
1124
1427
16e6
14d0
105a
0b52
0357
f978
f225
ec31
e951
ecf3
f0d9
eeab
e91c
e936
f3c6
0049
01db
fab3
f7be
fc23
00a0
fedb
f81a
f4d2
fa0b
ffe2
fdae
f6c3
f2b1
f443
f9c0
fd5d
fc38
fdf5
04ec
08bd
059c
0342
07f5
0d02
09f2
014d
f8d2
f4c1
f610
f531
f02a
ef4f
f56b
fa1f
f90f
f918
003b
0777
05c8
fca0
f30c
f10f
f569
f4ca
ee3f
ec79
f278
f6a0
f2c1
ef1c
f586
0085
0372
010b
031d
07e4
084c
0468
01a8
fff0
fd2f
fee3
04aa
071a
0673
0856
0c5d
0bfc
059e
ff45
fc17
faf8
fe3f
06f6
12f6
1b9b
1931
1097
0cad
0c4d
09a9
04fa
01f6
006f
fe4e
fb5a
f67e
f003
ed00
f1f6
f885
f92b
f73e
f9bd
fe14
fa3a
f016
ebd2
f134
f76b
f84a
f9ba
01c6
0b60
0f54
101b
10eb
1027
0d23
07c7
0166
ff6a
0316
0456
fe1c
f712
f752
fb83
fd7b
fc8b
fbe6
fd12
ffdc
044d
05f4
0107
faa1
f96d
fb2c
f785
f228
f7f1
0405
0772
0507
0829
10c6
134f
0c24
03af
ff02
fb87
f7d7
f5ea
f5bf
f576
f57e
f8a5
fe23
ff40
ff56
05ee
0b25
07bc
03ef
08bb
1058
0f69
0816
04c0
06a2
0667
032d
0258
053e
0713
05f5
03d4
fe98
f2da
e869
e908
f061
f6d7
fce0
0321
031b
fa68
f25d
f220
f382
f007
ed47
f287
fc16
0082
ff8e
ff35
00b4
0155
0072
0008
ffd2
0065
03a1
0796
0865
0737
0943
0df7
0dd3
08ee
0932
11cd
17f5
13ed
0d82
0e4e
105c
0a37
ffb0
f8ce
f58a
f22d
f00c
f1a4
f3cd
f53e
f967
00c3
0676
089d
0c1c
1004
0db4
0676
042a
09ac
0eac
0df3
0b13
087a
0477
009a
0275
0712
04c7
fcfd
f9b5
fc05
fa78
f35a
f0b8
f5a2
f812
f1a7
eba5
eec1
f521
f57f
ee94
e87b
eb20
f508
fe74
00f1
fcb0
fb1e
0328
10bf
1af8
1c58
1586
0c74
08e8
09f8
060e
fd72
fba9
019b
04f1
01f7
fed0
0031
03b6
05f9
06e3
0819
08cb
089d
0a80
0de3
0ce2
05bc
fe5b
feb3
07dc
1146
1147
091b
01e5
0195
0791
0f4f
133f
1108
09f3
04f5
07f0
0c3a
092d
01a5
fd13
fcfd
fe20
fbf5
f620
f0b1
ef7c
f044
ef5e
ee9f
f0e6
f61b
fbf5
0023
0011
fe1d
0087
059c
05c3
01e0
fef5
fe3a
0017
0358
0691
07e2
01ab
f66b
f236
f8c5
0286
06b5
025e
fd82
0146
0835
09ef
0a52
0bd1
09ff
0693
0593
072a
0ccf
149e
162a
0e87
03dc
fa26
f25a
edd0
ef7f
f953
0412
04f2
fb7d
f01f
ece8
f0e9
f17f
ec35
ea29
f087
f79e
f7d5
f5c4
f785
fb77
fcdf
fa90
f90e
fa3b
fb0e
fb4b
fa8c
f69b
f24d
f2e2
f636
f57b
f286
f5c6
fe1f
0178
ff42
fe2f
00ae
08b7
1311
1674
10d5
098a
0454
fcdd
f4c2
f624
ff32
0362
0002
ff47
0546
086d
03a6
feed
021d
079b
07e6
0665
0660
06d5
0807
0a5f
096c
0010
f15c
e585
e15d
e491
e949
ebe9
ee22
f1c6
f804
008d
0789
0a71
0bde
0d9b
0dd2
0e1c
1029
1006
0b9b
06a8
0412
03bc
04a5
0835
0a76
06ad
027e
03a1
04e6
fe5c
f4eb
f267
f5c5
f639
f034
ea84
e86c
e683
e908
f3b6
fc60
fb01
f52b
f25c
f47d
f942
fb9e
fa4f
fa78
feaa
ff9b
f8f5
f658
0032
0d33
1112
0b37
032e
ff7c
0351
0abe
0f6d
129e
1709
16c5
0e8a
05f1
0330
0573
083a
0582
fba6
f1be
ef73
f2e8
f5a3
f66a
f7f1
fa56
fb3e
f8fc
f4a2
f35e
f923
02c4
07e6
0745
05fe
0484
00b8
fbba
f8a1
f894
fb3a
ff00
0157
038e
087f
0bc4
07ec
ff95
f717
eca6
e1fb
e27b
eea0
f92d
fc48
fda8
022c
0632
0872
0dcb
12ba
1051
07f3
ffdf
fc88
fdac
0264
0ab3
113d
110f
0e9e
111e
13c3
0d19
0158
fc6f
ff41
fea0
f71b
efdf
eba6
e8a2
e98d
f288
fca8
fd8b
f98d
fc94
05e2
07d2
012e
fdb9
0106
023f
fc8b
f7a3
f93c
fe53
029b
04d5
0204
f84b
ec83
e8c5
f293
0466
13f8
1a8a
1910
159e
10a6
0771
fed3
fe3c
020a
0059
f971
f670
fa4b
014c
04bb
01db
0112
08cd
0ff5
0cca
0249
f858
f194
ed79
ed9e
f31a
f824
f9ae
fd09
04d8
0a2c
08e1
04f3
0250
02ec
04c3
039d
0065
0255
08b3
0d49
0df9
09c1
0199
fbcd
fd3d
0028
fd2f
f76d
f6dd
fbcf
0058
fdf7
f517
f179
f948
01c5
015c
fbe7
f7d4
f3ba
ef20
f00a
f635
f920
f6cd
f73a
fd66
01ca
fec0
f9d2
f971
fd5f
0354
07d8
05ef
ff1e
f951
f779
f982
fb38
fce1
00dc
04a9
07f9
0997
0393
f7c0
f199
f5fd
fe95
037b
058d
0801
09e1
0b69
0e1d
10b4
1373
1763
16c9
0f3a
0759
046f
00d2
fa1c
fa6c
01c7
044f
ff58
fa33
f87d
f606
ef77
ea33
ed3e
f8eb
05e8
0be1
0acc
0b20
0f68
0f69
0803
00dc
ff46
ff21
fd19
fbd4
fdd7
0423
0a70
098c
03cb
03e6
0b2f
1055
0d86
066b
02c5
0477
05a4
00de
fa86
fa99
fed2
fe0c
f9b7
fa1d
ff6a
01cf
fe1c
f9e1
fab8
00ad
056a
02ce
fb78
f7b2
f959
f7c3
f094
eda1
f2c7
f920
fb82
fbee
fe87
0836
12f9
11ac
0c02
0e7d
12e3
10d4
0947
01ef
ff7f
fed1
f9f7
f3ea
efcc
ec10
eaff
ecbb
e9ce
e530
e93b
f234
f738
f6e5
f640
fb82
01be
fe33
f631
f4c7
f883
f99d
f96b
fdbb
03fe
0489
fd09
f228
ecd6
f317
fc71
fd2d
faa0
fe4e
0550
0731
0593
083a
0e9b
12a7
1232
104e
0e2a
0b1d
0a14
0b0c
0900
058d
072c
0bde
0c86
0a5c
0cfa
14b8
170e
0f66
071f
04f5
01f5
f7f8
ee78
efb0
f83f
fe91
0316
0934
0e2a
0d8c
057d
f98c
f18e
f29a
f840
fa96
f686
f21c
f707
01f8
04a7
ff59
ff70
08a0
0e9c
0ab1
0622
074d
0848
03c7
fe5e
fdbe
00e6
038c
047f
0546
0562
057b
0647
044a
fda2
f6cc
f64e
f8bb
f581
ef14
eef2
f6a4
fb66
f7de
f6d7
fcfa
01cc
0021
fe95
034c
0935
0ae9
09c0
0898
0748
056c
03db
0081
fac9
f7a0
fa17
fcee
fb7e
fb0f
ff43
01eb
fc59
f43f
f42a
f95f
f844
f082
ec98
efe8
f4bc
f8dc
fecd
0540
0702
068f
0730
05d9
00c2
fc16
fc1c
ff46
008f
0144
05dd
0894
01ba
faed
fe5f
0438
03cb
018b
042f
0cb9
1422
12f6
0d7c
087c
0644
07f7
0c7e
0dbf
0b17
0a14
0a3c
05e6
fd8c
fc5b
0264
0300
fc09
f860
fd7d
0088
fb2f
f74b
fbf7
004f
fa6d
f347
f4e5
f8ac
f821
f60e
f7c9
fb74
fdc1
0112
04f5
054f
017e
fe3e
fc47
f7b9
f288
f365
f93b
fa05
f54c
f7af
024b
0779
03d8
007d
0314
063a
0315
fcfa
fb20
fb9c
f8d7
f450
f247
f364
f4bd
f6eb
fa5f
f956
f516
f4f7
f990
fc22
fa86
fe47
0762
0a88
057f
021e
04e2
0570
0036
fd75
0281
088c
07c4
0377
016e
0129
022b
05a3
088e
095f
0b57
0ef1
0f68
09eb
0424
045b
065c
0444
026e
07f7
1052
0fa7
05be
fdf8
fc67
fa0d
f398
efeb
f409
fa4f
fd7d
ff23
01a9
042a
0498
0507
04e1
0190
ff80
00ce
fede
f613
ef35
f251
f796
f540
f29f
f924
036a
078f
0351
fc82
fa93
fec7
043d
06ad
0743
0764
0789
0799
058d
02e4
0421
085e
066c
fd7e
f9ae
fda2
ff6e
f9d6
f68c
fc1e
0078
fbaf
f617
fa8c
04a7
098a
08da
0723
049c
01ed
fc6b
f305
eb93
e96d
ed29
f1f4
f534
fa3b
0088
04e5
0320
fd60
fb73
fcf2
fadd
f286
ec8b
f154
fa81
ff5b
032d
0be8
14bb
15e6
1180
0e8b
0d68
09d4
02b4
fc5b
f948
f902
fb93
feaf
00d4
01c0
04d7
0ba3
0eec
0d8a
0daf
1028
0cc3
015e
f945
fabd
fcdc
f89a
f3e6
f658
fb8b
fc21
f9b9
fa52
ff1f
0264
0397
059b
0612
05dd
0764
0739
0151
fadc
fbeb
0033
fd27
f5f4
f5f8
fc92
0083
0018
01c3
08ce
0d91
09cd
03df
022d
01d3
ff17
fbc2
faf5
fbf7
feb8
0481
078a
0143
f76b
f3b9
f738
fbd9
ffce
0581
0770
ff39
f333
edd9
eea5
edc7
ea83
ed3d
f74e
fe64
fde5
fc4b
fcb3
fd06
fd1c
fda2
fdd5
fe72
027e
08e9
0a78
051a
018e
06f1
0c0d
08ce
0643
0c91
13fd
11dc
0a8d
08da
0b89
0884
ff27
f9b9
faa5
fb4f
f9d0
fa28
fd75
00fd
03df
05ee
0498
ffe7
fbe0
f947
f3c6
ecc0
ec47
f56f
0149
0889
0c88
1089
0fe4
07f9
015b
0240
047d
ff8c
f781
f52a
f6c0
fa0e
0197
09fb
0c4a
0837
05d8
0b10
104b
0cf2
05ce
03bb
04b6
024b
fd7e
fb86
fca6
fec2
0443
0d10
1206
0e6a
08ac
077f
0772
02ef
fc87
fa53
fbd9
fde2
02a7
0937
0944
00da
f9fb
fb95
00b4
050a
0b5d
1119
0e77
05c0
0222
0510
059b
012f
ffa4
02b6
04e7
05d7
0760
06eb
fffd
f656
f3c9
f77d
f87c
f5d5
f755
0034
0957
0dfe
0fee
0d81
0495
fb67
f980
fb71
fa5c
f5fb
f20c
f05a
f0f9
f582
fe1b
042f
0200
fd7d
ff26
053f
07b5
043a
feb1
faa2
f91d
f96d
fabb
f930
f2e2
eff1
f84f
04ae
09a7
05e3
0309
04cd
0629
04cc
016a
fc09
f743
f846
001e
09c3
0c4b
04c2
fb92
f61f
f1fe
ee72
eda5
ef42
f217
f8e1
0634
132c
171d
1379
1006
0ee9
0f06
120f
1799
16ba
0c23
03bc
085d
11d5
1273
0dcd
0cae
0d66
0bc9
0a17
09c6
04ae
f84e
eea4
f0ee
f9a6
ff7f
039c
085d
0b20
0a40
0981
08f6
0456
fd25
faf1
0227
0ada
0bd0
077f
01e9
facd
f4f1
f575
fa2d
fa93
f685
f728
fea0
04ef
0575
02a0
fe4a
f7cf
f343
f75c
015a
081d
07bc
036c
feae
f88f
f308
f513
fe1e
05f8
0950
0b79
0adc
0426
fc8a
fb53
fd60
fa02
f403
f503
fbb9
fb68
f2df
f042
f59a
f7a9
f452
f383
f870
fc13
fafd
fb2b
ff89
04a9
06c6
04ad
ffb1
fa2e
f800
faa6
fd52
fbc6
fa23
fec5
0769
0c93
0c01
0891
0493
0132
017f
0511
0524
02c7
04ae
0ad8
0d8c
08bb
0494
07cb
0b9d
078a
ff20
fbf5
fdc4
fab6
f31e
f159
f5fe
f7b6
f50a
f464
f738
f89d
f66b
f478
f5f5
f8aa
f9f5
fa92
f94f
f6f9
f794
fcba
013a
0093
0161
0912
0ede
0bda
08b1
0caa
0f91
0621
f70b
eff2
f062
f026
ee88
f1fa
f9a5
ffa3
0375
0674
07bd
0739
0574
0129
fa1d
f301
f127
f339
f24d
ef7d
f407
001f
0635
00d0
f720
f004
eab3
e57a
e23f
e2ef
e479
e719
ed93
f451
f411
f1c7
f825
0339
0913
065e
03b1
072c
0a7c
0819
0535
0812
0bb3
0b37
0994
0a99
0c3e
0be7
0b66
09c4
0229
f475
ebd4
f195
ff84
099b
0909
03c4
01ac
01d1
00a0
fdb1
fa61
f7e3
f851
fbd5
00cc
0787
0d0c
0c55
0749
00f6
f803
ee58
ea2d
ecea
f259
f438
f1dc
f092
f334
f63e
f5a7
f558
fbe4
0481
0672
0416
06c6
0db0
0ec9
096a
0694
094a
098e
0288
fbb8
fc91
02b7
08ca
0cc2
0e03
0cf0
0cd2
0b43
060d
00bb
0061
05f5
0a61
0818
05c0
0ae3
10af
0e65
09ee
0d3c
1441
13ff
0c57
0473
fcba
f4ed
f309
f925
fd84
f980
f5d9
fb80
0580
09ed
0920
078e
04a9
0148
0283
0772
0882
0229
fa6d
f81b
fa32
fd41
01ea
0803
0b62
0785
01fe
01e6
04d7
04eb
0259
0270
049c
04a2
024b
ffc7
fd3f
fa38
f908
f9dd
f8d9
f424
f1c3
f39b
f2c3
ef2d
f155
f9fa
fed8
fc44
fc58
0301
050d
fcda
f4b4
f6c8
fb03
f829
f2d9
f283
f5ec
f764
f749
f900
fc92
000f
033c
04fa
02c1
fee4
fdde
fcdf
f582
eb08
e957
f09a
f39a
f0b6
f3b6
0084
09e0
0816
06b2
0c97
1250
11be
0d57
0912
04d8
ffd0
fd91
ff77
030a
06d4
0bf2
106a
1160
1199
1410
13b6
0a32
fe9c
fd40
ffdc
fbbe
f604
f95d
03fd
09b9
084a
092f
0f10
10c4
091c
ff41
fb7b
fb7a
f83b
f352
f08e
f053
f3e8
faf6
feb1
fd55
fd42
00dc
0283
ff19
fea0
0642
0c2b
05c7
fb3b
fc3c
05d8
09de
04eb
006b
fef8
fa82
f2c2
ef4e
f1c4
f450
f3d0
f427
f950
011c
068b
084b
04e2
fc84
f715
f755
f514
eebe
ed5c
f437
fa84
fafe
fe76
0a68
148b
1330
0bef
093b
087e
01e1
f89b
f657
faca
fdf0
fff8
0426
08af
0bab
0caf
0b8d
07fe
0459
04b1
0693
030e
fab7
f830
fd5d
ff3b
fbb7
fcb8
0521
0b2c
07b9
01d2
034d
0654
fea6
f213
ecca
ed29
ed5a
ede9
f129
f6dd
fcaf
00de
0285
01a5
0275
07ed
0ce1
0a77
055a
080c
0dab
0bf7
0541
04b8
0b86
0dc6
06a2
fff3
006e
007f
fa39
f4dd
f750
fcc4
fe1f
fbea
f999
f6a1
f2b2
f040
efdf
f179
f59d
fa4a
fd10
fe83
0024
0126
ffb4
fdf2
ff73
0261
0323
0381
0525
045b
0394
074a
0a10
0789
04b2
060e
078c
042e
0005
0379
0b58
0d35
0988
0901
0c42
0a19
016b
fb60
fe8c
07ca
0c86
07ef
02a9
0628
0cb4
0a2e
024a
00e9
042b
012e
f79a
f272
f74b
007f
047f
0152
ff0b
0335
06f7
02d0
fd6b
ff94
0387
ff34
f64b
f43a
f886
f913
f448
f2ad
f80d
feef
00dd
fee5
fcc5
f9f6
f84e
fb3d
fdb3
fd03
fe21
00fa
0170
010a
01f1
01be
005a
018b
0564
07a0
0852
092b
0859
05aa
0487
0619
066c
04f2
055b
0553
0391
03a5
0613
0826
08f2
0927
087a
0706
06d2
0685
0172
fa01
f85a
fb9b
fb3a
f75c
f97c
0281
05de
009b
fd58
00ef
05a3
046f
fe47
fa22
fe00
04af
067d
050b
05ef
08c0
04b7
f807
eed0
f141
f9ad
fdb6
f97d
f4fc
f77a
fd50
ff71
fff9
063a
0f2b
0e99
03d9
fe60
0221
0184
fa01
f731
fe4e
0647
0820
09f4
0f56
1348
1214
0df9
09dd
04f0
00df
feda
fb44
f842
f912
f87e
f1d6
e92e
e632
ec9a
f4cc
f34f
ed2b
eff9
fb32
0404
04ba
0159
0033
02b3
034a
ff53
fdfc
03b8
0910
0615
ff89
003e
06c7
0661
ff79
feff
065a
0a83
0718
0432
067e
0989
0a00
0a6e
0bea
0c71
0b71
09ad
08cb
0a8b
0cf7
08b1
fba3
ed2b
e5e0
e6b0
e5f0
df59
db94
e0d8
ea61
f270
f901
ff01
0232
0078
fd1a
ff79
060f
0810
045b
0191
02a2
0433
04e8
06cf
0ac0
0dfc
0d18
06e1
015a
041f
0b24
0cd6
0a3f
0baf
0ffe
0f95
0b95
07e4
0532
03d8
02e8
00f7
ff7e
fdef
fac8
f954
f9ae
fad5
fd6b
fce0
f805
f2dc
efa3
ef27
f235
f843
fef5
056f
0b29
0da7
0ce6
0c6a
0b38
0323
f685
ee1a
eb07
e9b2
e967
eb6e
efbb
f490
f72c
f657
f852
0067
06fc
04f4
feca
fc13
fb55
f9d3
f93d
f9df
faa9
fb3a
f9f6
f7ca
fb91
05ea
0dbe
0c8b
07c8
0731
098d
076b
018c
fedb
00ae
03d6
03b7
0129
02ba
092d
0cca
09b0
05f0
0878
0d5c
0d1e
0b2b
0d5a
120f
13b5
0e5b
0593
0241
048e
0152
f70d
f0bc
f107
f2e4
f40c
f5a7
f9c0
ff3b
0409
07f0
09b3
0000
0000
0000
0000
0000
0000
0000
0000
0000
0000
0000
0000
0000
0000
0000
0000
0000
0000
0000
0000
0000
0000
0000
0000
0000
0000
0000
0000
0000
0000
0000
0000
0000
0000
0000
0000
0000
0000
0000
0000
0000
0000
0000
0000
0000
0000
0000
0000
0000
0000
0000
0000
0000
0000
0000
0000
0000
0000
0000
0000
0000
0000
0000
0000
0000
0000
0000
0000
0000
0000
0000
0000
0000
0000
0000
0000
0000
0000
0000
0000
0000
0000
0000
0000
0000
0000
0000
0000
0000
0000
0000
0000
0000
0000
0000
0000
0000
0000
0000
0000
0000
0000
0000
0000
0000
0000
0000
0000
0000
0000
0000
0000
0000
0000
0000
0000
0000
0000
0000
0000
0000
0000
0000
0000
0000
0000
0000
0000
0000
0000
0000
0000
0000
0000
0000
0000
0000
0000
0000
0000
0000
0000
0000
0000
0000
0000
0000
0000
0000
0000
0000
0000
0000
0000
0000
0000
0000
0000
0000
0000
0000
0000
0000
0000
0000
0000
0000
0000
0000
0000
0000
0000
0000
0000
0000
0000
0000
0000
0000
0000
0000
0000
0000
0000
0000
0000
0000
0000
0000
0000
0000
0000
0000
0000
0000
0000
0000
0000
0000
0000
0000
0000
0000
0000
0000
0000
0000
0000
0000
0000
0000
0000
0000
0000
0000
0000
0000
0000
0000
0000
0000
0000
0000
0000
0000
0000
0000
0000
0000
0000
0000
0000
0000
0000
0000
0000
0000
0000
0000
0000
0000
0000
0000
0000
0000
0000
0000
0000
0000
0000
0000
0000
0000
0000
0000
0000
0000
0000
0000
0000
0000
0000
0000
0000
0000
0000
0000
0000
0000
0000
0000
0000
0000
0000
0000
0000
0000
0000
0000
0000
0000
0000
0000
0000
0000
0000
0000
0000
0000
0000
0000
0000
0000
0000
0000
0000
0000
0000
0000
0000
0000
0000
0000
0000
0000
0000
0000
0000
0000
0000
0000
0000
0000
0000
0000
0000
0000
0000
0000
0000
0000
0000
0000
0000
0000
0000
0000
0000
0000
0000
0000
0000
0000
0000
0000
0000
0000
0000
0000
0000
0000
0000
0000
0000
0000
0000
0000
0000
0000
0000
0000
0000
0000
0000
0000
0000
0000
0000
0000
0000
0000
0000
0000
0000
0000
0000
0000
0000
0000
0000
0000
0000
0000
0000
0000
0000
0000
0000
0000
0000
0000
0000
0000
0000
0000
0000
0000
0000
0000
0000
0000
0000
0000
0000
0000
0000
0000
0000
0000
0000
0000
0000
0000
0000
0000
0000
0000
0000
0000
0000
0000
0000
0000
0000
0000
0000
0000
0000
0000
0000
0000
0000
0000
0000
0000
0000
0000
0000
0000
0000
0000
0000
0000
0000
0000
0000
0000
0000
0000
0000
0000
0000
0000
0000
0000
0000
0000
0000
0000
0000
0000
0000
0000
0000
0000
0000
0000
0000
0000
0000
0000
0000
0000
0000
0000
0000
0000
0000
0000
0000
0000
0000
0000
0000
0000
0000
0000
0000
0000
0000
0000
0000
0000
0000
0000
0000
0000
0000
0000
0000
0000
0000
0000
0000
0000
0000
0000
0000
0000
0000
0000
0000
0000
0000
0000
0000
0000
0000
0000
0000
0000
0000
0000
0000
0000
0000
0000
0000
0000
0000
0000
0000
0000
0000
0000
0000
0000
0000
0000
0000
0000
0000
0000
0000
0000
0000
0000
0000
0000
0000
0000
0000
0000
0000
0000
0000
0000
0000
0000
0000
0000
0000
0000
0000
0000
0000
0000
0000
0000
0000
0000
0000
0000
0000
0000
0000
0000
0000
0000
0000
0000
0000
0000
0000
0000
0000
0000
0000
0000
0000
0000
0000
0000
0000
0000
0000
0000
0000
0000
0000
0000
0000
0000
0000
0000
0000
0000
0000
0000
0000
0000
0000
0000
0000
0000
0000
0000
0000
0000
0000
0000
0000
0000
0000
0000
0000
0000
0000
0000
0000
0000
0000
0000
0000
0000
0000
0000
0000
0000
0000
0000
0000
0000
0000
0000
0000
0000
0000
0000
0000
0000
0000
0000
0000
0000
0000
0000
0000
0000
0000
0000
0000
0000
0000
0000
0000
0000
0000
0000
0000
0000
0000
0000
0000
0000
0000
0000
0000
0000
0000
0000
0000
0000
0000
0000
0000
0000
0000
0000
0000
0000
0000
0000
0000
0000
0000
0000
0000
0000
0000
0000
0000
0000
0000
0000
0000
0000
0000
0000
0000
0000
0000
0000
0000
0000
0000
0000
0000
0000
0000
0000
0000
0000
0000
0000
0000
0000
0000
0000
0000
0000
0000
0000
0000
0000
0000
0000
0000
0000
0000
0000
0000
0000
0000
0000
0000
0000
0000
0000
0000
0000
0000
0000
0000
0000
0000
0000
0000
0000
0000
0000
0000
0000
0000
0000
0000
0000
0000
0000
0000
0000
0000
0000
0000
0000
0000
0000
0000
0000
0000
0000
0000
0000
0000
0000
0000
0000
0000
0000
0000
0000
0000
0000
0000
0000
0000
0000
0000
0000
0000
0000
0000
0000
0000
0000
0000
0000
0000
0000
0000
0000
0000
0000
0000
0000
0000
0000
0000
0000
0000
0000
0000
0000
0000
0000
0000
0000
0000
0000
0000
0000
0000
0000
0000
0000
0000
0000
0000
0000
0000
0000
0000
0000
0000
0000
0000
0000
0000
0000
0000
0000
0000
0000
0000
0000
0000
0000
0000
0000
0000
0000
0000
0000
0000
0000
0000
0000
0000
0000
0000
0000
0000
0000
0000
0000
0000
0000
0000
0000
0000
0000
0000
0000
0000
0000
0000
0000
0000
0000
0000
0000
0000
0000
0000
0000
0000
0000
0000
0000
0000
0000
0000
0000
0000
0000
0000
0000
0000
0000
0000
0000
0000
0000
0000
0000
0000
0000
0000
0000
0000
0000
0000
0000
0000
0000
0000
0000
0000
0000
0000
0000
0000
0000
0000
0000
0000
0000
0000
0000
0000
0000
0000
0000
0000
0000
0000
0000
0000
0000
0000
0000
0000
0000
0000
0000
0000
0000
0000
0000
0000
0000
0000
0000
0000
0000
0000
0000
0000
0000
0000
0000
0000
0000
0000
0000
0000
0000
0000
0000
0000
0000
0000
0000
0000
0000
0000
0000
0000
0000
0000
0000
0000
0000
0000
0000
0000
0000
0000
0000
0000
0000
0000
0000
0000
0000
0000
0000
0000
0000
0000
0000
0000
0000
0000
0000
0000
0000
0000
0000
0000
0000
0000
0000
0000
0000
0000
0000
0000
0000
0000
0000
0000
0000
0000
0000
0000
0000
0000
0000
0000
0000
0000
0000
0000
0000
0000
0000
0000
0000
0000
0000
0000
0000
0000
0000
0000
0000
0000
0000
0000
0000
0000
0000
0000
0000
0000
0000
0000
0000
0000
0000
0000
0000
0000
0000
0000
0000
0000
0000
0000
0000
0000
0000
0000
0000
0000
0000
0000
0000
0000
0000
0000
0000
0000
0000
0000
0000
0000
0000
0000
0000
0000
0000
0000
0000
0000
0000
0000
0000
0000
0000
0000
0000
0000
0000
0000
0000
0000
0000
0000
0000
0000
0000
0000
0000
0000
0000
0000
0000
0000
0000
0000
0000
0000
0000
0000
0000
0000
0000
0000
0000
0000
0000
0000
0000
0000
0000
0000
0000
0000
0000
0000
0000
0000
0000
0000
0000
0000
0000
0000
0000
0000
0000
0000
0000
0000
0000
0000
0000
0000
0000
0000
0000
0000
0000
0000
0000
0000
0000
0000
0000
0000
0000
0000
0000
0000
0000
0000
0000
0000
0000
0000
0000
0000
0000
0000
0000
0000
0000
0000
0000
0000
0000
0000
0000
0000
0000
0000
0000
0000
0000
0000
0000
0000
0000
0000
0000
0000
0000
0000
0000
0000
0000
0000
0000
0000
0000
0000
0000
0000
0000
0000
0000
0000
0000
0000
0000
0000
0000
0000
0000
0000
0000
0000
0000
0000
0000
0000
0000
0000
0000
0000
0000
0000
0000
0000
0000
0000
0000
0000
0000
0000
0000
0000
0000
0000
0000
0000
0000
0000
0000
0000
0000
0000
0000
0000
0000
0000
0000
0000
0000
0000
0000
0000
0000
0000
0000
0000
0000
0000
0000
0000
0000
0000
0000
0000
0000
0000
0000
0000
0000
0000
0000
0000
0000
0000
0000
0000
0000
0000
0000
0000
0000
0000
0000
0000
0000
0000
0000
0000
0000
0000
0000
0000
0000
0000
0000
0000
0000
0000
0000
0000
0000
0000
0000
0000
0000
0000
0000
0000
0000
0000
0000
0000
0000
0000
0000
0000
0000
0000
0000
0000
0000
0000
0000
0000
0000
0000
0000
0000
0000
0000
0000
0000
0000
0000
0000
0000
0000
0000
0000
0000
0000
0000
0000
0000
0000
0000
0000
0000
0000
0000
0000
0000
0000
0000
0000
0000
0000
0000
0000
0000
0000
0000
0000
0000
0000
0000
0000
0000
0000
0000
0000
0000
0000
0000
0000
0000
0000
0000
0000
0000
0000
0000
0000
0000
0000
0000
0000
0000
0000
0000
0000
0000
0000
0000
0000
0000
0000
0000
0000
0000
0000
0000
0000
0000
0000
0000
0000
0000
0000
0000
0000
0000
0000
0000
0000
0000
0000
0000
0000
0000
0000
0000
0000
0000
0000
0000
0000
0000
0000
0000
0000
0000
0000
0000
0000
0000
0000
0000
0000
0000
0000
0000
0000
0000
0000
0000
0000
0000
0000
0000
0000
0000
0000
0000
0000
0000
0000
0000
0000
0000
0000
0000
0000
0000
0000
0000
0001
0015
0033
006d
00c0
0135
01da
02a8
03ae
04de
0635
07b0
093f
0ad6
0c65
0dda
0f3d
1060
1153
120f
1298
12ef
1315
1319
12f1
12b0
1259
11eb
116c
10dc
102f
0f70
0e94
0da4
0c98
0b78
0a43
08f3
0790
0623
04a2
0331
01cc
007d
ff3f
fe23
fd15
fc1b
fb25
fa43
f963
f87f
f78f
f691
f585
f455
f30a
f1ac
f043
eec2
ed3d
ebb0
ea20
e897
e708
e58d
e42a
e2de
e1b1
e0af
dfdc
df3e
ded8
dea9
deb3
def4
df75
e01c
e0fa
e1fc
e32a
e477
e5d6
e749
e8d0
ea61
ebf2
ed79
eefe
f067
f1ac
f2da
f3f0
f4f2
f5d6
f6a8
f773
f829
f8d0
f971
fa0f
faa8
fb3d
fbce
fc59
fcd8
fd49
fdae
fe05
fe4d
fe88
feb8
fede
fef6
ff09
ff11
ff19
ff1b
ff1b
ff1b
ff17
ff0b
fefc
fee4
fec0
fe8e
fe55
fe0d
fdb6
fd57
fcea
fc75
fbf8
fb75
faee
fa69
f9de
f95d
f8e8
f881
f82b
f7f0
f7d4
f7da
f808
f85b
f8d0
f971
fa2d
fb08
fbf4
fcf0
fdfc
fefe
0000
00f2
01e0
02ba
0382
0437
04d8
0559
05ba
0601
0633
064f
065b
065f
065f
0661
0671
0690
06c4
0709
0765
07ca
0837
089c
08f3
0931
0957
0957
0939
08f7
0898
082b
07b4
073b
06d2
0674
0635
0611
0609
061f
064b
0686
06cc
0717
075f
07a0
07d8
07ff
0821
0833
083b
083b
0839
082f
0821
0813
0803
07f1
07dc
07c4
07a8
078a
0761
0735
0705
06d4
06a2
067c
065f
0651
0659
067e
06c0
071d
079a
0831
08da
098e
0a4d
0b01
0ba8
0c3b
0cb8
0d17
0d57
0d72
0d66
0d3b
0ce4
0c68
0bc8
0b09
0a2d
092b
080f
06f0
05c0
0494
036d
0251
014f
005b
ff71
fea6
fdf0
fd49
fcb6
fc31
fbbc
fb53
faee
fa96
fa4b
fa0a
f9d6
f9ac
f994
f987
f98d
f99e
f9c6
fa02
fa51
fab8
fb39
fbd2
fc8c
fd5d
fe3f
ff37
003b
013d
023b
0329
0401
04b0
0533
058a
05b8
05be
05a0
056b
051d
04c8
046f
0419
03ca
0382
0345
0303
02be
0273
0217
01ae
0131
009c
fff4
ff37
fe65
fd98
fcca
fc02
fb4b
faaa
fa25
f9b4
f95d
f927
f906
f8f8
f902
f919
f939
f969
f9a4
f9ee
fa4b
fab8
fb3d
fbde
fc9e
fd79
fe79
ff8c
00b6
01f0
032f
0463
0586
068c
0776
082f
08ba
0915
0947
0955
0945
0915
08d8
088a
0837
07e2
079a
075d
0735
072b
073b
0776
07da
0867
091b
09f5
0aeb
0bef
0d01
0dfd
0ee2
0fa2
1035
109a
10c6
10c0
108a
1029
0faa
0f09
0e53
0d90
0cc4
0bf3
0b1f
0a53
0996
08e2
0845
07bc
0751
06ff
06c0
06a2
069a
06a8
06c4
06ec
071f
0757
0792
07cc
07ff
0831
085d
087c
0896
08a0
08a0
0890
0874
0845
0805
07b6
0759
06ec
0669
05de
0545
04a2
03ee
0333
0275
01b0
00e4
0021
ff63
feae
fe00
fd5d
fcc4
fc35
fbb0
fb41
fadc
fa8b
fa4b
fa19
fa04
fa08
fa2f
fa77
fae6
fb83
fc4b
fd41
fe61
ffa4
011d
02a0
0429
05b2
0735
08a0
09ec
0b15
0c23
0cff
0db4
0e3f
0ea0
0ede
0ef5
0eeb
0ec2
0e7a
0e1b
0da8
0d25
0c98
0c01
0b69
0ace
0a3b
09ae
0929
08ac
0837
07ca
0765
0705
06b2
0669
061f
05de
059c
055f
051f
04de
049a
0453
0405
03ae
0349
02dc
025d
01c6
0127
0075
ffb0
fee0
fdf4
fcf8
fbea
fac2
f99a
f86d
f73b
f60a
f4de
f3b4
f28f
f165
f053
ef53
ee61
ed87
ecc4
ec1c
eb89
eb06
ea9d
ea51
ea10
e9ea
e9ca
e9c0
e9c2
e9d4
e9ee
ea20
ea69
eac8
eb43
ebe0
ec9b
ed7b
ee7b
ef9b
f0da
f22b
f397
f510
f68b
f815
f98d
fafc
fc65
fdc2
ff0b
004b
0173
028e
0388
0469
052f
05e4
067a
06f7
075d
07a8
07d8
07ea
07e8
07ce
07a6
0772
0739
0701
06d4
06b6
06ae
06c0
06ec
0733
0790
07fd
0867
08d0
0923
0963
097a
0978
094b
08fb
088a
080b
077a
06e8
0653
05ce
0555
04ec
0496
044f
0417
03e8
03bc
0394
036d
0341
030d
02d0
027c
0221
01aa
0123
0084
ffc2
fef6
fe11
fd1b
fc1b
fb1d
fa29
f94d
f883
f7e8
f77b
f737
f723
f73f
f789
f7f6
f88f
f93d
fa02
fadc
fbc0
fcb0
fda6
fe98
ff8c
006d
013b
01f2
028e
0311
037a
03cc
0409
042f
0447
044f
0453
044f
0445
0439
0429
0417
03fd
03da
03ac
0375
0331
02e0
0284
0225
01c0
015d
00fc
00aa
0063
002d
0009
fff6
fff6
0007
0021
0043
006d
0094
00ba
00de
00ff
011d
013b
0161
018c
01c4
020b
0263
02c6
0339
03ba
043d
04c6
0543
05b6
060f
064b
066d
066f
0657
0625
05e6
0596
054b
0501
04c0
048e
046b
0455
044b
0443
0439
0427
0409
03d8
0394
0333
02ba
021b
0167
009c
ffba
fec2
fdbc
fca6
fb85
fa45
f906
f7b6
f65f
f4fc
f395
f223
f0b2
ef35
edc2
ec59
eb02
e9c2
e8a7
e7b6
e6f6
e665
e610
e5f0
e608
e659
e6d4
e781
e853
e94b
ea61
eb83
ecb6
edf0
ef2f
f065
f18b
f2a0
f391
f45d
f4fc
f577
f5c4
f5e4
f5d6
f59c
f541
f4be
f419
f35b
f27d
f199
f0a2
efa2
eeac
edca
ecf8
ec41
ebaa
eb35
eae4
eab2
eaa3
eab0
eada
eb1c
eb73
ebdc
ec4f
ecd4
ed5f
edf0
ee89
ef22
efb6
f043
f0d2
f157
f1da
f255
f2d0
f347
f3c0
f437
f4b4
f535
f5b6
f631
f6ae
f717
f76f
f7b4
f7d8
f7d8
f7b4
f76d
f70c
f68d
f602
f575
f4f2
f47f
f42f
f40a
f406
f435
f48d
f50c
f5ae
f66d
f73b
f819
f8fc
f9e0
fac6
fbae
fc96
fd83
fe65
ff45
0027
00ff
01d4
02ac
037e
0453
0517
05d4
0682
0723
07b6
0837
08ac
0913
0965
09aa
09d8
09f9
0a09
0a05
09f9
09de
09bc
099c
097a
0963
0957
095d
097a
09ae
09f9
0a51
0ab8
0b21
0b8c
0be9
0c35
0c6c
0c7e
0c7c
0c65
0c3b
0c0f
0be6
0bcc
0bcc
0bef
0c35
0ca2
0d37
0de5
0ea0
0f62
1025
10cc
1151
11b8
11eb
11f9
11e1
11a8
1153
10eb
107e
1011
0fac
0f47
0ef3
0ea4
0e57
0e15
0dd2
0d84
0d33
0cdc
0c7c
0c1b
0bba
0b69
0b2f
0b15
0b25
0b63
0bd4
0c82
0d65
0e72
0fa2
10e9
1235
137c
14b4
15ce
16ce
1794
1831
189e
18d7
18e9
18cc
1888
180f
177a
16c4
15e9
14f3
13e5
12c6
1194
1053
0f17
0de0
0c9e
0b59
0a09
08b4
0759
05e4
046b
02e8
0159
ffbe
fe11
fc5d
faac
f8f8
f763
f5e6
f487
f34d
f233
f13f
f06d
efbe
ef35
eed0
ee87
ee5b
ee4f
ee53
ee79
eeb4
ef10
ef87
f016
f0c4
f18d
f271
f36b
f485
f5a4
f6ca
f7ee
f90a
fa0f
fb02
fbd4
fc88
fd1b
fd90
fdea
fe31
fe6b
fe96
fec0
fee6
ff0f
ff3b
ff6f
ffa2
ffd6
000b
003d
006d
0094
00b6
00d4
00ec
0101
0115
0127
013d
0159
0175
0198
01c0
01f2
022d
026f
02bc
030d
0369
03c8
0429
0494
04fd
0569
05ce
062b
067a
06b8
06e8
0701
0705
06f3
06c8
068c
063b
05d4
055f
04d6
0443
039e
02ea
0231
0173
00b0
ffee
ff2d
fe71
fdbe
fd07
fc5f
fbb8
fb15
fa75
f9d2
f931
f88b
f7e2
f737
f685
f5d0
f51d
f467
f3b4
f304
f255
f1b4
f11c
f085
eff4
ef67
eed8
ee4d
edba
ed31
ec9f
ec08
eb69
eac0
ea16
e95b
e899
e7d8
e70e
e641
e575
e4a9
e3e8
e343
e2b5
e255
e224
e22a
e279
e2f8
e3c0
e4ba
e5f4
e749
e8ba
ea33
ebb0
ed27
ee89
efd8
f11e
f233
f331
f410
f4ca
f567
f5e4
f63d
f67f
f6a2
f6a8
f693
f665
f61f
f5c8
f55b
f4de
f45b
f3d8
f357
f2e2
f283
f23f
f21c
f223
f255
f2b4
f341
f3f6
f4d0
f5c8
f6da
f800
f929
fa51
fb7d
fca8
fdd0
feee
0001
0115
0213
02fd
03d6
04a2
0561
060f
06b2
0749
07ce
0849
08b6
091b
0972
09c2
0a09
0a45
0a72
0a94
0aa8
0aac
0aa2
0a8e
0a72
0a53
0a35
0a25
0a1b
0a29
0a51
0a94
0af3
0b74
0c09
0cae
0d5f
0e11
0eba
0f59
0fe3
1055
10b0
10f3
1127
114b
1168
1184
11a2
11c0
11eb
1223
1264
12b4
130d
136c
13d4
1441
14ac
1513
1580
15df
1637
1682
16be
16e3
16f3
16e9
16c6
168c
1645
15f3
159c
154b
1511
14eb
14e3
14f5
1537
1596
1619
16ba
1764
181b
18d7
1990
1a39
1adb
1b70
1bf3
1c5e
1cb0
1cef
1d17
1d29
1d2b
1d0d
1ce7
1ca8
1c68
1c23
1bd5
1b8e
1b50
1b1d
1aeb
1ac8
1aaa
1a8e
1a76
1a58
1a2d
19ef
19a6
1954
18df
1854
17b6
16f9
162b
1543
1439
1329
1207
10d0
0f86
0e2f
0cce
0b6c
09f9
0896
073f
05ec
049c
0353
020b
00c8
ff7d
fe3d
fcfe
fbbe
fa87
f947
f80e
f6e0
f5ba
f4be
f3de
f329
f2a4
f249
f21c
f21c
f247
f299
f304
f387
f419
f4b8
f559
f5fc
f6a2
f73b
f7d2
f85d
f8e0
f953
f9ba
fa11
fa55
fa81
fa8e
fa79
fa3d
f9d6
f939
f871
f76b
f63b
f4d6
f34d
f1a8
eff2
ee2f
ec73
eaba
e91c
e7a5
e641
e4fa
e3d0
e2c4
e1d4
e0ec
e02e
df7d
deec
de5b
dde6
dd77
dd20
dcd2
dc9f
dc7d
dc67
dc5f
dc71
dc93
dcca
dd1c
dd81
de04
de9f
df59
e020
e10e
e21a
e34d
e48d
e5e2
e749
e8c4
ea49
ebda
ed6d
ef10
f09d
f216
f371
f4aa
f5b6
f691
f731
f7a8
f7f0
f813
f815
f80c
f7f8
f7e8
f7e2
f7f0
f815
f855
f8ac
f917
f990
fa19
faaa
fb45
fbde
fc77
fd0f
fdac
fe45
feda
ff71
000b
00a0
012d
01bc
0247
02d0
034f
03c8
0439
049a
04ee
0533
056b
0592
05a8
05ac
05a2
0586
0559
051f
04d6
0480
041f
03b4
0345
02d4
0265
01fd
01a0
014b
0107
00c8
0092
0063
0037
0009
ffdc
ffa2
ff63
ff19
febc
fe57
fde8
fd71
fcf0
fc6b
fbe2
fb5b
facc
fa45
f9c2
f945
f8d0
f863
f800
f7ac
f763
f729
f6f8
f6cc
f6a2
f677
f643
f602
f5ae
f549
f4ca
f443
f3b2
f327
f2b2
f257
f22f
f245
f299
f335
f41b
f545
f6a8
f833
f9ec
fb9a
fd45
fed6
0045
0194
02be
03c2
04b0
0575
0625
06c6
0757
07da
0863
08f5
099c
0a4d
0b0b
0beb
0ceb
0e0d
0f47
10a2
1225
139e
150f
1662
178a
187a
191b
196a
195a
18ed
182b
1723
15d5
1457
12b4
10f7
0f1b
0d57
0b8e
09d2
0829
069a
0525
03d2
029a
01a0
00ce
001d
ff86
ff09
fe9c
fe39
fdcc
fd5d
fce2
fc57
fbbe
fb1f
fa8b
fa0a
f9aa
f97f
f98e
f9e6
fa87
fb6f
fca2
fe19
ffd0
01a0
0388
057e
0774
095b
0b3d
0d07
0ecc
1068
11eb
134d
1490
15b2
16b2
1798
186e
1921
19c0
1a4b
1acd
1b3d
1ba4
1bff
1c66
1cb8
1d07
1d48
1d76
1d92
1d9e
1d90
1d64
1d1b
1cae
1c1f
1b6a
1a94
1996
1878
1723
15ba
1431
128a
10c6
0eed
0d0f
0b2d
093d
076d
05b0
040b
027c
0107
ffb4
fe88
fd73
fc8c
fbce
fb3b
facc
fa79
fa49
fa2f
fa29
fa37
fa51
fa6b
fa8b
faa2
fab6
faba
fab6
faa0
fa79
fa3f
f9f6
f99a
f929
f8aa
f815
f77b
f6da
f635
f595
f4fa
f46f
f3f0
f37f
f323
f2e2
f2ba
f2a8
f2b6
f2e0
f329
f391
f40a
f49a
f53b
f5e4
f68b
f72d
f7c2
f847
f8b2
f904
f93f
f963
f979
f981
f981
f979
f973
f973
f973
f97f
f98d
f9a4
f9bc
f9de
f9fe
fa21
fa49
fa6f
fa92
fab6
fad6
faf4
fb0a
fb1d
fb2d
fb33
fb33
fb33
fb33
fb2d
fb2d
fb35
fb45
fb5b
fb83
fbb2
fbf8
fc4f
fcb4
fd25
fdac
fe3f
fee4
ff92
004b
0111
01d4
0290
033f
03da
045b
04ba
04f4
0507
04ee
04ac
0443
03b4
0305
023b
015d
005f
ff5d
fe4f
fd3b
fc29
fb19
fa19
f923
f83f
f77d
f6dc
f64b
f5d6
f57d
f533
f4fa
f4ca
f4a4
f485
f463
f43d
f414
f3e6
f3ae
f373
f335
f2ea
f299
f247
f1f2
f199
f13f
f0ea
f09d
f05b
f02b
f00a
effc
f000
f012
f035
f065
f093
f0c8
f0f8
f11e
f13f
f14f
f159
f155
f14b
f13b
f129
f116
f108
f0f8
f0f4
f0f4
f0fa
f102
f116
f12b
f13b
f159
f16f
f18d
f1a8
f1c6
f1e4
f208
f231
f25d
f291
f2ca
f306
f34f
f39e
f3fe
f463
f4d6
f55b
f5e6
f67f
f721
f7d2
f890
f95b
fa2d
fb0f
fbec
fccc
fda8
fe86
ff5b
0027
00e4
0192
0221
028e
02da
02fd
02f8
02d2
028e
0229
01b6
013b
00c4
0053
fff6
ffaa
ff79
ff5d
ff5d
ff73
ff96
ffca
0007
004d
0092
00da
011b
0153
0184
01aa
01c0
01c4
01b6
0198
0161
0117
00be
0053
ffde
ff5d
fed6
fe45
fdba
fd2b
fc98
fc08
fb71
fade
fa43
f99c
f8fc
f855
f7a8
f6f6
f63b
f575
f4a8
f3d2
f2f6
f21c
f13b
f059
ef81
eeba
ee0a
ed81
ed2f
ed16
ed47
edc0
ee81
ef8f
f0e2
f27b
f42f
f600
f7dc
f9b8
fb85
fd37
fed2
0061
01c0
0307
0435
0543
063b
071d
07e8
08ac
0957
09f5
0a80
0af9
0b61
0bb8
0bfb
0c31
0c53
0c68
0c6e
0c61
0c47
0c15
0bda
0b8a
0b2f
0ac8
0a5b
09e4
0965
08ea
0874
07ff
079a
0743
06f9
06b8
0684
065b
063b
0625
0611
0601
05f7
05f2
05f7
0601
0625
065f
06b0
0723
07bc
0872
094f
0a53
0b6c
0ca8
0de5
0f21
1059
117e
128c
1380
1457
1519
15be
1643
16b0
1705
1743
1768
1788
1794
1798
178c
177c
1760
173d
1717
16f1
16c6
169a
166c
1635
15fb
15b8
1568
1511
14aa
1439
13ba
132f
128a
11dc
111d
1051
0f6e
0e86
0d96
0c94
0b8c
0a7c
096b
085d
0749
0649
0555
0477
03a4
02e2
0239
01a6
0127
00cc
008c
0069
0063
0077
00a0
00dc
0127
017e
01d6
022b
027b
02c2
02ff
0339
0375
03b2
03f6
044d
04b8
053b
05d8
0692
0774
0865
0965
0a6e
0b74
0c76
0d6c
0e55
0f29
0feb
1096
113d
11d6
1266
12fd
1390
142f
14ca
156a
160b
16a0
172d
17a0
17f1
1825
182b
180f
17ce
1766
16e9
164d
15b2
1505
1468
13d2
134d
12ce
1259
11e7
1170
10ed
105b
0fb2
0ef3
0e15
0d15
0bf7
0abe
0963
0805
069a
0535
03d0
0273
011b
ffc6
fe71
fd31
fc00
fad6
f9b8
f8aa
f7ac
f6b0
f5b8
f4d6
f404
f33d
f287
f1e2
f14f
f0ce
f05f
f002
efbe
ef8d
ef71
ef6f
ef85
efb0
eff4
f049
f0aa
f116
f185
f1ea
f249
f291
f2c2
f2d8
f2cc
f2a0
f257
f1f8
f185
f100
f069
efd4
ef35
ee9d
edf8
ed49
ec93
ebd2
eaf2
ea00
e8f6
e7d2
e69f
e53d
e3ca
e23f
e093
deec
dd4d
dbaf
da1a
d889
d714
d5ab
d44c
d320
d206
d116
d056
cfbd
cf3e
cef4
ced9
ceea
cf24
cf87
d010
d0c5
d197
d28d
d3ab
d4dc
d624
d787
d8ec
da5f
dbd2
dd53
dece
e03c
e1ad
e322
e497
e610
e791
e912
eab0
ec37
edd2
ef81
f147
f314
f4ec
f6d4
f8d8
fad4
fcd2
fede
00f8
031b
0537
0755
0980
0b8c
0d84
0f6a
1141
12ff
14ac
1635
17a6
18e1
19f7
1ae5
1b9c
1c2d
1c86
1cae
1c9c
1c4e
1bcb
1b07
1a0d
18df
177e
15f9
144b
12a2
1101
0f7a
0e27
0d05
0c33
0baa
0b6c
0b78
0bce
0c59
0d0f
0de9
0eda
0fdc
10e3
11dc
12c6
139e
1457
14ed
1555
1592
1594
156a
150f
148c
13e9
1337
127c
11ce
1127
10a2
103f
0ffb
0fdc
0fd2
0fd8
0fe5
0ff9
0ffd
0ff3
0fdc
0faa
0f64
0f13
0eba
0e5d
0e0b
0dc6
0d98
0d7a
0d72
0d7c
0d8e
0da0
0dae
0dac
0d92
0d5d
0d05
0c8a
0be6
0b21
0a4d
0961
086d
0776
0686
05a0
04c2
03e6
0319
0251
0190
00cc
0001
ff31
fe63
fd81
fca0
fbc0
fae6
fa1d
f969
f8d0
f857
f806
f7e0
f7e0
f808
f853
f8bc
f93f
f9d8
fa8c
fb43
fc00
fcc2
fd86
fe45
fefc
ffac
0051
00de
0159
01be
0213
0255
028a
02b4
02d4
02f2
030d
0329
0347
036d
039e
03d6
0419
0463
04b2
0507
0563
05c6
0623
067a
06c4
06f0
06f7
06da
068a
0603
054b
045d
033d
0201
00ba
ff73
fe3d
fd25
fc3b
fb85
fb00
fab0
fa8e
fa8e
faa8
face
faf2
fb0d
fb1d
fb11
faf8
fac8
fa8c
fa4d
fa0c
f9d2
f9a4
f985
f979
f985
f99e
f9d0
fa11
fa63
fac2
fb2d
fb9a
fc13
fc8c
fd0b
fd88
fe00
fe79
fee0
ff3d
ff8e
ffd0
0001
0021
002d
0025
0007
ffd4
ff88
ff2d
feba
fe2f
fd90
fcd4
fc09
fb2d
fa3d
f93f
f837
f721
f606
f4dc
f3c2
f2b6
f1be
f0e2
f023
ef8b
ef1e
eed2
eeac
eea4
eeba
eee4
ef1e
ef5b
ef9d
efde
f01a
f04f
f07d
f0a6
f0cc
f0ea
f10a
f129
f143
f15d
f183
f1ae
f1e0
f21c
f267
f2ca
f337
f3b8
f447
f4e6
f593
f641
f6f2
f7a0
f841
f8d2
f94f
f9bc
fa17
fa69
fab0
faee
fb2b
fb6d
fbb0
fbfe
fc55
fcbe
fd37
fdc8
fe63
ff09
ffc0
0086
0159
0237
0321
0423
0527
0633
0741
0855
0969
0a78
0b82
0c9a
0da8
0ea6
0fa2
1094
1174
1249
130b
13c4
1460
14e3
1551
1596
15c6
15c6
15a2
1551
14d9
143f
1380
12a8
11b8
10ba
0fba
0eac
0db4
0cc6
0be2
0b0f
0a4d
099e
0903
0872
07f9
0792
073b
06f3
06c0
069a
0682
067e
068c
06a8
06d4
070d
0755
07a2
07f9
0857
08b4
0909
0957
099e
09d8
0a03
0a25
0a37
0a43
0a43
0a3d
0a31
0a25
0a11
09f9
09d2
099c
094d
08e2
0851
0796
06ae
0596
0445
02d4
0143
ffa2
fdfc
fc5f
fadc
f97f
f847
f74f
f68b
f5fa
f59a
f56d
f563
f57d
f5b6
f600
f661
f6c6
f731
f798
f7fe
f857
f8a4
f8de
f8f8
f8fc
f8e0
f8a6
f849
f7ca
f725
f667
f58b
f495
f381
f25b
f123
efe6
ee97
ed5f
ec33
eb24
ea2d
e95b
e8ab
e81c
e7b2
e773
e74d
e749
e765
e79f
e7ea
e84d
e8c4
e94d
e9e4
ea85
eb31
ebe0
ec91
ed45
edfc
eeb2
ef67
f018
f0c8
f17b
f229
f2d2
f381
f427
f4ce
f571
f612
f6ae
f741
f7d0
f85b
f8d6
f94f
f9c8
fa43
fac2
fb4f
fbe8
fc98
fd57
fe29
ff11
000b
010d
020f
0307
03f8
04c0
0563
05de
062d
0653
0653
0639
0601
05c0
057e
053d
0507
04e0
04ca
04c2
04c8
04d2
04e0
04ee
04f4
04f4
04e6
04d2
04b4
0496
0478
0461
044f
044f
045d
047a
04b0
04f4
0545
05a2
0603
066d
06d4
0739
0798
07f0
083b
0880
08b6
08de
08fb
0909
0905
08f7
08d4
08a0
0857
07f7
0780
06f0
063b
0575
0496
03aa
02a8
01aa
00b2
ffd0
ff05
fe6d
fe09
fdda
fde8
fe27
fe9e
ff43
000f
00f0
01dc
02d4
03ca
04bc
05a4
067e
0755
080d
08b4
0947
09c2
0a25
0a76
0ab8
0aea
0b09
0b1f
0b2f
0b3d
0b4b
0b59
0b6c
0b84
0ba2
0bc8
0bf3
0c1f
0c4f
0c82
0cb4
0ce7
0d1b
0d4d
0d7c
0db0
0de2
0e11
0e41
0e72
0e9e
0ec8
0eeb
0f01
0f0b
0f03
0ee5
0eb2
0e63
0dfd
0d82
0cf7
0c5f
0bbe
0b1f
0a88
0a03
0994
0939
08f5
08c4
08a0
0882
0867
0845
0813
07d4
0780
0713
068c
05f2
053f
0488
03ca
0307
024d
0192
00de
002b
ff79
fece
fe27
fd7d
fcd4
fc29
fb7f
facc
fa0a
f947
f883
f7be
f6f6
f627
f561
f49c
f3ce
f306
f23f
f177
f0b2
eff4
ef2f
ee73
edb2
ecf8
ec39
eb83
eac6
ea0c
e959
e8a3
e7e6
e737
e691
e5ec
e553
e4d0
e45b
e404
e3d0
e3c2
e3de
e418
e477
e4f8
e585
e62c
e6ce
e775
e80c
e88f
e8fa
e951
e995
e9ca
e9f4
ea1e
ea49
ea79
eab6
eb00
eb65
ebda
ec67
ed04
edae
ee69
ef27
eff4
f0c6
f1a0
f291
f389
f48d
f59a
f6bc
f7ee
f931
fa79
fbe8
fd51
fec4
002f
0194
02e8
0423
053f
0641
071b
07da
0878
0903
0978
09e4
0a3f
0a9e
0af5
0b57
0bb6
0c17
0c76
0cd6
0d2b
0d7a
0dbe
0df1
0e1b
0e3d
0e55
0e64
0e74
0e88
0ea0
0ec0
0eeb
0f1b
0f5b
0fa2
0fed
103d
1086
10cc
1107
113b
115b
1176
1184
118c
1190
1190
118a
1184
1186
1190
118c
1184
116e
113d
10f1
107c
0fde
0f0d
0e15
0cdc
0b82
0a05
0872
06d4
0533
039c
0217
00a4
ff5b
fe31
fd31
fc59
fbae
fb2f
fadc
fab8
fac0
faea
fb33
fb90
fc00
fc6f
fcda
fd39
fd81
fdac
fdb4
fd9c
fd65
fd13
fca6
fc1f
fb8c
faec
fa43
f994
f8e0
f829
f779
f6c4
f61d
f583
f4f2
f471
f402
f39c
f34d
f314
f2ee
f2e0
f2e6
f300
f335
f379
f3d6
f44b
f4ce
f563
f606
f6b4
f76d
f829
f8ee
f9b4
fa6b
fb15
fbaa
fc23
fc73
fc9e
fc9e
fc6f
fc1b
fba8
fb1f
fa8c
f9f6
f96f
f8fe
f8a6
f873
f85b
f853
f855
f84f
f837
f7fe
f792
f6fa
f627
f519
f3d2
f263
f0ce
ef25
ed6b
ebc4
ea35
e8ba
e75f
e61e
e4fa
e3fc
e314
e24d
e19f
e110
e093
e02e
dfdc
dfa3
df85
df85
dfa1
dfdc
e036
e0af
e143
e1fe
e2e0
e3d6
e4e4
e60e
e749
e897
e9f2
eb59
ece6
ee71
f002
f19e
f33f
f4e4
f689
f821
f9c8
fb5b
fce0
fe53
ffac
00e4
01fd
02ee
03b2
044b
04ba
0507
052f
053f
0535
051d
04f4
04c6
048c
044d
0403
03a6
0333
02a8
01f8
0127
0037
ff29
fdf6
fcb0
fb5f
fa11
f8c4
f7a0
f6a2
f5d6
f541
f4e4
f4c6
f4e6
f545
f5dc
f6ae
f7b0
f8e6
fa43
fbc8
fd81
ff6f
016d
0388
05ba
07ff
0a51
0ca8
0f05
117c
13cc
1609
1825
1a19
1bdd
1d6a
1eb2
1fcf
20a4
2140
21a0
21cb
21bd
2186
2127
209c
1ff5
1f29
1e37
1d1f
1be5
1a94
191b
1774
15c6
1403
1223
103d
0e53
0c6e
0a9c
08d8
0743
05dc
0496
0375
027b
019e
00e2
0037
ffa2
ff19
fea2
fe2f
fdc2
fd65
fd19
fce0
fcc6
fccc
fcf8
fd49
fdc2
fe61
ff1f
0001
00f0
01ea
02e6
03e2
04d6
05ba
0690
075f
080f
08b4
0941
09bc
0a25
0a7c
0ac0
0afb
0b2d
0b57
0b7c
0b9a
0bc4
0bef
0c23
0c5f
0ca6
0cfd
0d59
0dbe
0e2b
0e9e
0f11
0f84
0ff9
1066
10d4
1143
11aa
1213
127a
12db
133b
1392
13ef
1447
149c
14eb
153f
158e
15d7
161f
1660
16a0
16d3
16fb
1717
171f
1717
16ef
16b0
164d
15d0
152d
145a
134d
1217
10b2
0f17
0d49
0b45
0919
06b8
0427
0194
ff03
fc83
fa19
f7dc
f5d4
f406
f265
f118
f010
ef4b
eece
ee97
eea4
eeec
ef7d
f039
f12b
f249
f38d
f4ec
f665
f7ea
f981
fb08
fc8a
fe05
ff6f
00be
01f6
0307
03f8
04b8
054b
05b2
05ec
05fb
05dc
0592
051d
0488
03d6
0303
0215
011b
0011
ff03
fdea
fce8
fbfa
fb1d
fa61
f9b4
f91f
f89e
f827
f7be
f757
f6f0
f683
f60e
f587
f4fa
f459
f3b8
f30c
f265
f1be
f118
f07d
efec
ef61
eee6
ee79
ee20
edd6
eda1
ed81
ed75
ed87
edae
edf6
ee5d
eee0
ef87
f04f
f135
f249
f36d
f4aa
f5f0
f73b
f87f
f9ac
fab8
fba2
fc51
fcd2
fd25
fd55
fd65
fd5f
fd55
fd4d
fd55
fd71
fda0
fdee
fe4f
fec0
ff37
ffac
0011
0063
009a
00b6
00be
00b8
00ae
00a8
00b8
00ea
0143
01ca
0284
0375
0490
05dc
0735
0896
09ed
0b35
0c61
0d66
0e41
0eef
0f6a
0fac
0fc2
0fa4
0f55
0ed6
0e2f
0d59
0c6c
0b63
0a4d
092f
0813
0701
0607
0517
044f
03a0
0313
02a4
0255
0221
0207
020d
0229
0255
0298
02e8
0345
03aa
0413
0484
04ee
0553
05ac
0601
0649
067e
06a6
06bc
06bc
06a8
0682
0649
05fb
059c
0533
04ba
0443
03c8
034f
02da
026d
0205
01a6
014b
00ff
00b8
007f
004b
0021
0000
ffe4
ffce
ffbe
ffb2
ffac
ffa8
ffa4
ffa4
ffa8
ffaa
ffb4
ffc2
ffdc
0000
002f
006d
00b8
0117
0182
01fa
027b
0305
0390
041b
04a2
0521
0596
05fb
0651
0698
06c4
06dc
06dc
06bc
0684
0633
05c6
053f
04a2
03f6
0339
026d
01a2
00da
0011
ff4b
fe8c
fdd0
fd1b
fc67
fbc0
fb25
fa92
fa0a
f985
f906
f889
f806
f78b
f70c
f68b
f600
f575
f4de
f43d
f391
f2ea
f245
f1a0
f102
f06d
efe4
ef61
eee0
ee6b
edfe
ed95
ed31
ecc6
ec59
ebec
eb7d
eb12
eaab
ea4b
e9fc
e9c2
e9a5
e9a5
e9ca
ea10
ea77
eafa
eb99
ec47
ed04
edc4
ee8d
ef3f
efea
f08d
f123
f1bc
f247
f2d8
f36d
f404
f4a4
f549
f600
f6be
f78f
f863
f947
fa25
fb08
fbea
fcca
fda8
fe86
ff67
0043
0115
01e0
02a4
035b
0409
04b2
0553
05ee
067e
0705
0780
07f1
085b
08ba
0913
096d
09bc
0a0b
0a59
0aa8
0af9
0b4b
0ba0
0bff
0c53
0ca8
0cf1
0d2b
0d4f
0d59
0d49
0d1b
0cca
0c5f
0bd6
0b3b
0a8e
09e0
092f
087a
07d8
0741
06be
064b
05f4
05b6
058c
0580
0596
05c2
060d
0667
06d4
074b
07c6
0845
08b4
090d
0955
0982
0998
0990
0972
0939
08ef
0892
082b
07b8
073b
06b2
061d
056f
04b8
03ec
0307
020d
00ff
ffdc
fea2
fd4f
fbfe
fab0
f96b
f83d
f72b
f63d
f579
f4ce
f44d
f3ec
f39e
f369
f339
f30e
f2e6
f2b4
f273
f229
f1d2
f175
f10a
f09d
f02d
efb6
ef43
eed0
ee61
edf6
ed91
ed33
ece2
ec99
ec63
ec3f
ec22
ec18
ec22
ec41
ec73
ecbc
ed1a
ed87
ee0e
eea6
ef59
f020
f0fe
f1f6
f2fc
f40c
f52f
f65d
f791
f8cc
fa08
fb41
fc59
fd5d
fe3d
fef4
ff7d
ffd8
000f
0025
0017
fffc
ffd6
ffb0
ff94
ff86
ff8e
ffb8
fff6
004d
00ba
013d
01d2
026f
0319
03cc
047a
0527
05c8
0659
06d2
0731
076b
0780
076f
0739
06e4
0674
05ee
0561
04d0
043d
03bc
0349
02f2
02b6
0298
02a0
02ca
0323
03a0
0445
0511
0601
0713
083b
097a
0ac8
0c0d
0d43
0e68
0f72
1060
1133
11e3
1274
12df
1329
134f
1357
133f
130b
12c2
1260
11f1
117c
1101
108a
1017
0fac
0f4f
0eef
0e9e
0e47
0de9
0d88
0d13
0c8c
0bf3
0b3b
0a76
099c
08be
07da
06f9
0627
0567
04ba
0427
03a0
0323
02ac
0229
0192
00e2
0000
ff02
fdd4
fc81
fb0d
f987
f800
f685
f51f
f3f4
f300
f247
f1ce
f191
f185
f1a8
f1ee
f23f
f2a0
f304
f361
f3b2
f3fa
f42f
f463
f487
f4a8
f4c0
f4dc
f4ec
f504
f525
f54d
f585
f5c8
f623
f691
f715
f7b0
f865
f939
fa19
fb08
fbfa
fcf2
fde6
fece
ffac
0084
0151
0213
02d0
0388
0445
0503
05c8
069a
076d
0845
091b
09ec
0aaa
0b53
0be2
0c4f
0c8c
0cb0
0cb0
0c9a
0c74
0c4b
0c23
0c0f
0c11
0c39
0c76
0cda
0d57
0de7
0e80
0f1b
0fb0
1025
1086
10cc
10f3
1103
1101
10ed
10d8
10c0
10b2
10ac
10b8
10d0
10f7
111f
114b
1170
118a
1194
1186
1166
112d
10e3
108c
102f
0fd2
0f84
0f3f
0f0d
0ef5
0eef
0f03
0f23
0f4f
0f7e
0faa
0fd0
0fe5
0ff1
0fe5
0fc8
0f96
0f59
0f0d
0eba
0e5f
0dfd
0d9a
0d3f
0ce2
0c8a
0c39
0bef
0bb2
0b78
0b59
0b41
0b33
0b2f
0b2f
0b2f
0b2f
0b2b
0b15
0af3
0ac2
0a80
0a2f
09d2
096d
0905
08a4
084d
07ff
07c6
079e
078a
0784
0796
07b4
07da
080b
083f
0878
08ae
08e8
091f
0953
0980
09aa
09d0
09ed
0a03
0a17
0a25
0a35
0a45
0a5d
0a7c
0aa8
0ae4
0b2f
0b8c
0bf3
0c67
0cd6
0d43
0d9a
0de2
0e0b
0e11
0df1
0dae
0d43
0cbe
0c1d
0b67
0aa4
09d6
090d
0849
0788
06c8
0609
054d
048c
03c0
02f2
021d
0147
0059
ff61
fe61
fd55
fc39
fb23
fa0a
f8f4
f7dc
f6ce
f5c8
f4d6
f3f0
f331
f293
f221
f1d8
f1c4
f1d4
f20e
f26b
f2e0
f363
f3ec
f46f
f4e4
f549
f593
f5b6
f5ba
f59a
f557
f4ec
f45b
f3aa
f2d0
f1d8
f0be
ef9b
ee61
ed22
ebea
eab8
e99b
e887
e79d
e6ce
e624
e59b
e52e
e4e4
e4c0
e4ba
e4dc
e510
e56d
e5ea
e681
e73b
e816
e91a
ea2f
eb65
ecae
ee18
ef95
f12d
f2d8
f497
f657
f81b
f9d8
fb92
fd4d
fefc
00a0
023f
03b4
0513
064b
075f
084d
091b
09ce
0a61
0ad0
0b25
0b67
0b94
0bb0
0bc0
0bc4
0bb6
0b94
0b5b
0b07
0a92
09f9
093d
085f
0749
0617
04c2
0353
01c6
002b
fe83
fcd8
fb1f
f973
f7cc
f625
f487
f2f4
f173
eff8
ee87
ed39
ebfa
eacc
e9b2
e8ba
e7e0
e722
e67d
e60a
e5b6
e591
e58b
e5b1
e5fa
e673
e71a
e7e2
e8d0
e9dc
eb10
ec59
edbc
ef27
f0a6
f210
f36d
f4b4
f5da
f6e0
f7ca
f898
f955
f9fc
fa94
fb27
fbb6
fc4b
fce2
fd88
fe3d
fef0
ffa8
0059
0107
01ae
0247
02d0
034d
03ae
03fb
0429
043d
042f
0401
03ae
033d
02a8
01fa
0133
005b
ff77
fe8e
fda6
fcbe
fbec
fb23
fa69
f9b8
f913
f879
f7e6
f755
f6cc
f64b
f5ce
f54d
f4d0
f459
f3e6
f373
f30c
f2ac
f255
f208
f1c6
f193
f173
f165
f173
f193
f1ce
f225
f293
f31f
f3c2
f481
f54b
f61f
f700
f7e6
f8ca
f9b0
fa96
fb8a
fc6f
fd55
fe39
ff19
fffa
00d4
01a8
0288
035d
042f
04fd
05c6
0684
073f
07ee
0896
0931
09c8
0a55
0adc
0b57
0bc8
0c31
0c90
0ce7
0d33
0d7a
0db6
0de9
0e15
0e3d
0e55
0e68
0e72
0e74
0e72
0e6c
0e5d
0e4d
0e37
0e21
0e05
0def
0dd8
0dbe
0da4
0d8a
0d72
0d59
0d41
0d2b
0d13
0cfd
0ce2
0cc4
0ca0
0c7e
0c57
0c27
0bf9
0bc0
0b82
0b33
0ad6
0a70
09f9
0970
08d8
082b
0772
06a6
05be
04d2
03e6
02f6
020b
0127
0057
ff9a
feec
fe55
fdd2
fd67
fd0b
fcc2
fc85
fc57
fc31
fc15
fc06
fbfa
fbfa
fc00
fc0d
fc23
fc43
fc6b
fc96
fcc6
fcf8
fd2b
fd5b
fd86
fda8
fdc2
fdd0
fdd2
fdc8
fdb4
fd9c
fd83
fd67
fd51
fd45
fd3f
fd45
fd51
fd67
fd7b
fd8e
fd96
fd90
fd79
fd49
fd06
fca8
fc33
fba2
fb08
fa61
f9b4
f906
f85b
f7b4
f710
f675
f5e4
f55b
f4de
f469
f3fe
f39c
f345
f2f4
f2ae
f27b
f251
f23b
f233
f241
f265
f2a0
f2e8
f34d
f3c2
f447
f4e0
f585
f639
f6f8
f7ba
f87f
f94f
fa1f
faf4
fbc6
fc96
fd67
fe2f
fee8
ff9c
0051
00ff
01b0
0265
031b
03da
049c
0569
0639
070d
07e0
08a6
095d
09ef
0a5d
0a9e
0aac
0a8c
0a3d
09ce
093f
08a6
080f
0784
0715
06c6
06a0
06a2
06ce
0717
0776
07e8
085d
08cc
0937
098e
09d2
0a01
0a19
0a19
0a05
09de
09a6
095d
08ff
089c
0829
07ae
0731
06ae
0627
05a8
0527
04b2
043f
03d0
035f
02f2
0280
020b
0188
00ff
006f
ffd8
ff3f
feac
fe23
fdac
fd4f
fd19
fd0b
fd29
fd6d
fdd8
fe5d
fef6
ff9a
0037
00c4
0133
0188
01b6
01c4
01b6
018c
0153
0115
00d6
009c
0071
0059
0059
0075
00aa
00ff
016d
01fa
02a4
0365
043f
052f
0625
071b
0803
08d4
0986
0a0f
0a67
0a8e
0a84
0a4b
09e8
0969
08d4
0833
078c
06e4
0649
05b8
052d
04a2
041b
0390
02fd
0259
01ae
00f8
002d
ff59
fe7b
fd9e
fcc6
fbf4
fb3d
fa9c
fa19
f9aa
f953
f917
f8f0
f8d8
f8cc
f8cc
f8d8
f8e0
f8f4
f90e
f935
f96b
f9b4
fa13
fa92
fb2b
fbe2
fcb4
fd9e
fea6
ffac
00b8
01b8
02a6
037a
0431
04ca
054d
05b0
05fb
063d
0671
06a2
06da
070f
0757
07a8
0807
086d
08de
0955
09d0
0a4d
0ad0
0b4b
0bc4
0c39
0ca0
0cff
0d4f
0d90
0dbc
0dd4
0dd4
0dc2
0d92
0d4f
0cef
0c76
0be6
0b41
0a86
09ba
08de
07f7
0709
061f
0533
045b
0398
02ee
025d
01e4
0182
0131
00f4
00c4
009a
0077
0051
002b
0000
ffc8
ff88
ff45
fef6
fea2
fe45
fde2
fd7b
fd0f
fca6
fc43
fbec
fba8
fb7b
fb65
fb6f
fb94
fbde
fc47
fcc6
fd5f
fe09
feba
ff73
002d
00e6
0192
0237
02cc
0353
03c8
0429
0478
04b4
04d6
04e4
04e0
04d0
04b0
0488
0459
0427
03f6
03c8
039e
0371
0341
0307
02c4
0267
01f6
016d
00c4
0000
ff19
fe15
fcfa
fbc6
fa8c
f94d
f811
f6d4
f5a4
f47f
f36d
f267
f185
f0c6
f02b
efb6
ef6f
ef4d
ef59
ef8f
efee
f077
f11f
f1ee
f2d2
f3d6
f4ea
f61b
f757
f8a0
f9f4
fb4b
fca2
fdfc
ff4b
009c
01dc
031b
044f
057e
06a6
07c6
08e2
0a01
0b0f
0c15
0d0d
0def
0eb4
0f55
0fc2
1001
1003
0fce
0f5d
0ebc
0de9
0cfd
0bf3
0ade
09d0
08d0
07e2
070f
064f
05a4
050f
0484
0409
0390
031d
02ae
0239
01b6
012d
0098
0000
ff5d
feb4
fe04
fd4f
fc92
fbd2
fb0a
fa4b
f990
f8e6
f845
f7b6
f73b
f6d2
f673
f61b
f5c0
f561
f4f6
f471
f3d0
f314
f22f
f135
f033
ef29
ee2f
ed53
eca7
ec2d
ebfe
ec10
ec67
ecf8
edb6
ee91
ef79
f05f
f131
f1e2
f263
f2be
f2f0
f30c
f30e
f30c
f30e
f323
f353
f399
f3fc
f46f
f4e6
f557
f5ae
f5dc
f5d4
f58d
f504
f435
f335
f206
f0b6
ef6f
ee3f
ed33
ec5f
ebcc
eb7b
eb67
eb91
ebe2
ec51
ecc6
ed39
ed9f
edee
ee1a
ee2f
ee29
ee1a
ee0a
edfe
ee04
ee20
ee5d
eeba
ef35
efc6
f067
f10a
f1a8
f233
f2a8
f300
f339
f361
f383
f3aa
f3ec
f453
f4f6
f5e6
f71d
f8a4
fa79
fc92
fede
0147
03b4
0627
0867
0a72
0c49
0de5
0f47
1076
1174
125c
1319
13bc
1455
14dd
1562
15df
164b
16aa
16e5
1707
1705
16e1
1694
1625
1596
14ed
1437
137c
12c2
1213
1170
10e5
1076
101d
0fe0
0fbc
0fb0
0fba
0fd0
0ff9
1033
1074
10b6
10f9
1135
116c
1194
11a8
11a8
118a
1151
10f9
107c
0fe5
0f29
0e4f
0d57
0c39
0b09
09c0
0857
06d2
052f
037a
01b0
ffc2
fdde
fbec
f9f6
f7f8
f600
f418
f249
f08b
ef04
edb2
ec97
ebb6
eb10
eaa3
ea75
ea83
eace
eb4f
ec00
ecdc
ede8
ef0c
f049
f19b
f2da
f40c
f527
f61b
f6e0
f76f
f7d0
f7fe
f7f8
f7d2
f78b
f72b
f6bc
f643
f5c4
f53d
f4be
f43d
f3c0
f33f
f2c2
f247
f1cc
f151
f0de
f075
f012
efc0
ef79
ef4b
ef35
ef37
ef59
ef8d
efd6
f035
f0a2
f116
f18b
f200
f26d
f2cc
f323
f379
f3ca
f41b
f473
f4de
f553
f5dc
f677
f72d
f7fc
f8de
f9c8
fac8
fbc0
fcb6
fda0
fe81
ff53
0011
00ba
0153
01cc
022b
026b
0290
0298
0284
0257
020d
01b0
0147
00c8
0043
ffb8
ff29
fe98
fe09
fd81
fcfe
fc83
fc13
fbae
fb57
fb0d
fad4
fab0
faa4
fab6
fae4
fb33
fbaa
fc47
fd0f
fdf6
ff02
002b
016d
02ba
040b
0559
06a0
07ca
08d4
09c2
0a8c
0b2f
0baa
0bfb
0c23
0c15
0be2
0b7e
0afb
0a51
098e
08b2
07be
06cc
05d8
04ee
040d
033f
0284
01e8
0161
0105
00cc
00ba
00d4
0111
017d
020b
02c4
0396
047e
057e
0686
0798
08a6
09c2
0aeb
0c15
0d47
0e82
0fd8
1139
12b0
1435
15dd
1784
1931
1ad1
1c58
1dbc
1ef3
1ff3
20b0
212b
2160
2158
2111
2094
1feb
1f1f
1e29
1d2b
1c15
1af1
19c0
188a
174b
1607
14b4
136a
1223
10e5
0f96
0e41
0ce7
0b82
09fb
0872
06d4
0527
036b
0194
ffba
fdda
fbf8
fa3d
f8a4
f731
f5f4
f4ee
f421
f391
f33d
f327
f34b
f3a6
f43b
f4fa
f5e6
f6fa
f83f
f994
fafc
fc77
fdf6
ff73
00ea
024f
03b2
04f9
0625
073f
083b
091b
09de
0a7e
0b07
0b69
0ba8
0bc0
0bb2
0b7c
0b19
0a8e
09d0
08f3
07f0
06c8
0592
044b
02ff
01bc
007f
ff69
fe77
fda4
fcf8
fc75
fc13
fbd6
fbbc
fbb8
fbd2
fc02
fc43
fc92
fcf6
fd63
fdde
fe5d
fee4
ff6f
fffc
0082
00fc
0167
01b8
01e4
01e4
01aa
013d
008e
ffa8
fe7b
fd07
fb71
f9b0
f7d4
f5e6
f3f4
f200
f01e
ee39
ec81
eaec
e97f
e84b
e749
e689
e608
e5d2
e5e4
e643
e6f6
e7f8
e94d
eaf2
ece0
ef2d
f1a8
f45b
f739
fa35
fd33
0021
02ea
058e
07d2
09b8
0b4d
0c8a
0d72
0e03
0e53
0e57
0e29
0dca
0d43
0ca2
0be9
0b19
0a3f
0953
086d
0784
06a6
05d0
0503
043f
0380
02bc
0201
0147
0084
ffbe
feee
fe13
fd2b
fc33
fb3b
fa43
f94f
f863
f77d
f6a2
f5da
f512
f467
f3c2
f331
f2b4
f241
f1e4
f193
f14f
f114
f0dc
f0a6
f067
f01a
efc6
ef5f
eedc
ee47
eda5
ecf8
ec43
eba1
eb0a
ea95
ea43
ea20
ea2d
ea6d
ead6
eb67
ec18
ece2
edbc
ee97
ef6b
f03d
f110
f1e0
f2b4
f397
f48f
f59a
f6c4
f80e
f973
fb04
fcb6
fe86
0079
025d
043f
0617
07d8
097a
0afb
0c57
0d8e
0e80
0f3d
0fb4
0feb
0fd8
0f86
0ef3
0e21
0d25
0c0d
0ae0
09b2
088a
077c
068c
05b8
0509
0477
03f6
0386
0319
02a6
0229
0198
00f4
003b
ff6b
fe8e
fda8
fcbc
fbd4
faec
fa13
f94f
f89c
f7fc
f76f
f6fe
f6a8
f669
f64f
f64f
f66d
f6b0
f71d
f7b4
f87b
f97b
faa8
fc09
fd9c
ff61
0151
036b
05a0
07f7
0a3f
0c7a
0e98
1094
126a
140b
1578
16b2
179a
1841
18a6
18bc
188a
180f
1758
165a
1531
13dd
126e
10e9
0f5d
0dd0
0c53
0ad6
097e
083b
071d
061f
0549
049e
041f
03c4
0394
0382
0388
03a4
03ca
03f0
040d
041f
041b
03fb
03bc
035b
02da
0239
0177
008e
ff94
fe7f
fd4d
fc08
fab2
f959
f7fe
f69e
f557
f425
f312
f21c
f155
f0c0
f06f
f065
f0a8
f147
f23b
f389
f533
f739
f990
fc43
ff17
0213
0521
0839
0b49
0e45
112b
13ff
1686
18cf
1ad1
1c7a
1dcb
1eb4
1f3f
1f78
1f5c
1efd
1e6c
1db4
1ce3
1c15
1b3f
1a84
19dd
194d
18ca
1858
17f1
1790
172b
16b8
1645
15c6
153b
14a6
1403
135a
12ae
11f9
1145
109c
0fe0
0f19
0e3f
0d4f
0c3d
0af9
0998
080d
0657
046b
0251
0015
fdbc
fb41
f8d2
f673
f425
f1f6
efe4
edfe
ec49
eac4
e995
e8a7
e812
e7ca
e7d8
e835
e8e0
e9dc
eb10
ec7b
ee0c
efba
f17b
f341
f50a
f6da
f88f
fa29
fbb6
fd1d
fe65
ff81
0071
0141
01e0
025d
02b6
02f2
031b
0331
0339
0337
0331
032f
0331
0337
0345
035b
037a
03ac
03e2
0427
0477
04ce
052d
058c
05ea
0645
0698
06de
0717
073f
0755
0755
073b
0707
06bc
0651
05d4
0535
0486
03c8
02ff
0231
0175
00cc
003b
ffce
ff84
ff63
ff69
ff9a
fff2
0069
00fa
01a8
0267
0339
0417
0509
05f7
06ea
07dc
08ca
09ae
0a86
0b4d
0c0f
0cbc
0d57
0de2
0e57
0ec0
0f13
0f59
0f8e
0fb4
0fd0
0fe5
0ff3
1001
100f
1027
1045
1068
109a
10d4
110d
1149
117e
11a8
11c0
11c8
11b8
1184
1135
10c0
1025
0f68
0e74
0d5f
0c1f
0aba
0937
0796
05de
0423
0263
00c8
ff53
fe13
fd0b
fc47
fbbc
fb67
fb3d
fb3b
fb51
fb71
fb90
fba6
fba8
fb92
fb59
fb0a
fa9c
fa19
f97f
f8d0
f815
f74f
f669
f585
f493
f397
f297
f191
f08b
ef85
ee7b
ed73
ec7d
eb8b
eaab
e9d6
e91a
e877
e7ea
e781
e737
e70c
e70c
e730
e77b
e7f4
e897
e967
ea5f
eb7b
ecbc
ee27
efb0
f14b
f30e
f4ce
f68b
f84d
fa0c
fbc6
fd7b
ff21
00c6
023f
03a4
04ec
0611
0717
07ff
08cc
097a
09fd
0a61
0a9e
0ac0
0ac0
0a9e
0a67
0a09
0996
0909
0865
07ac
06de
0603
051d
0419
030d
01f8
00ce
ff96
fe4f
fd00
fba6
fa37
f8d2
f773
f623
f4ec
f3da
f2f6
f24d
f1dc
f1b6
f1d2
f229
f2ba
f37b
f467
f56d
f693
f7be
f8ec
fa21
fb5f
fca6
fdf6
ff55
00d4
0259
03f0
0594
0751
091f
0af5
0cce
0eac
1062
11ff
137a
14c8
15e3
16c6
176e
17d1
17e9
17b0
1725
1649
151b
13a4
11e7
0fe5
0dc6
0b9c
0970
0755
0559
038e
01f2
007f
ff51
fe4f
fd83
fcda
fc55
fbec
fba0
fb65
fb35
fb11
fafc
faf2
faec
faec
faf2
faf8
fb02
fb0a
fb11
fb19
fb23
fb2d
fb35
fb3d
fb45
fb4f
fb53
fb53
fb51
fb45
fb33
fb11
faea
fab6
fa75
fa27
f9d2
f979
f919
f8ba
f863
f813
f7d0
f796
f76f
f75d
f75d
f779
f7a8
f7f6
f85d
f8e0
f979
fa2d
faf4
fbce
fca8
fd81
fe4f
ff11
ffc0
0053
00cc
012b
0169
018c
0198
018a
0169
0133
00f0
0092
0025
ffa4
ff0b
fe61
fd98
fcb8
fbc0
faa8
f97f
f83f
f6f2
f59c
f447
f2fc
f1bc
f085
ef77
ee7b
ed95
ecbc
ebf6
eb2d
ea69
e98f
e8af
e7c2
e6be
e5b1
e493
e36b
e249
e134
e032
df5f
dea9
de14
dda5
dd57
dd28
dd0e
dd00
dd00
dcfc
dcf8
dcea
dce0
dcd8
dce8
dd0a
dd4d
ddc1
de67
df4b
e065
e1bd
e353
e50a
e6dc
e8ba
ea8f
ec57
ee04
ef87
f0f4
f22b
f337
f421
f4e6
f58b
f615
f689
f6e2
f733
f781
f7c6
f813
f865
f8c4
f931
f9ba
fa53
fb04
fbcc
fca2
fd8e
fe7f
ff6f
0067
014b
0223
02f0
03ac
0459
04f2
0578
05f4
0659
06aa
06f0
071f
0749
0765
0774
077c
077a
0774
076d
075f
0755
0751
0751
0761
0780
07ae
07f5
0851
08c4
094f
09f3
0ab2
0b7c
0c4f
0d25
0dfb
0ecc
0f90
104b
10ed
1170
11d4
1213
1223
1201
11b0
112b
1068
0f78
0e5d
0d17
0bb8
0a3f
08bc
0735
05ac
043d
02d8
017d
002b
fee8
fdb2
fc81
fb51
fa33
f91b
f806
f6f2
f5e4
f4de
f3e4
f2ea
f208
f139
f07d
efcc
ef35
eeb2
ee4d
edfe
edd8
edd0
edec
ee29
ee87
ef0a
efac
f071
f149
f233
f32f
f435
f549
f659
f76f
f890
f9a4
faac
fba8
fc92
fd6b
fe29
fed6
ff73
fff6
0067
00c6
0111
0151
0182
01a8
01c4
01ce
01ca
01aa
0173
011d
00a2
0003
ff3d
fe57
fd5b
fc43
fb27
fa11
f90e
f82b
f76f
f6f0
f6a2
f693
f6b4
f700
f773
f7fe
f89e
f943
f9e0
fa79
fb08
fb8a
fc06
fc7b
fcea
fd57
fdc4
fe31
fe9e
ff0f
ff79
ffde
0033
006f
008e
008c
0069
0021
ffb4
ff29
fe7f
fdca
fd0b
fc51
fba0
fb02
fa79
fa04
f9a6
f963
f931
f90c
f8f0
f8d8
f8c2
f8aa
f88f
f869
f83f
f813
f7e0
f7ac
f773
f739
f702
f6cc
f6a2
f683
f67b
f683
f6a8
f6f2
f75f
f7f0
f8a6
f985
fa85
fba0
fcd2
fe13
ff67
00b0
01f6
0333
046f
05a8
06d4
07f9
0927
0a45
0b5b
0c68
0d72
0e7a
0f7e
1076
116c
124b
1315
13cc
146c
14f9
156a
15ca
1617
1649
1666
1670
1666
164b
1625
15ed
15a4
1555
14fb
149c
1437
13d0
1364
12f9
1292
1239
11e7
11a8
117e
116e
117e
11a8
11f7
125e
12db
1366
13f7
1486
1501
1568
15b2
15d7
15d5
15a4
154b
14ca
1423
135a
126c
116c
1059
0f2f
0df5
0cb6
0b76
0a3b
08fd
07e0
06d6
05ec
0517
045b
03b2
031d
0296
021d
01aa
013b
00ce
005b
ffe6
ff6f
fef4
fe83
fe15
fdb4
fd5b
fd0f
fcd4
fca0
fc77
fc57
fc3b
fc29
fc0f
fbfa
fbde
fbbe
fb94
fb67
fb2d
faec
faa2
fa53
f9fe
f9a2
f93d
f8de
f881
f82f
f7ee
f7c2
f7b4
f7c6
f804
f85d
f8e0
f989
fa51
fb2f
fc25
fd21
fe2f
ff2f
002b
011d
01fd
02ca
037a
0411
0484
04ce
04ee
04e8
04ba
0469
03f6
0369
02be
020f
0157
00a0
ffea
ff3f
fea4
fe1f
fda8
fd57
fd29
fd1d
fd39
fd7d
fde2
fe65
ff05
ffac
0053
00f4
0182
01f6
0243
0275
028a
0288
027b
026d
026b
0280
02b0
0305
0388
042d
04ec
05c0
06a0
0776
0847
08f7
0990
09fd
0a47
0a6e
0a76
0a67
0a45
0a17
09de
09aa
0978
0947
091b
08f5
08d0
08ac
0880
0855
0825
07f1
07b6
0774
072d
06e4
0690
063d
05ee
059a
0545
04f2
049a
0439
03d2
0365
02f2
0273
01ea
0153
00ba
001f
ff86
fefe
fe8e
fe39
fe0b
fe04
fe27
fe79
fef6
ff94
0051
0123
01fd
02dc
03b6
048c
0559
060f
06b2
0747
07ca
0839
089c
08e8
0923
0957
097e
099c
09b8
09d0
09e8
0a0b
0a37
0a69
0aa4
0ae6
0b2d
0b70
0bb0
0be4
0c07
0c11
0c09
0be6
0baa
0b59
0af3
0a84
0a01
0980
08ff
0882
0807
0796
0729
06be
065b
05fb
05a4
054d
04f9
04aa
0459
0403
03b2
035f
0311
02be
026f
0223
01d4
0182
0125
00c0
0051
ffce
ff37
fe8c
fdcc
fcf6
fbf8
fae6
f9ba
f87b
f729
f5c6
f45d
f2ea
f167
eff8
ee89
ed24
ebdc
eab2
e9ad
e8d8
e831
e7ca
e78f
e787
e7a7
e7ee
e847
e8b8
e931
e9a9
ea18
ea7f
eae2
eb3b
eb95
ebf0
ec55
ecc2
ed3d
edca
ee63
ef0c
efc2
f08b
f155
f21c
f2de
f391
f43d
f4dc
f571
f600
f691
f715
f79a
f827
f8ba
f94f
f9f4
faa2
fb65
fc25
fcea
fdb2
fe79
ff37
fff2
00a2
014f
01e8
026d
02e0
033d
0380
03aa
03b4
03a6
0380
0345
02fb
02a0
0243
01e8
018a
0135
00ec
00b2
007f
0053
0033
0011
fff6
ffd8
ffb8
ff92
ff5d
ff1b
feca
fe63
fde6
fd41
fc85
fbae
fabe
f9aa
f87f
f747
f606
f4b8
f383
f265
f15f
f07d
efb0
ef0c
ee81
ee12
edb4
ed71
ed33
ed06
ecdc
ecba
ec93
ec73
ec51
ec39
ec22
ec14
ec08
ec06
ec0c
ec1e
ec41
ec79
ecbc
ed1a
ed8b
ee1a
eec0
ef85
f05b
f149
f24d
f357
f46b
f585
f69a
f7b4
f8bc
f9c2
fac0
fbb6
fca8
fd96
fe7b
ff67
0041
011b
01f0
02c4
038e
0453
050f
05c2
0661
06f2
076f
07e4
0847
089e
08e8
0927
0955
097a
0996
09aa
09b4
09ba
09b8
09b2
09aa
099c
098c
097e
096b
0957
093d
091b
08ee
08b6
0870
081b
07b0
0739
06b0
0615
0576
04d8
043d
03ac
0331
02c6
0279
023f
0221
021b
0229
024d
0279
02b0
02f0
0333
0373
03ae
03e6
0411
042f
0443
0443
042f
040b
03d0
037e
0315
0298
020b
0165
00a8
ffe4
ff11
fe35
fd55
fc73
fb98
face
fa11
f979
f904
f8b2
f887
f87f
f896
f8c4
f906
f94f
f99a
f9de
fa13
fa3b
fa4d
fa4b
fa35
fa0f
f9d6
f990
f943
f8e8
f887
f81d
f7ae
f741
f6d2
f665
f5fa
f593
f533
f4de
f48f
f455
f435
f427
f43d
f46f
f4ca
f549
f5f8
f6c4
f7be
f8d8
fa13
fb6d
fcd8
fe55
ffea
0173
0305
049e
0635
07ca
0957
0adc
0c61
0dc6
0f19
105f
1192
12ae
13bc
14ae
1594
1656
1705
1792
180f
1874
18c6
18fd
1921
1933
192b
1915
18ef
18bc
187a
1833
17e1
1788
172d
16d9
1684
1635
15eb
15b4
157c
1553
1537
1527
1527
1537
1553
1572
159c
15c2
15e3
15f1
15e9
15c0
1572
14f9
1457
1382
1288
1166
1025
0ec8
0d59
0be4
0a59
08e2
076d
0607
04b2
0379
025f
016d
009c
0007
ff9e
ff63
ff4d
ff55
ff79
ffac
ffe6
001f
004d
006f
0079
006f
0049
000b
ffb2
ff43
feba
fe21
fd73
fcae
fbd6
faf4
f9fe
f906
f80e
f713
f61f
f533
f453
f383
f2c4
f225
f1ac
f155
f12b
f12b
f15f
f1bc
f247
f2f0
f3b4
f48f
f56f
f64f
f723
f7f0
f8aa
f947
f9ce
fa3b
fa8e
fac8
fae6
faf2
fade
faba
fa85
fa49
f9fe
f9b4
f971
f931
f8fe
f8de
f8cc
f8d6
f8f0
f91f
f95b
f9aa
fa0a
fa71
fae2
fb59
fbd2
fc4b
fcc4
fd37
fda0
fdfc
fe41
fe79
fe9c
feaa
fea6
fe90
fe6d
fe3f
fe05
fdc8
fd86
fd45
fd00
fcbe
fc7d
fc41
fc09
fbda
fbb0
fb8c
fb71
fb5f
fb53
fb57
fb61
fb7b
fba0
fbd4
fc15
fc61
fcc4
fd31
fdae
fe3d
feda
ff88
0043
010d
01ea
02c6
03ac
0494
0578
0657
0725
07e0
088a
0911
097a
09c8
09f5
09fb
09e8
09ac
0953
08de
0845
0796
06c8
05e6
04ee
03e8
02ca
01aa
008a
ff69
fe4b
fd2b
fc0d
fafa
f9e4
f8e6
f7f0
f70e
f63d
f57f
f4d4
f447
f3da
f395
f37b
f395
f3e0
f463
f512
f5ec
f6ec
f7f8
f906
fa02
fae4
fb98
fc17
fc59
fc5d
fc1d
fba8
fb00
fa2f
f947
f847
f73b
f61f
f50a
f3ee
f2d2
f1ae
f085
ef53
ee18
eccc
eb8b
ea3d
e8f6
e7bc
e69b
e59b
e4c8
e426
e3ca
e3ad
e3d2
e443
e4f8
e5e8
e710
e87f
ea0a
ebb8
ed87
ef71
f17b
f399
f5c6
f819
fa63
fcae
fef6
0139
0373
05a4
07c2
09ce
0b9c
0d37
0e98
0fba
108e
1127
1176
117e
1143
10ce
1021
0f43
0e3f
0d1b
0bd4
0a69
08f3
0774
05ea
045b
02d2
014b
ffdc
fe6b
fd0f
fbc6
fa8c
f961
f83f
f733
f62b
f533
f44b
f377
f2b6
f20e
f189
f12b
f0fe
f100
f139
f1a0
f23f
f30c
f402
f516
f63d
f781
f8ba
f9ee
fb17
fc33
fd45
fe3d
ff29
0007
00cc
017e
0221
02ac
0327
0390
03e6
0423
0445
044d
0439
0409
03bc
0357
02da
0241
019e
00f0
0035
ff7d
fec2
fe11
fd63
fcb6
fc17
fb85
fafa
fa79
fa02
f994
f931
f8d2
f887
f845
f815
f800
f7fe
f811
f841
f88f
f8f6
f97f
fa25
faee
fbd6
fce0
fe04
ff53
00ae
0221
03a6
0537
06d2
0863
09e4
0b5b
0ca2
0dc6
0ec2
0f9a
1051
10e3
1160
11cc
1223
1274
12c2
130d
135c
13b4
1403
1457
14a4
14e7
1525
154d
156e
157e
157e
1566
153d
14fd
14ae
1445
13c8
1339
129a
11e7
113d
108e
0feb
0f5b
0ee0
0e82
0e41
0e23
0e23
0e41
0e7a
0eca
0f23
0f8c
0ffb
1074
10e3
1153
11b2
120d
1257
1290
12b6
12c2
12b6
1298
1255
11f7
117a
10de
1025
0f45
0e4f
0d43
0c1b
0ad8
0986
082b
06cc
0569
041b
02e0
01c0
00b6
ffbe
fede
fe13
fd51
fca8
fc08
fb71
fae2
fa53
f9c6
f935
f8a0
f811
f781
f6f0
f661
f5d4
f549
f4c2
f43f
f3d0
f36d
f323
f2f6
f2e2
f2ee
f31a
f361
f3ba
f425
f493
f502
f567
f5b8
f5f0
f610
f610
f5f0
f5ba
f56f
f512
f4ac
f43f
f3d6
f36d
f316
f2d2
f2a8
f2a4
f2c2
f312
f39c
f45b
f54d
f67b
f7d8
f95d
fb02
fcb6
fe7f
0033
01d2
0357
04bc
0603
072b
082f
091b
09e0
0a86
0b0f
0b7c
0bd6
0c1d
0c4f
0c67
0c6c
0c61
0c3d
0c0f
0bce
0b7e
0b25
0abe
0a51
09de
0969
08f5
0886
081b
07b6
0755
06f9
06aa
0665
0623
05ea
05ba
0594
0571
0553
0535
0519
04fb
04d8
04ac
0477
0435
03e8
0386
030d
0280
01d6
010d
0027
ff17
fdf4
fcb0
fb51
f9de
f85d
f6dc
f561
f3f0
f2a6
f183
f08b
efb8
ef0c
ee8d
ee2d
edee
edc8
edba
edc0
edd8
edf0
ee18
ee4b
ee89
eece
ef1a
ef75
efd6
f03b
f0a6
f118
f18b
f1fa
f25d
f2ba
f306
f341
f36b
f387
f391
f38f
f383
f373
f369
f35d
f35d
f365
f383
f3b4
f402
f471
f4fa
f5a8
f67d
f775
f8a0
f9e6
fb4f
fcce
fe63
fffa
018c
0313
048c
05dc
0707
0815
090b
09e4
0aa2
0b53
0bfb
0c9a
0d31
0dc6
0e68
0f0d
0fbc
106e
112d
11e7
12a6
136a
142f
14ef
15b4
166e
1723
17c0
1849
18b4
1903
193d
1952
194d
1923
18e5
1890
182b
17b4
1731
169c
1603
1555
14a2
13dd
1313
1235
114f
1055
0f5b
0e45
0d37
0c23
0b17
0a19
092b
085d
07a8
070f
0698
0633
05dc
058e
053f
04e4
0473
03e6
0339
026b
0177
0063
ff3b
fdfe
fcb6
fb67
fa27
f8f6
f7d8
f6ca
f5d4
f500
f44d
f3c0
f35d
f327
f31f
f339
f381
f3e8
f471
f517
f5c8
f685
f747
f806
f8c0
f96f
fa11
fa9c
fb11
fb6d
fba6
fbc0
fbbc
fb92
fb45
fad6
fa4b
f9a4
f8e8
f81b
f73f
f657
f56f
f47f
f3a2
f2d8
f225
f19b
f13f
f110
f11f
f167
f1e2
f28b
f35b
f43d
f52d
f612
f6ec
f7b0
f84d
f8c4
f917
f947
f961
f965
f95b
f945
f92d
f913
f8fc
f8e6
f8cc
f8aa
f87b
f83d
f7ea
f781
f706
f66f
f5ce
f521
f473
f3c8
f335
f2b6
f25b
f223
f210
f22b
f273
f2e2
f379
f42d
f502
f5f4
f6f8
f813
f93f
fa81
fbc4
fd0b
fe4f
ff8e
00c6
01e8
02fb
0405
04ee
05b6
0661
06e4
0743
0776
0782
0765
0723
06c4
064b
05c0
052f
04a2
0417
0394
0329
02d8
02a0
0282
0284
02a0
02dc
0337
03ae
043d
04e4
059a
065b
0725
07e8
08a8
0955
09e8
0a63
0ac0
0b03
0b2b
0b35
0b27
0b03
0aca
0a7e
0a25
09ba
0941
08ba
0821
0782
06da
0625
056f
04b2
03f0
032b
0263
01a6
00f2
004d
ffb4
ff31
fec2
fe69
fe1f
fde8
fdc2
fda8
fd98
fd92
fd92
fd98
fd9e
fdac
fdc2
fde8
fe19
fe5b
feb8
ff27
ffb2
0051
0105
01c4
028a
034f
0409
04b0
0545
05b2
0601
062d
0635
0617
05d8
0578
04f9
0461
03b2
02ee
021b
013b
0053
ff6b
fe7b
fda0
fcd2
fc15
fb6f
fad0
fa43
f9c0
f939
f8ba
f837
f7a6
f70c
f667
f5b0
f4f6
f43b
f38d
f2f4
f275
f21a
f1e8
f1e0
f200
f247
f2a6
f31a
f395
f406
f46b
f4c0
f4fa
f516
f517
f508
f4ea
f4c8
f4aa
f497
f497
f4aa
f4d6
f521
f58d
f60e
f6a6
f757
f819
f8f6
f9d8
fac2
fbb6
fca6
fd90
fe73
ff3f
fff6
008c
0101
0153
0188
01a0
019a
0182
0151
0117
00d6
008c
0043
fff4
ffa2
ff47
fee6
fe7f
fe0d
fd92
fd0b
fc7b
fbde
fb3d
fa94
f9f6
f95d
f8d0
f855
f7ea
f798
f75d
f743
f74d
f775
f7c4
f83d
f8e0
f9aa
fa94
fba6
fcbe
fdda
fef0
ffec
00c4
0161
01ca
01f0
01d6
018a
0111
0079
ffd6
ff31
fe9e
fe1f
fdca
fd9e
fda4
fdd8
fe3d
feca
ff7f
0063
015f
0275
03a4
04de
061f
0759
0886
09a2
0a8c
0b4b
0bda
0c35
0c5d
0c53
0c1b
0bb8
0b2f
0a8c
09d2
0905
0825
073b
0649
054b
0455
035f
0273
0190
00ba
ffe6
ff0f
fe27
fd2b
fc17
fae2
f971
f7d2
f600
f3fe
f1d2
efc0
edd0
ec2b
eaf2
ea4d
ea51
eb0e
ec9b
eed0
f1ac
f504
f8b2
fc8c
006f
0427
07bc
0ad4
0d6c
0f7a
10f9
11dc
121b
11ae
108a
0ec4
0c68
0996
0665
02f2
ff7f
fc2d
f913
f69a
f4b8
f387
f30a
f335
f3fe
f549
f70e
f8fe
fb1f
fd4f
ff79
017e
035b
04f4
0659
0759
0803
0845
0821
0796
06b6
058e
0427
02b6
014f
000b
ff05
fe57
fe09
fe27
feb2
ff9a
00d0
023f
03d8
0584
0735
08da
0a70
0bd4
0d07
0e03
0ebc
0f35
0f5d
0f39
0ec2
0e03
0d0b
0be4
0a9a
0945
07fd
06d2
05c8
0501
047e
0443
044d
049a
051f
05d8
06cc
07d4
08fd
0a3b
0b7c
0cbe
0dfb
0f21
102f
110f
11b6
1225
1260
1266
1241
11f1
1186
1117
10a2
103d
0feb
0fb2
0f96
0f9a
0fac
0fd8
100f
1045
1080
10ac
10d6
10e9
10e5
10c8
108a
102d
0fac
0f03
0e37
0d43
0c25
0af1
09ac
085f
0713
05d6
04b0
03aa
02c4
0207
0177
0109
00c0
0094
0082
0084
009a
00b8
00de
0101
0123
013d
014b
014b
0135
0107
00c6
006d
0000
ff86
ff09
fe8e
fe15
fdba
fd73
fd49
fd3f
fd55
fd88
fdd4
fe3d
feb4
ff37
ffc2
0051
00e4
017d
0217
02c4
0375
042f
04fb
05d6
06be
07b4
08b4
09c0
0abe
0ba8
0c7a
0d29
0dac
0dfb
0e1b
0e03
0db6
0d3f
0c98
0bd4
0aed
09f9
08f3
07e0
06d4
05ce
04d6
03f0
0329
0282
0205
01b4
0192
0198
01c0
0205
025d
02ba
0311
035f
0396
03b2
03ac
0380
0337
02ca
0243
019e
00e6
001f
ff47
fe63
fd75
fc81
fb8a
fa8b
f99a
f8b2
f7d8
f70c
f64f
f5a2
f510
f48d
f429
f3e0
f3b4
f3a6
f3b8
f3d8
f40c
f44d
f48f
f4ce
f4fc
f512
f50a
f4e4
f49c
f42f
f3ae
f321
f291
f208
f18d
f131
f0f0
f0da
f0e8
f123
f185
f206
f2a6
f365
f437
f51f
f612
f70e
f815
f921
fa29
fb33
fc33
fd31
fe15
feee
ffb8
0071
011b
01ae
0237
02ac
030b
035d
039c
03d0
03f6
0411
0421
0429
042d
0429
0427
041f
041b
0421
042f
044d
047a
04bc
0513
0580
0607
069c
073b
07e0
086d
08e6
0937
0957
093f
08ef
085f
078c
0690
056f
0437
02f2
01aa
0071
ff4d
fe37
fd41
fc65
fba0
faec
fa45
f9b0
f921
f898
f80e
f77b
f6da
f627
f561
f481
f37f
f251
f114
efb0
ee2d
ec97
eafc
e969
e7e2
e66f
e539
e42a
e35b
e2c2
e265
e245
e263
e2bc
e34b
e40c
e4f8
e616
e751
e8bc
ea41
ebf0
eda5
ef69
f135
f2fe
f4c6
f68d
f84f
fa13
fbc0
fd5f
fee8
0057
01ae
02ee
0419
0537
063d
072b
0807
08d8
0994
0a3f
0ae0
0b78
0bf9
0c61
0cae
0cda
0cdc
0cb6
0c61
0bdc
0b2f
0a5b
0965
0855
0735
0611
04f2
03d2
02d0
01d6
00f2
000f
ff3b
fe65
fd8e
fcac
fbc0
fad0
f9ce
f8b6
f792
f669
f541
f406
f2e2
f1c6
f0be
efc2
eee0
ee18
ed6d
ece6
ec91
ec63
ec65
ec99
ecf2
ed75
ee18
eed0
ef93
f049
f0f4
f185
f1f8
f249
f27d
f297
f297
f291
f28f
f28b
f2a4
f2d0
f314
f37f
f402
f495
f53b
f5ec
f69e
f74d
f7f6
f894
f921
f9a2
fa13
fa75
facc
fb15
fb53
fb8a
fbb6
fbe2
fc0d
fc3b
fc75
fcb8
fd0b
fd7b
fdfc
fe8e
ff3b
0000
00ce
01a8
0284
0365
0431
04f2
059a
0633
06b8
0729
0784
07d4
080f
083b
085f
0874
0886
088a
0888
087c
086d
0851
082f
0805
07d4
079e
075d
070f
06c0
0667
0607
05a2
0533
04c2
0447
03c0
0339
02ae
021d
018c
00fa
0063
ffd6
ff3f
feb2
fe27
fda6
fd2b
fcb8
fc55
fbfe
fbb0
fb75
fb43
fb19
faf4
fad4
fab0
fa8b
fa59
fa21
f9e0
f99a
f955
f911
f8da
f8b6
f8b2
f8c8
f904
f95d
f9e4
fa87
fb49
fc1d
fd0b
fdf6
fee0
ffc2
0098
015d
020f
02ae
0337
03a0
03ee
041f
0435
042d
0411
03e8
03b2
0380
0355
0339
033d
035b
0398
03fd
048c
0533
05f2
06c0
0796
0870
0945
0a0f
0ad0
0b7e
0c17
0ca2
0d1b
0d82
0dda
0e1d
0e4f
0e7a
0e96
0eac
0ec0
0ecc
0ede
0ef5
0f19
0f43
0f76
0fb0
0fed
1029
1060
108a
10a4
10aa
1096
1068
101d
0fac
0f1b
0e70
0d98
0caa
0ba0
0a78
0937
07e2
0671
04f6
0363
01dc
0057
fed6
fd67
fc08
fab2
f971
f831
f713
f608
f510
f429
f357
f299
f1f0
f155
f0de
f085
f051
f03d
f057
f095
f0fe
f199
f251
f337
f43f
f569
f6aa
f804
f96f
faf2
fc7b
fe0d
ffb0
0159
0305
04b4
0667
0823
09c0
0b67
0d07
0ea0
102d
11b2
1325
1494
15df
171b
183b
1941
1a27
1ae5
1b7c
1be3
1c0d
1bfb
1bb0
1b37
1a8c
19b4
18bc
17a6
168e
157c
1476
137a
129a
11d2
111f
1076
0feb
0f6a
0ef7
0e8a
0e29
0dbe
0d47
0cb8
0c1b
0b5f
0a7e
0970
0839
06d4
053d
0369
017b
ff73
fd63
fb4f
f94b
f75d
f598
f3ec
f27d
f141
f039
ef67
eec2
ee5b
ee27
ee22
ee4f
eeaa
ef2d
efd8
f0aa
f19b
f2a6
f3d8
f510
f657
f7b0
f919
fa87
fc02
fd81
ff13
0094
0215
038a
050b
0692
0815
099e
0b3d
0cd2
0e6a
1007
11a6
134d
14ed
168a
181d
198a
1acd
1be3
1cc7
1d6e
1ddb
1e0f
1e0d
1dd9
1d76
1ceb
1c41
1b78
1a9c
19ac
18ae
17b0
16ae
15ba
14ca
13f3
132f
1280
11e3
115b
10de
1060
0fe0
0f55
0eae
0df1
0d0d
0c09
0ae6
09a2
084d
06e8
057e
0421
02c6
0192
0075
ff6b
fe79
fd98
fcc4
fbfa
fb2b
fa63
f99a
f8c8
f7e6
f6f2
f5ec
f4dc
f3ae
f27b
f143
f000
eeac
ed5d
ec08
eac4
e985
e86b
e775
e6b1
e61e
e5c0
e599
e5a7
e5e8
e65d
e6f0
e7ad
e881
e973
ea6f
eb7d
eca5
edcc
eefc
f02f
f16d
f2a6
f3e0
f517
f659
f791
f8cc
fa02
fb33
fc67
fd96
febc
ffec
0109
0225
0339
043d
052f
060f
06d2
0782
080d
0880
08d8
0919
0945
095b
0963
0963
0957
0947
0937
091b
08fb
08d0
0892
0845
07e0
0767
06da
062d
056f
0496
03b4
02bc
01ca
00d6
ffec
ff0b
fe39
fd71
fcb6
fc00
fb5b
fac0
fa2d
f99c
f917
f890
f808
f779
f6e8
f64f
f5ae
f508
f453
f39c
f2d4
f1f0
f106
f002
eeec
edba
ec73
eb10
e99f
e806
e665
e4ab
e2e6
e122
df5b
dda5
dbfe
da67
d8f6
d7ab
d685
d593
d4d5
d44e
d410
d412
d454
d4e2
d5b1
d6cd
d82e
d9cd
dba7
ddc3
e002
e25d
e4d6
e767
ea1a
ecd2
ef93
f265
f512
f7a6
fa1f
fc67
fe94
00a4
0290
0471
061d
07ac
092b
0a92
0bdc
0d1b
0e4d
0f6e
1068
1143
11f3
127c
12d4
12f9
12ed
12b4
124f
11cc
112d
1078
0fc0
0f03
0e47
0d92
0ce9
0c47
0baa
0b11
0a76
09d6
0931
087c
07c6
0705
0639
0563
048e
03bc
02ee
0221
0169
00c4
0027
ff9e
ff29
feca
fe81
fe4d
fe31
fe2b
fe3d
fe61
fe96
feda
ff29
ff84
ffe0
003d
0098
00ec
013b
0188
01ce
0215
0259
02a0
02e6
0331
037e
03d6
0435
04a6
0521
05ac
0649
06f3
07b4
087a
0957
0a47
0b2f
0c15
0ceb
0dae
0e55
0eda
0f37
0f6e
0f78
0f5d
0f21
0eca
0e5b
0ddc
0d4f
0cb6
0c1f
0b8a
0aed
0a55
09c0
0923
088a
07f0
0759
06c4
062d
059a
0509
047e
03f8
0371
02f6
0284
021b
01c0
0175
013b
0117
010f
0123
0159
01ae
0221
02b0
035b
0411
04de
05a2
065f
070f
07ac
0829
088e
08d0
08f3
08ef
08cc
088a
0825
07a2
0707
064f
0571
0486
0388
027c
0167
0049
ff27
fe0b
fcdc
fbb2
fa87
f95b
f823
f6e8
f5a2
f453
f2f6
f19b
f02d
eebc
ed4d
ebda
ea6f
e90c
e7ad
e66f
e53b
e422
e320
e23a
e175
e0da
e05f
e012
dff4
e002
e03c
e0a3
e143
e216
e320
e449
e5a7
e724
e8d2
eaa9
ecae
eece
f12b
f389
f606
f88b
fb17
fdac
0043
02cc
0559
07a2
09c0
0b9a
0d2d
0e70
0f61
0ffd
1053
105f
1025
0fb8
0f17
0e53
0d74
0c84
0b76
0a69
094d
082b
0705
05d8
04ac
0382
0251
012d
0011
fefe
fdfc
fd07
fc2d
fb6d
fac0
fa3d
f9c6
f965
f913
f8ca
f881
f82f
f7d2
f765
f6e8
f64b
f59a
f4ce
f3f0
f304
f200
f100
eff8
eef6
edfc
ed0e
ec37
eb7d
eaea
ea8f
ea69
ea83
eadc
eb77
ec4d
ed5b
eea6
f008
f183
f306
f48d
f60e
f781
f8e8
fa49
fb8c
fcbc
fdd8
fee4
ffd6
00b8
0188
024d
02f6
0386
03fd
045d
049c
04c0
04c6
04ac
0477
0421
03b2
0329
0288
01d4
0109
002b
ff45
fe53
fd51
fc47
fb33
fa1d
f902
f7da
f6c4
f5ae
f49a
f389
f283
f185
f093
efa4
eed0
ee12
ed63
ecc4
ec3b
ebca
eb75
eb39
eb1e
eb1e
eb41
eb7d
ebe0
ec67
ed14
edf4
eef6
f025
f17b
f2f8
f49e
f66d
f865
fa94
fcce
ff1b
017e
03e8
064f
08b2
0b15
0d84
0fdc
1217
143f
1656
1847
1a19
1bc0
1d56
1ebc
1ffb
2109
21e9
229a
231b
236a
2384
2378
2337
22cb
2235
217c
209c
1fa6
1e8a
1d6c
1c33
1ae5
1982
1817
1698
1509
135a
11a8
0ff3
0e39
0c68
0a96
08c8
06fd
052d
0382
01ec
0079
ff25
fde8
fcc6
fbc4
fad6
fa0a
f959
f8bc
f839
f7ca
f76f
f723
f6f0
f6d6
f6da
f6f6
f72d
f785
f7f2
f87b
f91f
f9c6
fa77
fb27
fbce
fc67
fcee
fd5b
fdae
fdea
fe11
fe21
fe27
fe1f
fe11
fe00
fdee
fdda
fdc4
fdac
fd86
fd57
fd13
fcbc
fc4f
fbcc
fb2f
fa87
f9d2
f91b
f86d
f7cc
f73f
f6d6
f693
f675
f683
f6b6
f710
f78f
f82b
f8e2
f9ac
fa8b
fb6f
fc5d
fd49
fe2f
ff0b
ffce
0071
00f4
014f
0184
0198
018a
015d
011d
00d0
007d
002b
ffde
ff9a
ff67
ff43
ff2f
ff2d
ff3b
ff5b
ff88
ffc6
0011
0079
00f4
018a
023b
030d
0403
051f
065f
07ca
0945
0ad4
0c65
0de7
0f4f
108c
118a
124b
12b6
12d4
12a6
1239
118a
10aa
0fa6
0e7a
0d4d
0c15
0ade
09aa
0878
0751
0633
0519
0411
0321
0241
0173
00b8
0019
ff96
ff31
fefa
fee6
fefc
ff3b
ff9a
0019
00b0
0159
01fd
029e
0329
0396
03e8
0411
0413
03f0
03ae
0353
02e0
025f
01d4
0143
00ae
0011
ff7f
feec
fe57
fdc8
fd37
fca8
fc1d
fb8c
fb04
fa77
f9ec
f963
f8da
f853
f7d0
f747
f6c4
f63d
f5b6
f525
f493
f3f6
f34f
f299
f1e2
f11f
f04b
ef6b
ee7b
ed81
ec7d
eb65
ea4d
e931
e81a
e704
e5fa
e504
e434
e381
e312
e2de
e2f0
e34b
e3dc
e4a5
e59d
e6b6
e7d0
e8d8
e9ca
ea99
eb2b
eb8b
ebc4
ebd4
ebc6
eba7
eb89
eb75
eb75
eb93
ebd4
ec39
ecb4
ed41
edda
ee71
ef02
ef81
efec
f045
f085
f0b6
f0da
f0f4
f110
f131
f159
f197
f1e0
f23f
f2b2
f339
f3d0
f473
f527
f5ea
f6aa
f775
f849
f929
fa11
fb08
fc06
fd1b
fe2b
ff4b
0071
01aa
02ee
0439
058e
06f7
0855
09b2
0b07
0c5f
0db0
0f03
1051
119c
12da
1403
151b
1621
171d
17ff
18cc
1980
1a11
1a80
1aca
1ae7
1adf
1aac
1a4e
19c4
1919
1841
1752
1645
1525
13e9
12ae
114f
0ff1
0e88
0d1d
0bb0
0a43
08de
0780
0623
04dc
03a4
027c
0173
0084
ffba
ff17
fe98
fe4b
fe23
fe27
fe4f
fe96
ff02
ff81
0019
00c0
016f
0229
02f0
03c2
04a2
058e
0694
07a2
08c4
09ed
0b2d
0c7c
0dd2
0f2d
108c
11dd
1319
143f
154d
163b
170d
17c0
1866
18e5
1947
199c
19cf
19f7
1a0d
1a0d
19f7
19d1
1994
1939
18c6
1839
1790
16d0
15e5
14e7
13d0
12a0
1159
0ffd
0e94
0d1b
0b8e
0a09
0882
0707
059a
044f
0329
0231
0165
00d4
0071
003b
002b
0035
0051
0071
008c
009c
009c
0084
0057
0017
ffc8
ff71
ff13
febc
fe6b
fe27
fdee
fdc4
fdac
fda4
fdac
fdc8
fdf4
fe2b
fe73
fec2
ff17
ff6b
ffb8
fff2
0017
0021
0009
ffd0
ff71
fef4
fe5d
fdba
fd15
fc7b
fbf0
fb7d
fb2f
fb02
fafa
fb11
fb45
fb8c
fbe2
fc3b
fc92
fce4
fd33
fd75
fdb4
fdf4
fe37
fe83
fee0
ff4d
ffd6
006d
011d
01dc
02a6
0375
043f
0501
05b6
064f
06c8
0729
076b
0784
0782
075f
0717
06b2
062d
058e
04d6
0401
0315
0217
0105
ffee
fed0
fdb4
fc96
fb75
fa4d
f91f
f7dc
f69e
f553
f3fc
f297
f12d
efaa
ee22
ec85
eaf8
e96b
e7f8
e697
e551
e42a
e322
e22c
e165
e0bd
e02e
dfb9
df61
df22
df04
deec
defa
df22
df6f
dfe4
e083
e14d
e241
e373
e4cc
e651
e7f6
e9b8
eb8b
ed5f
ef2f
f106
f2ac
f43d
f5b6
f715
f85d
f989
faa2
fbb0
fca2
fd88
fe63
ff31
fffa
00b2
015f
0205
0292
0313
0380
03de
042d
0469
0496
04b4
04bc
04b4
049c
0473
0439
03f4
039c
032b
02b4
0229
0190
00e6
0033
ff71
fea6
fdd0
fcfe
fc33
fb71
fabe
fa25
f99e
f937
f8f0
f8d0
f8d2
f902
f959
f9d8
fa87
fb5f
fc65
fd88
fec4
0017
016f
02c2
0401
0527
062d
0701
07a6
0821
086b
0892
089c
088a
0863
0831
07f5
07b8
0780
0747
0715
06ec
06c8
06b2
06a8
06aa
06b8
06d2
06f3
071d
074f
077c
07ac
07d4
07fd
0819
0831
0841
084f
0851
0851
084f
0847
083f
0833
0825
0819
0803
07f0
07d4
07b4
078a
075f
072d
06f2
06b6
0676
0635
05f7
05ba
0580
054d
0521
04fb
04dc
04c2
04ac
049c
048c
0484
0478
0473
046f
0471
0478
048c
04aa
04d8
0519
056b
05cc
0643
06cc
075f
07ff
08a8
095d
0a09
0ab0
0b53
0bf3
0c90
0d31
0dd2
0e82
0f35
0ff5
10c6
11a0
1288
137c
1476
1570
165a
172d
17e7
187c
18ef
1939
195c
195c
1939
18ff
18ae
184f
17e7
1774
1701
1684
1603
157c
14e7
144d
139c
12df
1215
112d
103f
0f45
0e47
0d41
0c41
0b4d
0a67
098e
08cc
0825
078c
070d
069c
063d
05ee
05a8
0575
0545
0519
04ec
04ba
0480
0437
03da
036d
02ea
024f
0198
00cc
ffe6
feee
fdde
fccc
fbb6
faa0
f987
f875
f76b
f66d
f579
f4a4
f3ec
f34d
f2d8
f281
f24d
f237
f245
f26d
f2b2
f30a
f371
f3e6
f467
f4ec
f57f
f60e
f69e
f72d
f7bc
f847
f8c8
f943
f9ba
fa27
fa8e
faf2
fb51
fbaa
fc00
fc55
fca6
fcf8
fd4f
fda8
fe09
fe6d
fede
ff59
ffe0
006f
0107
01a8
024d
02ee
0388
0417
049a
04fd
054b
0578
0580
0561
0513
0496
03e2
02fb
01e0
008e
ff13
fd65
fb98
f9b2
f7b6
f5d6
f40c
f267
f0f4
efb6
eea6
edcc
ed22
eca5
ec47
ec08
ebda
ebc4
ebb0
eba7
eb99
eb9b
eba3
ebb6
ebd4
ec00
ec3f
ec85
ece2
ed53
edcc
ee61
ef04
efb6
f07b
f149
f22b
f314
f402
f4ea
f5cc
f69a
f755
f7ee
f869
f8ba
f8e8
f8fc
f8fc
f8ee
f8e0
f8d8
f8e6
f90e
f955
f9c0
fa4b
faf2
fbae
fc73
fd3f
fdfe
feac
ff45
ffc6
002d
0079
00b2
00dc
00f2
00fc
0101
00ff
00fa
00f8
00f2
00ec
00e6
00e2
00de
00da
00d4
00d0
00ce
00d0
00da
00ea
0101
0123
0151
018a
01cc
0217
0263
02a6
02dc
0303
030d
02f8
02c2
0263
01e8
0157
00ba
0019
ff86
ff0b
feb4
fe83
fe86
feb8
ff11
ff8c
001f
00be
015d
01f6
026f
02d4
031b
034d
0365
036d
0371
0371
0375
0386
03a0
03d2
040d
0459
04ac
0507
055f
05b0
05f9
063b
066f
069a
06be
06de
06ff
071d
0747
0774
07ac
07f1
0845
08ac
091b
0996
0a1b
0aaa
0b43
0be2
0c82
0d2d
0dd4
0e74
0f0d
0f9a
1019
1086
10e1
1123
114b
1157
1141
110f
10b8
103f
0fa4
0ee5
0e07
0d13
0c0d
0af9
09e8
08e0
07ea
0709
0653
05c6
0559
0509
04de
04c6
04ba
04ba
04ba
04b4
04aa
0490
0469
0431
03ee
039e
0345
02e0
0279
0205
0190
0117
009c
0021
ffb0
ff45
fee6
fe90
fe4d
fe11
fdde
fdb2
fd88
fd63
fd39
fd07
fcd2
fc90
fc43
fbec
fb94
fb3d
fae6
fa9c
fa5b
fa29
fa0f
fa08
fa17
fa43
fa85
fade
fb51
fbdc
fc7b
fd33
fdf8
feca
ffa4
007d
014f
020f
02bc
0355
03c8
0419
044f
0465
0469
0455
0435
040b
03de
03b2
038a
036d
035b
0355
0355
0369
0386
03b2
03ec
042f
0478
04c2
0507
0543
0567
056f
0559
0521
04c8
0445
03a4
02dc
0207
0125
003d
ff59
fe79
fda6
fce0
fc25
fb7f
faee
fa6b
f9fe
f99e
f955
f917
f8e2
f8bc
f89c
f87f
f85f
f83d
f813
f7e8
f7ac
f763
f70e
f6ae
f643
f5d4
f55b
f4e0
f463
f3e8
f365
f2e6
f25f
f1d2
f141
f0a2
eff8
ef45
ee8f
edca
ecf8
ec16
eb2b
ea3d
e93f
e847
e74f
e65d
e569
e47d
e391
e2bb
e1f0
e141
e0a3
e024
dfc4
df79
df59
df59
df83
dfda
e051
e0f8
e1c6
e2bc
e3dc
e51e
e689
e7f8
e977
eafa
ec6d
edd8
ef29
f059
f181
f281
f35d
f421
f4ce
f561
f5e2
f649
f6a0
f6f0
f733
f76f
f7ac
f7e6
f823
f869
f8ba
f90e
f973
f9e6
fa63
faea
fb77
fc08
fca2
fd39
fdcc
fe55
feca
ff2d
ff6b
ff81
ff61
ff05
fe73
fda0
fc92
fb53
f9ec
f86d
f6da
f55b
f3fa
f2ba
f1ac
f0ce
f02b
efb8
ef75
ef61
ef71
efa2
efec
f04b
f0b2
f125
f1a0
f214
f27d
f2de
f329
f363
f381
f389
f381
f369
f347
f32f
f31a
f31a
f32b
f35b
f3aa
f419
f4aa
f559
f61f
f6fe
f7ea
f8e6
f9f4
fb00
fc15
fd33
fe57
ff84
00b6
01ea
0331
0471
05ac
06fd
084f
09aa
0b09
0c6e
0de5
0f59
10c6
1233
13a4
1509
165e
17a0
18c2
19b4
1a78
1b03
1b5e
1b7e
1b6e
1b29
1ab2
1a11
1954
187a
1788
1686
1576
145c
1333
1213
10f1
0fdc
0eca
0dca
0cda
0bf9
0b1d
0a61
09b8
0923
08a6
0841
07f5
07be
0798
0784
0780
0782
0788
0792
0798
0796
0788
0774
0755
072d
0701
06d6
06aa
0686
066f
065f
065b
0665
067c
069c
06c6
06f3
072d
0767
07a0
07da
080f
083b
0865
0880
088a
088a
0878
084f
0813
07cc
077a
071f
06c6
0676
0635
0603
05ea
05ea
05ff
062f
067a
06d6
073f
07b0
082f
08ae
092f
09aa
0a25
0a8c
0aea
0b2f
0b67
0b82
0b86
0b6e
0b35
0ae4
0a76
09ef
094f
089c
07d4
06fd
060f
051d
0421
031d
021b
011b
001f
ff2d
fe3d
fd67
fca2
fbf8
fb61
faee
fa96
fa69
fa61
fa85
face
fb39
fbbe
fc51
fcf0
fd86
fe0b
fe71
feac
febc
fe94
fe35
fd9e
fccc
fbc4
fa94
f93f
f7c4
f62d
f47f
f2b6
f0de
eeee
ed12
eb3d
e977
e7c8
e62e
e4be
e369
e230
e124
e043
df99
df12
debf
de93
de9b
dece
df2c
dfb9
e067
e141
e241
e369
e4a9
e608
e781
e914
eab6
ec6b
ee2d
effa
f1c4
f3a2
f567
f72b
f8e8
fa9c
fc3f
fdca
ff45
00aa
01e4
02fd
0403
04f4
05d0
06a0
0761
082f
08ee
09ae
0a72
0b4b
0c33
0d1d
0e13
0f1b
101f
1123
1223
1325
1429
1529
162d
1733
1837
1931
1a2d
1b27
1c17
1cfd
1ddb
1eae
1f62
1ff5
205c
209c
20a4
207e
201b
1f7a
1ea6
1d96
1c5e
1af3
1968
17b4
15e5
13ed
11eb
0fdc
0dbe
0ba2
098c
077c
0584
0394
01ce
0021
fe8e
fd21
fbd4
faa8
f9a2
f8b6
f7fe
f765
f6e8
f68b
f647
f61d
f608
f608
f617
f633
f657
f683
f6b4
f6e4
f715
f749
f77b
f7a8
f7d2
f7f2
f815
f841
f875
f8ba
f913
f985
fa19
face
fba6
fca0
fdbe
ff03
0051
01aa
0307
0461
05aa
06e4
080b
0923
0a17
0aea
0b9c
0c31
0c9e
0ce9
0d0f
0d1b
0d05
0cda
0c9a
0c4f
0bfb
0ba8
0b59
0b11
0ad4
0a9e
0a76
0a53
0a35
0a19
09fb
09da
09ba
098e
0957
0919
08c8
0867
07f7
076d
06d6
062d
0575
04a2
03c2
02d4
01dc
00d6
ffd6
fed8
fde0
fcf0
fc09
fb2f
fa69
f9b4
f91f
f8a4
f84f
f815
f800
f806
f827
f85d
f8a4
f8f4
f947
f99a
f9e4
fa27
fa61
fa94
fac0
faea
fb15
fb43
fb7b
fbb8
fc00
fc59
fcb8
fd23
fd92
fe05
fe79
feee
ff5b
ffc8
002d
0092
00f8
015d
01c6
0237
02b0
0337
03c2
045b
04f9
059c
0643
06e2
0776
0803
087a
08de
092f
096d
09a2
09ca
09ed
0a11
0a35
0a61
0a92
0ad6
0b1d
0b70
0bce
0c31
0c92
0cf1
0d4f
0da6
0df1
0e33
0e64
0e8a
0e96
0e8e
0e6c
0e31
0dda
0d6a
0cda
0c25
0b59
0a6e
096b
084f
071b
05d6
047e
030d
01a2
003b
feda
fd8e
fc5d
fb49
fa61
f996
f8fc
f883
f82f
f7f8
f7d8
f7ca
f7cc
f7d4
f7e2
f7ea
f7f2
f7f8
f7f2
f7e6
f7cc
f7a8
f77d
f741
f6fe
f6b0
f661
f612
f5c6
f585
f551
f52f
f51f
f51f
f52d
f543
f55f
f57d
f595
f5a0
f5a0
f593
f571
f54b
f521
f4fa
f4de
f4d8
f4ec
f51f
f575
f5ec
f67f
f733
f7f2
f8b6
f973
fa25
faba
fb3b
fb98
fbd6
fbf8
fbfe
fbec
fbc8
fb98
fb5f
fb23
fae2
faaa
fa79
fa59
fa43
fa43
fa55
fa85
facc
fb2d
fbaa
fc47
fcfa
fdca
feac
ffa8
00b8
01d2
02f2
0419
0543
0665
077a
087a
0963
0a25
0aba
0b2d
0b78
0ba8
0bb8
0bb0
0ba0
0b82
0b63
0b4b
0b37
0b2d
0b25
0b19
0b09
0aea
0ab4
0a6b
0a09
0986
08e6
0829
074b
0667
0576
0480
0394
02a8
01ce
0101
0041
ff9c
ff0f
fe9e
fe4b
fe0d
fdf4
fdf4
fe09
fe27
fe4f
fe79
fe96
fe9e
fe88
fe4d
fdea
fd5d
fca6
fbce
fade
f9d8
f8d0
f7c4
f6b8
f5ce
f4f2
f42f
f38d
f30c
f2a4
f267
f249
f251
f283
f2d2
f337
f3b4
f443
f4d8
f56f
f5f8
f673
f6d2
f721
f757
f77b
f789
f791
f791
f791
f791
f798
f7ae
f7d4
f80c
f853
f8a6
f90c
f985
fa08
fa96
fb35
fbe2
fca2
fd65
fe31
ff03
ffdc
00b2
018a
025f
033d
0411
04e4
05b0
0676
0735
07f0
089e
0947
09e0
0a6e
0aea
0b53
0ba8
0be4
0c07
0c0d
0bf7
0bcc
0b86
0b2f
0ace
0a63
09f5
0986
0921
08ca
0880
0845
0819
07ff
07f5
07fd
0815
083f
0874
08b4
08f7
093d
0980
09b4
09d8
09e6
09d6
09aa
0963
08fd
0886
07f9
076d
06de
065f
05ec
0592
054d
051d
0503
04f9
04f9
0501
0509
050b
0507
04f9
04dc
04b2
047e
0443
03fd
03b4
0369
031b
02ca
0279
0225
01d4
017b
011d
00be
005b
ffee
ff84
ff19
feba
fe69
fe2f
fe15
fe23
fe61
feca
ff67
0033
012b
0249
0386
04d2
062f
0782
08c8
09fb
0b19
0c1f
0d0d
0de2
0e9e
0f3d
0fc2
1029
107c
10b2
10d4
10d6
10be
1086
1033
0fc2
0f37
0e90
0dd0
0cf5
0bfb
0afb
09ef
08de
07ca
06b8
05b0
04b0
03ae
02c4
01ea
011f
0069
ffc8
ff3f
fece
fe6d
fe29
fdfe
fdea
fdf0
fe11
fe47
fe96
ff02
ff77
0000
008c
011f
01b0
023b
02b6
0321
0371
03a4
03c0
03ba
039c
0363
0311
02a6
022d
01a2
010d
0069
ffc2
ff17
fe6d
fdc8
fd31
fca8
fc35
fbd6
fb8a
fb57
fb35
fb2d
fb3b
fb5b
fb8c
fbd2
fc1f
fc81
fcf0
fd73
fdfc
fe90
ff2f
ffd6
0084
0139
01ec
02ac
035d
0405
04a2
0529
059c
05f9
0635
0659
065b
0641
0607
05b0
053f
04b4
0411
0353
0282
019a
00a0
ff8e
fe6b
fd33
fbf0
fa92
f937
f7d2
f665
f4f6
f38f
f237
f0f0
efb8
eeaa
edc4
ecf8
ec4f
ebc4
eb53
eafa
eab2
ea79
ea4d
ea2c
ea0c
e9ec
e9dc
e9ca
e9c8
e9d6
e9ee
ea1a
ea5b
eab0
eb1c
eb99
ec2b
ecd0
ed7f
ee39
ef02
efd0
f0a0
f177
f255
f329
f3f6
f4b8
f56f
f610
f69e
f715
f781
f7d2
f813
f845
f86b
f889
f89e
f8ae
f8ba
f8c8
f8cc
f8cc
f8c8
f8ba
f8a4
f87f
f853
f813
f7cc
f775
f715
f6aa
f63b
f5c0
f543
f4c6
f44b
f3d0
f35b
f2ea
f289
f231
f1e8
f1b0
f18d
f181
f185
f19b
f1c2
f1f2
f22f
f26d
f2b2
f2f0
f32f
f369
f3a4
f3e6
f431
f48f
f4fa
f57d
f617
f6d4
f7a8
f88f
f98d
fa7f
fb67
fc33
fcda
fd51
fd96
fda4
fd83
fd37
fccc
fc55
fbdc
fb71
fb1d
faec
fae2
fb04
fb4f
fbb8
fc3b
fcce
fd6d
fe0b
feaa
ff35
ffbe
003b
00b2
0125
019a
0213
0292
0319
03a4
0439
04d6
0571
0609
0694
0717
0780
07d2
0807
0829
082f
0823
0803
07da
07a8
0774
0741
070f
06ea
06ce
06be
06be
06ce
06f3
0729
0772
07ce
083f
08bc
094f
09e4
0a7c
0b15
0ba8
0c31
0cae
0d1b
0d80
0dd4
0e19
0e53
0e7e
0e9e
0eb4
0ec2
0ec8
0ec4
0eb6
0ea0
0e88
0e63
0e39
0e05
0dca
0d88
0d43
0cf9
0cae
0c61
0c17
0bd0
0b8a
0b53
0b1d
0af5
0ade
0ad8
0ae0
0b01
0b3d
0b8e
0bff
0c7e
0d1b
0dca
0e86
0f47
1013
10d0
1182
1223
12b4
1323
1378
13ac
13bc
13a8
1366
12ff
126c
11bc
10de
0fe0
0ebc
0d92
0c61
0b2f
0a01
08e8
07dc
06e4
05fb
0533
0480
03e6
035d
02ea
0288
023b
01fa
01c6
019e
017e
016d
015f
0157
0151
014b
014b
014b
014f
0153
015f
016d
017e
019a
01bc
01dc
01ff
0221
0239
0243
0241
022b
01fd
01b8
0153
00d0
002d
ff69
fe86
fd79
fc55
fb17
f9c2
f855
f6d4
f549
f3c0
f22f
f0bc
ef63
ee2d
ed22
ec3b
eb83
eaf0
ea77
ea28
e9f2
e9c8
e9ba
e9b0
e9ab
e9ab
e9b0
e9b0
e9b4
e9c0
e9c8
e9d6
e9e4
e9fb
ea23
ea5d
eab0
eb2a
ebca
eca7
edb2
eefd
f07c
f22f
f409
f607
f80b
fa1a
fc13
fe00
ffd2
0183
030d
047f
05cd
0701
0813
0915
0a02
0ad3
0b87
0c1e
0c99
0cee
0d23
0d31
0d1d
0ce3
0c87
0c0d
0b7c
0ad1
0a1b
0959
0890
07c9
0707
0650
05a7
0514
049a
043d
03fd
03dc
03d9
03ea
040d
043e
0472
04a4
04ce
04e6
04ed
04d9
04a7
045a
03ed
035b
02ae
01d9
00e7
ffd7
feac
fd6d
fc1f
fac8
f96d
f80a
f6ae
f54f
f3f5
f29b
f148
effe
eeb8
ed79
ec49
eb2c
ea24
e939
e873
e7db
e76f
e739
e732
e75a
e7ac
e818
e89b
e92d
e9c0
ea56
eaec
eb89
ec30
ecee
edc9
eecd
efff
f16d
f312
f4e5
f6e1
f8fa
fb1d
fd36
ff37
0113
02cb
044a
059b
06b9
07ac
0873
0915
099b
0a08
0a62
0aae
0af2
0b32
0b73
0bbc
0c06
0c5a
0caf
0d02
0d4e
0d86
0da3
0da0
0d71
0d19
0c96
0bf1
0b2d
0a57
0979
08a5
07dc
0729
0691
060e
05a2
0545
04f1
049e
044c
03ef
0388
031c
02a5
022b
01b0
013d
00d3
007c
003c
0019
001f
004b
00b0
014a
0222
0335
048c
0615
07d6
09c0
0bc5
0dda
0fed
11fa
13f4
15cd
177f
1907
1a4d
1b5d
1c25
1cab
1cdf
1cd2
1c7e
1bea
1b1b
1a1e
18f7
17ad
1652
14de
135b
11d3
1048
0ec1
0d3d
0bca
0a64
090c
07b4
065c
0506
03a6
0232
00ad
ff15
fd67
fb9a
f9b7
f7d2
f5e4
f3f3
f211
f03e
ee7d
eccb
eb2d
e99d
e822
e6b3
e54f
e3fe
e2c1
e19a
e090
dfae
df04
de99
de71
dea0
df18
dfe8
e0f6
e247
e3c8
e571
e72f
e8e9
eaab
ec6c
ee2a
efe5
f1a3
f373
f54f
f736
f937
fb59
fd8d
ffd2
0220
047f
06d9
091d
0b4e
0d6d
0f6d
113e
12dd
144d
157e
1663
1706
1766
1786
1770
172a
16bd
1638
15a9
1516
1480
13ed
135d
12ca
122c
1182
10c4
0ff2
0f01
0dfd
0cea
0bd1
0ab5
09a8
08b9
07ed
0741
06b5
064b
05ef
0594
052e
04af
040d
032e
021a
00d5
ff57
fda2
fbc6
f9d8
f7dc
f5c7
f3ac
f194
ef78
ed40
eb03
e8ba
e665
e3f4
e16e
def5
dc77
da05
d7aa
d591
d3b6
d21e
d0de
cffd
cf72
cf3a
cf5a
cfbe
d069
d151
d26c
d3a8
d510
d69d
d842
d9fe
dbb9
dd95
df6c
e13f
e30b
e4d8
e696
e836
e9be
eb28
ec7b
edac
eebd
efbe
f0b5
f19a
f27b
f366
f456
f554
f664
f78e
f8d0
fa20
fb86
fd03
fe8b
001c
01b1
034d
04e2
0660
07c1
0902
0a1b
0afb
0ba4
0c16
0c50
0c47
0c03
0b83
0ac9
09e4
08da
07b2
0683
0568
046d
03a4
0319
02e7
0305
037b
0436
052c
064b
0783
08c4
09f7
0b19
0c1e
0d0f
0de0
0e9a
0f45
0fd9
1067
10e8
1160
11cf
122d
127c
12b3
12d1
12d0
12b0
126f
120a
1185
10e1
101f
0f48
0e58
0d56
0c4d
0b3c
0a32
0932
0844
0779
06d3
0659
060f
05f8
060d
0651
06be
074f
0801
08c8
099e
0a80
0b63
0c3b
0d06
0db4
0e45
0ea5
0ee2
0ef2
0ee4
0eb6
0e77
0e34
0df0
0dbf
0da5
0da1
0dc2
0e04
0e64
0ee2
0f7e
102c
10f0
11c6
12ab
139f
14a3
15ac
16bc
17ca
18dc
19eb
1aee
1bea
1cda
1db5
1e77
1f17
1f9c
1ffd
202f
203c
2018
1fc0
1f3a
1e7f
1d98
1c7e
1b49
19f6
1891
173c
15ff
14f0
1414
137d
1326
1312
1331
1372
13d0
142c
147c
14b3
14c3
14af
146d
140a
1382
12e4
1238
117c
10be
0ffb
0f37
0e74
0daf
0ced
0c32
0b77
0ab7
09f3
091e
083c
073e
0624
04e8
0389
0203
005a
fe8f
fcba
fadb
f90e
f763
f5e4
f49b
f390
f2c6
f240
f1fa
f1f7
f229
f291
f31f
f3d7
f4ad
f594
f688
f77c
f869
f945
fa0c
fab7
fb46
fbb7
fc0e
fc4b
fc79
fc95
fca6
fcb5
fcc3
fcce
fce5
fd00
fd28
fd5a
fd98
fde7
fe46
feb2
ff2d
ffb2
0041
00d8
016f
020a
02aa
0347
03e6
0481
051d
05b6
064e
06e3
0775
07fe
0880
08f2
0953
0999
09c6
09d8
09ca
09a4
095f
0907
08a2
0834
07c5
075b
06f3
0696
063a
05d9
056f
04f3
0458
03a1
02bb
01ac
0073
ff0e
fd89
fbe9
fa2f
f86f
f69e
f4cb
f2f6
f127
ef53
ed8c
ebc2
ea03
e843
e688
e4c6
e30c
e14b
df82
ddb2
dbe0
d9fe
d819
d62f
d44b
d277
d0b5
cf18
cdae
cc71
cb78
cac5
ca64
ca50
ca84
cb0f
cbe9
cd12
ce76
d02c
d217
d43a
d67f
d8ea
db60
dde7
e05d
e2d6
e531
e774
e9ab
ebc4
edc6
efb4
f182
f342
f4e0
f667
f7dc
f93b
fa85
fbb7
fcce
fdd8
fec6
ffa3
0073
0135
01ee
029c
0340
03e3
0479
050e
059b
0621
069d
070b
076d
07bb
07f1
080a
0803
07d3
0774
06df
0611
050b
03c7
0256
00ba
ff03
fd45
fb88
f9ec
f873
f731
f623
f54b
f49a
f40f
f392
f321
f2a9
f228
f197
f0f8
f04f
efa2
eefd
ee73
ee02
edb7
ed9f
edb7
ee05
ee84
ef3d
f01f
f131
f265
f3bb
f52a
f6b0
f842
f9de
fb6c
fced
fe54
ff9e
00ce
01e4
02e5
03d8
04bd
059f
067c
0766
0855
094d
0a57
0b6f
0c8b
0db0
0ed2
0ff1
1107
120b
12f5
13bd
1450
14a8
14bf
148a
140b
1347
1243
1108
0fae
0e3c
0ccc
0b64
0a0c
08c9
079a
0673
055b
043e
031e
01ef
00ad
ff55
fde5
fc5a
fac9
f928
f78f
f602
f47d
f30b
f1ab
f05d
ef23
edff
ecf8
ec08
eb2d
ea6e
e9cf
e950
e8fd
e8d6
e8e8
e936
e9c1
ea86
eb7e
ecac
ee05
ef78
f0f9
f278
f3e6
f542
f680
f79d
f8a7
f996
fa74
fb39
fbf4
fca3
fd4d
fdee
fe8e
ff2e
ffc6
0055
00dc
015c
01d1
0242
02b4
0322
0395
040b
048c
0514
05a9
064a
06fa
07b8
0883
0955
0a2c
0b04
0bd9
0cac
0d7b
0e44
0eff
0fac
1043
10c4
112d
1182
11c1
11f1
1215
1231
124c
1266
1287
12b2
12e4
1323
1362
13a2
13d7
1403
141a
1423
1414
13f0
13be
137d
132d
12da
1285
1232
11e3
119d
115f
112d
1108
10f1
10ea
10f0
1104
1124
114c
1175
11a2
11c7
11e4
11f8
11fb
11ed
11cb
1199
1155
10fe
109f
102e
0fb1
0f27
0e90
0df1
0d47
0c8e
0bd4
0b10
0a40
096a
088a
07a5
06be
05d6
04f5
041a
0344
0277
01b3
0100
005d
ffcc
ff54
fef5
feaa
fe77
fe5b
fe4f
fe54
fe5c
fe64
fe68
fe61
fe47
fe17
fdd1
fd72
fcf5
fc66
fbbf
fb06
fa36
f958
f873
f788
f6a0
f5c1
f4f4
f438
f399
f31a
f2ba
f27c
f25f
f25c
f276
f2a5
f2e9
f33e
f3a3
f417
f49e
f531
f5d9
f699
f76d
f859
f95b
fa72
fb96
fcc6
fdf9
ff31
0063
0187
029f
03a2
048e
0562
0618
06ba
073d
07a3
07f0
0820
083b
0841
083a
0826
080a
07ef
07d2
07b7
07a0
078c
077b
076b
0757
073e
0721
06fd
06d0
0698
0655
0606
05ad
054a
04dc
0461
03d9
0343
0299
01da
00fe
0009
fefc
fdca
fc81
fb1d
f99d
f805
f654
f498
f2d9
f118
ef53
eda2
ebf8
ea51
e8c3
e74e
e5f6
e4c6
e3b9
e2d8
e225
e1aa
e15f
e154
e18a
e202
e2bd
e3ba
e4f1
e66c
e81e
e9fd
ec07
ee2c
f06d
f2af
f4f8
f74c
f995
fbc9
fde0
ffcf
018e
0318
0467
0582
0665
0708
0770
0798
0786
0746
06d8
0643
0599
04e1
042b
0383
02f7
0289
0241
0218
0209
0209
020d
020a
01f4
01be
0168
00eb
004d
ff97
fed1
fe06
fd42
fc94
fbfd
fb83
fb23
fae9
facf
fad2
faf1
fb25
fb6f
fbcb
fc35
fca7
fd1c
fd93
fe04
fe6b
fec5
ff13
ff4c
ff75
ff89
ff89
ff74
ff4d
ff17
fed1
fe89
fe40
fe02
fddc
fdd6
fdf9
fe4e
fedf
ffa5
00a1
01d0
0326
049a
0617
0794
0915
0a87
0be0
0d1c
0e38
0f27
0fe8
1079
10dd
110c
1105
10d2
106d
0fe0
0f32
0e63
0d7a
0c7b
0b76
0a70
0975
088f
07ce
0735
06cf
06a3
06b4
0706
0792
085c
0950
0a6e
0bb4
0d11
0e81
0ffc
1173
12e2
1440
1582
16a1
1793
185d
18f1
1958
198f
199b
197e
1946
18ec
1879
17f2
175e
16bb
1607
1551
1492
13d3
1307
124a
1187
10cf
101a
0f74
0ed4
0e47
0dca
0d5b
0cf5
0ca2
0c53
0c05
0bbb
0b6a
0b14
0aac
0a32
09a4
08f2
0824
072c
060f
04c6
0358
01ba
0008
fe34
fc60
fa8b
f8d4
f73b
f5d8
f4ab
f3c0
f30d
f299
f257
f248
f266
f2a1
f2f8
f360
f3d4
f44a
f4bc
f523
f57d
f5bd
f5e5
f5f1
f5dc
f5ad
f565
f50b
f49b
f422
f3a3
f323
f2a3
f230
f1c4
f16d
f12a
f102
f0f5
f101
f127
f15f
f1a1
f1e5
f21f
f247
f24d
f236
f1fe
f1a8
f13b
f0cd
f064
f01b
eff4
efff
f045
f0c8
f182
f264
f36c
f484
f5a6
f6b7
f7bf
f8a8
f97d
fa34
fadb
fb71
fbfa
fc7c
fcff
fd85
fe13
fea9
ff51
0003
00c6
0192
026f
0351
043b
0521
0603
06cd
077b
0805
085e
0888
0881
0853
07fe
078f
0710
0692
061b
05b6
0569
0532
0516
0510
0518
052e
0548
0566
057f
0594
05a4
05aa
05ab
05aa
05a3
059e
0592
058a
0584
057e
057e
0582
058e
059c
05b3
05cb
05df
05ed
05eb
05d4
059c
0544
04c2
041b
0348
0254
0141
001c
feed
fdc3
fc9e
fb91
fa96
f9ba
f8f7
f855
f7cf
f76d
f728
f6f8
f6df
f6d1
f6c9
f6ba
f699
f65e
f601
f57a
f4c4
f3ea
f2e3
f1cc
f0a1
ef84
ee6e
ed7a
eca9
ec0f
eba5
eb70
eb75
ebae
ec1f
ecbd
ed89
ee79
ef8a
f0a9
f1d3
f2f9
f40f
f508
f5e0
f691
f719
f785
f7d5
f812
f84c
f88a
f8d0
f92d
f999
fa17
faa4
fb2f
fbb7
fc2c
fc8b
fcc9
fcec
fcee
fcd3
fca5
fc6d
fc32
fbfc
fbd1
fbb7
fbb0
fbbf
fbe2
fc15
fc54
fc9c
fcea
fd3e
fd93
fde8
fe3c
fe93
fee6
ff39
ff8a
ffdf
0034
008f
00ee
015c
01d6
025e
02fa
03a6
0465
0535
0609
06e4
07b7
087a
0922
09b0
0a17
0a5b
0a72
0a64
0a31
09dc
096b
08db
0839
077b
06ae
05c9
04ce
03ba
0291
0151
ffff
fe8e
fd0f
fb78
f9d2
f819
f65c
f494
f2d8
f116
ef67
edcb
ec51
eafb
e9e1
e903
e86e
e826
e82f
e886
e924
ea0a
eb28
ec7a
edec
ef83
f12b
f2e6
f4a1
f667
f81e
f9d3
fb6f
fcf9
fe61
ffb5
00e0
01ee
02ce
0388
0416
047a
04ae
04bd
04a6
0470
041c
03b7
0345
02c9
0250
01d9
0166
00fa
0095
0036
ffdc
ff85
ff33
fee2
fe8e
fe37
fddb
fd77
fd0a
fc8f
fc0e
fb7e
faef
fa59
f9cf
f956
f8f9
f8c4
f8c2
f8f5
f960
fa0a
faea
fbfd
fd35
fe93
0002
0183
0304
048a
0607
077c
08e1
0a37
0b71
0c95
0d9f
0e8f
0f5f
1018
10b8
113e
11a7
11f9
1237
125b
1268
1259
122e
11dd
1171
10d9
1022
0f3d
0e3d
0d16
0bdd
0a8d
0934
07d7
0683
0536
03f6
02c9
01a4
008d
ff84
fe84
fd8f
fca2
fbbb
fae0
fa0a
f943
f88f
f7f3
f770
f70d
f6c5
f69f
f697
f6af
f6e2
f729
f788
f7f7
f872
f8f4
f979
fa00
fa83
fafa
fb66
fbc0
fc05
fc33
fc4a
fc4a
fc34
fc0a
fbcc
fb7d
fb22
fabc
fa4e
f9da
f95f
f8e5
f86b
f7f6
f782
f716
f6b6
f665
f620
f5f2
f5da
f5dc
f5fa
f635
f692
f70e
f7ab
f868
f942
fa3a
fb49
fc6c
fda0
fee6
0035
018e
02ea
0446
059c
06e7
0822
094c
0a5e
0b57
0c36
0cef
0d87
0df6
0e3f
0e5c
0e4f
0e1a
0dbe
0d3b
0c99
0bd6
0afe
0a0d
090c
07fa
06da
05ad
0477
033e
01fe
00c3
ff86
fe4e
fd22
fc02
faef
f9f7
f916
f856
f7b1
f72e
f6ca
f681
f64f
f634
f629
f62c
f637
f64a
f667
f68b
f6bb
f6fc
f752
f7bc
f843
f8e4
f9a1
fa76
fb62
fc5d
fd5e
fe61
ff5f
0050
0136
01fe
02af
033b
03a2
03df
03f2
03d3
0386
030f
0272
01af
00d5
ffea
fef8
fe05
fd1f
fc4c
fb8f
fafa
fa8a
fa4b
fa3e
fa70
fada
fb85
fc66
fd7e
febc
0024
019f
0325
04a9
0623
0789
08cd
09eb
0ad3
0b81
0be9
0c0c
0be2
0b72
0abc
09d3
08bd
078f
065b
052e
0419
0328
0266
01d4
0176
0148
014c
017d
01d7
0256
02eb
0395
043a
04d7
0557
05b1
05d5
05b9
0555
04a4
03af
0277
00f3
ff4b
fd79
fb79
f975
f75a
f554
f362
f181
efe4
ee87
ed69
ecaf
ec48
ec3e
ec8e
ed30
ee18
ef38
f095
f20b
f3a5
f549
f6f1
f8a8
fa4f
fbe5
fd78
fee1
0036
0161
026a
035d
0428
04d4
056a
05dd
063b
0683
06b8
06e0
06f8
0706
0709
070a
0701
06f9
06f2
06f1
06f8
0710
073c
0779
07d1
0843
08d2
097e
0a3c
0b0c
0bef
0cd1
0dbb
0e93
0f62
102a
10d9
1174
1201
1276
12d8
1326
1359
137e
138d
1384
1361
1322
12c2
124b
11b4
10fd
1031
0f4d
0e56
0d5e
0c65
0b79
0aa5
09e2
0941
08c0
085a
0814
07f0
07e9
07f7
081e
084f
088b
08c7
08f6
090f
090b
08df
0881
07f0
072b
062f
050d
03c1
026b
010f
ffb1
fe6d
fd44
fc34
fb55
fa9c
fa19
f9c8
f9a8
f9bb
fa00
fa78
fb17
fbe9
fcd1
fdd8
fefc
0021
014f
028d
03c0
04ff
0632
0766
08a0
09cb
0aef
0c1d
0d38
0e52
0f59
104f
1138
1201
12ab
133d
13a7
13f2
141e
1429
1415
13e8
13a1
1346
12d2
1247
11a9
10f1
1019
0f2e
0e26
0cfd
0bbb
0a57
08e9
076a
05d7
0452
02d7
0163
0013
fed7
fdc3
fcd0
fbf6
fb3f
faaa
fa2b
f9c8
f977
f93e
f915
f8f6
f8e6
f8dd
f8e0
f8e4
f8ee
f8f9
f900
f906
f903
f8f6
f8e0
f8bd
f88d
f84e
f801
f79e
f72a
f6a6
f607
f55d
f4a1
f3da
f30e
f23d
f17e
f0d4
f047
eff0
efd3
eff3
f060
f11c
f217
f35b
f4ec
f69e
f88f
fa8f
fca4
fed7
00f7
0309
0512
06e7
0894
09ef
0b09
0bdf
0c60
0c94
0c88
0c3d
0bb6
0b08
0a36
0942
0841
0736
0619
0501
03e1
02d2
01ce
00cf
ffe5
ff0d
fe3a
fd7d
fcc4
fc1b
fb7a
fadc
fa45
f9b2
f91f
f88d
f7f7
f767
f6d9
f649
f5be
f535
f4a9
f41f
f395
f30d
f286
f200
f17e
f100
f084
f012
efb0
ef60
ef24
ef01
eefb
ef19
ef5a
efbe
f04b
f101
f1d9
f2e0
f401
f543
f6af
f82b
f9c5
fb60
fd00
fea4
002c
019f
0300
0434
0550
063f
070a
07b6
083a
089e
08e2
090e
091d
0918
0905
08e4
08b8
088c
085e
082f
07ff
07d2
079c
075a
0709
06a9
062b
0598
04e3
041a
0338
0237
0134
0025
ff0a
fdfe
fceb
fbe5
faea
f9eb
f8fe
f819
f732
f65a
f584
f4bc
f3fc
f349
f2ae
f22a
f1c5
f187
f169
f173
f1a0
f1f1
f25a
f2d8
f366
f3f1
f482
f509
f585
f5f6
f65e
f6be
f71e
f779
f7d4
f831
f890
f8f8
f961
f9c5
fa2c
fa8a
fadf
fb28
fb66
fb96
fbbb
fbd1
fbe4
fbf4
fc00
fc0d
fc1c
fc32
fc4c
fc6c
fc8e
fcb1
fcd4
fcf4
fd0f
fd23
fd32
fd38
fd34
fd25
fd10
fcf1
fcc9
fc99
fc62
fc24
fbde
fb93
fb43
faf3
fa9e
fa49
f9f8
f9aa
f965
f92d
f903
f8ee
f8f1
f90e
f949
f9a0
fa15
faa2
fb3f
fbea
fc9a
fd4f
fdfa
fe96
ff24
ff9d
fffe
0046
006d
0078
0064
002f
ffd9
ff67
fed9
fe35
fd7d
fcb1
fbdd
fb06
fa21
f93f
f85b
f76f
f67b
f57e
f47d
f372
f259
f139
f019
eef4
edd1
ecb6
ebb7
ead1
ea0a
e966
e8e4
e888
e847
e81e
e80c
e808
e806
e810
e81a
e82a
e846
e875
e8c2
e932
e9d3
eaa0
eba5
ecdc
ee49
efeb
f1a9
f384
f575
f75c
f940
fb1a
fce4
fea1
0044
01d4
034c
04af
05f4
072b
084f
096a
0a75
0b76
0c75
0d6c
0e61
0f52
104f
114e
1250
1359
1469
1574
1685
178e
1899
19a5
1aa3
1b9a
1c87
1d62
1e28
1edb
1f71
1fee
204f
2089
209e
2087
2046
1fdb
1f41
1e7c
1d91
1c86
1b64
1a44
1928
181c
1735
166e
15dd
1584
1550
154b
1568
15a3
15f6
165a
16bf
1721
1773
17b0
17d3
17d1
179c
1738
169b
15ca
14c1
138e
1237
10c9
0f54
0ddb
0c76
0b26
09ed
08d9
07e3
070d
0657
05b7
0536
04c9
046b
041d
03d4
0388
0338
02db
026d
01ed
0151
00a6
ffe9
ff26
fe60
fda2
fcfe
fc77
fc0f
fbcd
fbaa
fb9a
fb98
fb95
fb80
fb4d
faf3
fa70
f9c2
f8f9
f81d
f737
f66e
f5cd
f564
f542
f56c
f5de
f693
f783
f893
f9b3
fad9
fbe6
fcd4
fd93
fe25
fe81
fe9f
fe84
fe30
fda8
fcf0
fc0b
fb05
f9e4
f8bb
f79a
f686
f597
f4d4
f440
f3db
f3a5
f393
f397
f3a2
f3ad
f3a5
f382
f343
f2dd
f25a
f1c1
f118
f06b
efc9
ef33
eeb5
ee51
ee0b
edda
edc1
edbb
edc4
eddc
edf9
ee1b
ee42
ee6e
eea1
eedc
ef20
ef70
efc9
f03c
f0c0
f15b
f215
f2ee
f3eb
f50f
f65b
f7d5
f96a
fb17
fcd9
fe8f
002f
01a9
02e5
03e0
048a
04eb
0506
04f6
04c4
0489
045c
044e
046e
04c5
0554
060e
06e8
07cc
08ac
0974
0a12
0a7b
0aae
0ab0
0a84
0a39
09da
0978
091d
08d8
08ae
08a0
08ad
08d4
090b
0950
0994
09d7
0a10
0a39
0a53
0a5c
0a51
0a33
0a03
09c0
096b
0907
0892
0815
0789
06f2
0655
05b2
050d
0467
03bd
0313
0262
01a7
00e6
001d
ff45
fe69
fd7f
fc8e
fb9d
faa6
f9be
f8e1
f818
f76b
f6d8
f65c
f5f3
f592
f537
f4da
f46f
f3f1
f35a
f2a6
f1dd
f0fa
f013
ef2b
ee4d
ed8c
ece8
ec6d
ec1d
ebf4
ebf5
ec1e
ec68
eccd
ed48
edd1
ee67
ef06
efa7
f04b
f0f2
f192
f231
f2c7
f357
f3e4
f473
f501
f590
f629
f6d0
f784
f846
f91d
fa03
faf9
fbfc
fd04
fe0b
ff0e
0006
00f2
01ce
0293
0345
03de
0461
04c6
0514
0549
0566
056c
0561
0544
051c
04ef
04ba
0489
045a
0435
0416
0404
03ff
0408
0421
0447
047f
04c3
0515
0575
05db
064a
06ba
072b
0797
07fd
0859
08a6
08e4
090e
091f
0918
08f5
08b7
085c
07ec
076b
06dc
064d
05c7
0551
04f4
04b5
0496
0498
04b8
04f6
0544
05a2
0605
066e
06cf
072a
0778
07b9
07e6
0801
0806
07f5
07cc
0789
072c
06b4
0621
0572
04a8
03c6
02ce
01be
00a0
ff76
fe46
fd1b
fbfd
faf3
fa06
f939
f890
f80f
f7af
f772
f753
f750
f762
f785
f7b3
f7ef
f82d
f872
f8b5
f8fb
f93d
f97a
f9b2
f9e7
fa14
fa40
fa6d
fa9c
fad2
fb0f
fb57
fbaf
fc17
fc93
fd29
fdd9
fea1
ff86
0086
01a3
02d6
0419
0566
06b2
07f0
0911
0a0f
0adb
0b71
0bcd
0bec
0bd2
0b83
0b04
0a5e
0997
08b5
07be
06b6
05a2
0483
0366
0242
0122
0008
fef7
fdf3
fcfb
fc14
fb45
fa8b
f9f0
f971
f90f
f8ca
f8a0
f883
f872
f862
f84b
f823
f7e8
f78f
f71c
f690
f5ee
f540
f493
f3ec
f35c
f2e4
f286
f248
f221
f20f
f20c
f208
f200
f1ec
f1c4
f18c
f144
f0f2
f09e
f059
f023
f012
f027
f065
f0d8
f181
f25a
f358
f488
f5d7
f744
f8b8
fa49
fbe7
fd8b
ff25
00c6
025c
03e4
0549
06a8
07f1
0927
0a46
0b60
0c74
0d85
0e8d
0fa0
10b4
11c6
12c8
13bc
148e
1533
159c
15c2
15a3
1539
1496
13bd
12bb
11ad
10b0
0fbc
0ef5
0e5b
0df9
0dc3
0db5
0dbe
0dd0
0ddd
0dd6
0dae
0d60
0ceb
0c4a
0b89
0ab7
09d3
08eb
0809
073c
0676
05c1
051b
0484
03f1
035f
02cb
0237
0194
00ea
0036
ff82
fec7
fe0b
fd56
fcb3
fc18
fb87
fb04
fa90
fa1f
f9b9
f953
f8f4
f890
f829
f7c1
f75d
f6f5
f695
f63e
f5f9
f5bf
f59b
f58d
f594
f5ae
f5db
f616
f65e
f6af
f707
f765
f7c1
f826
f891
f900
f975
f9f7
fa83
fb1b
fbbc
fc77
fd41
fe25
ff12
001f
0140
0275
03b4
050a
066c
07cb
0919
0a5b
0b80
0c78
0d36
0dc4
0e17
0e32
0e16
0dcb
0d53
0cb8
0c0c
0b44
0a6e
098b
08a7
07b3
06b7
05b3
04b3
03a5
0291
0180
007a
ff72
fe7b
fd9b
fce1
fc45
fbd3
fb8b
fb73
fb88
fbc7
fc30
fcb9
fd65
fe2b
ff05
ffea
00e1
01e0
02de
03d1
04c3
05a6
0673
0728
07cd
0859
08d0
0930
097e
09bc
09e7
0a06
0a1f
0a30
0a42
0a56
0a70
0a95
0aca
0b0a
0b5f
0bbe
0c22
0c83
0cd8
0d14
0d2b
0d14
0cc7
0c3e
0b79
0a85
095b
0807
069e
0538
03c5
025a
00ff
ffc1
fe8a
fd64
fc48
fb40
fa38
f931
f82f
f735
f637
f540
f455
f38a
f2cb
f22e
f1b4
f162
f135
f127
f140
f172
f1c1
f227
f2a0
f31e
f3ad
f441
f4dd
f573
f60e
f6a4
f737
f7bd
f842
f8b8
f91e
f973
f9b1
f9db
f9e8
f9db
f9ae
f966
f8fd
f881
f7e6
f738
f67a
f5b8
f4ec
f41a
f34a
f285
f1bc
f0fd
f047
efa5
ef0b
ee81
ee04
ed97
ed2c
ecc7
ec63
ebf9
eb84
eb02
ea70
e9db
e939
e897
e7fc
e778
e715
e6dc
e6cd
e6f8
e757
e7ea
e8a8
e986
ea83
eb8f
eca0
eda5
eeac
efa8
f09b
f17b
f25d
f335
f40c
f4dc
f5b4
f691
f770
f84b
f930
fa14
faf3
fbc5
fc94
fd5d
fe1c
fecd
ff7a
001a
00b1
013a
01bd
0232
02a1
0305
0365
03bf
0412
045e
04aa
04f2
0538
057d
05ca
0619
0673
06d0
073a
07b1
0833
08bd
0956
09f7
0a9d
0b43
0be8
0c88
0d1a
0d9a
0e0c
0e64
0ea5
0eca
0ecd
0eac
0e67
0e01
0d71
0cbe
0bed
0b05
09ff
08ec
07cd
06bb
059f
048a
0381
028f
01a3
00cc
000a
ff67
fed7
fe5f
fdfe
fdb3
fd7d
fd56
fd3d
fd2f
fd2a
fd2b
fd34
fd43
fd58
fd7e
fdb1
fdf7
fe55
fecd
ff60
0006
00cc
01a7
0290
0379
046e
055b
0643
0719
07e1
089a
0942
09cf
0a4d
0ab7
0b0d
0b55
0b8d
0bbf
0bee
0c21
0c60
0cae
0d11
0d92
0e2b
0ee2
0fb0
1086
1165
1235
12f0
1390
1403
144e
146c
1466
1440
1404
13be
1376
133b
130e
12f6
12f2
1301
131d
1344
1368
1384
1398
139b
138c
136b
133c
12fd
12b6
126c
121d
11d2
1188
113d
10ee
1098
1033
0fba
0f2a
0e7b
0db4
0cc8
0bc5
0aa9
097c
0855
0724
0603
04ff
040a
0338
0282
01e4
0164
00fa
00a6
0065
002f
0005
ffe4
ffc3
ffa3
ff80
ff55
ff27
feed
fea4
fe4e
fde6
fd71
fce2
fc45
fb9a
fadd
fa11
f935
f84a
f755
f649
f52e
f413
f2e3
f1af
f07d
ef43
ee1e
ecfb
ebf4
eb1b
ea6b
e9f3
e9c1
e9d2
ea28
eac5
eb9b
ec9a
edc6
ef07
f052
f1a2
f2e0
f417
f532
f629
f707
f7ba
f840
f89c
f8c6
f8c3
f88d
f829
f791
f6d4
f5e8
f4d3
f3a7
f252
f0e2
ef75
edeb
ec6e
eb00
e9a3
e871
e75e
e677
e5c1
e52a
e4b6
e463
e420
e3ea
e3bb
e38b
e35d
e326
e2f2
e2c1
e29d
e288
e28e
e2a4
e2e0
e339
e3b2
e44f
e510
e5e4
e6de
e7ec
e904
ea3b
eb7a
ecce
ee32
ef94
f10c
f286
f3f5
f56f
f6de
f842
f99d
fada
fc07
fd0f
fde9
fea0
ff28
ff85
ffbe
ffd6
ffd6
ffc2
ffa5
ff84
ff69
ff5a
ff57
ff64
ff83
ffb8
fffc
0054
00b9
0132
01bb
0252
0300
03bc
0487
0568
0653
074b
0852
0958
0a6e
0b80
0c84
0d85
0e6e
0f3d
0fef
107f
10f3
1145
1171
1185
1178
1154
1116
10c6
1060
0fe8
0f65
0ed5
0e3a
0d98
0cef
0c46
0b97
0ae8
0a3d
098a
08dc
0828
0778
06cf
0623
0577
04d6
0430
0394
0304
027b
0204
0198
013b
00f3
00bc
0095
0082
0082
0096
00bc
00f2
0133
017d
01ca
0211
024f
0272
027c
0267
022a
01c7
0148
00a9
fff8
ff47
fe92
fdeb
fd64
fcef
fc9a
fc62
fc40
fc31
fc2a
fc24
fc19
fc04
fbe2
fbb1
fb76
fb35
faf6
fabc
fa92
fa7b
fa7b
fa98
facf
fb1d
fb85
fc00
fc87
fd19
fdaf
fe4b
fee7
ff7e
0017
00ac
0134
01bd
0238
02ad
031b
037f
03e0
0439
0488
04d8
0521
0568
05ac
05e8
0623
0655
0679
0693
069e
0693
0675
0643
05f9
0598
0523
049a
0400
035a
02a5
01ec
0128
0064
ffad
fef9
fe59
fdcf
fd61
fd14
fce9
fce2
fcfc
fd38
fd8c
fdfc
fe7d
ff04
ff9a
0035
00cc
0167
01ff
0298
0333
03c7
0459
04ee
057d
060f
06a0
072c
07bf
0848
08d4
095d
09e3
0a62
0ad8
0b43
0b9c
0bdf
0c01
0c0a
0bef
0bb4
0b5c
0ae6
0a5a
09be
091e
087d
07e7
075c
06ea
0686
063f
060d
05f4
05f4
0606
062c
0664
06ac
06fe
0759
07b9
081b
087b
08d5
0924
096d
09aa
09e1
0a10
0a3d
0a6a
0a9f
0ad4
0b17
0b62
0bb9
0c13
0c74
0cd1
0d2c
0d77
0db7
0de3
0df7
0df6
0dd8
0d99
0d3d
0cc5
0c2a
0b72
0a9e
09b1
08ad
0797
0679
0561
0447
0341
024e
0177
00b3
000b
ff7f
ff0a
feaa
fe5f
fe21
fdf1
fdc8
fda9
fd89
fd6b
fd47
fd1e
fcef
fcb5
fc71
fc24
fbd6
fb89
fb42
fb0c
faec
faed
fb0e
fb55
fbc2
fc51
fd03
fdcc
fea8
ff8a
0072
0153
022e
02fa
03c0
047a
052a
05d1
0672
070c
07a4
0839
08cf
0967
0a00
0a95
0b2c
0bc3
0c5a
0ceb
0d78
0e03
0e85
0ef6
0f59
0fa6
0fda
0ff3
0ff5
0fe1
0fba
0f86
0f4c
0f11
0ee1
0ec1
0eb1
0eb4
0ec4
0ed7
0eea
0ee8
0ecf
0e8f
0e20
0d78
0c9a
0b86
0a36
08bd
071e
0573
03b7
01f8
003e
fe9b
fd05
fb85
fa22
f8e3
f7c3
f6cd
f5f9
f550
f4ca
f45d
f40b
f3cc
f398
f368
f33e
f30c
f2cc
f289
f237
f1e1
f182
f122
f0c4
f068
f016
efcd
ef94
ef6d
ef5d
ef69
ef93
efd9
f047
f0d4
f181
f240
f318
f3fd
f4e4
f5bf
f68c
f743
f7e2
f866
f8d3
f924
f964
f98f
f9af
f9c5
f9d6
f9df
f9e3
f9e5
f9df
f9d1
f9b9
f995
f964
f926
f8de
f88c
f832
f7d6
f77a
f720
f6d3
f68d
f656
f629
f606
f5ee
f5dd
f5ce
f5c0
f5b4
f5a2
f588
f565
f538
f501
f4b9
f466
f406
f397
f31a
f295
f209
f171
f0dc
f04d
efc9
ef4e
eee8
ee97
ee57
ee2a
ee0c
edfc
edf3
edf0
edee
edeb
edea
edec
edf2
ee03
ee2b
ee69
eec6
ef46
efec
f0ba
f1af
f2cb
f3ff
f54c
f6ab
f810
f96f
fad1
fc2c
fd81
fec5
0002
0139
0262
0377
0486
058a
0682
0770
0857
0932
0a06
0ac7
0b81
0c31
0cd9
0d6c
0df7
0e75
0ee5
0f3e
0f88
0fbf
0fe0
0ff0
0ff3
0fea
0fda
0fc5
0fab
0f98
0f85
0f7b
0f7a
0f7f
0f89
0f94
0fa0
0fa9
0fac
0fa8
0f98
0f7e
0f56
0f28
0ee6
0ea2
0e4f
0df5
0d94
0d2d
0cbd
0c49
0bd0
0b55
0adb
0a63
09ed
0978
0908
089c
082d
07be
074f
06dc
0667
05ee
056f
04f1
046f
03ed
0372
0300
0299
0244
01fb
01c3
019b
0180
016f
0163
015c
0152
0144
012d
010f
00e8
00b2
0078
0031
ffe3
ff8f
ff36
fed8
fe74
fe0c
fd9f
fd2a
fcb0
fc30
fbad
fb21
fa95
fa07
f97e
f8f7
f884
f821
f7d6
f7a9
f795
f7a1
f7cb
f80d
f862
f8ca
f937
f9a4
fa17
fa82
fae6
fb46
fba7
fc08
fc6e
fcde
fd5c
fdea
fe87
ff31
fff0
00ba
0182
024c
0315
03d0
0478
0510
0590
05f9
0643
066e
0677
0662
0629
05d1
055b
04cc
0430
038b
02e7
0248
01c1
0152
00fe
00c6
00a7
009b
009c
009e
009b
008a
0066
0027
ffd2
ff66
fee6
fe57
fdc8
fd3d
fcb9
fc42
fbde
fb8b
fb45
fb0a
fad9
faab
fa79
fa44
fa06
f9be
f96d
f912
f8b5
f859
f7ff
f7aa
f762
f726
f6fc
f6e0
f6dc
f6ee
f715
f753
f7a8
f812
f897
f934
f9e9
fab6
fba4
fca9
fdc4
fef1
003b
0197
02fa
0468
05e1
0758
08be
0a13
0b54
0c7b
0d7e
0e5f
0f1e
0fbe
1032
1081
10af
10ba
10a3
106f
101e
0fb3
0f37
0ea8
0e0b
0d62
0cb9
0c0d
0b66
0ac5
0a32
09b0
093e
08e2
08a4
087e
0872
087e
089a
08c0
08ec
0915
0933
093f
0937
0918
08e1
0897
0839
07d6
076b
0703
06a1
0648
05fa
05b8
057f
054f
0522
04f8
04ce
04a2
0471
0438
03f8
03ae
035f
0302
02a0
0237
01c9
015c
00f1
0095
004d
0025
0026
0056
00bb
0158
0235
0346
047c
05d6
074a
08c6
0a31
0b88
0ccd
0def
0eee
0fc6
1086
1128
11af
121c
127e
12d0
1312
134e
137c
139f
13af
13b6
13ad
1390
1364
1326
12d0
1261
11dd
113f
1081
0faa
0eb7
0db3
0c95
0b65
0a2c
08f7
07ca
06a5
059b
04ab
03d2
0313
026c
01d3
014d
00d4
005c
ffe7
ff73
fef5
fe69
fdcf
fd1e
fc5d
fb83
fa90
f988
f86a
f73e
f607
f4d0
f3aa
f29e
f1b7
f101
f083
f034
f018
f020
f03e
f069
f085
f084
f05c
f000
ef6a
ee9e
ed9e
ec7b
eb40
e9fe
e8c2
e79f
e693
e5ad
e4f0
e44f
e3d1
e36d
e319
e2d2
e296
e254
e21c
e1e0
e1ab
e17d
e15d
e14b
e151
e170
e1aa
e1fd
e26a
e2f7
e399
e450
e51b
e5f0
e6d1
e7c0
e8b3
e9b2
eac0
ebd5
ecf7
ee25
ef5d
f09e
f1e9
f337
f48a
f5d8
f71a
f84d
f966
fa5d
fb35
fbee
fc82
fcfb
fd5a
fda2
fddd
fe0e
fe38
fe63
fe8c
feaf
fecf
fee4
fee9
fed7
feae
fe65
fdfe
fd7c
fcdb
fc29
fb69
faa8
f9e9
f937
f897
f80e
f797
f72c
f6cb
f66b
f601
f586
f4f4
f443
f376
f28e
f193
f092
ef98
eeb4
edfa
ed6f
ed1b
ed04
ed1f
ed64
edc6
ee32
ee94
eedb
ef01
eef0
eeab
ee3e
edb3
ed1a
ec88
ec17
ebdb
ebe2
ec36
ecd0
edac
eeb0
efc5
f0d0
f1b1
f24a
f28f
f26f
f1f7
f128
f02c
ef17
ee13
ed47
eccf
ecc4
ed32
ee1a
ef5f
f0ec
f29e
f449
f5c5
f6ed
f7a4
f7eb
f7bd
f734
f660
f577
f496
f3ec
f397
f3b0
f447
f554
f6d0
f8a0
fa9f
fcb5
feb5
0086
021c
0364
0468
052e
05cb
0657
06e4
078d
0864
096f
0abb
0c3e
0dee
0fb6
1182
1337
14be
160d
171c
17e7
1870
18d1
1910
1944
1988
19df
1a67
1b1c
1c06
1d17
1e4b
1f94
20ce
21f4
22f6
23bf
2454
24ab
24cf
24c9
24a8
247b
2451
2435
242b
243f
2472
24b4
24fd
2546
2583
25a3
259f
256d
2507
246b
23a8
22b6
21a5
207d
1f48
1e0d
1cd5
1b9b
1a69
193f
1818
16fb
15e3
14d0
13c3
12bc
11b3
10a9
0f9e
0e8f
0d7f
0c6e
0b59
0a40
0927
0812
0702
05fb
0508
042c
0371
02da
026c
0221
01fe
01f7
0209
0225
024d
026f
0284
0289
027b
025b
022e
01f9
01c4
0199
017f
017c
0196
01d2
0232
02b3
0358
041a
04f9
05ef
06f6
0811
0931
0a59
0b82
0ca2
0db1
0eb1
0f8f
1050
10ef
116d
11ca
1206
122a
1237
1232
1221
1209
11eb
11d1
11bd
11af
11ad
11b7
11d2
1203
1243
128f
12ee
1352
13b3
140d
1457
1487
1496
1485
1454
1403
139b
1327
12ba
1253
1203
11d1
11c8
11e2
121e
1273
12d4
1334
1382
13b5
13c5
13a9
1358
12d8
1231
1160
1077
0f7f
0e7f
0d80
0c85
0b92
0aa3
09b1
08bd
07b9
06a4
0578
0437
02d9
016a
ffdd
fe48
fca6
fb07
f978
f804
f6a8
f571
f455
f355
f268
f18c
f0b6
efe4
ef10
ee37
ed58
ec6d
eb79
ea89
e99f
e8c3
e7fe
e75b
e6db
e680
e64c
e643
e661
e6a2
e70e
e794
e83b
e8fd
e9de
ead8
ebea
ed17
ee58
efa8
f114
f283
f407
f593
f723
f8b2
fa39
fba2
fcfc
fe2c
ff3a
001f
00de
0175
01ea
0242
0281
02b0
02d6
02f6
0312
0332
0355
0378
0394
03af
03c1
03c8
03c5
03b1
038f
0361
0320
02d6
027b
0216
01a8
012f
00ae
002b
ff9f
ff0d
fe77
fddb
fd41
fca8
fc0e
fb7a
fae7
fa59
f9d3
f954
f8e2
f87b
f826
f7de
f7a3
f777
f74e
f72f
f712
f6f3
f6cd
f6a4
f672
f637
f5f5
f5b0
f568
f528
f4f0
f4c8
f4ae
f4aa
f4b8
f4dd
f515
f55d
f5b4
f614
f67f
f6ea
f75c
f7cc
f838
f8a3
f907
f95e
f9ab
f9ee
fa20
fa48
fa61
fa69
fa63
fa53
fa37
fa0d
f9da
f99e
f958
f905
f8a8
f83e
f7ca
f741
f6a5
f5f9
f53c
f46c
f38c
f2a0
f1ae
f0ba
efc1
eed2
eded
ed19
ec58
ebad
eb1f
eaa8
ea49
ea0a
e9e9
e9e9
ea06
ea42
ea9d
eb11
eba7
ec55
ed1b
edf5
eee0
efcf
f0cc
f1b8
f29b
f361
f3f5
f454
f472
f449
f3d6
f31b
f22a
f110
efe0
eeb1
ed9c
ecb1
ec04
eb9b
eb77
eb91
ebe8
ec5f
ecf7
ed8d
ee20
ee9a
eefa
ef37
ef55
ef50
ef39
ef11
eee2
eeaf
ee86
ee66
ee5a
ee69
ee93
eedd
ef4b
efe0
f09d
f180
f28c
f3b4
f4f5
f63f
f792
f8d8
fa10
fb2a
fc22
fcf9
fdab
fe40
fec4
ff36
ffa9
001e
009e
0130
01d5
028b
0351
041c
04e9
05b0
0669
070b
0794
0800
0852
0884
089a
0895
087a
0848
0801
07a9
0745
06d2
0650
05c5
0533
049d
0403
036b
02cf
023f
01b1
012f
00bd
005c
0013
ffe5
ffcf
ffd7
fffa
0036
0089
00f1
0166
01e8
0271
02fa
0389
0415
049d
051f
0598
0605
0666
06b7
06fe
0736
075e
0772
077d
0779
076a
074f
0729
06fc
06cb
069b
0674
0655
0646
064d
066e
06ab
0709
077f
0811
08b1
095e
0a08
0aab
0b3c
0bb4
0c0e
0c45
0c59
0c49
0c17
0bc7
0b5f
0adb
0a44
099d
08ee
0835
077b
06c0
060a
055f
04c7
043c
03c8
0360
0309
02bb
026f
0223
01cf
0173
010c
0094
0011
ff82
feed
fe5a
fdce
fd52
fcea
fc98
fc65
fc4c
fc51
fc74
fcb1
fd06
fd71
fdf0
fe7f
ff1f
ffcc
0083
0141
0202
02c3
0382
043b
04f0
059a
063e
06d2
075e
07d9
0847
08a2
08ee
092a
0952
0966
0964
094a
0915
08c7
085c
07d4
0735
0684
05ce
0515
0466
03d4
0363
031a
0309
032d
0386
0412
04c2
058a
0665
073e
080e
08c8
096b
09ef
0a56
0aa0
0ad9
0afd
0b19
0b2b
0b3f
0b4f
0b63
0b75
0b87
0b91
0b91
0b85
0b69
0b3e
0aff
0ab6
0a60
0a05
09aa
0955
090f
08da
08bc
08b6
08ca
08f5
093b
0992
09f5
0a6a
0ae2
0b5e
0bd9
0c54
0ccc
0d3d
0da6
0e05
0e58
0e9e
0ed2
0f01
0f22
0f39
0f4a
0f5f
0f71
0f8a
0fa9
0fd1
1004
103a
1073
10ae
10e2
1109
111f
1123
110b
10d9
1085
100d
0f76
0ec1
0de8
0cf0
0bdb
0aa5
0958
07e5
065a
04b7
02f9
012c
ff43
fd54
fb5c
f95a
f75e
f570
f399
f1e1
f053
ef05
edf2
ed22
ec96
ec4d
ec3e
ec63
ecb9
ed32
edc3
ee69
ef13
efc4
f072
f11c
f1bd
f255
f2e3
f366
f3d5
f435
f48a
f4d2
f50e
f53e
f567
f587
f5a2
f5b8
f5c9
f5d5
f5d9
f5d5
f5c4
f5a1
f568
f51c
f4b6
f43e
f3ad
f30a
f265
f1ba
f11f
f096
f025
efd6
efac
efa3
efbe
eff9
f04a
f0ac
f116
f181
f1eb
f249
f29c
f2ea
f323
f357
f381
f3a1
f3c0
f3d6
f3ed
f3f9
f402
f3fd
f3eb
f3c7
f38f
f340
f2d9
f259
f1bd
f10d
f04e
ef84
eeb2
ede4
ed1a
ec52
eb9b
eaed
ea48
e9ab
e90f
e87a
e7e0
e744
e6a4
e5fd
e559
e4b6
e418
e38d
e314
e2c1
e290
e28a
e2ab
e2f3
e366
e3fd
e4b5
e588
e66a
e757
e84f
e945
ea3a
eb16
ebde
ec8d
ed14
ed72
ed99
ed95
ed5d
ecfb
ec7b
ebdb
eb32
ea8c
e9f6
e975
e914
e8d3
e8b6
e8b5
e8d2
e8fc
e929
e952
e974
e988
e98d
e983
e979
e972
e97c
e9a2
e9e7
ea5b
eafb
ebd4
ecd5
edfc
ef49
f0a5
f213
f379
f4d2
f61a
f749
f866
f96e
fa67
fb59
fc3e
fd23
fe0e
fef9
ffec
00e1
01db
02d5
03bf
049d
0569
0618
06b0
072f
0799
07f7
084a
089b
08ef
0951
09bc
0a3d
0ad0
0b76
0c2b
0ce0
0d97
0e43
0ede
0f61
0fd4
1034
1086
10d0
1120
1180
11f6
128c
134b
1438
154e
168d
17f7
196f
1af6
1c78
1df3
1f61
20a4
21ca
22cf
23a1
2449
24bd
2503
2514
24f8
24ab
2428
237e
22b6
21c4
20be
1f99
1e71
1d3b
1bfe
1ac1
1984
1850
171f
15f2
14d5
13c4
12c0
11ca
10e7
1013
0f4e
0e95
0df4
0d5f
0cdd
0c73
0c16
0bc5
0b86
0b57
0b34
0b1c
0b12
0b12
0b1b
0b2e
0b46
0b63
0b7e
0b9e
0bbf
0bdb
0bf1
0c03
0c0f
0c11
0c0e
0c01
0bea
0bcd
0ba8
0b79
0b45
0b0e
0ad2
0a9c
0a69
0a44
0a2c
0a28
0a3a
0a69
0aad
0b0a
0b7b
0c03
0c96
0d36
0dd4
0e78
0f16
0fb0
103b
10bb
112b
118a
11d6
120e
1231
123e
1236
1218
11ea
11ad
1160
1108
10ab
1048
0fe2
0f7b
0f13
0eaf
0e47
0dde
0d7c
0d16
0cb3
0c55
0bf5
0b9f
0b4c
0b05
0acb
0a9d
0a84
0a7a
0a88
0aa8
0ada
0b18
0b67
0bbd
0c19
0c75
0cd3
0d27
0d7e
0dd0
0e21
0e6f
0ec8
0f1d
0f82
0fea
105d
10cd
1140
11a1
11f2
1222
1227
11f9
118f
10ee
1009
0ef5
0da6
0c40
0ab7
0933
07a8
063e
04db
03a0
0272
0163
0058
ff60
fe5d
fd5f
fc4a
fb2f
f9fc
f8c1
f76e
f624
f4d3
f399
f26e
f167
f079
efbb
ef22
eeba
ee85
ee80
eeb3
ef17
efb3
f078
f175
f28b
f3c7
f50d
f668
f7b1
f8f8
fa1d
fb31
fc1e
fcf4
fda7
fe4c
fed8
ff5a
ffcd
0040
00af
0124
0199
0216
0290
030e
0384
03fc
0467
04cc
0521
0566
0592
05a2
0590
0558
04f6
0467
03af
02c5
01be
008d
ff54
fe02
fcba
fb73
fa49
f925
f826
f736
f667
f5a7
f501
f461
f3d7
f34f
f2d2
f254
f1da
f162
f0f2
f082
f01b
efb8
ef62
ef11
eecb
ee8b
ee59
ee32
ee1a
ee0d
ee10
ee22
ee3e
ee64
ee8d
eeb4
eed7
eeeb
eeea
eed6
eea2
ee53
ede3
ed54
ecaf
ebee
eb24
ea48
e973
e897
e7cc
e6fd
e63e
e591
e4fa
e474
e40a
e3bb
e387
e370
e372
e38f
e3c1
e40c
e461
e4c9
e536
e5ac
e61c
e68e
e6ee
e748
e787
e7b4
e7bd
e7a7
e76f
e70e
e692
e5f8
e54c
e49b
e3ea
e348
e2bf
e258
e21a
e208
e223
e263
e2c8
e34c
e3e5
e492
e54a
e608
e6cc
e790
e856
e922
e9ea
eabc
eb8c
ec62
ed39
ee16
eeee
efd0
f0a1
f177
f234
f2ea
f387
f415
f48a
f4ec
f538
f573
f59b
f5b3
f5bf
f5bd
f5b2
f59e
f589
f573
f562
f558
f557
f564
f580
f5ae
f5ed
f63d
f699
f702
f770
f7df
f84b
f8b1
f90d
f964
f9b3
fa05
fa5c
fabd
fb32
fbc2
fc6a
fd36
fe20
ff2c
004c
0180
02b5
03ea
0509
0613
06f9
07c1
0866
08f4
096a
09d8
0a40
0ab0
0b2d
0bbf
0c68
0d2d
0e06
0ef2
0fe4
10db
11c7
12a7
1372
1427
14c1
1543
15ab
1601
1647
167e
16af
16d4
16f7
1715
1730
174c
1760
1774
1781
1788
178a
177f
176d
174d
171b
16d9
1682
1615
158f
14f1
1439
1367
127d
1179
1065
0f41
0e13
0cdd
0ba6
0a6b
0935
07fd
06cb
059a
0475
034f
023b
0127
0029
ff30
fe4d
fd74
fcb6
fc0f
fb89
fb21
fadc
faba
fab8
fad8
fb11
fb6b
fbd2
fc51
fcd7
fd69
fdfb
fe91
ff22
ffb7
0042
00ce
014f
01cd
023f
02ae
0311
0371
03c9
041d
046a
04b5
04f8
053d
057d
05c0
0601
0647
068c
06d9
0725
0779
07d0
082e
088e
08f4
095a
09c0
0a20
0a7d
0acf
0b18
0b52
0b81
0b9f
0bb1
0bb5
0baa
0b95
0b73
0b49
0b15
0ada
0a94
0a4a
09f3
0999
0933
08c8
0856
07df
0760
06e1
065b
05da
055b
04e2
0471
040b
03b1
0368
0328
02fb
02da
02c7
02c0
02c5
02d3
02ec
030f
033d
037b
03c9
0428
049e
0529
05cd
0688
075b
0848
0947
0a59
0b74
0c99
0db9
0eda
0fe7
10ed
11df
12c4
1391
144e
14f0
157e
15f2
164e
168e
16b4
16bb
169c
165a
15ed
1557
148e
139e
1278
1131
0fb7
0e28
0c78
0ac2
0900
074a
059b
0401
027b
010b
ffae
fe6e
fd3f
fc2c
fb2b
fa44
f96a
f8a1
f7db
f720
f661
f5a6
f4e0
f414
f33b
f253
f15a
f052
ef36
ee14
ece6
ebba
ea8b
e967
e844
e736
e631
e546
e475
e3c5
e33f
e2e3
e2b4
e2b7
e2e9
e34d
e3e4
e4a3
e596
e6a3
e7d8
e924
ea89
ebfb
ed78
eef3
f068
f1c6
f30c
f426
f516
f5d1
f65e
f6b5
f6e2
f6eb
f6d3
f6ab
f675
f639
f605
f5d3
f5b0
f597
f58b
f586
f58b
f594
f5a1
f5b4
f5ca
f5e9
f611
f646
f690
f6ed
f766
f7f8
f8ac
f977
fa63
fb5e
fc71
fd85
fe9d
ffa9
00a8
018e
0264
031b
03c5
0458
04e3
0562
05e1
065e
06e2
076b
07fe
089b
0944
09f1
0a9e
0b4d
0bfa
0c9c
0d37
0dca
0e4d
0ec2
0f21
0f6c
0f9f
0fb7
0fb6
0f99
0f65
0f1b
0ec0
0e59
0de5
0d75
0d04
0c9e
0c3f
0be7
0b97
0b4c
0b00
0ab2
0a5d
09fc
0992
0914
088c
07f9
075f
06c8
0638
05b9
054e
04fa
04c7
04b2
04b9
04dc
0515
0564
05ba
061b
067b
06db
0736
0783
07c8
07fb
081e
0831
082f
0819
07f1
07b6
076b
0710
06af
0642
05d7
056f
050d
04b5
0466
0420
03e3
03a8
0372
033b
02fb
02ba
026f
0218
01b6
0147
00d3
005a
ffdc
ff5f
fee7
fe72
fe04
fd9b
fd3a
fce0
fc89
fc37
fbea
fba2
fb5b
fb18
fad5
fa93
fa50
fa10
f9d0
f991
f954
f918
f8de
f8a4
f86a
f834
f7fc
f7c7
f791
f75f
f72f
f6fe
f6d0
f6a0
f675
f649
f61d
f5f4
f5cc
f5a7
f581
f563
f545
f52d
f51e
f517
f51b
f52c
f54b
f578
f5b5
f605
f670
f6ef
f785
f834
f8ff
f9e4
fae1
fbf4
fd1d
fe5b
ff99
00db
0219
0344
045e
055d
063a
0702
07a6
0824
0882
08bc
08d3
08ca
08a0
085d
07ff
0791
0711
068d
0605
0583
050b
049f
044a
0407
03de
03cd
03d4
03f5
042b
047c
04e2
055b
05e6
0682
072b
07de
0895
0951
0a09
0aba
0b69
0c08
0c9e
0d28
0da7
0e17
0e73
0ec4
0efe
0f2b
0f45
0f4a
0f3c
0f16
0edd
0e8c
0e22
0da7
0d14
0c6c
0bb1
0ada
09f5
0905
0804
06fd
05f0
04df
03cd
02b5
01a6
009b
ff97
fea7
fdc9
fcff
fc48
fba5
fb17
fa9f
fa36
f9e5
f9a0
f96c
f942
f924
f90e
f8fd
f8f1
f8e8
f8de
f8d3
f8c6
f8b4
f89f
f886
f86b
f84b
f82f
f813
f7fc
f7f2
f7ec
f7f4
f805
f81e
f83f
f860
f882
f89d
f8ad
f8b1
f8a5
f887
f854
f810
f7b3
f746
f6cc
f644
f5b0
f514
f46f
f3c1
f30a
f244
f178
f09f
efb9
eecc
edd2
ecd2
ebce
eac5
e9c8
e8d8
e7fb
e73f
e6ad
e63f
e604
e5fa
e623
e680
e714
e7d6
e8c4
e9dd
eb21
ec86
edff
ef88
f11e
f2a6
f417
f567
f687
f772
f81d
f88b
f8be
f8b5
f87e
f81e
f7a2
f70f
f674
f5d2
f530
f490
f3f2
f355
f2b6
f20e
f165
f0b3
eff6
ef32
ee67
ed96
ecc3
ebf1
eb2c
ea72
e9c4
e92f
e8b0
e854
e810
e7f4
e7ff
e834
e89a
e92c
e9e8
ead1
ebe4
ed19
ee64
efb8
f117
f267
f3a7
f4cb
f5d6
f6c6
f798
f855
f901
f99e
fa35
facb
fb60
fc04
fcaf
fd6b
fe3b
ff17
0001
00fc
01ff
0317
0436
055d
0691
07c8
0900
0a36
0b65
0c8e
0da7
0eb1
0fb4
10a4
118b
1265
1334
13ff
14c2
1579
162f
16d4
1769
17e6
1845
187d
1880
184f
17de
1735
1652
1538
13f2
128c
1122
0fb1
0e4d
0d0e
0bef
0af9
0a2c
0983
0900
089a
0846
0806
07cc
0795
0760
071f
06dc
068e
0638
05de
0579
050f
049e
042e
03bb
034e
02ec
029c
0261
0241
0243
0266
02ae
0317
039f
0436
04e4
0596
064a
06f2
078a
080b
0876
08c6
0902
092a
0942
0949
0947
093d
0933
0928
0925
092f
0945
096e
09b1
0a0c
0a82
0b10
0bbf
0c89
0d65
0e4d
0f35
101b
10ef
11aa
1252
12da
1343
1394
13c9
13ea
13fe
1408
1409
140b
140e
1417
1425
143b
1453
146f
148f
14ae
14d3
14f4
1511
152d
153e
1547
1544
1532
1513
14de
1495
1442
13de
1373
12fe
128a
121a
11b6
115d
1113
10d5
10a4
1076
1048
1010
0fc7
0f6a
0ef0
0e52
0d9f
0cc1
0bc7
0ab7
0995
086d
0743
0625
051c
041b
032a
0248
0177
00b0
fff3
ff39
fe8e
fddb
fd2b
fc7c
fbd1
fb2f
fa9e
fa22
f9c5
f983
f966
f96d
f993
f9da
fa36
fa9f
fb0b
fb76
fbd4
fc1e
fc4d
fc61
fc58
fc33
fbfc
fbad
fb55
faf4
fa8e
fa2e
f9d1
f979
f92c
f8e5
f8a9
f873
f847
f823
f807
f7f8
f7f5
f801
f820
f855
f8a2
f90e
f996
fa3a
faf6
fbcb
fcb5
fda3
fe8e
ff6b
002b
00cc
013b
0180
0194
017a
0133
00c8
0040
ffa6
ff02
fe53
fda0
fcf4
fc45
fb99
faf0
fa41
f995
f8dd
f81f
f757
f686
f5ad
f4d0
f3ef
f31b
f247
f183
f0ca
f027
ef95
ef19
eeab
ee53
ee04
edc3
ed8d
ed5c
ed30
ed0b
ece5
ecc7
ecad
ec99
ec8c
ec8c
ec98
ecab
ecd4
ed02
ed47
ed9b
edfd
ee71
eef2
ef83
f021
f0c9
f184
f24d
f329
f413
f50e
f615
f72a
f840
f96d
faa4
fbe5
fd33
fe84
ffda
012f
0274
03be
0501
0636
0765
0881
0990
0a85
0b5e
0c24
0ccd
0d5b
0dcb
0e1c
0e55
0e70
0e73
0e5e
0e30
0df1
0d9d
0d39
0cc2
0c37
0b9c
0ae9
0a1c
0935
0839
0724
05f6
04b6
0371
0214
00b6
ff5e
fe12
fcdb
fbc2
fac5
f9ed
f923
f86c
f7c5
f728
f68a
f5e3
f535
f47c
f3ab
f2ca
f1de
f0ef
f008
ef2b
ee6b
edcb
ed43
ece4
ecad
ec9a
ecad
ecde
ed2c
ed89
edff
ee7f
ef08
ef95
f025
f0b2
f139
f1af
f21e
f27f
f2ce
f30b
f337
f35f
f380
f39f
f3c9
f401
f44c
f4af
f52c
f5c0
f66a
f71c
f7dc
f898
f949
f9e2
fa60
fabb
faf7
fb0c
fb0a
faf3
fac9
fa99
fa69
fa3e
fa1f
fa10
fa0d
fa18
fa2f
fa4b
fa6c
fa89
fa9f
faaf
fab8
fabc
fac0
faca
fadb
fb02
fb3f
fb99
fc13
fca8
fd61
fe35
ff1c
0001
00f0
01d1
029b
0343
03d0
043a
0483
04af
04c1
04c3
04ba
04ab
049a
0493
048f
0491
0497
049e
049a
0490
0475
0446
0402
03ae
0343
02cb
024c
01d0
0158
00ef
009b
0064
0045
0048
0068
00a2
00f8
015d
01d4
024f
02d6
0363
03f3
0483
051f
05c4
0675
072b
07f7
08d1
09bd
0aab
0bb2
0cc6
0ddc
0ee9
0ffd
1104
11fc
12da
13aa
1468
1519
15b1
1641
16c3
173a
17a8
1813
1876
18cd
1917
194e
1970
1974
1953
190a
189d
17fe
1747
165f
1562
1452
1344
1235
1130
1043
0f74
0eb9
0e16
0d85
0d07
0c8d
0c12
0b91
0b09
0a6b
09b5
08eb
0815
072c
0637
053f
0451
0365
0280
01a7
00e1
001f
ff6a
febf
fe24
fd86
fcf4
fc63
fbdd
fb52
fac5
fa3d
f9b5
f92d
f8a6
f820
f79f
f71c
f69b
f616
f598
f518
f497
f417
f39e
f323
f2aa
f236
f1d1
f174
f127
f0f3
f0de
f0e6
f112
f161
f1ce
f25a
f2fe
f3ab
f452
f4f9
f58c
f600
f64c
f672
f66a
f637
f5e0
f55f
f4c1
f408
f346
f26d
f191
f0b7
eff2
ef3d
eeab
ee4a
ee20
ee32
ee8d
ef32
f018
f146
f2b2
f44f
f5fd
f7ce
f9a1
fb71
fd1e
febf
0041
01a2
02cc
03dc
04bc
0570
05f2
064a
0674
066f
063d
05d9
0545
047f
0393
0277
012a
ffb7
fe35
fc83
fabb
f8e6
f71c
f547
f381
f1cf
f049
eed6
ed8b
ec6c
eb8f
eae0
ea70
ea44
ea5a
eab2
eb49
ec1d
ed16
ee41
ef85
f0db
f224
f371
f4ae
f5ce
f6c8
f79d
f84a
f8c4
f90b
f91d
f8f7
f89f
f81a
f768
f696
f5b4
f4d8
f3fe
f340
f2aa
f24b
f21d
f228
f26f
f2dd
f370
f420
f4da
f58f
f641
f6e3
f770
f7e8
f84e
f8a8
f8f6
f93b
f986
f9cf
fa21
fa7c
fae6
fb64
fbf1
fc87
fd2f
fdeb
feb1
ff7d
005d
0150
024f
0356
0474
05a4
06df
0818
0968
0ac0
0c1c
0d69
0eb9
0ff8
111b
1212
12e8
138c
13fd
1439
1448
1429
13df
1379
12f5
125c
11ba
1113
1063
0fb6
0f02
0e5a
0da8
0cfe
0c53
0bb1
0b07
0a60
09b5
0910
085d
07a4
06e4
0622
0550
0478
0398
02bc
01db
0103
003f
ff9b
ff15
feba
fe8b
fe8d
feba
ff0d
ff82
0005
0095
0122
01a1
0203
024c
0273
0273
0251
020f
01b6
0149
00ce
0049
ffbc
ff37
fec1
fe5c
fe14
fdef
fdf8
fe34
feab
ff5e
0043
0167
02bc
0438
05bf
075d
08f7
0a80
0be5
0d31
0e59
0f5a
1029
10df
116f
11e1
1237
1278
12a4
12be
12c8
12c2
12a9
1285
124f
1208
11b3
1150
10e1
1060
0fcf
0f2c
0e83
0dc0
0cf2
0c19
0b39
0a48
094b
0846
0745
063c
0532
043a
0347
0265
0187
00bb
fffd
ff48
fe9a
fdfa
fd61
fcce
fc41
fbb9
fb30
faa6
fa1e
f998
f911
f88b
f808
f786
f705
f687
f607
f587
f507
f487
f40b
f38f
f314
f29b
f229
f1c1
f166
f121
f0f5
f0ea
f107
f150
f1c7
f26b
f33f
f43d
f55d
f697
f7de
f92d
fa75
fbb2
fcd8
fdea
fedf
ffb9
0079
0120
01ac
0222
0285
02d6
0314
0349
0379
03a0
03c5
03ea
0412
0441
0477
04ba
0506
0560
05c3
0630
06a6
071e
079d
0819
0898
0916
0992
0a09
0a7a
0ae4
0b40
0b93
0bdb
0c14
0c3f
0c5c
0c68
0c68
0c54
0c32
0bfe
0bbd
0b6f
0b13
0aae
0a3e
09ca
0951
08db
0867
07fc
079c
0743
06f8
06b6
0677
0640
0609
05d2
0593
0552
0503
04b1
0457
03f8
039a
0343
02f4
02b6
028a
0274
0275
0290
02c0
0308
0361
03ca
043f
04bb
053d
05bc
0637
06a5
0701
0747
076e
076f
0745
06ee
0666
05ad
04c4
03ac
026f
010b
ff90
fe00
fc68
fac8
f929
f78b
f5eb
f455
f2c5
f142
efcc
ee67
ed12
ebd4
eaac
e9a6
e8c3
e814
e798
e75d
e767
e7bc
e856
e937
ea50
eb9d
ed0b
ee84
effc
f15d
f29a
f3a2
f476
f514
f578
f5ad
f5b9
f5a7
f581
f555
f51e
f4f1
f4cf
f4c2
f4c6
f4e3
f516
f562
f5c5
f645
f6da
f77f
f829
f8d2
f96f
f9ee
fa46
fa6c
fa55
f9fb
f966
f893
f79a
f681
f565
f454
f365
f2ac
f22f
f201
f21b
f27e
f322
f3fb
f4f9
f611
f72e
f84d
f95e
fa59
fb3a
fbfe
fca4
fd2b
fd96
fddd
fe08
fe17
fe15
fe06
fdf3
fde6
fde9
fe08
fe4e
fec0
ff66
0040
014b
0279
03c2
050f
0659
0785
0888
0952
09de
0a1f
0a1c
09d1
094a
0886
079a
067f
0548
03fe
02ad
015f
0023
ff08
fe1a
fd6b
fd04
fcf5
fd3d
fde1
feda
0020
01a0
034b
0509
06c2
086c
09ee
0b41
0c62
0d49
0dfd
0e80
0edc
0f17
0f3d
0f4d
0f54
0f58
0f5e
0f66
0f76
0f8d
0fa8
0fd0
1003
1040
1085
10cd
1111
114b
1176
1188
1177
1141
10e1
1055
0f9d
0ebf
0dc3
0cb4
0b9c
0a88
097f
088c
07ba
0709
067c
0611
05cc
05a3
059c
05ac
05d2
060a
0653
06a1
06f5
074b
079a
07e1
081a
0840
0854
084f
0836
080a
07cb
0782
072f
06dd
0688
063b
05f4
05b8
0587
0560
053f
0525
050c
04f7
04e4
04cd
04b5
0495
0470
0444
0410
03d3
038d
033f
02ea
028a
0227
01bd
0154
00f1
0090
003b
fff4
ffbd
ff98
ff85
ff82
ff8f
ffaa
ffd0
fffe
0030
0063
0096
00c6
00ef
010d
0124
012c
0127
0110
00ea
00ad
0063
0009
ffa5
ff3c
fed2
fe6e
fe14
fdca
fd93
fd73
fd6a
fd77
fd97
fdc9
fe07
fe4d
fe99
fee5
ff2c
ff71
ffb3
ffec
0024
0059
008a
00be
00f0
0121
0154
018a
01c5
01fd
0237
0272
02a9
02df
0313
0344
0373
03a0
03d1
0401
0432
046d
04aa
04f0
053b
058b
05de
0630
067b
06be
06ee
0708
070d
06f3
06bf
0673
0611
05a2
052b
04b6
0447
03eb
03a5
0378
0364
0368
037d
03a3
03ce
03f8
0417
042a
042a
0416
03e8
03a4
0347
02da
025b
01cf
013b
009f
0000
ff63
fec4
fe30
fda2
fd20
fcb2
fc55
fc0b
fbda
fbbb
fbaf
fbb3
fbc6
fbe1
fc02
fc23
fc43
fc5e
fc74
fc82
fc89
fc91
fc98
fca2
fcaf
fcc5
fce4
fd09
fd33
fd5a
fd7e
fd91
fd8d
fd71
fd31
fcca
fc3b
fb88
faad
f9ba
f8be
f7b2
f6bc
f5d7
f511
f473
f3fd
f3af
f385
f37d
f386
f3a0
f3ba
f3d3
f3df
f3dc
f3c7
f3a5
f37a
f349
f31b
f2fb
f2eb
f2ee
f30b
f33f
f38c
f3ed
f45c
f4d0
f546
f5b5
f615
f667
f69f
f6c4
f6d1
f6cd
f6b3
f68d
f65a
f61e
f5de
f59a
f559
f51a
f4dd
f4a8
f47a
f454
f438
f429
f424
f429
f437
f44a
f45b
f470
f47c
f47f
f474
f45b
f436
f405
f3cb
f38b
f351
f31d
f2fa
f2eb
f2f3
f318
f35c
f3c4
f44b
f4f6
f5be
f6a0
f7a2
f8bb
f9e2
fb22
fc5e
fd9f
fed6
fff4
00f5
01cc
0270
02e0
0314
0314
02e6
0290
021a
0192
0108
007e
0005
ffa1
ff51
ff1e
feff
fef1
fef1
fefa
ff02
ff09
ff0a
ff04
fef0
fed3
feaa
fe79
fe42
fe04
fdc3
fd82
fd41
fd06
fcd7
fcb9
fcb1
fcc4
fcf7
fd4f
fdcc
fe72
ff3a
002b
012e
0247
0366
047a
0583
0675
0747
07fa
0884
08eb
092d
094b
094c
0933
0901
08ba
0868
0807
079c
072f
06bb
064a
05dd
0575
0518
04c6
0481
044b
0420
0402
03f2
03ed
03f2
0400
0416
0438
0463
0494
04cf
051a
056c
05cc
0637
06ac
072f
07ba
0849
08e5
0977
0a0a
0a93
0b0e
0b79
0bd5
0c1b
0c50
0c72
0c81
0c7f
0c70
0c52
0c28
0bf6
0bbc
0b7a
0b2f
0add
0a83
0a22
09ba
094b
08d8
0861
07ea
0770
0700
0699
0641
0601
05d6
05c8
05d9
0607
064e
06b3
072d
07b9
0855
08f1
0996
0a36
0ad2
0b63
0bf1
0c70
0ce8
0d4d
0da7
0df5
0e2f
0e5f
0e7f
0e90
0e90
0e83
0e63
0e35
0df9
0dad
0d55
0cec
0c73
0bf0
0b58
0ab4
0a00
0941
0871
079c
06b2
05c0
04bd
03ac
0299
0172
0047
ff18
fddb
fca5
fb69
fa26
f8ed
f7b6
f683
f563
f44e
f351
f26b
f198
f0df
f03d
efb6
ef57
ef12
eef3
eef3
ef14
ef53
efb3
f02f
f0bc
f15c
f209
f2b5
f366
f410
f4b1
f54d
f5d5
f64e
f6bb
f719
f769
f7aa
f7e1
f80a
f829
f841
f855
f868
f879
f88f
f8ac
f8d2
f904
f942
f98b
f9db
fa31
fa89
fadd
fb29
fb66
fb8d
fba4
fba4
fb8e
fb68
fb32
faf2
faad
fa69
fa2a
f9f5
f9cb
f9aa
f991
f984
f979
f96e
f95d
f944
f91f
f8ed
f8a8
f851
f7e6
f76f
f6e7
f656
f5ba
f516
f46c
f3be
f314
f26f
f1d0
f13d
f0bb
f04b
eff1
efb1
ef90
ef88
ef9b
efc5
f008
f05e
f0c3
f137
f1b0
f22d
f2ad
f330
f3b5
f43e
f4cf
f563
f5f9
f695
f73a
f7e3
f891
f944
f9fa
faab
fb51
fbea
fc71
fce3
fd3e
fd85
fdbb
fde0
fdfa
fe0f
fe27
fe48
fe76
feb7
ff0c
ff7c
fffb
0087
011a
01ae
023a
02b8
0322
0372
03a5
03bc
03b8
039f
0372
0335
02f2
02a5
025b
0214
01d3
019a
0170
014f
013c
0137
0142
015c
0186
01c0
0205
0257
02b2
0313
0376
03d5
0432
0486
04d5
051a
0557
0589
05b4
05d4
05ef
0604
0610
061c
0622
0628
0632
063a
064a
0661
067e
06a5
06d9
0716
075e
07af
0807
0867
08ca
092c
0990
09ef
0a45
0a95
0adb
0b17
0b42
0b61
0b6c
0b68
0b51
0b27
0ae9
0a96
0a2f
09b5
0925
087f
07cd
070e
063e
0563
0478
0384
027c
0169
004f
ff2c
fe04
fcd6
fba5
fa75
f93d
f809
f6e9
f5d7
f4de
f400
f344
f2a9
f232
f1df
f1b1
f19d
f1a7
f1c3
f1ed
f221
f25b
f297
f2d0
f309
f345
f386
f3cf
f424
f48c
f508
f594
f634
f6eb
f7b2
f887
f965
fa4b
fb2c
fc00
fcc9
fd82
fe27
fec0
ff49
ffca
003d
00a9
010d
0174
01da
0242
02ad
0321
0393
0408
047a
04eb
0557
05bd
061d
0678
06d3
0724
0776
07c5
0816
0868
08bc
0913
0970
09cd
0a29
0a82
0ad8
0b23
0b64
0b94
0bb7
0bc3
0bc2
0ba9
0b80
0b45
0afa
0aa2
0a3e
09d0
095b
08e0
0861
07e1
075f
06e1
0668
05f6
0591
0538
04e9
04a3
0463
0425
03e9
03a9
0364
0314
02ba
024e
01d4
0143
00a3
fff5
ff3b
fe7a
fdb2
fce6
fc19
fb4a
fa7c
f9b8
f8f8
f83e
f790
f6eb
f654
f5cb
f551
f4e6
f487
f433
f3ee
f3af
f37d
f34d
f325
f301
f2e1
f2c3
f2a7
f294
f281
f273
f26e
f26c
f274
f282
f295
f2b0
f2ce
f2ef
f316
f337
f356
f377
f390
f3a1
f3a8
f3a2
f38a
f35d
f31b
f2be
f24e
f1ba
f110
f044
ef65
ee74
ed75
ec76
eb75
ea7b
e98e
e8b0
e7eb
e738
e6a0
e61e
e5b2
e55e
e51f
e4f3
e4e0
e4dd
e4ee
e51a
e55e
e5bf
e644
e6ef
e7b9
e8aa
e9c0
eaf7
ec55
edd6
ef72
f12a
f2eb
f4b2
f67c
f841
fa02
fbbb
fd6d
ff15
00af
023a
03b4
051d
0674
07bc
08f1
0a23
0b4d
0c69
0d87
0ea0
0fba
10d7
11f4
131a
1441
1567
168c
17a7
18b4
19a6
1a83
1b3d
1bd8
1c53
1cb2
1cee
1d17
1d2b
1d2e
1d24
1d15
1d07
1cf4
1ce3
1cd1
1cc1
1cb1
1c9b
1c88
1c69
1c46
1c19
1be4
1ba3
1b59
1afa
1a92
1a16
198c
18ee
184b
1792
16d3
160e
1548
148a
13d8
1338
12b7
1252
120b
11df
11c8
11bf
11be
11b7
11a3
1175
1128
10b7
1015
0f45
0e43
0d12
0bbb
0a40
08a2
06ed
0526
034e
016c
ff89
fda9
fbd3
fa12
f86e
f6ed
f598
f46e
f373
f2a2
f1f6
f16c
f101
f0a8
f05d
f019
efd8
ef94
ef48
eefc
eeb3
ee72
ee3c
ee1a
ee13
ee27
ee5a
eeb0
ef26
efb9
f06b
f128
f1f7
f2cb
f3a2
f472
f53c
f5fc
f6b5
f764
f80a
f8a6
f93e
f9d0
fa5d
fae7
fb6e
fbf2
fc77
fcf6
fd6c
fddc
fe42
fe9d
feee
ff32
ff6f
ffa9
ffdf
001a
005c
00a6
0100
016d
01ed
0280
032c
03ea
04b7
058f
066e
074a
0824
08f8
09be
0a77
0b1c
0ba9
0c20
0c74
0cab
0cbf
0cae
0c7a
0c22
0bac
0b1d
0a7a
09cd
0919
0869
07c4
072e
06a9
063c
05e5
059f
056d
0549
0532
0525
051f
051b
051d
051b
051b
051d
051d
051b
051b
051d
051b
051b
051f
0523
052e
053d
0552
0571
0596
05c7
0603
0644
0691
06e5
073d
0795
07ec
083e
088a
08cc
08fd
0922
0932
0928
0908
08c8
0869
07ea
0746
0682
059b
049b
0388
0262
0139
001c
ff0e
fe18
fd43
fc97
fc11
fbad
fb71
fb54
fb50
fb5e
fb7c
fba1
fbc9
fbf1
fc19
fc3f
fc68
fc93
fcca
fd04
fd4f
fda5
fe0f
fe87
ff11
ffb0
0061
011d
01e7
02bf
039e
0481
056b
065e
0758
0854
0952
0a54
0b5d
0c5d
0d5b
0e5d
0f59
104c
1139
121e
12f9
13bb
1469
1505
1585
15e5
162e
1658
165c
1642
1600
1595
1503
144f
1376
1274
114b
1005
0ea1
0d18
0b79
09ce
0817
064c
0482
02bf
00fd
ff3e
fd94
fc0b
faa1
f957
f841
f75c
f6a7
f61d
f5bf
f58c
f577
f57e
f59a
f5bf
f5ee
f621
f652
f680
f6ac
f6d8
f709
f73a
f774
f7b7
f802
f852
f8ac
f90e
f96f
f9ce
fa25
fa70
faa8
fad1
fae5
fae5
face
faad
fa80
fa4f
fa20
f9fc
f9e2
f9d8
f9e0
f9f9
fa1c
fa4a
fa74
fa95
faa7
fa9f
fa78
fa2e
f9c0
f921
f85d
f778
f670
f547
f407
f2be
f16a
f006
ee9d
ed3f
ebe5
ea8d
e941
e817
e6ff
e603
e521
e469
e3d1
e358
e304
e2d5
e2c5
e2d9
e309
e358
e3c6
e451
e4f3
e5af
e67f
e76e
e86c
e97a
ea9a
ebc8
ed05
ee47
ef95
f0f4
f258
f3be
f526
f694
f804
f967
facd
fc34
fda1
ff05
0068
01cc
032d
0483
05d7
072a
0876
09b7
0aed
0c1b
0d31
0e2d
0f10
0fd5
107a
10f7
1159
119a
11b3
11ab
1183
1138
10ce
1049
0faa
0eea
0e12
0d22
0c1e
0afe
09ca
088b
073c
05de
0479
0314
01b2
0051
ff02
fdd2
fcc1
fbd1
fb11
fa85
fa21
f9e7
f9d6
f9e0
fa05
fa38
fa73
faab
fadd
fb08
fb26
fb3f
fb55
fb6f
fb91
fbc6
fc10
fc77
fcfb
fd99
fe58
ff34
0021
0118
0212
030c
03f8
04d3
0597
0646
06de
075c
07c6
081a
085e
0892
08b8
08d4
08e7
08fa
0914
0933
095d
0995
09e3
0a47
0ac5
0b58
0c07
0ccb
0da2
0e80
0f60
103d
110e
11c3
1264
12ea
135b
13b5
13fd
143b
1477
14b2
14f7
154b
15ab
161f
16a3
1737
17d3
186f
190c
199c
1a20
1a8c
1ae3
1b23
1b42
1b44
1b29
1aec
1a94
1a23
1991
18e6
1826
1751
1668
1570
146b
136a
1264
1165
106b
0f83
0ea4
0dc5
0cee
0c21
0b57
0a89
09b4
08e2
0809
0725
0636
054a
044f
0354
025e
0171
0082
ffa8
fed7
fe16
fd5a
fcaa
fc08
fb6b
fada
fa4e
f9c3
f944
f8c1
f83f
f7bc
f72f
f6a3
f60f
f56f
f4ce
f41c
f366
f2b2
f1fd
f154
f0bc
f047
effe
efe4
f008
f068
f110
f1f7
f31c
f489
f614
f7d5
f9b2
fb8d
fd80
ff62
013a
0306
04aa
0645
07b6
08f5
0a12
0af6
0bac
0c30
0c81
0cab
0cac
0c8b
0c53
0c06
0bae
0b50
0af8
0aa7
0a5c
0a24
09fa
09df
09d3
09d8
09e9
0a08
0a37
0a6d
0ab1
0af9
0b49
0b98
0be7
0c30
0c76
0cad
0cdc
0cfa
0d03
0cf5
0cd0
0c8a
0c28
0ba5
0aff
0a34
0950
0847
0731
05ff
04c7
039b
0272
0162
006c
ff90
fedb
fe31
fd9d
fd15
fc8a
fbf6
fb51
fa8b
f9ac
f89e
f767
f614
f495
f309
f16d
efc3
ee33
eca0
eb24
e9d2
e88a
e768
e66a
e584
e4cc
e42f
e3b4
e35c
e31e
e2f7
e2e9
e2e2
e2dc
e2da
e2cf
e2b5
e281
e23b
e1d0
e157
e0cc
e034
df9e
df10
de97
de3f
de0b
de09
de36
dea0
df4b
e028
e150
e2b1
e447
e620
e81e
ea58
ecbc
ef27
f1be
f44b
f6c7
f935
fb62
fd66
ff27
0098
01d8
02dc
03ae
0463
04f8
0588
061b
06b6
0769
0831
0915
0a13
0b1d
0c3a
0d54
0e60
0f64
1053
112a
11e9
1286
1310
1380
13d1
140e
1433
1445
1444
1433
1416
13e7
13b6
1371
132a
12d9
1282
122d
11ce
116d
110a
10a2
1031
0fb9
0f37
0eb2
0e1b
0d78
0cd1
0c1a
0b5f
0a98
09d1
090f
084a
078b
06df
0635
059c
0511
0490
0424
03c2
0372
0332
02fe
02dc
02c6
02b9
02b5
02b7
02ba
02c0
02c3
02c0
02b5
02a1
0283
0258
0222
01e4
019a
014d
00f9
009f
0049
ffee
ff91
ff3d
fee5
fe90
fe42
fdf7
fdb5
fd74
fd3c
fd0c
fcdf
fcb7
fc92
fc71
fc4e
fc2b
fc07
fbe0
fbb3
fb85
fb4d
fb11
fad3
fa90
fa4a
fa06
f9bc
f975
f92e
f8ea
f8a8
f867
f828
f7f3
f7c0
f793
f76d
f74e
f735
f722
f70f
f701
f6ef
f6d8
f6bf
f69d
f679
f645
f609
f5c0
f570
f516
f4b6
f452
f3ea
f381
f315
f2ab
f244
f1e1
f17e
f121
f0cd
f07d
f031
eff1
efb8
ef88
ef5e
ef3e
ef29
ef1b
ef18
ef1d
ef2a
ef43
ef60
ef80
efa7
efd1
effe
f026
f04b
f069
f07f
f08e
f094
f090
f087
f07a
f068
f05c
f054
f051
f057
f06c
f08f
f0c1
f109
f166
f1d9
f265
f305
f3c3
f498
f57c
f67d
f789
f89e
f9be
fad1
fbe0
fcdf
fdbf
fe8a
ff35
ffc7
0041
00a0
00f0
0131
0165
0193
01bf
01eb
0219
0250
028f
02d6
031f
0373
03cb
042b
048e
04f6
0564
05d6
0646
06bd
072c
079c
0807
086c
08c8
0921
0970
09bb
09ff
0a3d
0a77
0aac
0adf
0b0d
0b39
0b63
0b88
0bad
0bce
0be8
0bff
0c0e
0c16
0c19
0c12
0c05
0bf5
0bdf
0bbf
0b9d
0b77
0b4f
0b24
0af8
0ac9
0a9b
0a65
0a2f
09f3
09b6
0971
092a
08db
0888
082d
07cc
0768
06fa
068c
0619
05a4
0533
04b9
0447
03d4
0363
02f9
0291
0232
01df
0191
0152
0120
00f7
00de
00cc
00c5
00c4
00ce
00da
00ec
0101
0117
012d
0146
015c
0172
0189
019f
01b5
01cb
01df
01f3
0207
021f
0237
0252
0271
0292
02b7
02e4
0312
0344
0379
03af
03e1
040e
0436
0450
045e
045b
0448
0425
03f4
03b3
0363
030c
02b0
024e
01f0
0191
0134
00d9
007a
0013
ffa4
ff20
fe8f
fdde
fd15
fc35
fb31
fa0e
f8e2
f799
f65b
f518
f3e7
f2d6
f1de
f10f
f067
efe5
ef8f
ef5c
ef44
ef4b
ef65
ef91
efc7
f008
f049
f095
f0e5
f13e
f1a3
f214
f294
f326
f3c2
f473
f53d
f61c
f719
f835
f965
fabc
fc26
fdb0
ff51
0106
02dc
04c4
06ac
08a6
0a88
0c66
0e29
0fc8
114a
12ab
13e7
1513
1611
16fe
17d3
1892
194c
19f4
1a93
1b2f
1bbb
1c38
1c9e
1ce3
1d0f
1d0f
1ce5
1c8e
1c0c
1b5c
1a81
1984
1865
172f
15e8
1495
1341
11ed
109f
0f61
0e20
0cec
0bc9
0aaa
099f
08a5
07b9
06e0
060f
0548
0493
03de
033a
0298
0200
0170
00e3
005a
ffda
ff5e
fef5
fe9b
fe55
fe2b
fe1e
fe34
fe6a
fec0
ff33
ffbf
0061
010d
01bf
0270
0314
03b0
0432
04a1
04f6
0530
0556
0562
055a
053c
050e
04d1
0481
0425
03b9
033b
02af
020c
015f
009a
ffc6
fee7
fdf5
fcef
fbe3
fac1
f9a6
f885
f764
f650
f53d
f43c
f34a
f256
f178
f09f
efd0
ef10
ee4f
ed96
ece8
ec36
eb8f
eaf2
ea59
e9d1
e95b
e8f9
e8b0
e882
e872
e87d
e8a2
e8e2
e938
e99c
ea07
ea7d
eaf2
eb60
ebc9
ec28
ec87
ece1
ed38
ed97
edf9
ee68
eee5
ef74
f015
f0c6
f186
f250
f31a
f3e3
f49c
f543
f5d3
f643
f691
f6c6
f6dd
f6e0
f6d3
f6c0
f6a7
f696
f692
f69a
f6b8
f6eb
f733
f788
f7ea
f852
f8bc
f92a
f98c
f9e9
fa36
fa77
faa8
faca
fad8
fad3
fabc
fa91
fa58
fa0c
f9b0
f94c
f8e0
f872
f809
f7a7
f753
f712
f6e3
f6cd
f6cc
f6e2
f70e
f74a
f79a
f7f2
f852
f8ba
f926
f998
fa0d
fa92
fb21
fbbc
fc6d
fd32
fe0b
ff06
0012
0138
0279
03c6
0520
0683
07db
0937
0a72
0ba1
0cb7
0dae
0e96
0f68
1020
10ce
1167
11f5
127b
12f7
136c
13e7
145f
14df
155f
15e2
1671
1700
179d
183a
18d8
1984
1a26
1aca
1b5f
1bde
1c4d
1ca1
1cd8
1cf0
1ce9
1cc6
1c86
1c2c
1bbc
1b39
1aac
1a13
1976
18d5
1838
179d
16fe
1671
15ed
1571
1506
14a9
1459
141e
13e8
13b5
1385
1354
1312
12c6
1260
11e8
1154
10ae
0fe5
0f13
0e2b
0d41
0c54
0b70
0a96
09d5
0922
0889
0805
079d
0749
070e
06e6
06d1
06cd
06da
06f1
0709
072b
0746
075d
0768
0762
0746
0711
06c6
065d
05dc
0540
0491
03d1
0309
023c
0171
00a5
ffe5
ff25
fe6e
fdb3
fcf9
fc37
fb6f
fa97
f9b4
f8bf
f7ba
f6a1
f57b
f443
f30a
f1ce
f09d
ef75
ee5f
ed5f
ec7d
ebb2
eb0b
ea80
ea1c
e9dd
e9c3
e9cd
ea03
ea5c
ead5
eb6d
ec1c
ece1
edac
ee83
ef52
f018
f0cd
f171
f1f6
f26f
f2c6
f309
f335
f348
f34c
f338
f319
f2eb
f2b7
f27b
f23d
f203
f1cf
f1a4
f18a
f182
f18c
f1ab
f1e2
f231
f290
f302
f381
f40c
f49a
f533
f5c9
f660
f6f0
f77c
f7fc
f86f
f8d3
f927
f961
f987
f995
f990
f97b
f958
f92d
f8ff
f8d3
f8b2
f89b
f898
f8a8
f8d0
f90f
f96a
f9dc
fa63
fafb
fba6
fc60
fd2a
fdfb
fed5
ffb2
0094
016e
0242
0307
03bd
045c
04e7
055d
05c0
0616
0664
06ab
06f3
0740
0799
07fe
0877
0900
099d
0a43
0af5
0ba6
0c55
0cf9
0d91
0e13
0e82
0eda
0f23
0f59
0f83
0fa5
0fc1
0fe0
0ffc
1022
1049
1070
1094
10ab
10ad
1093
1054
0feb
0f4c
0e7f
0d7b
0c46
0adc
0954
07aa
05f5
0432
027d
00cb
ff34
fdaf
fc46
faf0
f9b7
f893
f78d
f695
f5b8
f4ec
f433
f384
f2e3
f247
f1ba
f133
f0b6
f03b
efc8
ef5a
eef1
ee89
ee29
edd2
ed87
ed4c
ed21
ed0b
ed0a
ed20
ed4c
ed96
edf3
ee6e
eefb
ef9c
f051
f11a
f1ed
f2d0
f3bc
f4c1
f5d4
f6fc
f832
f981
fae1
fc59
fddf
ff80
0127
02e7
04a4
066c
0820
09d1
0b62
0cdb
0e2a
0f61
106e
115f
1230
12eb
1385
1413
1490
1503
1568
15cf
1630
168c
16e3
1737
1782
17c2
17f5
181f
183f
1848
183b
1814
17d3
1770
16e7
1635
1558
1450
131f
11c1
1045
0ea7
0cfc
0b41
0994
07ea
0660
04ec
03a2
0276
017a
00a6
0003
ff89
ff3f
ff1e
ff28
ff5a
ffae
0020
00ac
014b
01f7
02a9
0355
03fa
048e
0513
0581
05de
062a
0665
0699
06c6
06f2
071f
0750
078a
07cc
0815
0865
08b8
090b
095d
09a8
09ec
0a26
0a55
0a74
0a88
0a8d
0a85
0a6c
0a46
0a11
09ce
0982
0926
08c5
0856
07e3
0769
06f0
0673
05f9
0584
0516
04ac
044a
03ee
039a
034e
0309
02cc
0299
026a
0244
0222
0200
01e3
01c2
01a0
017c
0150
011a
00de
0099
004c
fff7
ff9d
ff45
fef0
fe9f
fe5c
fe24
fdfd
fde0
fdd4
fdd1
fdd8
fde2
fdee
fdf6
fdf6
fdec
fdd6
fdb0
fd7b
fd36
fce8
fc8e
fc31
fbcd
fb6b
fb07
faaa
fa50
f9fb
f9a7
f958
f90a
f8bb
f86e
f81c
f7c8
f772
f718
f6ba
f65d
f5fe
f5a2
f54d
f4fc
f4b4
f47a
f448
f41c
f3fc
f3dc
f3bf
f3a2
f37f
f356
f31d
f2dc
f28b
f232
f1d1
f16c
f108
f0af
f065
f030
f017
f017
f038
f072
f0cb
f139
f1b5
f238
f2bd
f33a
f3ad
f412
f45c
f498
f4bf
f4d6
f4dc
f4d9
f4cb
f4bc
f4a9
f49d
f490
f488
f488
f48b
f494
f49e
f4ab
f4bb
f4ce
f4df
f4ed
f4fa
f501
f502
f4f7
f4e3
f4c3
f492
f451
f404
f3a2
f338
f2bc
f235
f1a5
f113
f07d
efe6
ef56
eecc
ee4a
edd2
ed6c
ed18
ecd8
ecae
eca0
ecaa
ecd2
ed1a
ed7e
ee00
ee9c
ef56
f029
f112
f20d
f318
f42d
f54f
f677
f79d
f8c6
f9e0
faed
fbe5
fcc1
fd82
fe1c
fe99
fef9
ff3e
ff6d
ff87
ff9b
ffa7
ffb6
ffcb
ffeb
0014
0054
00a0
00fa
0160
01d0
0248
02c4
0343
03c2
0442
04be
0538
05ad
061a
067e
06db
072a
076d
07a7
07d7
0801
0823
0848
086c
0896
08c5
0904
094b
09a4
0a0e
0a8b
0b1b
0bbf
0c71
0d36
0e08
0ee8
0fd2
10c1
11be
12b9
13ae
149e
1582
164d
1703
1795
1807
185c
1886
1890
186f
1835
17d3
175c
16c6
161a
1555
1483
13a2
12ab
11af
10a7
0f9b
0e8e
0d82
0c7a
0b79
0a7e
0987
0896
07aa
06c2
05e0
0502
0428
0355
0285
01b9
00f3
0033
ff7f
fed7
fe41
fdbe
fd50
fcf9
fcb9
fc8e
fc7b
fc78
fc85
fc9e
fcbf
fce6
fd0d
fd35
fd5b
fd79
fd90
fda0
fdaa
fdac
fda6
fd9b
fd89
fd70
fd51
fd32
fd11
fcf2
fcd7
fcc1
fcb6
fcb8
fcc8
fce5
fd11
fd48
fd8b
fdd2
fe1a
fe5f
fe99
fec6
fee3
feed
fedf
feb8
fe7c
fe25
fdba
fd39
fca7
fc08
fb57
fa9b
f9d4
f908
f835
f762
f693
f5cc
f50f
f45e
f3c1
f336
f2bd
f25c
f210
f1da
f1ba
f1b4
f1c4
f1e9
f223
f272
f2d3
f346
f3c9
f457
f4f5
f599
f644
f6f6
f7a7
f859
f90a
f9b5
fa5b
faf9
fb8c
fc12
fc89
fcf0
fd42
fd85
fdb8
fdd9
fdef
fdf5
fdf0
fde3
fdd1
fdb9
fd9e
fd82
fd63
fd40
fd18
fced
fcbb
fc7f
fc3b
fbef
fb98
fb35
fac1
fa40
f9ad
f90e
f85b
f799
f6c8
f5e6
f4f7
f3f8
f2ee
f1d4
f0b9
ef96
ee79
ed60
ec4e
eb4c
ea56
e96f
e898
e7d5
e725
e68a
e603
e594
e53a
e4f7
e4ce
e4be
e4c7
e4eb
e535
e59e
e629
e6d9
e7ae
e8a3
e9ba
eaeb
ec38
ed9c
ef05
f06f
f1d2
f323
f45b
f571
f66a
f74d
f81e
f8da
f98a
fa32
fadf
fb95
fc55
fd2c
fe1b
ff2a
0052
0194
02ef
0453
05c7
074b
08d7
0a68
0bf7
0d89
0f12
108b
11f0
1349
1480
159b
1691
1762
180b
1891
18f6
1938
195c
196a
195a
193f
190e
18d1
1890
1841
17e9
1789
1722
16b2
163c
15c4
1542
14be
1430
139a
12fd
125c
11b3
1108
1056
0f9c
0ee1
0e20
0d5b
0c8b
0bbb
0aea
0a15
093b
0864
0789
06b3
05df
050c
0444
0380
02c3
020d
0168
00d3
004c
ffdb
ff7e
ff38
ff06
feed
feef
ff0e
ff4b
ffa5
001a
00ac
0159
0222
02fe
03e9
04dc
05d5
06c0
07a7
087e
0945
09f2
0a8a
0b0b
0b71
0bc0
0bf8
0c20
0c32
0c35
0c28
0c0e
0bea
0bbe
0b8b
0b53
0b15
0adb
0a9f
0a68
0a32
0a04
09db
09b0
098b
0968
0940
091c
08f4
08ca
089a
0865
0827
07e5
079a
074b
06f2
0696
0634
05cb
0560
04f0
047b
040a
039b
0335
02d9
0283
023f
020a
01e5
01ce
01ca
01ce
01e1
01fb
0217
023a
025d
027b
0298
02ab
02b9
02bc
02b7
02a7
028c
0264
0232
01f7
01ae
0159
00fa
0091
0020
ffa9
ff2b
feac
fe2c
fda9
fd27
fca4
fc1f
fb9b
fb1a
fa9b
fa1b
f99a
f91e
f8a3
f82d
f7bb
f753
f6fc
f6b3
f680
f665
f66a
f68c
f6cf
f72e
f7a2
f82a
f8bd
f954
f9df
fa58
fab5
faf3
fb09
fafb
facb
fa7f
fa1f
f9b6
f951
f8fc
f8b9
f899
f89d
f8c9
f91a
f991
fa25
fad2
fb87
fc45
fd03
fdbb
fe67
ff06
ff98
001f
009b
0110
0181
01f6
026d
02e8
036a
03ef
0475
04fa
057b
05f1
0653
069f
06d0
06e0
06d6
06af
066f
061e
05c0
0561
0507
04ba
0485
0468
0464
0479
04a9
04ec
0536
0583
05c7
05fe
0620
062a
0618
05ec
05a6
054c
04ea
0482
041d
03c1
0378
0344
0325
031a
031f
0330
0347
035c
0364
035b
0339
02ff
02aa
0239
01ac
010e
0060
ffac
fefc
fe52
fdb9
fd35
fcc0
fc65
fc22
fbf6
fbe1
fbe1
fbf4
fc19
fc50
fc94
fce3
fd35
fd92
fdef
fe4a
fe9f
feec
ff31
ff64
ff89
ff9c
ff9e
ff91
ff73
ff44
ff07
fec1
fe72
fe17
fdb8
fd56
fcf5
fc94
fc39
fbe7
fba1
fb6e
fb4c
fb3f
fb47
fb64
fb96
fbd9
fc2c
fc8b
fcf3
fd5b
fdc6
fe30
fe96
fefb
ff59
ffb5
0010
0068
00bf
011a
0177
01d7
0238
029a
02fd
035a
03b1
03ff
043f
0471
048a
0491
0482
045a
0419
03bd
0347
02bd
021b
0164
0096
ffbb
fed2
fdd9
fccb
fbb7
faa0
f98a
f86b
f75a
f64e
f550
f45d
f37a
f2a7
f1ec
f142
f0b6
f043
efed
efb5
ef9d
efa0
efbb
efee
f03a
f096
f100
f176
f1f1
f26a
f2e4
f359
f3c8
f42d
f48e
f4e1
f528
f566
f597
f5bd
f5d5
f5e2
f5e6
f5e4
f5dd
f5d1
f5c5
f5bc
f5b9
f5bc
f5c7
f5e0
f607
f645
f697
f703
f787
f82a
f8ea
f9ca
fac8
fbdf
fd0e
fe55
ff9a
00de
0211
0332
0428
04f4
058c
05f6
062b
0635
0618
05da
0588
052a
04cb
046e
041d
03dd
03b0
0397
038e
0393
03a4
03bc
03d8
03f4
0410
042a
0444
045e
047c
04a0
04d0
050a
0558
05b4
0622
06a5
0736
07dd
0887
093a
09ea
0a95
0b34
0bc1
0c3d
0cab
0d04
0d50
0d95
0dd7
0e1c
0e67
0ec5
0f31
0fae
104a
10f5
11bd
1291
1371
1457
1541
1622
16fa
17be
187b
191e
19ad
1a24
1a81
1ac9
1af7
1b0c
1b08
1ae8
1ab6
1a6d
1a0f
19ab
1935
18bb
1840
17c8
1757
16e7
1685
162e
15de
159b
155f
1529
14fd
14d3
14ae
148b
1469
144a
1425
1403
13e3
13c2
139f
137f
1360
1342
131f
12fe
12d7
12a9
127d
1247
120a
11c2
1172
1117
10b1
1039
0fa7
0f04
0e4d
0d79
0c81
0b71
0a43
08f9
078c
0608
0469
02b7
00f3
ff38
fd7b
fbc7
fa1f
f895
f71f
f5b6
f454
f301
f1b7
f075
ef21
edd1
ec79
eb13
e99c
e81a
e693
e509
e382
e214
e0bb
df85
de72
dd8e
dcd5
dc49
dbe7
dbb3
dba1
dbb7
dbe3
dc36
dc95
dd05
dd86
de13
deaa
df4a
dff2
e0a0
e14d
e205
e2b9
e36a
e421
e4db
e5a2
e668
e73d
e81e
e912
ea12
eb22
ec3f
ed7f
eecc
f033
f1b1
f34b
f4ec
f6a3
f863
fa35
fc06
fdda
ffb3
0197
0364
0523
06c6
0855
09b6
0aeb
0bf1
0cd0
0d7f
0e01
0e5d
0e8d
0e9a
0e8c
0e65
0e25
0dd5
0d75
0d0a
0c93
0c17
0b90
0b06
0a74
09e2
0950
08bd
0828
0795
0700
066f
05da
0549
04ba
042a
039b
0312
0289
01ff
0175
00f2
006e
fff0
ff76
feff
fe90
fe28
fdc4
fd69
fd17
fcd2
fc96
fc6c
fc4d
fc41
fc48
fc5d
fc83
fcb9
fcfd
fd4e
fda9
fe08
fe6f
fed4
ff38
ff96
fff6
0049
0096
00dc
0116
0147
016e
0188
0198
019c
0193
0184
016c
014d
0129
0102
00d9
00b3
008d
006f
0055
0048
0047
0056
0079
00ad
00fb
0160
01e2
0279
0328
03eb
04c0
0597
066e
073d
07fe
08a5
092c
0998
09df
0a06
0a12
0a02
09e3
09b5
0986
0956
0929
0909
08f3
08ee
08f4
0903
091d
093d
0961
0984
09a8
09c9
09e6
09f8
0a09
0a11
0a11
0a0b
0a02
09ef
09d6
09b7
0993
0969
093d
0907
08d1
0896
0858
081a
07dc
079c
075c
0720
06e6
06ae
067f
0655
0634
061b
060c
060b
0611
0626
0644
066f
06a2
06e3
072b
077a
07d1
082d
088a
08e8
093c
0983
09b8
09d7
09d7
09b4
096b
08fc
0866
07ac
06d2
05e0
04df
03d9
02d6
01df
00fb
0030
ff80
fee9
fe68
fdfe
fda4
fd52
fd03
fcb3
fc61
fc05
fb9d
fb25
fa9f
fa0f
f977
f8d8
f835
f792
f6f3
f65b
f5c3
f533
f4a8
f423
f3a2
f325
f2ae
f238
f1c8
f15b
f0f1
f088
f022
efc4
ef71
ef26
eee8
eeb8
ee97
ee8a
ee8b
ee9a
eeb8
eee9
ef23
ef68
efb5
f00a
f062
f0b9
f113
f16f
f1c9
f225
f280
f2d9
f332
f38a
f3e2
f437
f48d
f4e8
f541
f5a1
f604
f66c
f6dc
f755
f7d7
f860
f8f2
f98a
fa23
fabe
fb52
fbde
fc5a
fcc5
fd17
fd52
fd75
fd82
fd7c
fd6d
fd56
fd3e
fd33
fd35
fd4b
fd7b
fdc4
fe27
fea1
ff2e
ffc7
005e
00f1
0176
01e6
023b
0277
0292
0294
027b
024d
0210
01c8
017b
012f
00e7
00a4
006a
0036
0009
ffe1
ffb9
ff91
ff66
ff33
fefc
feb9
fe6c
fe0e
fda6
fd2f
fcad
fc1d
fb83
fada
fa2a
f96b
f8a5
f7d2
f6f5
f612
f527
f437
f343
f252
f162
f074
ef8a
eeac
edda
ed20
ec7d
ebfa
eb9a
eb60
eb51
eb72
ebb7
ec23
ecb1
ed5d
ee1b
eee8
efb9
f08b
f151
f20f
f2bf
f364
f401
f498
f529
f5b9
f651
f6ef
f794
f845
f904
f9d1
faad
fb91
fc81
fd73
fe64
ff59
0044
012b
0209
02e1
03ae
046e
0521
05c6
0658
06d8
0748
07a1
07f0
082c
085d
087e
089b
08af
08c0
08d1
08e1
08f1
0901
090f
0917
0912
08fd
08d4
0890
082d
07aa
0706
0642
0565
0475
037a
0284
019a
00ca
001c
ff9b
ff4b
ff29
ff3a
ff77
ffde
0061
00fd
01a6
0253
02fc
039e
0432
04b2
051f
0578
05bc
05e8
0603
0605
05f8
05d6
05a2
055e
050a
04a9
043d
03c8
034a
02c5
0240
01bb
0137
00b9
0040
ffd4
ff78
ff2a
fef2
fed5
fece
fee4
ff12
ff60
ffc8
0049
00de
018a
0247
0311
03e6
04bf
05a0
067a
0754
081f
08dd
0985
0a12
0a7f
0acb
0aef
0af6
0adb
0aab
0a69
0a20
09db
09a3
097e
0978
0993
09d6
0a40
0acd
0b79
0c40
0d17
0df8
0ed9
0fb7
108b
1152
120e
12c9
1375
141f
14cd
157e
163a
1702
17d7
18bd
19af
1aa7
1ba1
1c93
1d74
1e3d
1ee7
1f60
1fb6
1fd8
1fcc
1f94
1f34
1eaf
1e0f
1d57
1c93
1bc5
1af4
1a25
195d
189c
17e0
1733
1692
15f5
156a
14e5
1471
1408
13a9
134f
1301
12b9
1275
123a
1200
11cd
1198
1161
112f
10fa
10ca
1097
1066
1039
1010
0fea
0fca
0fad
0f93
0f7a
0f61
0f45
0f28
0f04
0ed8
0ea5
0e6b
0e24
0dcb
0d63
0ce9
0c58
0bac
0aef
0a1b
092a
0817
06f6
05bb
0467
02ef
0175
ffec
fe60
fcbf
fb36
f9b2
f83d
f6c8
f56e
f42a
f2fd
f1e1
f0ee
f01a
ef67
eed5
ee6f
ee26
edfe
edef
edf9
ee15
ee37
ee67
ee94
eebc
eede
eef8
ef04
ef0a
ef0c
ef09
ef0c
ef19
ef2e
ef57
ef90
efdb
f038
f0ac
f12b
f1b4
f241
f2d5
f360
f3e3
f45a
f4c5
f51c
f55d
f580
f58f
f57f
f552
f503
f492
f404
f35b
f293
f1a4
f0af
efad
ee9d
ed83
ec7c
eb7d
ea93
e9b0
e8f2
e849
e7b6
e739
e6dd
e695
e65e
e63b
e62f
e62f
e645
e663
e695
e6d5
e722
e781
e7ec
e867
e8ee
e987
ea24
ead1
eb88
ec51
ed1b
eded
eec4
efaa
f085
f160
f23f
f327
f411
f4fa
f5e7
f6e4
f7df
f8e5
f9eb
fb06
fc1a
fd3b
fe5f
ff8f
00b1
01cc
02dc
03e5
04d2
05a6
0667
0716
07ae
082f
08a2
0906
095b
09a8
09ea
0a2b
0a67
0a9c
0ad1
0b01
0b26
0b41
0b4f
0b4a
0b35
0b0c
0ad3
0a82
0a21
09b4
093b
08b8
0838
07b8
0741
06cd
066e
061c
05dd
05ab
0592
058b
0598
05b9
05ee
0631
0686
06f2
0766
07e6
0870
0907
099a
0a2d
0abf
0b4f
0bd0
0c49
0cb2
0d12
0d5f
0d98
0dbf
0dd0
0dcd
0db3
0d84
0d3c
0cde
0c67
0bd8
0b2b
0a6c
099b
08b2
07ad
06a1
0585
045f
0324
01f3
00c3
ff9f
fe83
fd85
fca7
fbe7
fb45
facd
fa75
fa3b
fa1e
fa1c
fa2e
fa52
fa82
fabb
faf6
fb30
fb68
fb96
fbb8
fbcc
fbd1
fbc1
fb97
fb5a
faff
fa92
fa14
f988
f8ee
f85c
f7d0
f755
f6ea
f69f
f676
f66b
f686
f6bf
f71a
f790
f81f
f8bc
f968
fa1a
fadd
fb96
fc54
fd11
fdd6
fe8f
ff46
fff9
00af
0157
01f8
0290
032c
03b7
043a
04b3
0520
057c
05cb
0609
063a
0654
065d
064f
0630
05f9
05ad
0548
04c9
0437
038f
02d5
01fe
0121
0036
ff4a
fe56
fd70
fc97
fbd0
fb17
fa7f
f9fd
f991
f936
f8ef
f8b5
f886
f858
f82c
f801
f7cc
f797
f765
f738
f718
f70e
f71c
f751
f7ad
f83d
f8f6
f9db
faf0
fc36
fd88
feee
0056
01c5
0313
0446
0556
0648
070d
07b2
0839
08ae
0911
096a
09c3
0a27
0a8b
0b03
0b90
0c3a
0cec
0dae
0e7e
0f61
1044
1127
120b
12f4
13d4
14a8
156a
1621
16b7
172d
1782
17b0
17b3
178e
173b
16bb
1612
1545
1456
1343
121c
10d7
0f8e
0e34
0cd0
0b5d
09e7
085a
06d5
0543
03b6
0229
009e
ff1c
fd9b
fc16
fa98
f922
f7c1
f670
f52f
f404
f2f1
f1f2
f112
f044
ef94
eefd
ee84
ee24
ede3
edb5
eda8
edb5
edd9
ee10
ee5b
eeb9
ef25
efa5
f029
f0bb
f150
f1e8
f27c
f30e
f39f
f425
f4a5
f518
f579
f5c9
f605
f62a
f63f
f645
f644
f63f
f63f
f64d
f672
f6b5
f71f
f7b5
f874
f965
fa7b
fbb0
fd00
fe54
ffa7
00ef
0214
0317
03e8
048b
0500
054b
0572
0575
056a
054e
0532
0518
0507
0505
0514
0534
055f
0596
05cf
0607
063d
0667
0685
069b
06a2
069b
068d
0674
0656
0639
061c
0604
05f3
05e9
05ea
05fa
0617
063f
0677
06b8
0708
0769
07cf
0840
08bc
0941
09cb
0a5d
0ae9
0b7a
0c04
0c88
0d03
0d73
0dd9
0e2f
0e75
0eab
0ecd
0edb
0ed3
0eb3
0e7e
0e35
0dd7
0d60
0cd4
0c3a
0b90
0ada
0a16
094b
087f
07ad
06e3
0616
0551
0492
03e0
0338
02a3
021c
01ad
0156
0112
00e4
00c9
00bc
00c0
00d1
00ea
0107
0127
0147
0166
017e
0192
019d
01a4
01a3
019d
018e
0179
015f
013f
0117
00ee
00bc
0088
004f
0014
ffd5
ff97
ff57
ff18
feda
fe9a
fe5e
fe22
fdeb
fdb7
fd85
fd5b
fd34
fd14
fcf9
fcdb
fcbc
fc9b
fc6f
fc38
fbf2
fb9b
fb2c
faab
fa0f
f95f
f89a
f7cd
f6f9
f623
f559
f49c
f3f3
f364
f2f3
f29f
f26b
f24f
f24b
f25d
f27f
f2a9
f2db
f311
f345
f377
f3a6
f3d4
f404
f432
f466
f49d
f4dc
f521
f56e
f5c2
f623
f688
f6f3
f75f
f7cb
f834
f896
f8f4
f947
f98d
f9c8
f9f3
fa10
fa1c
fa19
fa05
f9de
f9a6
f95d
f906
f89a
f81f
f796
f6ff
f655
f5a3
f4e5
f423
f35a
f28d
f1ba
f0e3
f005
ef2a
ee4b
ed72
ec9c
ebcb
eb04
ea3e
e983
e8d6
e832
e7a6
e732
e6d3
e68e
e666
e65d
e67c
e6b3
e70c
e783
e817
e8be
e97a
ea47
eb1b
ebfe
ecde
edba
eea1
ef86
f06c
f157
f23f
f332
f41d
f50e
f5fc
f6f1
f7e8
f8e7
f9e2
fadf
fbd4
fcc0
fda8
fe83
ff54
0018
00cd
016f
01ff
0275
02d2
0313
0336
0339
031a
02db
0280
0207
0179
00d5
0024
ff67
feae
fdf4
fd47
fca4
fc13
fb92
fb22
fac1
fa75
fa3a
fa11
f9f5
f9e9
f9ea
f9f8
fa0d
fa2e
fa55
fa82
fab1
fae1
fb11
fb40
fb6d
fb93
fbba
fbe2
fc0b
fc39
fc71
fcb4
fd07
fd69
fddd
fe64
feff
ffac
0070
0143
0226
0310
0407
04fe
05f7
06f0
07ea
08e5
09e2
0ade
0bd9
0cce
0dc3
0eb5
0fa4
108e
1178
125d
1345
141a
14e9
15b1
1668
1711
17ab
182e
18a2
18ff
194e
1989
19b0
19c4
19c2
19ac
1984
194c
18fe
18a4
183c
17c9
174d
16c8
1641
15b7
152f
14aa
1429
13ad
133c
12cf
126a
1213
11c5
1181
114c
111b
1100
10ed
10df
10dc
10dd
10e5
10f2
10fd
110a
1114
111b
111e
1115
1104
10e6
10bc
1081
1035
0fd6
0f67
0ee2
0e49
0d9a
0ce2
0c1b
0b48
0a6f
0999
08c6
07fb
073d
068c
05ee
0559
04d1
0458
03e3
0379
0310
02ab
0249
01e7
0180
0114
00a0
0025
ffa5
ff1f
fe96
fe05
fd70
fcd8
fc3b
fb96
faea
fa39
f986
f8c8
f807
f743
f67a
f5ac
f4da
f408
f338
f265
f199
f0d7
f01d
ef74
eedb
ee56
edec
ed97
ed58
ed33
ed26
ed37
ed60
eda3
edfe
ee72
eeff
ef9d
f04b
f107
f1cb
f28d
f347
f3f9
f498
f51f
f58e
f5df
f614
f62d
f62d
f618
f5f3
f5c2
f58d
f552
f51c
f4ec
f4c8
f4b7
f4bd
f4d8
f50c
f55e
f5cf
f666
f71b
f7f5
f8f0
fa06
fb3e
fc8b
fde5
ff48
00a2
01f9
033f
0469
0581
067d
0764
082c
08d5
0968
09e6
0a4b
0a9d
0ae1
0b15
0b3b
0b5a
0b70
0b81
0b8e
0b95
0b9a
0ba4
0bac
0bb7
0bc9
0bdf
0bf8
0c17
0c39
0c62
0c8b
0cb5
0ce0
0d09
0d33
0d61
0d8e
0dba
0de5
0e11
0e3d
0e68
0e92
0ebc
0ee4
0f09
0f2e
0f4b
0f61
0f70
0f73
0f6b
0f54
0f2f
0efd
0ebc
0e69
0e06
0d93
0d13
0c84
0bed
0b4b
0aa6
09f9
0946
0891
07d9
071e
0669
05b4
0509
0463
03c6
0338
02b1
0233
01bd
014d
00e3
0079
000c
ffa0
ff2f
feb9
fe3b
fdb6
fd2e
fca0
fc13
fb8e
fb0a
fa96
fa30
f9db
f99e
f971
f954
f949
f94b
f959
f96e
f988
f9a0
f9b4
f9c3
f9ca
f9c5
f9b5
f995
f96a
f933
f8ee
f89c
f841
f7d6
f763
f6e7
f663
f5dc
f54e
f4c0
f434
f3aa
f325
f2af
f23d
f1da
f183
f136
f0f9
f0c7
f0a3
f08e
f085
f08a
f09a
f0b4
f0db
f10f
f14d
f194
f1e6
f240
f2a4
f30d
f378
f3ee
f466
f4df
f55c
f5d5
f64e
f6c2
f72c
f792
f7eb
f83b
f87c
f8ad
f8cd
f8db
f8d4
f8b5
f87e
f82a
f7be
f73b
f69e
f5ed
f52f
f465
f396
f2c7
f206
f159
f0be
f03d
efdd
ef99
ef74
ef6e
ef82
efad
efef
f045
f0a5
f114
f187
f203
f27e
f2f8
f372
f3e7
f452
f4b2
f507
f550
f587
f5ae
f5cd
f5e0
f5ec
f5f5
f5fe
f608
f61a
f634
f65c
f690
f6ce
f71e
f774
f7d2
f834
f894
f8f4
f94f
f9a1
f9eb
fa2e
fa67
fa96
fac1
fae8
fb0b
fb2c
fb4e
fb73
fb97
fbc1
fbe7
fc0a
fc27
fc3a
fc42
fc37
fc19
fbe4
fb9a
fb38
fac1
fa3e
f9ad
f918
f885
f7fb
f785
f721
f6d7
f6a8
f699
f6a8
f6d7
f722
f784
f7f7
f87f
f916
f9b8
fa5e
fb0d
fbca
fc8c
fd58
fe30
ff17
0002
00fe
020b
0322
043f
056f
06ad
07f7
093e
0a89
0bd7
0d21
0e5b
0f87
10af
11c6
12cb
13b4
148a
1544
15d9
164e
169e
16c7
16cb
16ad
1665
15fe
1576
14d5
1416
1342
1262
1178
1083
0f82
0e81
0d7b
0c6d
0b5c
0a4c
0941
082a
0719
0610
0509
0402
0302
0214
0132
005e
ffa2
ff03
fe82
fe1a
fdd5
fdae
fda0
fdaa
fdc8
fdf6
fe2b
fe65
fe9b
fece
fef4
ff0f
ff1a
ff17
ff08
feee
fec7
fe99
fe68
fe2d
fdf1
fdb6
fd7a
fd3a
fcfe
fcc1
fc86
fc49
fc0c
fbd1
fb97
fb60
fb27
faf3
fac4
fa9b
fa79
fa63
fa58
fa5b
fa6d
fa8c
faba
faf7
fb45
fb9d
fc04
fc71
fcea
fd67
fde5
fe66
feeb
ff70
fffa
0088
0120
01ba
025f
0312
03cf
0496
056c
064c
0738
0826
0917
0a09
0af5
0bcd
0c95
0d48
0de5
0e63
0eca
0f19
0f4f
0f6c
0f76
0f6d
0f58
0f32
0f05
0ece
0e8c
0e45
0df2
0d95
0d2b
0cb6
0c34
0ba2
0b00
0a59
09a3
08da
0808
0731
065c
0582
04af
03e8
032e
027b
01de
0156
00e1
0081
003c
0012
0001
000d
0035
007a
00d5
014d
01dd
0282
0338
03fd
04d2
05a7
067d
0758
0830
08ff
09c9
0a96
0b58
0c14
0ccd
0d84
0e38
0ee5
0f8b
1035
10dd
117f
121c
12b9
134e
13d8
1456
14d1
153b
159b
15ef
1640
1689
16d0
1711
1754
179d
17e6
1836
1889
18ec
1951
19bb
1a29
1a95
1afe
1b62
1bba
1c07
1c44
1c71
1c8d
1c96
1c86
1c60
1c2c
1bd9
1b74
1af7
1a68
19be
1906
183d
1761
167d
1598
14af
13cb
12ed
1220
115d
10ab
0fff
0f65
0ed4
0e46
0dbe
0d38
0cb2
0c27
0b9a
0b03
0a66
09ba
0904
084c
078f
06c9
05fd
0536
046e
03a6
02db
0212
0149
007f
ffb5
feee
fe2c
fd68
fca2
fbea
fb31
fa77
f9be
f90e
f867
f7c4
f727
f69a
f618
f5a3
f53a
f4dc
f48a
f43c
f3fc
f3c5
f395
f369
f342
f322
f304
f2e6
f2c6
f2ad
f294
f27c
f262
f24c
f235
f223
f211
f200
f1f3
f1eb
f1e4
f1e5
f1f1
f202
f21c
f243
f271
f2ac
f2e9
f325
f35e
f38c
f3ae
f3b4
f3a4
f374
f31f
f2a6
f207
f13c
f042
ef2a
edf5
ec9e
eb2c
e9a9
e81f
e684
e4e1
e342
e1ac
e011
de8b
dd22
dbd7
daa9
d9a4
d8d5
d82c
d7b3
d762
d742
d748
d774
d7c2
d831
d8b6
d953
da00
dab8
db81
dc55
dd3e
de23
df0f
e009
e108
e201
e2fc
e3fb
e501
e603
e703
e80c
e913
ea1b
eb1c
ec23
ed26
ee24
ef1f
f021
f122
f216
f305
f3f2
f4d6
f5a8
f671
f730
f7e5
f88f
f92f
f9ca
fa5b
fae4
fb6a
fbea
fc65
fcdb
fd50
fdc3
fe34
fe9f
ff07
ff6a
ffc2
0011
0056
0090
00c2
00eb
010e
0130
0152
0179
01a5
01df
0225
027b
02e1
035a
03e4
0479
0515
05bb
065d
06f9
078b
0812
0887
08ec
0940
098b
09cb
0a04
0a3f
0a7e
0ac3
0b15
0b72
0be0
0c58
0cd4
0d4d
0dbe
0e1b
0e56
0e6b
0e54
0e02
0d7e
0cc4
0bca
0a9c
0949
07d7
0644
04a6
0309
0176
ffea
fe6e
fd09
fbb9
fa75
f942
f825
f716
f60b
f50b
f419
f331
f24c
f178
f0b7
f015
ef94
ef3d
ef19
ef29
ef77
effd
f0ba
f1b0
f2df
f43c
f5b2
f73e
f8e3
fa89
fc21
fdac
ff28
0098
01ee
0330
0468
058d
069c
07aa
08ae
09a8
0a96
0b7d
0c65
0d44
0e0d
0ec5
0f6a
0ff7
1065
10b7
10e8
10fe
10f8
10de
10ad
1070
1031
0ff0
0fb5
0f83
0f5f
0f4e
0f4a
0f54
0f69
0f88
0fa5
0fc3
0fd5
0fdd
0fd6
0fbd
0f94
0f61
0f26
0ee5
0ea7
0e74
0e4e
0e3a
0e3f
0e5d
0e9a
0eee
0f5a
0fd4
105f
10ef
117f
1205
1285
12f2
134f
139a
13d8
1403
1422
143b
144f
1460
1476
1490
14b1
14d6
14fd
152d
1559
1582
15a2
15ba
15c2
15ba
15a1
1579
1539
14ea
148e
142a
13be
1353
12e3
127a
1216
11be
1167
1121
10d6
1097
1056
1016
0fd2
0f8a
0f3b
0ee8
0e8c
0e29
0dbc
0d51
0cdb
0c6d
0bfc
0b96
0b33
0ade
0a8a
0a3e
09ef
099c
093e
08d3
084d
07b5
06f5
061f
051e
0401
02b1
0156
ffcf
fe45
fca3
fb0f
f96d
f7eb
f66b
f50a
f3ae
f270
f138
f020
ef0c
ee0c
ed12
ec29
eb40
ea64
e98c
e8be
e7fc
e74d
e6b2
e631
e5d2
e596
e581
e58e
e5cd
e627
e6ac
e74e
e80c
e8d5
e9b6
ea96
eb81
ec5e
ed3f
ee0b
eed0
ef7e
f020
f0ac
f127
f18a
f1d7
f210
f230
f23a
f234
f21f
f1fb
f1cc
f198
f162
f12a
f0f6
f0c4
f0a0
f081
f068
f054
f046
f039
f02d
f01c
f007
efe9
efc7
ef9a
ef6d
ef35
ef04
eed0
eea7
ee84
ee71
ee69
ee78
ee96
eec8
ef0e
ef65
efd0
f042
f0c5
f149
f1dc
f269
f301
f38e
f427
f4b7
f54f
f5df
f675
f702
f794
f81e
f8ae
f934
f9c2
fa4b
fad9
fb60
fbed
fc73
fcfd
fd81
fe06
fe83
ff05
ff7c
fff4
005d
00c0
0111
0156
0187
01a6
01ae
01a7
018e
0167
0137
00fe
00c7
0090
0065
0044
0032
0030
003f
005d
0084
00b8
00eb
011e
014d
0171
0184
0189
017d
0163
013a
0104
00ce
0091
005b
002d
000c
fffb
fff9
000a
0029
005c
0095
00dd
0126
0172
01b8
01fe
0239
026d
0294
02b7
02cc
02dc
02e4
02e6
02e4
02dd
02d6
02cc
02bf
02af
029e
0285
026b
0245
0219
01e6
01a9
0163
0114
00b6
0055
ffe5
ff76
fefa
fe7e
fdfd
fd7d
fcfa
fc7c
fbf7
fb7e
fb03
fa92
fa25
f9c3
f966
f916
f8d1
f897
f869
f845
f829
f818
f810
f80d
f810
f817
f823
f832
f840
f850
f862
f873
f885
f895
f8a7
f8bc
f8d0
f8e4
f8f6
f90c
f920
f936
f94c
f962
f978
f98f
f9a6
f9be
f9d5
f9f1
fa14
fa44
fa82
fad2
fb3d
fbc1
fc6a
fd30
fe21
ff2c
0068
01b6
0330
04aa
063f
07c6
0956
0ac5
0c2b
0d66
0e92
0f98
1085
114f
1208
12a4
1333
13ad
1420
1482
14e0
1538
158d
15d6
1614
1645
1667
1678
1673
165c
162d
15ef
1597
1533
14bb
143d
13b1
1327
1297
1212
118b
1113
10a1
103d
0fe0
0f92
0f4f
0f19
0eed
0ecf
0ebb
0eb0
0eae
0eb0
0eb2
0eb0
0ea5
0e94
0e74
0e41
0df7
0d9c
0d26
0c9c
0bf8
0b4e
0a91
09d5
0914
085e
07b1
0714
0686
060d
05a5
054f
0505
04cc
049a
0471
0449
0423
03fd
03d5
03a6
0372
0337
02f7
02ad
0263
020e
01b9
015b
00fe
0096
0031
ffc7
ff5f
fefa
fe99
fe3c
fdea
fd9d
fd60
fd24
fcf4
fcc8
fc9e
fc77
fc4d
fc1d
fbe6
fba3
fb5a
fb02
fa9b
fa25
f9a7
f91d
f88f
f7fb
f762
f6c9
f634
f5a5
f51e
f4a2
f438
f3e2
f3a0
f37d
f378
f398
f3db
f443
f4d6
f585
f657
f743
f83d
f942
fa41
fb3b
fc21
fcee
fd9e
fe2d
fe9d
feee
ff20
ff3c
ff41
ff38
ff25
ff0c
feed
fed1
feb8
fea4
fe93
fe89
fe81
fe7d
fe79
fe79
fe7a
fe7b
fe7d
fe7f
fe7f
fe7a
fe76
fe6f
fe63
fe54
fe41
fe26
fe09
fde5
fdba
fd87
fd4c
fd09
fcbd
fc67
fc06
fb9b
fb2a
faab
fa23
f98d
f8ea
f83c
f785
f6c0
f5ec
f514
f435
f34d
f25a
f16e
f07a
ef8a
eea8
edd8
ed1c
ec74
ebea
eb7f
eb2e
eafa
eae4
eae7
eb02
eb31
eb70
ebb9
ec0d
ec65
ecc3
ed18
ed69
edb1
edea
ee16
ee2b
ee27
ee0c
edd5
ed84
ed11
ec89
ebf1
eb41
ea88
e9ce
e914
e866
e7c4
e735
e6c7
e66a
e62d
e609
e603
e61e
e653
e6a4
e70b
e78e
e828
e8d2
e996
ea6b
eb4e
ec43
ed3f
ee49
ef58
f06e
f180
f291
f3a2
f4b7
f5c9
f6dd
f7f0
f901
fa0d
fb17
fc20
fd21
fe1d
ff21
0022
0120
021c
030d
03fd
04e9
05ca
06a4
0775
0845
0910
09d4
0a95
0b50
0c04
0cba
0d6b
0e17
0ec0
0f62
100d
10b0
1152
11f1
128e
1324
13b8
1441
14c9
1543
15b9
1631
16a2
170d
1772
17d3
1836
1895
18ed
1945
199a
19ec
1a31
1a6c
1a9a
1ab6
1ab7
1aa6
1a75
1a2e
19c4
1941
18a2
17e6
1719
1633
1545
144e
134f
1257
115c
1068
0f89
0eb0
0dec
0d41
0cb1
0c45
0bf7
0bd3
0bd9
0bfe
0c4e
0cbf
0d48
0de1
0e89
0f35
0fdb
1077
10fe
116e
11c5
1201
1223
122d
1225
1212
11f1
11ce
11ac
118d
1171
115c
114d
113f
1130
111e
1105
10e3
10b4
1075
102a
0fc6
0f4a
0eb6
0e10
0d54
0c82
0b97
0aa3
0996
087c
0754
0619
04dc
038e
0236
00e5
ff8a
fe31
fcdf
fb9a
fa66
f937
f80b
f6f1
f5d7
f4c3
f3b4
f2aa
f1a7
f0a2
ef9f
eea2
ed97
ec89
eb73
ea5c
e94c
e831
e717
e602
e4eb
e3d7
e2ce
e1c4
e0d0
dfe7
df13
de63
ddcd
dd5e
dd1c
dd01
dd17
dd53
ddb5
de37
ded9
df89
e041
e100
e1ae
e258
e2ed
e36e
e3da
e43b
e489
e4ca
e50b
e546
e58c
e5d6
e62f
e697
e70b
e795
e827
e8c8
e96d
ea10
eab4
eb4c
ebdf
ec62
ecd8
ed44
eda9
ee04
ee59
eeaf
ef06
ef5f
efc1
f02e
f0a2
f122
f1af
f243
f2dd
f372
f402
f48c
f505
f56f
f5c7
f60f
f642
f668
f679
f67f
f67a
f66f
f65e
f64c
f63b
f629
f61f
f618
f619
f621
f62d
f640
f658
f677
f69a
f6c6
f6f5
f72d
f76e
f7bc
f817
f87d
f8f7
f97e
fa17
fac0
fb7d
fc48
fd2f
fe20
ff27
0033
0145
025c
0377
0491
05aa
06b6
07c1
08c0
09b3
0a9a
0b70
0c36
0ceb
0d8c
0e17
0e87
0ee5
0f31
0f69
0f91
0fab
0fb6
0fb6
0fae
0f9b
0f88
0f73
0f57
0f32
0f02
0ec2
0e76
0e13
0d96
0d00
0c4c
0b73
0a85
0974
084e
0715
05d2
048b
034b
0211
00f3
ffea
ff05
fe43
fda6
fd31
fce2
fcbc
fcb6
fcda
fd1d
fd80
fe04
fe9e
ff53
001e
00f9
01e6
02d4
03c8
04ba
05a8
068b
0764
082e
08ef
09a4
0a4d
0aed
0b8d
0c24
0cc1
0d5e
0dff
0ea5
0f50
1002
10c3
1182
124d
1314
13df
14a7
156a
1628
16d8
178a
1839
18d9
1978
1a08
1a8d
1b07
1b77
1bd7
1c33
1c7e
1cbd
1ced
1d10
1d27
1d2b
1d23
1d05
1cdb
1ca1
1c56
1c00
1b97
1b25
1aa4
1a17
1987
18ea
184f
17b1
1711
1670
15d0
1525
147b
13ce
131b
1264
11a8
10e6
1019
0f46
0e6f
0d8a
0ca2
0bb8
0acd
09e2
08f9
0812
073e
066c
05a9
04f1
0440
039c
02ff
0270
01ea
016c
00f8
008d
002c
ffd2
ff7a
ff27
fed8
fe8c
fe48
fe03
fdc3
fd86
fd48
fd0d
fcd4
fc96
fc57
fc16
fbd8
fb92
fb4a
fb00
faaf
fa5c
fa07
f9a8
f946
f8dd
f871
f7fa
f782
f700
f67f
f5f7
f56f
f4e1
f450
f3be
f32f
f2a1
f21f
f1a4
f134
f0d2
f07f
f03a
f009
efe4
efd8
efe1
effc
f02d
f076
f0d7
f149
f1d2
f26b
f315
f3d2
f49b
f56e
f64c
f726
f808
f8df
f9ad
fa74
fb2e
fbde
fc84
fd19
fda0
fe16
fe7c
fecd
ff10
ff41
ff62
ff73
ff72
ff66
ff4a
ff22
feef
feb3
fe6b
fe1d
fdc7
fd6f
fd14
fcba
fc62
fc0d
fbbe
fb7a
fb3d
fb0f
faf2
fae0
fada
fae2
faf6
fb0e
fb31
fb55
fb7a
fb97
fbb6
fbcb
fbda
fbe6
fbee
fbfc
fc0d
fc29
fc54
fc94
fcea
fd59
fde0
fe83
ff3d
000f
00f5
01e6
02e7
03e3
04e2
05d4
06b8
078d
0850
0900
0999
0a15
0a79
0abc
0adf
0ae4
0ac5
0a8a
0a2b
09b2
0916
0862
0793
06b2
05bc
04b8
03a4
028b
0168
0046
ff1d
fdef
fcbe
fb8c
fa53
f921
f7e9
f6ba
f593
f46e
f34a
f22d
f115
f00a
ef0a
ee20
ed46
ec82
ebd5
eb42
eac2
ea5e
ea14
e9e9
e9d7
e9e3
ea11
ea59
eabf
eb41
ebe2
ec9b
ed71
ee60
ef68
f085
f1c0
f305
f460
f5bf
f726
f897
fa0f
fb92
fd18
fe95
0010
017b
02d7
041f
0556
0670
0779
0869
0941
09f8
0a93
0b11
0b6f
0bb2
0bd6
0bdc
0bc6
0b93
0b49
0ae1
0a65
09d0
0928
086c
079c
06c4
05e1
04f4
03fa
02fd
01f9
00f2
ffec
fee6
fde7
fcef
fbfd
fb18
fa35
f95c
f885
f7b5
f6ea
f622
f55d
f496
f3d1
f30d
f246
f187
f0cc
f020
ef86
ef05
eea3
ee66
ee53
ee6b
eeb2
ef25
efca
f096
f185
f291
f3b1
f4e1
f616
f74a
f877
f997
faae
fbbc
fcbf
fdb9
feaa
ff98
0081
0170
025f
034e
0443
0541
0642
0743
0843
093f
0a31
0b16
0be8
0cac
0d5a
0df2
0e70
0ed8
0f27
0f59
0f6d
0f69
0f48
0f09
0eb0
0e41
0dbc
0d23
0c82
0bd5
0b27
0a7f
09e3
0956
08e1
0882
0840
0816
0801
07fc
080d
0822
083d
0855
0865
086c
0863
0850
082a
07fa
07c4
0789
0753
0723
06fe
06ec
06ea
06fc
0725
0760
07ae
0803
0862
08c0
091f
0972
09bc
09f6
0a20
0a3a
0a46
0a44
0a3b
0a2b
0a1a
0a0d
0a04
0a06
0a12
0a2e
0a54
0a8a
0ad2
0b25
0b85
0bee
0c62
0cdd
0d5d
0de3
0e6d
0ef5
0f82
100a
108d
1108
117c
11e4
123e
1288
12c7
12f6
1316
1328
1330
132e
1325
1313
12fc
12e4
12c6
12af
1291
1276
125e
1249
1236
1228
121d
1216
1215
1218
121d
121e
121e
1213
1205
11e5
11b7
1174
111c
10af
102b
0f8e
0edc
0e13
0d3f
0c5d
0b77
0a8d
09a2
08c2
07e6
0715
064d
0591
04e0
043d
03a6
031b
02a1
0230
01ce
0179
012a
00e4
00a1
0064
002a
ffef
ffb2
ff71
ff2c
fedf
fe8b
fe2e
fdc8
fd5e
fced
fc7b
fc05
fb91
fb1f
fab2
fa48
f9e3
f980
f922
f8c0
f861
f801
f79d
f736
f6c7
f655
f5dc
f559
f4d3
f443
f3b6
f325
f298
f20d
f18b
f110
f0a2
f03e
efe6
ef9d
ef65
ef3a
ef22
ef18
ef20
ef3c
ef65
efa2
efe9
f042
f0a4
f10e
f17c
f1eb
f257
f2bf
f31c
f372
f3b7
f3f2
f421
f446
f460
f474
f481
f48a
f497
f4a0
f4ae
f4c0
f4dd
f506
f53e
f581
f5d9
f643
f6c2
f75a
f806
f8ca
f9a0
fa8f
fb8c
fc95
fda3
feb3
ffbc
00b8
01a2
027a
0337
03df
046f
04e7
054d
059d
05e0
0613
063d
0660
067c
0694
06aa
06bf
06d3
06e3
06ee
06f6
06fb
06f9
06f4
06ec
06d8
06bc
0696
0664
0624
05d5
0575
0505
0482
03ec
0344
0289
01bc
00df
fff4
ff00
fe02
fd04
fc01
fb02
fa0a
f914
f827
f743
f66d
f59e
f4e4
f436
f39a
f313
f29d
f23c
f1ee
f1b3
f18e
f17a
f17f
f196
f1c0
f1fd
f24e
f2ae
f31e
f399
f41e
f4ad
f53d
f5d0
f65b
f6dd
f756
f7bb
f815
f857
f888
f8a4
f8ae
f8a6
f88f
f868
f834
f7f7
f7b1
f764
f70f
f6b6
f65b
f5f7
f594
f52b
f4c2
f45a
f3f1
f388
f31e
f2bc
f265
f21a
f1e2
f1c3
f1c0
f1da
f21c
f286
f314
f3ce
f4b1
f5bc
f6e6
f831
f995
fb0a
fc80
fdfa
ff7a
00ee
0253
03ad
0506
064e
0781
08a2
09b6
0abb
0ba7
0c81
0d4a
0e05
0eb0
0f4e
0fe1
1068
10e6
115a
11c8
122f
1290
12ef
134c
13a9
13fc
144b
1491
14ce
1502
1525
1540
154a
1545
1534
150f
14dd
149f
1456
1401
13a0
133a
12cd
1255
11d9
115d
10d6
1048
0fb2
0f1f
0e85
0de4
0d3e
0c97
0bee
0b3f
0a88
09d4
091e
0862
07aa
06f7
0644
0595
04ec
044d
03b1
0319
0285
01fc
017a
00fa
0081
0011
ffaa
ff48
feee
fe92
fe39
fddd
fd7b
fd15
fca8
fc2b
fba3
fb0d
fa6e
f9b6
f8f1
f821
f74d
f66d
f58e
f4bd
f3f5
f339
f292
f206
f191
f12e
f0e9
f0b8
f0a4
f0a3
f0b7
f0db
f110
f153
f1a4
f200
f26c
f2e5
f36f
f408
f4ac
f56b
f63a
f715
f804
f905
fa17
fb30
fc51
fd7d
fea4
ffbe
00cc
01cb
02b2
0379
0424
04b5
0528
057e
05b8
05d9
05e3
05d6
05b5
0586
0548
04fd
04a7
0441
03c9
0345
02b1
0207
014f
0083
ffa7
feb9
fdb8
fcab
fb93
fa6b
f943
f81c
f6ff
f5e3
f4d7
f3df
f2fd
f227
f163
f0b3
f017
ef83
eefd
ee88
ee17
edab
ed47
eced
ec93
ec3b
ebe9
eb9f
eb62
eb2f
eb0c
eafc
eafb
eb10
eb37
eb74
ebcc
ec40
eccf
ed79
ee3e
ef27
f02e
f14c
f283
f3d6
f54b
f6cc
f860
fa03
fbb0
fd52
fef1
008b
0212
037e
04d4
0614
0736
082e
0900
09ab
0a27
0a6f
0a8c
0a70
0a26
09b1
0911
084a
0760
0666
0559
043f
0329
021c
011a
0026
ff47
fe81
fdd0
fd36
fcb7
fc52
fc05
fbd0
fbb2
fbaa
fbb7
fbd7
fc04
fc3e
fc83
fcd0
fd23
fd73
fdc2
fe0c
fe50
fe87
feba
fee3
ff03
ff1c
ff2d
ff3a
ff44
ff48
ff4b
ff4d
ff50
ff58
ff69
ff7e
ff9d
ffc6
fffd
0047
009f
0105
017d
0206
0299
0331
03c9
0461
04ec
0563
05c4
060d
063a
0645
0634
0607
05bf
0567
04fe
048c
0413
03a0
0333
02cc
0274
0229
01f1
01c9
01b0
01a4
01a8
01bd
01dd
0207
023d
027e
02cb
031f
0379
03dc
0445
04af
051d
0590
0604
0673
06e1
0750
07b9
0819
0872
08c4
090a
0942
096d
0988
0997
099a
0995
0986
096f
095b
0945
0932
0928
0925
092f
0946
096d
099d
09d9
0a26
0a77
0ad2
0b33
0b98
0bfe
0c66
0ccb
0d2c
0d83
0dd2
0e0d
0e3e
0e58
0e59
0e42
0e0e
0dbf
0d56
0cd0
0c2e
0b74
0aab
09cf
08e7
07ef
06f0
05fc
04fb
03f8
02f8
01f8
00f4
ffee
feea
fde3
fcda
fbcb
fac3
f9b9
f8b1
f7a4
f6a5
f5b0
f4cc
f3f9
f341
f2a6
f22a
f1d0
f195
f17c
f183
f1a9
f1ec
f247
f2b8
f33d
f3cd
f46a
f50f
f5bc
f66c
f71e
f7d2
f88d
f93f
f9f4
faa2
fb54
fbf7
fc96
fd2f
fdc5
fe52
fed9
ff52
ffc8
002f
008d
00e1
0129
0166
0195
01bc
01d2
01de
01d9
01c7
01a5
0175
0135
00e5
0087
001f
ffad
ff31
fead
fe2a
fda9
fd2a
fcb2
fc46
fbe7
fb95
fb52
fb1e
fafb
fae6
fae2
faea
fb02
fb28
fb5a
fb97
fbdc
fc2c
fc88
fce9
fd52
fdc1
fe37
fead
ff27
ffa0
001a
0093
0106
0179
01e4
0241
0295
02de
0314
033a
0350
0351
033f
031e
02ef
02b2
026c
021f
01d2
0181
0135
00ef
00b0
007b
004f
0031
001d
0017
001c
002c
0049
0070
00a3
00de
0121
0171
01cb
0229
028d
02f8
0369
03d9
044c
04c0
0532
05a0
060b
066f
06cf
071f
0763
0799
07be
07d1
07d1
07c1
079c
0766
071d
06c7
0663
05f6
0582
0507
0488
0408
0388
0305
027c
01f5
0167
00d7
003a
ff9e
fef9
fe4d
fd9a
fcdd
fc12
fb39
fa4d
f959
f853
f73d
f60f
f4d5
f38d
f23c
f0d0
ef67
edff
ec9c
eb41
ea0a
e8f1
e804
e73f
e6b4
e660
e641
e650
e691
e6f4
e779
e81b
e8c1
e970
ea18
eabe
eb56
ebe3
ec66
ece9
ed6a
edee
ee80
ef26
efe5
f0bb
f1ad
f2c4
f3fa
f54c
f6b3
f833
f9b3
fb34
fcae
fe20
ff76
00b4
01d4
02de
03c6
0494
0543
05dd
065e
06c8
071e
0768
079f
07c8
07e3
07f0
07f2
07e1
07bf
0789
0741
06e7
0679
05f8
056a
04d0
042b
0380
02d7
0237
01a2
0119
00a9
0052
0015
fff2
fff0
0008
003f
008c
00f2
016c
01f8
0294
033c
03ee
04a6
0568
0628
06e7
07a2
0859
0900
0999
0a22
0a9b
0b00
0b55
0b9a
0bd2
0c00
0c23
0c42
0c63
0c80
0ca3
0cc9
0cf6
0d31
0d6f
0dbb
0e07
0e5e
0eb8
0f18
0f7b
0fdb
103d
109c
1104
1164
11c7
1228
128b
12eb
134c
13a9
1408
1463
14bf
1519
1570
15c2
160e
1655
1699
16ce
16fd
171f
173c
174f
175a
1764
1765
1763
1766
1766
1770
177a
1790
17ab
17c4
17d9
17e9
17f0
17e2
17be
1776
1710
167e
15c5
14e1
13d1
128b
1129
0fa9
0e0b
0c55
0a99
08db
071d
0560
03b4
021b
0094
ff23
fdd5
fcaa
fba8
facb
fa24
f9ab
f967
f94c
f959
f98b
f9dd
fa44
fabb
fb34
fba9
fc18
fc74
fcb9
fce8
fcff
fd03
fcf5
fcdc
fcbd
fc99
fc7e
fc69
fc60
fc64
fc78
fc97
fcc6
fcfd
fd35
fd6c
fda2
fdcd
fded
fdfd
fdff
fdf0
fdd6
fdaf
fd84
fd52
fd20
fcf7
fcd5
fcbf
fcb6
fcc0
fcd3
fcf2
fd19
fd43
fd6b
fd8c
fda1
fda5
fd93
fd6e
fd2e
fcd2
fc5f
fbca
fb29
fa6e
f9a6
f8d8
f7f8
f719
f63b
f556
f478
f397
f2c3
f1fa
f133
f082
efe0
ef4b
eecd
ee60
ee0b
edc7
ed9b
ed88
ed8b
eda4
edd1
ee1c
ee78
eee8
ef71
f008
f0ad
f172
f23c
f31e
f402
f4ed
f5eb
f6e3
f7dc
f8df
f9d7
fadd
fbdb
fcd9
fde3
fee3
ffe5
00f5
01f9
0309
040d
0514
0627
072d
0830
0935
0a22
0b0e
0bdc
0c96
0d42
0dcb
0e3f
0e9c
0edc
0f03
0f0b
0efc
0ed1
0e90
0e39
0dc6
0d44
0ca7
0bff
0b4b
0a7c
09ac
08d5
07f0
070e
0623
0547
0471
0392
02c3
01f8
0129
006c
ffad
fefd
fe55
fdaa
fd10
fc80
fbec
fb66
fadc
fa5f
f9e9
f975
f90b
f8a6
f847
f7f2
f7a0
f758
f719
f6e6
f6bd
f6a5
f69e
f6a8
f6ca
f700
f74a
f7af
f823
f8ad
f950
f9f7
fab1
fb69
fc21
fcde
fd8c
fe32
fed1
ff5a
ffdc
004a
00a6
00f9
0137
0169
018c
01a4
01ac
01ac
01a2
018a
016d
0145
0112
00d8
0093
004b
fffe
ffa7
ff4f
fef7
fe99
fe42
fdee
fda6
fd69
fd39
fd1e
fd15
fd21
fd43
fd7e
fdcd
fe2d
fea9
ff2e
ffc3
0067
010b
01be
026c
0318
03d0
0480
0531
05e7
0695
074a
07f6
08a2
0953
09f5
0a98
0b3e
0bd3
0c61
0cdd
0d41
0d94
0dc7
0dda
0dcc
0d9b
0d45
0ccc
0c32
0b6d
0a93
09a1
088d
0776
0644
051b
03ef
02b5
0186
005c
ff26
fe07
fce3
fbda
fad9
f9dd
f8f9
f828
f760
f6af
f60c
f580
f50b
f4aa
f462
f435
f420
f424
f443
f477
f4be
f51d
f589
f5fe
f683
f705
f78b
f809
f87e
f8ef
f94b
f99b
f9dc
fa0a
fa29
fa33
fa2b
fa16
f9ef
f9b6
f96e
f91b
f8bd
f85e
f7ff
f79b
f748
f703
f6cc
f6b1
f6ad
f6c9
f701
f759
f7ca
f854
f8fb
f9a8
fa69
fb29
fbed
fcb3
fd6d
fe1e
fecd
ff6c
0003
0087
0103
0174
01d5
0229
0276
02b2
02e9
0313
0336
034f
0362
036f
0375
0379
0379
0375
0372
036c
0364
035d
0355
0347
0338
0327
0313
02f8
02dd
02bd
0297
026f
023e
020b
01d8
019e
0165
0129
00eb
00ae
0070
0034
fffa
ffbf
ff8b
ff5e
ff32
ff10
fef2
fee1
fed7
fed4
fed9
fedf
fee4
fee5
fedd
feca
fea5
fe67
fe13
fda6
fd17
fc70
fba3
fac5
f9d2
f8c2
f7b3
f69f
f57f
f46d
f35c
f264
f174
f085
efaa
eedd
ee0f
ed50
ec8f
ebdb
eb29
ea6f
e9c2
e90f
e859
e7ad
e6ff
e665
e5db
e55c
e4f9
e4ad
e47e
e467
e46c
e496
e4d8
e53e
e5be
e659
e718
e7e6
e8d7
e9d0
ead9
ec05
ed33
ee72
efc6
f116
f277
f3c9
f518
f670
f7b2
f8e2
fa16
fb33
fc46
fd3d
fe1d
fef0
ff9b
002e
00a4
00fe
013a
0160
0178
0183
018d
0197
01b1
01de
0227
028e
031a
03d2
04a5
0598
06b2
07ca
08f1
0a08
0b05
0bf2
0cad
0d3b
0d9d
0dcc
0dd5
0db8
0d82
0d3c
0cf1
0cb2
0c82
0c6e
0c7d
0cab
0cff
0d7a
0e09
0ea9
0f5a
0ffe
109d
111c
1180
11c5
11d8
11c8
1187
1123
109b
0ffb
0f4b
0e82
0dbc
0cf0
0c22
0b61
0a99
09df
0925
0867
07ab
06ec
0619
0548
0460
0376
027f
0170
0066
ff57
fe3d
fd3a
fc3a
fb5a
fa96
f9e9
f966
f906
f8bd
f895
f881
f882
f88c
f896
f89f
f89e
f889
f867
f826
f7d7
f76e
f6f0
f66b
f5de
f547
f4b9
f42b
f3b1
f347
f2e4
f298
f259
f225
f1fd
f1dc
f1c0
f1a5
f18a
f16a
f148
f11c
f0ed
f0b7
f084
f052
f021
effb
efe1
efd0
efd3
efe4
f001
f029
f05b
f08d
f0bc
f0e7
f0fd
f0fd
f0e6
f0af
f057
efe8
ef5f
eebd
ee13
ed63
ecc1
ec32
ebbd
eb6f
eb50
eb5d
eb9c
ec0f
ecaa
ed6a
ee4c
ef3c
f031
f133
f222
f305
f3d4
f488
f52a
f5b9
f639
f6ae
f71d
f790
f805
f884
f910
f9ab
fa57
fb10
fbd6
fca3
fd71
fe30
fee4
ff84
000a
0072
00b4
00da
00e1
00d1
00a9
006e
0031
fff5
ffbc
ff8e
ff76
ff70
ff81
ffa4
ffdd
001f
006a
00bb
0103
0140
016e
018a
018e
017b
0147
00f9
008c
0009
ff72
fec1
fdfe
fd31
fc57
fb6d
fa7f
f98d
f89a
f7a2
f6af
f5cc
f4f4
f424
f36d
f2cd
f244
f1d3
f17c
f141
f122
f121
f13d
f174
f1c6
f235
f2c1
f35e
f415
f4e3
f5c5
f6b2
f7aa
f8b1
f9bd
fac3
fbc9
fccc
fdc5
fead
ff8d
0061
012b
01dd
027c
030c
0389
03f0
0442
047e
04a9
04c1
04c9
04bf
04a9
0486
0459
0425
03ea
03ad
036d
0328
02e5
029d
0253
0205
01b0
0158
00fa
008f
0021
ffae
ff36
feb8
fe3e
fdca
fd60
fd03
fcbf
fc92
fc84
fc93
fcca
fd1c
fd92
fe25
fed2
ff8e
0059
012c
0202
02cc
038e
0444
04e7
0574
05ec
0654
06a3
06de
0703
0718
0719
0707
06e7
06b5
0678
0632
05e0
0584
0522
04bf
045a
03f2
038c
032e
02d0
027a
0223
01d3
0187
013e
00f9
00b6
0076
0036
fff8
ffbd
ff87
ff51
ff1f
fef7
fed7
febf
feb3
feb3
febe
fed8
ff02
ff39
ff7f
ffd6
003c
00ad
012c
01ba
0255
02f5
039d
0451
050d
05cd
068c
0750
0812
08c8
0979
0a24
0abf
0b49
0bc7
0c3b
0ca6
0d02
0d56
0da2
0deb
0e30
0e72
0eb7
0ef8
0f3f
0f85
0fcf
1017
105a
1096
10d0
10ff
1124
1139
1146
1146
1138
1125
1109
10e9
10c6
10a6
108a
1077
1068
1069
1079
108e
10ab
10d4
1100
1129
1155
117b
119a
11ac
11b9
11b7
11a2
1184
1158
1120
10d6
1086
102e
0fd0
0f64
0ef4
0e86
0e0c
0d8e
0d08
0c7f
0bf2
0b5e
0ac6
0a2b
098c
08e9
0845
07a2
0703
0667
05d3
0550
04df
047d
0434
0407
03f2
03f8
0419
0454
04a7
0510
058e
0616
06aa
074a
07f0
0894
093b
09e3
0a8b
0b31
0bd0
0c6e
0d0d
0da1
0e30
0ebb
0f40
0fbc
1033
10a0
1108
1162
11b3
11f6
122f
1256
1271
127a
1277
1264
123f
120a
11c2
116b
1103
108c
1001
0f6e
0ecb
0e17
0d52
0c7c
0b9a
0aa0
099a
0886
0767
0631
04f1
03a9
0258
00ef
ff77
fdfd
fc7b
fae6
f94b
f7b6
f621
f487
f2ef
f164
efdf
ee5b
ece5
eb8d
ea49
e91e
e817
e73c
e687
e5fe
e59c
e561
e551
e561
e597
e5e4
e64a
e6c5
e751
e7e0
e879
e915
e9b5
ea56
eafe
eba9
ec61
ed1b
eddb
eead
ef89
f06b
f153
f24f
f359
f468
f579
f693
f7ad
f8bf
f9ce
fad7
fbd9
fcc5
fda8
fe83
ff50
0004
00a3
0133
01a7
0202
0246
0273
0285
0283
026d
0244
0209
01c3
0175
011b
00c1
0065
000a
ffb3
ff5e
ff0d
fec1
fe79
fe34
fdf3
fdb4
fd79
fd3c
fd05
fccd
fc93
fc59
fc20
fbe3
fba4
fb64
fb1e
fad8
fa8d
fa41
f9f1
f99b
f943
f8e9
f88c
f82e
f7d0
f777
f71e
f6c7
f676
f62c
f5e4
f5a1
f565
f52e
f4fc
f4d3
f4ad
f48e
f474
f462
f453
f44c
f44f
f45a
f473
f498
f4d0
f518
f576
f5e5
f66b
f702
f7ae
f86b
f934
fa07
fad9
fba8
fc6d
fd22
fdc3
fe4c
feb6
ff02
ff31
ff45
ff40
ff20
feef
feaf
fe66
fe15
fdbf
fd68
fd16
fcce
fc8f
fc5e
fc3c
fc2b
fc30
fc4b
fc7f
fccb
fd31
fdaf
fe47
fef5
ffb4
0081
0157
0231
030a
03dd
04a4
055d
0605
069d
0720
0795
07f9
084b
088f
08c5
08f2
0915
092c
093c
0949
094f
094f
094b
0940
0930
0918
08ff
08e2
08ba
0891
0864
0830
07f7
07be
0782
0741
06ff
06bb
0675
0633
05ef
05aa
0568
0526
04e6
04a7
046b
0433
0400
03d2
03a6
0382
0364
034b
033e
033b
0343
0358
037a
03b0
03f3
0447
04ad
0524
05ab
063f
06de
0783
0831
08de
0982
0a26
0ac0
0b4d
0bcd
0c43
0cac
0d0a
0d62
0daf
0df6
0e3a
0e7d
0ebe
0f00
0f43
0f8c
0fd4
101d
1068
10b3
10f6
1135
116f
11a1
11cd
11ed
1202
1209
1203
11ef
11cd
119a
1153
10fd
1091
1018
0f8b
0eee
0e3f
0d82
0cb8
0be3
0b02
0a24
0940
085d
077b
06a1
05c8
04f1
0419
0344
0270
019a
00c1
ffe6
ff03
fe1f
fd3a
fc4b
fb56
fa5e
f965
f86f
f77c
f695
f5b8
f4e9
f42b
f385
f2ed
f267
f1f2
f190
f13f
f0fc
f0c6
f09f
f082
f06c
f062
f059
f055
f053
f04f
f047
f03d
f02c
f013
eff2
efc5
ef8c
ef49
ef02
eeb7
ee70
ee31
ee04
ede5
ede4
ee05
ee4a
eeb8
ef4a
f006
f0e5
f1e4
f2f9
f41d
f549
f670
f790
f89d
f991
fa67
fb23
fbc2
fc44
fcaa
fcfa
fd34
fd5d
fd78
fd88
fd93
fd97
fd9c
fda2
fdad
fdb9
fdca
fde2
fdfc
fe21
fe4d
fe81
febc
fefd
ff47
ff91
ffe1
0032
007f
00c7
0108
0141
016e
018e
01a3
01af
01b5
01b4
01b0
01ae
01b0
01bb
01d1
01f2
0222
0263
02b5
0315
0384
03ff
0483
050e
059e
062d
06be
074b
07d1
0854
08cd
093e
09a8
0a04
0a54
0a96
0acf
0af6
0b0e
0b1b
0b18
0b0c
0af3
0ad4
0aab
0a7e
0a4d
0a1e
09ed
09bf
0993
0969
0942
091d
08f7
08d1
08a7
087a
0848
080e
07cf
078a
073c
06e6
0686
0625
05be
0554
04e9
047f
0419
03b6
0357
02fc
02a7
0258
020b
01c9
018a
0150
011d
00f0
00cb
00a9
008f
0077
0064
0054
0047
003f
0037
0034
0031
002f
002f
002f
0034
003b
0046
0059
0073
0092
00bf
00f7
013a
0188
01e5
024e
02c8
034e
03e7
048b
053d
05fb
06c5
0790
086c
0948
0a2d
0b12
0bee
0cc4
0d89
0e38
0ecd
0f42
0f97
0fc5
0fd0
0fac
0f61
0ef3
0e5d
0da8
0cd4
0be3
0add
09c3
089b
0770
0636
04f9
03ad
0260
0112
ffc4
fe7d
fd3e
fc03
fad8
f9b4
f897
f788
f67d
f581
f497
f3b3
f2e0
f215
f15a
f0a8
f005
ef6f
eede
ee51
edcd
ed48
ecc7
ec47
ebc1
eb3b
eab5
ea2b
e999
e8fc
e859
e7b0
e709
e657
e5b3
e50e
e46c
e3d5
e342
e2bb
e23c
e1cb
e16b
e115
e0d3
e09f
e07f
e06f
e072
e08b
e0b6
e0f4
e14b
e1ba
e242
e2e7
e3a4
e47c
e567
e67b
e79c
e8db
ea38
ebb2
ed43
eeed
f09e
f269
f437
f616
f7fd
f9e5
fbc7
fda2
ff6f
013a
02ea
0486
0603
075c
0888
0984
0a46
0ad7
0b2f
0b59
0b52
0b19
0abd
0a3e
09aa
08fc
0848
0789
06cc
0612
055f
04b7
041c
038b
0308
028e
0220
01c0
0169
011e
00e3
00b0
0089
0070
0065
006b
0080
00a6
00dd
0128
0185
01f1
026d
02f8
038b
0423
04b9
0550
05d7
0655
06c1
0715
0754
0775
077e
076a
073c
06f5
0697
0625
059c
0506
0465
03b5
02fe
023a
016e
0099
ffbd
fedd
fdfe
fd14
fc30
fb47
fa5f
f97d
f89e
f7c4
f6fe
f63f
f598
f506
f48e
f435
f3fe
f3e7
f3f8
f421
f469
f4ca
f540
f5c1
f648
f6cd
f747
f7b5
f810
f856
f883
f897
f897
f886
f869
f842
f819
f7f2
f7d2
f7b9
f7b0
f7b5
f7c9
f7ed
f81a
f856
f897
f8df
f927
f96c
f9ae
f9eb
fa22
fa56
fa85
fab2
fae1
fb13
fb4b
fb8e
fbd8
fc32
fc97
fd0d
fd91
fe21
feb6
ff4f
ffe6
007a
0101
017c
01e3
0233
026c
0294
02b2
02c7
02dd
02f7
0321
0363
03c5
044e
04fa
05d7
06e2
0817
0970
0ae2
0c5a
0ddd
0f51
10b9
1203
1326
141d
14e1
1569
15bb
15d6
15b7
1562
14d7
1419
132a
1215
10d4
0f77
0df5
0c5b
0ab5
0909
0760
05d0
044f
02f5
01b9
00ae
ffd7
ff36
fecd
fea0
fea7
fee9
ff5e
0008
00e6
01f0
0321
0474
05ea
0773
0916
0ac3
0c6b
0e0d
0f97
1100
124b
135e
144c
150b
159a
15fb
1637
164a
1647
162a
1600
15cb
1591
1559
1524
14f8
14d4
14b7
14a0
148f
1484
147d
1478
1474
1472
1472
1467
1455
1437
1405
13c8
136f
12fb
126f
11bd
10eb
1001
0efa
0dd7
0ca9
0b6e
0a2c
08f6
07ca
06b7
05cb
04f8
044e
03cd
0369
032b
0305
02fa
02fd
030c
031f
0330
033e
033f
0332
0310
02de
0295
023a
01d0
014f
00bf
001c
ff6d
feb2
fde6
fd0c
fc38
fb51
fa70
f98f
f8b3
f7ee
f72a
f67a
f5e6
f562
f4f1
f496
f44d
f415
f3ea
f3cc
f3b6
f3a5
f399
f38f
f385
f376
f36a
f35c
f354
f34d
f34f
f35b
f372
f395
f3c9
f40e
f45c
f4c2
f538
f5be
f658
f6f9
f7ab
f86b
f92b
f9fa
fac7
fb98
fc6d
fd38
fe05
fec5
ff72
000d
0090
00f7
0142
016a
016f
0158
0127
00df
0086
0022
ffb9
ff5c
ff05
fec2
fe99
fe8c
fe98
fec4
ff07
ff60
ffc7
0036
00a2
010b
0165
01ab
01dd
01f2
01eb
01ca
018f
013a
00d4
005b
ffd6
ff4f
febe
fe2b
fd9f
fd11
fc8f
fc12
fb9d
fb38
fad7
fa83
fa40
fa07
f9de
f9c2
f9b2
f9ac
f9ac
f9b3
f9be
f9c7
f9cc
f9c9
f9be
f9a7
f983
f94d
f90e
f8c2
f871
f81c
f7c7
f77b
f737
f700
f6e1
f6d2
f6dc
f6ff
f73c
f790
f7f9
f87b
f905
f9a5
fa4a
faf7
fbac
fc5b
fd11
fdbf
fe60
fefd
ff89
0002
0069
00b5
00e8
00ff
00f9
00d1
008f
002f
ffb6
ff2b
fe85
fdd1
fd18
fc51
fb8c
fac7
fa00
f946
f88c
f7db
f738
f6a0
f617
f59e
f534
f4de
f499
f469
f449
f439
f436
f441
f45a
f47b
f4a3
f4d2
f500
f530
f55e
f586
f5ae
f5d1
f5f1
f60d
f626
f63b
f64f
f660
f66f
f67d
f68c
f694
f6a0
f6a7
f6ac
f6aa
f6a7
f69c
f68a
f66e
f64d
f623
f5f5
f5c5
f592
f566
f53f
f522
f519
f522
f541
f57b
f5d1
f63b
f6c5
f768
f816
f8d6
f99c
fa5f
fb23
fbd2
fc7a
fd0b
fd80
fde1
fe2b
fe62
fe83
fe94
fe9d
fe9d
fe98
fe94
fe8f
fe90
fe97
fea5
feb9
fed0
feea
ff06
ff1d
ff36
ff47
ff54
ff5b
ff59
ff4f
ff3f
ff2d
ff15
fefd
fee6
fed0
febe
feb6
feae
feb2
febb
feca
fedf
fef8
ff12
ff2c
ff46
ff5b
ff6b
ff73
ff77
ff71
ff65
ff52
ff36
ff1a
fef9
fed5
feb3
fe8f
fe70
fe54
fe3b
fe20
fe08
fdf1
fdd6
fdb7
fd93
fd68
fd33
fcf5
fcab
fc56
fbf5
fb86
fb09
fa87
f9f8
f963
f8c9
f826
f78a
f6e5
f642
f5a6
f507
f472
f3e6
f363
f2ef
f28c
f235
f1fa
f1cf
f1bd
f1bc
f1cc
f1ec
f218
f24b
f280
f2b6
f2e1
f303
f319
f31f
f30f
f2ef
f2c5
f291
f254
f21a
f1e6
f1c0
f1a4
f1a1
f1b6
f1e6
f22a
f28a
f2fd
f379
f403
f48f
f50d
f586
f5e9
f639
f672
f68c
f687
f663
f625
f5cd
f55d
f4dc
f446
f3a6
f2f7
f242
f190
f0d9
f02e
ef91
ef03
ee94
ee3b
ee0f
ee09
ee34
ee8c
ef14
efd0
f0b0
f1c5
f2fa
f43c
f59b
f6fc
f85c
f9b9
faf6
fc2e
fd4e
fe4f
ff42
001e
00e7
01a4
0254
0301
03ab
044f
04f7
05a2
0656
0713
07d7
08a4
0978
0a45
0b20
0bf8
0cd2
0dac
0e7a
0f52
1021
10e1
119f
124a
12e5
136f
13de
143c
147c
14a1
14ac
149e
147a
143b
13ed
138c
131a
12a2
121a
1192
1108
1077
0ff0
0f62
0edc
0e5b
0ddc
0d65
0cf4
0c8b
0c2e
0bd9
0b8c
0b4f
0b15
0ae8
0ac9
0ab2
0aa6
0aa4
0ab0
0ac6
0ae3
0b0a
0b3e
0b7a
0bbf
0c12
0c71
0cd5
0d47
0dc3
0e43
0ed4
0f64
1005
10a5
1140
11e5
127e
1310
139a
140a
146d
14bd
14ee
1506
1504
14e9
14af
1463
13fb
137d
12ef
1250
11a1
10e5
1021
0f56
0e7a
0d97
0cb6
0bc6
0ad5
09e3
08e9
07f7
06fe
0607
051c
042a
0346
0269
0194
00d8
0023
ff86
ff08
fe9c
fe4e
fe1c
fdfe
fdf8
fe07
fe27
fe57
fe91
fed3
ff16
ff5d
ff99
ffd8
000c
003a
0064
0089
00ab
00cd
00ef
0114
0140
016e
01a3
01df
0221
026a
02b6
0308
035a
03a8
03f8
043c
047f
04ba
04eb
0514
0536
054f
0562
056f
0575
0576
0575
0571
056b
0563
0559
054d
0541
052f
051b
04ff
04df
04b8
048b
0456
0419
03d2
0385
032e
02cf
026c
0200
0192
011f
00aa
003a
ffc2
ff4d
fee1
fe78
fe15
fdc0
fd79
fd44
fd21
fd13
fd1d
fd43
fd7e
fdd2
fe3d
fec3
ff5a
0005
00b6
017b
023b
0309
03cd
0499
0556
0617
06c6
0778
0818
08b3
093e
09be
0a2c
0a90
0ae4
0b2a
0b5d
0b82
0b92
0b90
0b79
0b4c
0b0b
0ab0
0a43
09bb
0927
0871
07af
06cd
05e2
04da
03d0
02aa
018a
0050
ff1e
fddd
fca8
fb60
fa27
f8e6
f7b9
f687
f571
f45e
f36c
f282
f1b8
f0ff
f05f
efcf
ef5b
eef7
eea7
ee67
ee38
ee13
edf8
edec
ede7
ede7
edef
ee07
ee25
ee53
ee8d
eedb
ef38
efab
f02d
f0cc
f173
f235
f309
f3f7
f4e7
f5ef
f6f4
f80d
f919
fa33
fb40
fc51
fd51
fe5a
ff4e
0042
0124
0201
02ca
038e
043b
04df
056f
05f4
066a
06da
073d
079a
07ec
083c
0885
08d0
0917
0963
09a9
09f4
0a38
0a79
0ab1
0ade
0af7
0b00
0af1
0ac7
0a83
0a24
09ab
0914
086f
07b2
06ee
061b
0552
0482
03c4
030e
0273
01e3
016b
0101
00ad
0068
0032
0002
ffdf
ffbf
ffa0
ff84
ff68
ff46
ff22
fef8
fecc
fe9b
fe6b
fe37
fe01
fdca
fd93
fd5d
fd27
fced
fcb5
fc79
fc3d
fbfd
fbbe
fb78
fb30
fae6
fa99
fa47
f9f2
f998
f93e
f8db
f878
f810
f7ac
f743
f6dc
f674
f610
f5a8
f549
f4ea
f498
f448
f409
f3d3
f3ab
f393
f38b
f394
f3ab
f3d5
f407
f447
f48c
f4d9
f524
f572
f5b4
f5f4
f627
f652
f672
f68f
f6a2
f6b6
f6cb
f6e3
f704
f732
f76d
f7bc
f817
f88c
f90d
f9a7
fa48
fb00
fbb6
fc79
fd38
fdfa
feb2
ff6a
0011
00be
0160
0202
029d
033e
03dc
0483
0527
05de
0694
0759
081f
08fc
09d2
0ab9
0b90
0c72
0d45
0e17
0ed1
0f85
101c
10af
1125
1190
11e6
122d
125f
1284
1299
129f
129b
1286
126d
124d
1224
11f5
11cb
119e
1177
1151
1137
1126
111d
111e
112c
1144
1162
1189
11b1
11dc
1206
1229
1242
1258
1260
125c
124b
1230
120a
11d7
119e
115b
1115
10c7
107a
1027
0fd9
0f89
0f3a
0ee8
0e9e
0e52
0e0c
0dc7
0d89
0d4d
0d18
0ce6
0cb9
0c89
0c5b
0c28
0bf1
0bb5
0b71
0b1d
0ac4
0a57
09e2
0956
08c2
0816
0768
06a8
05eb
051d
0459
038f
02d3
0215
0168
00be
0026
ff94
ff16
fea4
fe46
fdf6
fdba
fd90
fd7a
fd75
fd81
fd94
fdac
fdcb
fde7
fdfd
fe04
fdf9
fdd6
fd99
fd43
fcc9
fc39
fb88
fac3
f9e8
f90e
f81f
f743
f663
f59b
f4e3
f443
f3b8
f34d
f2f6
f2bb
f299
f28b
f291
f2ac
f2d6
f30d
f353
f39c
f3f5
f44f
f4ae
f512
f577
f5d8
f638
f694
f6eb
f73a
f781
f7c2
f7fd
f82d
f85f
f88f
f8b9
f8e7
f918
f94b
f986
f9c2
fa04
fa4d
fa97
fae0
fb24
fb61
fb93
fbb7
fbc6
fbc4
fbac
fb7d
fb34
fad4
fa57
f9cb
f92d
f879
f7b9
f6f2
f627
f551
f479
f3a7
f2d7
f20c
f145
f08f
efe8
ef4d
eeca
ee5a
ee04
edc8
eda2
ed98
eda6
edd0
ee16
ee70
eedb
ef5f
eff6
f096
f143
f200
f2c3
f38c
f460
f541
f622
f709
f7f0
f8e0
f9d1
fabf
fbac
fc98
fd82
fe5c
ff2c
fff2
00a2
0133
01a9
01ff
0231
023a
0218
01d2
0167
00e1
0045
ff94
feda
fe26
fd7e
fce2
fc64
fc08
fbcd
fbb2
fbb8
fbd5
fc00
fc39
fc71
fc9c
fcb4
fcae
fc82
fc33
fbb9
fb0a
fa30
f935
f81a
f6dc
f58b
f434
f2d9
f177
f025
eee9
edb9
ec9b
eb93
eab0
e9e9
e93f
e8b5
e851
e812
e7f4
e802
e827
e86b
e8d2
e956
e9e5
ea85
eb2d
ebe1
ec88
ed2d
edcc
ee5e
eee0
ef5a
efd0
f045
f0ba
f133
f1be
f25a
f309
f3d0
f4b4
f5b1
f6c5
f7f1
f935
fa80
fbc6
fd05
fe39
ff58
0052
012c
01e0
0269
02cb
0306
031d
0313
02ef
02b2
025f
01fe
0197
0128
00b2
0040
ffd3
ff6c
ff09
feb1
fe65
fe25
fdf4
fdd2
fdc2
fdc0
fdcc
fde6
fe02
fe28
fe4f
fe73
fe8e
fe9e
fe9e
fe8c
fe65
fe28
fdd4
fd6e
fcf5
fc70
fbde
fb4a
fab8
fa2b
f9a4
f928
f8be
f85e
f80e
f7cb
f794
f766
f741
f71c
f6fe
f6db
f6b6
f68f
f660
f62f
f5fc
f5ca
f59a
f573
f557
f547
f549
f55d
f58b
f5cb
f628
f6a0
f739
f7ea
f8b4
f996
fa96
fbb0
fcd7
fe0f
ff61
00c3
022e
03a6
0533
06cc
0861
09f7
0b94
0d33
0ec3
1047
11c6
133f
14a3
15fd
174f
1896
19bd
1ad6
1be5
1cdc
1dba
1e83
1f3d
1fe5
2070
20ea
2152
21a6
21df
2203
2217
2213
21fd
21d1
219a
2146
20ee
2085
200b
1f89
1f00
1e71
1dd7
1d39
1ca0
1c09
1b6e
1acb
1a32
1998
18fb
1860
17c9
1737
16a0
160c
1581
14ee
1457
13b7
1316
1265
11aa
10de
1005
0f19
0e15
0cfe
0bdc
0aa5
0955
07f7
06a0
0547
03ec
029e
0168
004a
ff45
fe5d
fd95
fcee
fc65
fbf5
fba1
fb6b
fb45
fb33
fb2f
fb3b
fb4f
fb6b
fb8a
fba9
fbc8
fbe9
fc02
fc16
fc29
fc2b
fc29
fc1b
fc02
fbe0
fbbc
fb93
fb6d
fb47
fb2e
fb27
fb33
fb55
fb91
fbea
fc61
fcf3
fd95
fe4b
ff0f
ffd9
0096
0147
01ea
026d
02ce
0311
032f
0329
0306
02c8
0275
0210
01a9
0145
00e2
008b
0047
0015
0000
0000
001b
004f
00a0
0104
017e
020a
02ae
0360
041b
04e2
05b6
068b
075d
082a
08ef
09a7
0a47
0ad1
0b41
0b90
0bbe
0bce
0bbe
0b8e
0b44
0ae1
0a63
09d0
0930
0884
07ca
0707
0640
0576
04a2
03c7
02f0
0217
0133
0051
ff6f
fe92
fdac
fccf
fbf2
fb17
fa3d
f969
f8a2
f7e5
f731
f687
f5f0
f56e
f4fa
f492
f43e
f3fb
f3c2
f39a
f383
f377
f373
f37b
f389
f3a2
f3c0
f3de
f402
f428
f451
f478
f4a2
f4c9
f4ee
f511
f531
f551
f56d
f585
f59c
f5b7
f5d4
f5f5
f61c
f648
f683
f6c2
f70d
f760
f7c2
f82c
f89e
f914
f990
fa0c
fa84
faf7
fb65
fbc7
fc20
fc6d
fcac
fce0
fd06
fd1d
fd2b
fd2b
fd1d
fd07
fce4
fcb7
fc84
fc4d
fc13
fbe0
fbb0
fb8b
fb77
fb76
fb8c
fbbf
fc0d
fc7a
fd02
fda2
fe5d
ff2d
0003
00d9
01b4
027f
0338
03da
0463
04cc
0519
054d
056b
0575
0571
056b
0561
0560
0569
057f
05aa
05ea
063f
06ab
072b
07bd
0856
08f8
09a2
0a4e
0af1
0b91
0c2d
0cc2
0d46
0dbc
0e29
0e83
0ecc
0f05
0f2f
0f47
0f4b
0f39
0f1b
0eed
0ead
0e60
0e03
0d9a
0d2c
0cb6
0c39
0bb5
0b35
0ab6
0a31
09aa
0926
08a6
0823
079e
071e
069f
0623
05a2
0527
04af
0435
03bd
034a
02dd
026f
020b
01af
015b
010d
00ca
0090
005d
002d
0005
ffe2
ffc0
ff9c
ff7b
ff54
ff2b
fefc
fec6
fe8a
fe49
fdfe
fdb1
fd61
fd12
fcc4
fc76
fc2c
fbeb
fbb0
fb81
fb55
fb31
fb15
fb01
faf4
faec
faea
fae8
faea
faee
faf8
fb00
fb0e
fb24
fb41
fb6b
fb9f
fbe6
fc41
fcb1
fd31
fdcc
fe79
ff43
001e
010a
0207
0310
0418
051f
0627
072a
0815
08f3
09c8
0a8b
0b3b
0bdf
0c76
0cfb
0d7b
0def
0e5d
0ec3
0f23
0f80
0fdc
1032
107d
10c7
10ff
112d
1149
1157
114f
1130
10fe
10b9
1059
0fe5
0f61
0ecd
0e23
0d6f
0cb6
0bf4
0b27
0a5b
0991
08c6
07f7
0728
0660
0598
04d2
040f
0355
029f
01ec
0142
009e
fffd
ff5d
fec0
fe2c
fd9b
fd0b
fc7e
fbf7
fb72
faee
fa6e
f9f4
f97d
f90a
f899
f836
f7df
f796
f758
f72b
f710
f706
f70c
f724
f74b
f785
f7cb
f81c
f878
f8de
f949
f9b7
fa26
fa9a
fb12
fb89
fc0a
fc92
fd21
fdb9
fe59
ff09
ffca
0090
0164
024d
033f
0435
0534
0639
0739
082b
0910
09ec
0aaf
0b57
0be7
0c5f
0cbf
0d06
0d38
0d55
0d5f
0d5b
0d4d
0d33
0d11
0cef
0cc5
0c9a
0c71
0c48
0c1b
0bf1
0bc2
0b96
0b69
0b3b
0b0f
0ae2
0ab3
0a80
0a4f
0a19
09e5
09aa
096c
092a
08e7
089e
0853
0802
07af
0757
06f5
0695
0634
05cc
0564
04fb
0491
0427
03be
0355
02e5
0273
01f8
017d
00f8
006d
ffd6
ff36
fe91
fdde
fd1e
fc55
fb83
faa2
f9bd
f8d2
f7eb
f6f8
f608
f521
f440
f35d
f281
f1a6
f0d3
effa
ef23
ee52
ed7b
eca5
ebc6
eaeb
ea0d
e92a
e83f
e757
e673
e593
e4b0
e3e6
e325
e275
e1da
e159
e0ed
e095
e058
e031
e025
e02e
e04a
e077
e0ba
e10e
e16d
e1d7
e250
e2d8
e368
e403
e4b0
e561
e624
e6eb
e7bd
e89f
e985
ea70
eb61
ec59
ed59
ee4e
ef3c
f02b
f106
f1cf
f285
f327
f3ac
f419
f470
f4b0
f4d2
f4e5
f4e0
f4ce
f4a8
f47a
f43f
f3fe
f3b3
f366
f311
f2ba
f256
f1f1
f18a
f114
f098
f01b
ef97
ef08
ee76
ede2
ed49
ecac
ec16
eb84
eaf9
ea75
ea05
e9a1
e94f
e90c
e8e1
e8c2
e8b8
e8c0
e8d5
e900
e932
e971
e9bf
ea0f
ea68
eace
eb38
ebab
ec27
ecac
ed41
edd6
ee7d
ef33
eff3
f0bb
f18b
f273
f36a
f469
f576
f698
f7c5
f8f9
fa36
fb83
fcd7
fe29
ff81
00e6
0251
03b4
0510
066f
07c3
0902
0a2e
0b4d
0c57
0d3f
0e0f
0ecc
0f6c
0fea
1050
1094
10be
10c6
10ae
1078
1027
0fbc
0f3e
0eaa
0e09
0d63
0cba
0c11
0b70
0ae5
0a6b
0a05
09be
098c
0972
0972
0980
09a0
09c4
09f3
0a1a
0a3e
0a5a
0a6b
0a6e
0a61
0a44
0a1b
09e7
09ab
096c
0927
08e3
08a2
0866
0831
0801
07de
07c4
07b4
07ac
07b0
07bd
07d4
07f6
081f
0852
088e
08ce
0913
095c
09aa
09fa
0a45
0a8a
0ad4
0b10
0b46
0b73
0b98
0bb4
0bc6
0bce
0bce
0bc5
0bb4
0b9a
0b7c
0b58
0b2e
0b01
0ad0
0a9d
0a6e
0a41
0a17
09f1
09d2
09c1
09b8
09b9
09c6
09dc
09fb
0a25
0a4d
0a79
0aa8
0acc
0aeb
0b00
0b07
0b01
0aed
0ac9
0a96
0a59
0a12
09c2
096d
0916
08c5
0874
0825
07e0
07a1
076d
073f
0715
06f3
06dc
06c4
06b2
06a2
0698
068c
0684
067b
0671
0667
065f
0653
064d
0643
063b
0631
0627
061f
0617
060f
0609
0603
0601
0602
0603
060d
0615
0623
0633
0649
0661
0678
0693
06ae
06c7
06de
06f0
06fd
0701
0700
06f7
06e8
06cd
06ae
0685
0657
0624
05ed
05b1
0571
0531
04f3
04b3
0471
042b
03e8
03a2
035b
030f
02c4
0276
0223
01cc
0175
0118
00b2
0043
ffcf
ff53
fece
fe39
fd9e
fcfa
fc43
fb89
fac4
f9f4
f917
f82d
f747
f658
f567
f477
f38c
f2a8
f1c6
f0f6
f02f
ef77
eec6
ee26
eda0
ed2e
ecd0
ec8a
ec5d
ec4e
ec57
ec78
ecb2
ed06
ed73
edf1
ee83
ef1d
efcc
f081
f138
f1f6
f2ba
f379
f439
f4f8
f5ba
f67d
f737
f7f4
f8b4
f971
fa27
fadc
fb8c
fc43
fcf3
fda0
fe4d
fef3
ff90
0024
00b6
0140
01bb
022b
0298
0300
0362
03c1
0421
0481
04e3
054b
05ba
0634
06b0
0737
07cc
0865
0901
099f
0a3d
0ad6
0b5f
0bdf
0c4f
0cad
0cf3
0d29
0d49
0d57
0d51
0d3f
0d17
0ce8
0cb1
0c72
0c2b
0be1
0b98
0b4f
0b01
0ab1
0a62
0a10
09bc
0965
090c
08b3
0851
07f2
078d
0720
06aa
0632
05b3
0530
049e
0407
036d
02c9
021d
016c
00ba
0005
ff51
fea0
fdfe
fd69
fce2
fc75
fc1e
fbe6
fbc6
fbc2
fbd8
fc07
fc49
fca0
fd01
fd68
fdd4
fe3f
fea5
ff03
ff5b
ffa6
ffeb
0029
0063
00a0
00db
011a
0165
01bb
0218
0282
02fb
037d
0405
048d
0517
0598
0606
0666
06ae
06da
06e9
06d8
06aa
065e
05fa
0583
04fb
0467
03d3
033f
02ae
0226
01af
0145
00ec
00a3
006b
0043
0027
0019
0017
001f
002f
0045
0062
0080
00a2
00c7
00e8
0109
0127
0145
0159
0167
016f
016f
0167
0153
0135
010e
00dd
00a3
005b
000a
ffb2
ff50
fee4
fe70
fdfa
fd7b
fcf8
fc73
fbf2
fb73
faf8
fa84
fa1b
f9c1
f971
f928
f8f0
f8c2
f8a0
f889
f87a
f871
f871
f873
f879
f881
f88b
f895
f8a0
f8ab
f8b6
f8c0
f8ca
f8d6
f8e0
f8e8
f8f4
f8fd
f90a
f919
f92d
f946
f969
f994
f9c9
fa0c
fa61
fac0
fb30
fbab
fc3b
fcdc
fd84
fe34
fef4
ffb5
0074
0135
01f2
02aa
0357
03f8
0494
0527
05ad
0626
0694
06fb
0752
079c
07e0
0814
083e
0863
0880
0898
08ac
08bc
08cc
08de
08f1
0909
0923
0946
096e
099e
09d6
0a12
0a4f
0a90
0ad4
0b17
0b55
0b93
0bce
0c02
0c2f
0c55
0c72
0c88
0c92
0c8c
0c82
0c67
0c42
0c0c
0bc8
0b79
0b1c
0ab6
0a3f
09bf
093b
08ad
0815
077d
06e3
0648
05ac
050f
0475
03da
0341
02a9
0215
018a
00fc
0077
fff9
ff81
ff0b
fe9d
fe3b
fde0
fd92
fd4e
fd1c
fcf8
fce2
fce1
fcf0
fd0e
fd3f
fd7a
fdc0
fe0f
fe65
febf
ff19
ff6d
ffbe
0000
003c
006b
008c
00a2
00aa
00a4
0098
007e
005d
0034
0001
ffc9
ff8d
ff4c
ff05
feb8
fe67
fe12
fdb6
fd59
fcf4
fc8e
fc23
fbb5
fb46
fad2
fa59
f9de
f966
f8f0
f875
f7ff
f791
f723
f6bc
f658
f5fe
f5a9
f55b
f518
f4e2
f4b6
f495
f481
f47d
f485
f49a
f4bd
f4ee
f52c
f579
f5d3
f637
f6a3
f71b
f79c
f820
f8aa
f939
f9d3
fa73
fb19
fbc8
fc85
fd44
fe0e
fee8
ffcb
00b3
01a3
02a4
03b3
04c8
05e1
0707
082b
094c
0a69
0b84
0c9a
0da0
0e99
0f90
107a
114e
1217
12cc
1377
1407
1487
14f5
154e
158a
15bc
15d4
15dd
15d4
15b5
1580
1544
14f2
1496
1429
13b1
1335
12b1
121f
1187
10f0
105d
0fc6
0f30
0eaa
0e2a
0db0
0d44
0ce6
0c90
0c49
0c06
0bd5
0ba6
0b82
0b5f
0b43
0b29
0b11
0aff
0ae4
0ac1
0a92
0a5c
0a14
09bd
094d
08c6
0828
0771
069c
05ad
04a7
038b
0255
0111
ffcf
fe89
fd41
fc04
fadb
f9c2
f8bc
f7c9
f6ef
f629
f575
f4d6
f449
f3d0
f35d
f2f9
f2a5
f25b
f216
f1d8
f19f
f16f
f147
f12a
f114
f107
f106
f10c
f11e
f137
f159
f185
f1b5
f1e7
f221
f259
f291
f2c3
f2f6
f320
f344
f362
f37b
f38e
f39c
f3aa
f3b8
f3c4
f3d6
f3ec
f404
f428
f452
f486
f4c8
f51c
f57c
f5ef
f675
f710
f7b8
f877
f94d
fa38
fb2d
fc38
fd55
fe80
ffa9
00d5
0205
032c
043f
0545
063b
071b
07e4
089a
0941
09d8
0a5b
0ad2
0b41
0ba9
0c0a
0c67
0cc6
0d1f
0d7b
0dd9
0e37
0e8d
0ee1
0f2c
0f70
0faa
0fd4
0ff7
1007
100a
0ffd
0fe4
0fbc
0f82
0f3e
0eed
0e8a
0e1e
0daa
0d2b
0ca0
0c0f
0b7a
0ade
0a3d
099a
08f9
0860
07c4
072f
06a8
0626
05aa
0538
04d0
0470
0417
03c6
0380
0340
0305
02d3
02a7
027e
0255
0229
01fc
01c5
0188
0140
00ee
0089
0011
ff8a
fef5
fe4a
fd88
fcb4
fbd8
faf3
f9fe
f909
f818
f728
f63b
f556
f482
f3b0
f2e6
f226
f177
f0cd
f02b
ef93
ef0a
ee86
ee0a
ed97
ed2c
ecc9
ec6b
ec19
ebd4
eb9c
eb69
eb4a
eb39
eb35
eb3d
eb5b
eb85
ebba
ec02
ec5d
ecbd
ed31
edb2
ee40
eed6
ef73
f01e
f0d4
f195
f25b
f335
f418
f502
f5f2
f6f6
f7fe
f907
fa16
fb33
fc52
fd72
fe8d
ffac
00bf
01bf
02b1
0394
045f
050b
059e
0619
067b
06bf
06ee
0701
0701
06eb
06c5
068a
0643
05f3
0596
0533
04c9
0460
03f3
0386
031c
02bc
0264
020f
01ca
0191
0163
0143
0131
0127
012d
013d
0157
0176
01a0
01d2
0206
0240
027b
02ba
02fa
0338
0374
03ac
03e1
040f
0437
0455
046d
047a
0486
048c
0490
0494
0496
04a2
04b0
04c4
04e2
050b
053e
057b
05c1
0611
0668
06c2
071c
0774
07cd
081c
0866
08a8
08e0
090d
0931
094b
0957
0957
0951
093d
091b
08f4
08c3
0882
0836
07db
0771
06f3
0660
05be
0502
042f
0342
0244
0132
0001
febe
fd77
fc25
facc
f979
f836
f706
f5ea
f4e7
f40f
f353
f2b6
f23b
f1de
f1a1
f17d
f16c
f16e
f17f
f19b
f1bd
f1e6
f211
f237
f258
f274
f289
f297
f295
f28a
f274
f249
f212
f1ce
f184
f12d
f0d7
f084
f036
eff2
efc1
efab
efac
efcc
f00b
f067
f0e5
f183
f23b
f305
f3e0
f4ce
f5c2
f6b3
f7a4
f894
f97f
fa5b
fb2a
fbf2
fcaa
fd4d
fde4
fe6b
fedd
ff3a
ff85
ffc0
ffe6
fffb
fffe
ffee
ffce
ff9d
ff5f
ff11
feb9
fe55
fde8
fd71
fcf4
fc75
fbf5
fb71
faf5
fa7f
fa14
f9b2
f95e
f91d
f8ea
f8c4
f8b2
f8aa
f8ae
f8bc
f8d3
f8ed
f908
f91f
f935
f947
f954
f95b
f961
f963
f965
f96b
f977
f98d
f9ab
f9d6
fa12
fa58
faab
fb0a
fb70
fbd5
fc38
fc92
fce1
fd1b
fd3b
fd45
fd2d
fcf7
fca1
fc29
fb94
fae6
fa22
f945
f85a
f765
f66d
f56d
f46a
f36c
f26e
f16f
f076
ef87
ee9e
edba
ece2
ec16
eb55
eaa1
e9f2
e957
e8c9
e847
e7d2
e776
e723
e6ea
e6bd
e6aa
e6ab
e6be
e6e4
e71e
e769
e7cc
e840
e8bf
e955
e9fa
eaab
eb65
ec29
ecf8
edd0
eeac
ef90
f077
f163
f244
f325
f404
f4dc
f5a9
f669
f723
f7da
f885
f92d
f9d6
fa79
fb19
fbba
fc61
fd0b
fdb8
fe67
ff25
ffec
00b4
0183
025d
0339
0413
04f1
05d4
06b5
078d
0867
0945
0a1f
0af0
0bbf
0c8a
0d52
0e09
0ebb
0f64
1002
1094
111c
1198
1208
1267
12b8
12fd
132b
134b
1359
1355
1339
1314
12e0
12a2
125d
1213
11c7
117c
1137
10fd
10ce
10aa
109b
109a
10a8
10c8
10f6
1134
117d
11d6
1237
129d
1309
137a
13f1
1462
14d0
153b
1595
15e3
161e
1645
1653
1645
161e
15dd
157f
1506
1478
13d8
1326
1271
11b7
10f9
103d
0f8c
0ee7
0e4f
0dc8
0d5a
0d00
0cc4
0ca0
0c9a
0cb6
0cf5
0d52
0dd0
0e70
0f31
1009
10f4
11f1
12ff
140e
1512
1614
1709
17ea
18af
1961
19fb
1a83
1aec
1b46
1b8c
1bc4
1bf1
1c12
1c27
1c3d
1c53
1c60
1c66
1c65
1c5f
1c4e
1c2f
1bff
1bc1
1b71
1b09
1a94
1a0b
1968
18ae
17e4
170b
1622
1527
141e
1314
1201
10e5
0fcc
0eaf
0d8b
0c61
0b36
0a12
08f2
07cc
06ac
0594
0486
037a
0273
0173
0078
ff7f
fe88
fda3
fcc2
fbe2
fb09
fa3d
f97b
f8b6
f7fa
f743
f690
f5de
f52f
f489
f3e6
f33f
f29c
f203
f16f
f0d4
f042
efba
ef39
eec2
ee5c
ee09
edc7
ed9f
ed8f
ed95
edb0
ede6
ee34
ee96
ef06
ef87
f012
f09f
f12f
f1c2
f252
f2d6
f355
f3d2
f447
f4b2
f51a
f57f
f5e1
f63f
f6a0
f700
f765
f7c7
f831
f8aa
f92c
f9b6
fa4d
faf4
fbae
fc77
fd50
fe3f
ff40
004e
016a
0298
03cf
0500
062c
0757
0873
0972
0a5e
0b33
0be4
0c74
0ce5
0d33
0d5f
0d68
0d4f
0d13
0cb6
0c3b
0ba6
0af1
0a25
094c
0868
0774
067d
0594
04b5
03e6
032d
0298
0223
01d2
01a2
0198
01af
01e8
023d
02a6
0324
03b4
044d
04ea
058a
0635
06df
0788
0836
08e8
099d
0a57
0b12
0bda
0ca6
0d72
0e41
0f1b
0ff6
10c6
1190
1257
1309
13a2
1425
148e
14d5
14fa
14fd
14e3
14a7
144c
13d6
1345
129c
11e5
1122
1051
0f73
0e98
0db6
0cca
0bde
0af6
0a0d
0921
0835
0754
0676
059a
04c6
03f9
0334
026d
01a8
00f4
0041
ff92
feeb
fe4d
fdb4
fd21
fc95
fc12
fb95
fb1d
faad
fa4b
f9f3
f9a6
f964
f930
f90c
f8f6
f8ea
f8e8
f8f4
f906
f922
f945
f96d
f996
f9c0
f9e8
fa10
fa35
fa53
fa6f
fa85
fa94
faa0
faa4
faa8
faa2
fa9a
fa8c
fa7d
fa67
fa4a
fa28
fa06
f9dc
f9ac
f97d
f946
f90a
f8c9
f888
f843
f7f8
f7ad
f761
f719
f6ce
f68a
f64a
f611
f5da
f5b0
f591
f577
f563
f55b
f55b
f563
f571
f585
f59b
f5b9
f5d6
f5f8
f619
f637
f657
f676
f691
f6a6
f6b8
f6c6
f6cc
f6ca
f6c0
f6b5
f69e
f684
f667
f648
f62c
f614
f602
f5fc
f600
f612
f633
f664
f6a1
f6ed
f747
f7ab
f813
f87e
f8ec
f956
f9b5
fa0d
fa5f
faa3
fadd
fb0b
fb2f
fb4f
fb65
fb79
fb87
fb98
fba7
fbb7
fbc8
fbde
fbf3
fc09
fc1f
fc33
fc40
fc47
fc43
fc39
fc24
fc06
fbd6
fb9f
fb5d
fb13
fac0
fa66
fa0c
f9ae
f94d
f8f1
f899
f844
f7f2
f7aa
f76d
f735
f70c
f6e8
f6d3
f6cc
f6ce
f6e2
f704
f72c
f767
f7a9
f7f3
f842
f898
f8f2
f946
f998
f9ec
fa36
fa76
faae
fae2
fb0f
fb33
fb52
fb6d
fb83
fb91
fb9e
fbae
fbb8
fbc4
fbd4
fbea
fc02
fc24
fc50
fc88
fccb
fd1b
fd7b
fdea
fe68
fef3
ff88
002d
00da
0186
0232
02e0
0382
0416
049f
0517
057f
05d5
0618
064b
0669
0676
0676
0667
0647
061c
05e8
05a4
055d
0510
04be
046b
0415
03c5
0379
0331
02f6
02c5
029f
0282
0273
026d
0274
0280
0292
02ad
02ca
02e6
0301
031b
0333
0347
0356
035f
0363
0363
035b
0351
033f
0329
030d
02f1
02ce
02a8
0281
0259
0235
020d
01ea
01cd
01b6
01a6
019a
0198
0199
019e
01a0
01a2
019e
0190
0175
0148
0108
00b6
004c
ffd1
ff3f
fe98
fde4
fd2b
fc71
fbb2
faff
fa5c
f9c8
f947
f8df
f88d
f853
f829
f812
f80c
f811
f81d
f82f
f840
f853
f85d
f865
f86b
f86c
f86d
f873
f87b
f88f
f8ac
f8d7
f913
f95f
f9c0
fa35
fab8
fb4d
fbf4
fca4
fd5d
fe15
fed6
ff91
0045
00f4
019a
0237
02c5
0346
03ba
0420
0474
04b3
04e4
0502
050b
0507
04f4
04d2
04a8
047a
044b
041a
03f2
03d4
03c0
03be
03cb
03ea
0421
046a
04c3
0527
059c
061b
069d
0722
07ac
0835
08b7
0934
09b2
0a28
0a99
0b03
0b69
0bca
0c21
0c74
0cc0
0d0a
0d48
0d7e
0dae
0dce
0dde
0de2
0dd0
0da8
0d6c
0d18
0cae
0c28
0b8c
0ada
0a0f
092d
0841
0749
0643
0536
042c
0323
021b
0114
001b
ff2a
fe3f
fd62
fc9a
fbe2
fb39
faa5
fa28
f9c7
f977
f93f
f91f
f913
f921
f945
f97d
f9c7
fa27
fa98
fb17
fba4
fc3f
fce9
fd97
fe4f
ff11
ffd4
0094
0155
0215
02d0
037e
0424
04c2
0556
05da
0651
06b8
0714
075b
0790
07b4
07c4
07c4
07b0
0790
075b
0719
06cb
066f
060c
059f
0530
04b8
0440
03c7
0352
02da
0265
01f5
018a
0123
00c2
006a
001a
ffd0
ff93
ff5c
ff2b
fefc
fecf
fea3
fe75
fe3f
fdff
fdb9
fd68
fd07
fc98
fc1b
fb8e
faec
fa3f
f987
f8c8
f7f8
f725
f653
f57f
f4a4
f3d2
f308
f243
f189
f0e1
f051
efd7
ef79
ef3f
ef28
ef34
ef63
efb8
f028
f0b3
f159
f20e
f2cc
f388
f443
f4f7
f596
f620
f69a
f703
f756
f79a
f7d8
f810
f846
f885
f8cc
f921
f98a
fa01
fa94
fb40
fbfe
fccf
fdb6
fea9
ffa3
00a0
01a8
02ad
03a9
04a1
0596
068a
076b
0840
090d
09ce
0a7a
0b14
0ba0
0c18
0c79
0ccc
0d13
0d4b
0d73
0d94
0da8
0dba
0dc3
0dcc
0dd2
0ddc
0de7
0df1
0e05
0e17
0e2d
0e41
0e5b
0e6b
0e7e
0e8c
0e98
0ea2
0ea5
0eaa
0eaa
0ea5
0ea2
0e9e
0e9c
0e98
0e98
0e9c
0ea4
0eaa
0eb2
0eb6
0ebc
0ebb
0eb2
0e9e
0e7a
0e49
0e06
0db3
0d4f
0cd2
0c47
0bae
0b03
0a50
0999
08e2
0825
0771
06c9
062c
0596
050c
048e
041e
03b6
0359
0305
02b8
026d
022a
01ea
01af
0173
0137
00fe
00c7
008e
005b
002c
0000
ffd6
ffb2
ff95
ff79
ff5d
ff45
ff2d
ff11
fef0
fece
fea3
fe70
fe35
fdeb
fd9a
fd3e
fcd8
fc64
fbed
fb72
faec
fa6b
f9ef
f974
f8fe
f88e
f829
f7cb
f76f
f71f
f6d1
f68c
f643
f601
f5bc
f578
f535
f4ee
f4a1
f450
f3f6
f397
f332
f2c6
f251
f1d3
f152
f0c6
f035
ef99
eef9
ee57
edac
ecfa
ec4f
eba1
eaf8
ea4b
e9ae
e91b
e88f
e80a
e79a
e738
e6ea
e6b6
e696
e697
e6b4
e6f2
e74e
e7ce
e86b
e928
e9ff
eaeb
ebec
ecfe
ee0d
ef1f
f02b
f130
f223
f301
f3d0
f487
f52a
f5bc
f641
f6b3
f718
f774
f7ca
f814
f85d
f89f
f8e8
f933
f983
f9d4
fa2f
fa91
fafc
fb6e
fbec
fc78
fd06
fda0
fe4b
fef8
ffa6
0057
0107
01b4
0255
02ec
0375
03ef
0458
04b3
0507
054d
058c
05ca
0603
0644
068b
06db
0735
0798
080d
088d
091f
09b8
0a56
0af5
0b98
0c3b
0cd0
0d5e
0de2
0e60
0eca
0f26
0f7a
0fbf
0ffb
1029
104d
106c
1082
108d
1094
1095
1090
1086
1076
105c
103c
1012
0fe3
0fa9
0f69
0f20
0ed2
0e7d
0e26
0dd2
0d7c
0d34
0cf6
0cc4
0ca6
0c9c
0ca4
0cc6
0d01
0d53
0db8
0e2e
0eba
0f4b
0fe3
1083
1127
11c2
1255
12e4
1366
13d3
1429
1469
148e
1494
1474
1432
13c2
132c
1271
1191
1084
0f52
0e0b
0cab
0b2f
09b2
0831
06b6
053b
03cd
027a
0133
fff6
feca
fdbb
fcb9
fbc6
fae6
fa14
f954
f89e
f7fb
f760
f6d0
f647
f5c8
f556
f4f1
f495
f441
f3fd
f3c3
f395
f36c
f351
f345
f345
f34f
f36b
f396
f3d2
f41d
f47a
f4e5
f563
f5f0
f68d
f72e
f7dc
f891
f942
f9f0
fa9c
fb3e
fbd0
fc53
fcca
fd2e
fd87
fdd3
fe13
fe4f
fe80
feb0
fee0
ff12
ff46
ff80
ffc0
0009
0059
00b1
010f
0175
01d9
0244
02b4
0320
038d
03fa
046b
04db
0548
05b5
0625
0692
06fe
076a
07d4
083e
08a3
0908
0969
09c2
0a10
0a53
0a88
0aac
0abe
0ab6
0a9a
0a65
0a19
09b9
093f
08b4
081f
0782
06dc
0637
0599
0504
0478
03f8
038b
032e
02e0
029f
026d
0248
022b
0217
020b
0200
01fd
01f8
01f2
01e8
01d6
01bf
01a1
0179
0147
00fe
00b0
0052
ffe4
ff65
fedb
fe48
fda8
fd04
fc61
fbc1
fb23
fa90
fa0c
f997
f92f
f8dc
f89d
f872
f85b
f85b
f86d
f897
f8d2
f926
f98a
f9fd
fa81
fb11
fba2
fc38
fccc
fd5a
fdd6
fe40
fe96
fecf
feec
fee6
fec0
fe7a
fe16
fd99
fd00
fc52
fb95
face
f9f6
f91e
f849
f76d
f68d
f5ac
f4d2
f3f7
f31b
f23d
f168
f096
efbe
eeea
ee22
ed57
ec89
ebbb
eaf8
ea3b
e97f
e8cc
e822
e77f
e6ea
e65d
e5d8
e555
e4d4
e458
e3dc
e35c
e2d6
e249
e1b5
e10e
e05f
dfa5
dee1
de12
dd40
dc65
db9b
dad9
da28
d984
d8fd
d89c
d859
d834
d835
d862
d8bd
d93e
d9e3
dab4
dbb1
dcd8
de18
df84
e10e
e2b6
e470
e63a
e814
e9f5
ebc4
ed82
ef35
f0c4
f228
f369
f481
f568
f622
f6b1
f710
f745
f74f
f732
f6f6
f689
f60a
f56c
f4ba
f402
f34d
f29b
f1f6
f16d
f109
f0d0
f0cc
f100
f170
f219
f300
f41e
f564
f6c5
f845
f9d2
fb4f
fcc2
fe23
ff68
007d
016d
023f
02e5
0367
03c5
040d
043b
045b
0469
046b
0469
0463
0461
045d
0461
0464
0470
047e
0494
04b0
04d3
04fd
0533
056a
05a6
05e6
0626
0663
069b
06cc
06f2
0709
0715
0713
06fe
06dd
06af
0671
062c
05e3
0594
0543
04f3
04a8
0464
0427
03f2
03ca
03ae
03a0
03a2
03b3
03d4
0405
044e
04a0
0504
0576
05f6
067a
0704
0792
0817
0890
08fa
0955
0996
09bc
09ca
09bc
0992
0951
08fc
0890
081d
079e
071d
0698
0614
0598
0524
04b4
0456
0402
03bd
0380
0354
0333
0323
0321
032f
0346
0369
0394
03c3
03f9
042e
0463
048f
04b4
04d0
04de
04de
04ce
04b1
0484
044c
040b
03c3
0379
032a
02de
0295
0251
0215
01e3
01ba
0198
017d
016e
0165
0165
016d
0177
018a
01a2
01be
01d6
01f1
0207
0215
021d
0219
0207
01e6
01b2
016e
0111
00ab
0038
ffbb
ff35
feb5
fe3b
fdd1
fd75
fd32
fd0c
fd04
fd19
fd4e
fda3
fe10
fe9c
ff3b
ffe9
00a0
0165
022d
02f2
03b1
0471
0529
05d2
0671
0701
0783
07f0
084c
0892
08c4
08de
08e6
08de
08c4
08a2
0878
0849
081c
07f8
07dc
07ce
07d0
07e0
0804
083b
0885
08de
093f
09aa
0a19
0a89
0af6
0b67
0bcc
0c26
0c78
0cbe
0cf7
0d22
0d3b
0d47
0d41
0d29
0cff
0cc6
0c78
0c20
0bb8
0b43
0ac5
0a45
09c2
0939
08b9
083e
07d0
076b
070c
06bd
0678
063b
0608
05dd
05b4
058e
056b
0547
0525
04fd
04d7
04ae
0487
0463
0443
0429
041a
0417
0421
0438
045f
0494
04da
052b
0588
05f2
0660
06cf
0741
07b0
081e
0881
08df
0931
097c
09c0
09f7
0a25
0a4c
0a69
0a7e
0a8c
0a93
0a94
0a8c
0a7c
0a67
0a45
0a17
09de
0995
0940
08dc
0863
07dd
074b
06a4
05e6
0519
043f
035a
0263
015f
0058
ff4a
fe31
fd16
fc01
fae4
f9c0
f89c
f780
f667
f54d
f43a
f337
f23b
f149
f063
ef8b
eec1
ee02
ed51
ecba
ec37
ebc4
eb68
eb29
eafe
eaea
eaf2
eb11
eb45
eb95
ebff
ec7a
ed0a
edb2
ee6d
ef38
f00d
f0f4
f1e8
f2e0
f3de
f4e6
f5eb
f6e7
f7d6
f8c4
f99f
fa63
fb0d
fbae
fc38
fcad
fd0d
fd63
fda4
fdd7
fe02
fe23
fe40
fe56
fe69
fe79
fe8a
fe96
fea2
fea4
fea6
fea2
fe95
fe83
fe69
fe46
fe1d
fdee
fdbb
fd83
fd4b
fd13
fce1
fcb4
fc8e
fc73
fc61
fc5d
fc61
fc75
fc8e
fcb5
fce1
fd15
fd4b
fd85
fdbd
fdf6
fe2d
fe5f
fe8c
feb4
fed8
fef5
ff0f
ff21
ff31
ff3b
ff3d
ff3d
ff35
ff2d
ff21
ff13
ff09
fefc
fef4
feee
feec
fef0
fefc
ff0f
ff29
ff4b
ff72
ffa2
ffd5
0008
003c
0075
00a6
00d8
0103
012b
014b
0167
017d
0190
019a
01a4
01aa
01aa
01ae
01ac
01aa
01aa
01a9
01aa
01af
01b8
01c4
01d6
01ee
020d
0235
0263
0297
02d2
0314
0359
039e
03e8
042e
0470
04a8
04dc
0503
051f
052f
0533
052d
0519
04fc
04d6
04a8
0477
043e
0401
03c3
0387
0346
02ff
02b5
0264
020c
01aa
013b
00c3
003f
ffaa
ff05
fe53
fd99
fcca
fbee
fb12
fa2f
f947
f864
f78a
f6b8
f5ec
f52f
f487
f3ee
f369
f2fe
f2ab
f279
f25f
f26b
f298
f2e4
f353
f3e8
f495
f564
f64f
f752
f863
f980
fab0
fbe3
fd0c
fe32
ff55
006f
0175
0268
0349
0419
04c8
055a
05d0
0624
0652
0660
064f
061b
05d1
056f
04f9
0476
03f0
0367
02e2
0268
01fe
01a4
0157
0119
00e8
00c0
009c
0079
0051
001f
ffdc
ff89
ff27
feaf
fe1f
fd7f
fcd2
fc1d
fb5f
faa4
f9f2
f94d
f8b6
f834
f7c9
f778
f741
f723
f723
f73b
f76d
f7b3
f810
f87d
f8fe
f98e
fa2a
fad2
fb90
fc57
fd23
fdfc
fee4
ffd3
00c3
01b9
02b6
03b5
04b1
05b0
06b0
07ac
089b
0981
0a5d
0b2a
0bde
0c7f
0d0b
0d84
0de7
0e36
0e74
0ea5
0ec6
0ede
0ee7
0ef3
0ef6
0ef9
0efb
0f01
0f05
0f11
0f19
0f22
0f2f
0f35
0f39
0f3b
0f3b
0f33
0f2d
0f1b
0f05
0eed
0ed0
0eae
0e89
0e61
0e39
0e0e
0dde
0db0
0d82
0d56
0d27
0cf9
0ccc
0ca2
0c7b
0c58
0c33
0c16
0bfb
0be8
0bd4
0bc2
0bb4
0baa
0ba2
0b9b
0b96
0b94
0b92
0b8d
0b8a
0b85
0b82
0b78
0b6f
0b65
0b57
0b43
0b2c
0b10
0af1
0aca
0aa3
0a74
0a3b
09f2
09a8
094d
08e6
086c
07eb
0754
06ae
05f7
0538
0469
0386
029b
01ae
00c0
ffce
fedb
fdf9
fd1e
fc4b
fb89
fad6
fa35
f99e
f91e
f8b3
f859
f813
f7e1
f7c4
f7bc
f7c6
f7e1
f807
f83b
f87b
f8c2
f90d
f958
f9a4
f9e9
fa24
fa59
fa81
faa0
fab2
fabe
fac0
fab8
fab0
faa2
fa92
fa85
fa78
fa6f
fa67
fa67
fa6b
fa77
fa85
fa9b
fab7
fad5
fafc
fb26
fb55
fb85
fbb8
fbef
fc23
fc53
fc7b
fc9f
fcb6
fcc2
fcc2
fcb0
fc91
fc63
fc25
fbd8
fb84
fb25
fac0
fa57
f9f1
f98c
f92d
f8d1
f87e
f835
f7f6
f7c0
f794
f76f
f755
f741
f735
f732
f733
f73d
f749
f75f
f77d
f79f
f7ca
f7fd
f837
f87d
f8c7
f91a
f979
f9de
fa48
fabb
fb35
fbb5
fc35
fcb3
fd33
fdb1
fe28
fe99
ff03
ff6a
ffc9
0024
0079
00cf
011e
016c
01bc
020a
0258
02aa
02fd
0358
03b1
040f
0477
04dd
0542
05a9
0615
0681
06eb
0752
07be
0824
0888
08e8
0945
099d
09ee
0a39
0a7c
0ab6
0ae8
0b10
0b33
0b4c
0b60
0b6e
0b78
0b82
0b86
0b8c
0b94
0b9e
0baa
0bb7
0bc6
0bd4
0bdc
0be4
0be4
0bda
0bc6
0ba6
0b76
0b36
0aec
0a94
0a2d
09ba
0946
08cd
0851
07da
076e
070c
06b6
066e
063a
0615
0603
0607
061e
0645
0682
06cf
072a
0794
080f
0895
0923
09b5
0a4d
0ae9
0b7a
0c05
0c84
0cf4
0d50
0d93
0dc2
0dd9
0dda
0dcb
0da8
0d7c
0d48
0d11
0cdc
0caa
0c85
0c67
0c5d
0c5e
0c6c
0c8b
0cbc
0cf8
0d40
0d8b
0de2
0e3d
0e98
0ef2
0f4f
0fa8
0ffb
1044
1086
10bc
10e1
10f7
10fb
10ec
10c8
1090
1045
0fe2
0f71
0ef3
0e64
0dce
0d30
0c8f
0be9
0b46
0aa7
0a0a
096d
08d6
083e
07ae
071b
0686
05f6
0564
04d0
0439
03a5
0309
0265
01b8
0109
0055
ff94
fece
fe04
fd33
fc59
fb7a
fa97
f9ae
f8ba
f7c6
f6d4
f5e8
f4f6
f415
f33c
f270
f1ac
f0fa
f057
efc5
ef45
eed3
ee7d
ee3b
ee0c
edf5
edf4
ee0c
ee3d
ee7b
eec6
ef20
ef87
efeb
f04c
f0a7
f0f8
f133
f157
f169
f15d
f133
f0f5
f09f
f033
efb8
ef38
eeaf
ee22
ed97
ed18
eca6
ec37
ebd4
eb86
eb42
eb0e
eae4
eacd
eabe
eabe
eac7
eade
eafb
eb24
eb55
eb90
ebd0
ec1c
ec6e
ecc7
ed25
ed89
edf4
ee63
eed2
ef45
efc1
f03b
f0b5
f131
f1ad
f223
f298
f30c
f379
f3dc
f43d
f49e
f4f9
f54a
f599
f5e2
f624
f660
f693
f6c6
f6f6
f71c
f741
f765
f78a
f7ad
f7d2
f7f8
f827
f856
f88f
f8cc
f90f
f956
f99c
f9e6
fa28
fa63
fa8e
faaa
fab2
faa2
fa7b
fa37
f9d7
f95b
f8c4
f811
f743
f66a
f57f
f485
f381
f27c
f175
f069
ef5f
ee65
ed79
ec91
ebc4
eb10
ea79
e9fc
e9a2
e972
e969
e97d
e9b4
ea0d
ea80
eb0a
eba5
ec48
eced
ed99
ee3b
eed0
ef57
efd0
f040
f0a4
f0f6
f147
f18e
f1ce
f20f
f251
f299
f2e4
f333
f38f
f3f3
f45f
f4d2
f551
f5d7
f65f
f6ec
f783
f81b
f8b1
f94d
f9f2
fa96
fb37
fbd4
fc73
fd0a
fd9c
fe26
feaa
ff22
ff8f
fff8
0059
00b4
0106
0150
0194
01d8
0214
024f
0288
02bd
02f4
032d
0365
03a2
03dc
041a
045d
04a3
04ea
0534
0580
05d2
0621
0673
06c6
0716
0760
07a4
07e2
0814
083b
085b
0867
086d
0865
0850
0833
080c
07db
07a7
076d
072c
06ed
06ab
0665
0621
05e0
059b
0559
0514
04d1
048f
044f
040c
03ce
038f
034f
030c
02cb
0287
0241
01fb
01af
0163
0111
00bf
006b
0013
ffb2
ff50
feeb
fe83
fe15
fda9
fd3c
fccf
fc5f
fbef
fb84
fb14
faa4
fa32
f9c1
f94d
f8d8
f85e
f7e5
f768
f6e8
f666
f5e4
f565
f4e6
f46c
f401
f3a1
f353
f31a
f2f6
f2f0
f304
f333
f37c
f3dd
f45b
f4ea
f589
f62f
f6e0
f792
f83d
f8e3
f985
fa16
fa9e
fb17
fb8a
fbf1
fc4c
fca0
fcee
fd35
fd7a
fdb9
fdf6
fe38
fe79
fec1
ff11
ff6a
ffc9
0034
00b0
0136
01c8
0269
0319
03d4
0492
0555
0619
06d8
0784
081d
08a4
090e
0959
0986
0994
0986
095f
0922
08d2
0876
0818
07b9
0759
0704
06bd
0680
0653
063a
062d
062d
063b
0652
0673
0696
06c0
06f1
071e
0750
0784
07be
07fb
083e
088a
08de
093a
099f
0a11
0a8f
0b0e
0b98
0c2d
0cc0
0d4b
0dd2
0e4d
0eb9
0f0c
0f49
0f6e
0f76
0f5f
0f2b
0ed8
0e67
0de3
0d43
0c8c
0bc3
0aed
0a0d
091f
0824
0730
0638
053f
044b
0369
0295
01d2
0123
0095
0022
ffc8
ff8e
ff73
ff77
ff94
ffcf
001c
0081
00fc
0187
021e
02c0
036b
041f
04d6
0590
064b
0709
07ba
0869
090d
09ac
0a3a
0abb
0b33
0b9f
0bfe
0c56
0ca6
0cf2
0d38
0d79
0dbc
0dfc
0e3f
0e80
0eca
0f18
0f68
0fb9
100f
1068
10c4
111b
1176
11d3
122c
1282
12db
1331
1381
13d0
1413
1459
1494
14c3
14ed
1511
1527
1535
153b
1533
1520
1505
14df
14b1
1477
1436
13e7
1392
1332
12c5
1249
11bc
1123
1078
0fba
0ee7
0e04
0d0f
0c07
0ae7
09c1
088f
074f
0609
04d3
03a7
0284
017a
008c
ffc2
ff11
fe7d
fe07
fdac
fd5f
fd27
fcf9
fcd0
fca2
fc74
fc37
fbf1
fb98
fb30
fab8
fa37
f9aa
f91b
f88f
f80a
f78f
f71c
f6c1
f679
f641
f621
f617
f623
f641
f676
f6b7
f70c
f76d
f7dc
f852
f8d1
f95b
f9f1
fa8a
fb27
fbce
fc7a
fd25
fdd0
fe83
ff33
ffdc
0089
013d
01ef
029f
0353
0409
04c4
057a
0633
06f2
07b2
086f
092e
09f9
0ac2
0b82
0c43
0d05
0dc1
0e72
0f1b
0fc0
1057
10df
1161
11d6
123e
1293
12da
130f
1331
1341
133b
1325
12fa
12bb
1265
11f9
117a
10e6
103f
0f78
0ea2
0dbf
0cc9
0bc0
0aa3
0981
0858
0723
05ef
04c3
03a3
0284
0182
0098
ffc6
ff09
fe5f
fdca
fd4a
fcd2
fc68
fc04
fba3
fb39
facd
fa5a
f9dc
f94d
f8aa
f7fe
f744
f67b
f5a6
f4d0
f3f4
f312
f22d
f14f
f070
ef93
eeb0
eddd
ed0d
ec3f
eb78
eac2
ea0e
e969
e8cc
e83f
e7c0
e74f
e6f0
e6ab
e67f
e667
e66f
e69c
e6e6
e755
e7e7
e893
e95e
ea4d
eb54
ec64
ed81
eea4
efc9
f0db
f1e2
f2e0
f3bf
f485
f535
f5d4
f65b
f6cd
f72c
f783
f7c9
f808
f83e
f871
f89f
f8ce
f8ff
f931
f962
f990
f9c2
f9f4
fa26
fa54
fa88
fab8
fae8
fb18
fb4a
fb7d
fbae
fbde
fc11
fc41
fc75
fca4
fcd6
fd06
fd3a
fd73
fdb0
fdf8
fe46
fe9d
ff01
ff73
fff4
0081
0119
01c4
027e
0341
0407
04d8
05a7
0672
0733
07ee
089b
0932
09b7
0a29
0a7e
0ab4
0ace
0ac0
0a8f
0a34
09b5
0905
082a
072e
0608
04ba
034d
01d0
0046
feac
fd11
fb8a
fa14
f8ae
f76c
f64e
f556
f481
f3d8
f35e
f30d
f2e2
f2ee
f31a
f372
f3f4
f49e
f561
f643
f743
f85c
f97c
faa6
fbda
fd0e
fe32
ff4a
0053
0149
0221
02e4
0390
041e
048d
04e2
0519
0535
0533
0518
04de
048d
042a
03af
0323
0286
01e5
0138
0084
ffcf
ff21
fe7b
fdd4
fd36
fca9
fc26
fbae
fb44
faeb
faa3
fa69
fa43
fa2f
fa2b
fa37
fa53
fa79
faab
fae6
fb29
fb6e
fbb4
fbfa
fc3b
fc76
fca8
fcd4
fcf9
fd13
fd1f
fd23
fd1d
fd0e
fcf6
fcd2
fca4
fc6e
fc2f
fbea
fb96
fb43
fae6
fa81
fa1a
f9af
f945
f8d6
f866
f7f9
f78e
f729
f6cd
f67e
f63d
f610
f5f6
f5f4
f60c
f63d
f68e
f6f5
f774
f80c
f8b6
f968
fa22
fae2
fba0
fc50
fcf5
fd8e
fe13
fe84
fee3
ff31
ff6a
ff92
ffaa
ffb4
ffb4
ffab
ff96
ff7f
ff5b
ff33
ff01
fec4
fe7d
fe2c
fdce
fd5d
fcdd
fc53
fbb9
fb0a
fa51
f995
f8d4
f80c
f748
f694
f5f2
f55f
f4e3
f48b
f44c
f429
f429
f443
f477
f4c0
f51a
f581
f5ee
f665
f6d9
f74a
f7b5
f81d
f882
f8dd
f933
f987
f9d9
fa28
fa77
fac8
fb1a
fb6c
fbc2
fc1d
fc7e
fcdd
fd3e
fda0
fe03
fe64
febf
ff1b
ff74
ffc4
0013
005f
00a3
00e5
011e
0157
0189
01b5
01dc
01fd
021c
0238
0253
0273
0294
02bd
02ee
032b
0377
03cf
043a
04b8
0549
05e8
0696
0759
0821
08ee
09bc
0a88
0b51
0c0a
0cb2
0d4f
0ddc
0e51
0eb4
0f05
0f47
0f74
0f90
0f9e
0f9e
0f8f
0f74
0f4f
0f1f
0ee6
0ea5
0e5d
0e0a
0db7
0d5b
0cfd
0c9c
0c3a
0bd8
0b70
0b08
0a9f
0a32
09c0
0948
08ca
084a
07be
072d
0696
05fc
0555
04a8
03fc
0351
02a0
01f2
014d
00b2
0019
ff91
ff18
feac
fe4d
fdff
fdc3
fd9a
fd83
fd7f
fd8c
fdad
fde2
fe2a
fe81
fee6
ff5b
ffd9
005b
00df
0167
01eb
0265
02d5
0337
0389
03ce
0405
0435
0457
0475
048c
04aa
04c9
04f3
0520
055f
05a9
05fd
065e
06c8
0738
07a9
0811
0878
08d3
091e
0957
097e
098e
098a
0971
0945
0901
08b0
084e
07e0
0762
06e1
0659
05c8
0532
0497
03f8
0353
02a4
01f6
0146
008c
ffcf
ff15
fe59
fd96
fcd0
fc0d
fb4b
fa8c
f9ce
f91d
f877
f7d8
f744
f6c2
f650
f5ea
f591
f54f
f51e
f4fc
f4f4
f4fb
f516
f545
f588
f5dd
f640
f6b8
f73f
f7d4
f870
f919
f9cb
fa7b
fb2f
fbe4
fc96
fd40
fde4
fe86
ff1c
ffa7
0024
0098
00fa
014b
018b
01bc
01d8
01e4
01e6
01da
01c4
01a7
0188
0167
014a
0135
012b
0127
0134
014b
016f
019a
01d3
020a
0245
0280
02b8
02e7
030c
0329
033b
0345
0345
033d
0331
0325
031a
0311
030f
0314
0323
033f
0363
0390
03c6
0405
044a
048f
04d5
051d
055d
0595
05ca
05f7
061b
063a
064f
065b
0666
0669
0669
0665
065f
0657
064f
0643
0637
0625
0615
05fb
05e3
05c0
059a
056b
0534
04f7
04b3
046b
0421
03d7
0392
034f
0317
02ec
02d0
02c2
02ca
02e4
0309
033d
0377
03b5
03ef
0421
0444
044e
043e
0411
03c3
0358
02c7
0213
0145
0064
ff77
fe79
fd76
fc7a
fb85
fa96
f9bc
f8ee
f830
f781
f6de
f64d
f5c6
f549
f4d2
f464
f3fd
f399
f338
f2df
f288
f237
f1ef
f1b6
f18a
f16f
f166
f16e
f18c
f1c2
f205
f25c
f2c3
f339
f3be
f445
f4d2
f563
f5f2
f67a
f6fc
f779
f7f0
f85d
f8c3
f927
f98a
f9e5
fa3d
fa9a
faf6
fb4e
fbab
fc09
fc70
fcd1
fd32
fd98
fdf9
fe52
fea5
fef6
ff3d
ff7b
ffae
ffdc
fffe
0013
0021
0025
0019
0008
ffec
ffc2
ff93
ff5c
ff20
fee0
fea0
fe63
fe2b
fdfe
fde0
fdd2
fdd6
fdf4
fe23
fe6b
fecc
ff45
ffd9
007b
012c
01f2
02c0
0390
0469
0549
0623
06f9
07c9
0896
0959
0a09
0aa8
0b37
0bb0
0c0e
0c54
0c7e
0c92
0c92
0c7d
0c5f
0c32
0c00
0bd2
0baa
0b88
0b78
0b80
0b94
0bbf
0bfa
0c47
0ca0
0cfa
0d56
0dad
0df7
0e38
0e61
0e74
0e72
0e54
0e1f
0dd3
0d6e
0cfa
0c77
0be8
0b4d
0aad
0a0d
0968
08c2
0818
0777
06d9
063b
05a4
0515
048e
040b
0395
032c
02c7
026b
0214
01c8
0182
0141
0106
00cf
009e
006d
0041
0016
ffeb
ffba
ff87
ff54
ff1d
fee0
fe9d
fe55
fe07
fdb2
fd54
fcf3
fc86
fc0f
fb90
fb11
fa8c
f9fe
f971
f8e3
f855
f7c4
f736
f6aa
f61b
f58d
f4fe
f476
f3f0
f363
f2dd
f25b
f1da
f159
f0df
f067
eff1
ef81
ef19
eeb7
ee63
ee18
edd7
eda6
ed82
ed6d
ed64
ed6c
ed7f
eda1
edd2
ee0d
ee4f
ee9f
eef8
ef56
efb8
f025
f096
f108
f180
f200
f27f
f302
f385
f410
f498
f51c
f59f
f625
f6a8
f723
f79b
f80c
f872
f8c9
f914
f94f
f97f
f998
f9a2
f996
f976
f943
f8f7
f894
f81b
f78c
f6e8
f62b
f559
f478
f387
f27b
f162
f044
ef23
edfe
ecd3
ebbb
eaaf
e9ab
e8b6
e7de
e719
e661
e5c3
e542
e4d3
e47d
e43b
e414
e403
e404
e420
e44f
e495
e4f8
e572
e603
e6b2
e77d
e863
e964
ea7c
ebb0
ed02
ee5f
efd0
f159
f2ec
f47b
f604
f78f
f90c
fa6f
fbb8
fcf0
fe0e
ff0f
fff7
00cc
0181
0221
02ac
0327
038f
03e5
042e
0469
049a
04bb
04d1
04dc
04d1
04ba
0492
0459
040a
03af
0343
02c6
023c
01a6
010c
0069
ffc6
ff2b
fe96
fe09
fd85
fd18
fcb9
fc67
fc27
fbf8
fbd6
fbc0
fbb4
fbb1
fbb7
fbc0
fbd0
fbe0
fbf2
fc02
fc15
fc29
fc3a
fc4f
fc60
fc73
fc85
fc98
fcac
fcbc
fccd
fcdc
fce9
fcf2
fcf6
fcf6
fcf0
fce2
fccc
fcb0
fc8c
fc65
fc3a
fc0f
fbe6
fbc2
fbaa
fb9c
fba2
fbbc
fbe9
fc2b
fc86
fcf3
fd73
fe04
fe9b
ff36
ffd1
0067
00f0
0165
01c8
0215
024f
0277
028a
0292
0296
0292
0296
02a0
02b6
02de
0318
0369
03cd
044a
04d7
0578
0629
06de
0794
0855
090e
09c0
0a6b
0b0f
0bab
0c38
0cb9
0d31
0d9f
0dfd
0e4e
0e96
0ed4
0f00
0f25
0f3d
0f46
0f43
0f30
0f0d
0edc
0e95
0e43
0dd8
0d5c
0cd7
0c3e
0b94
0ae1
0a25
0967
08a4
07e4
072b
067c
05d8
0547
04c7
0452
03ee
0397
0351
0317
02e6
02bd
029f
0282
026b
0257
0245
0235
0225
021b
0213
020f
0213
021b
022b
0243
0265
028c
02bd
02fa
0345
0399
03fa
0466
04e0
056c
05fc
0697
0741
07f5
08b2
0971
0a3b
0b03
0bc6
0c80
0d37
0de0
0e75
0ef9
0f70
0fd4
1023
1060
108a
10a3
10ac
10a1
108c
1065
1035
0ff7
0fb0
0f61
0f0c
0eb1
0e4d
0de6
0d7f
0d18
0cae
0c49
0be5
0b89
0b2b
0acb
0a6d
0a12
09b2
0952
08ed
0884
0813
0798
0720
069f
0617
058c
0504
0482
0403
038b
0326
02cf
028a
0259
023b
0231
0237
0249
0267
028f
02bc
02ec
0317
033d
035b
0371
037a
0377
0369
034d
0328
02fc
02c6
028c
024f
0210
01cc
0189
014a
010e
00da
00a6
0080
0065
0057
0053
0062
007e
00ae
00ea
0133
0187
01ea
0250
02b9
0322
038a
03ef
0447
0492
04d8
0510
053c
055d
0575
0586
0592
059a
05a0
05a4
05aa
05b0
05ba
05c7
05da
05ee
0607
061f
063b
0659
0676
0695
06b2
06d3
06f0
0708
0724
0739
074f
0760
076d
0776
077c
077e
077a
0771
0761
074f
0734
0716
06f2
06c6
0696
0663
0627
05ea
05a9
0565
051d
04d4
048d
044c
0409
03d0
039d
0373
0353
033b
0331
032f
0333
0346
0361
0381
03a6
03d4
0402
0431
0463
0498
04ca
04fb
052d
055b
0588
05b0
05d6
05f9
0616
062f
0645
0653
065d
065f
0659
0649
062d
0609
05d8
059b
0554
0500
04a2
0432
03b9
0335
02a6
020b
0171
00d0
0025
ff78
fece
fe27
fd7b
fcd3
fc2f
fb94
faf8
fa66
f9e1
f963
f8f4
f88d
f838
f7ef
f7ae
f777
f748
f71d
f6f8
f6d3
f6a9
f67c
f647
f60a
f5c7
f575
f517
f4ac
f43a
f3bd
f337
f2a6
f218
f186
f0ec
f056
efc0
ef2f
ee9d
ee13
ed8e
ed17
eca7
ec42
ebef
ebaa
eb77
eb57
eb45
eb47
eb53
eb73
eb9d
ebd3
ec14
ec57
eca6
ecf3
ed47
ed9a
eded
ee3e
ee91
eee2
ef2c
ef76
efba
f001
f03b
f075
f0a8
f0da
f109
f134
f161
f18f
f1bc
f1ee
f223
f25e
f29b
f2e4
f331
f38c
f3f1
f464
f4e4
f573
f610
f6ba
f779
f847
f91f
fa07
fb02
fc05
fd09
fe11
ff1b
001c
010b
01e5
02ac
0355
03dd
0441
0488
04b0
04b4
049d
0469
041d
03c1
0352
02d2
024a
01bb
0127
0086
ffe2
ff39
fe8a
fdd2
fd11
fc4f
fb87
fab0
f9d4
f8fd
f821
f743
f66e
f5a9
f4f8
f45d
f3e3
f38f
f363
f365
f396
f3f1
f478
f52d
f60b
f6fd
f80b
f92f
fa59
fb82
fca8
fdcc
fee1
ffe4
00dc
01c6
02a4
036d
042b
04e0
058c
0629
06be
074f
07d7
0854
08cd
093d
099b
09ee
0a30
0a61
0a7e
0a87
0a7c
0a5d
0a26
09dd
097f
090d
088b
07f9
075c
06b0
05f7
053f
0480
03b6
02eb
021c
014b
0075
ff9e
feca
fdfa
fd25
fc59
fb92
fad4
fa13
f95b
f8ae
f80a
f76f
f6df
f662
f5f1
f58f
f541
f506
f4d8
f4be
f4b8
f4c2
f4e0
f510
f552
f5a3
f608
f67b
f6fb
f786
f819
f8c0
f96a
fa11
fabd
fb6d
fc11
fcab
fd3b
fdbe
fe37
fe99
fef5
ff45
ff8a
ffc9
0000
003b
0076
00b4
00f9
0147
019b
01fe
026d
02ea
0370
03fa
0491
052f
05d3
0677
071b
07c2
086c
090e
09ae
0a4d
0ae3
0b6c
0bed
0c65
0ccb
0d1f
0d64
0d9a
0dc4
0de0
0deb
0def
0de8
0de1
0dd3
0dca
0dbe
0db8
0db4
0dba
0dbb
0dbe
0dc2
0dbc
0dac
0d8f
0d5e
0d17
0cb9
0c45
0bbb
0b0f
0a4b
0976
0895
07a0
06a5
05b2
04c3
03d8
02fa
0235
0180
00dc
004b
ffd3
ff6d
ff17
fed4
fea2
fe7f
fe65
fe5d
fe5d
fe65
fe79
fe8e
feae
fed4
fefe
ff2e
ff5c
ff90
ffc6
fffe
0031
0068
00a0
00d5
010b
013f
0175
01aa
01de
0211
0243
0277
02a7
02db
030b
033e
036d
039d
03cc
03fd
042b
045a
0486
04b3
04e0
0511
0545
057d
05b4
05f5
063b
0685
06d5
072c
078a
07f0
085a
08c1
0935
09a0
0a0a
0a6c
0ac8
0b1c
0b62
0b9b
0bc8
0be6
0bf5
0bf7
0be9
0bca
0ba1
0b6a
0b25
0ad6
0a7c
0a1c
09ac
0932
08af
0823
0788
06e3
0639
0585
04c2
03f9
032e
025b
017b
0092
ffa8
febd
fdc8
fcd2
fbe3
faf7
fa0a
f923
f84a
f771
f698
f5c9
f500
f441
f383
f2cf
f223
f180
f0e2
f04d
efc3
ef40
eec8
ee56
edf9
edaa
ed6d
ed41
ed2f
ed30
ed47
ed76
edbd
ee1a
ee91
ef20
efc4
f07d
f149
f22f
f321
f41c
f52d
f64c
f76c
f891
f9c6
faf9
fc22
fd42
fe5d
ff6b
005f
013e
020b
02c9
0375
0412
04aa
0539
05c3
0650
06e4
0785
082b
08e2
09aa
0a81
0b65
0c54
0d49
0e45
0f37
1020
1101
11d2
128d
1330
13bc
1433
1488
14c8
14e7
14ee
14d8
14a7
145a
13f4
1377
12e4
123b
1180
10b8
0fe2
0f05
0e21
0d43
0c65
0b8a
0abe
09fe
094d
08a4
080b
0789
0717
06b2
0662
0624
05f8
05de
05d8
05de
05f0
060f
0634
065d
0688
06b2
06d8
06f2
0705
0707
06ff
06ea
06c8
069c
066b
063a
0605
05d8
05b6
05a2
059a
05a8
05c1
05ec
0624
0665
06a8
06ed
0727
0757
0776
0781
0774
074f
0708
06a8
062d
0592
04e2
041e
034a
0265
016f
0077
ff7e
fe77
fd6a
fc5f
fb54
fa43
f92f
f828
f720
f617
f515
f41f
f32f
f245
f15c
f085
efba
eefa
ee48
edaa
ed25
ecb0
ec50
ec0a
ebdb
ebc4
ebc4
ebe1
ec17
ec67
eccf
ed51
edec
eea3
ef6d
f049
f135
f237
f342
f44d
f55a
f669
f76b
f859
f933
f9fa
fa9f
fb2a
fb97
fbf0
fc27
fc49
fc55
fc4f
fc39
fc17
fbf1
fbc0
fb8e
fb5a
fb27
faf4
fabf
fa8c
fa59
fa25
f9f3
f9c1
f98f
f95d
f92f
f903
f8d9
f8b2
f890
f879
f865
f85f
f863
f871
f88a
f8ae
f8e2
f921
f96c
f9c2
fa20
fa88
faf1
fb65
fbd9
fc50
fcc7
fd3f
fdb4
fe29
fe99
ff05
ff71
ffd2
002c
0082
00cd
010e
0147
0173
0194
01a7
01aa
019e
017e
014d
0108
00ae
003e
ffbc
ff29
fe83
fdd4
fd20
fc6f
fbbe
fb19
fa8b
fa14
f9ba
f980
f969
f972
f99c
f9e5
fa42
fab3
fb33
fbb9
fc3a
fcb6
fd29
fd8d
fde0
fe22
fe55
fe7b
fe96
feaa
febc
fed0
feec
ff0a
ff3b
ff72
ffbc
0017
0086
010a
019b
0237
02e8
03a5
0469
0537
0611
06f3
07d7
08bf
09ac
0a99
0b7e
0c5d
0d33
0e01
0eba
0f62
0ffd
1088
1105
1178
11dd
1243
129e
12f5
1355
13b4
141a
1484
1501
157b
15fe
1682
170d
178e
1806
186c
18ca
1912
1940
1959
195a
1941
1912
18c8
186a
17f7
1778
16e8
164d
15a7
1502
1455
13a0
12e8
1236
1182
10d0
1022
0f75
0eda
0e3d
0da7
0d24
0ca4
0c2b
0bb7
0b4a
0ae2
0a7e
0a1a
09bd
095c
08fb
0898
0838
07d7
0774
0716
06c5
067b
063d
0611
05fb
05fb
060f
063e
067b
06cd
0731
0798
0803
086e
08cc
091e
0959
097a
0980
096a
0930
08d7
085f
07ca
0721
0669
0596
04ba
03db
02f4
020b
011d
0034
ff4b
fe5b
fd6f
fc8a
fba5
fabe
f9d7
f8f8
f81e
f741
f665
f592
f4c2
f3f4
f32c
f271
f1c4
f11c
f080
eff9
ef82
ef10
eea7
ee51
ee05
edc4
ed86
ed56
ed2a
ed06
ecde
ecc2
eca1
ec81
ec69
ec53
ec3d
ec2d
ec24
ec20
ec20
ec2b
ec40
ec59
ec78
ec9b
ecc5
ecec
ed14
ed37
ed55
ed67
ed6e
ed69
ed55
ed2f
ecff
eccc
ec90
ec52
ec18
ebe4
ebbf
eba9
ebac
ebca
ebff
ec4f
ecbc
ed49
edf6
eeb9
ef91
f083
f18b
f29a
f3b5
f4e4
f614
f746
f87e
f9bc
faf9
fc26
fd4c
fe69
ff76
006c
014e
0217
02d2
0375
0403
0484
04f3
054f
059f
05ea
0626
0660
0691
06c4
06f2
071c
0745
076d
078e
07ac
07c0
07ce
07d8
07d4
07cd
07bc
079c
0775
0745
0709
06c5
0675
061c
05ba
054b
04da
0460
03de
0355
02c9
023f
01b4
012a
00a7
0032
ffc0
ff5a
ff03
feb8
fe73
fe3d
fe0f
fdea
fdca
fdb0
fd98
fd83
fd6d
fd55
fd39
fd1c
fcf8
fcd3
fca8
fc7c
fc4f
fc1c
fbea
fbb7
fb85
fb52
fb1d
fae8
faac
fa72
fa32
f9f0
f9a6
f955
f901
f8a7
f841
f7d7
f76d
f701
f694
f62a
f5d1
f584
f545
f51b
f50a
f514
f537
f577
f5cf
f63e
f6c0
f754
f7ee
f88c
f92d
f9ca
fa58
fadf
fb53
fbbb
fc14
fc5f
fc9e
fcd2
fcfc
fd22
fd45
fd65
fd83
fda2
fdc4
fdf0
fe22
fe56
fe96
fedc
ff28
ff7e
ffdc
0040
00ab
011c
0198
0215
0293
0310
038e
0406
0474
04d4
0529
0573
05a9
05cd
05e2
05e2
05d0
05ae
057c
0539
04eb
048e
0427
03b4
033a
02bc
0237
01af
012e
00b2
003b
ffd1
ff75
ff2b
fef4
fed0
fec2
feca
feee
ff26
ff74
ffd5
004d
00da
0173
021c
02da
039e
046b
0544
0627
070f
07f2
08d5
09b8
0a92
0b5f
0c20
0cd4
0d80
0e19
0eab
0f31
0fb2
1023
1090
10fb
1163
11c8
122b
1292
12f5
135f
13c6
1435
149b
1502
1564
15c8
1626
167a
16c9
1711
1753
178a
17b4
17d1
17e2
17e3
17d3
17b4
1780
173b
16e5
167c
15fe
1575
14dc
1437
137f
12c7
1205
1141
1073
0fa9
0ede
0e11
0d3c
0c68
0b97
0ac0
09e2
0908
082d
074b
0669
0587
04a1
03ac
02ad
01ad
00a5
ff8e
fe6c
fd4a
fc1b
fae2
f99b
f853
f700
f59a
f434
f2d2
f172
f00a
eeb0
ed64
ec24
eaec
e9ca
e8b7
e7af
e6b6
e5c6
e4ec
e420
e35d
e2a3
e1f5
e15b
e0ca
e03a
dfb3
df3a
dec8
de64
de0a
ddc2
dd87
dd58
dd38
dd2d
dd30
dd3a
dd54
dd7b
dda7
dddd
de1a
de56
de93
dec9
df02
df3a
df69
df8f
dfb8
dfe0
e00a
e032
e066
e09d
e0e2
e12a
e183
e1e1
e255
e2dd
e375
e416
e4d0
e59e
e673
e757
e84d
e957
ea66
eb7c
eca5
edd9
ef10
f043
f17b
f2b3
f3d8
f4f7
f60a
f70c
f7f6
f8d0
f99e
fa5d
fb05
fb97
fc23
fc9a
fd02
fd5b
fda8
fdea
fe22
fe53
fe7f
fea3
fec2
fede
fef6
ff11
ff28
ff44
ff61
ff80
ffa2
ffc7
fff4
0023
0052
0085
00ba
00f3
012c
0163
019a
01d3
0209
0240
0279
02af
02e7
031c
0353
0387
03bb
03ed
0421
0453
0485
04b4
04e6
0518
0547
0575
05a8
05d5
0600
062b
0657
0684
06b1
06de
070f
0741
0771
07a7
07e0
081b
0856
0895
08de
0925
096d
09ba
0a09
0a5d
0aad
0b01
0b57
0ba7
0bf6
0c48
0c98
0cea
0d3c
0d8f
0de0
0e38
0e8d
0ee6
0f3f
0f9c
0ffa
1058
10b6
110d
1161
11a8
11e7
1218
1239
1245
123f
121e
11f0
11a3
113d
10c2
1031
0f89
0eca
0df6
0d15
0c26
0b21
0a15
08fe
07e0
06b2
057f
0458
0331
020b
00f1
ffe6
feee
fe04
fd2a
fc66
fbb3
fb0f
fa7d
fa01
f995
f935
f8e4
f8a4
f871
f849
f82a
f817
f811
f813
f821
f838
f85b
f889
f8c1
f904
f94d
f9a4
fa0a
fa7d
faff
fb94
fc3f
fcfc
fdcd
feba
ffbd
00d4
01fc
0345
049e
0601
076f
08e8
0a5f
0bc6
0d22
0e74
0faf
10c7
11c9
12b6
138c
1448
14ea
157e
1600
1675
16dc
173d
1796
17e5
1835
1882
18c8
190b
1941
196c
198f
19a2
19a6
199e
197e
1953
1914
18c6
186c
1803
1790
170f
168a
1601
1573
14e5
1451
13bf
1323
127c
11d1
1119
1057
0f7e
0e90
0d95
0c89
0b61
0a22
08d9
0781
0615
04a4
033e
01df
008c
ff4c
fe2e
fd2e
fc4b
fb82
fad9
fa44
f9c0
f949
f8e0
f877
f804
f788
f704
f671
f5c8
f512
f456
f399
f2de
f22e
f19d
f12f
f0e4
f0cc
f0e3
f130
f1b4
f269
f345
f448
f569
f69d
f7d1
f903
fa2d
fb43
fc39
fd13
fdd4
fe78
fefc
ff6c
ffc6
0010
0051
0089
00c0
00f9
012f
016e
01b4
01fe
024c
029c
02ee
033c
0385
03cb
040b
0444
0472
0492
04aa
04b4
04b1
049c
0478
0445
0401
03ac
0345
02cd
0248
01b3
010f
005f
ffae
fef6
fe37
fd79
fcc4
fc12
fb67
fac4
fa2e
f9a4
f927
f8b5
f858
f80a
f7cc
f79f
f785
f781
f78b
f7a7
f7d8
f817
f86b
f8cf
f942
f9c1
fa51
faee
fb8f
fc3a
fcf2
fdb2
fe77
ff43
001d
00f8
01d1
02b1
0394
0478
0556
0630
0713
07f9
08dd
09c2
0ab0
0ba1
0c93
0d88
0e88
0f8e
1090
1195
12a2
13b5
14ba
15b2
16a8
1784
184a
18f2
197e
19e6
1a2c
1a4c
1a4b
1a27
19df
197d
18f5
185b
17ae
16e9
1611
1532
1446
134e
1241
1126
1003
0ed4
0d90
0c35
0ad8
096b
07ea
065d
04c9
0323
016d
ffa9
fdf4
fc3d
fa7f
f8cd
f732
f5a6
f429
f2c1
f16d
f02b
eef4
edd5
eccc
ebd7
eaec
ea16
e953
e8a1
e7fc
e75f
e6ca
e641
e5c0
e545
e4da
e46f
e40a
e3b2
e358
e304
e2b7
e26c
e22a
e1ec
e1bb
e191
e174
e16a
e16d
e183
e1a8
e1de
e22c
e289
e2f4
e374
e3fe
e49d
e53b
e5e6
e69b
e751
e802
e8b8
e973
ea30
eae3
eb97
ec47
ecf4
ed98
ee32
eeca
ef58
efd6
f054
f0d2
f149
f1c1
f23c
f2bc
f343
f3d1
f46b
f512
f5c8
f688
f754
f833
f91e
fa0a
faf6
fbe8
fcd0
fdb0
fe7e
ff45
fffb
009a
0127
01a0
0204
0253
028c
02ae
02bc
02b6
029a
026b
022a
01db
017d
0111
009d
0022
ffa5
ff1f
fe9f
fe25
fdb1
fd41
fcda
fc78
fc1a
fbc0
fb6e
fb1b
fac9
fa71
fa18
f9bd
f95e
f8f6
f889
f818
f7ab
f739
f6cc
f668
f610
f5be
f57b
f54a
f529
f517
f516
f51f
f536
f559
f581
f5ac
f5da
f606
f62f
f652
f66f
f685
f693
f69a
f698
f691
f684
f673
f659
f63d
f621
f601
f5e0
f5be
f599
f578
f558
f535
f518
f500
f4e8
f4d4
f4c4
f4b8
f4b8
f4c2
f4d6
f4f8
f52c
f571
f5cb
f639
f6be
f75d
f813
f8dc
f9bd
fab6
fbc0
fccf
fde7
ff09
002c
0143
0252
035b
0455
053f
0618
06ea
07aa
0853
08f0
097a
09f8
0a62
0aba
0b03
0b42
0b6f
0b93
0baa
0bb2
0bb2
0ba8
0b94
0b76
0b57
0b2d
0b01
0ad2
0aa3
0a77
0a4d
0a29
0a11
09ff
09fd
0a09
0a1f
0a46
0a78
0ab9
0afd
0b42
0b82
0bbf
0be9
0c03
0c05
0bea
0bb5
0b66
0af1
0a62
09be
0906
0839
0767
0692
05c2
04f4
042b
037a
02dc
024d
01cf
016e
0122
00f2
00d4
00d2
00e6
0115
015b
01b3
0220
02a4
033a
03da
0484
053f
05ff
06c1
0784
0847
0901
09bc
0a70
0b27
0bd9
0c81
0d27
0dd0
0e6f
0f0e
0fa6
103d
10d6
1168
11f1
1276
12f5
1365
13ca
141f
1461
148e
14a5
14aa
149a
1476
1442
13fb
13a4
1347
12de
1272
11fd
118e
111c
10b2
1048
0fde
0f77
0f13
0eb1
0e51
0df0
0d8e
0d27
0cc2
0c5d
0bf3
0b88
0b23
0ac3
0a67
0a12
09ce
0997
0970
095d
095d
0971
0996
09cc
0a0a
0a52
0a9e
0aec
0b32
0b6f
0ba2
0bc5
0bd5
0bd5
0bc0
0ba1
0b74
0b41
0b03
0ac9
0a93
0a65
0a3d
0a25
0a1f
0a27
0a3f
0a6b
0aa8
0af4
0b53
0bbd
0c37
0cb9
0d47
0ddf
0e7d
0f1c
0fc8
106f
1114
11b2
124b
12de
1360
13d1
1435
1489
14c9
14f5
1511
151d
1519
1504
14dd
14b0
1471
142b
13d8
137a
1316
12aa
1235
11bd
113e
10bc
1037
0fad
0f23
0e9c
0e13
0d85
0cf0
0c55
0bae
0afa
0a3d
096d
0886
0787
067d
0562
0427
02d6
017c
0018
fea2
fd2e
fbc7
fa68
f911
f7d1
f6ae
f5a2
f4a8
f3c4
f2f9
f23e
f18d
f0ee
f056
efc4
ef2f
ee9d
ee0e
ed77
ece0
ec45
ebb8
eb30
eab2
ea4c
e9fb
e9c7
e9ad
e9b3
e9d7
ea1c
ea7f
eb04
eb97
ec41
ecfe
edc6
ee8d
ef56
f020
f0e7
f1a0
f256
f306
f3ae
f44c
f4e1
f575
f604
f68e
f710
f796
f813
f891
f90f
f990
fa11
fa8f
fb0b
fb8a
fc08
fc81
fcf8
fd71
fde8
fe5c
fecd
ff3d
ffab
000e
006f
00c8
0119
0160
019f
01d4
0201
0227
0245
025f
026e
0279
0280
0282
0282
0282
027e
027b
0279
0275
026f
026d
0269
0265
0263
025f
025b
0257
0255
024f
0247
023b
0231
021d
0207
01eb
01c8
019e
016b
0132
00ef
009c
003c
ffcd
ff51
fec4
fe1f
fd6f
fcab
fbce
fade
f9e4
f8d9
f7b6
f68a
f55d
f432
f304
f1e0
f0ce
efcf
eee8
ee1a
ed65
eccd
ec4d
ebe8
eb9e
eb69
eb4b
eb47
eb4f
eb66
eb91
ebc4
ec01
ec48
ec9b
ecf4
ed51
edb5
ee24
ee92
eeff
ef72
efea
f05e
f0d1
f148
f1c4
f23c
f2b2
f329
f3a4
f41e
f494
f50b
f583
f5f5
f664
f6cf
f733
f793
f7e6
f82a
f865
f88f
f8a6
f8b3
f8ac
f895
f874
f848
f813
f7d6
f797
f758
f71b
f6de
f6ab
f67f
f657
f632
f612
f5f4
f5d4
f5af
f585
f551
f510
f4c4
f471
f40b
f399
f31e
f2a3
f226
f1a8
f136
f0d4
f081
f041
f018
f008
f00f
f02d
f067
f0b0
f10c
f177
f1f0
f26a
f2e8
f36d
f3f3
f46f
f4e8
f561
f5d7
f640
f6a7
f70c
f76a
f7c1
f813
f863
f8a8
f8ee
f930
f977
f9b9
f9fe
fa42
fa8e
fae0
fb31
fb8d
fbf0
fc59
fcc9
fd3e
fdbe
fe42
fec6
ff4a
ffd4
005c
00dc
0158
01d2
0248
02b7
0320
0386
03e5
043e
048f
04de
0526
0565
059b
05d4
060c
0643
067d
06c0
070a
075b
07bb
082b
08aa
093a
09d8
0a8c
0b4e
0c11
0cdb
0da6
0e6d
0f21
0fc6
1059
10ce
1122
115d
1176
1174
1155
1118
10c2
105a
0fe1
0f58
0ec2
0e24
0d82
0cdf
0c33
0b84
0adb
0a35
098c
08eb
0853
07c0
0733
06b3
063b
05c9
055b
04f6
0498
043c
03e2
0389
0334
02de
0284
022a
01d3
017a
0125
00d5
0091
005b
0033
001f
001f
0036
0063
00a9
0102
016c
01ea
0270
02f9
0383
0409
0489
04f6
0556
05a2
05dd
0601
0613
0615
0603
05ea
05c0
058e
0557
051b
04dd
049a
0457
0414
03d1
0388
0340
02f7
02aa
0257
0204
01b1
015b
0101
00a7
0055
0008
ffc2
ff8d
ff68
ff55
ff55
ff6f
ff9b
ffdf
003b
00a7
0122
01a8
0233
02c1
0347
03c5
0437
049b
04e7
051d
053f
0547
0535
050d
04ce
0476
0408
0386
02f0
0248
0194
00cc
fffa
ff16
fe34
fd4f
fc61
fb7a
fa9c
f9c8
f8f8
f83a
f78d
f6ef
f65f
f5e3
f57e
f52e
f4f4
f4cf
f4c2
f4ce
f4ee
f526
f577
f5df
f661
f6fc
f7aa
f86e
f94d
fa40
fb40
fc51
fd79
fead
ffeb
0133
028a
03e1
0532
067d
07ca
0906
0a2d
0b43
0c4f
0d44
0e26
0ef2
0fb0
105c
10ed
116e
11dd
123d
128a
12c5
12ef
1311
1320
1322
1313
12f0
12c5
1285
1239
11dc
1177
10ff
1078
0fe2
0f40
0e8d
0dcc
0cf7
0c19
0b30
0a31
092d
0820
0708
05de
04a5
036f
0231
00e6
ff9d
fe5b
fd18
fbd6
fa9b
f96e
f848
f725
f614
f518
f42f
f35b
f29c
f202
f182
f11f
f0dd
f0b8
f0b1
f0c6
f0f6
f13d
f19a
f208
f28b
f314
f3a7
f445
f4e8
f58b
f630
f6da
f786
f826
f8c6
f963
f9fa
fa86
fb07
fb85
fbf2
fc54
fcad
fcf8
fd32
fd5d
fd75
fd81
fd75
fd5c
fd30
fcf6
fca5
fc4e
fbea
fb7b
fb02
fa8a
fa0e
f994
f91d
f8af
f847
f7e8
f790
f744
f703
f6cc
f69f
f67e
f667
f65d
f659
f661
f675
f691
f6b8
f6ee
f72d
f77b
f7d5
f838
f8a9
f929
f9b8
fa4e
faee
fb98
fc4d
fd02
fdb4
fe6b
ff19
ffbc
0054
00e2
015c
01c3
0216
025d
0289
02a0
02a2
0290
0269
022e
01e2
017e
010a
008c
ffff
ff67
fec7
fe2b
fd90
fcf8
fc69
fbed
fb80
fb23
fadd
faa6
fa80
fa69
fa5f
fa5b
fa5d
fa5f
fa61
fa5d
fa51
fa3d
fa1e
f9f0
f9b9
f973
f928
f8d7
f87b
f819
f7b7
f752
f6ed
f689
f61d
f5b8
f550
f4ec
f482
f41d
f3b8
f355
f2f1
f290
f230
f1d4
f175
f11e
f0cd
f07f
f03d
f002
efd5
efb2
ef9d
ef95
ef9c
efb2
efd7
f00a
f04c
f09d
f0fc
f166
f1dd
f25f
f2ed
f381
f41d
f4c8
f57b
f630
f6ee
f7b4
f87e
f945
fa0f
fade
fbaa
fc72
fd36
fdfe
fec4
ff7d
002f
00dc
017e
0210
0294
0311
037c
03d7
0425
0465
0498
04bb
04d0
04dc
04d6
04c6
04ab
0484
0454
041d
03df
0398
034e
0301
02b2
025f
020d
01bf
0176
012d
00e5
00a1
005a
0011
ffbf
ff6d
ff0e
fea4
fe32
fdb1
fd25
fc85
fbd7
fb19
fa53
f97b
f89b
f7bc
f6d9
f5ec
f505
f424
f34d
f275
f1aa
f0ef
f045
efaa
ef23
eeba
ee6c
ee37
ee22
ee2e
ee55
eea4
ef15
efa4
f053
f129
f21c
f32a
f453
f59c
f6fe
f868
f9e9
fb85
fd2e
fed8
0086
023f
03f0
058d
071d
08a0
0a0c
0b5b
0c95
0dc2
0ed5
0fcc
10ab
117e
123a
12e3
137a
1403
147c
14e9
1550
15ac
1601
164b
1690
16ce
1706
1736
1765
178c
17ba
17e0
1801
1823
1849
1867
1886
18a0
18c0
18d8
18ed
18ff
1912
191d
1921
1919
1906
18eb
18bb
187a
1823
17bd
1740
16b0
1605
1548
1476
1392
129a
119f
1094
0f80
0e65
0d4e
0c3b
0b1f
0a09
08fc
07f6
06f3
0602
0524
0457
0398
02f1
0265
01ee
018a
0138
00fe
00d8
00c0
00ba
00c4
00d6
00f4
011c
0148
0176
01aa
01db
020c
023a
0265
0286
02a0
02b0
02b6
02b0
029f
0283
0263
0238
0209
01de
01b4
018e
0174
0165
0161
016d
0184
01ac
01e2
021f
0264
02a9
02f2
0338
0377
03ad
03da
03ff
0419
042d
043d
0449
0459
0469
0486
04ae
04e3
0527
057c
05e7
065c
06e1
076f
0806
089b
092b
09b4
0a33
0a9f
0af7
0b41
0b6c
0b7c
0b6f
0b49
0b02
0aa1
0a24
0986
08cc
07f9
0710
0609
04ec
03c1
028a
0143
fffa
feb9
fd7c
fc47
fb22
fa19
f924
f841
f779
f6ce
f63e
f5c6
f56c
f52f
f50b
f502
f516
f53f
f57a
f5cc
f62a
f695
f70b
f785
f801
f877
f8e3
f947
f9a3
f9e7
fa1b
fa3f
fa51
fa4f
fa39
fa11
f9d9
f98f
f937
f8d2
f85d
f7d9
f74c
f6aa
f600
f548
f48a
f3ba
f2dd
f1fd
f11a
f027
ef2e
ee37
ed42
ec47
eb4f
ea67
e98d
e8c2
e807
e768
e6e3
e675
e620
e5ea
e5c5
e5b6
e5b6
e5c8
e5e4
e602
e62b
e652
e675
e693
e6a8
e6bc
e6c5
e6c6
e6c2
e6b6
e6a8
e691
e676
e657
e635
e610
e5f2
e5d4
e5bd
e5af
e5a8
e5b1
e5c6
e5f2
e632
e685
e6e9
e767
e807
e8b6
e97c
ea5f
eb56
ec5d
ed74
eea4
efe0
f11e
f26c
f3ca
f52e
f68b
f7e9
f943
fa93
fbcd
fcf5
fe09
ff06
ffe1
00a8
0161
0204
0294
0317
0390
0408
047b
04f4
056f
05ee
0673
0702
0798
0834
08ca
095a
09e6
0a67
0ad6
0b31
0b7e
0bb2
0bd4
0be2
0bdc
0bc5
0ba0
0b6f
0b37
0afa
0abc
0a7a
0a3b
09f7
09b6
0971
0927
08d7
0881
081e
07a8
0726
0695
05f0
0537
046b
038e
02a0
01a0
0097
ff8d
fe80
fd6b
fc58
fb56
fa5e
f965
f876
f796
f6c2
f5f8
f538
f489
f3e8
f34b
f2bd
f240
f1d0
f167
f10f
f0c7
f08f
f067
f055
f057
f06e
f09b
f0e2
f13a
f1aa
f233
f2d6
f38b
f451
f52f
f622
f71c
f823
f93d
fa60
fb81
fca9
fde0
ff15
0042
0167
028a
03a1
04a2
0591
066d
0735
07e4
087d
090d
098a
09f6
0a57
0ab2
0b09
0b5c
0baf
0c05
0c5d
0cbb
0d22
0d8e
0e00
0e72
0ee3
0f59
0fcd
103d
10a6
1109
116b
11c7
121d
1272
12bd
1305
1347
1388
13c5
1400
1434
1468
149a
14c6
14e6
1503
1519
151a
1516
1501
14db
14a4
145b
13ff
1397
131c
128f
11f3
114f
10a0
0fec
0f2f
0e6f
0db2
0cf7
0c35
0b6e
0aaf
09f1
0931
086f
07b3
06f8
063d
0585
04d2
0421
0371
02c2
021f
0183
00f0
0066
fff0
ff86
ff2d
fee5
feb0
fe8c
fe77
fe73
fe7f
fe98
fec2
fef5
ff33
ff7a
ffc8
001e
0074
00d3
013b
01a9
021e
0294
0319
03a2
0433
04ca
0569
060f
06c0
077a
0841
0910
09e6
0ac5
0bb2
0cab
0da3
0ea3
0faa
10b8
11c8
12d8
13ed
14fb
15f9
16eb
17d1
18a2
1958
19f5
1a7e
1aed
1b3e
1b73
1b94
1b9b
1b90
1b6f
1b3f
1aff
1ab1
1a51
19f3
1982
1910
1896
1813
1789
1700
1672
15df
154e
14bd
1432
139e
1303
1267
11cd
1125
1078
0fc8
0f0e
0e49
0d76
0ca2
0bc6
0ad6
09e3
08f0
0800
070d
0622
0549
047c
03c0
0315
0285
020d
01a6
0159
0126
010d
0109
011e
014a
0189
01e0
0246
02bf
0346
03e0
0488
0537
05ec
06ae
0771
0834
08f3
09b4
0a72
0b27
0bd6
0c82
0d27
0dc0
0e51
0eda
0f5d
0fd3
103c
109c
10f2
113c
117b
11ae
11d2
11e2
11e7
11da
11ba
1188
1147
10f3
1090
1022
0fa0
0f13
0e79
0dde
0d3d
0c94
0bee
0b4d
0aad
0a0f
096f
08d9
0845
07ae
071a
0689
05f7
0563
04cd
0439
03a5
0305
0263
01be
0119
006d
ffbc
ff0f
fe65
fdb2
fd04
fc5f
fbb4
fb0a
fa5b
f9b4
f90e
f865
f7bc
f718
f67a
f5d6
f538
f4a1
f40b
f373
f2e3
f258
f1d7
f15d
f0ee
f08e
f037
efec
efb4
ef8c
ef71
ef67
ef6b
ef85
efa9
efe4
f02c
f082
f0ea
f15f
f1e6
f271
f305
f3a6
f445
f4e2
f57c
f610
f695
f70e
f76f
f7c2
f805
f82f
f848
f84f
f84b
f839
f81f
f7fe
f7d8
f7b0
f78a
f767
f745
f725
f70d
f6f6
f6e0
f6cb
f6b5
f6a0
f689
f66e
f651
f635
f616
f5f8
f5d9
f5c0
f5a8
f599
f591
f593
f5a1
f5b8
f5dd
f610
f64e
f697
f6ee
f74f
f7b7
f826
f899
f911
f98c
fa06
fa81
fb02
fb84
fc06
fc8d
fd1b
fdad
fe42
fedc
ff81
0029
00d3
0183
023f
02f7
03ae
045d
0507
05a7
0636
06b3
071b
0773
07b2
07de
07f5
07f9
07ea
07ce
07a2
076e
0732
06f1
06a8
065d
060f
05bc
0561
04fb
0491
0417
0390
02f7
0251
0197
00cc
ffe9
fef6
fdef
fcce
fba1
fa6a
f92c
f7dc
f68a
f53a
f3ee
f29c
f149
effc
eeb3
ed65
ec21
eae6
e9b0
e87b
e74f
e633
e51e
e412
e309
e20c
e11d
e03a
df58
de93
ddd8
dd30
dc95
dc11
dba1
db40
daf3
daba
da97
da8d
da97
dab5
daec
db40
dba8
dc1f
dcb3
dd5d
de17
dee4
dfc1
e0b1
e1ab
e2a6
e3ac
e4ba
e5c6
e6cc
e7d4
e8e4
e9ec
eaf3
ebf3
ecf8
edf4
eeeb
efd8
f0c6
f1a6
f281
f356
f42d
f4fc
f5c3
f683
f73f
f7f7
f8a2
f949
f9ec
fa84
fb17
fbaa
fc39
fcca
fd54
fdde
fe6b
fef8
ff81
000d
009c
012e
01c1
0254
02ee
0383
0416
04a4
052f
05b7
0631
06a3
070f
0771
07cf
0824
0874
08c0
0905
094c
0990
09d5
0a1a
0a62
0aaa
0af8
0b4a
0b9f
0bf9
0c55
0cb2
0d0f
0d6e
0dd2
0e30
0e8f
0eeb
0f49
0fa3
0ff8
104d
1098
10df
1120
1157
1184
11ac
11c8
11dc
11ea
11f2
11f0
11e7
11dc
11cf
11ba
11a2
118c
1175
115a
1143
112e
1119
1108
10f7
10ec
10e2
10dc
10dc
10de
10e3
10eb
10f3
1102
110d
1115
111f
1120
111d
1115
1103
10ef
10cb
10a0
1068
1023
0fd4
0f7a
0f11
0e99
0e17
0d87
0cef
0c46
0b98
0ae2
0a21
095f
08a2
07eb
0731
0688
05ee
0561
04e6
0476
0418
03c9
0386
034d
031d
02f7
02d2
02b4
0292
0275
0255
022c
0206
01db
01ae
0182
0157
012c
0101
00dd
00ba
009c
0082
0067
0051
0037
001f
0003
ffea
ffc7
ff9e
ff70
ff3e
ff03
fec0
fe78
fe2a
fddc
fd8a
fd39
fcec
fca2
fc5f
fc21
fbed
fbc2
fba6
fb94
fb94
fba6
fbc6
fbfc
fc42
fc9d
fd0f
fd99
fe30
feda
ff9a
0069
013e
021b
02ff
03e6
04c2
0598
0667
072b
07dd
0884
0923
09b5
0a38
0aae
0b1d
0b7f
0bd8
0c29
0c72
0cb9
0cf9
0d3a
0d7c
0dc3
0e08
0e54
0ea6
0f04
0f66
0fd2
1049
10ca
1151
11d8
1260
12e8
1362
13cf
142b
1471
149e
14ae
14a6
1483
1442
13e7
1378
12f3
1265
11ca
1127
107e
0fd7
0f33
0e8a
0deb
0d4f
0cb3
0c15
0b7f
0ae8
0a50
09b4
0918
087e
07e6
0741
0692
05e2
052c
046f
03a8
02de
020d
0131
004f
ff6f
fe83
fd88
fc87
fb86
fa7e
f96f
f859
f747
f634
f51d
f40d
f301
f1f8
f0f0
efea
eef9
ee10
ed31
ec67
ebae
eb0c
ea7d
ea0a
e9ac
e962
e92e
e913
e90f
e920
e945
e97e
e9c6
ea21
ea8f
eb04
eb86
ec19
ecb6
ed60
ee0e
eebe
ef7d
f03b
f0fb
f1bd
f27d
f339
f3ea
f48e
f527
f5ac
f614
f663
f691
f695
f678
f630
f5ba
f521
f465
f382
f27b
f157
f022
eee0
ed89
ec29
ead8
e987
e830
e6e2
e5a4
e477
e34d
e241
e149
e069
df9d
def0
de64
dde9
dd83
dd3c
dd08
dce4
dcc8
dcbd
dcba
dcb7
dcb5
dcb2
dcac
dc9a
dc89
dc66
dc42
dc15
dbe2
dbae
db73
db37
db00
dac0
da7f
da45
da1a
d9f5
d9e0
d9d8
d9e6
da12
da52
dab4
db3a
dbd3
dc89
dd5e
de4d
df4a
e04d
e153
e257
e352
e433
e4ff
e5b1
e641
e6b9
e725
e781
e7d2
e825
e87c
e8f0
e978
ea24
eaef
ebe8
ed11
ee5d
efd5
f173
f330
f4f3
f6be
f896
fa66
fc1e
fdc0
ff53
00c8
021c
0350
046b
0566
0639
06ec
0782
07f7
0000
0000
0000
0000
0000
0000
0000
0000
0000
0000
0000
0000
0000
0000
0000
0000
0000
0000
0000
0000
0000
0000
0000
0000
0000
0000
0000
0000
0000
0000
0000
0000
0000
0000
0000
0000
0000
0000
0000
0000
0000
0000
0000
0000
0000
0000
0000
0000
0000
0000
0000
0000
0000
0000
0000
0000
0000
0000
0000
0000
0000
0000
0000
0000
0000
0000
0000
0000
0000
0000
0000
0000
0000
0000
0000
0000
0000
0000
0000
0000
0000
0000
0000
0000
0000
0000
0000
0000
0000
0000
0000
0000
0000
0000
0000
0000
0000
0000
0000
0000
0000
0000
0000
0000
0000
0000
0000
0000
0000
0000
0000
0000
0000
0000
0000
0000
0000
0000
0000
0000
0000
0000
0000
0000
0000
0000
0000
0000
0000
0000
0000
0000
0000
0000
0000
0000
0000
0000
0000
0000
0000
0000
0000
0000
0000
0000
0000
0000
0000
0000
0000
0000
0000
0000
0000
0000
0000
0000
0000
0000
0000
0000
0000
0000
0000
0000
0000
0000
0000
0000
0000
0000
0000
0000
0000
0000
0000
0000
0000
0000
0000
0000
0000
0000
0000
0000
0000
0000
0000
0000
0000
0000
0000
0000
0000
0000
0000
0000
0000
0000
0000
0000
0000
0000
0000
0000
0000
0000
0000
0000
0000
0000
0000
0000
0000
0000
0000
0000
0000
0000
0000
0000
0000
0000
0000
0000
0000
0000
0000
0000
0000
0000
0000
0000
0000
0000
0000
0000
0000
0000
0000
0000
0000
0000
0000
0000
0000
0000
0000
0000
0000
0000
0000
0000
0000
0000
0000
0000
0000
0000
0000
0000
0000
0000
0000
0000
0000
0000
0000
0000
0000
0000
0000
0000
0000
0000
0000
0000
0000
0000
0000
0000
0000
0000
0000
0000
0000
0000
0000
0000
0000
0000
0000
0000
0000
0000
0000
0000
0000
0000
0000
0000
0000
0000
0000
0000
0000
0000
0000
0000
0000
0000
0000
0000
0000
0000
0000
0000
0000
0000
0000
0000
0000
0000
0000
0000
0000
0000
0000
0000
0000
0000
0000
0000
0000
0000
0000
0000
0000
0000
0000
0000
0000
0000
0000
0000
0000
0000
0000
0000
0000
0000
0000
0000
0000
0000
0000
0000
0000
0000
0000
0000
0000
0000
0000
0000
0000
0000
0000
0000
0000
0000
0000
0000
0000
0000
0000
0000
0000
0000
0000
0000
0000
0000
0000
0000
0000
0000
0000
0000
0000
0000
0000
0000
0000
0000
0000
0000
0000
0000
0000
0000
0000
0000
0000
0000
0000
0000
0000
0000
0000
0000
0000
0000
0000
0000
0000
0000
0000
0000
0000
0000
0000
0000
0000
0000
0000
0000
0000
0000
0000
0000
0000
0000
0000
0000
0000
0000
0000
0000
0000
0000
0000
0000
0000
0000
0000
0000
0000
0000
0000
0000
0000
0000
0000
0000
0000
0000
0000
0000
0000
0000
0000
0000
0000
0000
0000
0000
0000
0000
0000
0000
0000
0000
0000
0000
0000
0000
0000
0000
0000
0000
0000
0000
0000
0000
0000
0000
0000
0000
0000
0000
0000
0000
0000
0000
0000
0000
0000
0000
0000
0000
0000
0000
0000
0000
0000
0000
0000
0000
0000
0000
0000
0000
0000
0000
0000
0000
0000
0000
0000
0000
0000
0000
0000
0000
0000
0000
0000
0000
0000
0000
0000
0000
0000
0000
0000
0000
0000
0000
0000
0000
0000
0000
0000
0000
0000
0000
0000
0000
0000
0000
0000
0000
0000
0000
0000
0000
0000
0000
0000
0000
0000
0000
0000
0000
0000
0000
0000
0000
0000
0000
0000
0000
0000
0000
0000
0000
0000
0000
0000
0000
0000
0000
0000
0000
0000
0000
0000
0000
0000
0000
0000
0000
0000
0000
0000
0000
0000
0000
0000
0000
0000
0000
0000
0000
0000
0000
0000
0000
0000
0000
0000
0000
0000
0000
0000
0000
0000
0000
0000
0000
0000
0000
0000
0000
0000
0000
0000
0000
0000
0000
0000
0000
0000
0000
0000
0000
0000
0000
0000
0000
0000
0000
0000
0000
0000
0000
0000
0000
0000
0000
0000
0000
0000
0000
0000
0000
0000
0000
0000
0000
0000
0000
0000
0000
0000
0000
0000
0000
0000
0000
0000
0000
0000
0000
0000
0000
0000
0000
0000
0000
0000
0000
0000
0000
0000
0000
0000
0000
0000
0000
0000
0000
0000
0000
0000
0000
0000
0000
0000
0000
0000
0000
0000
0000
0000
0000
0000
0000
0000
0000
0000
0000
0000
0000
0000
0000
0000
0000
0000
0000
0000
0000
0000
0000
0000
0000
0000
0000
0000
0000
0000
0000
0000
0000
0000
0000
0000
0000
0000
0000
0000
0000
0000
0000
0000
0000
0000
0000
0000
0000
0000
0000
0000
0000
0000
0000
0000
0000
0000
0000
0000
0000
0000
0000
0000
0000
0000
0000
0000
0000
0000
0000
0000
0000
0000
0000
0000
0000
0000
0000
0000
0000
0000
0000
0000
0000
0000
0000
0000
0000
0000
0000
0000
0000
0000
0000
0000
0000
0000
0000
0000
0000
0000
0000
0000
0000
0000
0000
0000
0000
0000
0000
0000
0000
0000
0000
0000
0000
0000
0000
0000
0000
0000
0000
0000
0000
0000
0000
0000
0000
0000
0000
0000
0000
0000
0000
0000
0000
0000
0000
0000
0000
0000
0000
0000
0000
0000
0000
0000
0000
0000
0000
0000
0000
0000
0000
0000
0000
0000
0000
0000
0000
0000
0000
0000
0000
0000
0000
0000
0000
0000
0000
0000
0000
0000
0000
0000
0000
0000
0000
0000
0000
0000
0000
0000
0000
0000
0000
0000
0000
0000
0000
0000
0000
0000
0000
0000
0000
0000
0000
0000
0000
0000
0000
0000
0000
0000
0000
0000
0000
0000
0000
0000
0000
0000
0000
0000
0000
0000
0000
0000
0000
0000
0000
0000
0000
0000
0000
0000
0000
0000
0000
0000
0000
0000
0000
0000
0000
0000
0000
0000
0000
0000
0000
0000
0000
0000
0000
0000
0000
0000
0000
0000
0000
0000
0000
0000
0000
0000
0000
0000
0000
0000
0000
0000
0000
0000
0000
0000
0000
0000
0000
0000
0000
0000
0000
0000
0000
0000
0000
0000
0000
0000
0000
0000
0000
0000
0000
0000
0000
0000
0000
0000
0000
0000
0000
0000
0000
0000
0000
0000
0000
0000
0000
0000
0000
0000
0000
0000
0000
0000
0000
0000
0000
0000
0000
0000
0000
0000
0000
0000
0000
0000
0000
0000
0000
0000
0000
0000
0000
0000
0000
0000
0000
0000
0000
0000
0000
0000
0000
0000
0000
0000
0000
0000
0000
0000
0000
0000
0000
0000
0000
0000
0000
0000
0000
0000
0000
0000
0000
0000
0000
0000
0000
0000
0000
0000
0000
0000
0000
0000
0000
0000
0000
0000
0000
0000
0000
0000
0000
0000
0000
0000
0000
0000
0000
0000
0000
0000
0000
0000
0000
0000
0000
0000
0000
0000
0000
0000
0000
0000
0000
0000
0000
0000
0000
0000
0000
0000
0000
0000
0000
0000
0000
0000
0000
0000
0000
0000
0000
0000
0000
0000
0000
0000
0000
0000
0000
0000
0000
0000
0000
0000
0000
0000
0000
0000
0000
0000
0000
0000
0000
0000
0000
0000
0000
0000
0000
0000
0000
0000
0000
0000
0000
0000
0000
0000
0000
0000
0000
0000
0000
0000
0000
0000
0000
0000
0000
0000
0000
0000
0000
0000
0000
0000
0000
0000
0000
0000
0000
0000
0000
0000
0000
0000
0000
0000
0000
0000
0000
0000
0000
0000
0000
0000
0000
0000
0000
0000
0000
0000
0000
0000
0000
0000
0000
0000
0000
0000
0000
0000
0000
0000
0000
0000
0000
0000
0000
0000
0000
0000
0000
0000
0000
0000
0000
0000
0000
0000
0000
0000
0000
0000
0000
0000
0000
0000
0000
0000
0000
0000
0000
0000
0000
0000
0000
0000
0000
0000
0000
0000
0000
0000
0000
0000
0000
0000
0000
0000
0000
0000
0000
0000
0000
0000
0000
0000
0000
0000
0000
0000
0000
0000
0000
0000
0000
0000
0000
0000
0000
0000
0000
0000
0000
0000
0000
0000
0000
0000
0000
0000
0000
0000
0000
0000
0000
0000
0000
0000
0000
0000
0000
0000
0000
0000
0000
0000
0000
0000
0000
0000
0000
0000
0000
0000
0000
0000
0000
0000
0000
0000
0000
0000
0000
0000
0000
0000
0000
0000
0000
0000
0000
0000
0000
0000
0000
0000
0000
0000
0000
0000
0000
0000
0000
0000
0000
0000
0000
0000
0000
0000
0000
0000
0000
0000
0000
0000
0000
0000
0000
0000
0000
0000
0000
0000
0000
0000
0000
0000
0000
0000
0000
0000
0000
0000
0000
0000
0000
0000
fffa
fffe
0013
0030
0046
004d
0043
0036
0033
0030
0022
0017
0013
0008
fff2
ffe0
ffe8
fffe
0010
0016
0016
0010
0007
0003
0007
000a
0015
001e
0019
0015
0012
0001
ffe7
ffc3
ff9f
ff92
ffa3
ffc2
ffd5
ffcf
ffb8
ffa8
ffa8
ffb5
ffc3
ffcf
ffdc
ffda
ffce
ffd2
ffe8
0000
0013
0024
002b
0028
0029
0033
0033
0034
0046
004c
0042
003a
0031
0033
004e
0067
0066
004e
002d
000a
ffe0
ffbf
ffb4
ffb9
ffcf
ffeb
fff7
fffd
0000
0003
0005
000e
0017
001d
0015
0004
fff2
ffe1
ffcf
ffbf
ffb0
ffa1
ff8c
ff7f
ff22
ff6b
ff9f
ffae
ff9f
ff89
ff98
ffce
0007
0033
004d
0059
0057
0059
0078
008f
0096
00a4
00b9
00c2
00b4
00b6
00d8
00f4
00f6
00e9
00e0
00d4
00ac
006e
0028
ffe8
ffa9
ff88
ff97
ffb8
ffce
ffc6
ff88
ff32
fef8
fed9
fecf
fedb
ff06
ff4e
ff9a
ffbb
ffb9
ffcb
ffea
0007
0021
002f
0029
0015
0004
fffa
ffe7
ffcb
ffb5
ffac
ff97
ff8b
ffc3
0010
003b
0059
0092
00d3
00bf
006a
001a
fff5
ffdd
ffc7
fff5
0055
00a8
00d7
00f0
00fc
00ed
00b4
0058
0003
ffd5
ffce
ffd2
ffc7
ffa9
ff90
ff92
ffae
ffc6
ffc7
ffae
ffb9
ffc0
ffc0
ffcb
fff2
0029
003e
000e
ffbe
ff81
ff6d
ff61
ff4a
ff34
ff36
ff43
ff40
ff3f
ff46
ff51
ff65
ff8d
ffca
000a
0024
0008
fff7
0005
0015
0008
ffe3
ffb5
ff81
ff43
ff0d
ff3c
ffc3
0033
0075
0098
009c
0083
0062
004e
004a
0060
00ae
0100
0127
012b
0120
010d
00e6
00a3
0052
0015
0004
0019
002c
0050
009a
00d8
0106
012f
0126
00f8
00d3
008e
0025
ffc2
ff74
ff3f
ff2a
ff3d
ff56
ff41
ff13
fed0
fe62
fde9
fd97
fd8f
fdce
fe39
fea8
ff1f
ffad
004e
00e6
0150
016c
0123
00ae
0098
00db
016d
014f
0112
0110
00fe
00e5
00e7
00b9
005b
0008
ffb1
ff76
ff8d
ffd8
0017
002f
003e
005c
0076
0031
ffbb
ffa3
ffa8
ff92
ff9a
ffc4
fff3
0000
ffdf
ff89
ff1a
feda
fee4
fefa
ff05
ff1e
ff59
ff93
ffb0
ffd9
0025
008d
00f9
0150
0173
013d
00da
008f
006f
0078
0098
00ac
00ab
008e
0017
ff7e
ff4a
ff68
ff87
ff69
ff04
fe8d
fe5a
fe71
feb1
fefa
ff3d
ff7a
ffac
fffb
0058
0067
0051
0054
004c
004d
0072
0092
0096
006e
000f
ffda
0019
0076
00af
00be
00c6
00da
00ee
00fe
00f1
00b7
0092
0082
0045
fffb
ffa5
ff46
fee2
fe80
fe23
fdcc
fda4
fdde
fe1d
fe36
fe70
fed4
ff5e
000e
009d
00dc
010b
012c
0137
0154
0173
0175
0171
0123
0063
ffbe
ff8f
ffbe
ffc6
ff81
ff29
feef
feef
ff2d
ff8b
ffb5
ff7b
ff5c
ff3c
fe90
fdd3
fd68
fd4a
fd81
fe0f
fecf
ff9f
003f
006f
005b
0016
ff7e
ff11
ff4f
001e
0141
0252
02cb
02a8
0216
0131
0062
fff7
ffc0
ffce
003b
00a9
00e3
00f9
011b
0152
0188
01b5
01db
01ec
01b4
00f6
ffbe
fec5
fe91
ff0c
ffce
0060
0078
001a
ff9b
ff51
ff15
fec4
fe83
fe77
febd
ff57
ffc0
ffc6
ffeb
0012
001b
00ab
0165
018a
0111
0075
0033
004e
008b
00ab
0088
0042
000e
fff9
fff6
0000
0038
0087
00af
007e
000b
ff9a
ff47
fef8
fe98
fe42
fe04
fdc9
fddc
fe46
fea6
ff05
ff87
000c
007d
00cf
0102
0135
0154
0119
00b4
008b
00bd
00f4
00d8
0084
fff5
ff31
fec8
fea8
fe72
fe2e
fe04
fe12
fe6d
ff0d
ffbf
0001
fff3
0020
0084
00be
0086
0043
006e
0115
01b9
01ed
01bd
017d
0140
00c6
005c
0000
ff32
fe92
fea8
fed6
fee6
ff0c
ff7e
000a
007e
00fc
0144
0133
0161
01ab
01ab
01b5
01bd
018d
0181
0197
0179
0178
014f
014c
0127
00e9
00e9
010d
012a
0136
016d
01a3
015a
00d0
0046
ff97
fed7
fe5b
fe82
fecb
fe95
fdd9
fd17
fcd1
fd12
fdd7
fefc
002f
0105
0157
0156
00e7
ffea
febe
fdbb
fd0c
fcf2
fd7c
fe72
ff2d
ff97
0012
0072
0067
ffe3
ff4f
fee6
fe90
fe54
fe5b
fec8
ff68
0007
009c
0116
016e
01a0
01ae
01a3
0193
0181
0169
0133
00be
001b
ffae
ff89
ff8c
ffac
ffbe
ffae
ffb4
ffa3
ff3f
fecf
fe82
fe63
fe92
ff09
ff9d
001e
00a3
0128
0121
00c9
00eb
012a
0115
00c5
0071
001d
ffb8
ffbe
0022
0026
0008
004d
010e
0166
0100
008d
0007
ff60
ff0d
ff0d
ff44
ffef
00a0
00e0
011c
017d
01cc
01c7
0150
0099
0029
0005
ffd2
ff82
ff67
ffce
0059
00a3
0095
0071
0020
ff52
fe5c
fdcc
fdfc
fec8
ffd9
00d4
01b1
0222
01a3
00e0
006f
0007
ff7b
feec
fe99
fe15
fd60
fd9d
fe35
fe46
fe8c
fe7c
fd8e
fd4a
fd99
fd97
fddf
fe46
fe7b
ffaa
017f
027b
02f1
0308
028e
0221
0222
0253
023d
0193
0060
fed7
fd82
fd24
fdc9
feb5
fee6
fe8c
fe25
fdd1
fdd0
fe24
fe6c
fed7
ff96
002f
0054
0004
ff94
ff4e
ff6f
0036
0131
019c
0141
0086
001d
006b
0150
0263
03cb
04e7
04c6
03db
02b7
017e
fff2
fe7d
fe16
fed3
0022
013a
01bf
017b
0073
ff8c
ff5e
ffaa
0024
0030
ff14
fd5f
fc2f
fc5e
fe30
00c4
0217
01e9
0126
006e
ffbb
fee2
fe2e
fdcd
fd92
fd0f
fcb8
fd38
fdf9
fef4
008d
01fa
0258
0181
00b0
0043
ff8c
fed3
fe8a
fef5
0066
025e
0399
036a
0229
00fb
0086
009c
005f
ff7e
fe4c
fda7
fe87
00ff
038d
04b5
0444
03af
034d
02c0
0210
00d4
fec4
fcf2
fc64
fd67
fefa
001b
0078
007a
0098
00e7
0118
00d7
002f
ffea
0066
0137
01ef
024e
0267
0287
02f5
0287
012f
ffa2
ff34
ff40
fec7
fde6
fce1
fc0d
fbde
fc9a
fe2b
ffe4
0133
01c5
0195
00d5
ffb1
fe56
fd9d
fe3e
ff74
00f0
02bc
03e7
0380
0191
ffe1
ff44
ff26
ff2d
ff35
ff32
fef8
fea2
fe9b
ff25
fff2
0043
0007
ff4e
fe11
fcf3
fc22
fb12
fa47
fa29
fa2a
fae8
fcaa
fdfd
fe83
fed9
ff8d
0073
0109
013d
0137
014f
01e0
02ad
0301
023f
00c8
ff7a
fe5e
fd75
fcfa
fd3c
fe25
ff35
fff6
0043
0034
ff74
fe83
fe9f
ff38
ffa9
000c
ffe7
ff35
fed9
febe
fe8d
fe69
fed6
0000
0139
0252
033b
03b2
03ab
0357
02f7
0351
03e1
03de
02eb
0191
00a3
001d
ff9f
ff57
ff3c
feff
fe99
fe8c
ff56
0068
00e7
0079
ffb8
ff7f
0015
0076
007f
013e
01e4
01cc
019b
0168
0112
00af
001d
ffa2
0012
00fd
0194
01c7
01f3
0234
0200
0177
0107
00ac
0055
ffd9
fed9
fd52
fbe8
fb88
fbf9
fc64
fd04
fdd5
fe74
ff23
fffa
0095
0099
0038
0003
ffd6
ff3b
fdf6
fce7
fc86
fc60
fc59
fcb1
fda4
fed0
ffda
00c2
016d
01ba
01c7
01b6
017f
00ea
006b
007a
00bb
00b6
0029
ff3d
fea2
fece
fef1
fea7
fe2f
fdd7
fe1a
ff4f
0105
02a9
03e3
0482
0494
0447
0450
043e
0462
03cf
0237
0092
ffdc
000a
fffa
ff41
fe1f
fd2f
fd2f
fe21
fedf
feed
fe9d
fea3
ff1a
ff9d
ffb4
ff6d
ff27
ff10
ff4c
fff3
00f9
01d6
01eb
011f
ffd1
fe86
fda0
fdb4
fed9
ff34
fe30
fcd9
fb55
fa59
fb11
fd2a
ffdf
025e
037e
02d1
0121
ff62
fe01
fd17
fd43
fe8e
ffd9
00a1
00d7
0051
ff77
fecb
fe6a
fe97
ff9b
015d
02f3
039f
03ff
0448
0422
0374
02d9
0304
0387
03be
033d
01ef
005f
ff59
fea7
fdfa
fd6f
fd87
fdfc
fdd3
fd5f
fda1
ff47
0126
0230
027b
023d
01b9
0149
0111
00e7
0067
ff23
fd68
fc27
fc13
fc64
fcec
fd49
fd43
fd75
fe90
008b
0211
02ee
03cf
04cc
0572
0546
0489
036a
0213
014c
00c5
ff6b
fde4
fd34
fdb3
fea4
ff13
fe8c
fd6c
fcc3
fd88
fe77
fe87
fe65
fddf
fd14
fd33
fe61
0000
0149
0194
00f5
008a
00f5
01eb
026c
022c
0170
0079
ffb4
ff7a
ff84
fff6
00e9
0157
00c4
ffa2
feba
fe07
fd25
fd08
fd92
fd8f
fda8
fe7f
ffae
0055
002c
ffc0
ff15
fe54
fe25
ff0f
004e
0017
ff7b
0015
0199
02a4
0248
0127
fffa
fe97
fc11
fbc4
000e
03a8
02ba
fe90
fd61
ffd5
01b8
00f1
ff92
00c8
02c9
0337
01e6
00fe
020b
03ba
0444
03ba
03bb
03f1
035b
01b9
005f
0021
004d
0007
ff6b
ff8d
004d
014b
02a6
0348
0267
00fd
005d
00c2
00af
ffb4
fe5f
fd5f
fd25
fd71
fd0c
fc77
fcfb
fe48
ffa9
0092
00f0
00f6
0111
01c1
0221
00d8
ff43
fe56
fd6c
fbae
f9a2
f91c
fa60
fcb5
ff29
010e
024b
02f9
0289
010e
ffbf
fe79
fcda
fb9f
fb95
fc87
fcde
fd02
fddb
fea3
ff02
ff55
003b
0157
01e4
01fd
01d0
0163
00ba
ffef
ff36
fed9
fe9d
fe4c
febe
fff7
00da
00e7
00c8
0195
02b0
034c
0374
03a8
03e2
035c
01d3
ffb9
fdea
fcb7
fc14
fd0c
ff1a
0194
0407
0608
0701
0633
04a9
03c0
030a
015a
fe5f
fc15
fb91
fc9f
fe92
00d3
0321
058f
0753
0743
05f8
04a7
03dc
027c
0076
ff09
fdca
fc15
fa2d
f966
fa4a
fbf3
fdca
ff96
0137
022d
0256
0229
016d
0010
fee6
fe0e
fd26
fbd8
f9c6
f72c
f547
f552
f7bb
fb92
ff65
021b
03fb
04bc
0406
02fd
0209
00d5
ffd9
ff8b
ffeb
0068
00d4
0179
02a8
03c1
03a7
02d4
01ed
0112
0068
005b
0147
0227
01fe
00cf
ff20
fd50
fb37
f93c
f811
f85c
fa4f
fda2
0175
03e1
03bb
0246
0086
ff02
fe41
fdb3
fc77
fb07
fa61
fc2d
fe83
0037
012b
0116
0007
fe67
fca7
fb34
fa75
fac6
fc8b
ffc3
039a
06f4
090a
0965
0828
0608
0354
008a
fea3
fdb7
fda4
fe80
ff60
ff7d
ff57
febd
fdad
fd99
febe
0016
005f
ffe7
ffd1
005f
01fd
0457
04e2
034d
016d
000f
ffc6
00a5
0110
0060
ff73
fe91
fdb7
fcd8
fba7
fa06
f875
f89f
fa38
fa95
faad
fb8d
fbf9
fc48
fd38
fe90
004d
0269
048a
0649
072a
0695
04ca
028c
0084
ff84
fff0
011b
02cd
04e9
066a
06f1
06ac
0576
0353
0105
000c
0029
ffcf
ff64
ff88
0000
ffaa
fec4
fed7
ff57
ffda
00fc
020c
01db
0082
fea2
fc7f
f9f0
f7bf
f6bd
f6cb
f85e
fb57
fde6
ff94
00bf
014d
012f
006a
ff1f
fe0f
fe46
000f
01fe
0269
020d
01e4
021e
0256
0256
0237
01e6
017f
014d
0141
0186
0273
038d
04bd
0650
072f
06c7
05f1
04a0
02f6
01e2
0173
00fd
ffb9
fde7
fc6d
fc24
fcd6
fdc8
fe8c
ff1e
ffc9
00ca
018a
00e9
fe54
fb78
fa5a
fa37
fa75
fb51
fcc8
fdea
fdf9
fe82
ffbc
0042
0045
003c
0045
00a4
00cd
ffec
ffb0
00a1
00f9
011d
01a9
01f7
024b
031d
042f
04e1
0484
02f5
0191
0156
0126
0082
ffbe
ff53
fefc
fe70
fe4f
ff3f
00b4
0152
0116
0107
0175
0181
003e
fec7
fdf9
fdb2
fd47
fc7a
fb84
fa35
f884
f6ec
f631
f6ff
f95b
fbb6
fcff
fd82
fe0f
ff05
ffd5
fee9
fc50
fb07
fb6e
fc29
fc2e
fc4f
fd9d
ff89
01bf
0432
06c0
0837
0793
05bf
03d6
0296
023f
0242
0200
01f1
0248
0290
023d
01c5
022a
0307
0375
02ce
0142
ff7f
fe62
feb3
ff97
fec7
fc11
f8cd
f684
f606
f75d
fa08
fd40
001d
01f1
0355
0512
06e5
08a2
09c4
08f5
0624
0265
ff40
fd76
fd02
fd3f
fd91
fe03
ff90
01f3
0398
03df
0359
030a
02c2
01ef
0060
fea6
fda5
fdb8
fe41
fe9b
ff4e
001e
00f0
0216
02f2
0342
03cc
0474
0489
0375
0137
feae
fd7d
fd6f
fd63
fce9
fc8c
fcb5
fc89
fcb5
fe01
feba
fe6e
fe2f
fee2
00af
02c6
03b2
0391
0371
0281
00c2
ff88
ff6d
ff70
fdf8
fc36
fbae
fc81
fd43
fd54
fdb2
febc
0045
01d6
0327
03cf
0367
02ad
028f
0303
02f5
0201
0193
0191
012a
0092
ffd6
ff69
00bd
0328
04d3
0555
049b
02d2
00e2
ff9f
ff62
0028
0114
00fb
fff0
fed0
fe7c
ff02
0024
0170
0202
0150
ff8c
fd08
fa90
f95b
f904
f90e
f9e0
fb57
fccf
fd88
fdb4
fda2
fd13
fc2e
fb3e
fb4a
fbc8
fc6f
fe0f
ff36
fe85
fe83
ffac
00a1
01bd
02a6
0293
0240
028e
039a
0490
04e9
04d1
045e
03cf
03a4
047b
05f2
0692
0575
0325
0166
009e
0071
0072
00a3
00b2
ffad
fd3b
fa4b
f8c6
f88e
f899
f8e6
faa8
fe45
0188
0382
046c
0402
02b3
0181
014b
01a6
015a
ffdc
fd7e
fb13
f8e3
f7b1
f833
f93e
faf6
fe77
01b5
0334
03be
0449
048c
0363
020d
0174
00ac
0000
009d
036b
071c
097a
0948
071e
0457
01eb
ff3c
fbcd
f8af
f636
f4bb
f5f4
f907
fc29
ffef
0415
072a
07da
06e6
05dd
042d
026c
01bd
0015
fc78
f86f
f3cb
efc6
eef0
f0de
f420
f782
fa03
fbb7
fdd9
00b9
0378
045f
02f3
0102
01d6
0423
058f
0670
0683
054b
034d
020d
02a2
0444
0546
04e4
04e1
0611
07f1
09ec
0b37
0af2
08c6
06b7
06ff
0736
060b
049b
032d
0103
fd91
fb34
fb66
fd14
fe7b
fed6
fef5
ff7f
008e
01b6
02d2
0379
030a
0243
0162
ff1a
fbb7
f84e
f504
f186
ee33
ed21
ef35
f393
f81d
fbb5
fe67
0033
0178
0279
02d6
0183
fe4b
fc0d
fb2e
f9ed
f99e
fb4c
fe3a
00b6
0269
0456
0674
0750
0570
02d1
00b6
fdf8
fb0d
f8ec
f7d6
f8c8
fb8b
fdc6
ff1c
004d
0133
023d
03cd
0570
0675
06b9
071e
0766
06ea
0651
063a
068d
067c
05b6
046a
02be
00fb
ffb4
ff5e
ff65
fe97
fceb
fb53
fb00
fbab
fd16
ff60
0198
02dc
0301
02c9
02a5
0239
0158
ffb1
fce0
f95d
f649
f4b5
f59e
f926
fdc1
017c
02db
01ef
00c8
00c6
ffea
fe6d
fe18
fece
ffa5
ffd1
ff47
ff84
01f1
04d6
0649
05a4
03b0
025c
0376
063f
08c2
096a
088f
0717
05a0
04ab
0410
02d9
000a
fc74
faef
fb70
fc43
fc15
fb1c
fa73
fad2
fadc
fa0d
fb13
fd42
fe92
ffa9
0147
02ef
02ef
01fb
01e6
0214
020b
0204
024a
01c3
ff96
fd6a
fc83
fc68
fb0a
f8b7
f821
f9cf
fc1e
fcfe
fdac
febe
fea7
fe51
fec7
ff7a
0028
0126
02dc
0406
0383
01d9
ff2a
fb9c
f81d
f6c3
f8ba
fc48
ffa3
019b
01ae
00b9
ffe4
ff36
fe37
fd2d
fe16
0100
040d
0620
0706
06cc
04f6
0222
ffb7
fdc8
fc7e
fc8f
fd8f
fe7c
fe79
fdab
fcaa
fc14
fca2
fe99
0165
0403
0579
0518
033d
00b3
fe2a
fc8c
fc38
fc71
fd75
ff7e
0140
015b
ffa6
fdf2
fe2e
00dc
03da
0493
0269
008d
00e0
0232
016e
fdc1
f998
f867
fad4
fe62
0121
0268
02b4
02a5
030f
049e
0667
0761
07b5
0660
0440
0329
036b
038b
017b
fe94
fd66
fe94
0127
03d6
0650
07e4
07f1
06cd
046a
010a
fe74
fd59
fd22
fd37
fcf6
fbf0
fa2e
f98d
fc3a
00e5
0491
04d3
02c9
0066
fe9b
fd47
fc04
fad2
f9b2
f927
fa26
fcee
0087
02ef
03aa
0364
02f9
01de
ff9e
fd5d
fb75
fa30
fa8c
fbc4
fc9f
fd7d
fe36
fe66
fe98
fedf
fecb
fe4d
fd93
fd22
fde2
ff68
0038
ff93
fdcd
fbbe
f945
f712
f668
f678
f770
fac9
ff04
0260
04cc
06f3
094f
0b88
0cf2
0cb1
0a73
0895
08d0
0992
0899
0580
02e6
01ba
0106
ff85
fe46
fe33
fcc3
fba4
fd93
ff72
fe90
fbf1
faca
fad1
f983
f86f
f87d
f8ec
f9f4
fc7c
0079
0229
01c0
035f
0484
03b5
03c4
0450
040c
02f2
0171
ffb3
fd82
fbec
fb0a
f933
f7a5
f817
f985
faeb
fc48
fe5a
00ab
0210
0237
01c4
01b5
0265
0367
03d3
02f3
01e6
024f
032f
0345
0213
ff9d
fd26
fc59
fcc0
fd5d
fdc8
fe8d
007a
0379
0509
03d8
015e
fed3
fd2a
fcd5
fc32
faa6
fa2e
f9f2
f950
fa97
fde7
01b8
04a6
0729
0918
07ec
05d7
05cd
04ec
02d8
0162
ffdd
fe41
fd33
fc44
fba1
fbfc
fcda
fe0b
000f
0317
05ad
0593
03b7
0158
fef3
fe11
ff52
01ae
0395
0453
0484
0533
05b3
037e
0007
fd55
faea
f98d
fa0c
fb6e
fccd
fd66
fc82
fa9d
f8cc
f7ad
f680
f51a
f5d5
f85b
fa92
fca6
fec0
0062
0179
0237
02fd
044c
05d7
0672
0538
029b
0038
fefc
fec4
ff00
004d
0293
0457
0517
05c5
07ac
08e6
0856
084d
087d
07e0
0722
0580
02a8
00a9
fffe
ffa6
fec5
fcf6
fa58
f76b
f658
f8a8
fbab
fcef
fba0
f84c
f516
f3e5
f36d
f34c
f4be
f79e
fb2b
fe77
ffee
ffc0
ffe4
00ff
0307
05a2
0766
0773
0650
04ad
02fc
0166
005d
004a
00fb
00bf
ff14
fe57
fe35
fd9e
fdfc
ff5a
00d0
01e0
029b
0300
025e
00ac
feed
feb3
fffb
0185
02fb
0466
0568
04e0
034d
02a5
0333
0426
04ab
055f
063a
05f8
0401
012e
ff7e
fef1
fe8e
fdc9
fe1a
0034
023f
03d3
0558
06be
072f
06a4
06ba
05ca
01fb
fdb8
fb21
fa59
f9b8
f8c8
f891
fa18
fc3d
fd21
fd42
fcf7
fc15
fb7d
fb58
fad8
f99c
f843
f7e0
f7db
f884
fb37
fec4
01d9
0441
0611
0715
071e
06f3
070e
06c2
05d9
04a2
0380
024f
0116
00a1
007f
ffdf
fede
fd8c
fc50
fc7a
fd95
fe95
003e
0230
02f2
01e0
006e
004a
ffa9
fe46
fd9c
fcf3
fc0e
fbf9
fd1a
ffe3
03bd
06d3
07d9
06ed
0529
03f8
042d
0432
0329
0273
01fa
0114
000c
011d
04d9
07b1
08df
0936
0893
0678
033d
00f8
ffb0
fde3
face
f89a
f8d1
f748
f403
f280
f1d9
f1c4
f337
f5af
f8d6
fc57
fe8c
ff35
ff82
fe89
fc8b
fb6a
f982
f735
f7bb
f7c5
f683
f8bb
f969
f6e5
f9c4
fc4c
fa1f
fce5
01ca
037b
0735
0b1b
0bf0
0e4c
1108
10ee
113a
1171
0efa
0bb2
08c2
05ed
02f7
0106
0118
0106
00b0
0223
0512
07b9
0884
0845
0874
0973
0950
0846
08f5
08eb
067c
03e9
0083
fc32
f947
f6fe
f494
f40a
f5bf
f90e
fd29
0060
0158
01b4
01ca
00ff
ff8f
fde2
fc6c
fbc4
fb5e
faa1
fab1
fbc7
fce7
fd51
fce4
fbc2
f990
f6ef
f562
f5b7
f7d8
fa46
f95f
f653
f6ad
f7f5
f799
f7b4
fa03
fd9c
ff8d
0106
033a
0431
0386
01fe
0067
ffeb
00ff
0284
037f
038d
030f
0379
0549
05f5
04a9
02a1
015a
0068
fed4
fe32
ff46
0148
033b
0466
045f
02ba
0169
0311
04fe
056e
059b
051b
043a
04a7
0600
0714
076d
07d1
0850
0753
0438
ff53
f9bc
f686
f72d
f915
fa72
fafa
fb15
fa37
f86f
f842
f968
fa08
fa37
f97c
f75e
f555
f39d
f1f0
f231
f497
f695
f64f
f48a
f48c
f4be
f53c
f88b
fc50
ff0c
01de
03c9
04ca
06aa
0831
095c
0ce8
1108
1298
10f1
0d80
0a02
076b
05f3
0584
05c5
0608
05d5
0533
0546
06d0
0883
0924
0875
074b
0621
054a
0587
068e
0782
08c8
08ab
04f6
00f5
fdfc
fa39
f77b
f7d5
fb32
fe7b
0015
0178
02ac
0261
ff5d
fbdb
f9d5
f869
f75e
f703
f76e
f701
f4d4
f289
f1b0
f285
f3bd
f36e
f178
f13f
f32c
f589
f810
fa23
fae0
fab6
fadb
fbfe
fd07
fea3
0206
0482
05db
086f
0aa3
0b69
0bba
0bab
0a8f
07c2
0427
00b6
fe1a
fd5c
fe95
004c
01a3
02a4
0372
0481
05a8
060e
0593
047a
02f6
01b6
016c
01f7
03d1
0726
0a25
0bae
0b15
0762
0223
fe11
fb7c
f90e
f5ae
f249
f0d0
f2a9
f6e4
faa6
fb3b
faa1
faa9
fb2c
fd45
008b
029d
0438
0649
07e3
07f0
06aa
05a6
045b
02aa
02a5
03c5
043e
036a
023c
0188
0063
fef0
fddc
fd0b
fc4b
fba0
fb0d
fa92
fa5d
fb0d
fd60
0121
0401
047a
0316
01fa
0281
0470
068a
07c4
07b4
0611
0313
ffce
fd75
fc83
fc50
fc17
fbd0
fc20
fc10
fab7
f88e
f5a3
f2e7
f305
f691
fb13
fc2f
fa79
f885
f624
f3fb
f3cf
f6bc
faa6
fcf0
fef5
0214
05ed
093e
0bb9
0d22
0ae3
067c
0473
03b3
0284
0142
01de
0406
04f3
04de
0597
082f
0a56
0ab1
0ad9
0b42
0b38
0a08
08ee
0822
056b
01e1
ff5e
fd35
fc85
fdc1
fde7
fcb9
fbe2
fbc7
fd47
0022
00a9
feb1
fc87
f9f2
f776
f63c
f5b9
f5b4
f6b9
f8e6
fc2e
0050
0450
0710
07b4
069f
03f8
ffc3
fc5d
fa4a
f77e
f5a8
f666
f828
f933
f9c6
fbc2
fd5c
fcfb
fceb
fd31
fd85
ffc4
0235
0280
0277
0204
007f
0050
01d0
03db
06ea
0a30
0c3c
0d75
0d04
09f4
074f
05ad
02ee
0020
fe1a
fc60
fab4
f91b
f7ef
f8c9
fac3
fa3c
f75d
f63a
fa1f
ffeb
0342
0301
ff1b
f923
f4ac
f498
f88b
fbe2
fb91
f8cf
f8e5
fb2e
fc60
fda7
0013
03a4
0810
0b08
0a6b
0837
05ff
03b2
00d7
ff26
007d
0158
fff6
fed3
014d
0675
0999
0a59
09bc
07ef
04fe
01a4
ff14
fd34
fb6e
f9c1
f82c
f7e1
faed
ff04
0149
0209
02b3
041f
05c1
06c1
0696
054f
03ea
0322
0209
0153
0251
03e3
037e
ff82
fa0c
f530
f26a
f49e
f93d
fa54
f9cb
fabb
fcce
fba6
f866
f9d2
fd64
fef4
fed6
00e5
04f9
04eb
00eb
fe3d
01cb
06ea
0868
0880
092a
0995
0722
03e2
031a
0409
0494
03b3
02ff
02b1
020d
00c8
ffc0
0001
00a0
0057
fefc
fe97
ff81
004d
0103
01c5
026e
036f
03fb
02b1
01eb
0261
0186
ff7a
fdca
fda5
fe04
fe2b
fea6
fd4b
f9ef
f8e7
f917
f88f
f975
fabe
fa79
f99a
f947
f97e
f8ec
f8b0
faef
ff17
01c7
009a
ff69
ff77
fef7
fe27
fef8
0276
0516
04f0
0379
0260
024a
0304
04ae
0689
0715
0672
0521
0395
0387
0570
075e
083f
07da
0637
035f
ff84
fb33
f7b0
f64d
f794
f9ec
fb4f
fbb5
fc41
fd61
fd4a
fc73
fc3a
fb42
f920
f711
f6d2
f84c
fa34
fc8d
fe7b
fef7
0022
01f0
01d5
00e2
00ca
01ed
0317
038b
03ac
045e
05b8
06a4
062c
03fc
0084
fc3f
f891
f79e
f859
f974
fc07
fef0
00a9
0231
03b3
04de
0625
06e2
061c
0464
02e0
01f8
0045
fd79
faca
f91d
f867
f815
f846
f8be
f881
f633
f2ab
f081
f045
f26a
f7a2
fe0f
039d
07e9
0bfc
0fb6
1106
10d9
108f
0fa3
0d73
0ae7
0a5a
093a
0465
fda0
f892
f6d0
f5cf
f5da
f85b
fb20
fd35
fef5
ffef
0136
0407
06c5
074b
052e
0355
02fb
02fb
02ff
0371
049c
0561
040c
0030
fd6f
fd7c
fe14
ff72
0243
05ca
0976
0c57
0cf2
0a47
049c
fe39
fa49
fa05
fab0
fba1
fccd
fcb0
fc57
fcce
fad9
f619
f12a
ee96
ef22
f231
f6de
fc2f
017c
0669
09ef
0a77
0814
038e
fe7b
fc48
fce9
fd59
ff3b
02ca
04e4
0568
0655
0936
0bb0
0cab
0ea0
1051
0f8a
0c68
08bd
05a9
0231
feda
fc7a
fa84
f808
f64d
f9ab
00af
063e
0797
0663
05e7
06b2
07b9
0740
03ec
ffc4
fd84
f98f
f396
ef90
ee85
ee2e
ec28
ec22
f17a
facd
0178
03f7
0771
0af6
0c2c
0ba5
0a5a
0886
05d4
0332
01cf
01a3
0179
006b
ff1e
fe2e
fda2
fce1
fbd7
faf8
fa99
fa1b
f8cf
f746
f62e
f5db
f64c
f6c0
f699
f705
f954
fd5d
002d
011c
020d
0399
0547
066a
071e
0776
072f
0683
058b
040c
0244
00d8
0079
00c2
0118
0174
0218
02b3
0200
008e
fe9b
fa54
f65b
f5ca
f6d7
f8f2
fd35
0415
0afc
0f0e
1170
117e
0d99
0879
0466
0193
ff7d
fefb
012e
032c
02fb
011c
fd9a
f93d
f5c1
f304
f17a
f260
f406
f59c
f87d
fa59
fa2c
fb08
fc85
fcae
fb49
fa4d
fb42
fd21
0092
05d2
09c5
0bf7
0df1
106a
11dd
10a1
0e38
0c7e
0ba4
0935
05cd
043d
0474
043a
01c1
feb9
fb7d
f6db
f315
f27c
f517
f7b0
f816
f73c
f75c
f94b
fb6a
fc02
fb6e
fc60
ff40
027a
0414
05c6
0876
09d6
0a5d
0a23
059b
fec5
f9f3
f71b
f533
f402
f4cb
f7c7
fc70
030c
0963
0cb4
0e5e
0f57
0e75
09b3
0317
ff96
005c
0300
0441
0525
065f
069d
0576
038d
020c
014b
00ae
ff65
fe9d
feb3
fdcd
fc45
fafe
f989
f879
f7ea
f686
f60f
f7e8
f8f1
f8c1
f8d7
f90b
f857
f63c
f426
f3f8
f6b5
fb3f
fee9
ffc4
006e
0248
0428
0521
05e8
0829
0bea
0f1f
0f19
0c21
07e4
0401
009a
fe2e
fdd8
fe6e
fe74
fdf9
fe41
ff43
fe9f
fbf4
f8b6
f702
f794
f9ef
fcb7
fe77
fea2
fe27
fd10
faa4
f69b
f23f
ef5d
eed7
f187
f706
fb24
fe2c
0355
09d9
0eff
1087
0fa3
0dca
0b3c
081a
048a
0142
ff62
001b
039a
06f0
07f1
0753
066d
05cc
04cb
0321
017c
013c
01bd
0186
0021
fe09
fbe2
fa0d
fa38
fc71
fc34
fb36
fd8e
0038
0234
0439
03fb
02d6
03c5
0392
021b
0234
0111
fe50
fd51
fe53
ffa1
ff72
fdfc
fce8
fdca
ff7f
00ff
028c
02ce
007f
fc38
f7df
f572
f601
f7fc
f944
f964
f973
fb63
0037
03ee
032d
024e
02b3
035b
058e
0822
0966
0bef
0f9a
118b
10d5
0edc
0daf
0d13
0c88
0bd4
0a39
0641
ff65
f8b2
f31a
ecb1
e8a9
e8f5
eb66
ee6c
f235
f7d0
ff9d
06db
09b8
08d1
068a
0401
0195
ff5d
fdcd
fdac
ff1c
009c
0111
0088
0036
01db
055d
06b5
0600
063b
06b3
067c
05a2
0491
0406
04a9
0628
0621
026e
fefc
fd7e
fb36
f891
f671
f4c9
f46f
f599
f729
f8a8
fa88
fd12
fe5a
fe28
fffb
01ba
00e0
ffe8
ff00
fcdc
f965
f549
f258
f377
f6e8
f98b
fcd3
00e7
042f
059e
05f7
05cc
02cb
ff85
00df
0372
03ee
026e
0030
ff35
0116
04bc
0741
0694
0703
0a93
0dc0
115b
14f0
143d
10cd
0dfd
0c67
0b74
0aa2
0a27
0932
064d
0091
f9cf
f508
f402
f4a6
f4c4
f642
f88b
f88f
f53f
f0ae
ee7f
eeb2
f0b1
f423
f822
fcb7
01d9
0570
06fa
07bb
06c8
0497
03cf
053e
07ce
0965
08a1
0516
ffcd
fc48
fc48
fd22
fc19
f9b6
fa35
fd50
0099
0337
045b
0329
ff84
fbfc
fabb
f9e8
fb94
018d
05a5
076d
0ab8
0eb0
1025
0cd5
069f
ff89
f8ff
f4a9
f37d
f510
f7af
f94e
f970
fc9f
023f
03b3
0383
0469
0454
0411
052c
0785
09aa
09fa
07c7
042d
013d
0086
0107
0105
004a
ff2d
fe33
fd9d
fbcd
f82f
f6a0
f75d
f83e
f9c6
fb86
fbe5
fa46
f6fe
f31a
efb1
ee89
f0e3
f4dd
f920
fd8b
0120
0222
ffb7
fcd3
fbbc
fc44
fd12
fe44
0181
0604
0a92
0eb5
117a
11ec
102e
0dbe
0c1b
0bd1
0bfb
0b08
07e3
043d
01fd
0000
fd50
f9f4
f618
f33d
f32f
f607
f8e2
f8c2
f820
fa65
0050
0584
07ae
081b
0861
0918
09e9
0aa5
0aa3
08d8
05b3
027e
0049
fe11
fbc2
fb5f
fba3
fa93
f836
f5f6
f529
f5ed
f7d5
fa02
fb01
f95d
f5be
f46c
f60b
f829
f8f4
f95d
fafa
fc43
fcef
fd5d
fbb1
f983
fa79
fd9a
0216
07fa
0d7c
0ffa
0e03
0983
0471
fffd
fe57
ff2e
ff27
fe1a
fcfb
fc1b
fc83
fe85
011f
04c7
0907
0acf
0a30
083a
04a7
0121
000c
0248
0660
0a05
0d32
0f8d
10f2
12b8
145a
13d5
108b
0c61
097c
069b
02db
ff09
fb6d
f892
f71f
f67c
f60b
f5ee
f6cb
f6d5
f272
eae2
e454
e2f0
e5c8
ea49
ef35
f41e
f8ab
fbed
fe50
0028
00fc
0273
0567
0726
08b4
0a59
0677
fee5
f900
f4bf
f4b5
fb29
0259
077a
0b55
0c0a
0aff
0b4c
0adf
0a40
0c5a
0e43
0ec1
0f82
0f0c
0d10
0b9c
0a05
07f2
0645
01e2
fa44
f3fc
ef85
ed04
ef13
f353
f5e5
f5d1
f4e5
f490
f3bc
f399
f5a5
f87a
fb37
fde0
0042
0132
0051
0076
0118
0033
004a
019f
0214
01e2
010d
ff0c
fc9a
fac7
fa4e
fa6c
faca
fb34
fbc1
fe61
052a
0bbe
0ed7
105d
0fd5
0d44
0b43
0ac4
0a5c
0784
0459
0320
022a
0073
fe83
fd71
fc2b
f974
f706
f7f6
fcaa
ff64
ff20
fee2
fee5
fe95
fd71
fafa
f703
f26e
f083
f1b7
f2ef
f13c
edd4
ed27
f00f
f52c
fa9a
ffcd
048d
0884
0be8
0ef3
113d
1303
136d
105d
0b84
08af
0a77
0d23
0d05
0c95
0b7c
07a6
018a
fb04
f58c
f042
eac8
e6af
e779
eae0
ec7a
eea7
f1b2
f395
f5f2
f881
f8fc
f8be
f938
faca
fe83
0406
08dc
0b4a
0b69
0a65
0654
0020
fd93
ffea
049a
0855
0b8d
0f84
12ef
1505
153b
13bf
1090
0cec
086f
03f5
00e7
ff06
fdb7
fc5e
fa85
f7e7
f51a
f3e2
f585
f99b
fd8b
ff7d
ff26
fd77
fc2f
fc87
fcf6
fe18
0255
06de
080f
04e4
ff36
f8ed
f335
efbe
f019
f47b
fb9f
0329
07f2
08af
05b6
00ae
fba3
f765
f399
f369
f8af
fe6a
0351
0872
0b68
0a9b
074e
0600
0649
054f
05d7
0786
078d
07fc
0a31
0cf2
0e57
0e20
0da4
0d96
0cab
08e4
0466
0175
0003
fe71
fc20
fa17
f7bc
f4e3
f35a
f425
f647
f755
f7a1
f974
fe23
02df
04ab
0529
0523
03c5
fffa
fac7
f6ae
f51a
f65d
f932
fa85
f982
f788
f589
f66a
fc87
043a
09e5
0d27
0f40
1052
0f5f
0cec
09a0
05d0
0244
ffa5
fda1
fa47
f5e3
f436
f588
f918
fef7
03a5
045d
0264
fdf4
f7e0
f388
f134
efe6
f138
f6a0
ff3f
0662
07b8
02fb
fe20
fcb1
fdf4
ff38
ff77
fffa
0270
04ca
036e
0173
019c
036e
05c7
074b
071e
0759
092c
0aed
09c5
0525
ffad
f9ff
f587
f567
f896
fc6d
ff89
0141
010b
fec5
fc7a
fc43
fdee
0079
0265
01fe
0072
002f
0194
03f2
05d2
056e
0300
fffe
fbfb
f5c4
ee7f
ec7e
efbb
f2ad
f820
000c
04bc
0616
0505
01b2
fff5
021a
060f
08ce
09a6
0af8
0d02
0f6c
1150
1247
125d
12bf
0fcc
0724
fe57
fabf
fcb0
fd97
fd31
fe3d
fe15
fd75
fe27
fc86
f7f1
f374
f187
f320
f7a6
fd45
030b
08b0
0baf
0a9a
0673
0198
fda9
fac6
f8f2
f91c
fc5b
fff2
014d
00be
fefa
fdb6
ff70
0333
0714
0a57
0a06
04b8
fe14
f8e2
f6b2
f832
fad2
fb53
f987
f8ee
fc44
0024
0234
02b8
029b
0221
0107
ffb8
ff15
fef1
fbc7
f5cc
f107
ed08
ea72
ec0c
f1b0
f927
ff10
0128
021b
076c
0ad8
09bd
0c11
0de0
0a6f
0627
0133
fbaa
fa22
f9b8
f6d9
f506
f44f
f35a
f3fe
f377
f020
f19b
f6b5
f9a2
fd51
0096
ffe4
0007
013c
feed
f9de
f552
f485
f80c
fdc5
0243
03c5
02dd
013d
fec0
fd4d
005f
0471
0590
0417
01eb
004a
ff1f
ff5d
01e4
05f5
0982
0b5b
0ce6
0d96
0cfb
0d5e
0df0
0ca7
0a02
069c
0384
03c2
070d
0aa6
0d6e
0e8f
0d31
0948
02d2
fa61
f176
eb99
ebc8
ef17
f369
f93e
fedd
01d7
0141
ff4a
fdc9
fc77
fabb
f8b3
f744
f6c8
f81d
fc40
ff59
fe75
fd01
fe89
0320
0666
074e
0715
0606
0485
0324
028c
03f5
0786
0a61
0bf7
0d90
0e2f
0c62
07fa
0300
fe11
f894
f4d6
f3b5
f38b
f252
f23c
f785
fcc7
fe15
fe53
ff7e
0114
0154
0234
0526
07e5
08c9
07ef
06ff
05b0
0367
0171
006e
0028
0045
018e
0517
0a11
0c7e
08de
01d0
faa8
f51b
f187
ee7b
eabb
e7b6
e72a
ea31
f19b
fc3d
05e3
08e7
057f
01f6
0062
012e
0452
05e7
037b
fed6
f9ab
f67b
f815
fa21
f982
fa0d
fb80
fccb
ffc3
020d
0322
0985
1097
0f90
075a
ffbe
0068
087d
1046
1175
1064
1034
0f1f
09d6
039c
026b
022c
fefc
f9fb
f6c5
f623
f5fb
f78a
fba3
0012
00cd
fee5
0051
0171
feda
fbfc
fafe
fb01
f977
f8f8
fc07
ffcf
0079
fce3
f8ac
f6b5
f740
f822
f88a
f883
f781
f834
fc5a
fece
fede
ff5a
ff55
fef5
ff6f
ff6c
feae
fe04
fc1c
f89c
f55d
f4d2
f5bf
f4c4
f579
f836
f760
f37b
f1e9
f776
fed7
0345
079b
0c89
101d
0fbb
0cb9
09e4
0886
08fe
0b3c
0ec8
10c1
0e8f
09c0
041d
ff77
fe83
ffec
00d4
0237
03dc
045a
0428
0345
011d
fe85
fddf
0111
0592
08a0
08f1
0593
ff09
f7ca
f308
f19e
f22a
f580
fb8b
0163
052c
072b
08a9
0766
02ec
0037
ff6b
fe4f
fcfd
fb4c
f908
f6c8
f631
f7b7
f89c
f9e2
fdc8
01d7
05d2
0ae1
0e3e
0eb7
0dca
0de3
0ea0
0dbb
0be6
0a5c
0924
063e
01c1
fe87
fe20
fe01
f9dd
f5be
f59e
f7b4
f995
fabe
fc55
fbf5
f7ec
f32e
f148
f3ae
f884
fe1c
01b9
ff7d
fc90
fd5f
f9a9
f1bc
ed02
ee32
f202
f508
fb07
0185
0202
ff7a
fe33
fedf
fd9d
fa5d
f8e3
f7e3
f7aa
fb7f
0357
0cef
1505
19fb
1b3b
1921
1590
11ed
0e32
07fc
002c
fc62
fc74
fcf0
fc31
fd86
01bf
01f0
0001
01c1
0669
096d
0764
02ad
fd66
f898
f62f
f62e
f712
f7c6
f8fb
fba8
fd95
fd58
fc5e
fef4
037f
0452
0561
0920
0be6
0bc8
0939
061c
032b
00d1
ffbb
fe90
fcc6
fbf4
fc0c
fd93
028c
0845
0b93
0d96
0d44
0998
04c4
006b
fce1
f9f4
f8cc
fa6a
fd3f
018c
0766
0a98
0a5a
0956
083a
06b1
0477
01e6
fe70
f940
f3df
eeb8
e962
e677
e776
eb0c
f074
f5a0
f709
f595
f2f8
ef6e
ed55
ee31
f0e1
f57a
fc70
04cb
0b70
0d6e
0a96
07ae
082f
07f2
067e
0651
07b8
0942
0956
0852
07dd
08c2
0847
0660
056c
0528
04f0
04d9
0544
05a0
04cc
0346
0177
fecb
fa61
f4ca
f0c9
f0b2
f456
f8ee
fd49
010d
0386
0665
09d7
0a9b
091a
071e
0489
00c1
fd12
fd3f
ff93
011f
03e7
057c
02c0
004d
004c
010d
00db
fee9
fbe9
fa18
f9fd
fa3c
fa8b
fc1e
001b
043d
067e
0722
07ee
0973
0a26
08cc
057d
01ce
fecb
fd7a
fed6
0072
0012
fe63
fbe9
f90e
f709
f6f7
f93c
fcf6
024b
091f
0ed1
1190
10ce
0daa
0a8c
092c
086b
0516
fde0
f7c0
f4f6
f3e9
f47d
f5b2
f620
f72d
faf1
01b8
074f
0a1a
0c37
0ce8
0b10
0780
0432
0258
0132
fe1d
f892
f3ba
f09e
ef33
f053
f3e2
f95a
0016
04eb
0561
0329
012a
0137
0292
0399
03c9
050d
0706
077d
05e8
011c
f94b
f497
f48d
f529
f3d4
f2f2
f6d9
fc5e
ff9f
ff96
fd13
fa7d
fa39
faa5
fb19
fd3b
fd0f
f824
f226
ed8c
eb87
ecfa
f13d
f6ab
fb15
ff25
0441
0978
0dad
0fb0
0ec8
0d7c
0eb9
115a
11cb
0e1e
0a8d
0b88
114d
15cf
16f8
16c4
13be
0db1
06ac
003a
fad2
f682
f2ce
f102
f315
f657
f8c5
fbc9
0182
0860
0add
0781
0243
01e2
0579
09dd
0edf
1107
0ddb
086a
0313
feb8
fb8d
fa3e
fadc
fb99
fb79
fa7e
f8cd
f77d
f790
f84c
f86f
f7df
f900
fb62
fc59
fcc8
fcd1
fb20
f917
f89f
fa38
fbe8
fc7c
fd19
ffb5
03a1
0544
0428
0253
0218
02b1
0290
01b4
014f
00e0
fd75
f9f2
f9b0
f9de
fb2e
ff3d
02fc
040e
031c
040e
0723
09cb
0b3c
09ef
04b6
fe8a
fac3
fafc
fe7b
030a
05fc
05ea
0378
00bb
ff25
fda4
f9e2
f4d4
f23f
f542
f8d3
fa76
feb8
04d9
0976
0b20
0b66
0bdf
0bf1
0bff
0b9a
0874
0457
01f8
0086
ff8d
fec3
fc86
f99f
f7b8
f5d8
f2c8
eeb1
eb8e
ec69
f231
f769
f9c8
fbc8
ff4c
0325
0500
076f
0b28
0d39
0d85
0c89
0a9d
0aff
0e7c
10d0
0d5d
04a5
fd1a
f892
f61b
f5b9
f80f
fc2a
fe91
ffda
0227
04d1
0764
08c5
068e
02ff
01b2
0173
ffbe
fc08
f9c7
fb28
fe80
fe56
f9c7
f47a
ef6f
eb42
e81d
e3c7
dfc0
e177
ea2c
f4b8
f8e9
f61d
f3b1
fa14
01c5
039d
03a4
0490
05cc
04e5
0330
0380
066d
07fc
0590
0307
02c5
03e7
0357
01a2
012b
01b4
00d0
fdfa
fe94
02ff
06af
0714
0671
085c
0a9b
0a68
079a
0535
0436
0363
0452
06ec
087f
088a
06ab
01e1
fb29
f483
efd2
eee0
f234
f825
fcf4
fe89
fee5
fe54
fd22
fd71
fec0
ff60
ff2e
ff56
0083
014c
015e
01a3
0303
0440
039c
0201
fef7
f9c6
f576
f5a8
fb60
0232
053c
030b
00be
ff74
fb83
f8c1
fa64
fefc
050d
0a46
0c2b
0c58
0c81
0c06
0af5
09fa
098d
0974
0911
07b7
0411
fe6c
fa2d
f957
faed
fbaf
fb69
fbcc
fcf9
fd1d
fafa
f919
f8c8
f9bd
fc32
ff29
014d
0360
05ef
0840
095f
0998
09c8
0838
0581
054b
0821
0b29
0ae5
0a40
0be6
0dd2
0d39
09b5
05f2
024e
fdb4
f80c
f305
f11d
f2d0
f3d3
f116
eeb9
eebb
f07b
f345
f611
f809
f910
fa47
fba0
f95f
f36a
ee1d
ee31
f201
f44b
f642
f98b
fd6c
005f
0211
037b
0554
06db
0675
04e8
0349
01ab
ff9d
fd02
fa3f
f730
f53a
f786
fb83
fdcc
ff85
02e7
0732
075a
054f
056c
06b1
0923
0c53
0bd3
06ec
0152
ffa5
0285
06fa
0a13
0bc9
0dc0
0fec
115c
1128
0f12
0a3b
02d4
fe23
fccf
f9e7
f7d6
f947
fcde
012a
05a0
0a6b
0e62
0ff6
0df9
0835
0118
fd19
fa43
f551
eff2
ebda
eb17
eff9
f65d
f947
fa82
fbb3
fce9
fe3e
010b
05df
08eb
05f9
fce8
f5df
f65d
fcd6
02dd
0427
0107
fcfb
fb2c
fc26
fd85
fd3c
fb51
f8ac
f7d4
fb3b
feff
ffb7
fe89
fb09
f6ce
f6d7
f983
fb9b
fdce
0007
017b
0247
04ab
097b
0c9e
0ca6
0ad1
0849
04f6
00c4
fe1f
feb1
01b6
0395
048d
070a
07bf
052c
0133
fc85
f862
f6d7
f8c1
fcf6
008d
018a
00f6
01e0
02b5
028f
03b2
0517
054b
04f2
03b0
024e
0348
0279
fce9
f80d
f54e
f3e5
f59c
f8f0
fb63
fdc1
ffb5
0000
feab
fe90
0256
0796
0a6f
09bc
0a55
0c0d
0a29
0629
02c0
00d0
ffa5
fdf5
fb07
f782
f42a
f166
f088
f211
f4eb
f836
fa85
f9c7
f501
edfd
e968
e903
ed25
f5d7
fe7c
02e1
040a
025e
fe9f
fc88
fc98
fd0c
fd73
fd17
fc5b
fe90
01bf
022d
041f
088a
0bbd
0cb8
0af4
0690
031c
0202
01ba
0290
0570
0a1a
0d75
0d93
0b87
0912
069b
0362
01d3
02b4
028c
010a
004e
020c
0433
04b2
0505
05be
063b
05ef
04a3
0306
02c5
03d8
04f2
0547
03f0
0079
fc57
f964
f836
f653
f2d8
ef9e
eecf
f063
f258
f3a0
f4f3
f7d0
fd59
02fa
0379
0026
fb7f
f666
f679
fd0e
031d
06f8
08d1
0719
02ac
fd71
f8ea
f69f
f7a4
fb5c
fede
0087
02fd
06f7
0a85
0bac
0b7b
0b2c
076b
01ab
fee1
fed7
fffd
0153
0293
03c1
050d
074e
09a0
09bc
0777
033a
fd92
f7ea
f36a
f08c
f104
f5ba
fce9
02c2
0675
0bde
10b7
1108
0cde
07ae
0508
0560
05cd
04bf
0595
05ff
01dd
fb65
f502
f03d
ef39
f2e3
f94e
fccf
fc53
fb0a
f9e7
f9cf
fbc9
feb5
00ee
0120
fdfc
fa92
fc32
fe9d
ff4b
01fe
072b
0c8d
0f90
1238
1502
1435
104d
0c05
08fe
0694
0500
06cb
07cf
03cb
fe00
f859
f37f
f0be
efb0
ef46
effc
f033
eeed
f0cd
f72e
fec8
03ac
0593
0683
0637
0418
00bd
fe80
fdc8
fcd9
fb8d
f9ad
f72a
f79f
fb50
fd6e
fe50
0028
032d
04f3
03a4
0086
fefb
0162
069b
0b95
0ea5
1136
1376
13fc
1162
0c99
0744
0163
f9f6
f141
ea1e
e592
e2ff
e302
e46b
e586
e817
ed96
f521
fb30
fe25
ff23
ffea
0135
0296
03dc
050c
062f
07b5
09b5
0bc1
0dff
0f61
0d21
0715
ffdd
fb16
f965
f9de
fc7b
02b3
0ba3
11a8
144b
1596
1449
10ea
0c50
0477
fcd3
f966
f568
f37c
f983
ff23
00ea
02c5
03f8
02aa
fe9b
fa72
f8cf
fa89
fec9
044b
0a09
1087
15b8
151e
0fd7
07c6
fd3e
f35a
eceb
e93c
e6fe
e62e
e865
ecc3
f118
f44f
f848
fe0e
01de
01cb
fef5
fc53
fa17
f776
f6e2
f7e1
f7e7
f71f
f67f
f758
fbe9
02e0
07da
09cf
097c
087d
0945
0a04
063f
01ad
00f5
044e
090a
0d34
1092
114f
0efe
0c5f
09d9
07f5
08f7
09fd
08c6
092e
0c5e
104e
11de
107f
0d7d
09d6
03e5
fafe
f47b
f0a1
ed66
ee7f
f348
f76b
faa6
fdc5
007c
01ec
021e
0206
01eb
0128
fe87
f898
f191
ee89
ef5a
f1e4
f4d9
f7d0
f9bf
f918
f7c3
f6ad
f3f4
f279
f4cf
f7df
f9fd
fbcd
fe92
01d5
0435
05b6
089e
0d6d
0ea1
0b67
0738
0422
01e4
0022
01a0
04b2
04de
034c
015b
ff82
00bb
03ed
03ed
ffd9
fa35
f6bc
f75a
fc66
0471
0bbf
0f8c
1022
0ddb
08bf
015b
f961
f3d4
f383
f6fa
fb0d
fd99
fd4b
fa88
f83d
f7e8
f9b0
fda9
017b
01f8
feed
fbb7
fb3a
fa7e
f82c
f599
f335
f20d
f379
f730
fc31
00ed
03bb
03e9
0243
0063
fded
f920
f393
f0d0
f3cf
fc50
06f2
0e58
120e
13cd
14bc
1556
147b
1017
0937
0329
00ae
013e
0246
01b9
0145
02cb
03a4
04ce
0840
09a8
05e8
fe2a
f800
f6ca
f959
fb27
f9a6
f56a
ef5f
ea6d
e9b0
ea6d
ea1a
e981
eb9c
f1ec
fa9a
011b
046a
0801
0a22
0921
0757
038f
fcfd
f725
f387
f2c8
f62b
fce8
043d
0879
0ab4
0d83
0fe7
1178
11f8
0fb1
0b1d
0649
01c8
fef1
ff29
0156
04d3
09ec
1093
1638
177b
1555
11d2
0de1
0881
02eb
00e5
0321
07d1
0c24
0ed0
0efc
0c19
0808
0444
003b
fbde
f7a9
f3ea
f1e7
f2d1
f656
f939
f90e
f83e
f7a4
f716
f849
fb2f
fea3
030c
0675
065b
046d
0096
f968
f0ea
e934
e32b
e02c
e12b
e62f
ece3
f32f
f872
fc81
000f
03c4
06c1
089c
0aad
0d11
0ef4
0f5f
0edb
0e78
0eaa
0e62
0c27
07c4
03d3
025d
016c
0076
ffc6
fe33
fc70
fccd
00ca
0641
09c9
0ba8
0df2
1129
1112
0d46
0942
0533
0003
f989
f2a4
ed88
ec6f
ef03
f39f
f799
f615
ee74
e665
e23f
e1b8
e10d
df8e
dff2
e541
ea54
ed07
f54e
006f
0698
0717
0556
0551
082a
0a8f
09ba
09b8
0bd3
0df5
0eaa
0d73
0b66
0bb3
0d6b
0cc0
0a3b
0872
0953
0b10
0c8e
0ea5
1190
14c3
170e
17c7
1726
1604
13dd
0fa6
094d
0259
fc6c
f820
f7d9
fac2
fa9a
f878
f75c
f4f3
f04d
ec94
effe
f694
f997
fc64
00a1
04b5
075b
0995
0c4c
0cf5
09d7
03c8
fde3
f948
f568
f2e4
f209
f2a7
f5d3
fa35
fc22
fbdf
fa99
f8c4
f7c0
f827
f8db
f89d
f7ac
f7b4
f7c7
f6f1
f674
f61f
f673
f9d5
fe40
0033
ff34
fbc9
f7b4
f627
f907
ffcf
07e0
1206
1f24
2a5d
2f49
2c69
22d8
16db
0d78
06ea
0284
fff3
fe39
fbf9
f87a
f488
f2a4
f4dc
f764
f705
f52c
f5c6
f8c5
f907
f883
fa37
fca9
ff46
01e5
03af
03c1
023d
00c8
ff31
fd4b
fcf6
fd5b
fc65
fa4d
f7ea
f5a3
f2b0
ef6f
ed5c
eddb
f033
f2ca
f650
fb45
00c2
04a5
074a
0a7d
0cbd
0ce4
0c06
0b43
0b67
0c09
0af4
070a
01db
fd46
f9a3
f67e
f7d1
ff11
063b
0a10
0ad2
09e8
0801
05dd
051f
05a6
0618
057d
033f
ffd1
fd2d
fc9a
fd93
fdcd
fd08
fc78
fb70
fb28
fd7c
ff96
002f
0098
00a3
0066
00a7
00fd
006f
fe54
faf1
f77e
f555
f3a3
f281
f40b
f7e0
fcb0
021e
074a
0bed
1075
12f8
11ff
0fa9
0c0b
06d7
024a
fda9
f85e
f645
f71f
f8a8
fcb7
00c1
0005
fc97
face
fcfa
ffe5
01a7
024e
ff8d
fb88
fbfb
002d
0522
0856
086c
0671
04f7
02d1
fed4
fab6
f845
f729
f4dc
f2cc
f362
f669
f8e5
f966
faf6
fe63
0208
039a
023f
ff57
fe18
fc86
f773
f256
f0dd
f415
f9b5
ffc4
054e
08b8
0a3c
0b25
0b5b
0994
051a
007f
fd2c
fa97
f98a
fa46
fbdb
fe20
014c
04ce
0646
051e
0444
04dd
062e
06d0
0773
08c3
09b3
0a1c
0aa5
0b92
0abe
06e8
0342
0171
014c
02df
0583
0695
0168
f84a
f1d9
ef8b
efbe
f0af
f2cd
f60c
f8ee
f968
f8b7
fa13
fbd3
fcfd
fec9
ff14
fc40
f853
f912
00db
0b31
12db
165c
1844
1912
1805
14ab
0cb4
ff40
f13a
e92c
ea38
efbc
f626
fcec
0488
0c26
1129
1173
0d87
075b
ffdd
fa75
fac2
fda5
fecb
fc71
f90d
f6e5
f6eb
f9ef
fd7c
fda2
fd99
ff09
ff10
fe57
fd55
fa6e
f665
f365
f332
f3d0
f2c6
f016
ed8a
ed42
f042
f5b4
fbda
013d
04f6
0768
0a3f
0c9e
0c36
08d4
03c2
ff2a
fd7d
ffc6
0486
073c
06d4
05df
058f
0736
0b55
0ec2
0ec2
0bc2
0a08
0acb
0aed
0946
077d
078b
0510
fe06
f70c
f028
e84c
e10c
df1b
e514
ef88
f9ab
ff23
fe0b
f9d3
f7c5
fa28
fdeb
ff31
ff81
0243
08df
0f6b
1345
1457
141a
138e
1307
136e
13af
11bd
0e91
0b98
08f0
0501
0086
febe
ff2d
ff2d
fce3
fb36
fb92
fb27
f8ed
f67e
f6cc
f9ca
fb9f
f6fa
ee9b
e8ba
e7f4
ec1b
f2c1
f80c
fb9b
fefe
02e1
0722
0a71
0a60
07e7
0611
05f7
07d5
0a64
09be
052e
ff17
f7c6
f100
ed87
ed2c
ee73
f119
f859
02b3
09a0
0d89
0fc3
0f24
0eb9
0f82
0e57
0d42
0e0f
0e5c
0f81
1290
1489
1343
0ecc
0976
0518
023f
fffd
fd6a
fa99
f8ed
f73c
f3f3
f0c0
ef3c
f084
f632
fd84
015a
01ef
ff57
f9bb
f642
f6a3
f805
f97f
fbf8
ffeb
0189
ff90
fd45
fb09
f81c
f504
f545
f92a
fba6
fd31
ff98
0197
0285
02e8
0409
086c
0f3c
11aa
0d9d
05d8
fe70
f853
f35f
f126
f07c
eef0
edc8
f0ba
f9bb
0374
0a20
0dd6
0eb5
0e5e
0db5
0780
fdc9
f9c1
fabf
fc6b
fcde
ff5e
047e
07b5
0825
07e8
090e
0983
07ef
06d2
0623
04d9
0351
0239
016a
ff96
fd46
fbcc
fb34
f9dd
f6b1
f392
f25b
f349
f436
f1c6
ebfe
eb2a
f181
f923
fba0
f9a6
f8fc
faa9
fd96
00f1
054f
0b7b
1280
16a8
16cc
1603
1650
15a2
103b
0a94
08d9
082c
058c
01b6
0115
0173
ff61
fc88
fab8
f9f6
f89d
f812
faa1
ff94
05d7
0c31
104d
1185
105f
0d1e
08a0
043c
0148
fffd
ffbb
ffd8
fffa
ffbe
fdb6
f932
f3bd
f148
f255
f3b2
f7a8
ffd8
08e7
0eb2
0f39
0c26
0723
025a
007f
0283
0694
0891
06b9
038a
03c5
fef5
f0af
eaa1
f0c9
fae0
0330
07bc
09b5
0ca0
0cfe
05bf
fd34
f6ba
f1e4
f1e9
f60b
f8cc
f636
f144
f0b1
f225
f47d
fa9a
01e0
05ba
0353
fc8b
f80d
fc96
042f
090a
0d88
0fe4
0dca
090e
045a
014c
003f
012a
0474
0a4e
0d1f
096d
06a1
056b
02d2
0240
02df
0169
ffe4
fdfc
fa5d
f93c
faf5
fc7c
ff82
02cb
027d
019b
012f
fe57
fa18
f716
f765
fb0d
0072
0517
06ee
0563
019f
fc8c
f7a5
f551
f800
fe86
0307
05d4
0925
0b95
0dc2
108f
11af
10bc
0ed4
0ccb
0bab
0bbe
0b3b
0b34
0d68
0f07
0ffd
11c1
103b
0b34
0705
045a
0223
ff6d
fc8c
fb53
fd96
00b3
023f
0243
ffa8
fa5f
f4ce
f107
ef31
ed84
ec88
eee4
f6ab
fe35
fef7
f9b9
f375
eeed
e97f
e6aa
eb2f
f3a7
fc19
024f
0504
0620
07e4
0902
09b3
0b04
0a75
0780
03e1
ff36
f9c3
f662
fae4
0477
0937
0c28
0ee6
0d23
0b50
0b5f
08a1
0560
03fc
01d9
fdcc
f8b7
f4ce
f2cc
f1d3
f013
ee4f
ef94
f6bf
021c
0c6c
10c6
0e65
0907
072a
0a1c
0ec4
125a
1241
0e2b
0ad1
0a43
0a69
086a
03af
fe18
f9aa
f7a6
f800
f86a
f8e3
fb83
fd72
fdb4
ff34
00df
013d
0131
0124
0115
0109
00fe
00f2
0128
0353
0846
0d4f
0c90
04e4
ff93
fcef
f885
f48a
f1c0
ef4a
ed01
eba8
eb78
ead7
eb39
ee35
ee6d
efbe
f98d
ff82
febd
0045
ff36
fd4b
033a
0461
ff39
0410
0bc2
0c7a
0946
0994
0dc6
0ce6
076c
01e2
fe0b
fd2a
febc
ffae
fe36
fb2f
f99e
fa25
fba1
fd73
0087
054e
0967
0bcc
0c26
087f
0436
0441
056b
0570
055a
05e0
0705
0801
07b7
05d2
0320
0115
003a
ff9a
fcff
f98f
f9e4
fde0
02f9
06a7
074a
0386
fb86
f6bf
f874
f900
f88e
f92a
f6fb
f48e
f6c5
fd0f
03d3
07aa
08f4
0891
06e6
0444
0120
fdd9
fa37
f815
fa34
0046
05c7
05ee
044c
0374
028e
031a
05eb
09cc
0de6
10f4
11f8
1340
14f6
1337
0d13
042b
fae7
f29d
ed4e
ee40
f39f
f950
fcc6
fd91
fce7
fc6d
fc7c
fc04
f9aa
f713
f6dd
f8c9
fa8f
fa1a
f813
f5e5
f468
f36c
f3a3
f62f
fa54
fea0
0127
fe83
f978
f96a
fd1a
fffa
ff8b
fea8
fe6d
fc0a
f912
f769
f63c
f517
f32f
efbc
ee8b
f229
f71b
fa67
fbe8
fdef
00ee
0465
090f
0e95
1232
0f53
0b28
0b66
076f
0349
0785
0830
0489
05d7
06e6
0526
041f
03f0
0482
064c
07a3
07a6
0755
0708
06b3
06b2
08d3
0c98
0e91
0e58
0de5
0edf
0e6d
0aae
0691
038b
0156
ff98
fee4
ff3b
fede
fedb
0181
0694
0a02
072a
fe49
f38b
eb8d
e7e0
e717
e776
e96f
ece1
f025
f0f7
ef6e
eddb
edbe
edd3
ebb8
e98c
e8ef
e8d6
e7eb
e6a0
e7b7
ef67
fc76
0667
0c00
0e74
0d89
0c93
0dad
0e1d
0c97
0ae4
0cb8
0fc4
1043
0f7b
0d5a
0a10
0940
0990
0791
0528
042d
0579
09ec
0fda
1471
174d
1736
1285
0bd4
06a4
04c3
051e
0595
04d5
03d0
027e
ff98
fdbe
fe46
feae
fd86
fab1
f6eb
f363
f1dc
f3d2
f537
f312
f112
f225
f60e
f9fa
fbdf
fc36
fe7d
03c0
09fb
0dc9
0eb9
0df2
0b10
087b
08eb
0912
0650
0229
0206
0630
0941
0868
0547
0410
05d1
0804
06c0
0242
fbff
f598
f2c9
f382
f27c
f258
f631
fb0d
feb8
0093
0126
012c
0195
0334
046d
0391
01b6
fe21
f80f
f290
ef35
edde
edec
eeff
f095
f129
f0fc
f111
efd8
edc0
ed37
ee66
f189
f6db
fc08
fe83
fdce
fc98
fbbd
f96d
f79f
f75e
f6e2
f8d3
fddb
0133
0389
07b2
0dfb
13ce
1759
1a24
1d68
2056
2036
1cf6
18ea
16a3
1572
1367
10a0
0d73
09f0
0673
02dd
ff0f
fb5a
f94b
fa59
fd21
ff56
ffa5
fef8
fe6a
fdcc
fb1e
f68b
f2cd
ee94
e9f9
e840
e8bd
e9be
eaf5
ec73
ee24
f023
f348
f876
ff3d
05db
0a96
0d81
0daa
0b04
088c
06b3
04a3
03b3
0431
052c
05ba
067c
0871
0a48
0ab1
099c
0883
086b
0933
0a65
0c9e
10a8
13d7
13b4
104e
0c8c
0b5f
0d37
0e79
0c3c
0718
00c8
fba0
f99b
f9a6
fa6f
fc38
fbf0
f777
f1a2
ec0e
e62c
dfbb
dd07
e13d
e6c2
ea1e
ebb5
ec7d
ec65
ea78
e704
e73c
f03b
fccf
06ff
0c12
0e08
0ec8
0e77
0d26
0ad9
07bf
0469
0272
0321
034d
0213
02a1
023f
ff23
fc3d
f864
f4b9
f7fc
fe0f
01bc
05c7
083c
0718
065f
05c9
0362
00d3
fe77
fcb1
fedb
04e7
0b4c
0efe
112c
1435
1532
1309
1052
10e5
1446
15f1
1352
0c18
0280
fa77
f60e
f441
f431
f628
fa67
fcb8
f9c7
f2f2
ebab
e6e3
e5b6
e690
e717
e64e
e58b
e792
ede1
f44f
f846
ffb4
0860
0c3d
0b1b
0507
fc22
f878
faca
fea6
0433
0a9d
0eb5
0e21
0ae5
08ee
0703
04a6
0359
01c1
0050
015e
02df
031e
02cb
015b
ff30
fe77
004c
02e6
0246
fec0
fb69
fad4
fbcc
fd0f
0059
068d
0d80
1084
0feb
0dff
09f6
04ad
0001
fbf7
f973
f98d
fb33
fb74
f90e
f90a
fcc3
0107
046f
0703
0875
0615
0158
fee8
fca6
f896
f46b
f18e
ef8c
ed2d
ede7
f24a
f51d
f70c
fa60
fec0
0366
077b
09f4
0bcf
0d7c
0d22
0ab8
06be
00e7
fc5b
fc9a
ffe5
02ef
03a3
0292
ffa2
fa9b
f59a
f35b
f56b
fa5d
ff67
027c
058e
09b8
0d68
0de9
0bbd
0a1e
0831
0469
ff1f
fa59
f703
f415
f03e
ed59
f01e
f71b
fd45
fe2f
fb00
f682
f17a
ee23
ef1f
f53f
fd8a
03b2
0666
0879
0c8c
0f9b
10d9
10d9
0db1
0a1c
0a6c
0c1c
0c0b
0a06
08d8
08d3
07fe
07a5
0893
09aa
0a15
0927
0695
0345
fff9
fcf0
fa8f
f900
f7b5
f67f
f594
f529
f330
eff3
f029
f2f9
f59c
f804
f60e
ef63
eea0
f486
f9bf
f983
f824
faf9
fc45
fadf
fb05
fe40
00b0
fdbf
f986
f995
fe65
febe
fbbd
ff5e
0402
0428
0316
0829
1103
11c1
0d76
09ef
06ff
0530
0552
0731
08f9
0974
0998
0ab7
0b5b
072a
01ba
00f6
046c
0835
08ff
0740
0452
0194
0020
fefe
fb81
f3e6
ecea
ed1a
f0d3
f49d
f88b
fd86
03a7
0948
0c37
0d1a
0de1
0a9f
016c
f62c
ecf5
e9d4
ef22
f8b2
0158
068b
09a0
0c1d
0dbe
0ecd
0fc3
107a
0fae
0d29
0b36
08fc
04bc
ffe0
fb28
f6cf
f384
f32c
f6c7
fbc9
00b7
04c7
05f8
0439
01dd
01bc
02a6
0194
0171
0268
0165
0136
02ef
034e
0080
fce5
fd1b
ff65
fffb
fd16
f6d0
f0f0
f169
f6c8
fbf5
fd73
fc50
fb5f
fbae
fb18
f8cf
f914
fc1b
ffd9
0491
0784
0667
04d9
04e5
05be
061e
04ad
0152
fee8
fc76
f6ff
f138
edf7
ed48
ed45
edbd
f083
f595
fa9e
fc60
fa02
f649
f5ff
f9b1
ff0f
032c
0513
0673
097f
0948
04fd
06cd
0c49
0ec4
0f9b
0eec
0cab
0bd1
0d23
0f72
11bd
11c4
0e58
0ac3
080e
0590
0561
0618
0489
02e0
0279
025d
0223
ffc7
f9b1
f510
f478
f455
f0ae
e998
e374
df9e
ddff
df0b
e55b
f0cb
fbbe
0445
0aea
10b3
15b0
18d3
1875
13fc
0e30
0d1b
0f8a
1150
1308
14ce
1577
1461
11ba
0dd0
088f
0371
00bb
ffe0
ffbf
ff78
fdf8
fb95
f961
f5d3
f0cd
ed09
edff
f271
f56e
f975
0145
0a7d
0fb8
0ea1
0a44
03fb
fd3a
f8b9
f772
f716
f344
ecf6
e892
e8af
ea33
ea00
eb80
ef9b
f353
f296
eff8
f0ab
f398
f6b2
f8da
f9fa
fb33
fd52
fe28
fd14
fbe6
fbfe
fd0b
fd9a
fdc1
fe32
ffae
034a
088b
0d4d
10d1
1379
154c
13bd
0db3
064d
01e1
011b
0008
0087
043c
0687
071b
084a
09f6
07f9
0111
fd30
fc9f
fa9e
f7ea
f6f6
f88b
f971
f8f5
f9a2
fdaf
0279
0321
0175
ffad
fe37
fe01
fdc9
fb60
f9d3
fafd
fce5
fed7
0328
0c6b
1462
15f4
137c
0cb8
031c
fcd2
f8c6
f467
f150
ef96
ed26
e7fa
e439
e6f6
ee95
f744
fefb
0696
0ac9
0891
0714
0851
095a
0c35
116c
16a4
1a45
1afe
17e4
1145
0daa
1433
19c9
17ad
13ca
1151
1223
169e
16e8
104b
0a96
0807
04fe
fcc8
f0f9
e620
de68
d71a
cfbd
cefd
d57f
de2f
e37e
e636
ea34
efb1
f382
f3ff
f6b4
fe04
0785
0f64
1436
1636
1538
126a
100d
0f39
0f19
0e04
0a97
0579
012e
ffe4
0255
0740
0b7f
0dcb
0fad
1014
0ebe
0e16
0e3d
0e7c
0e8b
0ae1
0284
fbc1
f9b9
fa96
f965
f6fe
f5d7
f3a6
f0c7
eff9
f27c
f6cc
fb2e
00b3
0493
02a8
fdf8
f82b
f0e6
eb74
e902
e83a
e936
ed38
f4e5
fd02
03bd
09a7
0eab
105d
0c36
06ed
030e
fdf4
fb72
fd5f
fe65
ff7b
026c
03a7
0063
fac3
fa10
fd2a
fe8d
fcb1
fa0f
f961
f9de
fcf6
0355
0723
05b3
02a9
05be
099d
03c1
fc70
fa43
fc3d
00d8
05f1
0928
0911
06f3
05c2
056b
0488
0235
ff1e
fbbc
f7e3
f44b
f20a
f1c4
f409
f87f
fd33
003a
0139
0222
0380
04e7
0621
0662
0593
0581
05a9
0513
05c5
0673
0420
ff8c
fd1d
ff8c
00ac
fcb4
f603
f1d8
f0cf
efac
f03d
f2a0
f448
f635
f8ac
fa1e
fbbc
fd5c
fc5d
f99e
f6ce
f4ea
f867
02dc
0e19
12c8
0e48
05bf
fd0b
f6ff
f711
fae4
fe0d
ff5e
ff13
fe45
fe63
fdea
fb3e
f995
fbba
00dc
0399
037c
0389
01ce
fe11
fb96
fddf
043c
0a77
0f63
11c8
1007
0b34
068a
0580
0744
0a1f
0de5
1265
15e3
14e8
0f89
082a
0168
fd76
fd42
fff9
02bb
0300
0115
fe24
fa86
f555
f14b
f243
f764
fb55
fa28
f86f
f8d4
f986
f786
f473
f4ec
f903
fe9f
036b
0663
0741
0612
02f2
fd8e
f66c
f127
f036
f272
f5e6
f9b1
fe2f
043a
09f9
0ace
071e
0280
0043
fffb
ff11
fb86
f6da
f3aa
f268
f23c
f29e
f440
f623
f6cb
f6af
f4ef
f1de
f3fc
fd73
0966
0f32
0e28
0c90
0cfe
0e25
0cf2
08c1
0420
02a8
020b
fe72
f6dd
f088
f027
f4e5
f8a3
f858
f82b
f98a
fb87
fd40
006d
058a
08f8
0842
04dd
043e
0722
0a4e
0acf
07cd
03c8
0457
09db
0fe1
12b7
1217
10a4
10c2
124e
12c7
0fd9
0af1
0817
0843
096f
08b8
0641
0320
0024
fe6e
fe1a
fe01
fcd3
fa55
f768
f396
ef82
ee2a
efc9
f209
f21e
f214
f2d5
ef86
ebe1
ee4b
f552
fc81
ffcb
fe2a
fd60
0349
0bbd
0ffc
0ceb
0740
0109
f99b
f406
f2dc
f67c
fe14
06c4
0c3e
0da2
0d3b
0dd8
0cec
0b46
0dfc
10be
0ed8
099d
02d0
fe04
0021
0561
09aa
0eb5
1191
0f93
0c14
098c
07f5
04e4
fff0
fa5c
f596
f2ce
f1dc
f020
ef3f
f249
f66a
f98a
fbd3
fe3d
0068
00e5
ff8c
ff0f
01ce
02a6
0029
fe9d
fd50
fcb0
0010
05ba
0884
045b
fe25
fb32
fb42
fc34
fc53
fbcb
fcbd
feff
fe00
fa84
f773
f491
f009
e9c2
e65a
e85a
ee4b
f339
f703
fc4e
0198
0696
0b82
0ea1
0f79
0f33
0e87
0ccb
0933
05e6
04e9
0637
0773
0723
05e4
04d6
0423
0306
021a
0279
041f
038d
fee9
f959
f64c
f661
f6f8
f797
f9c1
fe6c
0165
ff13
fafe
f97e
fc35
007a
0384
0364
feab
f820
f44e
f3a4
f4c9
f606
f635
f61c
f764
f9fb
fd71
01a0
05ef
092b
0a68
0c02
0d92
0b75
080b
0581
02b3
ff11
fbed
fb60
fbb3
fbdd
fe79
03de
0985
0bdb
0aa9
075a
029f
fe5b
fcd8
fe8d
0043
fe9b
fb21
f97b
fc27
0144
06a3
0a87
0a5e
070a
03b9
00bd
fdc9
faf2
f8dc
fa0f
002b
04c8
049c
0322
01ba
01c7
04cb
06b7
04a6
00f8
fe77
ffae
0568
07fe
0459
03a8
054e
033b
fc8d
faf8
028b
0439
0126
0201
0202
fe27
fa64
ff10
072b
08ee
0a43
0bd0
07f8
0088
faee
fb4a
ff93
031c
0239
fe09
fa82
fae2
fc71
fb07
f5a9
f139
f019
ef15
ef54
f1a2
f31d
f2be
f395
fa67
00df
02b1
06f7
0b33
0a11
069b
0165
fb74
fbb5
04c8
11cc
185c
1551
0d34
0627
0300
02f6
02f7
01d0
00b4
00bb
002f
fc48
f69c
f05e
e964
e44e
e323
e612
edc1
f644
f8f8
fa6e
fedb
02fd
0713
0ab5
0a52
0633
01e6
0157
02cb
0415
074e
0a96
0cea
12e2
1855
16ef
119f
0d04
0ada
0912
0a3c
1151
176f
1881
15a9
1079
0ae3
0739
06a3
05e4
0080
fa9e
f68f
f2c1
f2af
f5e3
f6a9
f815
fc0a
fda1
fa59
f4d9
f349
f57a
f92e
fde0
0078
ffa5
ff3d
fe77
fb21
f6e6
f25d
ee13
ec56
ecca
ed6a
ed81
eea9
f281
f74e
fa6c
fac1
fa63
fb48
fe11
033b
0a08
1044
12c2
1273
12b4
10b8
0ad1
0482
03f4
06ba
0353
00ca
0410
05c5
0739
09ab
0843
0808
0bca
0ae8
0547
00b0
00a1
00f8
fcf2
f764
f353
f1dc
f285
f377
f37c
f420
f575
f6b4
f971
fe2e
0359
06d6
0868
0946
08de
063e
0190
fd22
fad5
fabe
fbea
fd28
fdc8
fe2f
fe0a
fbf3
f8ec
f64b
f45c
f379
f407
f5d8
f7d1
f943
fab7
fc5e
fe69
0181
03f7
0459
04d9
075d
0c02
110a
12b0
0ff3
0fb1
1260
121f
0d05
05fc
0190
fff2
ffaa
feb9
f986
f567
fc4a
0642
090e
031d
fce9
fd59
0312
08e0
0906
0149
f961
f84e
fb0f
f8fc
f087
ed5e
f28f
fa06
fb3f
f859
f7ac
f924
f9fe
f89f
f77e
f830
fa7a
fd60
0119
0686
0d80
11f6
0fda
0b17
075e
04ed
021b
ff74
ff4c
008e
00b2
ff14
013c
06e5
0824
0645
057a
0660
050b
00d3
feed
fd49
f9ce
f883
f895
f812
f883
fa64
fcce
fdd3
fb33
f6a7
f7e4
fa68
f74b
f6da
f89c
f5b3
f0a0
ede7
f057
f81c
01d0
0880
0b21
0a7e
07f0
04c8
01a9
fe7c
fa5c
f5ca
f29a
f096
ef7a
f01d
f249
f4c9
f624
f6ad
f6b8
f5bb
f576
f7ec
fcda
0139
03c5
07ac
0c69
0f88
10fc
1059
0e0b
0d3f
0d2a
0c21
0d6b
1116
1381
11e2
0cd9
0765
034e
0320
083c
0dca
113d
128d
0c2b
ff1a
f4f9
f2a1
f7e4
0042
02f7
fc6c
f296
ec07
ed87
f875
07ae
11d4
0f2a
042b
f938
f1ef
f07d
f468
f8cc
fb2c
fb91
fa22
f7aa
f67e
fa09
fde2
fcb1
fd2f
ffca
fefe
fc5a
fb1d
fd01
0139
0544
0627
035b
ff61
fe5a
0218
07d3
09c7
0729
038d
0350
0497
04cb
049a
0462
0333
ffc7
fd87
ff93
03a3
03fb
fe1d
f7f2
f833
ffa6
05d9
0724
0522
0217
ff22
fbf3
f7d5
f440
f448
f8ff
fe1a
fde7
f9dc
f497
efcc
ed9d
efd7
f64b
fc70
0022
029b
02ee
039a
09de
10d5
1428
1630
1818
18ee
16ed
123c
0ba9
03f1
fd67
fa18
f918
f842
f6a0
f5ae
f412
f0b2
ef11
f12a
f554
f709
f959
009c
05b7
0526
01d5
fecb
fbea
f7c9
f4ac
f431
f504
f362
ef9e
eeb8
f2e3
faa1
026f
095c
0e45
0e79
0af1
069c
0427
0412
061c
0a1c
0d56
0dd0
0d80
0ef4
1238
139d
1220
0f0e
0b98
0847
0568
03de
02a6
fffd
fbc1
f810
f755
f90b
fb33
fb50
f772
f2e7
f3f8
fb0a
0328
05bc
02ac
fe1f
fc70
fc5d
fcb7
fea3
003b
ff89
fd1b
fad7
f9f8
fa2c
fad7
fc40
ff53
017c
008e
fe82
fca3
fbff
fe41
01e0
042f
04de
0644
09e1
0cb8
0d7a
0d65
0d76
0c40
089c
070c
0935
0bda
0ab7
052c
fe99
f99a
f6e5
f554
f3b3
f1d1
f078
ef09
eccb
ea09
e882
e969
ec43
f05b
f495
f763
f83d
f8f5
fcf6
02c5
06d2
082a
0719
04ae
0274
0066
fede
00a9
0399
0349
0047
fc39
f8b6
f7b3
f8ff
fa0c
f888
fa0c
058c
108f
1466
1530
152a
1347
0d6f
0552
fea4
fc26
fd10
fef8
ffc0
fece
ff68
06ac
0d88
0d61
0afd
0b3c
0e24
0e9c
0c89
0a41
0784
0387
ff00
fc64
f994
f4ca
f47f
f867
faf3
fbdf
fc27
fc50
fc71
fc38
faf8
f7c5
f3e4
f1f9
f1b8
f229
f2d5
f40a
f65f
fa37
ff20
038b
053c
0533
053c
0596
0402
0073
ff68
0198
05bc
0b20
0e91
0eac
0f38
112c
1319
142e
137f
1060
0b83
0747
062c
07ef
09be
08ca
05fc
033f
010e
fc4a
f5fd
f2ac
f17b
f0a4
efa5
ecc7
e8be
e6ca
e779
e9d4
ec88
ee7a
efc6
f242
f61d
f9c4
fabf
f8e7
f5f1
f407
f406
f683
fc41
020d
047d
050d
0646
09f0
0fd2
14ba
1601
1699
170a
15a5
1343
0f24
08c2
0505
04fd
0523
0505
0625
0966
0bab
0bb4
0b8f
0b2d
0b79
0e2c
0efe
0bab
0759
011f
f9a6
f616
f472
f2d5
f4a1
f846
f9ec
f7ef
f430
f0ab
eca3
e952
e82d
e7ef
e870
ea67
ed72
f0e6
f42d
f6b4
f898
fa28
fb25
fc91
ff96
0248
0329
029d
0284
042b
06fa
083b
0682
035f
0230
0494
0927
0ec1
1363
1409
1210
0f31
0aaa
066b
0448
0375
0240
0042
ff40
0013
0165
0015
fcbf
f9cb
f76f
f6b4
f80b
f829
f74f
f83d
fa9a
fd1b
fef8
0049
ff87
fb08
f5de
f32b
f3f8
f841
fe04
0218
04e7
07c4
0aea
0cd0
0d17
0d42
0c66
0b33
0ce8
0dd6
0a57
04dc
fead
f911
f6ab
f6b9
f751
f888
fa99
fc11
f9c6
f79b
fb16
0157
067e
08b6
090e
08c8
086b
07fe
0687
03cb
0301
05ac
0939
0876
036d
ff9f
fe9d
fe63
fc59
faeb
fc19
fe53
ff69
ff22
ff9d
00e6
01c4
012e
fecf
faeb
f693
f573
f8b0
fafd
fa14
f7e4
f80d
f9d7
faab
faf1
fb91
fcd8
fe4f
ff5d
0049
0311
0689
07e4
08e7
08f3
0590
0213
022c
0620
095c
08ce
05c9
035b
02b7
026e
012e
ff89
ff56
fef5
fd91
fd56
fc8d
f9de
f7dc
f7b8
f932
fb9d
fdfd
fe56
fa4f
f51b
f2a2
f12d
f145
f3ea
f593
f6a0
fa63
00b2
06b7
0978
0a73
09f4
069d
0148
fb7b
f6ce
f477
f510
f7ea
fa42
fb0f
fbb2
fc52
fd14
ff04
032f
092c
0e86
118a
121b
110f
0eb2
0ad8
05d2
006f
fc29
fa6e
fa77
fba4
ff9e
0454
06d2
08b6
0afc
0ca9
0bda
083b
039a
00ea
0128
034e
067a
092b
09df
098a
0977
098a
075d
02e7
ff3d
fc6f
f8fb
f44b
f218
f39f
f554
f810
fcd9
00ea
ffcf
f9e8
f66e
f46c
f19b
f1bd
f4a6
f759
f846
fa25
ff6f
0554
095e
0bde
0f89
1286
114c
0e71
0b3e
06ea
02b0
ff67
fd4b
fcd6
ff27
0485
0925
0b04
0b4e
0a7c
0785
0197
fc85
fabe
faa5
fb09
fb84
fbd3
fac9
f7f5
f4ee
f339
f446
f8e7
ff2d
045b
071f
07f0
0780
059d
02d4
ffc7
fc4a
f805
f32e
ee82
ebbc
ece4
f1a3
f6ca
f91c
fae6
fe41
0225
0247
ff20
fdab
fdb4
fd9a
fd10
fd35
fe4b
fef0
feb8
fee4
013c
03aa
0411
031a
013a
fe0f
f915
f3f8
f14b
f28b
f6af
fb98
ffee
032d
054d
0602
057a
03b2
0026
fd63
fe5c
00df
0152
fedd
ff06
0225
0359
029d
00f0
fec8
fd75
fde3
0016
03e6
0895
0c2b
0c52
0a62
0b4a
0e07
0f9b
0eef
0c95
098d
06a0
0529
0533
04eb
05dd
08a7
0900
082a
08c6
07e1
044e
ff97
fbc4
f977
f812
f718
f6e1
f863
fc11
0093
0375
034c
ffec
fb0a
f907
f9c7
f8df
f69c
f4e3
f46f
f43f
f344
f1e5
f217
f4ea
f912
fe72
051d
0c1f
1087
10b1
0e3b
0a1e
062e
060e
0782
06da
0537
0336
01ae
0354
05fb
05fb
0528
0474
035e
02a9
032c
0490
0452
0242
0078
ff09
fd13
fa35
f860
f891
f9d2
fb60
fca2
fcd9
fabf
f709
f50b
f63c
f9ef
fde2
ff61
fe32
fcf3
fa03
f4c9
f246
f367
f5c4
f73f
f7c2
f8a1
fb2e
fe4d
001e
00ba
00c9
00e7
0194
02c2
0466
0780
0a71
0a9b
0a32
09dd
07da
04fe
0358
0459
06b3
0887
08fb
08b3
08e2
09ef
0956
0653
03ae
0105
fcd6
f7ad
f4fb
f62f
f75c
f5ea
f2df
f230
f439
f758
fb1d
fecf
01d5
046d
06e9
08fe
09ce
0933
07a2
054d
0281
ffdc
fde9
fd3a
fe18
0015
0251
03b7
03ac
0279
0136
00f6
0087
fd6f
f993
f863
fb19
fe35
ff89
013a
033d
04e1
0692
0675
041b
033d
042d
0556
065e
067e
059b
054d
051e
03c1
01ef
00dc
024e
089a
1166
1744
18ee
16be
114c
0aa3
03f4
fd87
f77f
f396
f3a6
f4fd
f571
f562
f37f
f008
ed62
eae9
e6ae
e0ba
dd84
e160
ebcf
f79f
ffea
0338
03b0
03bb
03a0
02ac
0188
0383
0838
0d18
116c
13d8
1356
117f
0f6e
0d6d
0c10
0ab7
07bd
0238
fbf1
f881
f8a5
fb16
fdc1
ff43
ff96
ff98
ffa2
0034
01b1
01eb
ff59
faf9
f608
f387
f73b
fdf8
0277
0294
ff7e
fc5e
fc41
fe87
015e
049f
072e
07f0
07ee
0784
06a0
05e8
03db
ffe8
fee2
ffcf
fdde
faee
fb53
00eb
0698
08d9
087f
06b5
0564
05fd
05eb
047a
043a
0412
018d
fc3d
f87f
f89c
f983
fadc
fd1a
fef1
ffd9
ff36
fc3c
f9b8
f98d
f88b
f4a5
f025
f156
f742
fe39
0794
0f24
0f02
0a68
0424
fc53
f367
ebb1
e86e
e965
edd1
f4b0
fa56
fc7f
fbae
fa88
f9e0
f8a1
f8aa
f9e0
f9a3
fac6
ff3c
042f
069d
0672
06c5
0935
0ca2
0e1a
0e3b
0ebb
0f88
110b
1371
14cc
133c
0f1d
0c31
0a1c
0641
00b2
fb11
f721
f5c9
f81a
fe2b
04aa
09e9
0dc2
0d8e
09f9
0757
07fc
0b9a
100f
136e
1598
1757
1719
137c
0d0f
04b8
fc6c
f78d
f65d
f79b
f9c1
f9b9
f691
f3b6
f26a
f254
f319
f1c3
ed67
ebad
ecdf
ee6d
f171
f683
fc38
ff53
ffd8
ff93
fe40
fc47
fb46
fcbd
0003
02c2
03fb
0376
016d
fee4
fdc1
ffb8
02e6
0504
057a
0435
013c
fcfb
f902
f64b
f44f
f42e
f60c
f786
f8f2
fb6b
fe06
fee8
fd46
fae4
f95b
face
0240
0bf5
11cb
1350
10ea
0af4
0386
fce1
f8ed
f998
fd58
0098
0327
04ca
04a7
0409
039a
02df
02c2
0332
0287
003a
fd6f
fc43
fca6
fccd
fb05
f9de
fa9e
fa59
fb16
fed4
01d9
fefb
f6f8
f409
f8f4
01de
0a81
105d
13b7
1696
15f8
0f38
09c7
0662
009d
fbbe
faf9
fe30
0205
0420
04e0
05ee
076b
0741
036e
fce5
f702
f221
ed87
e8f5
e3bd
e0ef
e5f8
ec9e
eef4
efed
f29a
f867
00ba
070d
08f1
0a18
0b3e
0b42
0adf
0b33
0df6
1526
1cbc
1e58
1a28
14d0
117c
0b8b
03a3
ff39
fdd4
fd09
fb0f
f7a6
f489
f42e
f64b
f88a
f8bb
f88e
f7e0
f3f1
ee2b
ea43
eb0f
efd0
f640
fc02
ff62
006d
015a
0379
0669
084e
0879
0807
0961
0b47
0b8e
0af2
08d9
0485
000b
fda1
fd26
fb19
f755
f49d
f346
f478
f99b
00cf
0822
0e49
124f
143b
148e
1213
0cd2
073a
024f
fde4
f95e
f5a1
f3d9
f489
f7bc
fcb2
01a4
03c4
0198
fc9e
f6ec
f1e1
ed3e
e874
e43b
e3a0
e779
edc0
f430
f9e2
ff55
0482
09db
0ea5
0fad
0cd2
08d4
056a
047b
0735
0aad
0d0f
0f18
1104
129b
12f3
1009
0a5e
05c1
04d9
0641
05ad
041d
0395
035c
02b8
0181
001b
fe57
fc3d
fa9b
f97f
f939
fb45
ff0a
013e
fde4
f89a
f665
f43d
f48a
fa79
fdfd
fd30
fd3b
fff2
04aa
09d6
0fab
13ed
1319
0eaf
088f
01d5
fd8c
fb19
f670
f2bb
f2db
f547
f93e
fd5c
ff4e
0043
01cb
030b
02c6
011c
fffb
feb9
fcc7
fc47
fbf5
fa30
f938
fa5a
fcef
ff09
ff4c
fd6f
fa70
f896
f9a0
fc57
fe8d
febc
fd63
fdc2
02b8
08df
0dd4
11ae
12f3
0f9a
073d
ff4c
fab4
f756
f446
f2ef
f579
fa4d
fedf
01e0
030c
0208
fe5f
fa10
f68b
f2e2
f112
f24b
f2db
f357
f67e
fb80
ff85
002d
fe67
fbb9
f96c
f904
fae2
fe21
014b
0380
0517
0738
099c
0a8f
09ae
07dd
065c
0528
0367
0072
fcbf
f9aa
f891
f987
fc3c
0021
030e
035b
0252
04a6
0b22
0ed8
0f49
0e86
0ba5
089c
06f6
0427
0109
ff62
fc7f
f7cd
f350
f13a
f340
f8fb
fe24
0128
032f
02fd
001d
fbe8
f84d
f66e
f6e8
fbd3
02d5
058b
047e
03a8
05ba
0723
0648
0705
0a22
0dfd
10b7
11a4
10ab
0d93
095c
0522
0126
fdbe
fa52
f54a
f0ea
f0e3
f508
fa9d
febe
0096
01f4
0423
0443
00fc
fbdb
f7b4
f4d9
f20d
f03b
f192
f747
fe5e
03c5
0685
08ac
09a4
05d4
fe7d
f6b1
f0f5
ed7a
ec4f
ee2e
f341
fa79
0137
05a4
0781
0837
06e2
0299
fd9a
f9ed
f8b6
fa2c
ff2a
0744
0df9
114f
124c
12a9
1236
1009
0df0
0c09
088e
0290
fc82
fa3f
fb88
fe48
00ae
02a4
0477
05b6
0475
0067
fb91
f5a4
efa2
ecec
edc6
f13a
f6d6
fdde
04ef
0aa9
0ee2
1217
13fc
1236
0bb2
03f0
feb6
fc71
f939
f6bc
f8a1
fc00
ff81
040a
08bb
0bab
0bd1
0bf5
0baf
0809
02e0
fea0
fc82
fbf1
fc8d
fe66
0057
01bc
0299
0190
fe5a
fadf
f8e7
f962
fc1b
ffe4
0307
0443
0440
04e2
076f
08c9
06be
04de
0332
ffa2
fa6f
f41f
edee
e9f2
e7a8
e627
e81d
ec10
ee94
f1eb
f619
f85e
f832
f7ef
fab0
0050
0648
09c5
0aca
0a57
0933
08b7
0a98
0f28
121f
10c9
0d21
0864
02c0
fc4e
f782
f713
fbb3
0375
0b1d
0ff3
0f65
0a80
07a3
0671
03e2
0213
00fb
fea4
fafa
f7d1
f790
fa82
ff57
03ea
0624
05ab
0391
00f5
fe6a
fc2a
fb04
faf3
fa72
f63e
efed
edab
ef46
f32e
f98f
012e
08a8
0fb0
1576
17ba
13e9
0d10
0780
03bb
00fe
fece
fddc
fdd1
fe3e
ffd5
02f6
066a
06db
03d0
ff35
fa4a
f58c
f0f5
ecb8
e9df
ea38
eebc
f54e
fab7
ffce
040e
04a9
02ca
000a
fd14
fc3d
fde2
ffd2
02aa
0655
084b
0756
046f
0232
013a
005c
fe35
fc89
fda7
012f
057f
0914
0b59
0a30
050b
0114
0029
0093
007f
007e
01fc
03a5
047e
049b
046a
03e9
02d1
0186
00d1
008e
fd2f
f834
f737
f695
f5c6
fa2d
ff81
00fd
ffd4
fe83
feae
0057
02b7
04e1
05fb
03d0
fe2c
f959
f77a
f860
fa8f
fc5b
fcd3
fc2f
fa64
f851
f8e7
fa2d
f8e3
f83d
f9d1
fc00
fd6c
ff0c
0343
0a4c
117a
1502
1587
144d
114d
0c02
0639
0315
fe8a
f8f4
f975
fe25
0150
ffeb
fd47
fc39
fac7
f8a5
f746
f80d
f8d7
f7b1
f691
f7c5
fb12
fc8c
fbd0
fae6
fa9b
fb21
fc9b
ff2a
00f1
fff9
fe46
fdb0
fec7
01d6
056f
074c
07b4
07cd
0851
0915
09ba
09ef
08a5
066b
056b
04c1
0334
0145
ffdc
ff6c
ffc6
01c4
0579
08ca
0a0d
0880
048d
ffdc
fbdf
f8f0
f6a2
f49d
f30a
f3a4
f7cb
fda7
03d4
096c
0d06
0d27
09e9
0747
0734
0810
068e
0346
01cf
019c
00f6
ff2b
fccb
fa76
f879
f7ec
f888
f89c
f953
fb54
fd26
fe80
fff6
01aa
01bd
ffa6
fe50
fe25
fdf6
fd3b
fc17
fb62
fc57
fef0
01e5
0382
047b
05f9
0670
0630
05f1
02cb
fe2e
fc50
fbba
fbb6
fcdc
fc6b
f9c4
f819
fb0d
01d2
0765
09d6
093a
0655
027b
fe75
fa14
f603
f300
f1d1
f3ec
f89a
fbc5
fc07
fb53
fcbb
ff62
016d
0406
074c
0aa9
0e20
10ab
10e7
0f0d
0b74
06e1
037f
01e8
0139
00c8
ffc4
fd45
f8e1
f32f
edac
e92e
e67e
e5cc
e4ac
e36f
e62e
ee50
f922
0163
054a
06fd
0995
0ae5
08a2
0509
038d
0470
03cd
0313
04bd
069c
06cd
053f
03b5
03a4
0535
06b3
06f8
0682
07a5
0888
05f1
0276
ff38
fbab
fa9a
fcfe
008b
01ba
fedf
f9bc
f722
f883
fa8f
fad0
f8f9
f6b9
f56d
f705
fd4a
058c
0aeb
0a47
05d8
019c
0012
0284
06fd
07eb
04ca
ffc7
f9dc
f62a
f6cb
f86a
fbe8
033b
0a0c
0f8a
1498
15b5
11c5
0b5d
061d
01b5
fd24
fe45
036f
045b
030c
00fc
fbf7
f62f
f285
f147
efb8
ed9e
ee75
f15d
f3f3
f584
f7f9
fdb8
06b1
0da6
0f0a
0e5b
0cea
0b13
0b0b
0bea
0b8b
09be
07d9
0705
0667
0276
fa40
f4fb
f32e
f17f
f49e
f9ad
f928
f753
f879
fc27
ffef
03c5
0921
0d9b
0ee9
0d43
0a77
089d
0920
0aea
0c65
0cbf
0a7a
069d
0575
06ed
0915
0b16
0c11
0b59
08f0
04eb
000e
fc1c
f998
f843
f864
f983
fa89
fa67
f7d1
f2db
ef15
ed48
ecb1
efc7
f310
f197
f374
fb72
02eb
069d
068d
04e8
0481
05a8
0629
05ea
0436
ff93
fb91
f9d9
f70e
f3cf
f261
f3d2
f849
fe4f
02a6
05fb
0859
05c2
0095
fc91
f7e4
f525
f842
feae
0675
0e38
11de
1076
0cda
0b54
0ca7
0e15
0d90
0c41
0c74
0bef
0985
06a1
0371
0010
fd13
f938
f4ac
f20a
f320
f699
f8b5
fa1d
fbc5
fc11
fba6
fc3c
fe87
0127
02b7
03d0
04d7
05a6
05f1
0624
05ed
0301
fff7
ffe0
fecc
fa4a
f423
f0d0
f174
f3c4
f603
f80c
f9ef
f9b2
f869
f97a
fc0d
ffb8
0510
092b
09ea
0884
07ec
08e7
0992
0b33
0e69
10c9
10a6
0da8
089d
03c6
0072
fd79
fbc1
fc19
fcb8
fceb
fd09
fd0f
fc0c
fa63
fb94
fe2f
fea4
fec8
fed4
fdb2
fd45
fda5
fd97
fef4
022c
0546
0648
056f
0477
02df
004d
fd3f
f8a8
f363
f119
f28b
f69e
fbba
0028
02cd
0396
058a
0987
0b6a
09fa
05f4
fff6
f9b5
f50f
f254
f256
f5ee
fc57
024e
04a5
0479
044f
0592
06f7
06f8
050f
0214
00fe
03b5
0540
036f
0106
ff32
fe77
ff04
0029
0119
016a
0161
0115
0050
ffa1
ff41
fe85
fd75
fcfa
fe3a
00f1
0418
06a1
07f0
07da
06d4
056e
035e
ff70
faf5
f8f0
fab3
fe1a
004c
0206
02e1
01bf
008e
ffb4
fdef
fbb5
f983
f737
f439
f300
f748
fe5e
0405
064c
0845
0b98
0dbf
0ca3
0852
034c
fe79
faa5
f93d
f9c3
fa3f
f895
f44e
efbb
ef33
f2f9
f84c
fc45
fdd7
fde7
febe
ffd6
ffd5
00a5
0311
05d5
073d
0738
06cc
05fb
0590
065c
0628
0522
05cd
06d0
0682
04b4
0169
fdc2
fbcf
fc8c
ff3c
01dd
03bb
04a2
040a
012e
fd38
fbea
fd3e
ff61
019b
0319
0405
05df
06d2
0456
ffa8
fbd8
fb5f
fe12
022e
055a
060f
0401
0051
fd6f
fb21
f848
f808
fad1
fd99
ff70
ffa9
fd3e
f871
f469
f585
fb2e
01dd
05c7
068d
04b0
0068
fc1f
f964
f77b
f6d7
f899
fcb4
fff2
00b3
0226
0358
0315
0543
0884
0999
0a77
0b25
0a88
0a2e
0a15
08e7
06d3
04f0
03b6
013d
fe20
fcc6
fbbc
fa5c
fa1f
fb7c
ff55
05fc
0ab0
0adc
08d0
0629
031c
ff35
fba1
f98f
f903
f933
f917
f7e7
f60b
f5b2
f99f
fe07
fe35
fbea
fa82
faf2
f9fe
f7fa
f83f
fc87
019e
038b
0420
038f
00c6
fea6
fe92
ff70
0093
0204
0387
0316
00c5
fef8
fdd4
fccb
fc03
fc22
fc6d
fb5f
fc59
001e
01a9
0106
015b
04b1
087d
0a8d
0cb1
0f52
105f
0cfd
071f
0293
0063
fc8c
f4c9
ef86
efbc
f32a
f5b6
f623
f568
f387
f162
f122
f526
fbbd
00b6
04ca
08d8
0bef
0cc7
0b87
0a10
0985
0a01
0b04
0d93
0f7d
0b71
03d3
fd95
fa9d
fa5d
fb67
fcbc
fe06
ff74
018c
05b6
0aea
0ba0
07ee
0355
ff3d
fbbe
f8da
f7a2
f816
f90e
f93c
f837
f65e
f409
f349
f5f6
f8c4
fb62
0050
0411
05df
08d5
0be0
0d42
0c94
0899
025e
fd81
f88a
f182
e9b5
e434
e2b3
e417
e8d9
f109
fa0d
0201
079c
0954
08c2
088b
098e
0baf
0e4c
104d
0fe7
0bff
0663
0120
fd6e
fbf9
fd6c
00fd
020c
0083
00d3
0406
08a2
0bc1
0b0b
0761
03ff
0106
fe9d
fdd9
fb2e
f670
f550
f7ea
fb18
fcaa
ff1b
03b9
06fe
0884
089e
058c
00dc
fcca
f864
f42b
f09e
ec12
e840
e8ba
edf0
f66c
00cf
0c4f
1430
1247
08a5
fdbb
f77a
f680
f88a
faf2
fc4e
fba6
f8ba
f5b2
f58b
f9b6
fe9c
018d
03c8
05e4
0784
083a
09c4
0d44
10ed
11c8
0e82
0932
0402
0029
fd64
fb2c
fa28
fc74
fe8d
fcb1
fafe
fbf0
feae
0181
0424
06c7
0812
0765
0578
0391
01e0
ffeb
fe35
fcef
fb79
f935
f687
f4f7
f558
f89d
fef7
03ec
04e4
0438
0392
0300
01c1
0153
02b4
0415
0403
027e
011d
017e
036f
0427
03a5
03b5
04b0
042a
00a0
fe1f
fdcd
fd85
fbec
fa85
fb6d
fca3
fcfb
fd4e
fe77
ff32
fdbd
fc9a
fbd6
f8a5
f589
f584
f8be
fd5b
00ac
00eb
0128
03bb
06ec
0995
0c3c
1008
140a
1645
15bb
11ec
0bfa
0766
0433
0121
ff09
fe2c
fe04
fe0e
fdcc
fd1f
fce1
fedb
0336
0505
02ad
ff04
fcb8
fabb
f620
f106
edf0
ece1
ea90
e7e9
e9e1
ee11
f261
f820
fe1c
01b8
01ca
0092
ff68
fc69
f767
f38b
f5e2
fd40
0510
0992
0a35
0830
04fa
01d6
fffb
00dc
032b
04eb
06fe
0899
0825
06c1
05a5
0593
0794
0a82
0be2
0b77
0a13
0887
0706
0558
0343
0168
ffd4
fdee
fbd3
faa0
fb4f
fb4a
f8a8
f517
f2ce
f1e4
f004
ef4a
f217
f608
fa38
fec9
0311
04ca
0378
031e
0379
028c
02a1
031e
0198
fed4
fcda
fd46
ff93
022d
03af
041c
03c2
02c7
0195
00eb
0174
02f7
04bb
05eb
065b
06ec
08cc
0ab8
0aa2
07d5
0505
04f3
075e
093a
086c
0650
0441
02c0
01a0
0195
025e
013d
fe7f
fc61
fb7d
fad8
f969
f808
f683
f42a
f1ff
f17a
f33d
f5e3
f7fa
f8d0
f8c4
f9d7
fd7e
ffb4
ff5e
ffd1
0123
0205
020b
030a
0620
0a11
0e03
10a8
0ffc
0b20
0349
fc1f
f7d6
f738
f9b5
fdb0
00ac
0012
fde6
fd87
fef5
01cc
04f4
0584
0428
02be
ff15
fa2d
f6ab
f2ac
efdd
f191
f332
f33a
f528
f9c1
fe33
ff93
0382
0920
0833
0678
0863
0953
082f
072b
0911
0cdd
0f3e
0da8
0b7d
0b15
088f
0345
fd6e
f97e
f68b
f32e
f0b2
f06d
f300
f82d
fe3b
027d
0342
0205
01e5
0405
0672
0689
05c1
04d9
02ca
ff6b
fb29
f784
f70c
f92a
fa5a
fa38
fae4
fe39
014f
026b
03c0
054a
06c1
0906
0be3
0dcd
0cf0
099d
0544
015a
fe4b
fbc4
f928
f748
f6fe
f748
f6f1
f63a
f776
fa1a
fc36
fe98
0093
007f
ff61
fdb6
fb87
fb1d
fc32
fc3c
fc00
fea3
0627
0da8
11db
1402
1561
14eb
105c
0a3b
048d
feba
f9f2
f623
f0df
ef97
f4e4
f8a0
f952
f944
f80f
f4ce
f13f
f2c9
f713
f911
fac6
fe66
03b0
07d8
0bfa
11a8
13d8
111c
0ce7
0a2e
08cc
072d
06b9
0619
01d5
fc59
f7cb
f367
ed99
e7de
e63d
e801
eb65
eff9
f56f
faab
fe1a
ff3c
feda
febc
00c5
04d9
07d8
0797
054d
05c9
0804
08d5
09ab
0a4c
09fd
0ae1
0cc7
0ddb
0e6c
0f39
1000
0ec9
0cc4
0ca4
0bfc
089c
0313
fe0d
fb37
faf2
fe03
024b
0351
0153
fe36
fb5e
faf9
fcc3
fd02
fa05
f49a
ef9b
ee0f
f0b1
f4a8
f8cc
fd07
0022
01b5
025a
0338
01a0
fc07
f862
f77a
f61c
f47e
f4a8
f7c9
fb50
fe7d
029b
07dd
0c42
0d4f
0bcf
0951
06e9
0560
0371
fee1
fa06
f7b3
f86f
fa58
fc40
feda
013a
0300
0530
067c
05fc
056f
05f4
0709
06f6
061c
057f
0477
01ce
fd0f
f7ec
f4d1
f520
f739
f9bd
fcb1
00bf
03fa
03a5
01fd
00b6
fff5
00f1
02ad
02c7
0293
0332
03d0
0384
023b
00cc
ffc2
fdfa
f970
f40e
efc7
ec4a
e9a4
e9bb
ef1c
f671
fd0e
053e
0c88
0f6e
0fef
1192
1552
170e
15ca
12da
0eac
09d7
0504
0076
fc0c
f880
f7e8
fa7a
fdf1
ff10
fd81
fb9b
fa92
f906
f53e
f351
f513
f7b4
fa43
fcae
fedf
0028
0003
feaf
fd86
fdb3
ff69
0332
0957
1058
144f
12c7
0e4e
073f
feb2
fa84
fbf7
0055
04a0
0886
0c94
0eb3
0db8
0a89
07d8
06f0
06be
04ce
01bf
0055
ff8f
fdf2
fb84
fa08
fabb
fd3b
ffb4
00fe
017f
020d
0303
03e2
03ee
0360
0386
03f8
0453
056e
0675
0606
03c5
0088
fddc
fd43
fddf
fe50
fedb
fe32
fb48
f894
f887
fac6
fac3
f9c0
fbe1
fe2b
00f2
069c
0a82
0a52
07ee
0376
fe3a
fa95
f68d
f0e8
eb95
e9cb
ecbe
f263
f782
fa9d
fce8
fe53
feb5
feaa
fde3
fc23
fa67
fad4
fe23
01b1
0371
039f
04bc
056b
03ec
0392
0493
04d9
04a2
0420
03b2
053e
07bc
07f0
04f7
00ab
fdb7
fc29
fba8
fca7
ffc9
0306
031a
01ec
00a7
fdee
fbac
fb83
fcb9
0010
0471
05c6
04c1
04c4
07e9
0a84
0928
0629
043e
0461
052e
0551
0420
01af
fed7
fcc6
fc2e
fe90
0415
0872
095b
07bf
059b
041f
0325
01f3
ff8f
fba1
f72a
f3a6
f217
f21a
f3fc
f88b
fe16
027a
04c7
04d5
0445
0572
05db
03ee
0293
01ec
0036
fcc4
fa72
fbdd
ff4e
0209
02c0
0299
01ca
0066
000b
0095
012b
02c5
0417
0357
02ba
0242
ffc3
fb83
f632
f12d
ef9a
f260
f6fa
f991
f87c
f516
f2b2
f312
f504
f717
f8e6
fa9d
fa5c
f894
f982
fcb1
0015
0330
0576
0654
05fc
0645
07b0
079f
07f1
0a8c
0b26
09ad
088f
073c
07d2
0c28
0f7a
0ee4
0b38
0682
0112
fad2
f64b
f4dc
f5df
f945
fd3f
fef8
ff9a
0057
00b9
0131
024f
03d0
0464
0329
009c
fde4
fb79
f8e6
f66e
f456
f1fa
ef0e
ed41
f01b
f587
f92e
fa1e
f8dc
f751
f8b6
fccf
00fb
0403
05d2
06ab
0673
06bd
0903
0ab4
0b31
0c4c
0dd0
0e5b
0d4f
0dac
1033
1213
1219
1118
1093
0f82
0c82
07c6
02aa
fde4
f966
f746
f8a0
faf6
fc7a
fba8
f6d0
f096
ec7f
ea5d
e9b9
eacf
ee2b
f393
f906
fb0d
faf9
fc5e
fe95
00c6
02a8
038a
0301
017b
005b
ff9b
fe12
fc17
fa9e
f9e9
f850
f79f
fc2a
01b6
0493
06e5
0b46
0fad
0db7
074c
01b6
ff26
fd61
fbf8
ffb9
06e5
0cbf
1008
11b3
1284
113a
0cd0
0604
fff7
fcd1
fc71
fcb7
fbd0
f99c
f7df
f82f
fa6a
fbdf
fbec
fc27
fcae
fd02
fd04
fda0
ff97
0246
02fb
0078
fc8b
f9c8
f8e2
f841
f71f
f618
f65a
f6e1
f6b1
f6b2
f709
f793
f8a7
fab1
fdbb
00c5
01d0
0058
ff9f
006f
0119
005c
fe71
fc43
f9b6
f698
f43d
f6f4
fda4
02d8
05ef
0779
0790
0653
04a5
03d8
03b2
04e9
08d5
0cc0
0e73
0e87
0dfb
0cfe
0af5
07a9
03c5
00f5
004e
0162
0251
042b
07d6
0abe
0cf0
0ede
0e25
0bed
0a18
0692
016d
fcc0
f90d
f692
f5bb
f6c3
f7d8
f6b1
f467
f104
eb80
e5c4
e216
e1f2
e53d
ea78
eff5
f5bf
fcb8
0470
0ba7
108a
117f
0da9
081b
0791
0aef
0d4d
0bec
09e6
09de
0921
084d
0866
0677
030b
001d
fcfd
fb00
fc1b
fed2
0102
01cc
0255
037e
0444
017d
fd5c
fcc4
fcd3
fc06
fc76
fe0f
ffa8
000c
fea7
fb74
f773
f555
f5d1
f695
f705
f7fd
fa37
fc47
fd43
fed0
01a3
0573
094b
0c53
0d5a
0b36
079a
050f
0406
0468
05a1
064c
0629
04f4
006d
fb07
f97e
faad
fbb1
fa6c
f69f
f26a
f0d0
f1d2
f431
f6c5
f938
fb62
fd34
002d
0363
03a8
02f1
030b
02bc
02e8
043d
0561
056a
03c4
0059
feba
0136
048d
0673
06e2
0739
07e8
089e
0930
088e
066e
0547
0495
0252
ffad
fd3e
fa77
f797
f4ce
f228
efb3
eec4
f091
f246
f2f6
f4bf
f7ba
fbbd
00e2
04bf
0678
07d3
08b3
0903
09e9
0aad
0abb
0a94
0809
026b
fddf
fcdc
fe40
fe44
fc2d
f9ae
f820
f848
fa31
fcde
fddc
fc14
fb53
fa33
f509
efc7
ecf6
ec3c
ee0b
f23c
f7d8
fdb3
0211
0330
0285
0068
fbf1
f92b
fb51
017f
09ef
1178
148d
133f
0ed1
0830
0277
ffa2
fe28
fec9
0206
0512
069c
0734
083b
09d0
0b58
0c9f
0db3
0e0b
0c32
0674
fd67
f6b9
f5b0
f982
ff0a
02fa
0355
0083
fceb
faf1
f939
f6e2
f51b
f4ea
f727
fb94
fe4c
fe62
ff93
0075
00cd
0475
08b7
0946
062c
0294
013c
0200
0378
0415
0322
0177
004c
ffd8
ffca
001d
0181
0362
0428
02d4
000e
fd73
fb7b
f9a0
f74f
f55f
f3da
f284
f335
f5c5
f7fa
fa52
fd73
0091
032c
0507
0637
0769
080c
0678
0423
035b
04a3
05cc
0501
02fb
ff5e
fad7
f891
f7df
f684
f4ef
f405
f47e
f6c3
faa4
fec1
0013
ffb8
00f5
0358
0485
030a
0197
02d9
06ed
0aa3
0ba8
0a6b
08ed
0765
047a
020c
ffbb
fab6
f758
f808
f906
f966
fa6f
fd3e
0082
033b
062e
07a3
0740
0881
0a26
0a0f
0a56
0a6b
0946
0923
0995
08ca
077a
06c2
06b5
05d8
04a7
04c0
0584
0608
0653
0782
0872
06c4
0401
012f
fda2
f9c0
f77a
f875
f9d1
f883
f493
f0cc
ef9b
f126
f549
fb53
0162
0584
06f6
06d4
0462
ff11
f919
f3f5
f0ab
f058
f35f
f871
fbfb
fe20
0096
0260
01f8
ff2d
fc47
fa39
f885
f760
f7a9
fa03
fd3b
006d
0360
05cd
077a
086c
08a9
086b
080f
07b9
0732
060b
0396
0052
fe49
fda0
fdbd
fe62
feae
fe5f
fe85
fe12
fbf8
f9bc
f83f
f7c0
f8da
fb51
fe40
00db
0383
061d
05b3
03ff
04e1
0600
0579
03d0
0223
006e
fe80
fedb
00d1
00b9
003a
01c7
04fe
063a
0457
024f
ffea
fd04
fbc2
fbd2
fce1
0008
02fa
0401
051a
06d3
081f
07de
05a8
0276
00ab
0013
ff22
fdb8
fd67
ff5a
01bd
02e4
0292
01eb
0062
fc9e
f864
f618
f731
faf3
ffb0
040e
07d9
097f
0709
03b3
01d6
fff9
fd7d
fb0e
f9b1
f732
f439
f5ac
f821
f85e
f9aa
f8ff
f4dc
f40d
f560
f551
f6b5
f867
f969
ff39
072f
0b4a
0d37
0d6b
0b33
0970
0997
0a6e
09da
06af
0133
fa44
f49b
f35e
f680
fa7d
fb07
f964
f7a4
f639
f65a
f7df
f917
fb19
fe6c
00fb
016d
fff0
fe09
fce3
fda8
0156
058f
072a
0559
0218
006f
01e8
057c
09d2
0f68
1380
129f
0ed8
0a5d
0573
ff48
f9bf
f894
fbc7
00ed
051d
06ed
0597
0173
fe11
fd91
feda
00b0
0096
fbe3
f51e
f0d4
f20f
f9a7
03bd
085d
0756
044c
017e
feb5
fb58
f8ac
f752
f665
f44b
f32e
f55c
f848
fc56
02b3
0816
0915
0593
0294
00e3
fe01
fb3b
fa4b
fc3a
0226
09e1
0e4e
0d1f
0812
038f
020f
026e
014b
fda4
f906
f6d0
fad5
04d7
0e91
1285
1088
0e57
0cd7
0a9a
07de
02b0
fa88
f398
f1f9
f652
fc71
00ac
01e0
01e4
026b
03a4
044b
031e
008b
ffbc
01c8
0507
07bb
0918
0969
09f3
0a64
08a0
03ba
fe6d
fd3c
fd54
fb81
f854
f4c3
f1fe
f190
f472
fa0d
0016
047e
0648
0572
02a8
fe92
f9cc
f7a4
fa2c
fe74
03d0
0a15
0de0
0bf5
04e8
ff51
fd5d
fd06
fd1e
fd3e
fd28
fc4a
fb23
fb2c
fd43
0000
00ee
fffd
fd49
f8e5
f514
f23a
ee71
ebe5
eb92
eba4
ee9f
f4d2
f933
faea
fc1e
feb5
01d2
03be
045b
0447
04ae
06c8
0994
0a7a
077e
025a
fdd5
fa05
f6e4
f566
f689
f9cf
fd85
0000
00fb
00a1
fdc6
fab4
fb5a
fd68
fef4
0041
ff81
fd16
fbf1
fb94
fae8
fa7d
fc38
0058
049c
085f
0b78
0cee
0cbd
0b88
0a44
0aa2
0c68
0c1d
08ea
04ae
01db
0041
feb3
fde4
fd8a
fcbf
fb80
fb83
fe35
0181
02dc
0150
fefa
fe7d
0075
017b
01b2
042f
060a
05a8
050f
0462
0351
0211
0033
fed7
0078
0357
051b
05ab
0644
0701
0630
047f
0328
020b
00f8
ff5d
fc06
f72d
f2d7
f1fd
f372
f4bc
f6d0
f95a
fb49
fd81
0025
01f0
01d5
00a3
0004
ff6d
fd51
f940
f613
f500
f48c
f486
f5c5
f8dc
fc8d
ffc7
029f
049f
057f
059a
0563
04a2
02b8
0148
0195
025d
022d
0051
fd5f
fbac
fc52
fca5
fbaa
fa34
f935
fa3f
fe45
03a5
08bd
0c6f
0e43
0e59
0d55
0c5e
0c47
0c9c
0aa9
05fc
015e
ff98
002b
ffd6
fda0
fa5a
f7c6
f810
fadf
fcd9
fcdd
fbfc
fc29
fd8c
fefb
ff1c
fe4c
fd88
fd55
fe16
0013
030a
056a
056c
02f7
ff2d
fb80
f910
f99a
fcec
fd95
fa84
f6a3
f251
efc9
f23f
f880
003f
0743
0a08
07c0
02d9
fdde
fa0a
f792
f85f
fc3a
ffce
01f3
025e
00b7
fe4d
fc6f
fb70
fc1c
ff38
045b
08b0
0a7a
0b8d
0c4c
0bbe
09b6
0822
08c5
0a39
0ab4
0911
0528
00c9
fdf5
fbff
fa0f
f898
f90b
fa43
f9ab
f86b
f978
fe67
03a1
0660
0715
064f
04cc
039a
0304
0284
00f5
fd2f
f845
f5cf
f5b6
f697
f809
f8e2
f8cb
f96f
fc9a
01d7
05b0
07e4
0a3f
0cd5
0e63
0dc6
0bc1
08bb
0538
0358
01d7
fe20
fa31
f8a7
fa29
fc98
fd91
fbfc
f8fb
f782
f9c8
fc0a
fc1b
fbba
fa39
f83e
f8cd
fc0a
0057
038e
0414
0260
016c
02b1
0537
065c
0592
0398
0109
ff23
fea0
fec8
0013
028f
037b
01cf
fece
fc8b
faac
f866
f858
f9b2
f995
f9f8
fc4f
ff67
00e9
0062
ff3f
fd75
fb83
fb3b
fddb
00ed
0013
fea4
007d
0482
06fd
05ce
02c0
ffb9
fbdd
f541
f57a
012a
09d9
066b
fb81
f97a
0029
049b
020f
fee2
0283
078d
0837
044b
0279
0546
094d
0a44
08f3
091a
0989
07e7
03d1
00c5
0059
00bd
fff2
fe89
ff0d
00e6
0362
06a7
07e7
058e
0229
00e9
01ec
018d
ff08
fbd6
f985
f923
f9d2
f8b6
f76f
f8e5
fc22
ff65
0182
024d
0252
02a8
0469
0508
01ad
fe01
fbdb
f993
f528
f067
ef82
f2d3
f894
fe65
02dc
05b8
0738
05ea
0243
ff2e
fc04
f821
f550
f581
f7cb
f872
f8e7
fb03
fcd5
fda7
fe83
00ca
0366
049a
04ca
0453
033e
019e
ffb1
fe03
fd31
fc9c
fbe3
fd2c
0028
0225
0221
01f6
040c
069c
07f6
0850
08dc
0951
07d9
0403
fef3
fabb
f7f5
f748
f9b6
fe67
0402
096d
0dd2
0fb2
0d9b
0a3d
0849
06a3
028f
fbda
f6fb
f626
f8c1
fd34
0242
076f
0ce6
108e
1017
0d1f
0a43
0880
0535
00bd
fda4
facd
f6e1
f2b2
f144
f379
f747
fb60
ff6b
02fa
04f3
0534
04c1
02fa
ffe7
fd63
fb87
f978
f66e
f1b1
ebdd
e7ee
e871
ee2b
f6e5
ff35
051b
0921
0a8c
08ca
0683
045e
01a4
ff8d
ff04
ffea
00ff
01ed
0376
0629
0876
0808
0624
0427
023f
00d5
00e6
030c
04e4
0452
0183
fdc5
f9a6
f4fa
f09d
ee3d
ef31
f3cf
fb76
03d7
08cc
0816
04bc
00e2
fd96
fc0d
fabf
f7e6
f4c3
f476
f879
fd3b
00ae
0281
0229
ffd5
fc61
f8c8
f5da
f470
f552
f93a
002b
081a
0ef0
1300
136e
10ab
0c21
0674
00b7
fcf4
fb2b
fb2c
fd13
fec4
feea
fe97
fd34
fb0f
fb21
fda0
0059
00b9
ffbe
ffaa
00f5
047f
094d
09f9
0682
02b0
fffb
ff9d
0182
0227
00a0
feb8
fce4
fb24
f94b
f6c5
f354
f03d
f0f9
f436
f4c2
f519
f6ec
f7b1
f86b
fa72
fd4a
00f1
0560
09b9
0d43
0edb
0d64
0994
04e5
00d1
fefb
0008
0289
061e
0a80
0d6e
0e62
0db5
0b01
067f
01cf
0017
0057
ff87
feba
ff1e
000b
ff2b
fd61
fdb2
feb5
ffd6
023d
040a
0379
00ba
fd07
f8da
f3d6
efc2
edfb
ee43
f19d
f76c
fc3f
ff67
0198
0290
023b
00a4
fe14
fc2d
fcd6
0079
0410
04a6
03f0
03ae
042b
048d
0484
0444
039f
02df
0284
0273
0311
04ef
0710
0969
0c6c
0de3
0cf7
0b50
08ad
0581
0387
02c0
01c7
ff36
fbab
f8f8
f89f
fa09
fbdd
fd4b
fe65
ffb8
01b2
0300
017d
fc4a
f6f0
f50f
f4d9
f563
f72d
fa08
fc0a
fc15
fd4e
ffa3
0086
0083
0075
008e
0152
017c
ffb5
ff81
015a
01e1
023b
0346
03d3
0488
062c
083c
096a
0883
0564
02eb
0292
0226
00db
ff69
feaa
fdfa
fcf0
fcff
feda
0175
0267
01f0
01e8
02b7
02a1
0037
fd9c
fc43
fbcb
faf9
f978
f7b7
f545
f22a
ef59
ee3a
eff1
f452
f880
faa6
fb8d
fc9a
fe63
ffb9
fdaf
f904
f6f4
f7d5
f919
f90b
f96c
fbed
ff7e
037f
07f9
0c81
0ee1
0d78
0a11
06b3
0491
040e
0410
0394
038a
0431
04a2
03f7
0332
0406
0597
0639
04e2
0205
fede
fd06
fdd0
ff4e
fd7d
f874
f290
eeb0
ee12
f0b6
f5b3
fb7c
008d
03b5
063f
096d
0cb5
0fd3
11ac
0fe4
0a92
03d3
fe48
fb49
fa9a
fb15
fba6
fc88
ff92
03cf
069c
06e9
05f2
056f
04e2
034e
006a
fd60
fbba
fc34
fd14
fdb3
fef1
0050
01bc
03b6
0516
0597
0690
07a6
07a6
05a9
01b2
fd80
fbac
fba6
fb84
faa9
fa21
fa68
fa12
fa86
fcca
fdd7
fd43
fcf0
fe4d
0175
04f6
0651
060e
05ce
040d
0115
ff1e
ff11
fef3
fc4e
f969
f8ba
fa3c
fb67
fb7d
fc31
fe0b
00a9
0353
057a
0677
05a8
047a
0461
052a
04ec
0348
02aa
02a2
01e8
00e0
ffa1
ff0c
018e
05a8
0850
0903
07a1
047b
0148
ff43
ff02
006d
01e6
018e
ffbb
fde2
fd76
fe75
006a
0297
0366
020c
fef1
fa99
f68e
f4b8
f434
f459
f5d8
f85f
fac5
fbe6
fc24
fbf9
faf8
f971
f858
f885
f94c
fa70
fd21
febc
fd8a
fdc1
ff9b
0123
02f1
044c
0415
0399
042f
05f1
0764
07e0
07ad
06ec
060b
05e2
075b
09ae
0a7e
0879
04c6
0216
00f5
00b3
00ba
0110
0112
ff3f
fb32
f68e
f45a
f422
f438
f4c9
f7d8
fdbf
02c2
05c9
0713
0641
041f
024d
0218
02a6
0209
ff7e
fbb3
f7d9
f470
f2ba
f3b3
f562
f84c
fe0f
0301
0537
0606
06ea
0731
0530
032d
023c
00f8
fffa
0135
05f1
0bbd
0f3e
0e9c
0afc
069b
02be
fe63
f8db
f405
f01b
ee07
f054
f546
fa5a
006b
06fd
0b9d
0c67
0ad8
0925
0662
03b6
02ad
ffc2
fa38
f405
ecf9
e727
e652
e97f
ee78
f38e
f72c
f9bf
fd0e
017c
0578
0691
0432
016e
030a
067f
0888
09cf
09c5
07c7
04c6
0312
0427
06aa
07fc
0753
0776
095e
0c40
0f38
1107
1062
0cf3
0a14
0aad
0ac9
08f1
06c4
049b
012a
fbf4
f8ab
f938
fbd7
fdcc
fe42
fe77
ff5a
00f9
02bb
045e
053f
047d
0354
01ec
fe41
f927
f403
ef11
e9bb
e4ea
e3ac
e71e
ede9
f498
f9ec
fddb
007d
0259
03d3
043e
01f4
fd0e
f9ec
f8a0
f6b9
f67c
f93e
fdaf
0150
03d4
06cd
09ef
0ae5
07d5
03f7
00cf
fc91
f849
f52b
f3bd
f576
f9a6
fcdd
fedf
008e
01d0
035e
05a4
07f5
094f
09a6
0a40
0a96
09d2
0900
08ee
0967
093d
080c
0628
03b6
013a
ff7d
ff1b
ff1a
fdd4
fb5c
f935
f8e2
f9ec
fc10
ff61
027e
042a
0449
03fa
03c2
031c
01ca
ff52
fb24
f627
f1dd
efdb
f17e
f6b9
fd55
0267
0412
0296
0112
0116
ffb1
fda5
fd54
fe66
ff90
ffb5
feea
ff7b
0322
0729
08fe
07e0
0507
0359
0535
093e
0cb1
0d64
0c0d
09f0
07e1
0696
05b7
03da
ff9f
faa4
f8c2
f998
fab8
fa54
f8ec
f815
f8b0
f896
f782
f939
fc50
fe16
ffad
0205
044b
0411
02c2
02ba
02f6
02e4
02e1
031e
0239
ff2b
fc50
fb3d
fb0f
f904
f5ea
f564
f7e0
fae8
fbf4
fcf7
fe5c
fe1d
fdbd
fe6a
ff5e
004c
01b9
0412
0580
04a5
0243
fe87
f99c
f500
f384
f675
fb5e
ffcd
024a
0237
00e0
ffc7
fed9
fd72
fc26
fda8
01b8
05c5
0872
098a
0914
0671
0296
ff65
fccd
fb30
fb6e
fcd3
fe01
fde0
fcbb
fb65
faaf
fb96
fe65
0231
05ad
0775
06be
0422
00a5
fd49
fb3d
fae3
fb3f
fcbb
ff8f
01cc
01b6
ff51
fd1d
fdb8
0189
0570
0612
02fd
00ab
0153
030c
01aa
fc76
f705
f5e2
f964
fe32
01ba
0350
03a7
0392
043d
0672
08c8
0a01
09e5
0804
054f
0410
0479
047b
019c
fdee
fca6
fe67
01c3
053c
085f
0a46
0a31
0897
0565
00ff
fdd4
fc86
fc4f
fc66
fc03
fa96
f851
f7c7
fb8d
01aa
0618
0615
0359
004a
fe0e
fc5a
fabe
f931
f7c3
f738
f8ac
fc6d
00fe
03ee
04b9
0452
03c4
0234
ff44
fc65
f9fd
f879
f91b
faa9
fbbd
fcde
fdbd
fdf2
fe3b
fe8e
fe6c
fdbf
fccf
fc53
fd6b
ff61
004a
ff4e
fcfb
fa47
f716
f45e
f3a6
f3c4
f536
f9c1
ff1f
0358
0666
092f
0c35
0f0a
10ba
102c
0d2e
0af8
0b6a
0c48
0ac6
06b5
0389
0226
0136
ff32
fdc3
fda5
fba3
fa7e
fd49
ff5c
fe04
fac5
f997
f98d
f7dd
f6a9
f6cb
f75c
f8b7
fc0c
00e9
02a2
0232
045f
0585
047e
04b2
0554
04e9
0379
019f
ff6d
fcbc
fae3
f9ca
f76b
f5b0
f666
f82b
f9e2
fb95
fe37
0100
029d
02b0
0221
0221
0307
0440
04aa
037b
024d
02ec
03f7
03f5
0258
ff41
fc59
fb88
fc17
fcd1
fd54
fe5a
00db
0484
062b
0481
0166
fe5a
fc71
fc1e
fb33
f957
f8e1
f883
f7d2
f9a0
fdd4
026f
05f3
0903
0b33
0976
0713
071e
05d4
0351
0190
ffaa
fdbb
fc7e
fb55
faa2
fb2e
fc40
fdc5
0052
041c
070a
06aa
0453
0165
fe8a
fdad
ff67
0235
0450
051a
0552
0634
069d
03c4
ffc0
fca2
f9d7
f86a
f91f
fac9
fc57
fcec
fbc1
f97c
f76c
f621
f4b8
f32a
f446
f746
f9d2
fc4a
feb3
0095
01cf
02a9
0399
0533
06f4
0788
05ed
02cd
0017
fec3
fe90
fee6
0088
0338
052d
05fc
06de
092b
0a65
09af
09bd
09e4
0921
083e
0633
02d8
00ac
fff6
ff8b
fe6d
fc3f
f91b
f5be
f4d1
f7b8
fb2b
fc69
faa2
f6a9
f30b
f1cf
f140
f134
f315
f684
fab6
fe6e
fff0
ffae
fff2
0152
03c6
06cf
08b8
08a4
0739
054f
0351
0181
005f
0062
0132
00c1
fec9
fe0f
fdde
fd34
fdc3
ff68
0107
022d
02fb
035b
0287
0095
feb1
fe9d
001e
01d6
0379
0509
0618
0556
0394
02fa
03ae
04b6
0547
0619
0703
0698
043a
011d
ff57
fec9
fe51
fd7a
fe04
006f
02ad
046a
0621
07a3
0804
076b
0784
063d
01ca
fd25
fa6f
f9a9
f8e9
f7e1
f7c5
f99b
fbf4
fcd3
fcf2
fc8d
fb8b
faf2
fac9
fa2c
f8bb
f74d
f6ed
f6ec
f7d0
faf8
feef
024a
04f2
06e5
07f1
07eb
07c4
07e0
077a
066e
050f
03cf
0274
0123
00b3
0086
ffc6
fea3
fd21
fbd6
fc29
fd64
fe87
0073
0292
033f
01ec
006d
0052
ff82
fdff
fd4e
fc86
fb91
fb95
fd12
0031
0452
077e
0866
0748
0564
043a
0482
046f
034e
0294
020f
010d
0005
0175
0581
0866
0991
09db
0914
06ab
0338
00e7
ff8d
fd84
fa29
f808
f84e
f661
f2f5
f17a
f0cc
f0cc
f279
f533
f899
fc60
fe8a
ff31
ff78
fe45
fc31
fb03
f8d8
f68a
f746
f714
f5e9
f883
f8c4
f641
f9c0
fbf1
f9ae
fd33
0221
03e6
081d
0c03
0cd3
0f90
1241
1209
1272
127d
0fb5
0c35
091f
060f
02f1
0109
0132
010a
00c5
027e
05ad
0866
0915
08ce
0918
0a26
09d4
08cd
09a6
0954
06ac
03e9
0031
fba1
f8ac
f632
f3bc
f35b
f554
f8fc
fd6c
008b
0169
01c7
01ce
00ed
ff6c
fdaf
fc3f
fba0
fb2f
fa72
fa9e
fbc5
fce3
fd3c
fcc0
fb81
f92f
f680
f510
f592
f7db
fa3b
f8f4
f5f1
f693
f7c3
f756
f794
fa23
fdca
ffa3
013a
0374
044c
0384
01e4
0051
fff5
0124
02b0
039d
0398
0319
03ab
0585
060a
049a
0288
0152
004e
feb2
fe30
ff64
017e
036e
048c
0465
029b
0177
0359
052d
058f
05ba
0521
0449
04dc
063e
074a
079a
080b
087c
074b
03fb
fed7
f938
f63e
f721
f915
fa65
fae3
faf6
f9f2
f82c
f834
f95e
f9f4
fa1a
f93c
f70a
f501
f340
f19c
f217
f4a2
f6d5
f653
f4a8
f4c6
f4eb
f594
f8fc
fc9f
ff46
020d
03d0
04d1
06b7
0821
0961
0d11
10fb
1244
106b
0cf9
099b
0720
05c7
056f
05b3
05f2
05b1
0512
0543
06db
0878
08f9
083c
0711
05f2
052c
0580
0682
0771
08b0
0852
047b
00b4
fdc2
fa12
f78f
f82b
fb9c
fead
0030
018a
02ad
0231
ff0f
fbbd
f9d5
f87a
f77d
f738
f7a2
f714
f4d8
f2b0
f202
f2e4
f40e
f391
f1a5
f1a6
f3a3
f5f1
f86f
fa5f
fafd
face
fb04
fc2b
fd2a
fedd
0244
0485
05e2
0878
0a85
0b36
0b71
0b57
0a20
074e
03c1
0078
fe01
fd77
fec1
0068
01af
028c
0353
0457
0567
05b4
0531
041f
02aa
018e
015b
01ef
03d3
06fe
09c3
0b0f
0a48
0696
01a4
fdf1
fb8e
f93a
f5fb
f2de
f1ae
f3aa
f7c6
fb19
fb75
faeb
fafa
fb89
fdab
00b7
0294
041f
0616
0781
0764
062b
053c
03f5
026e
028e
039d
03f8
031a
0209
0161
0042
fee6
fdee
fd29
fc78
fbd8
fb51
fadd
fab7
fb76
fdc6
015b
03e2
0426
02c9
01d5
0274
0459
0645
0757
072b
0580
02a6
ff94
fd7e
fcb1
fc87
fc4c
fc11
fc65
fc3f
fae4
f8d0
f603
f396
f3f8
f77d
fba3
fc5d
faad
f8da
f694
f4a6
f4b5
f7a2
fb3d
fd43
ff39
0223
05a6
0892
0aca
0be3
098a
05a5
03f7
034a
022c
0119
01d6
03c5
047e
046a
0533
079e
096f
09ae
09db
0a39
0a1e
08fb
080b
0743
049f
017d
ff41
fd58
fce5
fe09
fe07
fcf3
fc3c
fc35
fdbb
0046
0080
feaa
fcb1
fa56
f825
f721
f6b1
f6bf
f7c2
f9ca
fcd5
0095
0427
067b
06ea
05d7
034e
ff7e
fc8c
faaf
f81c
f6a4
f773
f907
f9e8
fa77
fc5a
fda2
fd3c
fd3e
fd77
fdd8
0004
0213
023c
0239
01b9
005d
005b
01c1
03ab
067b
0962
0b24
0c31
0b9c
08ba
067a
04f3
0269
fff0
fe2e
fc9c
fb21
f9b2
f8ba
f9ab
fb5b
faab
f84d
f797
fb46
0046
02ef
0274
fed9
f99b
f5f6
f642
f9cc
fc87
fbf9
f997
f9f3
fbed
fce8
fe16
0045
0379
0750
09ae
08f1
06fd
0513
0307
008a
ff44
008b
0120
ffd8
feff
0175
05f5
0878
0902
0866
06b5
041b
0136
ff11
fd72
fbec
fa77
f91f
f90e
fbe3
ff62
0133
01cc
0269
03b2
0514
05e3
05a8
047d
0354
02a8
01af
012a
021e
0371
02df
ff32
fa7a
f650
f42d
f679
fa54
fb0a
fa9e
fb92
fd4e
fbf8
f953
fae6
fdeb
ff1b
ff02
0111
047b
0410
0080
fe82
01f6
0633
0745
075e
07f9
0835
05eb
0334
02b4
038f
03ee
031d
027c
023b
01a9
008d
ffc6
000c
008a
0036
ff11
fedb
ffa5
004d
00e6
0188
0216
02f5
034e
0225
019f
0200
012a
ff69
fe16
fe0e
fe5a
fe7f
fede
fd84
fac1
fa12
fa2e
f9c4
fa9e
fb9f
fb4f
fa96
fa60
fa8f
fa09
f9f8
fc00
ff87
0181
005f
ff7f
ff8c
ff13
fe6e
ff4c
0251
044f
040a
02ce
01f1
01ef
029a
040a
058b
05e6
054e
042d
02ea
0306
04b1
063d
06e5
067b
0505
0297
ff4c
fbb9
f8e3
f7e8
f923
fb0d
fc22
fc6f
fcf3
fddb
fdad
fd04
fcd3
fbee
fa18
f876
f871
f9b6
fb54
fd4a
fece
ff2a
0041
01aa
0175
00b0
00b3
01a3
028c
02dd
02fc
0399
04b4
0561
04e5
0308
0026
fcb2
f9d7
f943
f9e1
fad4
fd04
ff47
00a1
01e0
0312
0401
050b
058c
04d5
036e
0240
0185
000b
fdc6
fba3
fa61
f9d7
f99b
f9cb
fa29
f9dd
f7e1
f516
f37c
f369
f552
f9b5
fed4
0338
069c
09ea
0cc8
0daf
0d85
0d46
0c76
0a9f
08a8
0851
0738
031a
fdb0
f9d3
f88f
f7bf
f7f1
fa0d
fc39
fde3
ff40
0000
011b
0374
058c
05c9
0401
029e
0265
0265
026b
02d2
03c6
0450
0312
ffe1
fde2
fe04
fe82
ffb4
0205
04e1
07c8
09fe
0a4a
07ec
0349
fe33
fb53
fb41
fbcb
fc9a
fd8c
fd60
fd2d
fd7e
fbc1
f7f6
f439
f267
f301
f588
f935
fd60
0177
0546
07d9
0812
0611
026f
fe90
fd1a
fda2
fdfc
ff9a
025e
03de
043a
050b
0761
092b
09ee
0b83
0cb9
0bf4
0967
0699
0432
017c
feef
fd26
fb9c
f9a7
f885
fb79
00f8
0509
05d7
04e0
0495
0540
0603
057d
02bc
ffa3
fdeb
faac
f60a
f320
f276
f21e
f087
f0c7
f543
fc85
015f
0336
0608
08a0
096d
08f3
07ec
0675
0452
0259
015d
0145
0118
003f
ff3d
fe8c
fe23
fd86
fcb7
fc10
fbcc
fb63
fa5c
f931
f862
f82f
f88f
f8de
f8bd
f927
fb13
fe32
003b
00df
019f
02ce
040c
04dc
055f
0599
055a
04d6
0415
02ef
0197
0095
005c
0096
00d8
011c
01a0
0206
016a
0055
fec1
fb75
f8a1
f863
f939
fae3
fe45
0382
0891
0b75
0d2e
0cfd
09df
0615
0317
010a
ff82
ff4e
010d
026b
0226
00ab
fdf2
faba
f828
f62a
f525
f5ee
f723
f862
fa92
fbcc
fba6
fc61
fd75
fd7a
fc61
fbc1
fc8f
fe00
00b9
04a3
0776
090b
0a8b
0c66
0d56
0c48
0a79
0945
089a
06aa
042a
0325
0359
0312
011d
fee2
fc64
f8e7
f635
f5fd
f810
f9e1
fa14
f973
f9a6
fb24
fcb0
fd02
fc97
fd6c
ffa8
01fb
0317
0450
0644
0724
0789
0736
03a5
fec5
fb67
f970
f813
f74e
f805
fa43
fdc5
029a
0711
094d
0a79
0b20
0a4e
06a6
01e9
ffa2
0067
0248
031e
03c9
04a9
04c1
03da
0279
016a
00e9
006f
ff7d
feff
ff0c
fe53
fd3c
fc4f
fb42
fa8b
fa1f
f914
f8e5
fa47
faeb
fac5
fadb
fafa
fa65
f8d1
f763
f76b
f987
fcdc
ff53
ffd8
0063
01c3
0313
03ba
0454
0611
08ce
0b00
0ac6
087f
0573
02ac
0043
fe9c
fe7b
fee4
fedb
fe85
fecc
ff7e
fee6
fce3
fa9a
f97e
fa06
fbcc
fdc5
fef3
ff00
fea2
fdcd
fbf5
f903
f5e9
f3fa
f3c1
f5e0
f9e5
fcc4
fef3
02ac
0740
0aa9
0b88
0ad9
0981
07b0
0575
02fb
00b9
ff88
0038
02bb
04f6
058b
050f
0473
0401
0345
0213
00fc
00e3
013a
0103
fffd
fe80
fd02
fbc7
fc10
fd99
fd42
fcb4
fe77
0045
01a7
0300
02af
01fa
02ac
0265
016e
0189
009a
feb3
fe24
feec
ffc6
ff8c
fe83
fdd8
fe8d
ffbe
00c6
01d7
01e4
0024
fd1e
fa22
f89f
f924
fa85
fb5b
fb63
fb7c
fcfd
0076
02c9
021e
019c
01e6
0267
0407
05bf
069f
087f
0b07
0c39
0b99
0a3f
097a
090f
08b0
082c
06ed
0406
ff26
faa1
f6ba
f250
efc1
f025
f1e7
f400
f6b6
fadb
0031
04e5
0694
05d9
0445
0292
00f0
ff78
fe77
fe79
ff7f
0076
00b4
0052
002b
016a
03c8
0481
0407
043d
0486
0459
03be
0308
02b7
0334
043a
0406
0163
ff36
fe37
fc9e
fadb
f974
f85e
f838
f919
fa22
fb27
fc70
fe2a
fee2
fecc
0020
012b
0084
ffe5
ff41
fdb8
fb5a
f892
f6c5
f7c0
fa0c
fbcf
fe11
00d3
02ee
03cf
0405
03d0
01a7
ffa1
00bb
0267
029a
0181
0005
ff7f
00e6
0362
04e8
045b
04da
074e
0967
0be7
0e27
0d6b
0b1d
0949
0845
07a3
071c
06c2
060e
03f8
0005
fb86
f884
f802
f86b
f884
f99c
fb19
fb0e
f8b9
f5d4
f48a
f4c6
f627
f874
fb18
fe1a
0177
03aa
049b
050b
044f
02e8
0281
0389
0537
0627
0580
0312
ff97
fd80
fda0
fe23
fd52
fbd6
fc5a
fe6c
008d
0232
02d6
01ed
ff74
fd45
fc85
fc02
fd5f
014d
03c6
04f2
072e
09b2
0a6e
080f
03ed
ff5a
fb24
f880
f7e7
f906
faba
fbaa
fbc8
fe18
01a9
0263
0251
02e6
02c9
02a9
0375
0502
065a
066d
04e0
0287
00b3
005b
00af
00a4
0022
ff69
fecb
fe69
fd1a
fac5
f9eb
fa70
fb05
fc0e
fd28
fd4b
fc20
f9f4
f774
f554
f4bf
f66a
f907
fbc5
fea4
00db
0152
ffa5
fdd7
fd4e
fdb0
fe2f
ff04
0127
0409
06e2
0977
0b1a
0b41
0a15
088c
0798
0777
078c
06da
04c8
0285
012a
ffdf
fe28
fbfe
f991
f7dd
f800
f9e5
fb8e
fb5f
fb0d
fcb2
0080
03a8
04e2
051e
054f
05c9
0649
06b6
06a1
056a
0369
016e
0015
fea6
fd45
fd1b
fd3e
fc7f
fafa
f99c
f932
f9bf
fafc
fc53
fcda
fba8
f969
f8c2
f9da
fb28
fb94
fbe3
fcee
fdb2
fe1a
fe51
fd28
fbe2
fca6
feaf
0190
0555
08ac
0a06
089c
05b6
028c
ffd1
fef7
ff85
ff6d
fec0
fe0d
fd88
fde0
ff32
00d8
0337
05cd
06c4
064c
04fd
02b7
0093
0010
019c
0414
0649
0831
0992
0a68
0b87
0c74
0bff
09e5
0761
05ac
03db
0190
ff38
fd0b
fb5e
fa8b
fa29
f9e7
f9de
fa6e
fa4d
f769
f2b6
eeeb
ee56
f02e
f2f9
f5fc
f8ff
fbb5
fda4
ff11
0028
00a1
019f
036b
0465
0565
063f
0396
fefa
fb83
f906
f953
fd77
01b2
04c6
06fe
0743
06ab
06e2
068b
0646
079f
08b4
08f9
0973
090e
07d6
06ff
05fc
04c0
03af
00d3
fc24
f875
f5c9
f474
f5ea
f878
f9e8
f9c3
f939
f907
f87f
f884
f9d7
fb90
fd3a
fed4
0041
00b4
0025
0052
00a5
0015
003b
0106
0141
011d
008f
ff4f
fdd3
fccb
fc8f
fcb7
fcef
fd2f
fd8b
ff44
036f
0724
08de
09b2
0941
07b8
0698
065c
060a
0445
0277
01cf
0135
002c
ff0a
fe74
fda2
fbff
faa2
fb6a
fe41
ffa9
ff76
ff56
ff56
ff20
fe65
fce3
fa73
f7ce
f6da
f7a1
f850
f727
f533
f4fb
f6d7
f9e2
fd14
001b
02e3
052c
072a
08ea
0a3b
0b3f
0b5b
0969
0690
0517
0653
07c4
079e
0764
06a1
0441
0093
fccb
f997
f67f
f346
f109
f1bb
f3b1
f495
f5f1
f7b3
f8c6
fa3b
fba8
fbdd
fbbc
fc0d
fd0b
ff5e
029d
0564
06ac
06af
0602
0367
ffd9
fe98
0022
02e8
0502
06f1
093e
0b38
0c58
0c5e
0b2b
0953
0738
0497
0218
0067
ff60
fea2
fdd9
fcc0
fb3a
f9a6
f912
fa25
fc89
febd
ffbb
ff73
fe78
fdcd
fe0b
fe45
ff06
0193
0410
048c
0293
ff40
fbac
f872
f69f
f703
f9ae
fddf
0217
04ab
04e7
030a
0026
fd4d
faeb
f8cf
f8f9
fc22
ff4f
0222
0500
0689
05ea
0405
036e
038d
02fd
0369
0452
044b
049c
05ee
0777
082f
0804
07c0
07bb
0719
04d9
0253
00be
fff3
ff04
fdb0
fc8b
fb27
f98f
f8c9
f954
fa8e
fb12
fb45
fc6b
ff32
01c4
02b1
02f3
02e7
0206
ffbf
fcd3
fa95
f9d3
faa8
fc40
fce3
fc3d
fb18
fa05
fabf
fe6c
02a8
05a8
0768
0886
090a
0870
0706
052d
030a
011f
ffb5
fe92
fc9e
fa40
f97a
fa4b
fc66
ffae
0222
025e
012c
fe9d
fb3b
f8f7
f7b4
f710
f7f5
fb21
fffa
03ba
042a
0165
fed0
fe2e
fef1
ff97
ffb4
000b
017e
02a8
01c5
00c2
00f1
01fc
0349
040a
03e9
0418
0529
060d
053b
029b
ff90
fc71
fa1b
fa3f
fc15
fe2e
ffda
00ba
0082
ff32
fdff
fdfa
fef7
005d
015b
0109
0031
0020
00f6
0246
0341
02ea
0186
ffd9
fd8c
fa0c
f615
f550
f72d
f8cd
fc03
004e
02b5
0358
02a2
00ca
0000
014d
037f
04e4
0554
0618
073c
085f
095e
09d3
09e1
0a0d
0830
036d
fece
fd2f
fe51
feae
fe83
ff15
feec
fea4
ff02
fdfa
fb72
f91d
f838
f938
fbc1
fec3
01e5
04dd
064f
0590
033e
00ab
fe98
fd17
fc29
fc61
fe3a
0010
00b4
0058
ff5d
fec8
ffd8
01e0
03f2
059b
0535
023f
feb2
fc09
fb05
fbf1
fd4e
fd75
fc73
fc4a
fe32
0033
0139
0174
0162
011b
007d
ffcd
ff82
ff62
fd81
fa51
f7d0
f5b3
f472
f581
f8ac
fca1
ffae
00a0
0142
0438
05c9
0534
069d
075b
0560
031d
0060
fd86
fce0
fc8f
fb00
fa21
f9bc
f941
f9a7
f935
f779
f88b
fb3d
fcb9
fec5
0058
ffe3
0013
00a3
ff41
fc83
fa3b
f9ff
fc02
ff0f
0152
01fd
0174
008f
ff39
fe9b
0063
0277
02eb
0210
00f0
0016
ff81
ffb9
0124
0357
0521
0611
06e2
072d
06db
071c
075d
0696
052c
0355
01ca
0214
03de
05be
0726
07a9
06d6
04a6
012e
fca3
f805
f525
f578
f740
f993
fcb7
ff96
0102
0093
ff8b
fec8
fe12
fd24
fc11
fb5c
fb28
fbf8
fe3a
ffae
ff1a
fe69
ff64
01d3
0371
03da
03b2
031c
024f
019b
015a
0231
041d
058a
065e
0731
0770
0662
03fa
0162
fec1
fbe9
fa0d
f98d
f973
f8c5
f8ec
fbd4
fe6e
ff00
ff25
ffcd
0099
00b2
013d
02d0
0432
0490
0415
039a
02e0
01ad
00af
0033
0013
0028
00eb
02d8
0572
0678
045b
00a4
fcf0
fa25
f855
f6ba
f4c0
f345
f31d
f4da
f8e9
fe79
035f
0494
02ad
00eb
002d
00b6
025e
0307
01a2
ff30
fc85
fb0a
fc07
fcf7
fc9c
fcfa
fdb7
fe6c
0005
0116
01c4
0549
08bd
07d6
0364
ffb8
0071
04ca
089d
0902
0879
0864
07b4
04cc
01b8
0145
010b
ff4a
fcad
fb27
fae0
fad2
fbbe
fdee
002b
0057
ff68
0043
00b2
ff44
fdd4
fd67
fd61
fc88
fc70
fe1c
0003
0029
fe30
fc15
fb30
fb88
fbf7
fc29
fc1b
fb9b
fc20
fe49
ff68
ff6c
ffb0
ffa2
ff77
ffb9
ffac
ff4b
fef0
fde2
fc0c
fa76
fa4e
faba
fa31
fab6
fc11
fb71
f96a
f8db
fbf8
ff9f
01d5
0418
06a3
0852
07f8
0665
04f9
045b
04ab
05e4
07bb
0893
0743
04c1
01de
ff9d
ff47
0001
0075
0133
0202
0238
021a
019b
0075
ff29
fefa
00b9
0301
0477
047e
029f
ff32
fb8d
f943
f8a5
f903
fad7
fdfd
00e7
02bf
03b9
0473
03a1
0150
000f
ffa9
ff14
fe67
fd85
fc56
fb3a
fb08
fbd4
fc3f
fcfd
ff0f
0115
032b
05bc
074c
0772
06f8
0715
076c
06e8
05f7
0537
0490
0300
00b7
ff30
ff14
fee8
fcac
fabe
fad1
fbe5
fccf
fd64
fe32
fdd9
fbb6
f961
f895
f9ef
fc73
ff40
00e5
ff92
fe42
fea7
fc7c
f884
f658
f725
f90e
fa9b
fdd0
00e6
00ee
ffa3
ff18
ff70
fea8
fd0e
fc60
fbda
fbdf
fdfa
0210
06da
0ad8
0d2d
0da6
0c81
0aae
08e2
06ee
03b5
ffd4
fe23
fe40
fe74
fe0f
fee8
00fe
00e2
fffe
0106
036a
04bf
038a
0124
fe79
fc20
fb07
fb16
fb8b
fbe3
fc8c
fdeb
fed0
fe9c
fe2f
ffa9
01dd
0227
02d2
04bb
0608
05d9
047f
02f3
0179
0058
ffd4
ff36
fe53
fdf8
fe09
fee9
0188
044e
05e4
06d6
0687
0497
022c
000e
fe50
fce7
fc6f
fd51
fec4
00fc
03e5
054e
051b
049a
0407
0341
021e
00d5
ff0a
fc6c
f9c1
f731
f490
f346
f3e9
f5c2
f883
faf8
fb84
fabc
f962
f7a2
f6b1
f737
f8a0
fafe
fe8e
02b1
05d8
069d
0513
03c8
0415
03e2
032c
0328
03e7
049c
0498
0412
03ea
045b
0407
0319
02aa
028b
026f
0268
02a1
02c7
0251
018e
00a3
ff43
fcfe
fa3f
f85f
f881
fa6a
fcaa
fed3
00a1
01d6
034e
04f7
0537
046f
0371
021e
0034
fe78
feb8
ffdc
00a0
0210
02ad
0136
001b
002c
0088
0060
ff5a
fdde
fd0e
fd09
fd29
fd55
fe33
003e
0234
033b
0383
03f2
04b0
04f9
0438
028b
00c1
ff4e
fec5
ff82
003c
fffb
ff1f
fddf
fc7e
fb8b
fb9c
fcce
fead
0162
04b9
0773
08a7
0828
0691
0514
0479
0410
0246
fea4
fbcb
fa82
fa0d
fa6a
fafc
fb2f
fbc4
fdc1
0119
03b9
0504
060a
0649
054a
0384
01f3
0118
0083
fee5
fc23
f9da
f860
f7c6
f871
fa3f
fd02
0049
0280
0292
0170
0087
00a1
014f
01c5
01de
028e
037b
03a3
02c6
0041
fc71
fa59
fa70
faaf
f9f7
f9ad
fbbe
fe69
ffdd
ffbb
fe74
fd42
fd34
fd64
fdab
feba
fe74
fbea
f90b
f6e0
f606
f6dd
f90b
fbae
fdc2
ffc4
0243
04c8
06be
079b
0717
0689
0738
087c
088a
06a7
050d
05c1
089d
0aa8
0b26
0af9
0962
065e
02f7
ffdf
fd51
fb3d
f97e
f8c0
f9dd
fb6b
fc93
fe1f
00ff
0444
053c
036a
00f8
0102
02cb
04f4
0757
082d
067e
03d6
014d
ff3b
fdc3
fd37
fd8c
fde3
fdca
fd47
fc74
fbde
fbf3
fc4e
fc55
fc11
fcb5
fdd7
fe3e
fe78
fe6d
fd8e
fc9b
fc77
fd49
fe0f
fe50
fea7
0000
01e0
0288
01ed
0115
0107
014f
0135
00c9
00a1
0059
fe95
fd04
fcf7
fd0b
fdcd
ffcd
0188
01ed
0178
020b
038d
04c7
056b
04a3
0201
ff18
fd6c
fdad
ff73
0199
02eb
02c5
0189
0043
ff8c
fec8
fce0
fa7b
f970
fb08
fca3
fd71
ff9e
0287
04a3
0556
0576
05b0
05b4
05be
057a
03e2
01f3
00e0
0031
ffc3
ff5a
fe39
fcdc
fbfb
fb0a
f989
f797
f633
f6d3
f9aa
fc09
fd19
fe18
ffd2
0199
0270
03ae
056f
0655
066b
05e6
0501
0556
0709
0800
0619
01db
fe66
fc53
fb3d
fb23
fc5b
fe51
ff5d
0000
011f
0265
0399
0428
02fb
0154
00ca
00a8
ffc2
fdf8
fd05
fdd0
ff5e
ff14
fcd8
fa4b
f7ee
f5fb
f47b
f267
f0a4
f1bd
f60f
faf6
fca1
fb21
fa3c
fd8f
00ff
01b6
01ba
0235
02be
023b
0178
01ba
0325
03bb
0281
015f
0157
01dd
0182
00b9
008e
00d0
004a
fef8
ff74
0197
033a
034d
0311
040e
050c
04d6
0379
0267
01f4
0195
021e
035c
0407
03ff
0304
00a4
fd75
fa5f
f849
f800
f9b2
fc8c
feaa
ff56
ff7b
ff2a
fea0
fed7
ff73
ffb4
ff9a
ffb8
0047
009e
00a4
00cd
017b
0201
01a4
00dc
ff59
fcdc
faf3
fb45
fe16
013e
0273
014c
0050
ffa3
fdba
fc93
fd7d
ffbf
0299
04f6
05bc
05d0
05e0
059d
051b
04a9
047a
0470
043a
0383
01b6
ff0a
fd2f
fce9
fdac
fdf9
fdd8
fe11
fe9d
fe99
fd91
fcbf
fca5
fd26
fe57
ffb4
00ac
01aa
02db
03ea
0462
047a
0489
03b7
0280
0287
03ea
053f
0505
04cc
05a0
0678
0611
045e
02a4
00ea
febe
fc10
f9d2
f911
f9f0
fa47
f8ed
f7e8
f7fc
f8dc
fa2c
fb7c
fc59
fccf
fd67
fdf8
fcbf
f9e8
f797
f7dc
f99f
faa0
fb92
fd25
fef0
0041
0100
01ad
028b
0333
02f3
0235
0177
00b3
ffbb
fe82
fd3a
fbcb
fb00
fc39
fe06
ff09
ffdc
0185
036e
0354
026e
028e
0329
045e
05c7
055c
02fd
0073
ffe0
0154
0362
04c0
0587
0671
076d
080c
07e3
06d4
047d
0107
ff10
fe74
fd0e
fc39
fd02
feb8
00af
02c3
04f3
06b9
0755
0644
0382
0047
fe91
fd35
fae3
f86d
f6a2
f678
f8e1
fbbd
fcf6
fd84
fe0f
fe9f
ff40
00a3
02dc
041d
027d
fe35
fb3a
fbbc
fece
0174
01da
004d
fe80
fdc6
fe49
fee2
feb1
fdc1
fc8f
fc50
fdfa
ff9e
ffd9
ff3d
fd8e
fbb1
fbe2
fd1e
fe0e
ff15
0013
00b6
0114
024b
047f
05d2
05bf
04dd
03b0
021c
0036
ff18
ff7b
00e6
01aa
0227
034d
037e
023f
0060
fe3b
fc66
fbd0
fcd2
fec1
0058
00b0
0071
00e9
013d
012e
01c1
025a
0267
023b
019c
010b
0189
00fd
fe5c
fc40
fb09
fa7a
fb63
fce4
fdff
ff0f
ffea
fff9
ff57
ff6b
0141
0399
04c0
0464
04c6
0576
0477
02a8
0126
0051
ffca
fefe
fd9c
fc06
fa82
f94e
f900
f9c3
fb18
fc91
fd8a
fd12
fac2
f799
f5a8
f5a3
f7b3
fbbc
ff8d
0162
01d0
00f4
ff3f
fe69
fe7b
feae
feda
fea6
fe5e
ff7b
00d7
00fd
0201
0401
0561
05bc
04d2
02cd
0154
00e3
00c8
0137
029b
04b9
0623
0616
051d
0405
02df
016c
00d5
0140
011b
006a
0028
0103
01f1
021f
024b
029e
02d1
02a5
0208
0153
0147
01c7
0242
025e
01ab
0010
fe36
fcf6
fc73
fb89
f9f2
f88c
f84a
f90b
f9eb
fa80
fb1c
fc7b
ff0d
0171
0178
ffee
fdc8
fb94
fbe6
feed
0190
033a
03f2
030e
0100
fead
fcb1
fbc7
fc5b
fe11
ff93
004a
0178
0342
04cc
0538
0525
04f2
0319
0098
ff76
ff81
000a
00a3
0132
01b8
0251
0359
0456
044b
0333
0142
feb1
fc36
fa3e
f90e
f96c
fba3
fee4
015f
0308
057f
078d
0781
0588
0346
0235
026f
028e
0218
028c
029a
009a
fdb6
fae3
f8de
f891
fa59
fd38
fe99
fe4f
fdbe
fd3e
fd46
fe39
ff84
0076
0073
feef
fd8b
fe6c
ff6b
ffbb
0109
0366
05b7
06fd
0834
095f
08de
0711
0533
03e7
02d5
0239
0316
0362
017b
fee6
fc6f
fa54
f933
f8c4
f89c
f8f5
f8f9
f86f
f973
fc61
ffb0
01ba
0280
02e4
02b3
01b2
0037
ff4b
feff
fe8e
fdfc
fd1d
fc09
fc68
fe0a
fee5
ff4b
0029
017f
0230
0183
001e
ff8f
00c4
0319
053b
0687
07a9
089d
08c1
0780
055a
0300
005d
fd0e
f933
f62c
f43d
f330
f349
f3e5
f465
f59c
f825
fb79
fe0a
ff3b
ffa3
0000
0093
012e
01bd
0240
02c3
0375
0457
053e
063e
06c1
0599
02dd
ffb4
fdbd
fd13
fd59
fe99
0178
056b
07e5
0900
097f
08c9
0748
052a
01a6
fe6c
fd04
fb30
fa9a
fd6e
ffb7
0073
0144
01bc
010e
ff38
fd79
fce0
fdba
ffa8
020f
0498
076f
098d
0914
06a8
0311
fe65
fa35
f784
f5fd
f509
f4c4
f5d7
f7c5
f9a0
fb03
fcd3
ff55
00df
00b6
ff6f
fe53
fd54
fc35
fc0c
fc7b
fc73
fc18
fbdb
fc52
fe77
0175
0384
0447
0414
03ab
0414
044b
0283
00a1
0079
0206
0415
05dc
0748
0777
0669
0549
042d
0371
03f5
044f
03c6
040e
0581
072e
07bf
0714
05bb
041f
0165
fd8a
fad7
f932
f7dd
f888
faa5
fc62
fdca
ff20
0049
00db
00ea
00df
00d0
0073
ff35
fc8c
f993
f86d
f8df
f9ff
fb49
fc8c
fd50
fcf6
fc69
fbed
fab4
fa35
fb4f
fc96
fd79
fe44
ff81
00e0
01de
0281
03de
05e6
063a
04c3
02f7
01b1
00ba
000a
00d0
0213
020b
015d
007f
ffc3
006e
01c0
0198
ffbf
fd54
fbf7
fc62
feae
0237
053b
06c1
06e8
05cc
0387
0049
fceb
faaf
faba
fc48
fdfd
ff02
fec5
fd8b
fca1
fc8d
fd64
ff27
00b4
00c8
ff68
fe1a
fdf4
fd92
fc8d
fb74
fa73
fa08
fab8
fc62
fe87
0088
01a3
01a2
00e6
0019
fefe
fcd9
fa85
f97f
fafc
fecc
0349
0654
07d1
0884
08e9
0924
08b0
06ab
03b6
0131
0045
0092
00f9
00b0
0091
013e
018e
0223
03a0
0412
024a
fef0
fc7c
fc23
fd45
fdf1
fd33
fb50
f8bd
f6c1
f68e
f6da
f6ab
f677
f77d
fa4e
fdfc
009c
01fa
0384
044e
03d0
0308
014f
fe80
fc11
faa1
fa70
fc03
fef4
01fe
03ae
04a0
05d4
06d0
0773
0798
067c
0488
027c
009d
ff81
ffb1
00a8
022c
0466
0739
097f
09e2
08e7
076b
05b3
0363
0115
0064
0175
0375
0540
064d
0648
04fa
0341
01ad
fff2
fe1c
fc55
facc
fa05
fa82
fc0d
fd2a
fd07
fcb4
fc70
fc3d
fcd2
fe0f
ff8f
016e
02c7
02a2
01c5
000e
fce9
f959
f62a
f3b8
f292
f324
f55c
f82d
fad0
fcf7
fea6
0024
01b5
02e6
03aa
048a
058e
064c
066d
0633
060e
0624
05f9
04f7
0315
0185
00f6
008e
002b
ffdf
ff2b
fe79
febc
0082
02c6
042b
04ef
05f1
0743
070d
0567
03c0
0204
ffd1
fd0c
fa31
f827
f7d8
f907
faf9
fc8d
fbaf
f85f
f520
f38a
f35e
f30c
f271
f2be
f510
f711
f83e
fbf1
0078
02d9
02e8
022d
0244
0386
0469
0402
0418
0502
05dd
0619
0588
04b4
04ef
059e
0540
042b
0383
03f2
04a9
0549
062f
076d
08bd
09aa
09e8
099f
0920
082c
065a
03a0
00c4
fe53
fca1
fcb1
fde2
fdad
fcd3
fc5d
fb4a
f94e
f7eb
f997
fc3c
fd68
fea0
0068
020c
031c
0409
0525
054e
03e3
0158
fef3
fd17
fb83
fa88
fa38
fa8b
fbf3
fdb6
fe6a
fe44
fdb6
fcf4
fc96
fcc8
fd0f
fceb
fc89
fc96
fc94
fc3a
fc0a
fbe9
fc1c
fd99
ff64
0016
ff94
fe1f
fc7a
fbf9
fd50
002b
038a
07cf
0d40
11af
1379
1208
0dea
090e
0546
02aa
00ed
ffeb
ff34
fe41
fcc4
fb2b
fa85
fb86
fc7e
fc40
fb80
fbe1
fd16
fd17
fcf2
fdb2
feb6
ffc9
00db
018a
0181
00de
0045
ff9a
fed7
fec3
fee6
fe77
fd92
fc9a
fba6
fa6b
f915
f84e
f8a1
f99a
faaf
fc2a
fe3e
0078
01fe
0312
0466
053e
0540
04de
0493
04a9
04e8
045f
02b3
0096
fec0
fd4b
fc11
fcd5
ffe5
02b4
042a
0465
03fb
032f
0256
0216
0252
027b
022e
0139
ffcf
fecc
fea2
ff09
ff14
fec4
fe87
fe19
fe11
ff0f
ffdd
0015
0041
003f
0028
0046
0066
0021
ff38
fdd3
fc74
fb9d
faed
fa85
fb41
fcd6
fed3
0107
031d
04f9
06cf
07b4
073c
0642
04b9
029b
00c9
fee1
fcc3
fc0d
fc6f
fd1a
fed7
0059
ffe8
fe83
fde9
fedf
0007
00b6
00e7
ffac
fe1d
fe75
003e
0237
036f
035e
028b
01f8
0106
ff62
fdbf
fcd6
fc60
fb6a
faa2
faf9
fc3d
fd29
fd59
fe0d
ff7b
00e6
0173
00d1
ffa8
ff36
fe7b
fc61
fa64
f9f3
fb60
fda8
001a
0246
0392
0423
047f
048a
03bb
01e2
0012
fec5
fdc2
fd67
fdbe
fe65
ff56
00a1
0206
0281
0201
01b5
01fd
0283
02bf
0306
038f
03ea
040d
0448
04a5
0435
029d
0137
008b
008a
0139
0248
0292
004a
fca3
fa35
f964
f983
f9eb
face
fc1f
fd3a
fd55
fd17
fdb3
fe5c
fed7
ff8f
ff94
fe5f
fcd8
fd61
00ac
04c7
07b7
0903
09c1
0a06
0987
0819
04b4
ff3d
f9b0
f6c7
f76e
f9ae
fc44
fefe
0214
050d
06ec
06df
0535
02b4
ffb3
fdb7
fdff
ff23
ff7e
fe79
fd22
fc5b
fc73
fdb7
ff0d
ff09
ff15
ffa5
ff98
ff52
fee1
fdab
fc0e
faf3
faf3
fb29
faaf
f997
f89f
f89c
f9e8
fc1b
fe8c
00a1
020d
0300
0428
0508
04c4
0359
0150
ff8f
ff04
0008
01f0
02e3
02ac
024d
0235
02f1
049c
05e0
05bf
048a
03f5
0449
0448
0396
02ee
02f7
01d0
fefe
fc3d
f986
f662
f39d
f31a
f5a5
f9de
fdbf
ffb7
ff1b
fd71
fcc3
fdd4
ff40
ffb0
ffd6
010e
03b7
0641
07aa
0807
07eb
07b2
0782
07b2
07bc
06e6
05a5
047b
036e
01d0
001b
ff7f
ffb1
ffa2
feb1
fe1c
fe45
fe0b
fd21
fc38
fc71
fdab
fe3d
fc32
f8f7
f6ca
f6a9
f86a
fb03
fd05
fe61
ffb8
0140
02ec
0422
03fc
0301
0256
025c
0325
0419
03b3
01db
ff6c
fc8c
f9f7
f8ba
f8a8
f931
fa51
fd50
0158
03e9
0567
062e
05e0
05c7
060e
058b
0531
0584
0597
061c
0752
0800
0762
0597
0384
01e1
00cc
ffec
fee5
fdd3
fd34
fc83
fb30
f9fe
f977
fa13
fc6f
ff34
0095
00b9
ff97
fd66
fc2d
fc65
fcf0
fd85
fe89
0012
0092
ffc0
fede
fdfd
fcd1
fba8
fbea
fd72
fe58
fef8
ffeb
00a8
00fe
0124
01a4
0379
0619
06d4
050f
0204
ff2d
fcda
fafc
fa38
f9f3
f956
f8f2
fa46
fde9
0193
0410
0567
05a8
058b
0531
0299
fee8
fd92
fe09
fea4
fed0
ffe4
01e1
0303
0320
030f
0389
03a3
0300
029b
0255
01d2
013c
00d5
0080
ffc4
fee2
fe5a
fe20
fd8e
fc4b
fb23
fabe
fb23
fb71
fa5c
f82c
f81c
fab1
fd88
fe49
fd81
fd54
fe04
ff2b
0078
0234
049c
074b
08bb
08b7
0870
0893
0835
0600
03f7
0362
0317
0200
0093
0071
0086
ffaa
fe97
fdf1
fda7
fd1d
fcfd
fe11
0001
0273
04d6
0655
06b9
0634
04e9
0329
0182
006d
fff9
ffe4
fff2
fffe
ffdf
ff02
fd3c
fb2b
fa60
fad1
fb5c
fd05
0036
03a7
05b1
05c2
047b
028b
00c9
0031
0110
029b
0341
0272
014d
0170
ff40
f9c6
f7ee
fa82
fe56
016a
0303
03c1
04e2
04d1
01e9
feb3
fc4c
fa8b
faba
fc59
fd45
fc1b
fa4e
fa38
fac5
fbbe
fe2b
00e7
0231
0115
fe7b
fcfe
fef1
01c4
038b
053f
0602
0516
0346
0183
006e
0016
007e
01d7
0410
04ec
036f
0279
01fc
00ff
00e0
0111
007a
ffeb
ff23
fdc5
fd77
fe24
feb9
fff0
0116
00e5
009a
0066
ff40
fda2
fc94
fccf
fe45
0055
0206
029e
01f4
0078
fe89
fcb5
fbf5
fd25
ff9e
013a
0248
038a
046a
0544
064d
06a7
0641
0584
04c4
0462
0466
042e
043c
0518
05a8
060d
06ae
05f3
040d
0285
0190
00ba
ffb3
fe9f
fe44
ff32
0054
00dc
00cf
ffbb
fdb6
fba4
fa4f
f9a5
f906
f8b3
f9bd
fcca
ff73
ff82
fd72
fb23
f974
f764
f686
f86d
fba0
fec5
00fc
01e9
0253
02fd
0360
03a8
0422
03d6
02b3
0152
ff8c
fd84
fc69
fe61
01e1
0383
04a3
0590
04d1
0438
0435
0317
01f1
0171
0098
ff05
fd24
fbba
fb09
faac
f9fd
f95f
f9fe
fcdc
011f
04e0
0645
0538
033e
02b5
03e5
05a5
06e6
06ba
0526
03fb
03d7
03d8
0303
0132
ff22
fd8b
fce3
fd0c
fd2d
fd67
fe6a
ff10
ff2a
ffc4
0058
0075
006f
006a
0066
0062
005c
0058
0073
0157
0338
0504
047a
0191
ffc3
fec0
fd19
fba8
faa9
f9bf
f8ec
f874
f866
f825
f85f
f97c
f975
fa2e
fde9
ffd5
ff88
0024
ff9b
ff13
015f
0173
ffae
01c5
0471
0484
0357
03a3
0523
049c
028f
008a
ff35
fefb
ff94
ffdf
ff43
fe24
fda4
fde0
fe70
ff20
0050
0218
038b
0462
046a
02f6
017d
019b
0200
01fd
01f8
0231
029e
02f5
02cd
020f
0112
005b
0012
ffcf
fec8
fd91
fdd4
ff5e
0139
0284
02a4
0116
fe21
fc98
fd4a
fd67
fd49
fd7c
fc98
fbcc
fcc0
ff25
0189
02dc
0345
0315
0272
0177
0051
ff1b
fdca
fd1a
fe03
004e
022d
021a
0188
013a
00ea
012f
0240
03b0
052d
063b
0691
0714
07a6
06de
048a
013c
fde2
fae6
f91d
f9a6
fba8
fdb3
fedf
ff1a
fed9
feb2
feb9
fe83
fd9c
fcb7
fcb7
fd73
fe0a
fdd0
fd0e
fc47
fbc2
fb6a
fb8b
fc8c
fe0f
ff9d
006b
ff4b
fd8b
fdb0
ff0f
0005
ffca
ff81
ff65
fe77
fd6b
fcd8
fc6c
fc00
fb44
f9ff
f9b5
fb20
fce5
fe06
fe8c
ff55
006d
01b6
036f
0575
069d
0564
0403
041d
0281
0137
02d9
02d6
0199
022e
0276
01ce
0179
016c
01aa
0253
02c2
02be
029f
0283
0265
026f
0343
049f
053f
0521
0500
055f
051b
03b3
0243
0132
006d
ffcf
ff98
ffb9
ff92
ff9e
00a8
0284
039a
0261
ff13
fb3a
f87d
f746
f70c
f737
f7f9
f93a
fa5a
fa90
f9fd
f97b
f97b
f978
f8ab
f7ee
f7c0
f7b1
f758
f6e5
f76c
fa6a
ff10
0281
0466
052d
04ca
0481
04ec
0507
0470
03e3
04a5
05af
05cd
057f
04ae
0386
0351
0364
02a1
01ca
017d
020b
03b5
05d4
076b
0863
083a
066e
040c
0246
01b1
01d9
01fd
01b1
0156
00d3
ffc4
ff30
ff68
ff84
ff0d
fe01
fca7
fb6b
fafa
fbbd
fc23
fb50
fab0
fb2c
fc97
fdf5
fe8d
feae
ff92
0182
03ae
04f0
0537
04e2
03d3
02fb
032f
032b
021e
00ae
00cc
0252
034e
02e6
01cb
0173
0222
02dc
024b
00a0
fe65
fc27
fb50
fb91
fb28
fb39
fca7
fe61
ff9d
003b
0068
006a
0095
012f
018e
0135
0088
ff2e
fd06
fb21
fa05
f995
f9a2
fa0c
fa97
fac2
fab3
fab7
fa3e
f986
f964
f9d9
fb04
fcf0
feb5
ff7d
ff2e
fec7
fe74
fd9a
fd06
fcf2
fcc8
fd97
ff5d
007d
0154
02df
051b
071c
0850
094c
0a75
0b74
0b4c
0a18
08b0
07e7
077b
06bc
05bf
049e
0364
0229
00e7
ff8d
fe46
fda2
fe16
ff13
ffcb
ffdc
ff9e
ff6f
ff31
fe2b
fc94
fb48
f9c6
f834
f7b1
f7e6
f83f
f8b0
f935
f9cf
fa86
fbac
fd87
fff0
0231
03cd
04c3
04b9
03c4
02ef
0248
0191
0149
017d
01d3
0201
024d
0301
039f
03b3
034d
02f1
02ef
033a
03a7
047a
05e6
06f0
06cb
058b
0448
03f8
04a6
0502
0423
024a
001a
fe5f
fdc3
fdcd
fe19
feb9
fe83
fcdd
fad9
f8e7
f6d9
f49d
f3df
f57a
f756
f875
f8f8
f93c
f927
f86d
f73c
f788
fad7
ff3d
029f
0447
04e9
0522
0500
0484
03b2
0293
0171
00d4
011c
011b
00b3
00ee
00b6
ff9a
fe9f
fd3a
fc1b
fd6b
ff74
00b2
0218
02d5
0267
0230
01f3
0114
0038
ff65
fedb
ffbe
01dd
0409
0538
05fc
0703
0744
0678
0592
05e4
0711
078b
067e
03ed
0095
fdee
fc7e
fbee
fbf5
fcb4
fe30
feda
fdb3
fb4c
f8da
f751
f701
f74e
f776
f729
f6f1
f7be
fa01
fc1b
fd7e
0024
030c
0436
03b3
017d
fe77
fd6e
fe4f
ffa8
019f
03c9
0516
04c3
03a7
0304
0255
018a
011c
008b
0019
0083
0100
0110
00ee
0067
ffac
ff7d
002f
0105
00b3
ff77
fe5e
fe3e
fe95
ff0a
0042
026f
04c0
05a2
0563
04b0
033e
0175
ffe0
fe86
fdbb
fdd4
fe67
fe69
fd95
fdb3
ff04
0073
0194
0270
02dc
01f1
0059
ff94
fec4
fd5d
fbf7
fb09
fa59
f991
f9f6
fb75
fc5a
fd06
fe33
ffb1
0148
029e
036e
040d
0497
0469
038b
0226
0021
feb5
fee9
000e
010a
0137
00d0
ffc3
fe06
fc62
fbba
fc87
fe40
ffe5
00e9
01f8
0366
0495
04a7
03e9
035f
02af
015a
ff8f
fdfa
fce4
fbe2
fa90
f9b0
fac9
fd34
ff2b
ff55
fe33
fca6
faf9
f9ed
fa65
fc98
ff5d
015d
0232
02f5
0457
0551
05b4
05a4
0481
035e
038f
041c
0407
0354
02fb
02f3
02a8
0293
02e8
0345
0360
0304
021f
0100
ffe8
fee4
fe20
fd9e
fd30
fcc8
fc7f
fc59
fb9f
fa92
fac2
fbb7
fc97
fd5b
fc85
fa4b
fa4a
fc57
fdf9
fdc2
fd67
fe66
feb9
fe40
fe62
ff85
0037
ff1c
fdc3
fdf4
ff8f
ff7b
fe92
fff3
0165
0157
010e
02fb
05d4
05d0
045f
0337
0243
01b4
01cc
0273
0301
0324
0334
039a
03bb
0234
007d
005f
0195
02ca
02f9
0256
015b
0076
0003
ff9a
fe5b
fbb9
f990
f9cc
fb0d
fc4e
fda0
ff55
015f
0336
0419
0462
0498
0357
0030
fc6d
f97e
f8a8
fa9a
fdd5
009d
0247
0345
0415
049a
04ed
053e
0575
0522
0449
03ab
02e1
0171
ffd2
fe46
fcd9
fbd4
fbd3
fd14
febe
0059
01a6
01f3
0152
0092
0099
00de
007c
0080
00ca
006d
006e
0100
010d
000e
feec
ff18
ffd9
fff6
fee8
fcc8
faf3
fb49
fd1e
fec1
ff25
febe
fe77
fe95
fe53
fd96
fdc6
fecc
0010
019b
027a
020b
0191
019e
01e8
01fe
0174
0058
ff96
febc
fcde
fb08
fa09
f9dc
f9da
fa0c
fb09
fcb9
fe56
fecb
fded
fcc0
fcc6
fe0e
ffd4
011c
01b1
022c
032f
02f1
0193
025e
0422
04de
051e
04d7
0418
03e2
045b
051f
05db
05c3
0495
0374
028f
01c8
01c8
01fa
016c
00ea
00cc
00c4
00ac
ffce
fdc3
fc61
fc3f
fc22
fad0
f87c
f684
f552
f4da
f549
f789
fb50
fede
0194
03bb
059a
0736
0829
07ef
0662
0489
0456
0526
05b4
0648
06d7
0705
069f
05b7
0468
02a5
0106
0033
fff3
ffea
ffcd
ff46
fe7f
fdc1
fc8c
faea
f9c6
fa3b
fbae
fca1
fe06
00a8
039f
0529
04ae
0330
0120
feef
fd8b
fd31
fd09
fbab
f99e
f846
f86b
f8df
f8cd
f961
fabf
fbe5
fb88
fab8
fb0a
fc07
fd05
fdb3
fe0b
fe79
ff2a
ff61
ff02
fea3
feb5
ff0d
ff38
ff44
ff6d
fff6
0132
02ef
0474
0593
066e
06f1
0650
0441
01e2
008e
0058
fffb
003c
0179
0225
0253
02bf
0345
0277
002b
ff0c
fede
fe2b
fd4b
fd0f
fd9a
fdd9
fdaf
fdfa
ff64
00df
00fd
006e
ffd8
ff64
ff5a
ff3c
fe6a
fdfc
fe69
ff06
ffae
0135
0456
06c4
0724
063f
03e7
00cd
fed7
fd87
fc19
fb24
fa9e
f9c6
f809
f6f4
f805
fa8e
fd60
ffda
0253
0380
02b1
0252
02be
0315
0419
05d2
0782
08a0
08c8
07a9
0570
0482
06d2
086f
079e
065f
059d
05ff
077a
075b
051d
035b
0290
017e
fea6
faca
f74f
f4dc
f26f
f020
f01a
f259
f528
f6c5
f7a9
f904
fad1
fbf5
fc1f
fd1e
ff98
02ac
0529
06a4
0738
06d3
05e6
052c
04ef
04e8
047f
0354
01a4
004e
fffb
00dc
027e
03d1
048a
0523
0537
04c6
0497
04a3
04bb
04b5
035b
009a
fe80
fdf6
fe3d
fdc6
fd05
fca6
fbe3
fafa
facd
fbb1
fd1d
fe8c
0062
0181
00bf
ff34
fd42
fae6
f93c
f881
f84a
f8ab
fa13
fc9c
ff3b
015b
0348
04da
0542
03d1
0223
00e0
ff32
fe87
ff31
ff7b
ffe5
00da
0128
fffa
fe30
fe20
ff25
ff82
fed7
fe04
fdd8
fe09
ff26
013c
0258
01c3
00d8
0205
0316
00ff
feb6
fe23
fedf
0067
020b
0303
02e7
0237
01da
01bf
016c
00a3
ffa1
fe86
fd43
fc22
fb70
fb6a
fc38
fdb0
ff32
001d
006a
00b9
012c
019f
0202
020f
01cb
01cc
01d3
01a4
01e8
0213
013a
ffbe
ff13
ffee
002c
fec4
fc94
fb58
fb08
faac
faee
fbb5
fc3a
fce1
fdac
fe1d
feaa
ff26
fec0
fdd9
fcef
fc65
fdbe
013a
04cb
060d
046a
01a0
fed4
fd04
fd30
fe71
ff6d
ffcd
ffac
ff6c
ff7d
ff46
fe61
fdeb
feba
0066
012e
0120
0121
007f
ff44
fe8e
ff72
0188
038b
0517
05c7
051a
037b
020c
01cf
026b
0360
049b
0618
0724
06af
04dd
0272
0050
ff1e
ff26
0013
00eb
00f2
0047
ff51
fe1d
fc68
fb36
fba8
fd5c
fe83
fe0b
fd8a
fdb6
fde6
fd29
fc34
fc7a
fde0
ffae
0136
021c
0258
01e8
00d5
ff09
fcb4
fb1c
fae8
fbae
fcd2
fe0d
ff8c
0189
0354
0372
022c
00b7
000f
fffd
ffa2
fe6d
fcec
fbf3
fb92
fb89
fbaf
fc3f
fcd6
fd04
fcf6
fc55
fb67
fc48
ff7f
0346
04ed
0481
0407
0439
0491
0419
02af
0142
00da
009c
ff55
fcd5
fae6
faf1
fc8c
fda4
fd7e
fd7c
fdf5
fe98
ff29
003f
01ec
02ef
0297
0181
016a
0265
0363
0375
0268
012a
0182
035b
0544
0612
05d1
055c
0575
05f5
060b
0501
036e
0296
02b1
030b
02c0
01f0
00eb
fffb
ff78
ff64
ff57
feec
fe18
fd22
fbdd
fa97
fa3e
fad1
fb84
fb7d
fb87
fbb6
fa89
f97a
fa6b
fcbf
ff02
fff0
ff53
ff36
0149
03f8
052a
0409
0230
0028
fdbd
fc09
fbc9
fd12
ff9e
025d
040a
0466
0448
047b
041c
03a5
04a0
056b
04a9
02ee
00b9
ff55
002c
01d7
0338
04d9
05a5
04ec
03cc
0308
0283
0178
ffd5
fe0a
fc87
fbb3
fb67
fad1
fa9e
fbac
fd01
fdf9
feb5
ff7e
0029
0045
ffce
ffbb
00a7
00cf
fffd
ff87
ff15
fef5
0029
01fa
02b8
013c
ff46
fe6c
fe7d
fec9
fecc
fea2
ff02
ffb3
ff46
fe25
fd2d
fc3d
fab4
f8b7
f7be
f885
fa79
fbfc
fd3a
fef1
00a5
023f
03d3
04c1
04fe
04e4
04a7
040c
02dc
01d7
0198
020b
0269
0246
01dd
0189
014f
00f1
00a9
00d4
015b
0111
ff7e
fdbb
fcd8
fceb
fd17
fd51
fe14
ff9b
0072
ff98
fe4b
fdeb
fee2
003f
012b
0103
ff65
fd56
fc31
fc0c
fc70
fccf
fcd9
fcd6
fd4a
fe21
ff46
00a1
0204
02ff
035f
03ec
045b
0399
0283
01b6
00c8
ff9a
fea2
fe85
fe9b
feb1
ff9e
0165
032d
03d1
035e
0242
00b6
ff65
fefe
ff97
0015
ff78
fe57
fdea
fee1
008a
0244
036f
0345
022d
011b
0029
ff36
fe50
fdaf
fe33
003b
0191
0170
00f6
0084
009d
01a0
0225
0166
0038
ff7a
0000
01e5
0284
014f
0137
01b5
00e9
feb8
fe82
00fd
0145
0057
00ae
0095
ff47
fe2f
ffec
026e
02e0
035f
03c5
0263
fffb
fe4c
fe90
fffd
0107
00a0
ff40
fe30
fe66
fedf
fe50
fc87
fb37
fae4
fa90
fab6
fb75
fbe2
fbbd
fc1f
fe69
005c
00eb
0264
039f
0327
0204
0045
fe72
fec1
01d9
0602
07d8
06a8
0406
01d6
00f0
00f6
00ee
008a
0036
003e
0000
fea8
fcd6
facd
f892
f706
f6c0
f7d2
fa5f
fd06
fdbf
fe4c
ffbf
0110
0261
0378
0338
01d7
008a
0076
00eb
015b
026e
036f
0438
0639
07da
073c
0583
0415
036f
02df
0366
05c3
0797
07d3
06d7
0521
035e
0243
0222
01cc
fffd
fe25
fcde
fbae
fbcc
fccf
fd01
fd8b
fecf
ff36
fe0b
fc4f
fbf1
fcb5
fdeb
ff6d
0026
ffda
ffc0
ff72
fe54
fcfb
fb88
fa33
f9b8
f9e4
fa14
fa1a
fa89
fbd2
fd54
fe41
fe4d
fe33
fe86
ff7d
0131
0364
0552
0602
05e6
05fb
053c
0345
0157
0158
0226
00ed
004a
0162
01db
0263
031c
0293
02a5
03d7
0360
0188
0029
003c
0041
fedf
fd1d
fbdd
fb76
fbb6
fbfe
fbfe
fc39
fcac
fd13
fe03
ff8b
012f
0239
02b3
02f6
02c7
01e4
005c
feff
fe50
fe56
feba
ff1c
ff4b
ff6d
ff57
fea0
fda7
fcd6
fc3c
fbfe
fc34
fccd
fd6c
fde0
fe5a
fee1
ff8f
008e
014b
0163
0195
0272
03f8
058a
05ef
0508
0513
05ea
05b7
03fb
01c1
006e
fff6
ffe4
ff82
fdc5
fcaa
ff15
022c
02d1
00c6
fef3
ff41
0123
02ea
02c5
0025
fdc6
fd97
fe77
fd91
fae0
fa17
fbe6
fe37
fe6c
fd80
fd5b
fddb
fe0f
fd97
fd46
fd8b
fe4d
ff3f
0075
0240
0479
05c2
04f3
036d
0248
0181
0096
ffc9
ffcd
0033
0030
ffae
0086
024e
028f
01f1
01bf
0209
0181
002b
ffa2
ff0c
fdf6
fd9e
fda2
fd79
fda4
fe45
ff06
ff48
fe5a
fcf4
fd82
fe2f
fd24
fd24
fda0
fc94
fafc
fa37
fb24
fdbe
00c8
02d4
038f
034c
0274
0170
0073
ff6b
fe14
fca3
fbaa
fb09
fab8
faf9
fbaf
fc78
fce0
fd08
fd06
fcb1
fca9
fd8a
ff20
0076
0142
028e
0407
04fa
0564
051f
0466
0433
042a
03da
0459
0587
0639
0596
03f4
0238
00fd
0111
02c6
047f
058e
05db
0396
ff60
fc55
fbcd
fd9d
0042
00de
fe9b
fb80
f98f
fa49
fdfc
02cb
05c6
049b
0102
fd9a
fb66
fb1c
fc70
fdc9
fe7f
fe91
fe14
fd4d
fd05
fe3d
ff59
fee9
ff2d
fff5
ff9d
fec8
fe77
ff20
0082
01bc
01ec
00f6
ffb8
ff82
00d1
0297
0315
022d
0112
0115
0179
0183
0174
0162
00f4
ffd6
ff36
fff5
013c
012c
ff34
fd59
fda7
0016
01f3
023f
018d
0096
ffa5
fe9d
fd49
fc36
fc57
fdeb
ff77
ff43
fded
fc43
fac6
fa2e
fb04
fd1a
feff
001b
00dc
00ea
013a
0354
0578
0673
0718
07b0
07e7
072e
05a2
0384
010a
ff0d
fe12
fdca
fd81
fcfd
fcb2
fc23
fb0e
faa1
fb65
fcb0
fd2a
fe04
0064
01da
018e
007d
ff8b
fe9c
fd47
fc5b
fc45
fc83
fbe6
fab8
fa96
fc06
fe83
00f2
031e
048f
0481
0358
01fd
0148
014f
0202
0350
0444
045d
0449
04cf
05d7
0634
05af
04ae
0396
0289
01a9
0132
00ca
ffe5
fe89
fd6c
fd46
fddb
fe83
fe77
fd26
fbc9
fc4c
fea8
0121
01ca
00ba
ff51
fedd
fed7
fefc
ff9f
0013
ffcd
ff02
fe53
fe16
fe2b
fe63
fedf
ffdd
007a
0020
ff78
fee6
fec1
ff87
00ac
015b
018d
020c
033a
0411
0447
043e
0444
03d0
02a4
0240
02ff
03c8
034a
017b
ff64
fde0
fd0f
fc94
fc0c
fb76
fb0a
fa92
f9d6
f8f8
f88b
f8e2
f9d5
fb24
fc78
fd4e
fd8a
fdd1
ff2e
0100
0238
0292
0230
016a
00b9
0012
ffa3
004a
012c
00fc
fffd
feb3
fd9e
fd61
fdd1
fe19
fd93
fe49
021f
056a
067f
06b9
06b2
0604
040d
017d
ff73
fec4
ff1c
ffb5
ffea
ff96
ffea
0256
045e
042e
0372
039d
0489
0498
03ea
0332
024b
0100
ff93
fece
fdd8
fc5b
fc71
fdaf
fe71
feb3
fec9
fed6
fedf
fec9
fe58
fd4b
fc17
fb87
fb78
fb9d
fbd8
fc3d
fd06
fe45
ffda
0132
01ab
01a4
01ab
01c4
012e
0012
ffd5
0095
01f4
03a5
04a7
04a6
04dd
057f
0619
0669
0623
0516
0383
023d
01fa
0292
0319
02bb
01d0
00fb
003f
fea7
fcb4
fbbe
fb62
fb20
fac7
f9d3
f891
f804
f849
f90d
f9e8
fa76
fae4
fbb7
fcf7
fe14
fe50
fdac
fcbb
fc2b
fc39
fd17
fefc
00bf
0173
019c
020d
0348
052e
06a4
06fe
0732
074c
06d0
0608
04a9
029f
0190
0197
01a0
0198
0201
0311
03b9
03b6
03aa
0387
03af
048c
04b1
0394
0232
0026
fdd9
fcd2
fc4b
fbd4
fc7e
fda1
fe0e
fd58
fc27
fb07
f9bf
f8bd
f86b
f859
f88b
f935
fa2e
fb4a
fc50
fd19
fdaf
fe2c
fe7b
fef8
fff3
00c5
00fe
00d0
00d1
0163
0246
0299
01fd
00fe
00b6
018d
0308
04d6
0639
0653
05ad
04b8
0343
01f1
0153
0111
00a9
0008
ffc2
000f
0072
fff2
fee4
fdf6
fd3b
fd10
fd80
fd7a
fd3b
fd95
fe58
ff22
ffb5
001a
ffc7
fe45
fcac
fbe5
fc3d
fdaf
ff7e
00be
019e
028b
0389
0417
0428
0435
03e6
038f
0427
045a
0328
0162
ff6c
fdaf
fd04
fd0e
fd40
fdab
fe56
febe
fdef
fd5c
fe95
0095
0223
02c7
02dc
02c5
02a6
0281
0202
0124
00fc
01e8
02fa
0294
00f6
ffd2
ff8d
ff74
fec7
fe62
fecf
ff84
ffcf
ffb7
ffe7
0050
008f
0054
ff89
fe44
fceb
fcb1
fdc2
fe6c
fe0f
fd63
fd82
fe12
fe4f
fe66
fe9c
ff08
ff7e
ffcf
0021
0111
021f
0284
02d8
02c7
01a7
009a
00bf
020d
02fc
02ba
01c1
0106
00db
00bf
0054
ffd4
ffca
ffa1
ff32
ff26
feda
fdfa
fd63
fd63
fde3
fead
ff67
ff6b
fe0b
fc6f
fbb5
fb41
fb5b
fc39
fcb2
fd12
fe57
0067
023d
030b
0355
031d
01fc
0041
fe6d
fcfa
fc4f
fc96
fd82
fe36
fe72
fea7
fed9
ff1a
ffc3
0126
030c
04b6
059e
05bf
0561
0497
0355
01b5
0001
feb2
fe36
fe40
fead
0003
0175
0237
02d2
038d
0409
03b3
0280
0109
0043
0067
011f
0225
02f5
0322
0307
0304
0303
023c
00d1
ffac
fec9
fda5
fc2a
fb94
fc1b
fca9
fd95
ff20
0055
ffcf
fdef
fceb
fc41
fb63
fb88
fc7c
fd49
fd8e
fe3a
fffb
01d2
030c
03d8
050c
05ea
056f
0486
0379
0216
00c1
ffbe
ff1a
ff02
ffd6
0194
02fc
0386
0396
034a
0244
0059
fece
fe50
fe4c
fe6d
fe94
feaa
fe48
fd5b
fc68
fbea
fc57
fde3
ffe5
0179
024b
0284
0258
01b6
00d1
ffd9
feb6
fd5b
fbcd
fa52
f986
f9ff
fb92
fd25
fdd7
fe70
ff8c
00be
00a8
ffa6
ff3f
ff44
ff38
ff0c
ff20
ff7b
ffa9
ff93
ffad
0078
0133
0148
00f2
0054
ff44
fda7
fc0d
fb4c
fbcb
fd26
feb8
0010
0114
01b8
01e9
01b6
0118
fff3
ff26
ff88
0054
005f
ff94
ffc2
00be
010d
00ca
003e
ff8d
ff2d
ff5c
0019
015d
02d6
03ee
03e1
0348
03a7
0486
04fa
04b5
03f0
02f5
020c
01a0
01a7
018e
01ed
02ce
02d5
029a
02cd
0270
0142
ffbf
fe92
fddf
fd72
fd25
fd1a
fda4
fedb
0049
0121
00fd
ffdc
fe50
fdca
fe09
fdaf
fcf7
fc73
fc53
fc40
fbec
fb7c
fb9d
fc8f
fdeb
ffa6
01cf
0402
0551
0546
0470
0319
01e8
01f8
0267
0223
019c
00f8
0086
0121
01ef
01e1
019f
0165
010a
00d7
010a
0179
0154
00a9
001a
ffa6
ff00
fe15
fd8c
fda7
fe11
fe90
fef4
fefb
fe3d
fd13
fc83
fcf7
fe2f
ff67
ffcb
ff64
fefe
fdf9
fc4f
fba0
fc0a
fcca
fd3b
fd61
fdb3
fe8a
ff85
000f
003b
003f
004c
0086
00e9
0174
027b
035b
035b
033e
031c
026e
0183
010d
0170
0230
02bc
02db
02c2
02d8
032d
02ea
01ed
011c
003b
fede
fd3c
fc7f
fcef
fd40
fcb9
fbc8
fba6
fc55
fd58
fe8a
ffb5
00a5
0179
0240
02e6
031d
02e4
0260
019c
00ba
ffe4
ff4c
ff1e
ff6f
0015
00c8
0132
0126
00bf
005d
004e
0020
ff11
fde2
fd99
fe86
ff7a
ffe1
0072
0111
0198
021e
0201
0141
0109
015b
01ba
0209
0209
01c1
01ae
0199
0123
0091
0045
00d1
02f5
05b1
0776
07eb
0720
0559
0334
0119
ff0a
fd28
fc02
fc19
fc83
fca5
fc97
fbf1
fad4
fa05
f932
f7cd
f5e5
f508
f677
f9e1
fd9a
0019
010d
012c
012f
0123
00cf
007d
0137
02bc
0449
05a1
0654
061c
0584
04dc
0435
03cb
0357
0258
0086
fe95
fd95
fdb6
fe83
ff56
ffc7
ffdd
ffdf
ffe3
0017
0091
0092
ffb1
fe44
fcb7
fc0c
fd5d
ff82
00d7
00c4
ffbe
fecb
fed9
ff98
0082
018d
0252
0287
0283
025e
0216
01d9
0123
ffe3
ffaa
ffee
ff3d
fe56
fe98
0078
0230
02d5
02aa
0211
01b4
01eb
01d7
0163
0157
0142
0063
fea8
fd95
fdad
fdf5
fe6a
ff20
ffb3
fff5
ffb1
feb6
fdf9
fdf2
fd8f
fc41
fae6
fb74
fd63
ffa1
02ac
04e7
04ae
032b
0121
fe9d
fbc1
f966
f879
f8df
fa60
fc91
fe4c
fee4
fe95
fe3d
fe04
fda0
fdb2
fe0f
fdf8
fe6a
ffe5
016c
021b
0206
022d
02ff
0410
0479
0481
04ae
04f2
0578
063d
069c
0606
04b4
03d1
0324
01da
0012
fe4c
fd1b
fcc2
fd99
ff98
019f
0345
046d
043d
0313
024e
0299
03cc
0534
063e
06e9
0772
074b
060e
03f7
0144
feb1
fd3c
fcf0
fd61
fe0d
fdf2
fce9
fc0d
fbae
fbae
fbec
fb65
fa05
f991
f9f8
fa7d
fb7d
fd24
fee9
ffd1
fff2
ffd8
ff64
fec4
fe80
ff08
0015
00ed
0145
010e
0063
ff94
ff4b
fffe
00fd
019f
01b9
0147
004c
feea
fdb2
fcd9
fc40
fc45
fce1
fd55
fdcd
fe9d
ff6b
ffa2
ff11
fe50
fddf
fe77
00f6
03fe
05b6
0618
053e
0346
00ee
fedd
fdb7
fe0d
ff3f
0042
010e
0188
0175
0145
0120
00e5
00e2
0103
00c2
fffe
ff20
fece
fef3
fef4
fe5c
fe0d
fe4c
fe2f
fe80
ffbc
0099
ff7e
fcf6
fc3c
fdf2
00d7
0384
054e
0655
073c
06de
04a3
0304
01e8
000a
fe90
fe71
ff88
00b6
0156
018d
01eb
025e
023d
00f1
fed9
fd06
fb7c
fa05
f88b
f6e4
f628
f7ea
f9f3
fa99
faee
fbd7
fdc8
006f
0255
02dc
033e
0395
038f
0374
0398
048f
06f4
093e
0995
0829
0682
0575
0374
00ff
ffae
ff4a
ff06
fe5b
fd3e
fc4f
fc45
fcfa
fda7
fdad
fda4
fd5f
fc08
fa38
f914
f973
fb08
fd10
fedb
ffd9
0025
0076
012c
0218
02a9
02ac
028e
0307
039c
03a8
0372
02ba
014d
ffec
ff38
ff11
fe58
fd28
fc53
fbf3
fc6c
fe21
0073
02bf
04ab
05e2
0673
0682
05a0
03ee
0226
009e
ff36
fdc8
fca1
fc20
fc69
fd7a
ff17
009c
012e
0067
fec7
fcfe
fb69
f9f2
f86a
f723
f712
f854
fa61
fc64
fe32
ffeb
0191
0342
04bc
04f0
03f8
02b4
01a6
0174
0263
0375
0432
04d7
0575
05f1
05fc
04f7
0324
01c1
0191
0200
01c1
0148
0121
010e
00d5
0071
fffe
ff6b
fec0
fe41
fde9
fdde
fe97
ffc9
0060
ff30
fd8f
fceb
fc38
fc78
fe69
ff5e
ff14
ff26
0016
0199
0345
051e
065f
05f9
0484
028c
006b
ff27
fe5a
fcd5
fbbd
fbdb
fcad
fdf6
ff3d
ffcd
001d
009a
00fb
00d8
0050
fff9
ff89
fef1
fed2
feae
fe1a
fdd9
fe42
ff15
ffb9
ffc0
ff1c
fe28
fda4
fe0a
feea
ff90
ff92
ff23
ff5d
0103
02f3
0479
05a9
05fd
04ca
0210
ff9d
fe3a
fd28
fc35
fbdd
fcc2
fe51
ffbb
00a5
00f8
0093
ff5e
fe03
fce8
fbbe
fb42
fbae
fbd2
fc06
fd16
feb3
ffe7
0007
ff6d
fe90
fddf
fdcd
fe71
ff7f
0079
0127
01a7
025c
0317
0355
0304
0270
01fa
0197
0103
000b
fee1
fdef
fda7
fe00
fee4
0024
0100
0109
00bb
019e
03ac
04bf
04d9
048f
039c
02ad
0229
0139
0046
ffc0
fec8
fd43
fbe2
fb4d
fc0e
fdee
ff7f
006e
0109
00e6
fff0
fe95
fd7c
fcef
fd2c
fedd
0106
01c3
0162
012c
01e1
023f
01f8
0246
034c
0482
0552
0593
0535
042f
02d9
0182
0045
ff32
fe16
fc73
fb27
fb44
fca6
fe6c
ffaa
0037
00ab
015a
014d
0030
fe8e
fd46
fc64
fb80
fafa
fb83
fd67
ffa6
0148
021e
02ce
0306
01b1
ff4e
fce0
fb19
fa0d
f9c0
fa6f
fc1f
fe6c
0088
01db
0265
0297
0217
00b2
ff1e
fe04
fdb3
fe3b
ffec
027d
048a
0588
05d0
05ee
05bc
0507
045f
03c2
0294
00a4
fec5
fe2b
fea4
ff82
0043
00e2
0175
01d0
0154
0003
fe74
fc8c
faaf
f9ed
fa46
fb6b
fd43
ff7f
01ba
037f
04d1
05ce
065a
05a9
0380
0112
ff81
fecf
fdc1
fd10
fdc1
fed0
fff2
0163
02dd
03b7
03b9
03cb
03a3
026c
00c8
ff7d
fedb
feb5
fef1
ff89
0025
0093
00d3
006f
ff61
fe4c
fdba
fdf1
fedb
000c
0103
015b
0158
0195
026e
02c3
0211
0181
00f1
ffc4
fe12
fc11
fa1f
f8ed
f836
f7cb
f885
f9bf
fa89
fba1
fcf4
fd9a
fd82
fd79
fe70
0041
021a
0321
0369
033e
02e0
02c6
0375
04ec
05c2
0540
040c
0288
00b4
feab
fd3b
fd3a
fed0
014b
03b2
051d
04c7
0337
0264
01fd
0128
00a1
0043
ff7e
fe4d
fd5b
fd5c
fe5c
ffec
0153
01f7
01c1
0110
003c
ff6f
febc
fe67
fe66
fe30
fcc3
facd
fa37
fac9
fc13
fe28
008d
02eb
051b
06e5
0780
0624
03fb
0242
011b
003f
ff93
ff4f
ff4f
ff77
0000
0107
0216
021f
011b
ff9d
fe0f
fc8f
fb1d
f9c7
f8f1
f927
faac
fcc3
fe71
0012
0157
0171
00d3
ffee
ff04
fed3
ff60
0000
00ee
0216
02a4
0240
0154
00a7
005f
0012
ff5e
fee5
ff52
007c
01d5
02f2
039f
0320
0177
0047
000c
0030
0024
002c
00ac
012f
016e
0175
0163
0136
00dc
0073
0041
0022
fef8
fd72
fd38
fcf7
fccd
fe50
ffeb
004d
ffe7
ff81
ff9a
0029
00ea
0197
01e4
0115
ff46
fdcc
fd4a
fda2
fe56
fee1
fefe
fec3
fe2b
fd8b
fdcd
fe28
fdb6
fd91
fe16
fec7
ff35
ffc4
012c
0379
05ac
06b3
06cf
0660
0561
03a3
01de
00e5
ff61
fdaf
fe04
ff88
006f
ffe4
ff18
fec7
fe4b
fd9c
fd3a
fd84
fdb7
fd52
fd01
fd76
fe82
fee6
fea3
fe5c
fe4b
fe7b
fefa
ffce
004d
fff0
ff6c
ff46
ffaa
00ac
01c7
0252
026e
0277
02a6
02e6
0317
0322
02af
01fc
01b4
0179
00f8
0059
ffee
ffcf
fff3
00a3
01d3
02d9
032d
029d
0153
ffd6
fe9b
fdb0
fcfa
fc57
fbde
fc24
fd87
ff6b
015b
031c
042d
041c
030b
0246
024e
028e
01fe
00f6
008e
007f
0045
ffac
feed
fe30
fd95
fd75
fda5
fdab
fdeb
fe92
ff20
ff8d
0005
008e
0082
ffd5
ff73
ff68
ff57
ff17
feba
fe87
fee2
ffbe
00a8
0121
0174
01ec
0206
01f6
01d9
00c1
ff57
fecf
fea2
fea8
ff05
fece
fdf4
fd81
fe91
00bf
0270
0321
02df
01e6
00af
ff67
fe06
fcc0
fbd7
fb88
fc4a
fdc9
feb2
feb9
fe85
ff08
ffdc
0080
015a
0265
0375
048f
054f
0554
04b2
0382
0211
010b
0093
005f
003b
ffe1
ff0a
fd99
fbcb
fa0d
f8ab
f7e1
f7b0
f74b
f6f6
f7f6
faa5
fe15
0093
01ba
0242
031a
036e
02a4
0185
0120
0169
0128
00fc
018d
021b
021e
019b
0123
012b
01af
0225
0231
0210
0279
02ad
01c8
00b3
ffa8
fe8e
fe50
ff20
003e
0084
ff84
fde6
fd2f
fdad
fe50
fe54
fdb6
fd04
fca3
fd40
ff5a
01f0
0383
032b
01b8
006f
0008
00e7
024b
0277
0166
ffc9
fde7
fcda
fd22
fda7
fedb
0135
0351
0509
0695
06cc
0573
036d
01cf
006b
ff05
ff92
012c
0158
00ee
0038
fe8e
fcc4
fbac
fb50
fac6
fa28
fa81
fb70
fc39
fcb7
fd8e
ff77
025c
0469
04c0
0485
0407
037b
0383
03c8
039f
0307
0273
0235
01fb
009a
fdf9
fc73
fbe2
fb67
fc90
fe0e
fdc6
fd40
fdb2
fee2
0010
014c
0304
045b
04b0
0422
033e
02b5
02ee
037e
03f2
0403
0337
0205
01bd
023d
02ee
038b
03d1
038d
02be
0170
ffe4
feaf
fdeb
fd88
fd9c
fdf9
fe48
fe30
fd4a
fbb6
fa92
fa09
f9e9
fafa
fbe9
fb66
fc2e
fec3
0111
021f
0205
0182
0170
01ce
01f0
01d9
013d
ffbc
fe8a
fe03
fd16
fc13
fbaf
fc38
fdb4
ff97
00ed
01fa
02a4
01b1
0010
fecf
fd4e
fc91
fdb0
ffc2
0242
04a6
05ac
0521
03fa
0398
040d
0477
0440
03dc
03f2
03bb
02f1
0205
00fe
fff2
fefc
fdbd
fc4f
fb8e
fc00
fd19
fdbb
fe2f
feb1
febe
fe9f
fed9
ff9b
006a
00e2
0139
018c
01cc
01e1
01f3
01d5
00da
fff5
fff6
ff89
fe0a
fc19
fb2b
fb71
fc2e
fce4
fd87
fe19
fdf8
fd96
fdfd
fed3
0005
01bd
02f3
031c
02a8
0284
02d6
030b
039c
04a3
0555
0539
0436
0294
0118
000e
ff20
fea6
fec9
fef8
ff06
ff11
ff10
feb3
fe36
feae
ff77
ff90
ff9f
ff9b
ff3d
ff25
ff40
ff3f
ffbb
00c6
01b8
01fa
01b1
0162
00da
0004
ff08
fd87
fbe9
fb46
fbd0
fd29
fec4
0024
00ea
0127
01d6
031a
039a
0313
01c1
ffcf
fddf
fc70
fba1
fbb9
fcf2
ff05
00d4
0179
0165
015e
01cb
0237
022c
0183
0096
0058
013d
01a2
0105
0043
ffb5
ff82
ffb5
0013
005c
0072
006e
0052
0012
ffdf
ffc0
ff81
ff2a
ff0c
ff7e
0060
015d
0225
0284
0277
021f
01ab
00fd
ffb1
fe50
fdc2
fe67
ff78
0021
00ae
00e6
0082
0026
ffdf
ff4a
fe95
fde7
fd29
fc38
fbf3
fd6a
ffaa
015a
0204
02ac
03ba
045d
03e9
0280
00e9
ff67
fe3b
fddb
fe0b
fe2a
fd91
fc2b
fac6
fabc
fc03
fdad
fee4
ff52
ff56
ffa2
fff5
fff2
003f
0109
01e6
024b
0246
0222
01de
01c4
0206
01eb
019c
01dd
0229
0206
0169
0059
ff36
feaa
fef7
ffd4
00a4
0135
0177
013a
0043
ff0c
feb9
ff2b
ffdc
008d
00ff
014d
01e8
0222
0142
ffc4
fea0
fe91
ff7e
00c8
01bd
01e5
012c
0001
ff20
fe63
fd80
fd86
fe71
ff4b
ffd9
ffdd
ff05
fd7a
fc4b
fcc8
fea7
00b7
01e1
020d
0163
0001
feae
fddb
fd47
fd21
fdc1
ff10
0004
003c
00b9
010b
00fc
01bd
02bb
030b
0355
0383
034e
0337
032b
02c5
0218
0186
0120
004e
ff59
fef5
fe9c
fe30
fe28
fea0
ffef
020c
036e
0364
02b7
01e1
00e3
ffa6
fe8a
fdef
fdc9
fddb
fdcc
fd64
fccf
fcc8
fe20
ff6d
ff62
fea6
fe45
fe69
fe0d
fd72
fd9e
ff0a
0098
0121
014d
0111
0029
ff8c
ff8f
ffd8
0036
00ac
0121
00ed
002d
ffa3
ff48
fef5
feb9
fec9
feda
fe83
feed
001b
0084
004e
007a
0195
02c0
0360
0412
04e4
0523
03f8
021a
00bb
0010
febe
fc40
fabc
faee
fc07
fcc6
fce0
fca1
fc04
fb5c
fb5e
fcbf
fecc
0054
019b
02e0
03cc
03ff
0399
0325
0300
032c
0384
045f
04de
036e
0106
ff1e
fe44
fe3b
fe94
ff00
ff68
ffdd
008e
01f3
0387
039c
0264
00f0
ffaa
fe91
fdaf
fd59
fd85
fdd3
fdd8
fd80
fce7
fc29
fc03
fceb
fdc2
fea3
0038
0156
01e5
02dc
03c9
042d
03e6
028b
009a
ff18
fd80
fb3b
f8c6
f721
f6c0
f742
f8da
fb81
fe54
00d0
027d
02f1
02bf
02b4
030e
03c1
0491
052c
04f6
03a5
01e0
003c
ff1f
feb9
ff41
0063
009d
0021
004e
0163
02d4
03be
036a
023b
012f
003e
ff87
ff4b
fe5c
fce7
fcac
fd8a
fe83
fefc
ffd1
0148
023f
02b3
02ac
019f
0029
fedf
fd7c
fc2a
fb0a
f993
f874
f8bb
fa79
fd3a
0084
042d
0672
0596
0272
ff0c
fd3a
fd06
fdb3
fe74
fed7
fe91
fd9d
fcb1
fcc0
fe27
ffa6
008b
013e
01e8
0265
029d
0325
044b
0567
0592
0475
02be
0126
fff7
ff1e
fe6e
fe2e
fef8
ff88
fee4
fe6a
fec7
ffa8
008a
015f
0231
028c
024b
01ad
0114
008b
ffeb
ff65
feff
fe86
fdc8
fcf3
fc7f
fcad
fdcd
ffd5
014d
0188
014f
011c
00eb
0084
006f
00e5
014d
013d
00bd
0055
0082
011f
014d
0123
012f
017e
013d
001a
ff61
ff4e
ff31
feaa
fe45
fe98
fef5
ff0d
ff2b
ff8b
ffbb
ff3c
feea
fea2
fd92
fca7
fcbd
fdd0
ff47
003f
0046
0067
0142
0240
0315
03f0
052c
0667
070a
06cd
0581
03a3
023d
013e
0049
ffa9
ff69
ff5e
ff61
ff4a
ff11
ff06
ffbb
0119
0190
00c1
ff9a
feef
fe41
fcc2
fb2e
fa49
f9f7
f92e
f86a
f926
fa79
fbd3
fdaf
ff85
0095
0087
0026
ffc3
fec0
fd28
fc0a
fcf3
ff59
01bf
0313
0330
0280
017c
0080
fffb
0052
010a
0197
0242
02b8
0288
0217
01c3
01c7
0276
035f
03c0
0395
0322
02a4
022d
01a2
00f9
0066
ffe7
ff4b
fea3
fe4f
fe8c
fe7b
fd9a
fc7c
fbd4
fb89
fae8
fac5
fbb5
fcf7
fe49
ffbb
010a
017e
010d
00fe
0114
00c8
00d8
00f8
0071
ff8d
fefc
ff2e
ffef
00bd
012e
014b
012a
00d7
0079
0049
007c
00fb
0185
01e1
0201
0235
02d2
0367
034d
0260
018a
0195
0260
02e6
0297
01eb
0149
00d3
007d
0083
00be
0052
ff76
fed2
fe90
fe58
fde3
fd75
fcf6
fc35
fb8d
fb72
fc09
fce1
fd82
fdbd
fdb8
fe21
ff4c
ffea
ffca
fff9
0063
00a4
00a4
0102
0202
0345
047e
0544
04f4
0350
00d5
fe9f
fd5f
fd43
fe1a
ff60
003c
fff6
ff4e
ff3d
ffb9
00a5
0198
01b2
0144
00cc
ff97
fe11
fcfb
fbb2
faeb
fb87
fbf9
fbff
fcad
fe2c
ff7e
ffe7
0141
02ee
027e
020d
02af
02eb
0287
0242
02ee
0422
04cb
0436
0396
0375
0294
00de
ff11
fddf
fcf2
fbe2
fb27
fb21
fc03
fdb3
ff92
00d8
00ff
0099
009d
0154
0209
0205
01c7
0179
00cd
ffb5
fe62
fd47
fd38
fde6
fe3a
fe2e
fe72
ff89
0073
00c8
0136
01b1
0229
02e7
03cb
0457
03ff
02e8
018a
0054
ff65
fe99
fdc9
fd3c
fd2d
fd43
fd22
fcee
fd60
fe35
fedb
ff9e
0033
0021
ffc4
ff38
fe8d
fe7d
fed2
fecf
fec4
ffb5
0221
0469
05a2
064a
06b2
0677
04f6
030a
014b
ff73
fe01
fcc8
fb24
faef
fca6
fdb8
fde9
fddf
fd73
fc60
fb55
fbf7
fd46
fddb
fe6d
ff9e
0147
028c
03e2
05a8
0632
0540
03f4
0325
02b7
0237
021c
01d9
006f
feb9
fd52
fbec
fa12
f854
f7ef
f894
f9aa
fb21
fcd5
fe72
ff76
ffc2
ff9f
ff9f
0052
019c
027d
0252
019f
01de
028b
02c7
030c
0338
0320
0374
040a
045b
0486
04cb
0501
0491
03f8
03f7
03b3
0292
00d3
ff48
fe77
fe74
ff7d
00ca
0102
0057
ff5c
fe7f
fe74
ff05
ff05
fe00
fc4b
fac3
fa67
fb53
fc8d
fdde
ff29
0019
008d
00bf
0102
0064
fea0
fd95
fd50
fcdc
fc5e
fc7f
fd85
fe9c
ff9b
00f1
0296
03e7
0424
03a1
02db
021b
01a6
00fd
ff82
fe07
fd64
fdad
fe45
fee2
ffb4
006e
00fc
01ad
0208
01d9
01b2
01e4
0237
0227
01e4
01b2
015a
0076
fef3
fd5d
fc7e
fca7
fd52
fe1d
ff0c
0058
0144
0116
0093
0030
fffb
0057
00db
00da
00d0
0103
0132
0112
00a8
0036
ffe5
ff48
fdce
fc23
fad5
f9c1
f8f8
f91b
fae7
fd2f
ff3f
01dd
0407
04d9
04fd
0593
06bd
0732
06c0
05cc
0477
02f2
0174
0005
fea8
fd97
fd80
fe5e
ff6c
ffb0
ff2b
fe97
fe49
fdbf
fc90
fc10
fca9
fd7c
fe44
ff05
ffb0
000e
fffb
ff8c
ff36
ff4e
ffe1
0120
0313
0543
065b
05c5
0453
0208
ff6c
fe42
fed2
0038
0188
02c3
0401
0498
0438
0333
0267
0229
0216
016a
007d
0015
ffd5
ff4c
fe8a
fe1f
fe66
ff35
fff3
0052
0079
00a8
00f5
0137
0133
0109
0119
013c
015d
01b9
0204
01d7
0119
0013
ff4a
ff27
ff59
ff7b
ffa5
ff61
fe72
fda2
fdb4
fe69
fe54
fe0f
fec8
ff7a
0067
0235
034e
032c
0263
00f0
ff57
fe39
fcee
fb21
f989
f918
fa1b
fbe8
fd71
fe62
ff14
ff7f
ff98
ff93
ff4f
fec0
fe3d
fe74
ff82
0098
0112
0121
0182
01aa
012e
0121
0170
017f
016e
0144
0128
01b2
0272
026f
0171
001b
ff3c
fec7
fea6
ff02
0005
00fc
00f0
0091
0026
ff46
fe9f
fe9c
ff06
0022
0175
01c8
0174
0186
028e
0348
02c9
01d9
014d
015f
019e
01a0
013a
0072
ff93
fef7
fed4
ffaa
0166
02ad
02e4
0259
01b2
0140
00f4
008e
ffc9
fe85
fd25
fc17
fba7
fbb1
fc56
fdd3
ff85
00da
0181
017b
0154
01ba
01ca
012b
00c8
0091
0000
fee6
fe42
fec9
ffdd
00ab
00db
00cc
0084
0017
0004
0030
0063
00e7
0144
00ff
00d7
00a8
ffd6
fe7b
fcd5
fb51
faf3
fbe5
fd4a
fe04
fd97
fc85
fbd8
fc04
fca2
fd46
fdd5
fe5a
fe33
fdab
fe0a
ff0f
0019
010e
01ba
01f7
01d9
01fa
0268
0259
0283
0354
036f
02f9
029f
0238
027e
03e5
04d6
048f
0360
01e4
002f
fe3b
fce9
fc8c
fcec
fe06
ff36
ffb1
ffe4
001d
003a
0063
00be
0135
015a
00ed
001e
ff47
fe87
fdb8
fcf9
fc52
fb94
faa9
fa30
fb32
fcdc
fdef
fe2a
fdbb
fd4a
fdd1
ff1c
0064
014c
01d6
0211
01fc
021f
02dc
0355
037b
03da
0452
0470
0419
0449
0517
05a0
0596
0549
051a
04bc
03c1
0244
00b2
ff3c
fddc
fd4e
fdc8
fe7d
feed
fe94
fcfd
fb16
f9e0
f941
f919
f97c
fa96
fc4a
fdf1
fe78
fe74
feec
ff9d
0049
00db
0118
00e6
006b
0016
ffd9
ff59
febd
fe4f
fe16
fd8f
fd73
fef8
009e
0178
0235
03a3
04e5
041b
021a
006d
ffb3
ff20
fec5
0015
0248
040a
04fe
057c
05b4
053b
03cd
01ad
ffe0
fefa
fee8
fefa
fea8
fdf6
fd76
fd9d
fe53
feba
febc
fed2
fefb
ff11
ff13
ff4b
ffef
00c1
00e5
000b
fed7
fe07
fdc8
fd92
fd37
fceb
fd07
fd2c
fd1d
fd1e
fd3b
fd68
fdc2
fe6c
ff60
004c
008a
000f
ffe4
0028
0055
0010
ff77
fec9
fdff
fd04
fc60
fd5c
ff6b
00fb
01e2
0253
0252
01e9
0168
012c
0126
0195
02d6
0402
047a
047a
044e
03fb
0351
0244
0114
003e
001a
0075
00bd
015d
0281
0360
040d
049c
0452
03a3
030f
01e6
0051
fee2
fdc5
fd09
fcd3
fd33
fd7c
fd13
fc5d
fb46
f98d
f7cb
f6c0
f6cc
f7e1
f982
fb2c
fcff
ff29
0190
03c0
052e
055d
0410
026c
0264
0376
041c
039d
0308
030b
02c7
028f
0293
01eb
00dc
fff6
fefc
fe72
fedb
ffb3
0058
008f
00bd
011c
014b
0058
ff1f
ff02
feff
fec3
fef0
ff72
ffeb
0000
ff85
fe82
fd47
fcb5
fce5
fd1d
fd40
fd92
fe49
fee1
ff2d
ffae
0096
01c5
02f5
03da
0419
035f
0243
0183
013c
0161
01c3
01f1
01e4
0175
fff9
fe61
fe00
fe63
feaa
fe35
fcfd
fbbc
fb50
fbab
fc6b
fd35
fdf8
fe9c
ff31
0024
0115
011b
00e6
00f0
00d4
00e9
0156
01a9
01a3
0115
0004
ff9f
0075
0175
0200
021f
023c
0273
02aa
02d5
0296
01ef
019c
015f
00a4
ffd6
ff14
fe39
fd56
fc7c
fbaa
faed
fab4
fb4d
fbc9
fc00
fc98
fd87
fecf
0063
0185
0205
0270
02b0
02c9
0312
034c
034d
033b
025d
0098
ff46
ff0d
ff7e
ff6f
fec4
fe01
fd91
fda9
fe46
ff18
ff52
fec0
fe8e
fe20
fc7b
fae7
fa18
f9ef
fa8b
fbe3
fda0
ff6f
00b2
00f9
00be
0007
fea3
fde4
feaa
00a8
0341
0583
0654
05d8
046a
0258
00a8
ffd6
ff6b
ffae
00b4
019e
020c
023b
028f
030f
0384
03ea
043a
0447
03a3
01c4
fefe
fd0f
fce3
fe24
ffd4
00f6
00fb
000f
fefc
fe67
fddc
fd22
fc9f
fc9c
fd5f
fec0
ff7e
ff81
ffe8
0022
004a
017e
02bc
02cd
01cc
00b9
0060
00a5
0116
013e
00eb
0068
0010
fff2
ffef
000c
0080
0112
0144
00cd
fff3
ff27
fe90
fdfc
fd45
fcb4
fc3f
fbdd
fc23
fcf0
fd97
fe56
ff4b
003e
0105
0191
01ef
024d
0274
01ec
0139
0109
0177
01c7
017e
00d7
ffb1
fe51
fdb2
fd7a
fd0b
fc90
fc4f
fc81
fd3c
fe78
ffae
0003
ffeb
0058
0112
015f
00e2
007a
00f1
023c
0351
038f
0325
02b4
0237
014b
0095
ffd1
fe42
fd56
fd99
fde2
fdff
fe58
ff3c
003a
010b
01f3
0256
0238
02a6
031e
0313
032d
032c
02d1
02d0
02ef
02a8
0243
0210
020b
01c1
0168
0178
01b4
01da
01f4
0256
0293
0201
0127
0049
ff2b
fe00
fd60
fdba
fe1a
fda1
fc61
fb46
fafa
fb84
fcd9
feb6
008d
01bd
0221
020c
013a
ff92
fdbf
fc39
fb46
fb44
fc43
fdca
fed4
ff7a
003c
00be
008d
ffaa
fecc
fe2f
fdab
fd58
fd7c
fe3d
ff3b
0031
0119
01d2
0252
0296
02a5
0290
0276
025a
022e
01ce
0103
0007
ff72
ff44
ff51
ff84
ff96
ff7e
ff8c
ff60
feb2
fe09
fd9c
fd7e
fddf
fea3
ff88
0050
0124
01e4
01ad
0133
0185
01d6
01a3
011f
009c
0015
ff81
ffb1
0046
0031
0013
009a
0198
01e1
0144
00a8
ffe5
ff08
feb1
feba
ff1a
0017
00f4
013d
0198
021f
027e
025e
01a6
00af
002d
0000
ffb3
ff46
ff39
ffdc
0093
00e3
00c2
008f
000b
fedd
fd97
fcfa
fd64
fe91
0003
0153
0277
02e1
020c
0111
0083
ffef
ff29
fe72
fe07
fd3a
fc61
fcec
fd9d
fdad
fe18
fdc8
fc83
fc62
fcc3
fcbd
fd38
fdb0
fe0e
fff6
0258
037f
0410
0410
035b
02dd
02f2
0330
02f5
01ef
0031
fe15
fc6d
fc2b
fd3a
fe61
fe75
fdf2
fd6b
fd04
fd19
fd8f
fdee
fe94
ff98
0055
0068
ffef
ff5c
ff09
ff57
0083
01c5
022c
018c
0092
0021
00a5
01c4
031c
04d6
05f8
0599
046c
030a
0186
ff9b
fe03
fdc5
fed2
0067
01a0
021c
01a0
0054
ff5e
ff46
ffb0
003e
001e
fe92
fc89
fb5b
fbe2
fe54
0150
028e
0229
0137
0064
ff85
fe83
fdba
fd56
fd08
fc61
fc1c
fcd3
fdba
ff02
00fc
0289
02b5
0199
00bd
0037
ff4f
fe80
fe45
fef3
00da
0328
0464
03e5
0251
0102
00a0
00bb
0052
ff2a
fdc5
fd37
fea0
01b9
049e
05a2
04f6
0453
03db
032b
024a
00a4
fe21
fc22
fbcc
fd35
ff0f
0042
0091
0092
00c1
0121
014c
00e5
001b
fff0
009d
0199
0265
02c6
02dd
030a
0325
0288
00f9
ff72
ff2a
ff29
fe90
fd95
fc7f
fbb2
fba3
fc97
fe58
0026
0171
01e9
0198
00b9
ff72
fe04
fd79
fe51
ffa5
014c
0334
043d
0379
014f
ffb4
ff2e
ff18
ff20
ff2a
ff20
fed9
fe83
fe91
ff3b
000b
0046
fff3
ff15
fdba
fc9c
fbbc
fa93
f9dd
f9cb
f9d7
fad9
fcc0
fe00
fe7b
fedd
ffb0
009c
0128
0153
014b
0173
0221
02f5
0327
0229
0096
ff3f
fe16
fd2c
fcc6
fd2f
fe36
ff52
0008
004d
0025
ff3c
fe5e
fea4
ff41
ffb7
0016
ffcb
ff11
fec3
fea6
fe70
fe56
feed
0037
017d
029f
0386
03ee
03d7
0375
0317
0342
03c9
039d
0299
0153
0083
0008
ff93
ff59
ff3d
fefb
fe9b
fead
ff88
0084
00db
0055
ffa5
ff90
002f
0071
008a
0157
01d6
01b1
0183
014b
00f9
0095
0001
ffa6
0034
0110
018e
01b6
01e8
021c
01d5
0152
00ed
0096
0043
ffbe
feb1
fd33
fbf4
fbc8
fc3a
fc9f
fd47
fe0a
fe9c
ff4f
0017
009a
0086
0029
fffe
ffcb
ff1b
fdd9
fcf3
fca7
fc86
fc88
fcf4
fdee
ff08
0000
00da
016e
01ab
01af
019e
015b
00c4
005f
007e
00b7
00a0
0005
ff23
feb1
fee9
fefa
fea7
fe36
fdef
fe53
ff97
013d
02be
03d3
0453
0452
03ff
03b9
03b7
03cc
0321
01ad
0054
ffe0
000f
ffea
ff35
fe35
fd7a
fda7
fe83
ff10
ff06
fec4
fedd
ff4c
ffb5
ffb7
ff76
ff3d
ff32
ff74
0015
00fc
01a6
0197
00cf
ffa6
fe91
fde2
fe21
ff23
ff3b
fe41
fd13
fbc4
fb19
fbf8
fde9
0043
024f
0304
023c
00b9
ff40
fe1d
fd6e
fdc3
fef4
0001
009d
00b0
0028
ff6d
fee2
fe9c
fede
ffdf
0170
02b0
032f
0382
03b6
0380
02df
0272
02ad
031c
0337
02a9
0173
0024
ff55
febe
fe2b
fdc2
fdf1
fe49
fe11
fdb6
fe1c
ffaa
012e
01f4
0221
01dd
0169
0110
00e6
00bb
003a
ff05
fd92
fce7
fce9
fd31
fda0
fddb
fdd3
fe0f
ff14
00ae
01c5
026e
0324
03ec
0457
041b
0379
0289
017f
00fb
007d
ff53
fe2e
fdc9
fe4b
ff05
ff40
feba
fdd4
fd79
fe35
fed6
fed3
feb2
fe37
fda5
fde4
feea
0030
011d
0132
00a9
006e
00de
019e
01e9
01a3
0103
0041
ffb5
ff94
ffa5
0012
00d1
0107
0079
ff92
feea
fe57
fdac
fdb8
fe1d
fe0e
fe37
fef5
ffe1
0046
0016
ffbc
ff2d
fe9c
fe98
ff70
004d
fff7
ff98
0038
0171
0218
01aa
00be
ffd8
fea0
fca5
fd08
00a8
0304
01ae
fe74
fe25
0034
0166
0080
ffad
00e2
0259
0268
012f
00c4
01af
02dc
030e
02aa
02c0
02db
024a
010b
0030
001b
0037
fff2
ff8b
ffbf
0051
0115
0211
0259
0194
0095
0047
0098
006b
ffa2
feae
fe06
fdf8
fe27
fdc6
fd71
fdf1
feed
ffe1
007a
00b0
00b0
00d1
015e
0177
0067
ff55
feb5
fdfc
fc9c
fb3e
fb16
fc2b
fde9
ffa5
00f0
01c4
022c
01b1
0096
ffae
feb6
fd8b
fcc2
fce5
fd92
fdbb
fde7
fe8e
ff13
ff4e
ff96
004e
010e
0165
016e
0147
00f0
006f
ffdc
ff60
ff26
fef7
fec5
ff38
001a
00a8
009d
009a
0147
0206
0265
027d
02aa
02c7
0248
0114
ff92
fe54
fd8a
fd68
fe35
ffa6
0154
02f2
0436
04b1
03fc
02ff
0272
01ec
009e
fe97
fd3b
fd13
fdeb
ff48
00ca
025a
03fb
04fd
04c3
03d8
0306
027c
0174
0020
ff3c
fe5e
fd2f
fbf5
fba0
fc59
fd7e
feb9
ffe8
00f5
017e
018c
0166
00d1
ffe5
ff2a
fe9d
fdfc
fd0b
fb92
f9da
f8c0
f90a
fadb
fd7d
ffef
01a2
02cd
0322
0290
01e6
013d
006e
ffd5
ffb5
0000
0051
0099
0114
01eb
028c
025c
01ca
0131
00a0
003a
004c
00f8
0177
013c
005d
ff3c
fe03
fc98
fb58
fab3
fb12
fc88
fed6
0153
02a9
0258
0153
0029
ff38
fecb
fe61
fd7e
fc96
fc9b
fdde
ff46
0042
00c2
009a
ffdf
fed4
fdc1
fce9
fc89
fcdd
fe1c
003b
029b
0494
05b8
05c3
04e2
037f
01c5
0019
ff05
fe87
fe95
ff2d
ffa6
ffaa
ff8f
ff1e
fe80
fe97
ff5e
0022
0030
ffe8
ffea
0055
0177
02d8
02ea
01d7
00b6
fff3
ffea
007d
009d
0024
ff90
ff06
fe83
fdf2
fd2a
fc23
fb42
fb95
fc88
fca3
fcc8
fd52
fd87
fdc5
fe67
ff43
0062
01b4
02ff
0402
046d
03ec
02be
015a
0029
ffb0
000e
00d1
01eb
0332
0405
0443
0403
032b
01cb
0073
0005
0017
ffd4
ff9d
ffc2
0003
ffb3
ff32
ff56
ffa1
fffe
00b9
0137
00fc
0020
ff05
fdc1
fc43
fb18
fa9e
fac2
fbd4
fd95
fef7
ffe3
0082
00c4
00a3
0021
ff5d
fed7
ff1b
003f
0140
015e
0127
0118
0140
0158
0154
0140
010b
00d5
00bd
00b9
00f0
0182
0222
02d9
03c0
041f
03d1
034d
0280
0190
0105
00cd
007d
ffae
fea2
fddf
fdd3
fe45
fece
ff39
ff8b
fff5
008b
00e5
005b
febd
fd3a
fcbb
fcb0
fcde
fd6f
fe4b
fed6
fed6
ff40
ffef
0028
0025
0021
002c
0068
0068
ffe0
ffe4
006d
008d
00ac
00fc
0123
015e
01de
027a
02cb
0277
0183
00d5
00c2
009c
0037
ffcb
ff97
ff60
ff11
ff22
ffb7
007a
00b4
008f
0092
00d3
00be
fffd
ff3d
fedf
febd
fe79
fe06
fd7d
fcbf
fbd2
fb03
fabb
fb4f
fca7
fdd8
fe71
feb1
ff06
ff8f
ffeb
ff36
fdd8
fd54
fda0
fdfa
fdf1
fe18
fedf
ffef
0121
0277
03cc
0469
03ea
02e6
01e9
0152
0133
0131
010a
010e
0141
015e
0124
00f1
0139
01ae
01d5
0163
0083
ff98
ff1a
ff64
ffcb
ff2a
fd9d
fbe8
fad0
fab7
fb91
fd13
fecc
003f
0127
01eb
02df
03d6
04b9
0533
0494
02f5
00f6
ff65
fe91
fe6a
fe90
feba
ff05
fff7
0136
01fc
0205
01bc
0198
016a
00eb
000b
ff27
feb9
fee6
ff25
ff56
ffb8
001e
008b
0124
0183
01aa
01f7
0246
023c
0197
0066
ff2e
feb5
feb6
fea8
fe65
fe44
fe58
fe3b
fe6c
ff18
ff5a
ff2b
ff1b
ff8d
0083
0183
01da
01c5
01af
011f
003f
ffb7
ffbc
ffa6
fed2
fe03
fdde
fe56
fea6
feab
fee8
ff7a
0042
0107
01a7
01e8
01a2
014d
014d
0188
016a
00f0
00c9
00c4
0088
003b
ffda
ffbc
008d
01bf
027d
02a5
0230
013e
004e
ffc0
ffb8
0029
0092
006d
ffdd
ff59
ff43
ff94
002c
00cc
00fc
008b
ff97
fe4f
fd28
fca7
fc85
fc96
fd0e
fdd0
fe80
fecc
fedd
fecc
fe7b
fe07
fdbb
fdd0
fe0a
fe67
ff39
ff9d
ff3f
ff5e
ffec
005f
00e9
0145
012e
010e
0144
01ca
0232
0252
023f
0202
01c3
01bf
0238
02e4
0312
026b
014f
0091
0043
0033
0037
0051
004a
ffb4
fe78
fd26
fc91
fc82
fc88
fcbc
fdb8
ff78
00e7
01bf
0214
01cb
0127
00a5
00a0
00c8
008e
ffc4
fea3
fd84
fc87
fc17
fc6c
fceb
fdd7
ff90
00f6
018d
01c8
020d
0216
0177
00e6
00a1
003f
fffd
006e
01e1
0392
0482
0433
031c
01d3
00b6
ff67
fdca
fc64
fb48
fabe
fb86
fcfd
fe77
0049
022e
0379
039c
0322
02a2
01ca
010b
00be
ffd1
fe27
fc55
fa3e
f8a3
f881
f97e
fafc
fc74
fd79
fe39
ff3b
0088
01aa
01e6
0124
0067
00fb
01f7
0288
02e4
02d5
0237
0154
00e5
0144
0201
0252
021e
0232
02c9
03a4
047d
04f9
04b8
03ac
02ea
0322
031e
028f
01ed
0148
003b
feb1
fdd4
fe0f
fed7
ff61
ff7e
ff8f
ffd6
0052
00d5
014f
0188
0147
00f4
007f
ff61
fdde
fc61
faeb
f95b
f800
f7be
f8dc
fadd
fcce
fe53
ff73
002f
00b9
0123
0137
007a
ff06
fe32
fdd0
fd45
fd43
fe1f
ff6f
0071
012b
020b
02f2
0324
022c
0114
0025
fee4
fda8
fcc8
fc6c
fd01
fe3d
ff22
ffb7
0030
008e
0105
01b4
025d
02ba
02d1
0300
0312
02d6
029b
029d
02bf
02ac
024f
01bc
0105
004d
ffd2
ffbe
ffb8
ff51
fe95
fdfc
fdef
fe45
feea
ffe7
00c6
0137
013a
0124
0114
00df
0079
ffb8
fe79
fd05
fbd0
fb4c
fbdd
fd73
ff5d
00c6
012c
00b2
004d
004e
ffda
ff48
ff3b
ff90
ffe3
ffe7
ffaa
ffe7
0102
0227
029d
023b
0165
00f9
0197
02ca
03ba
03df
0375
02d5
023f
01e5
01a2
010a
ffc3
fe5c
fde7
fe2e
fe7b
fe54
fdeb
fdb4
fde7
fdd4
fd8a
fe1d
fefb
ff7a
fff2
00a5
0144
0124
00c8
00cc
00db
00d5
00d5
00e7
0098
ffac
fee2
fe9c
fe8c
fde4
fd06
fcf3
fdb7
fe90
fed6
ff27
ff88
ff6f
ff59
ff8f
ffd5
001a
008a
013c
0198
014c
0095
ff76
fe07
fcbd
fc6c
fd5b
fec5
0005
00ae
009a
0038
ffea
ffa3
ff38
fee1
ff67
0096
01bf
027b
02c3
0296
01c5
00a9
ffc0
ff05
fe97
feb2
ff1e
ff6f
ff5d
ff05
fea3
fe75
fec5
ff9b
00b9
01b4
022a
01e8
011d
001a
ff23
fe98
fe85
fea3
ff1b
ffef
008b
0075
ffbb
ff23
ff68
0088
019e
01b2
00c5
002c
006b
00e3
0062
fed9
fd54
fd1e
fe33
ff93
008d
00f8
010b
0107
0141
01e9
0292
02e4
02d4
023f
017b
012a
014d
0141
005d
ff57
ff0a
ff9a
0096
0194
027a
02fa
02ea
026c
0174
0031
ff52
fefb
fef0
fef5
fed3
fe63
fdbb
fda9
fedb
009a
01ca
01b1
00e2
0004
ff65
feea
fe74
fe04
fd9c
fd7a
fdf5
ff13
0060
012a
015a
013a
010e
0092
ffb7
fee6
fe37
fdd3
fe0d
fe7d
fecc
ff1f
ff5c
ff69
ff7f
ff96
ff87
ff55
ff0f
fef3
ff4c
ffda
0013
ffc0
ff11
fe49
fd5b
fc9e
fc71
fc7c
fcf7
fe53
ffdd
0106
01e2
02af
038d
0457
04ca
0490
03af
031d
0349
0383
0300
01d5
00f5
0098
0050
ffb7
ff59
ff4e
feae
fe72
ff4b
ffd1
ff5c
fe71
fe2a
fe20
fd9e
fd50
fd5d
fd8a
fdf6
fef7
0059
00bd
00a5
014f
0190
0145
015d
0186
0161
00f4
006a
ffc7
ff00
fe82
fe30
fd7e
fd0e
fd4b
fdd0
fe4b
fecb
ff8d
0057
00c1
00bf
0098
009d
00e5
013c
0152
00f4
00a5
00dc
0124
011b
009c
ffb4
fee9
feb9
fee5
ff1a
ff3f
ff90
0051
015d
01c0
0137
0052
ff77
fef7
fee2
fe95
fe0f
fdf6
fdd5
fdab
fe42
ff7b
00c9
01c3
02a5
0333
029a
01fc
0202
0198
00e3
0067
ffda
ff52
fefa
fea6
fe79
fea4
fef5
ff67
002b
0141
0208
01da
012a
0054
ff87
ff5a
ffe3
00af
0141
0175
0185
01ca
01da
00fb
ffd8
fefa
fe2f
fdd5
fe12
fe8c
fefc
ff1c
febd
fe16
fd84
fd29
fcbd
fc55
fcb8
fd92
fe4b
feff
ffad
0031
0087
00c4
010a
0181
01fe
021c
019b
00b9
fffa
ffa1
ff96
ffb4
0034
00f8
017f
01b5
01fc
02a6
02f2
02bc
02c6
02cb
0292
024f
01ae
00bd
0028
fffa
ffda
ff82
fede
fdf6
fd06
fcd9
fdbd
fead
fef8
fe67
fd3e
fc44
fbf5
fbcc
fbd0
fc65
fd66
fe95
ff9e
fffb
ffe7
0000
006a
011f
01fb
027a
0269
01fe
0173
00e5
0063
0016
001e
0059
002c
ff9e
ff73
ff61
ff32
ff65
ffdf
0051
00a3
00db
00f1
00ae
001b
ff9a
ffa1
0010
008e
0103
0175
01b9
0178
00fc
00d8
0110
0158
017f
01c0
01fd
01d3
011f
0041
ffca
ffa5
ff81
ff46
ff7b
002d
00ca
0147
01c1
022c
023d
0213
021e
01ae
0064
ff1a
fe66
fe32
fdf9
fdb0
fdb2
fe41
fee4
ff1b
ff22
ff02
feb8
fe90
fe85
fe54
fde9
fd85
fd71
fd71
fdbb
feab
ffc6
00b6
0171
01fa
023f
0239
0231
0237
0216
01c7
0165
010a
00a8
004c
0030
0021
ffea
ff94
ff27
fed0
fef3
ff4a
ff9d
002d
00bf
00e6
007e
0019
0015
ffd2
ff68
ff39
feff
febc
fec5
ff3b
0021
014d
0225
0259
0200
0179
012e
0147
0139
00e7
00b6
008e
0043
0000
007a
01a3
0265
02b3
02c3
0283
01cc
00d4
0037
ffd6
ff3c
fe49
fdc3
fdd8
fd3b
fc4c
fbed
fbbd
fbc5
fc47
fd0b
fe04
ff0c
ff9d
ffc7
ffd8
ff77
fee5
fe91
fdeb
fd55
fd93
fd76
fd30
fdf5
fde6
fd46
fe5c
fed2
fe39
ff59
00a7
0124
0265
0367
039f
0471
0522
050b
0531
0525
0452
0358
027c
01a0
00c1
0046
0058
0046
003a
00bf
01a7
025e
0285
0272
028b
02d6
02b3
0273
02b4
028f
01cc
0106
fff2
feb1
fde6
fd33
fc88
fc7c
fd14
fe20
ff60
002f
0066
007f
007d
003a
ffcb
ff4f
feec
fec4
fea2
fe70
fe83
fed7
ff25
ff38
ff10
feb3
fe06
fd4b
fcef
fd1e
fdc9
fe67
fdf4
fd28
fd6c
fdb6
fd95
fdb2
fe75
ff72
ffec
0063
00fe
012f
00f1
007d
000e
0000
0059
00c6
0102
00fd
00db
010d
0191
01aa
013a
00a9
0058
000c
ff9a
ff81
ffdf
0076
00fd
0145
0132
00ae
006b
00fc
0175
018c
0197
0168
012f
0161
01c4
0209
021e
0240
025a
01fa
00fe
ff8d
fe03
fd49
fd96
fe1f
fe78
fe97
fe98
fe49
fdce
fddb
fe2c
fe53
fe5b
fe14
fd75
fce8
fc6b
fbfc
fc2e
fce7
fd79
fd45
fcd5
fce5
fceb
fd26
fe24
ff1e
ffda
009e
0114
015d
01e8
0244
02a6
03b7
04c6
050d
047b
0384
0299
01ef
0195
0181
0195
01a4
018d
0162
0178
01ed
025a
0277
023d
01eb
019c
016a
0188
01d0
0214
026c
023d
0123
0020
ff4e
fe45
fda2
fde3
fede
ffad
0012
0075
00bf
008e
ffa8
fec3
fe42
fde3
fda0
fd92
fdaf
fd7d
fcdc
fc48
fc20
fc68
fcb4
fc85
fbff
fc10
fc9f
fd45
fdf5
fe77
fe9c
fe90
fea4
fefa
ff3d
ffc0
00af
0144
01a7
0263
02e8
0313
0327
031c
02be
01ef
00f5
000e
ff69
ff51
ffb0
0024
007c
00b7
00ee
0137
017f
0190
0169
0119
00b3
006a
0060
008e
011c
0200
02ba
030e
02c7
01b2
005b
ff5d
feba
fe11
fd29
fc52
fc0e
fcad
fdd1
feb1
febd
fe99
fea0
fece
ff6d
003f
00bb
012a
01b4
0210
0201
01aa
016a
010a
00a5
00b9
0102
0114
00d3
008a
005c
0008
ffac
ff69
ff34
ff02
fed7
feb2
fe94
fe8c
fec8
ff76
0071
0118
011d
00ba
007f
00b4
013c
01c1
0205
01f1
0175
00a7
ffd2
ff47
ff14
ff0a
fefa
feed
ff04
fef3
fe90
fdf9
fd33
fc91
fcc0
fdc5
feda
fef8
fe7f
fdfd
fd5b
fcda
fcee
fdc9
febe
ff48
ffd6
00a8
019e
0268
0300
0341
0287
017c
0111
00e0
008f
004a
008a
0110
013c
0136
0177
0226
029a
02a8
02b7
02d0
02c2
026f
0232
01f4
0132
0058
ffc0
ff3c
ff29
ff7b
ff70
ff23
fef5
fefa
ff6d
001b
001a
ff94
ff0a
fe62
fdce
fd8b
fd6f
fd77
fdc3
fe58
ff32
003e
0135
01cf
01e4
018e
00d5
ffc4
ff02
fe7c
fdc6
fd6c
fdad
fe1c
fe54
fe80
ff09
ff59
ff39
ff3f
ff4c
ff6f
000f
0096
009a
009c
0072
0013
001d
0083
010d
01d9
029d
0313
0358
0320
0252
01bc
0150
0098
fff0
ff76
ff08
fe9f
fe3b
fdff
fe4c
febc
fe7d
fdd4
fdb8
fed2
0028
00d4
009e
ff90
fe23
fd31
fd60
fe61
ff10
fed6
fe35
fe61
fee8
ff29
ff81
0021
0107
0217
02ac
026b
01e1
015a
00c8
0016
ffcd
002d
004a
ffeb
ffbc
007e
01b5
0258
0276
0244
01cb
010e
0046
ffb3
ff43
fed7
fe71
fe14
fe1f
fef4
ffe1
0059
007f
00af
010a
016c
019f
0188
0133
00e5
00b6
006f
0052
009c
00f5
00bb
ffad
fe5f
fd42
fcbf
fd77
fe7d
fe9d
fe85
fed0
ff44
fed2
fe27
feaa
ff7a
ffc0
ffbc
005f
0144
010d
000c
ff9b
00a7
01c1
0200
0208
0235
023c
018c
00d8
00c1
00fe
0111
00d5
00ac
009a
006f
0020
ffee
0005
0026
0008
ffb8
ffb1
ffeb
0017
0042
006e
0096
00d4
00e5
008f
0073
008b
0047
ffcb
ff76
ff78
ff8b
ff97
ffae
ff41
fe83
fe61
fe65
fe49
fe8d
fece
feb1
fe80
fe75
fe7f
fe57
fe5b
fef8
fff0
0068
0010
ffda
ffdf
ffb9
ff8f
ffda
00b2
0132
0115
00bd
0084
0088
00bd
0126
018a
019c
0170
011d
00c8
00db
0153
01bd
01e5
01c3
0156
00a4
ffbb
febd
fdff
fdc6
fe25
fead
fef3
ff05
ff2d
ff6c
ff57
ff2b
ff1e
fed9
fe56
fde9
fdef
fe4c
febe
ff4b
ffae
ffc7
001a
0078
0062
002c
0033
0079
00b6
00c9
00d3
0102
0150
017b
0150
00c6
fff7
ff02
fe44
fe25
fe53
fe9b
ff3b
ffd6
0031
008a
00de
011f
0168
0185
014d
00e9
0099
0064
fff7
ff55
fec4
fe70
fe4c
fe3d
fe4d
fe66
fe4b
fdb3
fcf0
fc87
fc8b
fd1f
fe5f
ffc9
00f6
01e4
02cd
038f
03c4
03b7
03a4
0367
02e0
025c
024a
01ec
00bd
ff3d
fe40
fdee
fdb4
fdce
fe69
ff00
ff72
ffcf
0001
0058
00ff
018d
0190
010d
00b4
00a8
00a8
00a9
00c9
010d
012c
00c8
ffe5
ff67
ff77
ff9a
fff5
009c
0168
0234
02c7
02ce
0218
00c8
ff68
feae
feb3
feda
ff14
ff55
ff43
ff3b
ff4b
fec1
fdb2
fcae
fc3d
fc74
fd2d
fe37
ff5c
007d
0185
0231
0232
0199
0093
ff88
ff32
ff5c
ff74
fff3
00b2
0114
012b
016c
0213
0288
02bf
0333
037e
033d
0283
01c0
0118
0057
ffa8
ff2d
fec0
fe33
fdf4
fedd
0060
0171
0197
0153
0144
0177
01a9
0179
00ac
ffd9
ff61
fe6c
fd29
fc69
fc43
fc23
fbb3
fbdb
fd2d
ff31
006e
00ee
01ba
0269
0299
0272
0227
01bc
0123
009c
005d
0059
0049
000a
ffc4
ff96
ff7a
ff4c
ff13
fee8
fed6
feb6
fe6a
fe18
fde2
fdd8
fdf5
fe07
fdff
fe21
feb3
ff90
0015
003f
0078
00cd
0121
015a
017d
0189
0177
0152
011b
00c6
0068
0024
0019
0029
003b
0050
0075
008d
005d
000f
ff9a
fea8
fdef
fde9
fe25
fea6
ff9d
0116
026f
0332
03a4
0384
029f
0197
00cc
003e
ffd6
ffd4
0054
00ac
0091
0021
ff5c
fe79
fdc9
fd3e
fd01
fd3f
fd92
fdee
fe8a
fed7
fecc
ff06
ff4e
ff48
fef8
fed4
ff13
ff7d
0046
015b
0218
0285
02f2
0376
03ac
0359
02db
028b
0259
01c7
011b
00db
00ed
00d0
0041
ffa3
fef0
fdf8
fd46
fd46
fdde
fe56
fe5a
fe2c
fe44
feb2
ff1a
ff29
ff0d
ff53
fff5
0093
00de
013a
01c3
01fa
0216
01f3
00e6
ff8f
fead
fe25
fdc9
fd97
fdd4
fe7b
ff78
00d5
0204
0299
02e8
0312
02ca
01b8
0072
ffe3
0025
00a8
00de
010e
014b
014b
0106
00a5
005f
003c
0019
ffd5
ffb8
ffbb
ff81
ff35
fef5
feaa
fe7b
fe5b
fe0f
fe0e
fe71
fe97
fe8d
fe94
fe9b
fe6c
fdfa
fd99
fda5
fe48
ff32
ffd6
fff5
0021
0083
00df
0107
0137
01b9
027e
030e
02ef
0248
0170
00ae
0004
ff98
ff96
ffb1
ffad
ff96
ffae
ffdd
ffa9
ff15
fe78
fe33
fe62
fee2
ff6c
ffb7
ffb7
ff9b
ff5c
fed3
fdfd
fd26
fca6
fca2
fd47
fe65
ff26
ffc3
00d7
0217
02fc
032d
02f7
0297
0213
0174
00c4
0028
ffdc
0017
00d1
0166
0186
0161
0137
0118
00e0
008a
0041
003f
0057
0043
fff6
ff8c
ff23
fed2
fef3
ff5a
ff36
ff1b
ff9f
0019
007d
00d7
00b6
008b
00bf
00a1
0063
006b
001e
ff9b
ff7e
ffb8
fff2
ffda
ff8f
ff67
ff9f
fff2
003c
0084
007f
fffb
ff1f
fe53
fdf2
fe21
fe83
feb8
feb8
fec3
ff39
0033
00c6
008e
0072
0087
00af
0127
0199
01d7
0265
0313
035e
0329
02cb
0299
027b
0261
0239
01de
0103
ffa6
fe6c
fd56
fc1e
fb7c
fba4
fc23
fcbb
fd81
feaf
002b
016d
01d0
0195
0124
00ab
0038
ffd2
ff8f
ff97
ffe1
0024
0030
0013
000c
0071
0114
013c
011b
012e
0140
012f
0103
00d3
00bf
00e6
012c
0111
0050
ffc0
ff7b
ff05
fe8a
fe2a
fde0
fdde
fe1a
fe66
feae
ff0c
ff84
ffae
ffad
0012
0051
001e
fff6
ffc3
ff53
fea4
fde3
fd6f
fdc2
fe65
fedf
ff87
0047
00d7
010e
011c
0106
0063
ffe3
003f
00ae
00b3
0062
fffa
ffdd
004c
00fc
015b
0131
0161
020f
02a1
0357
03ea
03a7
0301
0287
0243
0217
01f3
01db
01a4
0106
ffe5
feab
fde3
fdca
fde7
fdef
fe44
fea8
fe98
fdea
fd21
fcd1
fce9
fd50
fdf8
feb2
ff8b
0078
010a
0149
0165
0128
00c6
00b3
0103
0179
01b4
017c
00c6
ffd1
ff4a
ff5a
ff7b
ff38
fed4
ff06
ff9b
0030
00a1
00c6
007c
ffc9
ff36
ff06
fee5
ff56
0072
0111
0168
020b
02ba
02dd
0225
00fc
ffb5
fe92
fde2
fdc3
fe19
fe91
fecc
fed9
ff8d
0080
00a5
00a5
00cd
00c2
00be
00fc
016c
01c5
01c1
014c
00a4
002b
0019
0030
002b
0004
ffd1
ffa6
ff8b
ff26
fe83
fe53
fe79
fea3
fef0
ff39
ff3c
fee4
fe45
fd93
fd01
fce4
fd66
fe1f
fee4
ffad
0045
0058
ffd9
ff60
ff40
ff5e
ff81
ffc0
0062
012c
01f7
02aa
0317
031a
02c2
0256
0217
0210
0216
01dd
0144
00a8
004a
ffee
ff72
fed4
fe28
fdb8
fdce
fe5a
fec9
feb5
fea4
ff26
003a
010b
015b
0169
0178
0199
01bf
01dd
01d2
0175
00e5
005c
fffe
ff96
ff39
ff34
ff39
feff
fe90
fe35
fe1c
fe48
fea3
ff00
ff1e
febe
fe21
fe00
fe53
feab
fec5
fedf
ff2a
ff5d
ff7b
ff85
ff2a
feda
ff1b
ffae
0082
018d
0276
02c6
0251
0181
00a1
ffe7
ffb7
ffe0
ffd4
ffa2
ff72
ff4f
ff6f
ffce
0046
00f2
01a6
01e0
01b9
0157
00b0
0020
0007
007e
012e
01c8
024f
02ac
02e8
0338
0376
034a
02ad
0200
0188
0105
0060
ffbb
ff20
feaf
fe78
fe5f
fe4d
fe4d
fe78
fe62
fd84
fc35
fb34
fb1e
fbaf
fc77
fd4d
fe1f
fedd
ff61
ffc4
000e
002f
007c
00fb
013a
0186
01b6
00e3
ff9f
feae
fe06
fe35
ff65
008b
0161
01f8
01fe
01d7
01e9
01cb
01c0
0226
026c
027e
029f
027c
0226
01ec
01a0
014b
00fc
0020
fed6
fdd5
fd1b
fccb
fd40
fdf5
fe51
fe40
fe1c
fe0f
fdea
fdf2
fe54
fecf
ff44
ffb5
0016
002f
0007
0019
002b
0001
0013
004c
0058
004d
0021
ffc4
ff5d
ff17
ff0a
ff17
ff26
ff38
ff55
ffdd
010b
0209
027b
02b1
0289
021b
01d0
01c3
01a6
0120
00a8
007d
0050
0003
ffb5
ff8d
ff4f
fed9
fe7f
fec7
ff90
ffe8
ffd8
ffcf
ffcf
ffbf
ff87
ff15
fe67
fdaf
fd79
fdb4
fddb
fd7e
fcf7
fcf6
fd82
fe5f
ff40
0017
00da
017b
0206
0280
02dd
0324
0321
028b
01c4
0169
01cb
022a
021a
020b
01ce
011b
0012
ff06
fe27
fd47
fc65
fbd2
fc13
fc9b
fcd8
fd3f
fdb8
fe04
fe6e
fed0
fed9
fed2
feea
ff38
ffe3
00ca
0188
01da
01d7
019f
00dc
ffe4
ff9d
0017
00dc
016e
01fa
029e
0325
0371
036b
030f
028b
01f3
0136
0087
0015
ffce
ff9a
ff61
ff10
fea2
fe35
fe14
fe6a
ff18
ffad
ffee
ffd4
ff8c
ff62
ff77
ff84
ffc4
007f
012a
013e
00a4
ffb7
feb9
fdd9
fd63
fd8b
fe56
ff81
00a8
0152
0154
00c9
fff7
ff30
fe87
fdf8
fe16
feff
ffdf
00a7
0171
01d3
0199
0115
00f5
00fb
00d3
00f8
0135
012f
014d
01ae
021a
0246
0238
0226
0225
01f0
0148
0099
002d
fff7
ffb1
ff53
ff02
fe9d
fe2c
fdfd
fe2c
fe83
fea3
feb2
ff0d
ffd8
0086
00bf
00d1
00ca
0084
ffdd
ff0c
fe75
fe48
fe8a
fefc
ff1f
feed
fe9b
fe51
fe97
ffa9
00d0
019f
0214
0264
0283
0251
01eb
0165
00cc
0045
ffe4
ff90
ff00
fe5b
fe2f
fe71
ff0d
fffd
009d
00a4
0049
ff88
fe9b
fe01
fdab
fd85
fdd0
fec0
0016
0114
011c
004e
ffa2
ff81
ffb9
ffe4
ffea
0007
0073
00bb
0076
0033
0046
0093
00f0
011f
0114
0127
0175
01af
0169
00a7
ffcf
fef0
fe56
fe6d
fef4
ff88
fffb
0034
001e
ffbc
ff6d
ff73
ffbc
0021
0062
0043
000a
000b
004a
00a8
00e9
00c6
0063
ffe8
ff41
fe3e
fd30
fd10
fd96
fe0d
fefc
0029
00c8
00ee
00b2
002d
0000
0068
0103
015f
017d
01b8
0209
025a
029f
02bc
02c0
02c9
0232
00d4
ff97
ff38
ff8d
ff9e
ff97
ffbf
ffae
ff9f
ffb8
ff62
feab
fe0a
fdd5
fe27
fee1
ffb9
0096
0168
01c1
017f
00d7
0020
ff92
ff29
feec
ff04
ff8c
000b
0031
0012
ffcb
ffa9
fffe
0091
0123
0194
0168
008a
ff90
fed9
fe9c
fee6
ff43
ff46
fefc
fefe
ff8b
0016
0059
0067
0060
004a
001d
ffee
ffdc
ffce
ff3c
fe58
fdab
fd14
fcc6
fd1f
fe09
ff25
fff3
002c
0064
013d
0197
0173
01e0
0202
0170
00cf
0007
ff44
ff22
ff04
fe91
fe5a
fe3d
fe1d
fe3d
fe0f
fd9a
fdfc
feb5
ff1e
ffb4
0019
fff5
000a
002b
ffbc
fef7
fe5b
fe58
fef4
ffcb
0066
008b
0063
0021
ffbf
ff9f
0029
00b6
00cd
008b
003b
0001
ffda
fff0
005c
00f9
0173
01b2
01ec
01fc
01e5
01fb
0208
01cc
0165
00e2
007a
009a
011f
01a2
0204
0221
01dd
013a
003b
fef4
fdac
fcf2
fd17
fd99
fe45
ff26
ffef
0049
0022
ffd9
ffa3
ff72
ff2b
fee2
feb1
fea6
fee9
ff8d
ffea
ffb9
ff8d
ffdf
008e
00f9
0112
0103
00d8
009e
006e
0060
00a4
012e
018d
01c8
0201
020d
01b9
010a
0052
ff96
fecb
fe50
fe32
fe28
fdf6
fe0e
fee9
ff96
ffb8
ffc4
fff6
002c
0030
005f
00d1
012f
0144
011f
00fe
00c6
006f
002c
000b
0004
000b
0047
00d8
0190
01ca
0123
0015
ff11
fe50
fdd3
fd5d
fcd1
fc70
fc6f
fcf9
fe23
ffb4
0100
013e
00b0
0038
000b
003a
00b0
00d4
0068
ffb5
fef8
fe9c
feec
ff25
ff0c
ff2b
ff5e
ff94
000a
004e
0087
0193
0277
021b
00d7
ffe3
002f
0173
0272
027e
025c
0256
021b
0140
0071
005b
0043
ffbe
ff04
fea0
fe90
fe8e
fed9
ff7b
0012
0010
ffd5
0019
002c
ffc0
ff60
ff47
ff41
ff02
ff05
ff84
0007
0003
ff72
fede
fea6
fec3
fedf
feed
fee6
fec3
fef4
ff90
ffd5
ffd6
ffea
ffe3
ffd9
ffec
ffe5
ffca
ffb0
ff5e
feda
fe6d
fe6c
fe85
fe5e
fe8d
fee9
feae
fe1d
fe09
fef5
fff5
008d
0131
01e4
0253
022e
01bc
015b
0135
0150
01ab
022e
0260
01fb
0142
0075
ffdc
ffce
0003
0022
005b
0091
009d
0093
006d
0017
ffbc
ffbb
0041
00e2
0144
013c
00a9
ffb0
feae
fe15
fdf1
fe0f
fe9f
ff81
004e
00ca
010e
013e
00f8
0052
0000
ffe4
ffb9
ff88
ff47
fef4
fea6
fea0
feda
fef5
ff31
ffc9
0057
00ee
01a4
020d
0210
01f1
01fd
0211
01e8
01a4
0171
0140
00c9
0026
ffc0
ffbf
ffa9
ff02
fe82
fe90
fedf
ff1e
ff48
ff81
ff5d
febd
fe1a
fdee
fe5a
ff10
ffd9
003f
ffd4
ff82
ff9b
feef
fdd3
fd49
fd91
fe16
fe8c
ff78
0047
003a
ffdf
ffbf
ffd8
ff96
ff26
fefb
fed4
fedd
ff81
00ac
0204
0319
03b7
03cd
0375
02f2
0270
01e2
00f0
ffe3
ff77
ff82
ff8d
ff74
ffbc
004d
0037
0000
0055
00ff
0153
00f1
0041
ff82
fedf
fe98
fea2
fec3
fedb
ff0d
ff72
ffac
ff97
ff7f
fff6
008a
0099
00d1
015b
01af
0199
0137
00c8
0060
0013
fff0
ffc2
ff82
ff6d
ff74
ffbc
007e
0140
01ab
01ec
01cc
0139
008e
fff7
ff7e
ff1a
ff02
ff46
ffb0
0057
0123
017d
016a
0145
011c
00e2
008f
0031
ffad
feed
fe30
fd79
fcbf
fc6d
fca3
fd2f
fdf6
fea0
febd
fe82
fe1d
fda0
fd67
fd92
fdfc
feab
ffad
00d7
01ad
01d5
015f
010b
0126
0110
00e0
00e5
011b
014c
0145
0120
0119
0139
011b
00d8
00bd
00b4
00ac
00ab
00bd
00c5
00a1
006a
0026
ffbf
ff18
fe54
fdd8
fdee
fe7b
ff1e
ffb7
0034
0088
00f6
0169
0170
0136
00ee
008d
0000
ff8d
ffaa
fffa
0031
009a
00b9
004c
0004
000c
0026
0016
ffc9
ff60
ff2a
ff2b
ff34
ff41
ff87
001d
00a5
00e9
00fc
011d
0152
0162
0124
00ab
002b
ffc7
ffa8
ffe1
0010
fffa
ffb9
ff5e
fefc
febd
fec9
ff23
ffad
0073
0165
021f
0268
023c
01c8
0163
013c
011c
008e
ff89
fec8
fe74
fe57
fe74
fe99
fea7
fed7
ff6f
0062
0112
016c
01b4
01bd
0171
00f0
0083
004a
001e
ffa1
fedd
fe3b
fdd8
fdb3
fdea
fe71
ff3b
0025
00b7
00b2
005f
0022
002f
0062
007e
0086
00bb
00fc
0100
00bb
fffe
feef
fe6a
fe77
fe83
fe4c
fe42
fee1
ff98
fff9
ffe7
ff87
ff38
ff39
ff44
ff5d
ffa9
ff85
fecb
fdff
fd6a
fd35
fd7c
fe1d
fed7
ff6b
fffb
00b0
0162
01eb
021f
01f6
01d2
0209
0263
025a
01ce
0165
01a6
0277
02fd
031c
030a
028e
01b4
00bf
ffe5
ff31
fea0
fe27
fdfd
fe54
fec0
ff11
ff85
005b
013a
0170
00e3
003b
004e
00d3
016e
0216
0243
01c0
0102
004e
ffbe
ff59
ff38
ff53
ff69
ff60
ff38
fefe
fed6
fedf
fef8
fef7
fee6
ff1b
ff69
ff82
ff93
ff8b
ff4a
ff09
ff05
ff43
ff77
ff87
ffa2
000a
008b
00b3
0083
0049
004a
005c
0052
0034
002c
0012
ff8d
ff27
ff27
ff2e
ff6b
fffd
0072
0086
0067
0099
0103
015a
0181
013e
007d
ffb0
ff44
ff61
ffe4
007c
00d3
00bf
0066
000b
ffdc
ff9f
ff13
fe69
fe2e
fea8
ff14
ff51
fff5
00c4
0152
017d
0185
0195
0195
0198
0181
0105
0080
0038
000a
ffec
ffcd
ff78
ff1a
fedd
fe98
fe28
fd9d
fd40
fd7d
fe4d
feed
ff35
ff7f
fffe
0078
00b2
010e
0189
01c4
01c7
019e
0161
0182
01fe
0238
019b
006d
ff7e
fef1
fea7
fea7
ff06
ff8f
ffd5
0003
0057
00b0
0106
0126
00c8
0058
0037
002c
ffe4
ff67
ff2b
ff6c
ffd8
ffb4
ff0f
fe5c
fdb6
fd30
fcc4
fc29
fbb5
fc17
fd5b
feaa
ff0c
fe98
fe6d
ff6b
0051
0079
007c
00a0
00c2
0099
0066
007f
00e7
0105
00a8
005d
0062
0084
0066
002f
0028
003a
000b
ffb1
ffe3
007d
00ea
00e7
00db
0127
0169
0152
00ed
00a5
0086
006f
009c
00f2
011d
0118
00ca
001b
ff36
fe5f
fdd3
fdca
fe4d
ff18
ffa8
ffd1
ffd9
ffc0
ff9b
ffb0
ffda
ffea
ffe3
ffee
0016
002c
002c
003a
006d
008d
0071
0036
ffc3
ff11
fe92
feb9
ff8b
0064
00ab
0052
0012
ffdd
ff52
ff0a
ff56
fffb
00c8
0166
0195
019b
019e
0189
0166
0148
013c
0139
0128
00f2
006a
ffad
ff30
ff26
ff5e
ff6f
ff67
ff78
ff9f
ff97
ff4b
ff15
ff11
ff39
ff90
fff0
0034
007c
00d0
0119
0137
013e
0140
00ff
00ac
00b7
0120
0177
0161
0157
0195
01ce
01a6
012b
00b0
0036
ff97
feda
fe40
fe15
fe58
fe66
fe03
fdc1
fdcc
fe0b
fe6c
fec4
feff
ff1e
ff4b
ff6d
ff09
fe3e
fda2
fdc5
fe42
fe85
fecc
ff3d
ffbc
0016
004a
007a
00b9
00e3
00cd
0098
0063
002c
ffe5
ff8d
ff31
fecc
fe9d
fefe
ff7b
ffbe
fffd
0078
00f9
00e6
00a9
00b7
00e3
013d
019c
0171
00c2
0015
fffa
0068
00f9
0154
018a
01ce
0213
023b
022a
01db
012b
0037
ffb8
ff8c
ff25
fef4
ff32
ffae
003b
00cf
016c
01e4
0205
01b1
00e5
0004
ff93
ff2e
fe85
fdd9
fd5f
fd61
fe18
fedb
ff2a
ff52
ff78
ff9f
ffcf
0037
00d7
0123
009a
ff69
fea7
fede
ffbe
006e
007d
0008
ff8c
ff62
ff8b
ffb0
ff9e
ff59
ff05
feff
ff7d
ffe8
fff3
ffc3
ff44
fec8
fee2
ff38
ff7b
ffc4
0008
0033
004e
00ac
0149
019f
0193
0152
00fd
008a
0004
ffbc
ffe1
0045
0078
009d
00ee
00f2
0093
000e
ff76
fef8
feda
ff27
ffb3
001b
002d
001e
0042
0057
0054
007f
00a7
00a8
009a
006d
0049
006f
0038
ff7d
feed
fe99
fe79
fec0
ff2a
ff76
ffc3
fffb
fffa
ffcd
ffdc
0066
0109
0150
0133
0157
0181
0132
00b0
004a
0012
ffec
ffb1
ff4c
fedb
fe72
fe1f
fe0f
fe4b
feab
ff15
ff53
ff27
fe7c
fd9e
fd21
fd29
fdc8
feec
ffee
0066
007e
003a
ffc2
ff8c
ff93
ffa2
ffad
ff9b
ff8c
ffe4
003c
0046
0096
0124
017f
0193
014b
00b9
0059
003c
0037
005b
00c2
015a
01b5
01a9
0163
0115
00c2
005c
003b
0059
004a
0019
000b
004e
008a
0095
00a1
00b9
00c5
00b7
008a
0059
005b
007f
00a0
00a4
006f
fff9
ff77
ff23
ff02
feba
fe49
fdea
fde0
fe18
fe54
fe7c
feaa
ff11
ffcd
006d
0060
ffef
ff55
febe
fee9
ffc6
0079
00eb
0115
00cd
003a
ff93
ff0c
fed3
ff04
ff81
ffe7
0017
006f
00f1
0158
016e
0169
0156
00ca
001d
ffd6
ffdf
0004
002f
0057
007a
00a7
00f2
0135
012a
00d8
004a
ff93
fee6
fe5f
fe11
fe36
fedd
ffc2
006a
00e0
0193
021a
0209
0179
00dc
0099
00ae
00b2
0092
00b7
00b0
001a
ff4b
fe86
fe00
fdf6
fe80
ff48
ff9d
ff84
ff5c
ff3b
ff43
ff88
ffe4
0022
001a
ffa9
ff52
ff97
ffd8
ffef
0054
00fd
019c
01f3
024b
0297
0269
01e8
0165
010b
00c1
009d
00df
00e9
0059
ffa3
fef5
fe66
fe1a
fdff
fdf6
fe0f
fe0b
fde9
fe3d
ff11
fffa
007f
00b2
00cc
00ba
006f
0005
ffca
ffb5
ff96
ff6c
ff2d
fee5
ff09
ff7e
ffb4
ffd1
0010
006f
0098
0062
0000
ffe3
003f
00e9
0179
01d2
0222
0263
0265
0205
016d
00c5
0008
ff18
fe0b
fd3b
fcb9
fc74
fc82
fcac
fccf
fd2d
fde6
fed2
ff7e
ffcd
ffe7
0001
002b
0055
007d
00a0
00c5
00f8
0136
0177
01bc
01da
017e
00b4
ffdc
ff59
ff31
ff4a
ffa8
007d
018d
0232
027b
0299
0263
01f7
015d
005c
ff84
ff25
fea2
fe8c
ff5c
fff2
0022
005d
0079
0041
ffbc
ff46
ff23
ff68
fff3
009e
0152
021b
02a5
0274
01c4
00be
ff74
fe53
fd9d
fd35
fcf6
fce8
fd3c
fdc6
fe46
fea7
ff2b
ffdd
003f
002b
ffcf
ff84
ff3d
fef1
feec
ff09
ff04
feec
fedb
ff02
ffa2
0075
00fe
012c
011c
0100
0123
0128
00a3
0025
0025
0099
0128
01a4
0204
0208
01ba
016d
011f
00f1
011b
012c
0107
0121
018d
01fe
021f
01eb
018a
0115
004e
ff3d
fe89
fe15
fdbf
fdff
fe92
ff09
ff6c
ffc9
0017
003c
003f
003c
0037
001a
ffbc
fefa
fe2f
fdea
fe0e
fe5f
feba
ff13
ff43
ff25
ff00
fedb
fe83
fe6a
febc
ff14
ff51
ff89
ffe4
0043
0086
00b4
0119
01a6
01af
0144
00c8
0071
002d
0001
0041
0095
008b
005b
001d
ffee
0024
007e
0068
ffdf
ff39
fee2
ff09
ffb4
00ac
017b
01db
01e0
018d
00e7
0000
ff14
fe83
fe92
ff02
ff7a
ffbb
ffa2
ff4b
ff0f
ff0f
ff4f
ffce
0036
0031
ffcb
ff77
ff6f
ff4f
ff06
feb9
fe74
fe5c
fe92
ff0c
ffa3
002d
0076
006f
0038
0001
ffae
ff13
fe72
fe36
feb1
ffc3
00fb
01c5
0227
0255
0270
027e
0258
01c3
00f2
0049
0010
0029
0043
002d
0029
0059
006e
009c
0105
0119
008e
ffa2
ff00
fef4
ff46
ff6d
ff32
fea8
fdf2
fd71
fd6a
fd7d
fd6e
fd63
fdb4
fe83
ff85
0033
0091
00fe
012c
0106
00cd
004d
ff84
fee1
fe83
fe7f
fef7
ffc7
0098
0105
0148
019c
01e0
0209
020f
01bd
0131
00a3
0021
ffda
ffee
0034
00a1
0142
020b
02a1
02b1
0268
01fd
0183
00de
0042
001b
006f
00fd
0178
01bc
01b4
0153
00db
006b
fff0
ff70
fef4
fe89
fe5a
fe83
fef3
ff3b
ff2b
ff15
ff02
fefa
ff27
ff7f
ffea
006e
00c4
00b3
0075
fff5
ff13
fe1a
fd3e
fc97
fc4f
fc82
fd24
fdeb
fe9f
ff35
ffa9
0010
007e
00cf
0103
0144
0189
01ba
01c0
01af
01a7
01ae
019f
0152
00cc
0064
0041
0022
0008
fff3
ffc0
ff92
ffac
0030
00cc
0128
015e
01a7
0200
01e4
016e
00fc
0080
ffe4
ff20
fe5b
fdd5
fdc9
fe21
feab
ff10
fec1
fdd5
fcf7
fc91
fc89
fc70
fc47
fc66
fd10
fd92
fded
fefe
0034
00cc
00c6
0095
00a1
00fd
0133
0115
0121
0163
019c
01a9
017d
0145
015e
0189
0169
011d
00f5
0116
0149
0175
01b6
020f
0267
02a2
02b0
029a
0277
0230
01ab
00eb
0025
ff7f
ff0f
ff1e
ff6f
ff57
ff1e
fefe
feab
fe1f
fdca
fe4f
ff02
ff4e
ffa8
0025
0096
00de
0120
016c
016e
0103
004e
ffaa
ff29
febd
fe7d
fe6a
fe85
feed
ff67
ff90
ff82
ff5a
ff26
ff0f
ff1f
ff31
ff25
ff0c
ff11
ff0f
fef7
feec
fee1
fef5
ff64
ffdc
0004
ffdc
ff73
ff02
fee9
ff4f
001d
010a
023d
03ba
04e7
0551
04d9
03b0
025e
015f
00ac
0038
fff5
ffc3
ff7e
ff13
fea6
fe82
fece
ff0a
fef5
fec3
fee6
ff36
ff31
ff2b
ff64
ffaa
fff7
003f
006e
0066
0037
000e
ffdf
ffac
ffaa
ffb1
ff8f
ff51
ff0d
fecb
fe72
fe18
fde6
fe01
fe46
fe91
fefe
ff90
002b
008f
00dc
0139
0170
016c
0150
013e
0147
0156
012a
00b0
001b
ff9f
ff39
fee9
ff2e
0008
00c8
0126
0131
0111
00d8
009e
0091
00a3
00ac
0093
004d
ffeb
ffa8
ffa1
ffbe
ffbe
ffa8
ff97
ff78
ff7d
ffc4
fff7
0005
0010
000f
000a
0013
001a
0004
ffc2
ff5e
ff02
fec9
fe98
fe82
feba
ff2d
ffb8
0054
00e3
0165
01e2
0218
01f3
01ad
013e
00a9
002c
ffa3
ff14
feed
ff08
ff3c
ffb9
001a
fff2
ff8f
ff6f
ffb8
0005
0033
003b
ffdd
ff78
ff9b
001a
00a1
00f1
00e5
00ac
0083
003f
ffca
ff5a
ff1f
feff
feb9
fe87
fea6
ff00
ff3b
ff47
ff7e
ffe3
0043
0063
0031
ffe3
ffc7
ff8c
fef5
fe71
fe5c
fec8
ff69
0012
00a7
00fc
0121
013a
013a
00fc
0078
fffb
ffa2
ff5e
ff4a
ff64
ff93
ffd6
0033
0091
00ab
0087
0076
008b
00af
00be
00d4
00f9
0110
0119
012b
0142
011c
00ac
004e
0022
0026
0059
00a3
00ac
fffe
ff04
fe63
fe32
fe3d
fe5b
fe9c
fef8
ff41
ff43
ff35
ff64
ff8f
ffb1
ffe4
ffdf
ff82
ff1f
ff55
0043
0162
0222
0277
02a9
02b8
0292
0222
012b
ffa8
fe30
fd7c
fdb7
fe58
ff0a
ffca
00a0
016c
01e5
01d7
015e
00ab
ffda
ff5c
ff7a
ffc9
ffd9
ff8c
ff31
feff
ff0c
ff6b
ffc0
ffb9
ffc2
ffe8
ffe1
ffce
ffac
ff53
fee5
fe9c
fea0
feae
fe87
fe3a
fdfc
fe01
fe62
fefe
ffa6
0034
0093
00d5
0127
015d
0144
00dc
0050
ffd9
ffbc
000b
008d
00c8
00b6
009c
0099
00d3
0148
0199
0189
0133
0112
012b
0126
00f4
00c9
00cc
0071
ffa8
feec
fe2b
fd52
fc97
fc86
fd46
fe6d
ff74
ffee
ffb8
ff46
ff1f
ff72
ffcf
ffea
fff7
0054
0111
01bc
0218
022d
0225
0214
0205
0214
0213
01d6
017e
012f
00e5
0072
0000
ffdc
ffeb
ffe3
ff9e
ff7d
ff87
ff74
ff31
fef7
ff0d
ff64
ff81
fee6
fe04
fd7a
fd7d
fdfd
feb2
ff38
ff96
fff3
0060
00d3
0120
010e
00ca
009e
00a5
00df
011d
00f9
0073
ffc7
feff
fe51
fe04
fe04
fe2a
fe80
ff5d
006e
0116
017b
01aa
0191
018e
01a0
0179
0166
017d
0183
01ad
0200
022a
01f8
0177
00e9
007a
0031
fff5
ffac
ff64
ff3b
ff06
feaa
fe5a
fe39
fe6d
ff17
ffd4
002b
002d
ffd8
ff3f
fef4
ff06
ff2d
ff57
ffa1
000b
0024
ffe8
ffac
ff6d
ff1b
fecf
feea
ff56
ff8f
ffbc
fffe
002f
0045
004e
0076
00fd
01ae
01d2
014f
0079
ffb8
ff18
fe9c
fe6d
fe5a
fe2e
fe18
fe83
ff84
007e
0121
0179
0186
017e
0161
009c
ffa5
ff56
ff7b
ffa2
ffae
0001
008a
00d3
00d7
00d4
00f6
00f9
00cc
00b2
009e
007a
0051
0037
001e
ffea
ffae
ff8b
ff7d
ff51
fef8
feab
fe95
feb2
fec4
fe6e
fdd9
fde7
fea0
ff60
ff85
ff4e
ff48
ff7d
ffcb
0028
00a3
014d
0204
025e
0258
0246
0252
0230
0190
010a
00e9
00d1
0080
0022
001e
0020
ffe1
ff97
ff6f
ff5a
ff34
ff31
ff81
000c
00b6
015a
01b9
01cc
01a4
0148
00cf
005f
0017
fffd
fff7
fffb
0000
fff3
ffb3
ff34
fea7
fe7b
fe9b
fec3
ff3f
0021
010a
018d
0188
012b
00a4
002f
000e
0051
00ba
00df
00a0
0057
0062
ffae
fe39
fdd7
fe97
ffa1
006d
00d4
0107
0157
0142
006f
ff97
fef3
fe82
fe99
ff0a
ff43
fee9
fe72
fe75
fe99
fee4
ff92
0049
0095
003e
ff87
ff31
ffc7
0084
00fd
0171
019c
0156
00d5
0060
0019
0005
0025
0087
0123
014f
00e3
00a7
0083
0041
003e
0047
001b
fff7
ffbc
ff60
ff53
ff81
ffaa
0003
004d
003a
0028
0017
ffc2
ff53
ff10
ff27
ff93
0020
0091
00b2
007e
0015
ff8f
ff15
feea
ff47
fff2
0059
00a3
00f9
0133
0170
01b6
01ca
01aa
0178
0144
012c
012e
011d
0126
0163
0186
01a3
01cc
0190
010b
00a7
0066
002c
ffe4
ff9b
ff89
ffce
001a
003b
0034
ffe4
ff55
fec9
fe72
fe45
fe1a
fe09
fe5e
ff35
ffe1
ffd6
ff41
fea7
fe33
fda7
fd79
fe06
fee6
ffb9
004c
0084
00a3
00d0
00e9
00fd
011c
0102
00b2
0051
ffd4
ff4a
ff09
ffa2
008e
00f6
0147
017e
0144
0121
011d
00cc
0080
0060
0020
ffb1
ff30
fed3
fea6
fe8d
fe5c
fe35
fe6c
ff3c
0064
015d
01ab
015a
00d4
00bb
0112
018a
01db
01c5
0156
010d
0106
0106
00c6
0046
ffb8
ff51
ff27
ff35
ff3c
ff51
ff97
ffbf
ffc7
fff3
0017
001e
001d
001b
001a
0019
0017
0016
0020
0063
00e9
015d
0126
005c
ffea
ffa1
ff2d
fece
fe8a
fe4c
fe12
fdf6
fdf4
fde0
fdfa
fe45
fe3d
fe80
ff84
fff3
ffe0
000b
ffdc
ffc6
0068
0058
ffea
008a
0137
012f
00e0
0100
0163
0133
00a3
001b
ffc4
ffbb
ffe5
fff6
ffc6
ff7b
ff5d
ff70
ff97
ffc7
001d
0098
00f9
012f
012a
00c1
0063
0071
0088
0087
0086
0096
00b6
00ca
00bd
0087
0043
0015
0003
ffef
ffa3
ff56
ff72
ffdd
005c
00af
00af
003c
ff6f
ff15
ff48
ff4b
ff46
ff51
ff0d
fede
ff2a
ffd2
0073
00c8
00e0
00d0
00a1
005d
000e
ffbb
ff61
ff38
ff81
0021
0099
008b
0067
0051
003c
0055
00a0
0105
016a
01ae
01c3
01e9
020c
01ce
0123
0041
ff5c
fe94
fe25
fe56
fee4
ff6b
ffb5
ffc0
ffae
ffa5
ffa6
ff96
ff55
ff1b
ff20
ff55
ff7a
ff65
ff30
fefc
feda
fec4
fed2
ff1a
ff82
ffec
001a
ffc4
ff52
ff67
ffc6
0001
ffee
ffdd
ffd2
ff8f
ff4a
ff23
ff06
fee9
feb3
fe5e
fe54
feba
ff32
ff7b
ff9f
ffd6
0022
007c
00f5
017c
01c1
0163
0110
0115
009c
0057
00ca
00ba
006b
0099
00a4
0078
0063
0060
0075
00a1
00bd
00ba
00b2
00ab
00a3
00a7
00e7
0141
0168
015d
0157
0171
0157
00f5
0092
004c
0017
ffef
ffe4
ffec
ffe0
ffe8
0034
00b4
00f5
0093
ffa9
fea7
fdf5
fda9
fd9d
fdab
fde3
fe39
fe83
fe8a
fe62
fe40
fe41
fe3d
fe04
fdd4
fdca
fdc6
fdab
fd8f
fdbd
fe98
ffd8
00b7
0133
0162
0144
0135
0152
0156
012a
0109
0144
0186
018a
0175
0139
00ed
00e3
00e5
00ae
0076
0066
0091
0109
0197
0201
0240
0227
01a7
0105
0093
0072
007e
0086
006f
0058
0033
ffea
ffc7
ffd8
ffdd
ffb9
ff70
ff13
fec1
fea8
fee1
fef5
feb9
fe92
feba
ff1e
ff78
ff9d
ffa6
ffeb
0072
0105
0154
0163
0149
00fd
00c9
00db
00d4
0087
0028
003c
00a5
00e2
00bf
0075
0063
0096
00c4
0093
001e
ff84
fef1
fec1
fed2
feb3
febe
ff26
ff98
ffea
000f
001a
001a
0029
0052
006a
004e
001e
ffbe
ff27
feaa
fe63
fe48
fe4d
fe6c
fe90
fe98
fe95
fe95
fe71
fe42
fe3d
fe5f
feb3
ff39
ffae
ffdc
ffc3
ffaa
ff92
ff56
ff32
ff2d
ff23
ff64
ffdd
0024
0060
00cc
0166
01e9
0238
027b
02cb
030a
02f9
02a4
0246
0217
01fb
01c5
0181
0133
00df
008b
0034
ffd9
ff82
ff5d
ff81
ffc4
fff3
fff5
ffe4
ffd8
ffc4
ff7a
ff0d
feb6
fe4c
fde6
fdc9
fdd8
fdf1
fe0e
fe33
fe5c
fe8e
fee1
ff62
0008
009e
0109
0147
013d
00f9
00c2
0095
0067
0057
0066
007d
0087
009d
00cf
00f6
00fb
00de
00c6
00c8
00dc
00fb
0136
0198
01da
01c8
0171
011d
010e
0140
0153
0110
008f
fffa
ff89
ff67
ff6b
ff81
ffaa
ff93
ff1e
fe95
fe11
fd84
fcef
fcca
fd3e
fdba
fe01
fe21
fe32
fe2a
fdf5
fda8
fdcc
feba
ffe1
00be
0124
014d
015b
0150
012c
00f4
00a8
005c
0037
004d
0047
002f
003f
002b
ffdf
ff9b
ff39
fef7
ff5c
ffe3
0034
0095
00bf
009e
0093
007f
0043
000a
ffd1
ffb1
fff7
008a
011b
0166
019b
01e1
01ec
01b1
0178
0195
01e5
01fd
01ae
00f6
0016
ff68
ff0d
feea
fef0
ff26
ff8b
ffb0
ff59
feb2
fe0e
fdac
fd9c
fdb2
fdba
fda4
fd97
fdd7
fe75
feff
ff5e
001b
00da
011d
00f4
0052
ff8b
ff52
ff92
fff2
0079
010a
015b
013c
00f2
00c9
0098
0064
0047
0020
0005
0025
0043
0046
003c
0016
ffe5
ffdf
0010
0046
0029
ffd4
ff8d
ff89
ffa1
ffc2
0019
00b2
014b
017d
016a
0137
00d1
0058
ffef
ff94
ff64
ff6f
ff94
ff8f
ff57
ff68
ffc4
0024
006f
00a8
00bf
0079
0010
ffe0
ffa5
ff44
fee6
feaa
fe7c
fe48
fe6c
fed2
ff0a
ff3b
ff8c
fff3
005d
00b6
00eb
0114
0136
0124
00e9
0086
fffe
ffa5
ffb9
000a
0049
0050
0031
ffe7
ff70
ff02
fede
ff1b
ff92
0000
0041
008b
00ed
0139
0137
0103
00e0
00af
0052
ffd6
ff6f
ff26
fee2
fe86
fe54
fea8
ff4e
ffcd
ffce
ff7e
ff13
fea2
fe62
fe8c
ff27
ffe1
0063
0096
00cd
012b
0168
017f
0178
0126
00df
00f2
0115
010a
00db
00c8
00c6
00b0
00ae
00c6
00de
00e3
00c8
0088
003c
fff3
ffae
ff7e
ff5c
ff3f
ff23
ff11
ff05
fed0
fe8d
fea0
fee2
ff1e
ff4e
ff06
fe75
fe85
ff13
ff7a
ff62
ff52
ff97
ffa6
ff87
ff94
ffe5
000b
ffbb
ff64
ff7d
ffe8
ffd5
ffa1
0005
0060
0057
0049
00d8
018e
017f
011f
00d3
0092
0071
007c
00a8
00cc
00d4
00d8
00f5
00f8
0088
001a
001b
0072
00bf
00c5
0098
0055
001a
fffe
ffe1
ff84
fecf
fe46
fe62
feb8
ff0a
ff67
ffdc
0067
00df
0115
0128
0133
00d4
fff7
fefc
fe3e
fe16
fea6
ff7f
0034
009d
00e0
0114
0136
014d
0162
0170
0156
011c
00f4
00bb
0057
ffeb
ff81
ff23
fee2
fee9
ff43
ffb3
001e
0072
0080
0054
0022
0029
0038
001d
0022
0033
0019
001e
0045
0043
fffb
ffb3
ffc6
fff7
fffa
ffac
ff18
fea6
fecb
ff48
ffb1
ffc4
ffa8
ff97
ffa1
ff8b
ff5a
ff6f
ffb4
000b
0073
00a5
0084
0068
006e
0080
0084
005c
0010
ffe0
ffa1
ff20
fea7
fe6a
fe62
fe61
fe71
feb8
ff2d
ff93
ffac
ff6c
ff20
ff29
ff85
fffb
004e
0073
0095
00da
00bd
0067
00a9
011c
0149
0158
0140
010e
0103
0126
015b
0189
017d
012b
00e0
00a5
0073
0079
0082
005b
003b
0034
0031
002b
ffea
ff5e
ff08
ff02
fef8
fe97
fdf9
fd79
fd2c
fd0f
fd35
fdd7
fed9
ffc3
0076
0103
0181
01ec
0226
020f
01a0
012a
0127
015d
0181
01a9
01ce
01d7
01b8
0179
011c
00a5
003c
000a
fffb
fff9
fff0
ffca
ff96
ff64
ff0f
fea0
fe5a
fe83
fee4
ff20
ff85
003b
00ff
015b
0132
00cc
003e
ffad
ff56
ff43
ff34
fed2
fe48
fdf5
fe04
fe20
fe1c
fe48
fea6
feed
fece
fe9b
feb6
fefa
ff3b
ff67
ff7e
ff9b
ffca
ffd5
ffb9
ffa2
ffaa
ffc0
ffcb
ffce
ffda
0000
0058
00cc
012f
0178
01b1
01d2
019e
0110
0072
0021
0015
fffd
0013
0067
008f
009c
00ba
00db
0099
0000
ffbe
ffb1
ff7f
ff46
ff3b
ff61
ff6f
ff64
ff7d
ffe0
003e
003f
0017
fff2
ffd5
ffd4
ffc9
ff8f
ff78
ff97
ffc2
ffef
005d
0131
01c8
01d9
0195
00f4
0025
ffaa
ff52
fef5
feb8
fe92
fe56
fde0
fda1
fdf4
fea2
ff5d
0003
00a5
00e9
00af
009c
00b9
00d1
0119
018e
01fd
0244
0248
01f6
0161
0133
01d6
0234
01f7
01a3
0177
0198
01fa
01e2
014b
00da
00a7
0058
ff90
fe8c
fda9
fd0c
fc6b
fbd7
fbe5
fc82
fd3a
fd9d
fdd9
fe37
feae
fef4
fefe
ff48
fff3
00c2
0162
01c1
01e2
01c3
0183
0157
0149
0147
0128
00d5
0064
000e
0000
0041
00af
0103
0132
015a
015a
013c
0132
0136
013c
0137
00d3
0017
ff93
ff77
ff89
ff65
ff35
ff1c
fee6
feae
fea7
fee8
ff46
ffa8
0021
0063
0029
ffc0
ff3d
fe9f
fe35
fe07
fdfd
fe19
fe7d
ff2b
ffd8
0064
00e3
0149
015b
00f4
0087
0031
ffc2
ff9e
ffcd
ffdd
fffd
003c
004a
fff3
ff81
ff87
ffca
ffdd
ffac
ff78
ff6f
ff7f
ffcf
005c
009c
006e
0037
0091
00c9
0031
ffa2
ff84
ffbb
0022
008e
00c9
00bd
008e
0079
0072
005b
0024
ffe0
ff96
ff41
fef8
fecc
fecf
ff09
ff6d
ffcf
0008
001b
0031
0050
006e
0086
0087
0076
0078
0078
006d
0080
0087
004a
ffe5
ffc3
0000
0005
ffa1
ff10
fec5
feb1
fe9b
feaf
fee4
ff05
ff35
ff68
ff84
ffa9
ffc7
ffa8
ff6c
ff30
ff11
ff77
0066
014c
018e
0118
005b
ffa3
ff34
ff48
ff9e
ffdc
fff2
ffe8
ffd8
ffdd
ffca
ff8d
ff76
ffb1
0021
004e
004a
0049
001a
ffc9
ff9f
ffe3
0072
00f5
0158
017f
014c
00de
0082
0079
00a4
00e6
0139
019c
01d9
01b2
0135
0095
000a
ffc2
ffca
000a
003e
003b
000c
ffcb
ff7a
ff06
febe
fee5
ff59
ff9d
ff78
ff5c
ff68
ff72
ff3c
ff00
ff1a
ff7b
fff3
0055
008e
0099
007a
002f
ffb3
ff18
feb5
feae
fee6
ff31
ff84
ffea
0071
00e2
00df
0087
0028
0001
fffe
ffe3
ff8d
ff2d
fef0
feda
fed9
fee4
ff0a
ff30
ff39
ff35
ff06
fecc
ff14
fff2
00e9
0147
0126
0109
0119
012e
0109
00a8
004e
0037
0024
ffc9
ff1e
fea7
feb5
ff22
ff64
ff57
ff59
ff7b
ffa5
ffcb
0017
0086
00c4
00a5
005f
0060
00a4
00e3
00e2
0098
0049
006a
00e7
0162
0190
017c
015f
0169
018a
018a
0141
00db
00a8
00b3
00c9
00b2
007a
0037
fffa
ffda
ffd6
ffd2
ffb4
ff7d
ff3b
fee5
fe92
fe83
feab
fed7
fed2
fed9
fee1
fe8c
fe4d
fe97
ff35
ffc6
fffb
ffce
ffd1
0063
0112
0154
0100
0086
fffd
ff5d
fef3
feea
ff4a
fff5
00a7
010d
0120
0119
0126
0109
00f1
0136
0163
012c
00b4
0024
ffd1
0013
0080
00dc
0148
0174
013e
00f5
00c5
00a1
0058
ffeb
ff74
ff13
fedf
fecc
fea4
fe9d
fee8
ff3d
ff7d
ffad
ffe1
000b
000f
fff0
fff0
002f
0030
fffb
ffdd
ffbf
ffbc
0012
0088
00af
0045
ffc7
ff96
ff9d
ffb0
ffae
ffa5
ffc2
ffec
ffca
ff7f
ff40
ff00
fe97
fe14
fddc
fe19
fe9b
fefc
ff4f
ffc3
0031
009c
0102
013c
0149
0141
0131
0105
00b6
0076
006a
0088
009e
0093
0078
0063
0054
003b
002b
0038
005b
003f
ffd4
ff61
ff2d
ff35
ff40
ff51
ff87
ffee
001b
ffdd
ff89
ff78
ffbc
0016
004e
003c
ffcb
ff46
ff00
fefb
ff15
ff2d
ff2e
ff30
ff4f
ff89
ffd5
0030
008a
00c8
00df
0105
011d
00e6
00a0
006b
002c
ffdf
ffa2
ff9e
ffa2
ffaa
ffee
0066
00d7
00fb
00d8
008b
0025
ffd2
ffbe
ffea
0003
ffd6
ff8c
ff78
ffbc
002c
009a
00e3
00d1
0087
0043
0004
ffc6
ff8b
ff65
ff90
0019
0068
005b
003b
0020
002b
006f
008a
0055
0007
ffdc
0005
0084
00a0
0050
0052
006f
0030
ffa1
ffa6
004a
004d
0015
002d
0021
ffc6
ff88
000a
00a5
00bd
00e2
00f4
008f
fff2
ff8c
ffa6
0005
0043
0022
ffc6
ff87
ff98
ffb4
ff88
ff11
fec1
fead
fe98
fea6
fed9
fef1
fee5
ff06
ffa5
001a
003f
00a5
00ee
00c9
007c
0005
ff93
ffb7
008e
019b
0202
01a9
00f9
0071
003b
003f
003a
0020
000b
000f
fffb
ff9e
ff23
fe9d
fe0e
fdb0
fda4
fdf2
fea0
ff44
ff6d
ff96
fff6
004a
00a1
00e5
00cd
0071
001e
0020
003c
005c
00a5
00e5
011b
01a3
0204
01d3
015f
0106
00de
00ba
00e9
0185
01f7
01fd
01b8
0145
00d4
008f
008b
006f
fff3
ff7e
ff2a
fedf
fef0
ff31
ff3b
ff64
ffb7
ffc9
ff76
ff08
fefa
ff2d
ff7f
ffe0
0008
fff5
ffef
ffd6
ff8b
ff31
fed2
fe7d
fe63
fe70
fe7b
fe7d
fe9d
fef5
ff57
ff8d
ff8d
ff89
ffa2
ffe4
0058
00e9
0163
0189
0181
0186
014f
00ca
0051
005c
008a
0033
0015
005f
007a
00a0
00ca
00a4
00b2
00fd
00d4
0059
0005
0010
000b
ffac
ff3b
feef
fed7
feea
fefb
fefb
ff0a
ff26
ff43
ff82
ffeb
0054
0093
00b2
00c1
00b2
0073
000e
ffb7
ff8f
ff93
ffad
ffc6
ffd1
ffda
ffd2
ff9f
ff61
ff2b
ff05
fef8
ff08
ff31
ff59
ff76
ff96
ffb8
ffe7
0029
0055
0059
006a
00a5
010b
016d
017d
0142
014d
0181
016d
00f5
0068
0016
fffb
fff7
ffda
ff61
ff29
ffd6
0096
00b0
0025
ffb5
ffd5
0055
00c2
00ab
fff9
ff68
ff65
ff9d
ff53
fea4
fe82
ff02
ff92
ff93
ff59
ff53
ff76
ff7f
ff60
ff4c
ff61
ff94
ffd2
0025
009d
012e
0178
013a
00d8
008e
005d
0020
ffef
fff5
000c
0008
ffea
002b
0099
00a3
007c
0072
0083
005b
0004
ffe5
ffbb
ff76
ff64
ff64
ff5a
ff68
ff92
ffc3
ffce
ff8b
ff35
ff64
ff85
ff40
ff48
ff62
ff17
feb1
fe86
fecc
ff7b
0041
00be
00e9
00d3
0099
0058
0017
ffd4
ff7a
ff1c
fee2
feba
fea8
febc
feed
ff1e
ff35
ff3f
ff3d
ff27
ff29
ff65
ffcf
0021
0057
00ae
010b
0147
015f
0149
011b
0111
010b
00f9
011f
016d
0194
0163
00f6
0087
003b
004a
00be
012a
016d
0178
00d4
ffc3
ff06
fef3
ff72
001a
0031
ff94
fecb
fe58
fe98
ff93
00ca
0178
0118
002d
ff55
fecf
fec7
ff20
ff76
ff9f
ffa1
ff7f
ff4b
ff3f
ff96
ffd5
ffb5
ffce
fffd
ffe1
ffac
ff9b
ffcd
0026
0073
0079
0036
ffe8
ffe3
003e
00ae
00c5
0084
0042
0047
0060
0062
005d
0058
0038
ffee
ffcd
0003
0054
0043
ffc0
ff4e
ff70
0012
0080
008e
005f
0020
ffe4
ff9f
ff48
ff08
ff17
ff82
ffe0
ffca
ff70
ff04
fea6
fe86
fec4
ff4f
ffc4
000a
0038
0038
0055
00e5
0169
01a4
01ce
01f4
01fd
01ca
0163
00d7
0037
ffb9
ff7f
ff6f
ff5a
ff39
ff27
feff
feb9
fea3
feda
ff2d
ff48
ff88
0024
0079
005f
0019
ffdd
ff9f
ff4a
ff11
ff10
ff1e
fef1
fea7
fea4
ff09
ffaa
0049
00d3
012a
011f
00d0
007a
0050
0055
0087
00dc
0115
0118
0115
013c
017d
018e
016a
0128
00e2
009e
0067
004a
002f
fff2
ff98
ff55
ff51
ff78
ffa1
ff97
ff3d
feec
ff18
ffb7
0051
0071
0025
ffce
ffb5
ffb4
ffc0
ffeb
0004
ffef
ffbb
ff90
ff82
ff89
ff98
ffbb
fffb
001d
0003
ffd9
ffb5
ffb0
ffe7
002f
0058
0064
0087
00d5
0107
0112
0110
0111
00f0
00a4
0091
00c5
00f5
00cc
0052
ffce
ff70
ff3f
ff1f
fefe
fed7
febd
fe9d
fe6d
fe39
fe21
fe3b
fe7b
fecf
ff22
ff55
ff62
ff77
ffd4
0047
0091
00a4
0087
0055
0029
0000
ffe8
0017
004c
003a
fff9
ffa5
ff62
ff57
ff76
ff84
ff61
ff9e
009c
0165
01a2
01af
01ab
017b
00f8
0051
ffd5
ffb0
ffc9
ffef
fff9
ffe3
0000
00a4
011b
0106
00da
00ea
0123
0120
00f5
00c6
008b
0037
ffdf
ffae
ff6d
ff11
ff20
ff70
ff9d
ffac
ffb1
ffb4
ffb7
ffb0
ff90
ff4b
ff00
fedf
fedd
fee8
fef7
ff11
ff46
ff98
fffe
0050
006a
0068
006b
006f
0045
0000
fff6
002b
0083
00f1
012a
0128
0139
0162
0188
0199
0183
013a
00d7
0088
007e
00a7
00c4
00a8
006e
003a
000a
ff9e
ff25
feed
fed7
fec7
feaf
fe6e
fe20
fe01
fe16
fe49
fe7f
fea0
febc
fef4
ff44
ff88
ff92
ff67
ff2a
ff09
ff10
ff4c
ffc9
0034
005c
0067
0086
00d8
0153
01aa
01bd
01cb
01cf
01ad
017b
011d
009d
0060
0064
0066
0064
0082
00c6
00eb
00e9
00e6
00de
00eb
0123
0126
00dc
0082
fffd
ff6d
ff32
ff10
fef7
ff26
ff6d
ff81
ff51
ff04
febd
fe6c
fe2f
fe1d
fe19
fe27
fe54
fe94
fed9
ff1a
ff4a
ff6f
ff8c
ff9f
ffc2
0000
0031
003e
0031
0034
005b
0092
00a3
0078
003a
002d
0067
00c6
0137
018a
018a
0161
0121
00c4
0076
0051
0041
0025
fffe
fff0
0004
001a
fff7
ffb3
ff7a
ff4c
ff47
ff62
ff5e
ff51
ff69
ff9a
ffcb
ffef
0005
ffeb
ff88
ff26
fefb
ff15
ff76
ffe7
0033
006a
00a4
00e3
0102
0106
0109
00f2
00e2
0107
010d
00bd
004d
ffd1
ff68
ff43
ff47
ff55
ff70
ff9a
ffae
ff77
ff5a
ffb0
002d
008a
00af
00b3
00ac
00a5
009c
007a
0043
003f
007d
00bd
009a
0033
fff0
ffe3
ffda
ffad
ff98
ffb7
ffe3
fff3
ffee
fffb
0015
0022
0010
ffdc
ff89
ff38
ff32
ff78
ff9b
ff81
ff5a
ff67
ff88
ff96
ff9b
ffaa
ffc4
ffe1
fff5
000a
0047
0087
009d
00b3
00a9
0060
0022
0033
0086
00bb
00a5
0068
003e
0034
002c
0010
fff3
fff2
ffe5
ffcb
ffca
ffb3
ff7d
ff59
ff5d
ff7e
ffb0
ffdc
ffd6
ff7b
ff1a
fef0
fed3
fedf
ff15
ff31
ff4b
ffa1
0022
0091
00be
00cf
00bd
0072
0005
ff94
ff3d
ff18
ff2d
ff68
ff90
ff9e
ffac
ffb8
ffc9
fff6
0050
00c6
012b
0161
0165
014c
0118
00c8
0062
fff7
ffa9
ff8d
ff92
ffb0
0007
0060
008b
00b3
00e0
00fc
00e2
0093
003a
000e
001a
004a
008a
00ba
00c2
00ba
00ba
00b7
0083
002b
ffe7
ffae
ff67
ff0a
feef
ff10
ff32
ff70
ffd1
0016
ffeb
ff77
ff3c
ff11
fede
feed
ff29
ff59
ff68
ff97
0007
0079
00c1
00f4
0140
0170
014c
0112
00d1
0079
0028
ffeb
ffc4
ffc3
fffb
006b
00bd
00db
00de
00c9
0084
000a
ffb0
ff96
ff96
ff9e
ffa8
ffac
ff90
ff56
ff1c
ff02
ff22
ff87
0000
0060
008e
009a
008e
0064
002c
fff0
ffa9
ff53
fef4
fe98
fe6d
fe91
fef5
ff53
ff7b
ffa2
ffea
0030
0022
ffe5
ffcf
ffd2
ffce
ffc3
ffca
ffe0
ffea
ffe4
ffee
0020
004c
004d
0037
000e
ffcb
ff67
ff06
fede
ff02
ff57
ffb7
0008
0045
006b
0075
0066
003e
fff6
ffca
ffe7
0015
0012
ffe3
fff5
0030
003f
002d
000a
ffe1
ffcb
ffd9
000a
0059
00b4
00f4
00ea
00c8
00e5
0119
0132
011d
00ed
00b0
007a
0063
0064
005f
007a
00ae
00ab
00a0
00ab
0091
0045
ffe8
ffa3
ff7b
ff61
ff4f
ff4f
ff73
ffc0
0016
0046
0038
ffee
ff92
ff78
ff85
ff6d
ff41
ff23
ff1c
ff17
ff02
fee9
fef5
ff31
ff87
fff5
0079
00fe
0147
0140
0109
00b6
0071
007a
0092
007f
005f
0037
0020
004a
0078
0071
0062
0052
003c
0031
0041
0059
004d
0024
0003
ffe7
ffbe
ff85
ff69
ff72
ff8b
ffa9
ffc0
ffbf
ff8d
ff47
ff2a
ff4b
ff96
ffdf
fff2
ffd8
ffbf
ff7b
ff17
fef4
ff10
ff3d
ff57
ff60
ff76
ffac
ffe5
0004
000c
000e
0010
0021
0038
005c
009c
00cd
00ca
00c5
00bb
008e
0058
003f
0059
0086
00a5
00ab
00a5
00ac
00bf
00ab
006f
003e
0007
ffb3
ff51
ff2a
ff47
ff57
ff32
fefb
fef8
ff25
ff62
ffac
fff2
002b
005c
008b
00b2
00bb
00ac
008b
005d
0026
fff5
ffd2
ffca
ffdf
0007
0031
0049
0043
0029
0013
0012
0003
ffc0
ff7a
ff6f
ffac
ffe1
fffa
001d
0042
0062
0080
0075
0047
003e
0052
0068
007c
0079
0068
0064
005f
0041
001e
000f
0037
00be
0163
01c7
01dd
01a7
0137
00b7
0037
ffbc
ff4b
ff0a
ff15
ff2d
ff34
ff30
ff04
fec1
fe91
fe5f
fe06
fd93
fd68
fdca
fea0
ff7d
000c
0041
0046
0046
0042
002d
001d
004e
00ab
0106
0157
017c
016c
0147
011f
00fb
00e2
00c5
0084
0015
ffa2
ff6c
ff78
ffa9
ffda
fff3
fff7
fff7
fff9
0005
0022
001e
ffe7
ff8f
ff32
ff11
ff6b
ffeb
0034
0029
ffea
ffb4
ffbc
ffeb
0022
0062
008d
0096
0096
008d
007c
006d
003c
fff5
ffee
fffa
ffcd
ff98
ffb1
0024
0087
00a8
009c
0079
0066
0073
006b
0051
0050
0049
000e
ffa6
ff6d
ff76
ff85
ffa2
ffce
ffef
fffd
ffea
ffac
ff84
ff82
ff68
ff15
fecb
fef7
ff6c
fff6
00ae
0128
0111
00b3
0038
ff9e
fef4
fe6c
fe3b
fe58
feb6
ff3d
ff9e
ffbc
ffa8
ff94
ff87
ff70
ff78
ff8c
ff85
ffa6
0000
0059
007d
0078
0083
00b7
00f5
0109
010b
0116
0127
0149
0177
0189
0161
0111
00e0
00b6
0066
fffa
ff92
ff4f
ff3f
ff77
fff2
0068
00c9
0109
00f8
00b0
0087
009e
00e9
013c
0177
019e
01bd
01aa
015d
00dc
003c
ffa8
ff57
ff4b
ff68
ff8d
ff81
ff43
ff11
fefe
ff00
ff0c
fee8
fe95
fe83
fe9b
feba
fefb
ff5e
ffc4
fff6
fffb
fff5
ffd8
ffb3
ffa6
ffca
0008
0038
004a
003b
0012
ffe3
ffd6
0003
003e
0062
0064
0047
000a
ffb8
ff72
ff40
ff1e
ff23
ff4a
ff64
ff81
ffb1
ffe0
ffe8
ffc4
ff98
ff81
ffac
0047
00f6
0154
0166
012c
00b6
002b
ffb4
ff77
ff90
ffd8
0012
0041
005b
0054
0049
0041
0033
0034
003b
0029
fffa
ffc9
ffb8
ffc2
ffbf
ff9a
ff8c
ff9a
ff93
ffaa
fff6
0022
ffd6
ff41
ff23
ff92
003e
00d8
013c
0177
01a9
0189
0103
00ab
0067
fff9
ffa6
ffa6
ffea
002d
004e
005b
0072
008b
007f
002c
ffb1
ff48
feef
fe98
fe41
fde0
fdbf
fe2f
fea0
fec3
fed7
ff11
ff87
0025
008d
00a8
00bf
00d3
00d0
00c9
00d4
0114
01a4
0225
022e
01d6
0179
0139
00be
0030
ffea
ffd5
ffc4
ff9a
ff59
ff25
ff27
ff53
ff78
ff77
ff76
ff61
ff0f
fea4
fe69
fe85
fee5
ff5d
ffc3
fff9
0008
001b
0047
007d
009c
009a
0095
00b3
00d3
00d4
00c6
0098
0043
fff5
ffcf
ffc7
ff98
ff53
ff25
ff11
ff32
ff9b
0024
00a9
0116
015b
0179
0177
013e
00da
0075
001b
ffcb
ff78
ff38
ff1e
ff32
ff74
ffd1
0028
0042
000f
ffae
ff48
feed
fe97
fe3e
fdf8
fdfa
fe49
fec1
ff35
ff9e
0001
0062
00c5
0116
011b
00e0
0096
005c
0055
008e
00cc
00f6
011c
013e
015a
015a
0118
00ae
0062
005c
0075
0063
0047
003f
003b
002d
0016
fffd
ffda
ffb4
ff97
ff84
ff85
ffb1
fff7
0013
ffc7
ff6d
ff4a
ff22
ff39
ffaa
ffda
ffc9
ffd1
000a
0063
00c4
012f
0171
0153
00fd
0087
000e
ffca
ff9a
ff40
ff06
ff11
ff43
ff8f
ffd6
fff5
0007
0024
0038
002d
000e
fffb
ffe1
ffc0
ffbb
ffb1
ff8f
ff84
ff9e
ffce
fff0
ffef
ffc7
ff90
ff77
ff92
ffc4
ffe8
ffe5
ffcb
ffdf
0043
00b0
0106
0149
0156
0109
0068
ffe1
ff93
ff57
ff20
ff11
ff4b
ffa5
fff5
0026
0037
001b
ffd4
ff87
ff47
ff05
feef
ff08
ff0d
ff1c
ff5e
ffbb
fffd
0000
ffda
ffa9
ff82
ff82
ffaa
ffe7
001d
0043
0060
0088
00b2
00bd
00a9
0087
006e
0058
0036
fffd
ffb9
ff85
ff78
ff8f
ffc4
000c
003a
0038
0029
0064
00da
0110
0114
0100
00c8
0095
0078
003f
000b
ffee
ffb3
ff5c
ff0d
fef3
ff25
ff90
ffe8
001a
003b
002f
fff6
ffa9
ff6c
ff51
ff62
ffc9
003f
0063
004a
0043
006e
007e
006f
0083
00bf
0103
0131
013c
0124
00e7
009a
0050
0008
ffcd
ff8b
ff2d
fee8
fef5
ff48
ffac
fff0
000c
0028
004e
0046
0003
ffa5
ff60
ff2d
fefb
fee1
ff05
ff76
fff5
004d
007a
00a1
00a8
0054
ffcd
ff44
fee5
fead
fe9f
fecb
ff2d
ffb0
0024
006b
0087
0091
0071
001e
ffc7
ff8b
ff7e
ff9f
0004
0098
0106
013a
0148
014f
0141
0118
00f4
00d0
008a
0019
ffb4
ff97
ffb5
ffe7
0010
0033
0054
0066
0046
fff9
ff9f
ff31
fecc
fea6
febe
ff02
ff6d
ffee
0068
00ca
0111
0148
0163
0135
00b9
0031
ffe0
ffb8
ff7b
ff5a
ff85
ffc0
0001
0054
00a5
00d1
00d0
00d5
00c9
007f
0024
ffdd
ffbe
ffb7
ffc4
ffe8
0008
0021
002d
0013
ffd6
ff9a
ff7e
ff8d
ffc3
0007
003b
004c
004a
005b
008b
0099
0071
0052
0030
ffeb
ff8b
ff1a
feb1
fe71
fe49
fe36
fe63
fea6
fed2
ff11
ff59
ff7a
ff73
ff73
ffad
0016
007c
00b0
00be
00b3
009e
009c
00c5
0119
0141
0120
00db
0084
001d
ffac
ff61
ff68
ffc6
0054
00d7
0120
0105
00ac
0083
006b
003c
0020
000b
ffdd
ff9a
ff69
ff6d
ffaa
0000
004d
006d
005d
0036
0008
ffdc
ffb7
ffa5
ffa6
ff96
ff40
fed7
febd
fee1
ff2b
ffa2
0029
00ab
0124
0183
019e
014c
00d4
0078
0038
0008
ffe5
ffd8
ffd9
ffe3
0003
003e
0076
0072
0036
ffe3
ff8b
ff39
fee9
fe9f
fe74
fe85
fedf
ff52
ffae
000a
004c
004d
0028
fff7
ffc6
ffbf
ffdf
0001
0037
0076
0091
0078
0045
0021
0012
0000
ffd9
ffc2
ffdd
0020
006a
00a5
00c8
00a5
0049
000b
0001
000a
0005
000a
0026
0042
004e
0050
004c
0041
002c
0016
000c
0004
ffbe
ff6f
ff65
ff55
ff51
ffaa
0000
000e
fff7
ffe3
ffeb
000b
0034
0058
0066
0033
ffce
ff81
ff6b
ff7f
ffa6
ffc2
ffc7
ffb8
ff96
ff77
ff88
ff98
ff7f
ff7a
ff98
ffbe
ffd5
fff6
0049
00c9
013e
0171
0175
015b
0120
00be
0060
002c
ffd4
ff7d
ff97
ffeb
0016
fff5
ffcb
ffb9
ff9e
ff78
ff67
ff78
ff81
ff6b
ff5c
ff78
ffb1
ffc3
ffb3
ffa5
ffa2
ffad
ffca
fff7
000f
fff9
ffdd
ffd8
fff0
0029
0064
007f
0083
0086
0091
009d
00a8
00a9
008e
006a
005b
004e
0030
000f
fffa
fff5
fffe
0026
0068
009d
00ac
0088
0041
fff0
ffad
ff7e
ff56
ff34
ff1b
ff30
ff81
ffe8
0051
00ac
00e3
00da
009e
0079
007d
0088
0066
0030
001b
0019
000b
ffea
ffc0
ff98
ff7a
ff76
ff81
ff81
ff90
ffb4
ffd2
ffe8
0003
001e
0017
fff3
ffe0
ffdf
ffda
ffcb
ffb8
ffae
ffc6
fff5
0025
003e
0050
0068
006d
006a
0060
0021
ffd6
ffbe
ffb4
ffb8
ffcb
ffbc
ff8c
ff7a
ffbb
0030
0087
00a8
0096
0060
001e
ffd9
ff8d
ff4b
ff1b
ff0d
ff3c
ff8c
ffbb
ffb8
ffae
ffce
fffa
001d
004c
0084
00be
00f9
011f
011d
00f8
00b6
0068
0034
001d
0012
000a
fff6
ffc6
ff76
ff13
feb8
fe6e
fe46
fe3d
fe25
fe1c
fe5a
fef0
ffa5
0025
005d
007a
00a8
00b4
0087
004c
003c
004a
003b
0034
0055
0072
006f
0052
003b
003f
005c
0073
0073
006e
0086
008d
0059
0020
ffe8
ffad
ffa6
ffd5
000f
0019
ffdf
ff87
ff68
ff85
ffa5
ffa3
ff81
ff5c
ff4b
ff72
ffe7
0071
00be
00a1
0054
0012
0001
0034
007d
007e
0043
ffeb
ff88
ff57
ff68
ff84
ffca
004a
00b7
0112
0162
0166
0119
00ac
0059
000e
ffc9
ffef
0041
0045
002f
0004
ffa9
ff4b
ff15
ff02
fee5
fec7
fedd
ff0f
ff38
ff52
ff81
ffee
0087
00ee
00fc
00ee
00d3
00b7
00bb
00c6
00bb
009c
007e
0073
0064
0015
ff89
ff40
ff22
ff0d
ff51
ff9a
ff85
ff6d
ff88
ffca
0007
004a
00a5
00ea
00f6
00d5
00a7
008e
009c
00ba
00d1
00d1
00a4
0067
005c
0079
009c
00bd
00c9
00b9
008b
0045
fff3
ffb5
ff8d
ff7d
ff81
ff94
ffa3
ff9d
ff69
ff17
fedf
fec4
fec1
fefe
ff27
ff0c
ff3f
ffca
003e
006f
0067
004d
004c
005f
0064
005f
003b
ffea
ffae
ff93
ff61
ff2d
ff1c
ff3c
ff8d
fff0
0034
006b
0088
0051
fffd
ffb9
ff6b
ff4b
ff8c
fffd
0080
00fc
012a
0107
00cd
00bd
00d7
00ea
00dc
00c9
00cf
00be
0093
0064
002d
fff9
ffc6
ff82
ff39
ff17
ff32
ff6c
ff89
ffa2
ffbc
ffbc
ffb7
ffc4
ffee
0016
002f
0041
0051
005d
0062
0066
005c
0025
fffb
fffd
ffe3
ff8f
ff2d
ff02
ff13
ff3b
ff5e
ff81
ff9d
ff92
ff81
ff98
ffc6
0005
0060
009c
00a0
0087
0083
0092
009d
00bd
00f2
0114
010a
00d3
007d
0031
fffe
ffce
ffb8
ffc0
ffca
ffcd
ffce
ffce
ffb9
ffa1
ffbe
ffe4
ffe8
ffec
ffea
ffd6
ffd2
ffd8
ffd8
fff5
002b
005b
0064
0055
0045
0028
fffd
ffc7
ff77
ff25
ff09
ff2a
ff72
ffc6
000a
0030
003b
0063
00a4
00b7
0099
0051
ffec
ff89
ff44
ff1c
ff26
ff69
ffd5
002d
004c
0046
0046
005d
0072
006d
0049
0019
0012
0042
0052
0030
000a
ffef
ffe5
fff2
0004
0012
0016
0015
000e
0001
fff7
fff2
ffe4
ffd2
ffce
ffe8
0016
0049
0071
0080
007d
006b
0052
002d
ffea
ffa5
ff8c
ffb1
ffe7
0007
0022
002c
0016
0005
fff7
ffd8
ffb4
ff90
ff6b
ff39
ff31
ff82
fff6
0049
0068
008b
00c1
00df
00c2
0079
0026
ffda
ffa1
ff90
ff9b
ff9f
ff7e
ff34
fef0
fef5
ff39
ff8d
ffc9
ffdd
ffdd
ffee
fffd
fffd
000e
0038
0063
0075
0073
006a
005c
0059
0066
005d
0051
005f
006d
0064
0043
000b
ffd4
ffbb
ffcd
fffa
0022
003e
0049
003b
0007
ffcb
ffbf
ffd8
fffb
001d
0033
0043
0062
006a
003a
ffec
ffb7
ffb8
ffea
002c
0059
005d
0037
fffb
ffcf
ffa9
ff7e
ff84
ffb3
ffdf
fff9
fff6
ffc7
ff7a
ff43
ff64
ffc3
0029
005f
0064
0041
fff9
ffb8
ff90
ff74
ff6f
ff92
ffd5
0001
000b
0025
0033
0031
005c
008a
0099
00a8
00b0
00a4
00a1
009d
0087
0066
004a
0036
000a
ffdc
ffc9
ffb7
ffa2
ffa2
ffbe
0003
006f
00ae
00a8
0084
0059
0026
ffe8
ffb1
ff96
ff90
ff93
ff90
ff7b
ff5e
ff61
ffa8
ffe5
ffdf
ffb8
ffa8
ffae
ff9a
ff7e
ff8b
ffd6
0020
0038
0041
0031
0003
ffe7
ffea
fff9
000b
0022
0038
002b
0004
ffeb
ffd9
ffca
ffbf
ffc3
ffc4
ffb4
ffcd
0008
0017
000c
0019
0054
008b
00a9
00cf
00f6
00fe
00bb
0060
0020
0000
ffb8
ff3d
fef8
ff06
ff3f
ff61
ff64
ff56
ff35
ff15
ff1b
ff65
ffca
0013
0054
0092
00be
00c5
00af
0099
0093
009d
00b0
00dc
00f0
00a0
0028
ffce
ffa6
ffa8
ffb9
ffce
ffe3
fffa
001e
0067
00b2
00af
006f
0028
ffea
ffb4
ff88
ff7b
ff85
ff94
ff94
ff81
ff64
ff40
ff3d
ff6c
ff93
ffc0
000f
0043
005f
008f
00bd
00cd
00bb
0075
0015
ffcd
ff7b
ff0a
fe91
fe45
fe36
fe53
fea7
ff2b
ffb8
002f
007e
008f
0084
0084
0098
00bb
00e3
00ff
00f1
00ac
0054
0004
ffd1
ffc0
ffdf
0015
001b
0004
0010
0047
008d
00b6
00a1
0067
0034
0007
ffe7
ffda
ffa9
ff64
ff5e
ff8b
ffb8
ffcf
fffb
0042
006f
0083
007f
0049
0000
ffc3
ff7e
ff3f
ff06
febe
fe8a
fe9f
fefb
ff82
0026
00d8
013d
0106
0067
ffc6
ff74
ff6f
ff92
ffb5
ffc6
ffb7
ff85
ff5a
ff64
ffaa
fff3
001b
003e
005d
0073
007e
009a
00d3
0106
0109
00d0
007d
0030
fffa
ffd1
ffb0
ffa8
ffd1
ffe8
ffc6
ffb1
ffc6
fff2
001b
0045
006b
007a
006d
004d
0031
0016
fff9
ffe0
ffcd
ffb4
ff8f
ff68
ff55
ff60
ff9a
0000
0041
0049
003e
0034
002b
0016
0015
002c
003e
0038
0020
000e
0019
0036
003c
0034
0038
0047
0037
0000
ffe0
ffdd
ffd6
ffbc
ffac
ffbe
ffcd
ffd1
ffd8
ffeb
fff0
ffd8
ffca
ffb9
ff85
ff5c
ff64
ff9b
ffe1
000c
000b
0015
003f
006f
0096
00c1
00fd
0137
0153
0142
0100
00a7
0067
0037
0008
ffee
ffe3
ffe1
ffe1
ffdc
ffd2
ffd2
fff7
0037
0047
001e
ffe8
ffca
ffa8
ff5d
ff14
feec
fedd
feb5
fe94
febd
fefb
ff3d
ff97
ffee
001b
0016
0004
fff2
ffbe
ff70
ff41
ff76
ffea
005b
0093
0095
0073
0042
0013
fffe
0010
0033
004d
006e
0080
0076
0062
0051
0054
0076
00a0
00af
00a5
0091
007a
0063
0049
0029
000f
fff9
ffda
ffbc
ffae
ffbb
ffb4
ff88
ff55
ff38
ff2a
ff0a
ff09
ff38
ff74
ffb3
fff7
0034
0045
002f
002f
0031
0022
0028
002c
0010
ffe7
ffce
ffda
0000
0024
0037
003b
0034
0025
0013
000c
0016
002f
0047
0058
005d
0067
0084
009e
0096
006a
0045
004c
0072
0087
0076
0057
0038
0024
0015
0017
0021
000b
ffe3
ffc6
ffbb
ffb0
ff9a
ff85
ff6d
ff4a
ff2b
ff2a
ff48
ff6f
ff8b
ff94
ff93
ffaa
ffe3
fffb
fff5
0000
0012
001d
001d
0031
0062
009d
00d3
00f4
00e0
008f
001b
ffb8
ff82
ff81
ffac
ffe7
000b
fffa
ffdd
ffdc
fff5
0021
004c
004d
0038
0021
ffe5
ff9f
ff6f
ff31
ff13
ff31
ff43
ff46
ff69
ffb0
ffea
fffd
0041
0088
006f
0060
007e
0086
0072
0068
008b
00c4
00de
00bf
00a5
009e
0072
0020
ffce
ff9a
ff6f
ff3f
ff1f
ff20
ff4c
ff9b
fff2
0028
002b
0019
001d
003f
005f
005b
0050
0041
0020
ffee
ffae
ff7f
ff81
ff9f
ffad
ffaa
ffb9
ffee
0015
0024
0038
004e
0064
0087
00b0
00c8
00b4
0080
0041
000a
ffe0
ffbb
ff96
ff7f
ff7d
ff81
ff7a
ff72
ff89
ffb0
ffce
fff0
0008
0003
fff3
ffd9
ffbb
ffbb
ffca
ffc7
ffc7
fff9
006a
00cf
0103
0120
0132
0123
00da
0083
0033
ffe0
ff9f
ff67
ff1b
ff1b
ff6c
ff98
ff9f
ff9d
ff87
ff55
ff29
ff4b
ff85
ff9e
ffb9
fff3
003f
0078
00b7
0106
0118
00ea
00af
008d
0078
0062
005f
004e
000b
ffc0
ff81
ff41
feec
fea2
fe94
feb2
fee5
ff27
ff76
ffbe
ffe8
fff5
ffee
ffef
0012
004c
0071
0066
0047
0057
0073
007d
008a
0091
008d
009d
00b7
00c5
00cd
00da
00e2
00ca
00b2
00b2
00a4
006e
001d
ffda
ffb7
ffbb
ffee
0025
002b
000a
ffdf
ffb9
ffbb
ffd5
ffd1
ff9f
ff52
ff11
ff06
ff31
ff69
ffa3
ffdd
0005
0017
0021
002c
000b
ffbb
ff90
ff84
ff70
ff5a
ff64
ff93
ffc4
fff2
002d
0079
00b0
00b7
009e
007c
005b
0047
0026
ffe3
ffa2
ff89
ff98
ffb3
ffcf
fff5
0013
002d
004c
0058
0050
004a
0054
0062
005d
0051
0049
0038
000e
ffca
ff85
ff62
ff6c
ff8b
ffad
ffd9
0012
0038
002d
0016
0005
fffe
000f
0025
0024
0022
002c
0034
002d
001a
0007
fff9
ffdc
ff97
ff4e
ff14
fee6
fec4
fed0
ff25
ff88
ffe5
005b
00b7
00d7
00de
00fb
0128
0139
0123
00f9
00bd
007a
0038
fffb
ffbf
ff93
ff93
ffbb
ffe8
fff0
ffd8
ffbf
ffb3
ff98
ff64
ff52
ff6f
ff93
ffb5
ffd6
fff3
0001
fffd
ffea
ffdc
ffe1
fffd
0036
008e
00ed
0116
00f9
00b6
004e
ffdd
ffb1
ffcf
000c
0046
007d
00b3
00c9
00b6
0087
0066
005c
0058
0038
0010
0001
fff6
ffdf
ffbe
ffad
ffbb
ffe0
fffe
000c
0013
001b
0029
0034
0033
002c
002f
0034
003b
004c
0057
004d
002b
0000
ffdf
ffda
ffe3
ffea
fff0
ffe1
ffb7
ff96
ff9d
ffbb
ffb4
ffac
ffcd
ffea
0015
0064
008f
0087
0063
0021
ffdf
ffae
ff76
ff27
fee5
fed9
ff08
ff55
ff94
ffbc
ffd9
ffea
ffee
ffec
ffe0
ffc7
ffb1
ffbf
ffee
001a
002d
0030
0042
0045
0030
0030
003e
003f
003c
0034
0031
004a
006a
0066
0038
0000
ffdc
ffc9
ffc4
ffd6
0004
002b
0025
0016
0003
ffdc
ffc2
ffc3
ffd8
0008
003f
004a
003b
0042
006f
008a
0072
004a
0036
003a
0045
0043
0030
000e
ffea
ffd1
ffce
fff6
0041
0073
0079
0060
0045
0033
0026
0015
fff2
ffbb
ff81
ff56
ff44
ff48
ff67
ffa8
fff0
0026
003f
003c
0038
004a
0049
002f
0020
0016
fffb
ffcd
ffb5
ffcf
fffd
001b
0022
0020
0013
0001
0000
0007
000f
0026
0034
0028
0022
0019
fff5
ffb9
ff73
ff35
ff2a
ff56
ff90
ffaa
ff96
ff68
ff4f
ff59
ff73
ff8d
ffa5
ffb9
ffb1
ff9b
ffae
ffda
0005
002d
0049
0051
004d
0054
0066
0062
006b
008d
008e
007c
006b
005b
006a
00a5
00c9
00b9
0086
0049
0000
ffb0
ff7d
ff6f
ff81
ffb0
ffe1
fff3
fffb
0004
0008
000f
0020
0033
0037
0022
0000
ffdf
ffbf
ff9d
ff7e
ff64
ff43
ff1c
ff0d
ff3b
ff81
ffaa
ffb1
ff9e
ff8d
ffa8
ffdf
0012
0037
004d
0055
0051
0059
0079
0088
008e
009e
00b0
00b4
00a7
00b0
00d3
00e7
00e3
00d7
00d1
00bf
0095
0057
0016
ffda
ffa2
ff8f
ffa5
ffc2
ffd2
ffc0
ff7d
ff2e
feff
fee8
fee2
fef4
ff23
ff6c
ffad
ffbf
ffbf
ffd5
fff2
000c
0024
002c
0022
000e
0001
fff7
ffe3
ffc9
ffb8
ffae
ff97
ff9a
ffdc
001b
003c
005c
0098
00c6
00a0
004d
000c
fff2
ffd9
ffce
0008
0063
00a8
00cd
00e0
00e7
00d1
0093
003c
fff5
ffd4
ffd2
ffd5
ffc6
ffa9
ff96
ff9f
ffbc
ffcb
ffcb
ffcf
ffd6
ffd9
ffd9
ffe4
0000
0020
0021
fffd
ffcb
ffad
ffa3
ff9a
ff8b
ff81
ff88
ff8c
ff8b
ff8b
ff90
ff97
ffa6
ffc2
ffea
000c
0013
0000
fffb
0005
000b
0000
ffe7
ffcb
ffaa
ff82
ff6d
ff9a
ffee
0029
004d
005d
005c
004a
0036
002d
002d
0042
0076
00a3
00b3
00b3
00ab
009d
0082
0057
0026
0007
0003
0012
001d
0038
0067
0088
00a1
00b6
00a8
008d
0076
0046
0005
ffce
ffa3
ff87
ff81
ff90
ff9a
ff88
ff6b
ff3d
fef8
feb3
fe8c
fe91
fec0
ff02
ff44
ff8d
ffe5
0045
009a
00d0
00d3
009a
005c
0062
008b
00a3
008b
0078
0079
006d
0066
0064
0047
001e
fffa
ffd4
ffc0
ffd4
fff6
000e
0015
001b
002c
0030
0007
ffda
ffd9
ffd6
ffce
ffd6
ffeb
fffd
fffe
ffea
ffc0
ff90
ff7e
ff85
ff8d
ff93
ffa1
ffbe
ffd4
ffe0
fff5
0019
0049
0076
0098
009e
007f
0055
0038
002f
0036
0045
004c
0049
0034
fff9
ffbc
ffb0
ffc0
ffca
ffb5
ff82
ff53
ff46
ff59
ff77
ff94
ffb3
ffcb
ffe1
0007
0029
0028
0021
0022
001e
0022
0034
003f
003e
0025
fffd
fff2
0013
003a
004d
0051
0057
005f
0067
006d
0062
0047
003c
0033
0015
fff6
ffd9
ffb7
ff94
ff73
ff53
ff38
ff31
ff4a
ff5c
ff65
ff7d
ffa2
ffd5
0012
003c
004d
005d
0066
006a
0075
007d
007d
0079
0054
0010
ffe1
ffdc
ffec
ffe8
ffcd
ffb0
ffa1
ffa6
ffbf
ffdf
ffe4
ffcd
ffc7
ffb3
ff72
ff38
ff1a
ff15
ff31
ff65
ffa9
ffee
001b
0024
001a
fffd
ffc6
ffad
ffd1
001e
0083
00d7
00f2
00dc
00a3
0052
0013
fff7
ffe8
fff6
001d
003e
004d
0054
0062
0073
0084
0093
009e
00a0
0084
003a
ffd1
ff8c
ff8b
ffbe
fffd
0025
0022
fffe
ffd6
ffc0
ffac
ff90
ff7e
ff7f
ff9e
ffd4
ffec
ffec
fffd
0003
000b
003b
0068
0067
003f
0017
000c
0019
0029
002d
0020
000c
0000
fffd
fffd
0001
0013
0028
002d
001a
fffa
ffdd
ffc7
ffb1
ff97
ff81
ff72
ff64
ff70
ff8d
ffa6
ffc3
ffe7
000a
0026
003b
0047
0055
0059
0045
002b
0026
0037
0041
0034
001b
ffef
ffbc
ffa8
ff9f
ff8f
ff7e
ff74
ff7e
ff9a
ffca
fff6
0000
fffd
000e
0029
0031
001d
000f
0024
0055
007a
0080
0071
0062
004d
002b
0012
fff5
ffb9
ff9b
ffa8
ffb1
ffb5
ffc3
ffe5
0008
0028
0049
0055
0051
0063
0072
0071
0075
0073
0066
0067
006b
0060
0051
004a
004a
003e
0031
0036
003e
0043
0047
0057
005d
0046
0026
0005
ffdd
ffb3
ff9f
ffae
ffb9
ffa6
ff78
ff52
ff4a
ff60
ff92
ffd6
0017
003f
004d
0047
0028
ffea
ffa8
ff72
ff52
ff55
ff7b
ffb3
ffd6
ffee
0008
001a
0010
fff0
ffd1
ffbb
ffa9
ff9e
ffa5
ffc2
ffe5
0008
0029
0043
0054
005d
005f
005c
0058
0054
004d
003e
0021
fffe
ffea
ffe4
ffe7
ffee
fff0
ffec
ffef
ffe7
ffce
ffb7
ffa8
ffa5
ffb4
ffd1
fff0
000c
0029
0043
0038
0029
0037
0041
0038
0025
0013
0000
ffec
fff6
0008
0004
0001
0017
003a
0041
002b
0015
fff9
ffda
ffcf
ffd2
ffe0
0005
0022
002c
003a
004d
0058
0051
0036
0015
0004
fffe
fff3
ffe4
ffe4
fffd
0015
001e
0019
0012
fffe
ffd2
ffa6
ff93
ffa5
ffd1
0003
0031
0058
0064
0043
0022
000f
fffa
ffdf
ffc6
ffb8
ff98
ff7f
ff94
ffaa
ffad
ffbc
ffad
ff81
ff81
ff8c
ff8c
ff9e
ffad
ffbe
0004
0057
007d
008f
008a
0071
0062
0066
006e
0063
003e
0000
ffb7
ff81
ff7d
ffa2
ffc9
ffc7
ffb5
ffa3
ff96
ff9a
ffaa
ffb8
ffcf
fff3
000b
000c
fffb
ffe7
ffdd
ffea
0015
003f
004a
0031
000f
0003
0017
003f
006f
00ab
00d0
00be
0093
0064
002f
ffec
ffb7
ffb3
ffda
0010
0038
0046
0033
0005
ffe8
ffe7
fff6
0007
0000
ffc9
ff84
ff5e
ff77
ffce
0031
0057
0046
0025
000a
ffec
ffc9
ffb0
ffa2
ff97
ff81
ff7b
ff94
ffb3
ffe1
0025
0058
0059
0031
0016
0004
ffe4
ffca
ffc4
ffdf
0022
0071
0095
0080
004a
001e
0013
0017
0007
ffdf
ffb1
ffa2
ffd8
0042
009e
00bb
00a3
008e
007e
0067
0049
000e
ffb9
ff7a
ff73
ffa6
ffe3
0008
0012
0012
0019
0025
0029
001a
0000
fffe
0016
0037
0051
005c
005f
0066
0068
0051
001a
ffea
ffe3
ffe1
ffcd
ffaa
ff85
ff6c
ff6d
ff90
ffcb
0008
0031
003e
0031
0013
ffea
ffb9
ffac
ffcb
fff7
002f
006d
008a
006e
0024
fff3
ffe3
ffe1
ffe3
ffe3
ffe1
ffd8
ffcd
ffd1
ffe8
0001
0007
fffb
ffdd
ffb0
ff8c
ff6f
ff48
ff32
ff31
ff34
ff59
ff97
ffbf
ffcd
ffda
fff7
0015
0025
002b
0029
0030
0047
0063
0066
0041
000e
ffe3
ffbe
ffa1
ff96
ffa5
ffc7
ffeb
0000
0008
0001
ffe3
ffc9
ffd5
ffe8
fff7
0001
fff6
ffdf
ffd6
ffd2
ffcb
ffc9
ffdf
0008
0033
0057
0073
007f
007c
006e
0063
006a
007c
0073
0050
0026
000e
0000
fff0
ffea
ffe5
ffdd
ffd1
ffd5
fff3
0010
0019
0007
fff2
fff2
0005
000c
0010
002b
003a
0034
002f
0026
001d
000f
fffe
fff5
0007
0022
0031
0036
003c
0042
0038
0028
001b
0010
0005
fff5
ffd1
ffa1
ff7b
ff78
ff87
ff93
ffa9
ffc2
ffd4
ffeb
0003
0012
000e
0003
fffe
fff7
ffe0
ffb7
ff9b
ff93
ff92
ff93
ffa1
ffc0
ffe4
0000
001a
002c
0033
0033
0030
0028
0015
000a
000e
0015
0010
fffe
ffe1
ffd5
ffdd
ffdf
ffd4
ffc6
ffbe
ffcd
fff6
0029
0058
0079
0087
0086
007c
0073
0073
0076
005d
0030
0005
fffb
0000
fffb
ffe4
ffc4
ffae
ffb7
ffd2
ffe3
ffe0
ffd9
ffdd
ffeb
fff6
fff6
ffee
ffe7
ffe7
ffef
0003
001e
0033
002f
0015
fff2
ffd1
ffbc
ffc7
ffe7
ffe5
ffc6
ffa1
ff7a
ff68
ff85
ffc4
000c
004a
005c
0041
0010
ffe4
ffc2
ffae
ffbc
ffe1
0000
0012
0013
0001
ffec
ffdc
ffd4
ffdd
fffe
002f
0054
005f
006a
006e
0067
0054
0047
0050
005d
005f
004d
0026
0000
ffea
ffd8
ffc6
ffbb
ffc2
ffcb
ffc3
ffb9
ffc9
fff9
0025
003b
003f
0036
0028
001e
0019
0013
0003
ffdd
ffb3
ffa1
ffa1
ffaa
ffb8
ffbe
ffbc
ffc6
ffe7
0016
0036
004a
0060
0078
0082
007a
0063
0047
0029
001a
000b
ffe8
ffc7
ffbe
ffce
ffe3
ffe8
ffd8
ffbc
ffb4
ffcb
ffdd
ffdc
ffd8
ffc9
ffb8
ffc2
ffe1
0007
0021
0021
0010
000b
001a
0030
0037
002d
001a
0004
fff6
fff3
fff5
0001
0017
001d
000a
fff0
ffdd
ffcb
ffb8
ffbc
ffc7
ffc4
ffcb
ffe3
fffd
0005
0000
fff6
ffe5
ffd6
ffd8
fff2
0007
fffd
fff3
0007
002b
003b
002d
0012
fff9
ffd2
ff9a
ffae
001a
0058
0028
ffcd
ffcd
0008
0026
000a
fff6
001b
0045
0042
001e
0016
0033
0054
0057
004c
0050
0051
003f
001a
0003
0001
0004
fffd
fff2
fff9
0008
0020
003b
0041
0029
000c
0007
000f
0008
fff2
ffd8
ffc6
ffc6
ffca
ffbe
ffb5
ffc6
ffe3
fffd
000c
0012
0012
0016
0026
0026
0007
ffea
ffd9
ffc3
ff9a
ff76
ff74
ff94
ffc7
fff9
001b
0031
003c
002c
000c
fff5
ffd8
ffb7
ffa1
ffa8
ffbb
ffbe
ffc6
ffd8
ffe5
ffec
fff5
0008
001d
0025
0025
0021
0017
000a
fffa
ffec
ffe7
ffe1
ffdd
ffeb
0003
0010
000f
0010
0024
0038
0042
0045
0049
004c
003c
0019
ffef
ffce
ffb9
ffb7
ffcf
fff9
0028
0054
0076
0080
006b
0051
0042
0031
000b
ffd4
ffb0
ffae
ffc9
ffef
0017
0042
006e
0086
007e
0064
0050
0041
0022
0000
ffe8
ffcf
ffae
ff8f
ff88
ff9d
ffbe
ffdf
0000
001a
0028
0028
0024
0013
fffa
ffe7
ffd8
ffc6
ffac
ff82
ff55
ff38
ff44
ff78
ffc0
0000
002d
004d
0054
0043
0030
001e
0008
fffa
fff7
0000
0007
000f
001d
0033
0042
003c
002c
001d
000e
0004
0007
0019
0025
001e
0005
ffe8
ffc7
ffa1
ff81
ff72
ff7e
ffa6
ffe5
0026
0046
003b
001e
0000
ffe8
ffdf
ffd2
ffb9
ffa2
ffa6
ffc9
ffee
0007
0013
000e
fffa
ffdd
ffc0
ffaa
ffa2
ffad
ffcf
000a
0049
0079
0093
0092
007a
0055
0028
fffe
ffe4
ffd9
ffda
ffeb
fff6
fff6
fff3
ffe7
ffd8
ffdc
fff0
0003
0003
fffd
fffd
0008
0028
004a
0049
002c
000f
fffd
fffe
000c
000e
0000
fff3
ffe4
ffd6
ffc9
ffb3
ff97
ff82
ff8d
ffa5
ffa8
ffac
ffb9
ffbf
ffc6
ffd6
ffef
000a
002c
004c
0066
006e
005f
0041
001d
0000
fff7
0001
0015
0031
0052
0066
006a
0063
004d
0029
0008
0000
0000
fffa
fff5
fffa
0000
fff6
ffea
ffef
fff6
0000
0012
001d
0016
0000
ffe4
ffc3
ff9d
ff81
ff77
ff7b
ff98
ffc4
ffe7
fffe
000c
0012
000e
0000
ffee
ffe3
ffeb
0007
001e
0020
001a
0019
001d
0020
0020
001d
0017
0012
0010
0010
0016
0025
0034
0046
005c
0064
005c
004e
003a
0024
0016
0012
000a
fff5
ffda
ffca
ffca
ffd5
ffe3
ffec
fff5
0000
000c
0015
0004
ffdc
ffb8
ffad
ffad
ffb3
ffc3
ffd8
ffe3
ffe3
ffef
fffe
0001
0001
0001
0003
0008
0007
fffb
fffd
000a
000b
000f
0016
001a
0020
002c
003b
0042
0038
0021
0012
0010
000c
0003
fffa
fff5
ffef
ffe8
ffeb
fffa
000b
000f
000b
000c
0012
000f
fffd
ffeb
ffe4
ffe0
ffd9
ffce
ffc2
ffb1
ff9d
ff89
ff84
ff94
ffb4
ffce
ffdc
ffe1
ffea
fff6
fffd
ffea
ffca
ffc0
ffc9
ffcf
ffce
ffd4
ffe7
0000
001b
003b
0059
0066
0058
003f
0029
001d
001a
001a
0016
0017
001b
001e
0019
0015
001b
0026
0029
001d
0008
fff5
ffea
fff2
fffa
ffea
ffc3
ff9f
ff89
ff88
ff9d
ffc0
ffe7
0005
001a
002b
0041
0057
006b
0075
0064
003e
0010
ffef
ffdd
ffda
ffdf
ffe3
ffea
0000
001b
002c
002c
0025
0022
001e
0012
fffe
ffeb
ffe1
ffe7
ffec
fff0
fffa
0001
000b
0019
0021
0024
002c
0031
0030
0021
0004
ffeb
ffe3
ffe3
ffe1
ffdc
ffd9
ffda
ffd8
ffdd
ffec
fff0
ffec
ffeb
fff6
000b
0021
0026
0025
0022
0015
0003
fff9
fffa
fff6
ffe3
ffd2
ffd1
ffdc
ffe1
ffe1
ffe8
fff5
0005
0016
0024
0028
0021
001a
001b
0020
001d
0012
000f
000f
000a
0003
fffb
fffa
000c
0025
0033
0036
002b
0016
0003
fff9
fffa
0003
000b
0007
fffb
fff0
ffef
fff7
0003
0010
0013
0008
fff5
ffd9
ffc0
ffb7
ffb4
ffb7
ffc2
ffd2
ffe0
ffe5
ffe7
ffe5
ffdd
ffd4
ffce
ffd1
ffd5
ffdf
fff0
fff6
ffef
fff2
fffe
0007
0012
0019
0017
0015
001a
0024
002c
002d
002c
0026
0022
0022
002d
003a
003c
002d
0017
000a
0003
0003
0003
0004
0004
fff7
ffdd
ffc3
ffb8
ffb7
ffb8
ffbc
ffd2
fff7
0012
0024
0029
0022
0015
000b
000b
000e
0008
fff9
ffe1
ffca
ffb7
ffae
ffb5
ffc0
ffd5
fff9
0013
001e
0024
0026
0026
001a
000f
000a
0003
fffe
0008
0026
0046
0058
0050
003a
0021
000a
fff0
ffd1
ffb5
ff9f
ff97
ffa8
ffc6
ffe3
0007
002c
0045
0045
003b
0031
0020
0012
000c
fff9
ffd8
ffb3
ff89
ff6c
ff6c
ff81
ff9e
ffbb
ffce
ffdd
fff2
000b
0021
0024
0013
0005
0012
0025
002f
0036
0033
0026
0016
000f
0017
0025
002b
0026
0029
0034
0045
0055
005d
0058
0043
0036
003b
003a
002f
0022
0016
0000
ffe4
ffd5
ffda
ffea
fff3
fff5
fff7
fffd
0005
000f
0017
001b
0016
000f
0007
fff0
ffd4
ffb7
ff9b
ff7e
ff65
ff69
ff7f
ffa3
ffc7
ffe3
fff6
0003
000c
0013
0015
0004
ffeb
ffdd
ffd6
ffcd
ffcd
ffdf
fff6
0007
0015
0025
0036
0037
0024
0010
0000
ffe8
ffd2
ffc3
ffbe
ffca
ffe0
fff0
fffa
0003
0008
0012
001e
002b
0030
0031
0036
0037
0031
002d
002f
0030
002f
0026
001b
000f
0003
fffb
fffa
fffa
fff2
ffe5
ffdc
ffda
ffe1
ffee
fffe
000c
0013
0013
0012
0010
000c
0005
fff9
ffe1
ffc9
ffb4
ffac
ffb8
ffd5
fff6
000c
0012
000a
0003
0003
fffb
fff2
fff2
fff7
fffd
fffd
fff9
fffe
0012
0025
002c
0024
0016
000f
001a
002f
003e
003f
0037
002d
0024
001d
0019
000e
fff9
ffe3
ffdc
ffe1
ffe5
ffe3
ffdc
ffd8
ffdc
ffd9
ffd5
ffe0
ffef
fff6
0000
000a
0013
0010
000b
000b
000c
000c
000c
000e
0007
fff9
ffeb
ffe7
ffe5
ffda
ffcb
ffcb
ffda
ffe7
ffeb
fff2
fff7
fff5
fff5
fff9
fffd
0000
0007
0012
0017
0012
0005
fff5
ffdd
ffca
ffc6
ffd6
ffee
0000
000a
0007
0001
fffd
fff9
fff2
ffec
fff6
000a
001b
0026
002b
0026
0019
0007
fffa
ffee
ffe8
ffeb
fff2
fff6
fff5
ffef
ffe8
ffe7
ffec
fffa
000b
001a
0021
001b
000f
0000
fff0
ffea
ffe8
ffeb
fff2
0000
0007
0004
fffa
fff2
fff7
0008
0017
0017
0008
0000
0005
000c
0003
ffeb
ffd5
ffd4
ffe5
fffa
0007
000e
000e
000e
0012
001d
0026
002b
0029
0020
0015
0010
0012
0010
0003
fff5
fff0
fffa
0008
0017
0025
002c
002b
0020
0012
0000
fff5
fff0
ffef
fff0
ffee
ffe7
ffdd
ffdf
fff0
0008
0019
0016
000a
fffe
fff6
ffef
ffe8
ffe1
ffdc
ffda
ffe3
fff3
0004
000f
0012
000f
000e
0005
fffa
ffee
ffe4
ffe0
ffe3
ffea
ffee
fff3
fff6
fff6
fff7
fff9
fff7
fff5
fff0
fff0
fff6
fffd
0000
fffb
fff2
ffe7
ffda
ffd1
ffce
ffcf
ffd6
ffea
fffe
000e
0019
0024
0030
003a
003f
003c
0030
0029
002c
002f
0026
0016
000b
0005
0001
fffa
fff6
fff5
ffec
ffea
fff6
fffd
fff5
ffe8
ffe5
ffe5
ffdd
ffda
ffda
ffdd
ffe4
fff2
0004
0008
0007
000f
0012
000e
000f
0012
000f
000a
0003
fffb
fff2
ffeb
ffe7
ffdd
ffd9
ffdd
ffe3
ffea
fff0
fffa
0003
0008
0007
0005
0005
000a
000e
000f
000a
0007
000a
000c
000c
0005
fffa
fff0
ffef
fff0
fff3
fff6
fffa
0003
0010
0015
000c
0001
fff7
fff2
fff0
ffee
ffe7
ffe7
ffe4
ffe3
ffeb
fffa
0008
0015
001e
0024
001d
0016
0016
0010
0008
0003
fffd
fff6
fff2
ffee
ffec
ffef
fff3
fff9
0001
000e
0017
0013
000b
0001
fff9
fff7
fffe
0007
000e
000f
0010
0013
0015
0008
fffd
fff2
ffe8
ffe5
ffe8
ffee
fff3
fff5
fff0
ffea
ffe3
ffdf
ffda
ffd6
ffda
ffe4
ffec
fff5
fffb
0000
0004
0007
000a
000f
0015
0016
000f
0005
fffe
fffa
fffa
fffb
0001
000a
000f
0012
0015
001d
001e
001d
001d
001d
001a
0017
0010
0005
0000
fffe
fffd
fff9
fff2
ffe7
ffdd
ffdc
ffe7
fff2
fff5
ffee
ffe1
ffd8
ffd5
ffd4
ffd4
ffda
ffe5
fff2
fffb
fffe
fffe
0000
0003
000b
0013
0017
0017
0012
000c
0007
0001
0000
0000
0001
0000
fffa
fff9
fff9
fff6
fff9
fffe
0001
0004
0007
0008
0004
0000
fffa
fffb
0000
0004
0008
000e
0010
000c
0007
0005
0008
000b
000c
000f
0010
000f
0008
0000
fffd
fffb
fffa
fff7
fffa
0000
0005
000b
000f
0013
0013
0012
0012
000e
0000
fff6
ffef
ffee
ffeb
ffe8
ffea
ffef
fff5
fff6
fff7
fff6
fff3
fff2
fff0
ffef
ffeb
ffe7
ffe7
ffe7
ffea
fff3
fffe
0005
000b
000f
0012
0010
0010
0010
000f
000c
000a
0007
0003
0000
0000
0000
fffe
fffb
fff7
fff5
fff6
fff9
fffb
0000
0004
0005
0001
0000
0000
fffd
fffa
fff9
fff6
fff5
fff5
fff9
0000
000a
0010
0012
000f
000b
0008
000a
0008
0005
0004
0003
0000
0000
0003
000b
0010
0013
0013
0010
000b
0004
0000
fffd
fff9
fff2
ffee
ffee
ffea
ffe3
ffe0
ffdf
ffdf
ffe3
ffe8
fff0
fff9
fffb
fffd
fffe
fffa
fff6
fff3
ffef
ffeb
ffec
ffeb
ffea
ffef
ffee
ffea
fff3
fff6
fff2
fffb
0003
0007
0012
0019
001a
0021
0025
0020
0021
0021
001a
0015
000e
0008
0003
0000
0000
0000
0000
0004
000a
000e
000f
000f
000f
0012
0010
000f
0010
000f
000a
0004
fffe
fff6
fff0
ffeb
ffe7
ffe7
ffeb
fff3
fffb
0000
0001
0001
0001
0000
fffd
fffa
fff7
fff6
fff6
fff5
fff5
fff7
fff9
fffa
fff9
fff7
fff3
ffef
ffee
ffee
fff2
fff6
fff3
ffee
fff0
fff2
fff0
fff2
fff6
fffb
fffe
0000
0004
0005
0003
0000
0000
0000
0000
0003
0004
0004
0003
0004
0007
0008
0005
0001
0000
0000
fffd
fffb
fffe
0001
0004
0005
0005
0001
0000
0004
0007
0005
0005
0004
0004
0005
0007
0008
0008
000a
000a
0007
0003
fffb
fff5
fff2
fff3
fff6
fff7
fff7
fff7
fff6
fff5
fff5
fff6
fff7
fff7
fff5
fff2
ffef
ffee
ffeb
ffec
fff0
fff3
fff2
ffef
ffef
ffef
fff2
fff6
fffb
fffe
0001
0003
0005
0008
000a
000b
000c
0010
0012
000f
000b
0008
0005
0004
0004
0004
0004
0004
0003
0004
0005
0007
0008
0007
0005
0004
0004
0004
0005
0007
0008
0007
0003
0000
fffb
fff7
fff6
fff7
fffa
fffe
0000
0000
0001
0000
fffd
fffa
fff7
fff6
fff6
fff6
fff6
fff5
fff2
fff0
fff3
fff5
fff5
fff5
fff3
fff3
fff5
fff7
fff9
fffa
fffb
fffa
fffb
fffb
fffd
fffe
0000
0001
0003
0005
0007
0007
0007
0007
0005
0004
0000
0000
fffd
fffd
fffe
0000
0000
0000
0001
0001
0003
0003
0003
0001
0000
0000
0000
0000
0001
0004
0007
0007
0003
0001
0000
fffd
fffd
fffb
fff9
fff7
fff7
fff9
fffa
fffd
fffd
fffb
fffd
fffd
fffe
0000
0000
0000
0001
0003
0001
0001
0001
0000
0000
0000
0000
0000
0000
0000
0000
0000
fffe
fffe
fffd
fffd
fffd
fffd
fffb
fffb
fffd
fffe
0000
0000
0000
0000
0000
0000
0000
0000
0000
0000
0000
0000
fffe
fffe
fffe
fffe
fffe
fffe
fffe
fffe
fffd
fffd
fffb
fffb
fffb
fffd
fffe
fffe
fffd
fffd
fffd
fffb
fffb
fffd
fffe
fffe
fffe
0000
0000
0000
0001
0001
0000
0000
0000
0000
0000
0000
0000
0000
0000
0000
0000
0000
0000
0000
0000
0000
0000
0000
0000
0000
0000
0000
0000
0000
0000
0000
0000
0000
0000
0000
0000
0000
0000
0000
0000
0000
0000
0000
0000
0000
0000
0000
0000
0000
0000
0000
0000
0000
0000
0000
0000
0000
0000
0000
0000
0000
0000
0000
0000
0000
0000
0000
0000
0000
0000
0000
0000
0000
0000
0000
0000
0000
0000
0000
0000
0000
0000
0000
0000
0000
0000
0000
0000
0000
0000
0000
0000
0000
0000
0000
0000
0000
0000
0000
0000
0000
0000
0000
0000
0000
0000
0000
0000
0000
0000
0000
0000
0000
0000
0000
0000
0000
0000
0000
0000
0000
0000
0000
0000
0000
0000
0000
0000
0000
0000
0000
0000
0000
0000
0000
0000
0000
0000
0000
0000
0000
0000
0000
0000
0000
0000
0000
0000
0000
0000
0000
0000
0000
0000
0000
0000
0000
0000
0000
0000
0000
0000
0000
0000
0000
0000
0000
0000
0000
0000
0000
0000
0000
0000
0000
0000
0000
0000
0000
0000
0000
0000
0000
0000
0000
0000
0000
0000
0000
0000
0000
0000
0000
0000
0000
0000
0000
0000
0000
0000
0000
0000
0000
0000
0000
0000
0000
0000
0000
0000
0000
0000
0000
0000
0000
0000
0000
0000
0000
0000
0000
0000
0000
0000
0000
0000
0000
0000
0000
0000
0000
0000
0000
0000
0000
0000
0000
0000
0000
0000
0000
0000
0000
0000
0000
0000
0000
0000
0000
0000
0000
0000
0000
0000
0000
0000
0000
0000
0000
0000
0000
0000
0000
0000
0000
0000
0000
0000
0000
0000
0000
0000
0000
0000
0000
0000
0000
0000
0000
0000
0000
0000
0000
0000
0000
0000
0000
0000
0000
0000
0000
0000
0000
0000
0000
0000
0000
0000
0000
0000
0000
0000
0000
0000
0000
0000
0000
0000
0000
0000
0000
0000
0000
0000
0000
0000
0000
0000
0000
0000
0000
0000
0000
0000
0000
0000
0000
0000
0000
0000
0000
0000
0000
0000
0000
0000
0000
0000
0000
0000
0000
0000
0000
0000
0000
0000
0000
0000
0000
0000
0000
0000
0000
0000
0000
0000
0000
0000
0000
0000
0000
0000
0000
0000
0000
0000
0000
0000
0000
0000
0000
0000
0000
0000
0000
0000
0000
0000
0000
0000
0000
0000
0000
0000
0000
0000
0000
0000
0000
0000
0000
0000
0000
0000
0000
0000
0000
0000
0000
0000
0000
0000
0000
0000
0000
0000
0000
0000
0000
0000
0000
0000
0000
0000
0000
0000
0000
0000
0000
0000
0000
0000
0000
0000
0000
0000
0000
0000
0000
0000
0000
0000
0000
0000
0000
0000
0000
0000
0000
0000
0000
0000
0000
0000
0000
0000
0000
0000
0000
0000
0000
0000
0000
0000
0000
0000
0000
0000
0000
0000
0000
0000
0000
0000
0000
0000
0000
0000
0000
0000
0000
0000
0000
0000
0000
0000
0000
0000
0000
0000
0000
0000
0000
0000
0000
0000
0000
0000
0000
0000
0000
0000
0000
0000
0000
0000
0000
0000
0000
0000
0000
0000
0000
0000
0000
0000
0000
0000
0000
0000
0000
0000
0000
0000
0000
0000
0000
0000
0000
0000
0000
0000
0000
0000
0000
0000
0000
0000
0000
0000
0000
0000
0000
0000
0000
0000
0000
0000
0000
0000
0000
0000
0000
0000
0000
0000
0000
0000
0000
0000
0000
0000
0000
0000
0000
0000
0000
0000
0000
0000
0000
0000
0000
0000
0000
0000
0000
0000
0000
0000
0000
0000
0000
0000
0000
0000
0000
0000
0000
0000
0000
0000
0000
0000
0000
0000
0000
0000
0000
0000
0000
0000
0000
0000
0000
0000
0000
0000
0000
0000
0000
0000
0000
0000
0000
0000
0000
0000
0000
0000
0000
0000
0000
0000
0000
0000
0000
0000
0000
0000
0000
0000
0000
0000
0000
0000
0000
0000
0000
0000
0000
0000
0000
0000
0000
0000
0000
0000
0000
0000
0000
0000
0000
0000
0000
0000
0000
0000
0000
0000
0000
0000
0000
0000
0000
0000
0000
0000
0000
0000
0000
0000
0000
0000
0000
0000
0000
0000
0000
0000
0000
0000
0000
0000
0000
0000
0000
0000
0000
0000
0000
0000
0000
0000
0000
0000
0000
0000
0000
0000
0000
0000
0000
0000
0000
0000
0000
0000
0000
0000
0000
0000
0000
0000
0000
0000
0000
0000
0000
0000
0000
0000
0000
0000
0000
0000
0000
0000
0000
0000
0000
0000
0000
0000
0000
0000
0000
0000
0000
0000
0000
0000
0000
0000
0000
0000
0000
0000
0000
0000
0000
0000
0000
0000
0000
0000
0000
0000
0000
0000
0000
0000
0000
0000
0000
0000
0000
0000
0000
0000
0000
0000
0000
0000
0000
0000
0000
0000
0000
0000
0000
0000
0000
0000
0000
0000
0000
0000
0000
0000
0000
0000
0000
0000
0000
0000
0000
0000
0000
0000
0000
0000
0000
0000
0000
0000
0000
0000
0000
0000
0000
0000
0000
0000
0000
0000
0000
0000
0000
0000
0000
0000
0000
0000
0000
0000
0000
0000
0000
0000
0000
0000
0000
0000
0000
0000
0000
0000
0000
0000
0000
0000
0000
0000
0000
0000
0000
0000
0000
0000
0000
0000
0000
0000
0000
0000
0000
0000
0000
0000
0000
0000
0000
0000
0000
0000
0000
0000
0000
0000
0000
0000
0000
0000
0000
0000
0000
0000
0000
0000
0000
0000
0000
0000
0000
0000
0000
0000
0000
0000
0000
0000
0000
0000
0000
0000
0000
0000
0000
0000
0000
0000
0000
0000
0000
0000
0000
0000
0000
0000
0000
0000
0000
0000
0000
0000
0000
0000
0000
0000
0000
0000
0000
0000
0000
0000
0000
0000
0000
0000
0000
0000
0000
0000
0000
0000
0000
0000
0000
0000
0000
0000
0000
0000
0000
0000
0000
0000
0000
0000
0000
0000
0000
0000
0000
0000
0000
0000
0000
0000
0000
0000
0000
0000
0000
0000
0000
0000
0000
0000
0000
0000
0000
0000
0000
0000
0000
0000
0000
0000
0000
0000
0000
0000
0000
0000
0000
0000
0000
0000
0000
0000
0000
0000
0000
0000
0000
0000
0000
0000
0000
0000
0000
0000
0000
0000
0000
0000
0000
0000
0000
0000
0000
0000
0000
0000
0000
0000
0000
0000
0000
0000
0000
0000
0000
0000
0000
0000
0000
0000
0000
0000
0000
0000
0000
0000
0000
0000
0000
0000
0000
0000
0000
0000
0000
0000
0000
0000
0000
0000
0000
0000
0000
0000
0000
0000
0000
0000
0000
0000
0000
0000
0000
0000
0000
0000
0000
0000
0000
0000
0000
0000
0000
0000
0000
0000
0000
0000
0000
0000
0000
0000
0000
0000
0000
0000
0000
0000
0000
0000
0000
0000
0000
0000
0000
0000
0000
0000
0000
0000
0000
0000
0000
0000
0000
0000
0000
0000
0000
0000
0000
0000
0000
0000
0000
0000
0000
0000
0000
0000
0000
0000
0000
0000
0000
0000
0000
0000
0000
0000
0000
0000
0000
0000
0000
0000
0000
0000
0000
0000
0000
0000
0000
0000
0000
0000
0000
0000
0000
0000
0000
0000
0000
0000
0000
0000
0000
0000
0000
0000
0000
0000
0000
0000
0000
0000
0000
0000
0000
0000
0000
0000
0000
0000
0000
0000
0000
0000
0000
0000
0000
0000
0000
0000
0000
0000
0000
0000
0000
0000
0000
0000
0000
0000
0000
0000
0000
0000
0000
0000
0000
0000
0000
0000
0000
0000
0000
0000
0000
0000
0000
0000
0000
0000
0000
0000
0000
0000
0000
0000
0000
0000
0000
0000
0000
0000
0000
0000
0000
0000
0000
0000
0000
0000
0000
0000
0000
0000
0000
0000
0000
0000
0000
0000
0000
0000
0000
0000
0000
0000
0000
0000
0000
0000
0000
0000
0000
0000
0000
0000
0000
0000
0000
0000
0000
0000
0000
0000
0000
0000
0000
0000
0000
0000
0000
0000
0000
0000
0000
0000
0000
0000
0000
0000
0000
0000
0000
0000
0000
0000
0000
0000
0000
0000
0000
0000
0000
0000
0000
0000
0000
0000
0000
0000
0000
0000
0000
0000
0000
0000
0000
0000
0000
0000
0000
0000
0000
0000
0000
0000
0000
0000
0000
0000
0000
0000
0000
0000
0000
0000
0000
0000
0000
0000
0000
0000
0000
0000
0000
0000
0000
0000
0000
0000
0000
0000
0000
0000
0000
0000
0000
0000
0000
0000
0000
0000
0000
0000
0000
0000
0000
0000
0000
0000
0000
0000
0000
0000
0000
0000
0000
0000
0000
0000
0000
0000
0000
0000
0000
0000
0000
0000
0000
0000
0000
0000
0000
0000
0000
0000
0000
0000
0000
0000
0000
0000
0000
0000
0000
0000
0000
0000
0000
0000
0000
0000
0000
0000
0000
0000
0000
0000
0000
0000
0000
0000
0000
0000
0000
0000
0000
0000
0000
0000
0000
0000
0000
0000
0000
0000
0000
0000
0000
0000
0000
0000
0000
0000
0000
0000
0000
0000
0000
0000
0000
0000
0000
0000
0000
0000
0000
0000
0000
0000
0000
0000
0000
0000
0000
0000
0000
0000
0000
0000
0000
0000
0000
0000
0000
0000
0000
0000
0000
0000
0000
0000
0000
0000
0000
0000
0000
0000
0000
0000
0000
0000
0000
0000
0000
0000
0000
0000
0000
0000
0000
0000
0000
0000
0000
0000
0000
0000
0000
0000
0000
0000
0000
0000
0000
0000
0000
0000
0000
0000
0000
0000
0000
0000
0000
0000
0000
0000
0000
0000
0000
0000
0000
0000
0000
0000
0000
0000
0000
0000
0000
0000
0000
0000
0000
0000
0000
0000
0000
0000
0000
0000
0000
0000
0000
0000
0000
0000
0000
0000
0000
0000
0000
0000
0000
0000
0000
0000
0000
0000
0000
0000
0000
0000
0000
0000
0000
0000
0000
0000
0000
0000
0000
0000
0000
0000
0000
0000
0000
0000
0000
0000
0000
0000
0000
0000
0000
0000
0000
0000
0000
0000
0000
0000
0000
0000
0000
0000
0000
0000
0000
0000
0000
0000
0000
0000
0000
0000
0000
0000
0000
0000
0000
0000
0000
0000
0000
0000
0000
0000
0000
0000
0000
0000
0000
0000
0000
0000
0000
0000
0000
0000
0000
0000
0000
0000
0000
0000
0000
0000
0000
0000
0000
0000
0000
0000
0000
0000
0000
0000
0000
0000
0000
0000
0000
0000
0000
0000
0000
0000
0000
0000
0000
0000
0000
0000
0000
0000
0000
0000
0000
0000
0000
0000
0000
0000
0000
0000
0000
0000
0000
0000
0000
0000
0000
0000
0000
0000
0000
0000
0000
0000
0000
0000
0000
0000
0000
0000
0000
0000
0000
0000
0000
0000
0000
0000
0000
0000
0000
0000
0000
0000
0000
0000
0000
0000
0000
0000
0000
0000
0000
0000
0000
0000
0000
0000
0000
0000
0000
0000
0000
0000
0000
0000
0000
0000
0000
0000
0000
0000
0000
0000
0000
0000
0000
0000
0000
0000
0000
0000
0000
0000
0000
0000
0000
0000
0000
0000
0000
0000
0000
0000
0000
0000
0000
0000
0000
0000
0000
0000
0000
0000
0000
0000
0000
0000
0000
0000
0000
0000
0000
0000
0000
0000
0000
0000
0000
0000
0000
0000
0000
0000
0000
0000
0000
0000
0000
0000
0000
0000
0000
0000
0000
0000
0000
0000
0000
0000
0000
0000
0000
0000
0000
0000
0000
0000
0000
0000
0000
0000
0000
0000
0000
0000
0000
0000
0000
0000
0000
0000
0000
0000
0000
0000
0000
0000
0000
0000
0000
0000
0000
0000
0000
0000
0000
0000
0000
0000
0000
0000
0000
0000
0000
0000
0000
0000
0000
0000
0000
0000
0000
0000
0000
0000
0000
0000
0000
0000
0000
0000
0000
0000
0000
0000
0000
0000
0000
0000
0000
0000
0000
0000
0000
0000
0000
0000
0000
0000
0000
0000
0000
0000
0000
0000
0000
0000
0000
0000
0000
0000
0000
0000
0000
0000
0000
0000
0000
0000
0000
0000
0000
0000
0000
0000
0000
0000
0000
0000
0000
0000
0000
0000
0000
0000
0000
0000
0000
0000
0000
0000
0000
0000
0000
0000
0000
0000
0000
0000
0000
0000
0000
0000
0000
0000
0000
0000
0000
0000
0000
0000
0000
0000
0000
0000
0000
0000
0000
0000
0000
0000
0000
0000
0000
0000
0000
0000
0000
0000
0000
0000
0000
0000
0000
0000
0000
0000
0000
0000
0000
0000
0000
0000
0000
0000
0000
0000
0000
0000
0000
0000
0000
0000
0000
0000
0000
0000
0000
0000
0000
0000
0000
0000
0000
0000
0000
0000
0000
0000
0000
0000
0000
0000
0000
0000
0000
0000
0000
0000
0000
0000
0000
0000
0000
0000
0000
0000
0000
0000
0000
0000
0000
0000
0000
0000
0000
0000
0000
0000
0000
0000
0000
0000
0000
0000
0000
0000
0000
0000
0000
0000
0000
0000
0000
0000
0000
0000
0000
0000
0000
0000
0000
0000
0000
0000
0000
0000
0000
0000
0000
0000
0000
0000
0000
0000
0000
0000
0000
0000
0000
0000
0000
0000
0000
0000
0000
0000
0000
0000
0000
0000
0000
0000
0000
0000
0000
0000
0000
0000
0000
0000
0000
0000
0000
0000
0000
0000
0000
0000
0000
0000
0000
0000
0000
0000
0000
0000
0000
0000
0000
0000
0000
0000
0000
0000
0000
0000
0000
0000
0000
0000
0000
0000
0000
0000
0000
0000
0000
0000
0000
0000
0000
0000
0000
0000
0000
0000
0000
0000
0000
0000
0000
0000
0000
0000
0000
0000
0000
0000
0000
0000
0000
0000
0000
0000
0000
0000
0000
0000
0000
0000
0000
0000
0000
0000
0000
0000
0000
0000
0000
0000
0000
0000
0000
0000
0000
0000
0000
0000
0000
0000
0000
0000
0000
0000
0000
0000
0000
0000
0000
0000
0000
0000
0000
0000
0000
0000
0000
0000
0000
0000
0000
0000
0000
0000
0000
0000
0000
0000
0000
0000
0000
0000
0000
0000
0000
0000
0000
0000
0000
0000
0000
0000
0000
0000
0000
0000
0000
0000
0000
0000
0000
0000
0000
0000
0000
0000
0000
0000
0000
0000
0000
0000
0000
0000
0000
0000
0000
0000
0000
0000
0000
0000
0000
0000
0000
0000
0000
0000
0000
0000
0000
0000
0000
0000
0000
0000
0000
0000
0000
0000
0000
0000
0000
0000
0000
0000
0000
0000
0000
0000
0000
0000
0000
0000
0000
0000
0000
0000
0000
0000
0000
0000
0000
0000
0000
0000
0000
0000
0000
0000
0000
0000
0000
0000
0000
0000
0000
0000
0000
0000
0000
0000
0000
0000
0000
0000
0000
0000
0000
0000
0000
0000
0000
0000
0000
0000
0000
0000
0000
0000
0000
0000
0000
0000
0000
0000
0000
0000
0000
0000
0000
0000
0000
0000
0000
0000
0000
0000
0000
0000
0000
0000
0000
0000
0000
0000
0000
0000
0000
0000
0000
0000
0000
0000
0000
0000
0000
0000
0000
0000
0000
0000
0000
0000
0000
0000
0000
0000
0000
0000
0000
0000
0000
0000
0000
0000
0000
0000
0000
0000
0000
0000
0000
0000
0000
0000
0000
0000
0000
0000
0000
0000
0000
0000
0000
0000
0000
0000
0000
0000
0000
0000
0000
0000
0000
0000
0000
0000
0000
0000
0000
0000
0000
0000
0000
0000
0000
0000
0000
0000
0000
0000
0000
0000
0000
0000
0000
0000
0000
0000
0000
0000
0000
0000
0000
0000
0000
0000
0000
0000
0000
0000
0000
0000
0000
0000
0000
0000
0000
0000
0000
0000
0000
0000
0000
0000
0000
0000
0000
0000
0000
0000
0000
0000
0000
0000
0000
0000
0000
0000
0000
0000
0000
0000
0000
0000
0000
0000
0000
0000
0000
0000
0000
0000
0000
0000
0000
0000
0000
0000
0000
0000
0000
0000
0000
0000
0000
0000
0000
0000
0000
0000
0000
0000
0000
0000
0000
0000
0000
0000
0000
0000
0000
0000
0000
0000
0000
0000
0000
0000
0000
0000
0000
0000
0000
0000
0000
0000
0000
0000
0000
0000
0000
0000
0000
0000
0000
0000
0000
0000
0000
0000
0000
0000
0000
0000
0000
0000
0000
0000
0000
0000
0000
0000
0000
0000
0000
0000
0000
0000
0000
0000
0000
0000
0000
0000
0000
0000
0000
0000
0000
0000
0000
0000
0000
0000
0000
0000
0000
0000
0000
0000
0000
0000
0000
0000
0000
0000
0000
0000
0000
0000
0000
0000
0000
0000
0000
0000
0000
0000
0000
0000
0000
0000
0000
0000
0000
0000
0000
0000
0000
0000
0000
0000
0000
0000
0000
0000
0000
0000
0000
0000
0000
0000
0000
0000
0000
0000
0000
0000
0000
0000
0000
0000
0000
0000
0000
0000
0000
0000
0000
0000
0000
0000
0000
0000
0000
0000
0000
0000
0000
0000
0000
0000
0000
0000
0000
0000
0000
0000
0000
0000
0000
0000
0000
0000
0000
0000
0000
0000
0000
0000
0000
0000
0000
0000
0000
0000
0000
0000
0000
0000
0000
0000
0000
0000
0000
0000
0000
0000
0000
0000
0000
0000
0000
0000
0000
0000
0000
0000
0000
0000
0000
0000
0000
0000
0000
0000
0000
0000
0000
0000
0000
0000
0000
0000
0000
0000
0000
0000
0000
0000
0000
0000
0000
0000
0000
0000
0000
0000
0000
0000
0000
0000
0000
0000
0000
0000
0000
0000
0000
0000
0000
0000
0000
0000
0000
0000
0000
0000
0000
0000
0000
0000
0000
0000
0000
0000
0000
0000
0000
0000
0000
0000
0000
0000
0000
0000
0000
0000
0000
0000
0000
0000
0000
0000
0000
0000
0000
0000
0000
0000
0000
0000
0000
0000
0000
0000
0000
0000
0000
0000
0000
0000
0000
0000
0000
0000
0000
0000
0000
0000
0000
0000
0000
0000
0000
0000
0000
0000
0000
0000
0000
0000
0000
0000
0000
0000
0000
0000
0000
0000
0000
0000
0000
0000
0000
0000
0000
0000
0000
0000
0000
0000
0000
0000
0000
0000
0000
0000
0000
0000
0000
0000
0000
0000
0000
0000
0000
0000
0000
0000
0000
0000
0000
0000
0000
0000
0000
0000
0000
0000
0000
0000
0000
0000
0000
0000
0000
0000
0000
0000
0000
0000
0000
0000
0000
0000
0000
0000
0000
0000
0000
0000
0000
0000
0000
0000
0000
0000
0000
0000
0000
0000
0000
0000
0000
0000
0000
0000
0000
0000
0000
0000
0000
0000
0000
0000
0000
0000
0000
0000
0000
0000
0000
0000
0000
0000
0000
0000
0000
0000
0000
0000
0000
0000
0000
0000
0000
0000
0000
0000
0000
0000
0000
0000
0000
0000
0000
0000
0000
0000
0000
0000
0000
0000
0000
0000
0000
0000
0000
0000
0000
0000
0000
0000
0000
0000
0000
0000
0000
0000
0000
0000
0000
0000
0000
0000
0000
0000
0000
0000
0000
0000
0000
0000
0000
0000
0000
0000
0000
0000
0000
0000
0000
0000
0000
0000
0000
0000
0000
0000
0000
0000
0000
0000
0000
0000
0000
0000
0000
0000
0000
0000
0000
0000
0000
0000
0000
0000
0000
0000
0000
0000
0000
0000
0000
0000
0000
0000
0000
0000
0000
0000
0000
0000
0000
0000
0000
0000
0000
0000
0000
0000
0000
0000
0000
0000
0000
0000
0000
0000
0000
0000
0000
0000
0000
0000
0000
0000
0000
0000
0000
0000
0000
0000
0000
0000
0000
0000
0000
0000
0000
0000
0000
0000
0000
0000
0000
0000
0000
0000
0000
0000
0000
0000
0000
0000
0000
0000
0000
0000
0000
0000
0000
0000
0000
0000
0000
0000
0000
0000
0000
0000
0000
0000
0000
0000
0000
0000
0000
0000
0000
0000
0000
0000
0000
0000
0000
0000
0000
0000
0000
0000
0000
0000
0000
0000
0000
0000
0000
0000
0000
0000
0000
0000
0000
0000
0000
0000
0000
0000
0000
0000
0000
0000
0000
0000
0000
0000
0000
0000
0000
0000
0000
0000
0000
0000
0000
0000
0000
0000
0000
0000
0000
0000
0000
0000
0000
0000
0000
0000
0000
0000
0000
0000
0000
0000
0000
0000
0000
0000
0000
0000
0000
0000
0000
0000
0000
0000
0000
0000
0000
0000
0000
0000
0000
0000
0000
0000
0000
0000
0000
0000
0000
0000
0000
0000
0000
0000
0000
0000
0000
0000
0000
0000
0000
0000
0000
0000
0000
0000
0000
0000
0000
0000
0000
0000
0000
0000
0000
0000
0000
0000
0000
0000
0000
0000
0000
0000
0000
0000
0000
0000
0000
0000
0000
0000
0000
0000
0000
0000
0000
0000
0000
0000
0000
0000
0000
0000
0000
0000
0000
0000
0000
0000
0000
0000
0000
0000
0000
0000
0000
0000
0000
0000
0000
0000
0000
0000
0000
0000
0000
0000
0000
0000
0000
0000
0000
0000
0000
0000
0000
0000
0000
0000
0000
0000
0000
0000
0000
0000
0000
0000
0000
0000
0000
0000
0000
0000
0000
0000
0000
0000
0000
0000
0000
0000
0000
0000
0000
0000
0000
0000
0000
0000
0000
0000
0000
0000
0000
0000
0000
0000
0000
0000
0000
0000
0000
0000
0000
0000
0000
0000
0000
0000
0000
0000
0000
0000
0000
0000
0000
0000
0000
0000
0000
0000
0000
0000
0000
0000
0000
0000
0000
0000
0000
0000
0000
0000
0000
0000
0000
0000
0000
0000
0000
0000
0000
0000
0000
0000
0000
0000
0000
0000
0000
0000
0000
0000
0000
0000
0000
0000
0000
0000
0000
0000
0000
0000
0000
0000
0000
0000
0000
0000
0000
0000
0000
0000
0000
0000
0000
0000
0000
0000
0000
0000
0000
0000
0000
0000
0000
0000
0000
0000
0000
0000
0000
0000
0000
0000
0000
0000
0000
0000
0000
0000
0000
0000
0000
0000
0000
0000
0000
0000
0000
0000
0000
0000
0000
0000
0000
0000
0000
0000
0000
0000
0000
0000
0000
0000
0000
0000
0000
0000
0000
0000
0000
0000
0000
0000
0000
0000
0000
0000
0000
0000
0000
0000
0000
0000
0000
0000
0000
0000
0000
0000
0000
0000
0000
0000
0000
0000
0000
0000
0000
0000
0000
0000
0000
0000
0000
0000
0000
0000
0000
0000
0000
0000
0000
0000
0000
0000
0000
0000
0000
0000
0000
0000
0000
0000
0000
0000
0000
0000
0000
0000
0000
0000
0000
0000
0000
0000
0000
0000
0000
0000
0000
0000
0000
0000
0000
0000
0000
0000
0000
0000
0000
0000
0000
0000
0000
0000
0000
0000
0000
0000
0000
0000
0000
0000
0000
0000
0000
0000
0000
0000
0000
0000
0000
0000
0000
0000
0000
0000
0000
0000
0000
0000
0000
0000
0000
0000
0000
0000
0000
0000
0000
0000
0000
0000
0000
0000
0000
0000
0000
0000
0000
0000
0000
0000
0000
0000
0000
0000
0000
0000
0000
0000
0000
0000
0000
0000
0000
0000
0000
0000
0000
0000
0000
0000
0000
0000
0000
0000
0000
0000
0000
0000
0000
0000
0000
0000
0000
0000
0000
0000
0000
0000
0000
0000
0000
0000
0000
0000
0000
0000
0000
0000
0000
0000
5884
0000
ffff
ffff
2c42
0000
5890
0000
6a04
0000
ffff
ffff
3502
0000
c2a0
0000
4484
0000
ffff
ffff
2242
0000
0730
0001
47e0
0000
0ba0
0000
23f0
0000
4f10
0001
923c
0000
3bc0
0000
491e
0000
e150
0001
385c
0000
0e20
0000
1c2e
0000
19b0
0002
4a78
0001
3840
0001
a53c
0000
6430
0003
5c84
0001
0000
0000
ae42
0000
