0000
0000
0000
0000
0000
0000
0000
0000
0000
0000
0000
0000
0000
0000
0000
0000
0000
0000
0000
0000
0000
0000
0000
0000
0000
0000
0000
0000
0000
0000
0000
0000
0000
0000
0000
0000
0000
0000
0000
0000
0000
0000
0000
0000
0000
0000
0000
0000
0000
0000
0000
0000
0000
0000
0000
0000
0000
0000
0000
0000
0000
0000
0000
0000
0000
0000
0000
0000
0000
0000
0000
0000
0000
0000
0000
0000
0000
0000
0000
0000
0000
0000
0000
0000
0000
0000
0000
0000
0000
0000
0000
0000
0000
0000
0000
0000
0000
0000
0000
0000
0000
0000
0000
0000
0000
0000
0000
0000
0000
0000
0000
0000
0000
0000
0000
0000
0000
0000
0000
0000
0000
0000
0000
0000
0000
0000
0000
0000
0000
0000
0000
0000
0000
0000
0000
0000
0000
0000
0000
0000
0000
0000
0000
0000
0000
0000
0000
0000
0000
0000
0000
0000
0000
0000
0000
0000
0000
0000
0000
0000
0000
0000
0000
0000
0000
0000
0000
0000
0000
0000
0000
0000
0000
0000
0000
0000
0000
0000
0000
0000
0000
0000
0000
0000
0000
0000
0000
0000
0000
0000
0000
0000
0000
0000
0000
0000
0000
0000
0000
0000
0000
0000
0000
0000
0000
0000
0000
0000
0000
0000
0000
0000
0000
0000
0000
0000
0000
0000
0000
0000
0000
0000
0000
0000
0000
0000
0000
0000
0000
0000
0000
0000
0000
0000
0000
0000
0000
0000
0000
0000
0000
0000
0000
0000
0000
0000
0000
0000
0000
0000
0000
0000
0000
0000
0000
0000
0000
0000
0000
0000
0000
0000
0000
0000
0000
0000
0000
0000
0000
0000
0000
0000
0000
0000
0000
0000
0000
0000
0000
0000
0000
0000
0000
0000
0000
0000
0000
0000
0000
0000
0000
0000
0000
0000
0000
0000
0000
0000
0000
0000
0000
0000
0000
0000
0000
0000
0000
0000
0000
0000
0000
0000
0000
0000
0000
0000
0000
0000
0000
0000
0000
0000
0000
0000
0000
0000
0000
0000
0000
0000
0000
0000
0000
0000
0000
0000
0000
0000
0000
0000
0000
0000
0000
0000
0000
0000
0000
0000
0000
0000
0000
0000
0000
0000
0000
0000
0000
0000
0000
0000
0000
0000
0000
0000
0000
0000
0000
0000
0000
0000
0000
0000
0000
0000
0000
0000
0000
0000
0000
0000
0000
0000
0000
0000
0000
0000
0000
0000
0000
0000
0000
0000
0000
0000
0000
0000
0000
0000
0000
0000
0000
0000
0000
0000
0000
0000
0000
0000
0000
0000
0000
0000
0000
0000
0000
0000
0000
0000
0000
0000
0000
0000
0000
0000
0000
0000
0000
0000
0000
0000
0000
0000
0000
0000
0000
0000
0000
0000
0000
0000
0000
0000
0000
0000
0000
0000
0000
0000
0000
0000
0000
0000
0000
0000
0000
0000
0000
0000
0000
0000
0000
0000
0000
0000
0000
0000
0000
0000
0000
0000
0000
0000
0000
0000
0000
0000
0000
0000
0000
0000
0000
0000
0000
0000
0000
0000
0000
0000
0000
0000
0000
0000
0000
0000
0000
0000
0000
0000
0000
0000
0000
0000
0000
0000
0000
0000
0000
0000
0000
0000
0000
0000
0000
0000
0000
0000
0000
0000
0000
0000
0000
0000
0000
0000
0000
0000
0000
0000
0000
0000
0000
0000
0000
0000
0000
0000
0000
0000
0000
0000
0000
0000
0000
0000
0000
0000
0000
0000
0000
0000
0000
0000
0000
0000
0000
0000
0000
0000
0000
0000
0000
0000
0000
0000
0000
0000
0000
0000
0000
0000
0000
0000
0000
0000
0000
0000
0000
0000
0000
0000
0000
0000
0000
0000
0000
0000
0000
0000
0000
0000
0000
0000
0000
0000
0000
0000
0000
0000
0000
0000
0000
0000
0000
0000
0000
0000
0000
0000
0000
0000
0000
0000
0000
0000
0000
0000
0000
0000
0000
0000
0000
0000
0000
0000
0000
0000
0000
0000
0000
0000
0000
0000
0000
0000
0000
0000
0000
0000
0000
0000
0000
0000
0000
0000
0000
0000
0000
0000
0000
0000
0000
0000
0000
0000
0000
0000
0000
0000
0000
0000
0000
0000
0000
0000
0000
0000
0000
0000
0000
0000
0000
0000
0000
0000
0000
0000
0000
0000
0000
0000
0000
0000
0000
0000
0000
0000
0000
0000
0000
0000
0000
0000
0000
0000
0000
0000
0000
0000
0000
0000
0000
0000
0000
0000
0000
0000
0000
0000
0000
0000
0000
0000
0000
0000
0000
0000
0000
0000
0000
0000
0000
0000
0000
0000
0000
0000
0000
0000
0000
0000
0000
0000
0000
0000
0000
0000
0000
0000
0000
0000
0000
0000
0000
0000
0000
0000
0000
0000
0000
0000
0000
0000
0000
0000
0000
0000
0000
0000
0000
0000
0000
0000
0000
0000
0000
0000
0000
0000
0000
0000
0000
0000
0000
0000
0000
0000
0000
0000
0000
0000
0000
0000
0000
0000
0000
0000
0000
0000
0000
0000
0000
0000
0000
0000
0000
0000
0000
0000
0000
0000
0000
0000
0000
0000
0000
0000
0000
0000
0000
0000
0000
0000
0000
0000
0000
0000
0000
0000
0000
0000
0000
0000
0000
0000
0000
0000
0000
0000
0000
0000
0000
0000
0000
0000
0000
0000
0000
0000
0000
0000
0000
0000
0000
0000
0000
0000
0000
0000
0000
0000
0000
0000
0000
0000
0000
0000
0000
0000
0000
0000
0000
0000
0000
0000
0000
0000
0000
0000
0000
0000
0000
0000
0000
0000
0000
0000
0000
0000
0000
0000
0000
0000
0000
0000
0000
0000
0000
0000
0000
0000
0000
0000
0000
0000
0000
0000
0000
0000
0000
0000
0000
0000
0000
0000
0000
0000
0000
0000
0000
0000
0000
0000
0000
0000
0000
0000
0000
0000
0000
0000
0000
0000
0000
0000
0000
0000
0000
0000
0000
0000
0000
0000
0000
0000
0000
0000
0000
0000
0000
0000
0000
0000
0000
0000
0000
0000
0000
0000
0000
0000
0000
0000
0000
0000
0000
0000
0000
0000
0000
0000
0000
0000
0000
0000
0000
0000
0000
0000
0000
0000
0000
0000
0000
0000
0000
0000
0000
0000
0000
0000
0000
0000
0000
0000
0000
0000
0000
0000
0000
0000
0000
0000
0000
0000
0000
0000
0000
0000
0000
0000
0000
0000
0000
0000
0000
0000
0000
0000
0000
0000
0000
0000
0000
0000
0000
0000
0000
0000
0000
0000
0000
0000
0000
0000
0000
0000
0000
0000
0000
0000
0000
0000
0000
0000
0000
0000
0000
0000
0000
0000
0000
0000
0000
0000
0000
0000
0000
0000
0000
0000
0000
0000
0000
0000
0000
0000
0000
0000
0000
0000
0000
0000
0000
0000
0000
0000
0000
0000
0000
0000
0000
0000
0000
0000
0000
0000
0000
0000
0000
0000
0000
0000
0000
0000
0000
0000
0000
0000
0000
0000
0000
0000
0000
0000
0000
0000
0000
0000
0000
0000
0000
0000
0000
0000
0000
0000
0000
0000
0000
0000
0000
0000
0000
0000
0000
0000
0000
0000
0000
0000
0000
0000
0000
0000
0000
0000
0000
0000
0000
0000
0000
0000
0000
0000
0000
0000
0000
0000
0000
0000
0000
0000
0000
0000
0000
0000
0000
0000
0000
0000
0000
0000
0000
0000
0000
0000
0000
0000
0000
0000
0000
0000
0000
0000
0000
0000
0000
0000
0000
0000
0000
0000
0000
0000
0000
0000
0000
0000
0000
0000
0000
0000
0000
0000
0000
0000
0000
0000
0000
0000
0000
0000
0000
0000
0000
0000
0000
0000
0000
0000
0000
0000
0000
0000
0000
0000
0000
0000
0000
0000
0000
0000
0000
0000
0000
0000
0000
0000
0000
0000
0000
0000
0000
0000
0000
0000
0000
0000
0000
0000
0000
0000
0000
0000
0000
0000
0000
0000
0000
0000
0000
0000
0000
0000
0000
0000
0000
0000
0000
0000
0000
0000
0000
0000
0000
0000
0000
0000
0000
0000
0000
0000
0000
0000
0000
0000
0000
0000
0000
0000
0000
0000
0000
0000
0000
0000
0000
0000
0000
0000
0000
0000
0000
0000
0000
0000
0000
0000
0000
0000
0000
0000
0000
0000
0000
0000
0000
0000
0000
0000
0000
0000
0000
0000
0000
0000
0000
0000
0000
0000
0000
0000
0000
0000
0000
0000
0000
0000
0000
0000
0000
0000
0000
0000
0000
0000
0000
0000
0000
0000
0000
0000
0000
0000
0000
0000
0000
0000
0000
0000
0000
0000
0000
0000
0000
0000
0000
0000
0000
0000
0000
0000
0000
0000
0000
0000
0000
0000
0000
0000
0000
0000
0000
0000
0000
0000
0000
0000
0000
0000
0000
0000
0000
0000
0000
0000
0000
0000
0000
0000
0000
0000
0000
0000
0000
0000
0000
0000
0000
0000
0000
0000
0000
0000
0000
0000
0000
0000
0000
0000
0000
0000
0000
0000
0000
0000
0000
0000
0000
0000
0000
0000
0000
0000
0000
0000
0000
0000
0000
0000
0000
0000
0000
0000
0000
0000
0000
0000
0000
0000
0000
0000
0000
0000
0000
0000
0000
0000
0000
0000
0000
0000
0000
0000
0000
0000
0000
0000
0000
0000
0000
0000
0000
0000
0000
0000
0000
0000
0000
0000
0000
0000
0000
0000
0000
0000
0000
0000
0000
0000
0000
0000
0000
0000
0000
0000
0000
0000
0000
0000
0000
0000
0000
0000
0000
0000
0000
0000
0000
0000
0000
0000
0000
0000
0000
0000
0000
0000
0000
0000
0000
0000
0000
0000
0000
0000
0000
0000
0000
0000
0000
0000
0000
0000
0000
0000
0000
0000
0000
0000
0000
0000
0000
0000
0000
0000
0000
0000
0000
0000
0000
0000
0000
0000
0000
0000
0000
0000
0000
0000
0000
0000
0000
0000
0000
0000
0000
0000
0000
0000
0000
0000
0000
0000
0000
0000
0000
0000
0000
0000
0000
0000
0000
0000
0000
0000
0000
0000
0000
0000
0000
0000
0000
0000
0000
0000
0000
0000
0000
0000
0000
0000
0000
0000
0000
0000
0000
0000
0000
0000
0000
0000
0000
0000
0000
0000
0000
0000
0000
0000
0000
0000
0000
0000
0000
0000
0000
0000
0000
0000
0000
0000
0000
0000
0000
0000
0000
0000
0000
0000
0000
0000
0000
0000
0000
0000
0000
0000
0000
0000
0000
0000
0000
0000
0000
0000
0000
0000
0000
0000
0000
0000
0000
0000
0000
0000
0000
0000
0000
0000
0000
0000
0000
0000
0000
0000
0000
0000
0000
0000
0000
0000
0000
0000
0000
0000
0000
0000
0000
0000
0000
0000
0000
0000
0000
0000
0000
0000
0000
0000
0000
0000
0000
0000
0000
0000
0000
0000
0000
0000
0000
0000
0000
0000
0000
0000
0000
0000
0000
0000
0000
0000
0000
0000
0000
0000
0000
0000
0000
0000
0000
0000
0000
0000
0000
0000
0000
0000
0000
0000
0000
0000
0000
0000
0000
0000
0000
0000
0000
0000
0000
0000
0000
0000
0000
0000
0000
0000
0000
0000
0000
0000
0000
0000
0000
0000
0000
0000
0000
0000
0000
0000
0000
0000
0000
0000
0000
0000
0000
0000
0000
0000
0000
0000
0000
0000
0000
0000
0000
0000
0000
0000
0000
0000
0000
0000
0000
0000
0000
0000
0000
0000
0000
0000
0000
0000
0000
0000
0000
0000
0000
0000
0000
0000
0000
0000
0000
0000
0000
0000
0000
0000
0000
0000
0000
0000
0000
0000
0000
0000
0000
0000
0000
0000
0000
0000
0000
0000
0000
0000
0000
0000
0000
0000
0000
0000
0000
0000
0000
0000
0000
0000
0000
0000
0000
0000
0000
0000
0000
0000
0000
0000
0000
0000
0000
0000
0000
0000
0000
0000
0000
0000
0000
0000
0000
0000
0000
0000
0000
0000
0000
0000
0000
0000
0000
0000
0000
0000
0000
0000
0000
0000
0000
0000
0000
0000
0000
0000
0000
0000
0000
0000
0000
0000
0000
0000
0000
0000
0000
0000
0000
0000
0000
0000
0000
0000
0000
0000
0000
0000
0000
0000
0000
0000
0000
0000
0000
0000
0000
0000
0000
0000
0000
0000
0000
0000
0000
0000
0000
0000
0000
0000
0000
0000
0000
0000
0000
0000
0000
0000
0000
0000
0000
0000
0000
0000
0000
0000
0000
0000
0000
0000
0000
0000
0000
0000
0000
0000
0000
0000
0000
0000
0000
0000
0000
0000
0000
0000
0000
0000
0000
0000
0000
0000
0000
0000
0000
0000
0000
0000
0000
0000
0000
0000
0000
0000
0000
0000
0000
0000
0000
0000
0000
0000
0000
0000
0000
0000
0000
0000
0000
0000
0000
0000
0000
0000
0000
0000
0000
0000
0000
0000
0000
0000
0000
0000
0000
0000
0000
0000
0000
0000
0000
0000
0000
0000
0000
0000
0000
0000
0000
0000
0000
0000
0000
0000
0000
0000
0000
0000
0000
0000
0000
0000
0000
0000
0000
0000
0000
0000
0000
0000
0000
0000
0000
0000
0000
0000
0000
0000
0000
0000
0000
0000
0000
0000
0000
0000
0000
0000
0000
0000
0000
0000
0000
0000
0000
0000
0000
0000
0000
0000
0000
0000
0000
0000
0000
0000
0000
0000
0000
0000
0000
0000
0000
0000
0000
0000
0000
0000
0000
0000
0000
0000
0000
0000
0000
0000
0000
0000
0000
0000
0000
0000
0000
0000
0000
0000
0000
0000
0000
0000
0000
0000
0000
0000
0000
0000
0000
0000
0000
0000
0000
0000
0000
0000
0000
0000
0000
0000
0000
0000
0000
0000
0000
0000
0000
0000
0000
0000
0000
0000
0000
0000
0000
0000
0000
0000
0000
0000
0000
0000
0000
0000
0000
0000
0000
0000
0000
0000
0000
0000
0000
0000
0000
0000
0000
0000
0000
0000
0000
0000
0000
0000
0000
0000
0000
0000
0000
0000
0000
0000
0000
0000
0000
0000
0000
0000
0000
0000
0000
0000
0000
0000
0000
0000
0000
0000
0000
0000
0000
0000
0000
0000
0000
0000
0000
0000
0000
0000
0000
0000
0000
0000
0000
0000
0000
0000
0000
0000
0000
0000
0000
0000
0000
0000
0000
0000
0000
0000
0000
0000
0000
0000
0000
0000
0000
0000
0000
0000
0000
0000
0000
0000
0000
0000
0000
0000
0000
0000
0000
0000
0000
0000
0000
0000
0000
0000
0000
0000
0000
0000
0000
0000
0000
0000
0000
0000
0000
0000
0000
0000
0000
0000
0000
0000
0000
0000
0000
0000
0000
0000
0000
0000
0000
0000
0000
0000
0000
0000
0000
0000
0000
0000
0000
0000
0000
0000
0000
0000
0000
0000
0000
0000
0000
0000
0000
0000
0000
0000
0000
0000
0000
0000
0000
0000
0000
0000
0000
0000
0000
0000
0000
0000
0000
0000
0000
0000
0000
0000
0000
0000
0000
0000
0000
0000
0000
0000
0000
0000
0000
0000
0000
0000
0000
0000
0000
0000
0000
0000
0000
0000
0000
0000
0000
0000
0000
0000
0000
0000
0000
0000
0000
0000
0000
0000
0000
0000
0000
0000
0000
0000
0000
0000
0000
0000
0000
0000
0000
0000
0000
0000
0000
0000
0000
0000
0000
0000
0000
0000
0000
0000
0000
0000
0000
0000
0000
0000
0000
0000
0000
0000
0000
0000
0000
0000
0000
0000
0000
0000
0000
0000
0000
0000
0000
0000
0000
0000
0000
0000
0000
0000
0000
0000
0000
0000
0000
0000
0000
0000
0000
0000
0000
0000
0000
0000
0000
0000
0000
0000
0000
0000
0000
0000
0000
0000
0000
0000
0000
0000
0000
0000
0000
0000
0000
0000
0000
0000
0000
0000
0000
0000
0000
0000
0000
0000
0000
0000
0000
0000
0000
0000
0000
0000
0000
0000
0000
0000
0000
0000
0000
0000
0000
0000
0000
0000
0000
0000
0000
0000
0000
0000
0000
0000
0000
0000
0000
0000
0000
0000
0000
0000
0000
0000
0000
0000
0000
0000
0000
0000
0000
0000
0000
0000
0000
0000
0000
0000
0000
0000
0000
0000
0000
0000
0000
0000
0000
0000
0000
0000
0000
0000
0000
0000
0000
0000
0000
0000
0000
0000
0000
0000
0000
0000
0000
0000
0000
0000
0000
0000
0000
0000
0000
0000
0000
0000
0000
0000
0000
0000
0000
0000
0000
0000
0000
0000
0000
0000
0000
0000
0000
0000
0000
0000
0000
0000
0000
0000
0000
0000
0000
0000
0000
0000
0000
0000
0000
0000
0000
0000
0000
0000
0000
0000
0000
0000
0000
0000
0000
0000
0000
0000
0000
0000
0000
0000
0000
0000
0000
0000
0000
0000
0000
0000
0000
0000
0000
0000
0000
0000
0000
0000
0000
0000
0000
0000
0000
0000
0000
0000
0000
0000
0000
0000
0000
0000
0000
0000
0000
0000
0000
0000
0000
0000
0000
0000
0000
0000
0000
0000
0000
0000
0000
0000
0000
0000
0000
0000
0000
0000
0000
0000
0000
0000
0000
0000
0000
0000
0000
0000
0000
0000
0000
0000
0000
0000
0000
0000
0000
0000
0000
0000
0000
0000
0000
0000
0000
0000
0000
0000
0000
0000
0000
0000
0000
0000
0000
0000
0000
0000
0000
0000
0000
0000
0000
0000
0000
0000
0000
0000
0000
0000
0000
0000
0000
0000
0000
0000
0000
0000
0000
0000
0000
0000
0000
0000
0000
0000
0000
0000
0000
0000
0000
0000
0000
0000
0000
0000
0000
0000
0000
0000
0000
0000
0000
0000
0000
0000
0000
0000
0000
0000
0000
0000
0000
0000
0000
0000
0000
0000
0000
0000
0000
0000
0000
0000
0000
0000
0000
0000
0000
0000
0000
0000
0000
0000
0000
0000
0000
0000
0000
0000
0000
0000
0000
0000
0000
0000
0000
0000
0000
0000
0000
0000
0000
0000
0000
0000
0000
0000
0000
0000
0000
0000
0000
0000
0000
0000
0000
0000
0000
0000
0000
0000
0000
0000
0000
0000
0000
0000
0000
0000
0000
0000
0000
0000
0000
0000
0000
0000
0000
0000
0000
0000
0000
0000
0000
0000
0000
0000
0000
0000
0000
0000
0000
0000
0000
0000
0000
0000
0000
0000
0000
0000
0000
0000
0000
0000
0000
0000
0000
0000
0000
0000
0000
0000
0000
0000
0000
0000
0000
0000
0000
0000
0000
0000
0000
0000
0000
0000
0000
0000
0000
0000
0000
0000
0000
0000
0000
0000
0000
0000
0000
0000
0000
0000
0000
0000
0000
0000
0000
0000
0000
0000
0000
0000
0000
0000
0000
0000
0000
0000
0000
0000
0000
0000
0000
0000
0000
0000
0000
0000
0000
0000
0000
0000
0000
0000
0000
0000
0000
0000
0000
0000
0000
0000
0000
0000
0000
0000
0000
0000
0000
0000
0000
0000
0000
0000
0000
0000
0000
0000
0000
0000
0000
0000
0000
0000
0000
0000
0000
0000
0000
0000
0000
0000
0000
0000
0000
0000
0000
0000
0000
0000
0000
0000
0000
0000
0000
0000
0000
0000
0000
0000
0000
0000
0000
0000
0000
0000
0000
0000
0000
0000
0000
0000
0000
0000
0000
0000
0000
0000
0000
0000
0000
0000
0000
0000
0000
0000
0000
0000
0000
0000
0000
0000
0000
0000
0000
0000
0000
0000
0000
0000
0000
0000
0000
0000
0000
0000
0000
0000
0000
0000
0000
0000
0000
0000
0000
0000
0000
0000
0000
0000
0000
0000
0000
0000
0000
0000
0000
0000
0000
0000
0000
0000
0000
0000
0000
0000
0000
0000
0000
0000
0000
0000
0000
0000
0000
0000
0000
0000
0000
0000
0000
0000
0000
0000
0000
0000
0000
0000
0000
0000
0000
0000
0000
0000
0000
0000
0000
0000
0000
0000
0000
0000
0000
0000
0000
0000
0000
0000
0000
0000
0000
0000
0000
0000
0000
0000
0000
0000
0000
0000
0000
0000
0000
0000
0000
0000
0000
0000
0000
0000
0000
0000
0000
0000
0000
0000
0000
0000
0000
0000
0000
0000
0000
0000
0000
0000
0000
0000
0000
0000
0000
0000
0000
0000
0000
0000
0000
0000
0000
0000
0000
0000
0000
0000
0000
0000
0000
0000
0000
0000
0000
0000
0000
0000
0000
0000
0000
0000
0000
0000
0000
0000
0000
0000
0000
0000
0000
0000
0000
0000
0000
0000
0000
0000
0000
0000
0000
0000
0000
0000
0000
0000
0000
0000
0000
0000
0000
0000
0000
0000
0000
0000
0000
0000
0000
0000
0000
0000
0000
0000
0000
0000
0000
0000
0000
0000
0000
0000
0000
0000
0000
0000
0000
0000
0000
0000
0000
0000
0000
0000
0000
0000
0000
0000
0000
0000
0000
0000
0000
0000
0000
0000
0000
0000
0000
0000
0000
0000
0000
0000
0000
0000
0000
0000
0000
0000
0000
0000
0000
0000
0000
0000
0000
0000
0000
0000
0000
0000
0000
0000
0000
0000
0000
0000
0000
0000
0000
0000
0000
0000
0000
0000
0000
0000
0000
0000
0000
0000
0000
0000
0000
0000
0000
0000
0000
0000
0000
0000
0000
0000
0000
0000
0000
0000
0000
0000
0000
0000
0000
0000
0000
0000
0000
0000
0000
0000
0000
0000
0000
0000
0000
0000
0000
0000
0000
0000
0000
0000
0000
0000
0000
0000
0000
0000
0000
0000
0000
0000
0000
0000
0000
0000
0000
0000
0000
0000
0000
0000
0000
0000
0000
0000
0000
0000
0000
0000
0000
0000
0000
0000
0000
0000
0000
0000
0000
0000
0000
0000
0000
0000
0000
0000
0000
0000
0000
0000
0000
0000
0000
0000
0000
0000
0000
0000
0000
0000
0000
0000
0000
0000
0000
0000
0000
0000
0000
0000
0000
0000
0000
0000
0000
0000
0000
0000
0000
0000
0000
0000
0000
0000
0000
0000
0000
0000
0000
0000
0000
0000
0000
0000
0000
0000
0000
0000
0000
0000
0000
0000
0000
0000
0000
0000
0000
0000
0000
0000
0000
0000
0000
0000
0000
0000
0000
0000
0000
0000
0000
0000
0000
0000
0000
0000
0000
0000
0000
0000
0000
0000
0000
0000
0000
0000
0000
0000
0000
0000
0000
0000
0000
0000
0000
0000
0000
0000
0000
0000
0000
0000
0000
0000
0000
0000
0000
0000
0000
0000
0000
0000
0000
0000
0000
0000
0000
0000
0000
0000
0000
0000
0000
0000
0000
0000
0000
0000
0000
0000
0000
0000
0000
0000
0000
0000
0000
0000
0000
0000
0000
0000
0000
0000
0000
0000
0000
0000
0000
0000
0000
0000
0000
0000
0000
0000
0000
0000
0000
0000
0000
0000
0000
0000
0000
0000
0000
0000
0000
0000
0000
0000
0000
0000
0000
0000
0000
0000
0000
0000
0000
0000
0000
0000
0000
0000
0000
0000
0000
0000
0000
0000
0000
0000
0000
0000
0000
0000
0000
0000
0000
0000
0000
0000
0000
0000
0000
0000
0000
0000
0000
0000
0000
0000
0000
0000
0000
0000
0000
0000
0000
0000
0000
0000
0000
0000
0000
0000
0000
0000
0000
0000
0000
0000
0000
0000
0000
0000
0000
0000
0000
0000
0000
0000
0000
0000
0000
0000
0000
0000
0000
0000
0000
0000
0000
0000
0000
0000
0000
0000
0000
0000
0000
0000
0000
0000
0000
0000
0000
0000
0000
0000
0000
0000
0000
0000
0000
0000
0000
0000
0000
0000
0000
0000
0000
0000
0000
0000
0000
0000
0000
0000
0000
0000
0000
0000
0000
0000
0000
0000
0000
0000
0000
0000
0000
0000
0000
0000
0000
0000
0000
0000
0000
0000
0000
0000
0000
0000
0000
0000
0000
0000
0000
0000
0000
0000
0000
0000
0000
0000
0000
0000
0000
0000
0000
0000
0000
0000
0000
0000
0000
0000
0000
0000
0000
0000
0000
0000
0000
0000
0000
0000
0000
0000
0000
0000
0000
0000
0000
0000
0000
0000
0000
0000
0000
0000
0000
0000
0000
0000
0000
0000
0000
0000
0000
0000
0000
0000
0000
0000
0000
0000
0000
0000
0000
0000
0000
0000
0000
0000
0000
0000
0000
0000
0000
0000
0000
0000
0000
0000
0000
0000
0000
0000
0000
0000
0000
0000
0000
0000
0000
0000
0000
0000
0000
0000
0000
0000
0000
0000
0000
0000
0000
0000
0000
0000
0000
0000
0000
0000
0000
0000
0000
0000
0000
0000
0000
0000
0000
0000
0000
0000
0000
0000
0000
0000
0000
0000
0000
0000
0000
0000
0000
0000
0000
0000
0000
0000
0000
0000
0000
0000
0000
0000
0000
0000
0000
0000
0000
0000
0000
0000
0000
0000
0000
0000
0000
0000
0000
0000
0000
0000
0000
0000
0000
0000
0000
0000
0000
0000
0000
0000
0000
0000
0000
0000
0000
0000
0000
0000
0000
0000
0000
0000
0000
0000
0000
0000
0000
0000
0000
0000
0000
0000
0000
0000
0000
0000
0000
0000
0000
0000
0000
0000
0000
0000
0000
0000
0000
0000
0000
0000
0000
0000
0000
0000
0000
0000
0000
0000
0000
0000
0000
0000
0000
0000
0000
0000
0000
0000
0000
0000
0000
0000
0000
0000
0000
0000
0000
0000
0000
0000
0000
0000
0000
0000
0000
0000
0000
0000
0000
0000
0000
0000
0000
0000
0000
0000
0000
0000
0000
0000
0000
0000
0000
0000
0000
0000
0000
0000
0000
0000
0000
0000
0000
0000
0000
0000
0000
0000
0000
0000
0000
0000
0000
0000
0000
0000
0000
0000
0000
0000
0000
0000
0000
0000
0000
0000
0000
0000
0000
0000
0000
0000
0000
0000
0000
0000
0000
0000
0000
0000
0000
0000
0000
0000
0000
0000
0000
0000
0000
0000
0000
0000
0000
0000
0000
0000
0000
0000
0000
0000
0000
0000
0000
0000
0000
0000
0000
0000
0000
0000
0000
0000
0000
0000
0000
0000
0000
0000
0000
0000
0000
0000
0000
0000
0000
0000
0000
0000
0000
0000
0000
0000
0000
0000
0000
0000
0000
0000
0000
0000
0000
0000
0000
0000
0000
0000
0000
0000
0000
0000
0000
0000
0000
0000
0000
0000
0000
0000
0000
0000
0000
0000
0000
0000
0000
0000
0000
0000
0000
0000
0000
0000
0000
0000
0000
0000
0000
0000
0000
0000
0000
0000
0000
0000
0000
0000
0000
0000
0000
0000
0000
0000
0000
0000
0000
0000
0000
0000
0000
0000
0000
0000
0000
0000
0000
0000
0000
0000
0000
0000
0000
0000
0000
0000
0000
0000
0000
0000
0000
0000
0000
0000
0000
0000
0000
0000
0000
0000
0000
0000
0000
0000
0000
0000
0000
0000
0000
0000
0000
0000
0000
0000
0000
0000
0000
0000
0000
0000
0000
0000
0000
0000
0000
0000
0000
0000
0000
0000
0000
0000
0000
0000
0000
0000
0000
0000
0000
0000
0000
0000
0000
0000
0000
0000
0000
0000
0000
0000
0000
0000
0000
0000
0000
0000
0000
0000
0000
0000
0000
0000
0000
0000
0000
0000
0000
0000
0000
0000
0000
0000
0000
0000
0000
0000
0000
0000
0000
0000
0000
0000
0000
0000
0000
0000
0000
0000
0000
0000
0000
0000
0000
0000
0000
0000
0000
0000
0000
0000
0000
0000
0000
0000
0000
0000
0000
0000
0000
0000
0000
0000
0000
0000
0000
0000
0000
0000
0000
0000
0000
0000
0000
0000
0000
0000
0000
0000
0000
0000
0000
0000
0000
0000
0000
0000
0000
0000
0000
0000
0000
0000
0000
0000
0000
0000
0000
0000
0000
0000
0000
0000
0000
0000
0000
0000
0000
0000
0000
0000
0000
0000
0000
0000
0000
0000
0000
0000
0000
0000
0000
0000
0000
0000
0000
0000
0000
0000
0000
0000
0000
0000
0000
0000
0000
0000
0000
0000
0000
0000
0000
0000
0000
0000
0000
0000
0000
0000
0000
0000
0000
0000
0000
0000
0000
0000
0000
0000
0000
0000
0000
0000
0000
0000
0000
0000
0000
0000
0000
0000
0000
0000
0000
0000
0000
0000
0000
0000
0000
0000
0000
0000
0000
0000
0000
0000
0000
0000
0000
0000
0000
0000
0000
0000
0000
0000
0000
0000
0000
0000
0000
0000
0000
0000
0000
0000
0000
0000
0000
0000
0000
0000
0000
0000
0000
0000
0000
0000
0000
0000
0000
0000
0000
0000
0000
0000
0000
0000
0000
0000
0000
0000
0000
0000
0000
0000
0000
0000
0000
0000
0000
0000
0000
0000
0000
0000
0000
0000
0000
0000
0000
0000
0000
0000
0000
0000
0000
0000
0000
0000
0000
0000
0000
0000
0000
0000
0000
0000
0000
0000
0000
0000
0000
0000
0000
0000
0000
0000
0000
0000
0000
0000
0000
0000
0000
0000
0000
0000
0000
0000
0000
0000
0000
0000
0000
0000
0000
0000
0000
0000
0000
0000
0000
0000
0000
0000
0000
0000
0000
0000
0000
0000
0000
0000
0000
0000
0000
0000
0000
0000
0000
0000
0000
0000
0000
0000
0000
0000
0000
0000
0000
0000
0000
0000
0000
0000
0000
0000
0000
0000
0000
0000
0000
0000
0000
0000
0000
0000
0000
0000
0000
0000
0000
0000
0000
0000
0000
0000
0000
0000
0000
0000
0000
0000
0000
0000
0000
0000
0000
0000
0000
0000
0000
0000
0000
0000
0000
0000
0000
0000
0000
0000
0000
0000
0000
0000
0000
0000
0000
0000
0000
0000
0000
0000
0000
0000
0000
0000
0000
0000
0000
0000
0000
0000
0000
0000
0000
0000
0000
0000
0000
0000
0000
0000
0000
0000
0000
0000
0000
0000
0000
0000
0000
0000
0000
0000
0000
0000
0000
0000
0000
0000
0000
0000
0000
0000
0000
0000
0000
0000
0000
0000
0000
0000
0000
0000
0000
0000
0000
0000
0000
0000
0000
0000
0000
0000
0000
0000
0000
0000
0000
0000
0000
0000
0000
0000
0000
0000
0000
0000
0000
0000
0000
0000
0000
0000
0000
0000
0000
0000
0000
0000
0000
0000
0000
0000
0000
0000
0000
0000
0000
0000
0000
0000
0000
0000
0000
0000
0000
0000
0000
0000
0000
0000
0000
0000
0000
0000
0000
0000
0000
0000
0000
0000
0000
0000
0000
0000
0000
0000
0000
0000
0000
0000
0000
0000
0000
0000
0000
0000
0000
0000
0000
0000
0000
0000
0000
0000
0000
0000
0000
0000
0000
0000
0000
0000
0000
0000
0000
0000
0000
0000
0000
0000
0000
0000
0000
0000
0000
0000
0000
0000
0000
0000
0000
0000
0000
0000
0000
0000
0000
0000
0000
0000
0000
0000
0000
0000
0000
0000
0000
0000
0000
0000
0000
0000
0000
0000
0000
0000
0000
0000
0000
0000
0000
0000
0000
0000
0000
0000
0000
0000
0000
0000
0000
0000
0000
0000
0000
0000
0000
0000
0000
0000
0000
0000
0000
0000
0000
0000
0000
0000
0000
0000
0000
0000
0000
0000
0000
0000
0000
0000
0000
0000
0000
0000
0000
0000
0000
0000
0000
0000
0000
0000
0000
0000
0000
0000
0000
0000
0000
0000
0000
0000
0000
0000
0000
0000
0000
0000
0000
0000
0000
0000
0000
0000
0000
0000
0000
0000
0000
0000
0000
0000
0000
0000
0000
0000
0000
0000
0000
0000
0000
0000
0000
0000
0000
0000
0000
0000
0000
0000
0000
0000
0000
0000
0000
0000
0000
0000
0000
0000
0000
0000
0000
0000
0000
0000
0000
0000
0000
0000
0000
0000
0000
0000
0000
0000
0000
0000
0000
0000
0000
0000
0000
0000
0000
0000
0000
0000
0000
0000
0000
0000
0000
0000
0000
0000
0000
0000
0000
0000
0000
0000
0000
0000
0000
0000
0000
0000
0000
0000
0000
0000
0000
0000
0000
0000
0000
0000
0000
0000
0000
0000
0000
0000
0000
0000
0000
0000
0000
0000
0000
0000
0000
0000
0000
0000
0000
0000
0000
0000
0000
0000
0000
0000
0000
0000
0000
0000
0000
0000
0000
0000
0000
0000
0000
0000
0000
0000
0000
0000
0000
0000
0000
0000
0000
0000
0000
0000
0000
0000
0000
0000
0000
0000
0000
0000
0000
0000
0000
0000
0000
0000
0000
0000
0000
0000
0000
0000
0000
0000
0000
0000
0000
0000
0000
0000
0000
0000
0000
0000
0000
0000
0000
0000
0000
0000
0000
0000
0000
0000
0000
0000
0000
0000
0000
0000
0000
0000
0000
0000
0000
0000
0000
0000
0000
0000
0000
0000
0000
0000
0000
0000
0000
0000
0000
0000
0000
0000
0000
0000
0000
0000
0000
0000
0000
0000
0000
0000
0000
0000
0000
0000
0000
0000
0000
0000
0000
0000
0000
0000
0000
0000
0000
0000
0000
0000
0000
0000
0000
0000
0000
0000
0000
0000
0000
0000
0000
0000
0000
0000
0000
0000
0000
0000
0000
0000
0000
0000
0000
0000
0000
0000
0000
0000
0000
0000
0000
0000
0000
0000
0000
0000
0000
0000
0000
0000
0000
0000
0000
0000
0000
0000
0000
0000
0000
0000
0000
0000
0000
0000
0000
0000
0000
0000
0000
0000
0000
0000
0000
0000
0000
0000
0000
0000
0000
0000
0000
0000
0000
0000
0000
0000
0000
0000
0000
0000
0000
0000
0000
0000
0000
0000
0000
0000
0000
0000
0000
0000
0000
0000
0000
0000
0000
0000
0000
0000
0000
0000
0000
0000
0000
0000
0000
0000
0000
0000
0000
0000
0000
0000
0000
0000
0000
0000
0000
0000
0000
0000
0000
0000
0000
0000
0000
0000
0000
0000
0000
0000
0000
0000
0000
0000
0000
0000
0000
0000
0000
0000
0000
0000
0000
0000
0000
0000
0000
0000
0000
0000
0000
0000
0000
0000
0000
0000
0000
0000
0000
0000
0000
0000
0000
0000
0000
0000
0000
0000
0000
0000
0000
0000
0000
0000
0000
0000
0000
0000
0000
0000
0000
0000
0000
0000
0000
0000
0000
0000
0000
0000
0000
0000
0000
0000
0000
0000
0000
0000
0000
0000
0000
0000
0000
0000
0000
0000
0000
0000
0000
0000
0000
0000
0000
0000
0000
0000
0000
0000
0000
0000
0000
0000
0000
0000
0000
0000
0000
0000
0000
0000
0000
0000
0000
0000
0000
0000
0000
0000
0000
0000
0000
0000
0000
0000
0000
0000
0000
0000
0000
0000
0000
0000
0000
0000
0000
0000
0000
0000
0000
0000
0000
0000
0000
0000
0000
0000
0000
0000
0000
0000
0000
0000
0000
0000
0000
0000
0000
0000
0000
0000
0000
0000
0000
0000
0000
0000
0000
0000
0000
0000
0000
0000
0000
0000
0000
0000
0000
0000
0000
0000
0000
0000
0000
0000
0000
0000
0000
0000
0000
0000
0000
0000
0000
0000
0000
0000
0000
0000
0000
0000
0000
0000
0000
0000
0000
0000
0000
0000
0000
0000
0000
0000
0000
0000
0000
0000
0000
0000
0000
0000
0000
0000
0000
0000
0000
0000
0000
0000
0000
0000
0000
0000
0000
0000
0000
0000
0000
0000
0000
0000
0000
0000
0000
0000
0000
0000
0000
0000
0000
0000
0000
0000
0000
0000
0000
0000
0000
0000
0000
0000
0000
0000
0000
0000
0000
0000
0000
0000
0000
0000
0000
0000
0000
0000
0000
0000
0000
0000
0000
0000
0000
0000
0000
0000
0000
0000
0000
0000
0000
0000
0000
0000
0000
0000
0000
0000
0000
0000
0000
0000
0000
0000
0000
0000
0000
0000
0000
0000
0000
0000
0000
0000
0000
0000
0000
0000
0000
0000
0000
0000
0000
0000
0000
0000
0000
0000
0000
0000
0000
0000
0000
0000
0000
0000
0000
0000
0000
0000
0000
0000
0000
0000
0000
0000
0000
0000
0000
0000
0000
0000
0000
0000
0000
0000
0000
0000
0000
0000
0000
0000
0000
0000
0000
0000
0000
0000
0000
0000
0000
0000
0000
0000
0000
0000
0000
0000
0000
0000
0000
0000
0000
0000
0000
0000
0000
0000
0000
0000
0000
0000
0000
0000
0000
0000
0000
0000
0000
0000
0000
0000
0000
0000
0000
0000
0000
0000
0000
0000
0000
0000
0000
0000
0000
0000
0000
0000
0000
0000
0000
0000
0000
0000
0000
0000
0000
0000
0000
0000
0000
0000
0000
0000
0000
0000
0000
0000
0000
0000
0000
0000
0000
0000
0000
0000
0000
0000
0000
0000
0000
0000
0000
0000
0000
0000
0000
0000
e0e5
e0d6
e100
e15f
e20d
e31e
e484
e62e
e80b
ea08
ec34
ee9b
f146
f41b
f701
f9df
fcc0
ffcc
02e8
05fa
08ea
0bc3
0e6f
10fc
1377
15cd
17ee
19cc
1b5c
1c97
1d98
1e5b
1ede
1f01
1ec8
1e5c
1da3
1ca7
1b55
19bd
17f0
15ff
13bd
1140
0ea0
0bf5
0915
061a
02fd
ffd9
fcc7
f9bf
f6b9
f3cc
f10e
ee72
ec0b
e9c9
e7bc
e5f1
e472
e327
e217
e146
e0d7
e0c7
e0f1
e150
e1fe
e311
e479
e626
e806
ea07
ec37
eea1
f14e
f425
f70c
f9eb
fccb
ffd5
02ef
05ff
08ed
0bc3
0e6c
10f6
136e
15c2
17e1
19be
1b4f
1c8b
1d8d
1e51
1ed5
1efa
1ec4
1e5a
1da3
1ca9
1b59
19c2
17f5
1605
13c3
1146
0ea6
0bfa
0918
061a
02fa
ffd3
fcbf
f9b6
f6ae
f3c0
f102
ee67
ec02
e9c2
e7b7
e5ee
e471
e327
e218
e148
e0da
e0cb
e0f5
e154
e202
e314
e47c
e629
e809
ea0a
ec3a
eea4
f151
f428
f710
f9f0
fcd2
ffdf
02fc
060e
08fd
0bd4
0e7e
1109
1382
15d6
17f5
19d2
1b62
1c9d
1d9f
1e63
1ee6
1f09
1ed1
1e65
1dac
1cb0
1b5d
19c4
17f5
1603
13bf
1141
0e9f
0bf2
090f
0611
02f1
ffcb
fcb8
f9af
f6a8
f3bb
f0fe
ee64
ebff
e9c0
e7b6
e5ee
e472
e329
e21b
e14c
e0de
e0cf
e0f9
e157
e203
e313
e479
e624
e802
ea01
ec2f
ee98
f144
f41a
f701
f9e0
fcc2
ffcf
02ec
05fe
08ee
0bc6
0e71
10fd
1378
15ce
17ef
19cd
1b5d
1c98
1d99
1e5c
1edf
1f02
1ec9
1e5d
1da4
1ca8
1b56
19bd
17ef
15fd
13b9
113a
0e98
0bea
0907
0609
02ea
ffc5
fcb3
f9ac
f6a7
f3bc
f101
ee68
ec05
e9c7
e7be
e5f7
e47b
e332
e223
e153
e0e5
e0d6
e100
e15f
e20d
e31e
e484
e62e
e80b
ea08
ec34
ee9b
f146
f41b
f701
f9df
fcc0
ffcc
02e8
05fa
08ea
0bc3
0e6f
10fc
1377
15cd
17ee
19cc
1b5c
1c97
1d98
1e5b
1ede
1f01
1ec8
1e5c
1da3
1ca7
1b55
19bd
17f0
15ff
13bd
1140
0ea0
0bf5
0915
061a
02fd
ffd9
fcc7
f9bf
f6b9
f3cc
f10e
ee72
ec0b
e9c9
e7bc
e5f1
e472
e327
e217
e146
e0d7
e0c7
e0f1
e150
e1fe
e311
e479
e626
e806
ea07
ec37
eea1
f14e
f425
f70c
f9eb
fccb
ffd5
02ef
05ff
08ed
0bc3
0e6c
10f6
136e
15c2
17e1
19be
1b4f
1c8b
1d8d
1e51
1ed5
1efa
1ec4
1e5a
1da3
1ca9
1b59
19c2
17f5
1605
13c3
1146
0ea6
0bfa
0918
061a
02fa
ffd3
fcbf
f9b6
f6ae
f3c0
f102
ee67
ec02
e9c2
e7b7
e5ee
e471
e327
e218
e148
e0da
e0cb
e0f5
e154
e202
e314
e47c
e629
e809
ea0a
ec3a
eea4
f151
f428
f710
f9f0
fcd2
ffdf
02fc
060e
08fd
0bd4
0e7e
1109
1382
15d6
17f5
19d2
1b62
1c9d
1d9f
1e63
1ee6
1f09
1ed1
1e65
1dac
1cb0
1b5d
19c4
17f5
1603
13bf
1141
0e9f
0bf2
090f
0611
02f1
ffcb
fcb8
f9af
f6a8
f3bb
f0fe
ee64
ebff
e9c0
e7b6
e5ee
e472
e329
e21b
e14c
e0de
e0cf
e0f9
e157
e203
e313
e479
e624
e802
ea01
ec2f
ee98
f144
f41a
f701
f9e0
fcc2
ffcf
02ec
05fe
08ee
0bc6
0e71
10fd
1378
15ce
17ef
19cd
1b5d
1c98
1d99
1e5c
1edf
1f02
1ec9
1e5d
1da4
1ca8
1b56
19bd
17ef
15fd
13b9
113a
0e98
0bea
0907
0609
02ea
ffc5
fcb3
f9ac
f6a7
f3bc
f101
ee68
ec05
e9c7
e7be
e5f7
e47b
e332
e223
e153
e0e5
e0d6
e100
e15f
e20d
e31e
e484
e62e
e80b
ea08
ec34
ee9b
f146
f41b
f701
f9df
fcc0
ffcc
02e8
05fa
08ea
0bc3
0e6f
10fc
1377
15cd
17ee
19cc
1b5c
1c97
1d98
1e5b
1ede
1f01
1ec8
1e5c
1da3
1ca7
1b55
19bd
17f0
15ff
13bd
1140
0ea0
0bf5
0915
061a
02fd
ffd9
fcc7
f9bf
f6b9
f3cc
f10e
ee72
ec0b
e9c9
e7bc
e5f1
e472
e327
e217
e146
e0d7
e0c7
e0f1
e150
e1fe
e311
e479
e626
e806
ea07
ec37
eea1
f14e
f425
f70c
f9eb
fccb
ffd5
02ef
05ff
08ed
0bc3
0e6c
10f6
136e
15c2
17e1
19be
1b4f
1c8b
1d8d
1e51
1ed5
1efa
1ec4
1e5a
1da3
1ca9
1b59
19c2
17f5
1605
13c3
1146
0ea6
0bfa
0918
061a
02fa
ffd3
fcbf
f9b6
f6ae
f3c0
f102
ee67
ec02
e9c2
e7b7
e5ee
e471
e327
e218
e148
e0da
e0cb
e0f5
e154
e202
e314
e47c
e629
e809
ea0a
ec3a
eea4
f151
f428
f710
f9f0
fcd2
ffdf
02fc
060e
08fd
0bd4
0e7e
1109
1382
15d6
17f5
19d2
1b62
1c9d
1d9f
1e63
1ee6
1f09
1ed1
1e65
1dac
1cb0
1b5d
19c4
17f5
1603
13bf
1141
0e9f
0bf2
090f
0611
02f1
ffcb
fcb8
f9af
f6a8
f3bb
f0fe
ee64
ebff
e9c0
e7b6
e5ee
e472
e329
e21b
e14c
e0de
e0cf
e0f9
e157
e203
e313
e479
e624
e802
ea01
ec2f
ee98
f144
f41a
f701
f9e0
fcc2
ffcf
02ec
05fe
08ee
0bc6
0e71
10fd
1378
15ce
17ef
19cd
1b5d
1c98
1d99
1e5c
1edf
1f02
1ec9
1e5d
1da4
1ca8
1b56
19bd
17ef
15fd
13b9
113a
0e98
0bea
0907
0609
02ea
ffc5
fcb3
f9ac
f6a7
f3bc
f101
ee68
ec05
e9c7
e7be
e5f7
e47b
e332
e223
e153
e0e5
e0d6
e100
e15f
e20d
e31e
e484
e62e
e80b
ea08
ec34
ee9b
f146
f41b
f701
f9df
fcc0
ffcc
02e8
05fa
08ea
0bc3
0e6f
10fc
1377
15cd
17ee
19cc
1b5c
1c97
1d98
1e5b
1ede
1f01
1ec8
1e5c
1da3
1ca7
1b55
19bd
17f0
15ff
13bd
1140
0ea0
0bf5
0915
061a
02fd
ffd9
fcc7
f9bf
f6b9
f3cc
f10e
ee72
ec0b
e9c9
e7bc
e5f1
e472
e327
e217
e146
e0d7
e0c7
e0f1
e150
e1fe
e311
e479
e626
e806
ea07
ec37
eea1
f14e
f425
f70c
f9eb
fccb
ffd5
02ef
05ff
08ed
0bc3
0e6c
10f6
136e
15c2
17e1
19be
1b4f
1c8b
1d8d
1e51
1ed5
1efa
1ec4
1e5a
1da3
1ca9
1b59
19c2
17f5
1605
13c3
1146
0ea6
0bfa
0918
061a
02fa
ffd3
fcbf
f9b6
f6ae
f3c0
f102
ee67
ec02
e9c2
e7b7
e5ee
e471
e327
e218
e148
e0da
e0cb
e0f5
e154
e202
e314
e47c
e629
e809
ea0a
ec3a
eea4
f151
f428
f710
f9f0
fcd2
ffdf
02fc
060e
08fd
0bd4
0e7e
1109
1382
15d6
17f5
19d2
1b62
1c9d
1d9f
1e63
1ee6
1f09
1ed1
1e65
1dac
1cb0
1b5d
19c4
17f5
1603
13bf
1141
0e9f
0bf2
090f
0611
02f1
ffcb
fcb8
f9af
f6a8
f3bb
f0fe
ee64
ebff
e9c0
e7b6
e5ee
e472
e329
e21b
e14c
e0de
e0cf
e0f9
e157
e203
e313
e479
e624
e802
ea01
ec2f
ee98
f144
f41a
f701
f9e0
fcc2
ffcf
02ec
05fe
08ee
0bc6
0e71
10fd
1378
15ce
17ef
19cd
1b5d
1c98
1d99
1e5c
1edf
1f02
1ec9
1e5d
1da4
1ca8
1b56
19bd
17ef
15fd
13b9
113a
0e98
0bea
0907
0609
02ea
ffc5
fcb3
f9ac
f6a7
f3bc
f101
ee68
ec05
e9c7
e7be
e5f7
e47b
e332
e223
e153
e0e5
e0d6
e100
e15f
e20d
e31e
e484
e62e
e80b
ea08
ec34
ee9b
f146
f41b
f701
f9df
fcc0
ffcc
02e8
05fa
08ea
0bc3
0e6f
10fc
1377
15cd
17ee
19cc
1b5c
1c97
1d98
1e5b
1ede
1f01
1ec8
1e5c
1da3
1ca7
1b55
19bd
17f0
15ff
13bd
1140
0ea0
0bf5
0915
061a
02fd
ffd9
fcc7
f9bf
f6b9
f3cc
f10e
ee72
ec0b
e9c9
e7bc
e5f1
e472
e327
e217
e146
e0d7
e0c7
e0f1
e150
e1fe
e311
e479
e626
e806
ea07
ec37
eea1
f14e
f425
f70c
f9eb
fccb
ffd5
02ef
05ff
08ed
0bc3
0e6c
10f6
136e
15c2
17e1
19be
1b4f
1c8b
1d8d
1e51
1ed5
1efa
1ec4
1e5a
1da3
1ca9
1b59
19c2
17f5
1605
13c3
1146
0ea6
0bfa
0918
061a
02fa
ffd3
fcbf
f9b6
f6ae
f3c0
f102
ee67
ec02
e9c2
e7b7
e5ee
e471
e327
e218
e148
e0da
e0cb
e0f5
e154
e202
e314
e47c
e629
e809
ea0a
ec3a
eea4
f151
f428
f710
f9f0
fcd2
ffdf
02fc
060e
08fd
0bd4
0e7e
1109
1382
15d6
17f5
19d2
1b62
1c9d
1d9f
1e63
1ee6
1f09
1ed1
1e65
1dac
1cb0
1b5d
19c4
17f5
1603
13bf
1141
0e9f
0bf2
090f
0611
02f1
ffcb
fcb8
f9af
f6a8
f3bb
f0fe
ee64
ebff
e9c0
e7b6
e5ee
e472
e329
e21b
e14c
e0de
e0cf
e0f9
e157
e203
e313
e479
e624
e802
ea01
ec2f
ee98
f144
f41a
f701
f9e0
fcc2
ffcf
02ec
05fe
08ee
0bc6
0e71
10fd
1378
15ce
17ef
19cd
1b5d
1c98
1d99
1e5c
1edf
1f02
1ec9
1e5d
1da4
1ca8
1b56
19bd
17ef
15fd
13b9
113a
0e98
0bea
0907
0609
02ea
ffc5
fcb3
f9ac
f6a7
f3bc
f101
ee68
ec05
e9c7
e7be
e5f7
e47b
e332
e223
e153
e0e5
e0d6
e100
e15f
e20d
e31e
e484
e62e
e80b
ea08
ec34
ee9b
f146
f41b
f701
f9df
fcc0
ffcc
02e8
05fa
08ea
0bc3
0e6f
10fc
1377
15cd
17ee
19cc
1b5c
1c97
1d98
1e5b
1ede
1f01
1ec8
1e5c
1da3
1ca7
1b55
19bd
17f0
15ff
13bd
1140
0ea0
0bf5
0915
061a
02fd
ffd9
fcc7
f9bf
f6b9
f3cc
f10e
ee72
ec0b
e9c9
e7bc
e5f1
e472
e327
e217
e146
e0d7
e0c7
e0f1
e150
e1fe
e311
e479
e626
e806
ea07
ec37
eea1
f14e
f425
f70c
f9eb
fccb
ffd5
02ef
05ff
08ed
0bc3
0e6c
10f6
136e
15c2
17e1
19be
1b4f
1c8b
1d8d
1e51
1ed5
1efa
1ec4
1e5a
1da3
1ca9
1b59
19c2
17f5
1605
13c3
1146
0ea6
0bfa
0918
061a
02fa
ffd3
fcbf
f9b6
f6ae
f3c0
f102
ee67
ec02
e9c2
e7b7
e5ee
e471
e327
e218
e148
e0da
e0cb
e0f5
e154
e202
e314
e47c
e629
e809
ea0a
ec3a
eea4
f151
f428
f710
f9f0
fcd2
ffdf
02fc
060e
08fd
0bd4
0e7e
1109
1382
15d6
17f5
19d2
1b62
1c9d
1d9f
1e63
1ee6
1f09
1ed1
1e65
1dac
1cb0
1b5d
19c4
17f5
1603
13bf
1141
0e9f
0bf2
090f
0611
02f1
ffcb
fcb8
f9af
f6a8
f3bb
f0fe
ee64
ebff
e9c0
e7b6
e5ee
e472
e329
e21b
e14c
e0de
e0cf
e0f9
e157
e203
e313
e479
e624
e802
ea01
ec2f
ee98
f144
f41a
f701
f9e0
fcc2
ffcf
02ec
05fe
08ee
0bc6
0e71
10fd
1378
15ce
17ef
19cd
1b5d
1c98
1d99
1e5c
1edf
1f02
1ec9
1e5d
1da4
1ca8
1b56
19bd
17ef
15fd
13b9
113a
0e98
0bea
0907
0609
02ea
ffc5
fcb3
f9ac
f6a7
f3bc
f101
ee68
ec05
e9c7
e7be
e5f7
e47b
e332
e223
e153
e0e5
e0d6
e100
e15f
e20d
e31e
e484
e62e
e80b
ea08
ec34
ee9b
f146
f41b
f701
f9df
fcc0
ffcc
02e8
05fa
08ea
0bc3
0e6f
10fc
1377
15cd
17ee
19cc
1b5c
1c97
1d98
1e5b
1ede
1f01
1ec8
1e5c
1da3
1ca7
1b55
19bd
17f0
15ff
13bd
1140
0ea0
0bf5
0915
061a
02fd
ffd9
fcc7
f9bf
f6b9
f3cc
f10e
ee72
ec0b
e9c9
e7bc
e5f1
e472
e327
e217
e146
e0d7
e0c7
e0f1
e150
e1fe
e311
e479
e626
e806
ea07
ec37
eea1
f14e
f425
f70c
f9eb
fccb
ffd5
02ef
05ff
08ed
0bc3
0e6c
10f6
136e
15c2
17e1
19be
1b4f
1c8b
1d8d
1e51
1ed5
1efa
1ec4
1e5a
1da3
1ca9
1b59
19c2
17f5
1605
13c3
1146
0ea6
0bfa
0918
061a
02fa
ffd3
fcbf
f9b6
f6ae
f3c0
f102
ee67
ec02
e9c2
e7b7
e5ee
e471
e327
e218
e148
e0da
e0cb
e0f5
e154
e202
e314
e47c
e629
e809
ea0a
ec3a
eea4
f151
f428
f710
f9f0
fcd2
ffdf
02fc
060e
08fd
0bd4
0e7e
1109
1382
15d6
17f5
19d2
1b62
1c9d
1d9f
1e63
1ee6
1f09
1ed1
1e65
1dac
1cb0
1b5d
19c4
17f5
1603
13bf
1141
0e9f
0bf2
090f
0611
02f1
ffcb
fcb8
f9af
f6a8
f3bb
f0fe
ee64
ebff
e9c0
e7b6
e5ee
e472
e329
e21b
e14c
e0de
e0cf
e0f9
e157
e203
e313
e479
e624
e802
ea01
ec2f
ee98
f144
f41a
f701
f9e0
fcc2
ffcf
02ec
05fe
08ee
0bc6
0e71
10fd
1378
15ce
17ef
19cd
1b5d
1c98
1d99
1e5c
1edf
1f02
1ec9
1e5d
1da4
1ca8
1b56
19bd
17ef
15fd
13b9
113a
0e98
0bea
0907
0609
02ea
ffc5
fcb3
f9ac
f6a7
f3bc
f101
ee68
ec05
e9c7
e7be
e5f7
e47b
e332
e223
e153
e0e5
e0d6
e100
e15f
e20d
e31e
e484
e62e
e80b
ea08
ec34
ee9b
f146
f41b
f701
f9df
fcc0
ffcc
02e8
05fa
08ea
0bc3
0e6f
10fc
1377
15cd
17ee
19cc
1b5c
1c97
1d98
1e5b
1ede
1f01
1ec8
1e5c
1da3
1ca7
1b55
19bd
17f0
15ff
13bd
1140
0ea0
0bf5
0915
061a
02fd
ffd9
fcc7
f9bf
f6b9
f3cc
f10e
ee72
ec0b
e9c9
e7bc
e5f1
e472
e327
e217
e146
e0d7
e0c7
e0f1
e150
e1fe
e311
e479
e626
e806
ea07
ec37
eea1
f14e
f425
f70c
f9eb
fccb
ffd5
02ef
05ff
08ed
0bc3
0e6c
10f6
136e
15c2
17e1
19be
1b4f
1c8b
1d8d
1e51
1ed5
1efa
1ec4
1e5a
1da3
1ca9
1b59
19c2
17f5
1605
13c3
1146
0ea6
0bfa
0918
061a
02fa
ffd3
fcbf
f9b6
f6ae
f3c0
f102
ee67
ec02
e9c2
e7b7
e5ee
e471
e327
e218
e148
e0da
e0cb
e0f5
e154
e202
e314
e47c
e629
e809
ea0a
ec3a
eea4
f151
f428
f710
f9f0
fcd2
ffdf
02fc
060e
08fd
0bd4
0e7e
1109
1382
15d6
17f5
19d2
1b62
1c9d
1d9f
1e63
1ee6
1f09
1ed1
1e65
1dac
1cb0
1b5d
19c4
17f5
1603
13bf
1141
0e9f
0bf2
090f
0611
02f1
ffcb
fcb8
f9af
f6a8
f3bb
f0fe
ee64
ebff
e9c0
e7b6
e5ee
e472
e329
e21b
e14c
e0de
e0cf
e0f9
e157
e203
e313
e479
e624
e802
ea01
ec2f
ee98
f144
f41a
f701
f9e0
fcc2
ffcf
02ec
05fe
08ee
0bc6
0e71
10fd
1378
15ce
17ef
19cd
1b5d
1c98
1d99
1e5c
1edf
1f02
1ec9
1e5d
1da4
1ca8
1b56
19bd
17ef
15fd
13b9
113a
0e98
0bea
0907
0609
02ea
ffc5
fcb3
f9ac
f6a7
f3bc
f101
ee68
ec05
e9c7
e7be
e5f7
e47b
e332
e223
e153
e0e5
e0d6
e100
e15f
e20d
e31e
e484
e62e
e80b
ea08
ec34
ee9b
f146
f41b
f701
f9df
fcc0
ffcc
02e8
05fa
08ea
0bc3
0e6f
10fc
1377
15cd
17ee
19cc
1b5c
1c97
1d98
1e5b
1ede
1f01
1ec8
1e5c
1da3
1ca7
1b55
19bd
17f0
15ff
13bd
1140
0ea0
0bf5
0915
061a
02fd
ffd9
fcc7
f9bf
f6b9
f3cc
f10e
ee72
ec0b
e9c9
e7bc
e5f1
e472
e327
e217
e146
e0d7
e0c7
e0f1
e150
e1fe
e311
e479
e626
e806
ea07
ec37
eea1
f14e
f425
f70c
f9eb
fccb
ffd5
02ef
05ff
08ed
0bc3
0e6c
10f6
136e
15c2
17e1
19be
1b4f
1c8b
1d8d
1e51
1ed5
1efa
1ec4
1e5a
1da3
1ca9
1b59
19c2
17f5
1605
13c3
1146
0ea6
0bfa
0918
061a
02fa
ffd3
fcbf
f9b6
f6ae
f3c0
f102
ee67
ec02
e9c2
e7b7
e5ee
e471
e327
e218
e148
e0da
e0cb
e0f5
e154
e202
e314
e47c
e629
e809
ea0a
ec3a
eea4
f151
f428
f710
f9f0
fcd2
ffdf
02fc
060e
08fd
0bd4
0e7e
1109
1382
15d6
17f5
19d2
1b62
1c9d
1d9f
1e63
1ee6
1f09
1ed1
1e65
1dac
1cb0
1b5d
19c4
17f5
1603
13bf
1141
0e9f
0bf2
090f
0611
02f1
ffcb
fcb8
f9af
f6a8
f3bb
f0fe
ee64
ebff
e9c0
e7b6
e5ee
e472
e329
e21b
e14c
e0de
e0cf
e0f9
e157
e203
e313
e479
e624
e802
ea01
ec2f
ee98
f144
f41a
f701
f9e0
fcc2
ffcf
02ec
05fe
08ee
0bc6
0e71
10fd
1378
15ce
17ef
19cd
1b5d
1c98
1d99
1e5c
1edf
1f02
1ec9
1e5d
1da4
1ca8
1b56
19bd
17ef
15fd
13b9
113a
0e98
0bea
0907
0609
02ea
ffc5
fcb3
f9ac
f6a7
f3bc
f101
ee68
ec05
e9c7
e7be
e5f7
e47b
e332
e223
e153
e0e5
e0d6
e100
e15f
e20d
e31e
e484
e62e
e80b
ea08
ec34
ee9b
f146
f41b
f701
f9df
fcc0
ffcc
02e8
05fa
08ea
0bc3
0e6f
10fc
1377
15cd
17ee
19cc
1b5c
1c97
1d98
1e5b
1ede
1f01
1ec8
1e5c
1da3
1ca7
1b55
19bd
17f0
15ff
13bd
1140
0ea0
0bf5
0915
061a
02fd
ffd9
fcc7
f9bf
f6b9
f3cc
f10e
ee72
ec0b
e9c9
e7bc
e5f1
e472
e327
e217
e146
e0d7
e0c7
e0f1
e150
e1fe
e311
e479
e626
e806
ea07
ec37
eea1
f14e
f425
f70c
f9eb
fccb
ffd5
02ef
05ff
08ed
0bc3
0e6c
10f6
136e
15c2
17e1
19be
1b4f
1c8b
1d8d
1e51
1ed5
1efa
1ec4
1e5a
1da3
1ca9
1b59
19c2
17f5
1605
13c3
1146
0ea6
0bfa
0918
061a
02fa
ffd3
fcbf
f9b6
f6ae
f3c0
f102
ee67
ec02
e9c2
e7b7
e5ee
e471
e327
e218
e148
e0da
e0cb
e0f5
e154
e202
e314
e47c
e629
e809
ea0a
ec3a
eea4
f151
f428
f710
f9f0
fcd2
ffdf
02fc
060e
08fd
0bd4
0e7e
1109
1382
15d6
17f5
19d2
1b62
1c9d
1d9f
1e63
1ee6
1f09
1ed1
1e65
1dac
1cb0
1b5d
19c4
17f5
1603
13bf
1141
0e9f
0bf2
090f
0611
02f1
ffcb
fcb8
f9af
f6a8
f3bb
f0fe
ee64
ebff
e9c0
e7b6
e5ee
e472
e329
e21b
e14c
e0de
e0cf
e0f9
e157
e203
e313
e479
e624
e802
ea01
ec2f
ee98
f144
f41a
f701
f9e0
fcc2
ffcf
02ec
05fe
08ee
0bc6
0e71
10fd
1378
15ce
17ef
19cd
1b5d
1c98
1d99
1e5c
1edf
1f02
1ec9
1e5d
1da4
1ca8
1b56
19bd
17ef
15fd
13b9
113a
0e98
0bea
0907
0609
02ea
ffc5
fcb3
f9ac
f6a7
f3bc
f101
ee68
ec05
e9c7
e7be
e5f7
e47b
e332
e223
e153
e0e5
e0d6
e100
e15f
e20d
e31e
e484
e62e
e80b
ea08
ec34
ee9b
f146
f41b
f701
f9df
fcc0
ffcc
02e8
05fa
08ea
0bc3
0e6f
10fc
1377
15cd
17ee
19cc
1b5c
1c97
1d98
1e5b
1ede
1f01
1ec8
1e5c
1da3
1ca7
1b55
19bd
17f0
15ff
13bd
1140
0ea0
0bf5
0915
061a
02fd
ffd9
fcc7
f9bf
f6b9
f3cc
f10e
ee72
ec0b
e9c9
e7bc
e5f1
e472
e327
e217
e146
e0d7
e0c7
e0f1
e150
e1fe
e311
e479
e626
e806
ea07
ec37
eea1
f14e
f425
f70c
f9eb
fccb
ffd5
02ef
05ff
08ed
0bc3
0e6c
10f6
136e
15c2
17e1
19be
1b4f
1c8b
1d8d
1e51
1ed5
1efa
1ec4
1e5a
1da3
1ca9
1b59
19c2
17f5
1605
13c3
1146
0ea6
0bfa
0918
061a
02fa
ffd3
fcbf
f9b6
f6ae
f3c0
f102
ee67
ec02
e9c2
e7b7
e5ee
e471
e327
e218
e148
e0da
e0cb
e0f5
e154
e202
e314
e47c
e629
e809
ea0a
ec3a
eea4
f151
f428
f710
f9f0
fcd2
ffdf
02fc
060e
08fd
0bd4
0e7e
1109
1382
15d6
17f5
19d2
1b62
1c9d
1d9f
1e63
1ee6
1f09
1ed1
1e65
1dac
1cb0
1b5d
19c4
17f5
1603
13bf
1141
0e9f
0bf2
090f
0611
02f1
ffcb
fcb8
f9af
f6a8
f3bb
f0fe
ee64
ebff
e9c0
e7b6
e5ee
e472
e329
e21b
e14c
e0de
e0cf
e0f9
e157
e203
e313
e479
e624
e802
ea01
ec2f
ee98
f144
f41a
f701
f9e0
fcc2
ffcf
02ec
05fe
08ee
0bc6
0e71
10fd
1378
15ce
17ef
19cd
1b5d
1c98
1d99
1e5c
1edf
1f02
1ec9
1e5d
1da4
1ca8
1b56
19bd
17ef
15fd
13b9
113a
0e98
0bea
0907
0609
02ea
ffc5
fcb3
f9ac
f6a7
f3bc
f101
ee68
ec05
e9c7
e7be
e5f7
e47b
e332
e223
e153
e0e5
e0d6
e100
e15f
e20d
e31e
e484
e62e
e80b
ea08
ec34
ee9b
f146
f41b
f701
f9df
fcc0
ffcc
02e8
05fa
08ea
0bc3
0e6f
10fc
1377
15cd
17ee
19cc
1b5c
1c97
1d98
1e5b
1ede
1f01
1ec8
1e5c
1da3
1ca7
1b55
19bd
17f0
15ff
13bd
1140
0ea0
0bf5
0915
061a
02fd
ffd9
fcc7
f9bf
f6b9
f3cc
f10e
ee72
ec0b
e9c9
e7bc
e5f1
e472
e327
e217
e146
e0d7
e0c7
e0f1
e150
e1fe
e311
e479
e626
e806
ea07
ec37
eea1
f14e
f425
f70c
f9eb
fccb
ffd5
02ef
05ff
08ed
0bc3
0e6c
10f6
136e
15c2
17e1
19be
1b4f
1c8b
1d8d
1e51
1ed5
1efa
1ec4
1e5a
1da3
1ca9
1b59
19c2
17f5
1605
13c3
1146
0ea6
0bfa
0918
061a
02fa
ffd3
fcbf
f9b6
f6ae
f3c0
f102
ee67
ec02
e9c2
e7b7
e5ee
e471
e327
e218
e148
e0da
e0cb
e0f5
e154
e202
e314
e47c
e629
e809
ea0a
ec3a
eea4
f151
f428
f710
f9f0
fcd2
ffdf
02fc
060e
08fd
0bd4
0e7e
1109
1382
15d6
17f5
19d2
1b62
1c9d
1d9f
1e63
1ee6
1f09
1ed1
1e65
1dac
1cb0
1b5d
19c4
17f5
1603
13bf
1141
0e9f
0bf2
090f
0611
02f1
ffcb
fcb8
f9af
f6a8
f3bb
f0fe
ee64
ebff
e9c0
e7b6
e5ee
e472
e329
e21b
e14c
e0de
e0cf
e0f9
e157
e203
e313
e479
e624
e802
ea01
ec2f
ee98
f144
f41a
f701
f9e0
fcc2
ffcf
02ec
05fe
08ee
0bc6
0e71
10fd
1378
15ce
17ef
19cd
1b5d
1c98
1d99
1e5c
1edf
1f02
1ec9
1e5d
1da4
1ca8
1b56
19bd
17ef
15fd
13b9
113a
0e98
0bea
0907
0609
02ea
ffc5
fcb3
f9ac
f6a7
f3bc
f101
ee68
ec05
e9c7
e7be
e5f7
e47b
e332
e223
e153
e0e5
e0d6
e100
e15f
e20d
e31e
e484
e62e
e80b
ea08
ec34
ee9b
f146
f41b
f701
f9df
fcc0
ffcc
02e8
05fa
08ea
0bc3
0e6f
10fc
1377
15cd
17ee
19cc
1b5c
1c97
1d98
1e5b
1ede
1f01
1ec8
1e5c
1da3
1ca7
1b55
19bd
17f0
15ff
13bd
1140
0ea0
0bf5
0915
061a
02fd
ffd9
fcc7
f9bf
f6b9
f3cc
f10e
ee72
ec0b
e9c9
e7bc
e5f1
e472
e327
e217
e146
e0d7
e0c7
e0f1
e150
e1fe
e311
e479
e626
e806
ea07
ec37
eea1
f14e
f425
f70c
f9eb
fccb
ffd5
02ef
05ff
08ed
0bc3
0e6c
10f6
136e
15c2
17e1
19be
1b4f
1c8b
1d8d
1e51
1ed5
1efa
1ec4
1e5a
1da3
1ca9
1b59
19c2
17f5
1605
13c3
1146
0ea6
0bfa
0918
061a
02fa
ffd3
fcbf
f9b6
f6ae
f3c0
f102
ee67
ec02
e9c2
e7b7
e5ee
e471
e327
e218
e148
e0da
e0cb
e0f5
e154
e202
e314
e47c
e629
e809
ea0a
ec3a
eea4
f151
f428
f710
f9f0
fcd2
ffdf
02fc
060e
08fd
0bd4
0e7e
1109
1382
15d6
17f5
19d2
1b62
1c9d
1d9f
1e63
1ee6
1f09
1ed1
1e65
1dac
1cb0
1b5d
19c4
17f5
1603
13bf
1141
0e9f
0bf2
090f
0611
02f1
ffcb
fcb8
f9af
f6a8
f3bb
f0fe
ee64
ebff
e9c0
e7b6
e5ee
e472
e329
e21b
e14c
e0de
e0cf
e0f9
e157
e203
e313
e479
e624
e802
ea01
ec2f
ee98
f144
f41a
f701
f9e0
fcc2
ffcf
02ec
05fe
08ee
0bc6
0e71
10fd
1378
15ce
17ef
19cd
1b5d
1c98
1d99
1e5c
1edf
1f02
1ec9
1e5d
1da4
1ca8
1b56
19bd
17ef
15fd
13b9
113a
0e98
0bea
0907
0609
02ea
ffc5
fcb3
f9ac
f6a7
f3bc
f101
ee68
ec05
e9c7
e7be
e5f7
e47b
e332
e223
e153
e0e5
e0d6
e100
e15f
e20d
e31e
e484
e62e
e80b
ea08
ec34
ee9b
f146
f41b
f701
f9df
fcc0
ffcc
02e8
05fa
08ea
0bc3
0e6f
10fc
1377
15cd
17ee
19cc
1b5c
1c97
1d98
1e5b
1ede
1f01
1ec8
1e5c
1da3
1ca7
1b55
19bd
17f0
15ff
13bd
1140
0ea0
0bf5
0915
061a
02fd
ffd9
fcc7
f9bf
f6b9
f3cc
f10e
ee72
ec0b
e9c9
e7bc
e5f1
e472
e327
e217
e146
e0d7
e0c7
e0f1
e150
e1fe
e311
e479
e626
e806
ea07
ec37
eea1
f14e
f425
f70c
f9eb
fccb
ffd5
02ef
05ff
08ed
0bc3
0e6c
10f6
136e
15c2
17e1
19be
1b4f
1c8b
1d8d
1e51
1ed5
1efa
1ec4
1e5a
1da3
1ca9
1b59
19c2
17f5
1605
13c3
1146
0ea6
0bfa
0918
061a
02fa
ffd3
fcbf
f9b6
f6ae
f3c0
f102
ee67
ec02
e9c2
e7b7
e5ee
e471
e327
e218
e148
e0da
e0cb
e0f5
e154
e202
e314
e47c
e629
e809
ea0a
ec3a
eea4
f151
f428
f710
f9f0
fcd2
ffdf
02fc
060e
08fd
0bd4
0e7e
1109
1382
15d6
17f5
19d2
1b62
1c9d
1d9f
1e63
1ee6
1f09
1ed1
1e65
1dac
1cb0
1b5d
19c4
17f5
1603
13bf
1141
0e9f
0bf2
090f
0611
02f1
ffcb
fcb8
f9af
f6a8
f3bb
f0fe
ee64
ebff
e9c0
e7b6
e5ee
e472
e329
e21b
e14c
e0de
e0cf
e0f9
e157
e203
e313
e479
e624
e802
ea01
ec2f
ee98
f144
f41a
f701
f9e0
fcc2
ffcf
02ec
05fe
08ee
0bc6
0e71
10fd
1378
15ce
17ef
19cd
1b5d
1c98
1d99
1e5c
1edf
1f02
1ec9
1e5d
1da4
1ca8
1b56
19bd
17ef
15fd
13b9
113a
0e98
0bea
0907
0609
02ea
ffc5
fcb3
f9ac
f6a7
f3bc
f101
ee68
ec05
e9c7
e7be
e5f7
e47b
e332
e223
e153
e0e5
e0d6
e100
e15f
e20d
e31e
e484
e62e
e80b
ea08
ec34
ee9b
f146
f41b
f701
f9df
fcc0
ffcc
02e8
05fa
08ea
0bc3
0e6f
10fc
1377
15cd
17ee
19cc
1b5c
1c97
1d98
1e5b
1ede
1f01
1ec8
1e5c
1da3
1ca7
1b55
19bd
17f0
15ff
13bd
1140
0ea0
0bf5
0915
061a
02fd
ffd9
fcc7
f9bf
f6b9
f3cc
f10e
ee72
ec0b
e9c9
e7bc
e5f1
e472
e327
e217
e146
e0d7
e0c7
e0f1
e150
e1fe
e311
e479
e626
e806
ea07
ec37
eea1
f14e
f425
f70c
f9eb
fccb
ffd5
02ef
05ff
08ed
0bc3
0e6c
10f6
136e
15c2
17e1
19be
1b4f
1c8b
1d8d
1e51
1ed5
1efa
1ec4
1e5a
1da3
1ca9
1b59
19c2
17f5
1605
13c3
1146
0ea6
0bfa
0918
061a
02fa
ffd3
fcbf
f9b6
f6ae
f3c0
f102
ee67
ec02
e9c2
e7b7
e5ee
e471
e327
e218
e148
e0da
e0cb
e0f5
e154
e202
e314
e47c
e629
e809
ea0a
ec3a
eea4
f151
f428
f710
f9f0
fcd2
ffdf
02fc
060e
08fd
0bd4
0e7e
1109
1382
15d6
17f5
19d2
1b62
1c9d
1d9f
1e63
1ee6
1f09
1ed1
1e65
1dac
1cb0
1b5d
19c4
17f5
1603
13bf
1141
0e9f
0bf2
090f
0611
02f1
ffcb
fcb8
f9af
f6a8
f3bb
f0fe
ee64
ebff
e9c0
e7b6
e5ee
e472
e329
e21b
e14c
e0de
e0cf
e0f9
e157
e203
e313
e479
e624
e802
ea01
ec2f
ee98
f144
f41a
f701
f9e0
fcc2
ffcf
02ec
05fe
08ee
0bc6
0e71
10fd
1378
15ce
17ef
19cd
1b5d
1c98
1d99
1e5c
1edf
1f02
1ec9
1e5d
1da4
1ca8
1b56
19bd
17ef
15fd
13b9
113a
0e98
0bea
0907
0609
02ea
ffc5
fcb3
f9ac
f6a7
f3bc
f101
ee68
ec05
e9c7
e7be
e5f7
e47b
e332
e223
e153
e0e5
e0d6
e100
e15f
e20d
e31e
e484
e62e
e80b
ea08
ec34
ee9b
f146
f41b
f701
f9df
fcc0
ffcc
02e8
05fa
08ea
0bc3
0e6f
10fc
1377
15cd
17ee
19cc
1b5c
1c97
1d98
1e5b
1ede
1f01
1ec8
1e5c
1da3
1ca7
1b55
19bd
17f0
15ff
13bd
1140
0ea0
0bf5
0915
061a
02fd
ffd9
fcc7
f9bf
f6b9
f3cc
f10e
ee72
ec0b
e9c9
e7bc
e5f1
e472
e327
e217
e146
e0d7
e0c7
e0f1
e150
e1fe
e311
e479
e626
e806
ea07
ec37
eea1
f14e
f425
f70c
f9eb
fccb
ffd5
02ef
05ff
08ed
0bc3
0e6c
10f6
136e
15c2
17e1
19be
1b4f
1c8b
1d8d
1e51
1ed5
1efa
1ec4
1e5a
1da3
1ca9
1b59
19c2
17f5
1605
13c3
1146
0ea6
0bfa
0918
061a
02fa
ffd3
fcbf
f9b6
f6ae
f3c0
f102
ee67
ec02
e9c2
e7b7
e5ee
e471
e327
e218
e148
e0da
e0cb
e0f5
e154
e202
e314
e47c
e629
e809
ea0a
ec3a
eea4
f151
f428
f710
f9f0
fcd2
ffdf
02fc
060e
08fd
0bd4
0e7e
1109
1382
15d6
17f5
19d2
1b62
1c9d
1d9f
1e63
1ee6
1f09
1ed1
1e65
1dac
1cb0
1b5d
19c4
17f5
1603
13bf
1141
0e9f
0bf2
090f
0611
02f1
ffcb
fcb8
f9af
f6a8
f3bb
f0fe
ee64
ebff
e9c0
e7b6
e5ee
e472
e329
e21b
e14c
e0de
e0cf
e0f9
e157
e203
e313
e479
e624
e802
ea01
ec2f
ee98
f144
f41a
f701
f9e0
fcc2
ffcf
02ec
05fe
08ee
0bc6
0e71
10fd
1378
15ce
17ef
19cd
1b5d
1c98
1d99
1e5c
1edf
1f02
1ec9
1e5d
1da4
1ca8
1b56
19bd
17ef
15fd
13b9
113a
0e98
0bea
0907
0609
02ea
ffc5
fcb3
f9ac
f6a7
f3bc
f101
ee68
ec05
e9c7
e7be
e5f7
e47b
e332
e223
e153
e0e5
e0d6
e100
e15f
e20d
e31e
e484
e62e
e80b
ea08
ec34
ee9b
f146
f41b
f701
f9df
fcc0
ffcc
02e8
05fa
08ea
0bc3
0e6f
10fc
1377
15cd
17ee
19cc
1b5c
1c97
1d98
1e5b
1ede
1f01
1ec8
1e5c
1da3
1ca7
1b55
19bd
17f0
15ff
13bd
1140
0ea0
0bf5
0915
061a
02fd
ffd9
fcc7
f9bf
f6b9
f3cc
f10e
ee72
ec0b
e9c9
e7bc
e5f1
e472
e327
e217
e146
e0d7
e0c7
e0f1
e150
e1fe
e311
e479
e626
e806
ea07
ec37
eea1
f14e
f425
f70c
f9eb
fccb
ffd5
02ef
05ff
08ed
0bc3
0e6c
10f6
136e
15c2
17e1
19be
1b4f
1c8b
1d8d
1e51
1ed5
1efa
1ec4
1e5a
1da3
1ca9
1b59
19c2
17f5
1605
13c3
1146
0ea6
0bfa
0918
061a
02fa
ffd3
fcbf
f9b6
f6ae
f3c0
f102
ee67
ec02
e9c2
e7b7
e5ee
e471
e327
e218
e148
e0da
e0cb
e0f5
e154
e202
e314
e47c
e629
e809
ea0a
ec3a
eea4
f151
f428
f710
f9f0
fcd2
ffdf
02fc
060e
08fd
0bd4
0e7e
1109
1382
15d6
17f5
19d2
1b62
1c9d
1d9f
1e63
1ee6
1f09
1ed1
1e65
1dac
1cb0
1b5d
19c4
17f5
1603
13bf
1141
0e9f
0bf2
090f
0611
02f1
ffcb
fcb8
f9af
f6a8
f3bb
f0fe
ee64
ebff
e9c0
e7b6
e5ee
e472
e329
e21b
e14c
e0de
e0cf
e0f9
e157
e203
e313
e479
e624
e802
ea01
ec2f
ee98
f144
f41a
f701
f9e0
fcc2
ffcf
02ec
05fe
08ee
0bc6
0e71
10fd
1378
15ce
17ef
19cd
1b5d
1c98
1d99
1e5c
1edf
1f02
1ec9
1e5d
1da4
1ca8
1b56
19bd
17ef
15fd
13b9
113a
0e98
0bea
0907
0609
02ea
ffc5
fcb3
f9ac
f6a7
f3bc
f101
ee68
ec05
e9c7
e7be
e5f7
e47b
e332
e223
e153
e0e5
e0d6
e100
e15f
e20d
e31e
e484
e62e
e80b
ea08
ec34
ee9b
f146
f41b
f701
f9df
fcc0
ffcc
02e8
05fa
08ea
0bc3
0e6f
10fc
1377
15cd
17ee
19cc
1b5c
1c97
1d98
1e5b
1ede
1f01
1ec8
1e5c
1da3
1ca7
1b55
19bd
17f0
15ff
13bd
1140
0ea0
0bf5
0915
061a
02fd
ffd9
fcc7
f9bf
f6b9
f3cc
f10e
ee72
ec0b
e9c9
e7bc
e5f1
e472
e327
e217
e146
e0d7
e0c7
e0f1
e150
e1fe
e311
e479
e626
e806
ea07
ec37
eea1
f14e
f425
f70c
f9eb
fccb
ffd5
02ef
05ff
08ed
0bc3
0e6c
10f6
136e
15c2
17e1
19be
1b4f
1c8b
1d8d
1e51
1ed5
1efa
1ec4
1e5a
1da3
1ca9
1b59
19c2
17f5
1605
13c3
1146
0ea6
0bfa
0918
061a
02fa
ffd3
fcbf
f9b6
f6ae
f3c0
f102
ee67
ec02
e9c2
e7b7
e5ee
e471
e327
e218
e148
e0da
e0cb
e0f5
e154
e202
e314
e47c
e629
e809
ea0a
ec3a
eea4
f151
f428
f710
f9f0
fcd2
ffdf
02fc
060e
08fd
0bd4
0e7e
1109
1382
15d6
17f5
19d2
1b62
1c9d
1d9f
1e63
1ee6
1f09
1ed1
1e65
1dac
1cb0
1b5d
19c4
17f5
1603
13bf
1141
0e9f
0bf2
090f
0611
02f1
ffcb
fcb8
f9af
f6a8
f3bb
f0fe
ee64
ebff
e9c0
e7b6
e5ee
e472
e329
e21b
e14c
e0de
e0cf
e0f9
e157
e203
e313
e479
e624
e802
ea01
ec2f
ee98
f144
f41a
f701
f9e0
fcc2
ffcf
02ec
05fe
08ee
0bc6
0e71
10fd
1378
15ce
17ef
19cd
1b5d
1c98
1d99
1e5c
1edf
1f02
1ec9
1e5d
1da4
1ca8
1b56
19bd
17ef
15fd
13b9
113a
0e98
0bea
0907
0609
02ea
ffc5
fcb3
f9ac
f6a7
f3bc
f101
ee68
ec05
e9c7
e7be
e5f7
e47b
e332
e223
e153
e0e5
e0d6
e100
e15f
e20d
e31e
e484
e62e
e80b
ea08
ec34
ee9b
f146
f41b
f701
f9df
fcc0
ffcc
02e8
05fa
08ea
0bc3
0e6f
10fc
1377
15cd
17ee
19cc
1b5c
1c97
1d98
1e5b
1ede
1f01
1ec8
1e5c
1da3
1ca7
1b55
19bd
17f0
15ff
13bd
1140
0ea0
0bf5
0915
061a
02fd
ffd9
fcc7
f9bf
f6b9
f3cc
f10e
ee72
ec0b
e9c9
e7bc
e5f1
e472
e327
e217
e146
e0d7
e0c7
e0f1
e150
e1fe
e311
e479
e626
e806
ea07
ec37
eea1
f14e
f425
f70c
f9eb
fccb
ffd5
02ef
05ff
08ed
0bc3
0e6c
10f6
136e
15c2
17e1
19be
1b4f
1c8b
1d8d
1e51
1ed5
1efa
1ec4
1e5a
1da3
1ca9
1b59
19c2
17f5
1605
13c3
1146
0ea6
0bfa
0918
061a
02fa
ffd3
fcbf
f9b6
f6ae
f3c0
f102
ee67
ec02
e9c2
e7b7
e5ee
e471
e327
e218
e148
e0da
e0cb
e0f5
e154
e202
e314
e47c
e629
e809
ea0a
ec3a
eea4
f151
f428
f710
f9f0
fcd2
ffdf
02fc
060e
08fd
0bd4
0e7e
1109
1382
15d6
17f5
19d2
1b62
1c9d
1d9f
1e63
1ee6
1f09
1ed1
1e65
1dac
1cb0
1b5d
19c4
17f5
1603
13bf
1141
0e9f
0bf2
090f
0611
02f1
ffcb
fcb8
f9af
f6a8
f3bb
f0fe
ee64
ebff
e9c0
e7b6
e5ee
e472
e329
e21b
e14c
e0de
e0cf
e0f9
e157
e203
e313
e479
e624
e802
ea01
ec2f
ee98
f144
f41a
f701
f9e0
fcc2
ffcf
02ec
05fe
08ee
0bc6
0e71
10fd
1378
15ce
17ef
19cd
1b5d
1c98
1d99
1e5c
1edf
1f02
1ec9
1e5d
1da4
1ca8
1b56
19bd
17ef
15fd
13b9
113a
0e98
0bea
0907
0609
02ea
ffc5
fcb3
f9ac
f6a7
f3bc
f101
ee68
ec05
e9c7
e7be
e5f7
e47b
e332
e223
e153
e0e5
e0d6
e100
e15f
e20d
e31e
e484
e62e
e80b
ea08
ec34
ee9b
f146
f41b
f701
f9df
fcc0
ffcc
02e8
05fa
08ea
0bc3
0e6f
10fc
1377
15cd
17ee
19cc
1b5c
1c97
1d98
1e5b
1ede
1f01
1ec8
1e5c
1da3
1ca7
1b55
19bd
17f0
15ff
13bd
1140
0ea0
0bf5
0915
061a
02fd
ffd9
fcc7
f9bf
f6b9
f3cc
f10e
ee72
ec0b
e9c9
e7bc
e5f1
e472
e327
e217
e146
e0d7
e0c7
e0f1
e150
e1fe
e311
e479
e626
e806
ea07
ec37
eea1
f14e
f425
f70c
f9eb
fccb
ffd5
02ef
05ff
08ed
0bc3
0e6c
10f6
136e
15c2
17e1
19be
1b4f
1c8b
1d8d
1e51
1ed5
1efa
1ec4
1e5a
1da3
1ca9
1b59
19c2
17f5
1605
13c3
1146
0ea6
0bfa
0918
061a
02fa
ffd3
fcbf
f9b6
f6ae
f3c0
f102
ee67
ec02
e9c2
e7b7
e5ee
e471
e327
e218
e148
e0da
e0cb
e0f5
e154
e202
e314
e47c
e629
e809
ea0a
ec3a
eea4
f151
f428
f710
f9f0
fcd2
ffdf
02fc
060e
08fd
0bd4
0e7e
1109
1382
15d6
17f5
19d2
1b62
1c9d
1d9f
1e63
1ee6
1f09
1ed1
1e65
1dac
1cb0
1b5d
19c4
17f5
1603
13bf
1141
0e9f
0bf2
090f
0611
02f1
ffcb
fcb8
f9af
f6a8
f3bb
f0fe
ee64
ebff
e9c0
e7b6
e5ee
e472
e329
e21b
e14c
e0de
e0cf
e0f9
e157
e203
e313
e479
e624
e802
ea01
ec2f
ee98
f144
f41a
f701
f9e0
fcc2
ffcf
02ec
05fe
08ee
0bc6
0e71
10fd
1378
15ce
17ef
19cd
1b5d
1c98
1d99
1e5c
1edf
1f02
1ec9
1e5d
1da4
1ca8
1b56
19bd
17ef
15fd
13b9
113a
0e98
0bea
0907
0609
02ea
ffc5
fcb3
f9ac
f6a7
f3bc
f101
ee68
ec05
e9c7
e7be
e5f7
e47b
e332
e223
e153
e0e5
e0d6
e100
e15f
e20d
e31e
e484
e62e
e80b
ea08
ec34
ee9b
f146
f41b
f701
f9df
fcc0
ffcc
02e8
05fa
08ea
0bc3
0e6f
10fc
1377
15cd
17ee
19cc
1b5c
1c97
1d98
1e5b
1ede
1f01
1ec8
1e5c
1da3
1ca7
1b55
19bd
17f0
15ff
13bd
1140
0ea0
0bf5
0915
061a
02fd
ffd9
fcc7
f9bf
f6b9
f3cc
f10e
ee72
ec0b
e9c9
e7bc
e5f1
e472
e327
e217
e146
e0d7
e0c7
e0f1
e150
e1fe
e311
e479
e626
e806
ea07
ec37
eea1
f14e
f425
f70c
f9eb
fccb
ffd5
02ef
05ff
08ed
0bc3
0e6c
10f6
136e
15c2
17e1
19be
1b4f
1c8b
1d8d
1e51
1ed5
1efa
1ec4
1e5a
1da3
1ca9
1b59
19c2
17f5
1605
13c3
1146
0ea6
0bfa
0918
061a
02fa
ffd3
fcbf
f9b6
f6ae
f3c0
f102
ee67
ec02
e9c2
e7b7
e5ee
e471
e327
e218
e148
e0da
e0cb
e0f5
e154
e202
e314
e47c
e629
e809
ea0a
ec3a
eea4
f151
f428
f710
f9f0
fcd2
ffdf
02fc
060e
08fd
0bd4
0e7e
1109
1382
15d6
17f5
19d2
1b62
1c9d
1d9f
1e63
1ee6
1f09
1ed1
1e65
1dac
1cb0
1b5d
19c4
17f5
1603
13bf
1141
0e9f
0bf2
090f
0611
02f1
ffcb
fcb8
f9af
f6a8
f3bb
f0fe
ee64
ebff
e9c0
e7b6
e5ee
e472
e329
e21b
e14c
e0de
e0cf
e0f9
e157
e203
e313
e479
e624
e802
ea01
ec2f
ee98
f144
f41a
f701
f9e0
fcc2
ffcf
02ec
05fe
08ee
0bc6
0e71
10fd
1378
15ce
17ef
19cd
1b5d
1c98
1d99
1e5c
1edf
1f02
1ec9
1e5d
1da4
1ca8
1b56
19bd
17ef
15fd
13b9
113a
0e98
0bea
0907
0609
02ea
ffc5
fcb3
f9ac
f6a7
f3bc
f101
ee68
ec05
e9c7
e7be
e5f7
e47b
e332
e223
e153
e0e5
e0d6
e100
e15f
e20d
e31e
e484
e62e
e80b
ea08
ec34
ee9b
f146
f41b
f701
f9df
fcc0
ffcc
02e8
05fa
08ea
0bc3
0e6f
10fc
1377
15cd
17ee
19cc
1b5c
1c97
1d98
1e5b
1ede
1f01
1ec8
1e5c
1da3
1ca7
1b55
19bd
17f0
15ff
13bd
1140
0ea0
0bf5
0915
061a
02fd
ffd9
fcc7
f9bf
f6b9
f3cc
f10e
ee72
ec0b
e9c9
e7bc
e5f1
e472
e327
e217
e146
e0d7
e0c7
e0f1
e150
e1fe
e311
e479
e626
e806
ea07
ec37
eea1
f14e
f425
f70c
f9eb
fccb
ffd5
02ef
05ff
08ed
0bc3
0e6c
10f6
136e
15c2
17e1
19be
1b4f
1c8b
1d8d
1e51
1ed5
1efa
1ec4
1e5a
1da3
1ca9
1b59
19c2
17f5
1605
13c3
1146
0ea6
0bfa
0918
061a
02fa
ffd3
fcbf
f9b6
f6ae
f3c0
f102
ee67
ec02
e9c2
e7b7
e5ee
e471
e327
e218
e148
e0da
e0cb
e0f5
e154
e202
e314
e47c
e629
e809
ea0a
ec3a
eea4
f151
f428
f710
f9f0
fcd2
ffdf
02fc
060e
08fd
0bd4
0e7e
1109
1382
15d6
17f5
19d2
1b62
1c9d
1d9f
1e63
1ee6
1f09
1ed1
1e65
1dac
1cb0
1b5d
19c4
17f5
1603
13bf
1141
0e9f
0bf2
090f
0611
02f1
ffcb
fcb8
f9af
f6a8
f3bb
f0fe
ee64
ebff
e9c0
e7b6
e5ee
e472
e329
e21b
e14c
e0de
e0cf
e0f9
e157
e203
e313
e479
e624
e802
ea01
ec2f
ee98
f144
f41a
f701
f9e0
fcc2
ffcf
02ec
05fe
08ee
0bc6
0e71
10fd
1378
15ce
17ef
19cd
1b5d
1c98
1d99
1e5c
1edf
1f02
1ec9
1e5d
1da4
1ca8
1b56
19bd
17ef
15fd
13b9
113a
0e98
0bea
0907
0609
02ea
ffc5
fcb3
f9ac
f6a7
f3bc
f101
ee68
ec05
e9c7
e7be
e5f7
e47b
e332
e223
e153
e0e5
e0d6
e100
e15f
e20d
e31e
e484
e62e
e80b
ea08
ec34
ee9b
f146
f41b
f701
f9df
fcc0
ffcc
02e8
05fa
08ea
0bc3
0e6f
10fc
1377
15cd
17ee
19cc
1b5c
1c97
1d98
1e5b
1ede
1f01
1ec8
1e5c
1da3
1ca7
1b55
19bd
17f0
15ff
13bd
1140
0ea0
0bf5
0915
061a
02fd
ffd9
fcc7
f9bf
f6b9
f3cc
f10e
ee72
ec0b
e9c9
e7bc
e5f1
e472
e327
e217
e146
e0d7
e0c7
e0f1
e150
e1fe
e311
e479
e626
e806
ea07
ec37
eea1
f14e
f425
f70c
f9eb
fccb
ffd5
02ef
05ff
08ed
0bc3
0e6c
10f6
136e
15c2
17e1
19be
1b4f
1c8b
1d8d
1e51
1ed5
1efa
1ec4
1e5a
1da3
1ca9
1b59
19c2
17f5
1605
13c3
1146
0ea6
0bfa
0918
061a
02fa
ffd3
fcbf
f9b6
f6ae
f3c0
f102
ee67
ec02
e9c2
e7b7
e5ee
e471
e327
e218
e148
e0da
e0cb
e0f5
e154
e202
e314
e47c
e629
e809
ea0a
ec3a
eea4
f151
f428
f710
f9f0
fcd2
ffdf
02fc
060e
08fd
0bd4
0e7e
1109
1382
15d6
17f5
19d2
1b62
1c9d
1d9f
1e63
1ee6
1f09
1ed1
1e65
1dac
1cb0
1b5d
19c4
17f5
1603
13bf
1141
0e9f
0bf2
090f
0611
02f1
ffcb
fcb8
f9af
f6a8
f3bb
f0fe
ee64
ebff
e9c0
e7b6
e5ee
e472
e329
e21b
e14c
e0de
e0cf
e0f9
e157
e203
e313
e479
e624
e802
ea01
ec2f
ee98
f144
f41a
f701
f9e0
fcc2
ffcf
02ec
05fe
08ee
0bc6
0e71
10fd
1378
15ce
17ef
19cd
1b5d
1c98
1d99
1e5c
1edf
1f02
1ec9
1e5d
1da4
1ca8
1b56
19bd
17ef
15fd
13b9
113a
0e98
0bea
0907
0609
02ea
ffc5
fcb3
f9ac
f6a7
f3bc
f101
ee68
ec05
e9c7
e7be
e5f7
e47b
e332
e223
e153
e0e5
e0d6
e100
e15f
e20d
e31e
e484
e62e
e80b
ea08
ec34
ee9b
f146
f41b
f701
f9df
fcc0
ffcc
02e8
05fa
08ea
0bc3
0e6f
10fc
1377
15cd
17ee
19cc
1b5c
1c97
1d98
1e5b
1ede
1f01
1ec8
1e5c
1da3
1ca7
1b55
19bd
17f0
15ff
13bd
1140
0ea0
0bf5
0915
061a
02fd
ffd9
fcc7
f9bf
f6b9
f3cc
f10e
ee72
ec0b
e9c9
e7bc
e5f1
e472
e327
e217
e146
e0d7
e0c7
e0f1
e150
e1fe
e311
e479
e626
e806
ea07
ec37
eea1
f14e
f425
f70c
f9eb
fccb
ffd5
02ef
05ff
08ed
0bc3
0e6c
10f6
136e
15c2
17e1
19be
1b4f
1c8b
1d8d
1e51
1ed5
1efa
1ec4
1e5a
1da3
1ca9
1b59
19c2
17f5
1605
13c3
1146
0ea6
0bfa
0918
061a
02fa
ffd3
fcbf
f9b6
f6ae
f3c0
f102
ee67
ec02
e9c2
e7b7
e5ee
e471
e327
e218
e148
e0da
e0cb
e0f5
e154
e202
e314
e47c
e629
e809
ea0a
ec3a
eea4
f151
f428
f710
f9f0
fcd2
ffdf
02fc
060e
08fd
0bd4
0e7e
1109
1382
15d6
17f5
19d2
1b62
1c9d
1d9f
1e63
1ee6
1f09
1ed1
1e65
1dac
1cb0
1b5d
19c4
17f5
1603
13bf
1141
0e9f
0bf2
090f
0611
02f1
ffcb
fcb8
f9af
f6a8
f3bb
f0fe
ee64
ebff
e9c0
e7b6
e5ee
e472
e329
e21b
e14c
e0de
e0cf
e0f9
e157
e203
e313
e479
e624
e802
ea01
ec2f
ee98
f144
f41a
f701
f9e0
fcc2
ffcf
02ec
05fe
08ee
0bc6
0e71
10fd
1378
15ce
17ef
19cd
1b5d
1c98
1d99
1e5c
1edf
1f02
1ec9
1e5d
1da4
1ca8
1b56
19bd
17ef
15fd
13b9
113a
0e98
0bea
0907
0609
02ea
ffc5
fcb3
f9ac
f6a7
f3bc
f101
ee68
ec05
e9c7
e7be
e5f7
e47b
e332
e223
e153
e0e5
e0d6
e100
e15f
e20d
e31e
e484
e62e
e80b
ea08
ec34
ee9b
f146
f41b
f701
f9df
fcc0
ffcc
02e8
05fa
08ea
0bc3
0e6f
10fc
1377
15cd
17ee
19cc
1b5c
1c97
1d98
1e5b
1ede
1f01
1ec8
1e5c
1da3
1ca7
1b55
19bd
17f0
15ff
13bd
1140
0ea0
0bf5
0915
061a
02fd
ffd9
fcc7
f9bf
f6b9
f3cc
f10e
ee72
ec0b
e9c9
e7bc
e5f1
e472
e327
e217
e146
e0d7
e0c7
e0f1
e150
e1fe
e311
e479
e626
e806
ea07
ec37
eea1
f14e
f425
f70c
f9eb
fccb
ffd5
02ef
05ff
08ed
0bc3
0e6c
10f6
136e
15c2
17e1
19be
1b4f
1c8b
1d8d
1e51
1ed5
1efa
1ec4
1e5a
1da3
1ca9
1b59
19c2
17f5
1605
13c3
1146
0ea6
0bfa
0918
061a
02fa
ffd3
fcbf
f9b6
f6ae
f3c0
f102
ee67
ec02
e9c2
e7b7
e5ee
e471
e327
e218
e148
e0da
e0cb
e0f5
e154
e202
e314
e47c
e629
e809
ea0a
ec3a
eea4
f151
f428
f710
f9f0
fcd2
ffdf
02fc
060e
08fd
0bd4
0e7e
1109
1382
15d6
17f5
19d2
1b62
1c9d
1d9f
1e63
1ee6
1f09
1ed1
1e65
1dac
1cb0
1b5d
19c4
17f5
1603
13bf
1141
0e9f
0bf2
090f
0611
02f1
ffcb
fcb8
f9af
f6a8
f3bb
f0fe
ee64
ebff
e9c0
e7b6
e5ee
e472
e329
e21b
e14c
e0de
e0cf
e0f9
e157
e203
e313
e479
e624
e802
ea01
ec2f
ee98
f144
f41a
f701
f9e0
fcc2
ffcf
02ec
05fe
08ee
0bc6
0e71
10fd
1378
15ce
17ef
19cd
1b5d
1c98
1d99
1e5c
1edf
1f02
1ec9
1e5d
1da4
1ca8
1b56
19bd
17ef
15fd
13b9
113a
0e98
0bea
0907
0609
02ea
ffc5
fcb3
f9ac
f6a7
f3bc
f101
ee68
ec05
e9c7
e7be
e5f7
e47b
e332
e223
e153
e0e5
e0d6
e100
e15f
e20d
e31e
e484
e62e
e80b
ea08
ec34
ee9b
f146
f41b
f701
f9df
fcc0
ffcc
02e8
05fa
08ea
0bc3
0e6f
10fc
1377
15cd
17ee
19cc
1b5c
1c97
1d98
1e5b
1ede
1f01
1ec8
1e5c
1da3
1ca7
1b55
19bd
17f0
15ff
13bd
1140
0ea0
0bf5
0915
061a
02fd
ffd9
fcc7
f9bf
f6b9
f3cc
f10e
ee72
ec0b
e9c9
e7bc
e5f1
e472
e327
e217
e146
e0d7
e0c7
e0f1
e150
e1fe
e311
e479
e626
e806
ea07
ec37
eea1
f14e
f425
f70c
f9eb
fccb
ffd5
02ef
05ff
08ed
0bc3
0e6c
10f6
136e
15c2
17e1
19be
1b4f
1c8b
1d8d
1e51
1ed5
1efa
1ec4
1e5a
1da3
1ca9
1b59
19c2
17f5
1605
13c3
1146
0ea6
0bfa
0918
061a
02fa
ffd3
fcbf
f9b6
f6ae
f3c0
f102
ee67
ec02
e9c2
e7b7
e5ee
e471
e327
e218
e148
e0da
e0cb
e0f5
e154
e202
e314
e47c
e629
e809
ea0a
ec3a
eea4
f151
f428
f710
f9f0
fcd2
ffdf
02fc
060e
08fd
0bd4
0e7e
1109
1382
15d6
17f5
19d2
1b62
1c9d
1d9f
1e63
1ee6
1f09
1ed1
1e65
1dac
1cb0
1b5d
19c4
17f5
1603
13bf
1141
0e9f
0bf2
090f
0611
02f1
ffcb
fcb8
f9af
f6a8
f3bb
f0fe
ee64
ebff
e9c0
e7b6
e5ee
e472
e329
e21b
e14c
e0de
e0cf
e0f9
e157
e203
e313
e479
e624
e802
ea01
ec2f
ee98
f144
f41a
f701
f9e0
fcc2
ffcf
02ec
05fe
08ee
0bc6
0e71
10fd
1378
15ce
17ef
19cd
1b5d
1c98
1d99
1e5c
1edf
1f02
1ec9
1e5d
1da4
1ca8
1b56
19bd
17ef
15fd
13b9
113a
0e98
0bea
0907
0609
02ea
ffc5
fcb3
f9ac
f6a7
f3bc
f101
ee68
ec05
e9c7
e7be
e5f7
e47b
e332
e223
e153
e0e5
e0d6
e100
e15f
e20d
e31e
e484
e62e
e80b
ea08
ec34
ee9b
f146
f41b
f701
f9df
fcc0
ffcc
02e8
05fa
08ea
0bc3
0e6f
10fc
1377
15cd
17ee
19cc
1b5c
1c97
1d98
1e5b
1ede
1f01
1ec8
1e5c
1da3
1ca7
1b55
19bd
17f0
15ff
13bd
1140
0ea0
0bf5
0915
061a
02fd
ffd9
fcc7
f9bf
f6b9
f3cc
f10e
ee72
ec0b
e9c9
e7bc
e5f1
e472
e327
e217
e146
e0d7
e0c7
e0f1
e150
e1fe
e311
e479
e626
e806
ea07
ec37
eea1
f14e
f425
f70c
f9eb
fccb
ffd5
02ef
05ff
08ed
0bc3
0e6c
10f6
136e
15c2
17e1
19be
1b4f
1c8b
1d8d
1e51
1ed5
1efa
1ec4
1e5a
1da3
1ca9
1b59
19c2
17f5
1605
13c3
1146
0ea6
0bfa
0918
061a
02fa
ffd3
fcbf
f9b6
f6ae
f3c0
f102
ee67
ec02
e9c2
e7b7
e5ee
e471
e327
e218
e148
e0da
e0cb
e0f5
e154
e202
e314
e47c
e629
e809
ea0a
ec3a
eea4
f151
f428
f710
f9f0
fcd2
ffdf
02fc
060e
08fd
0bd4
0e7e
1109
1382
15d6
17f5
19d2
1b62
1c9d
1d9f
1e63
1ee6
1f09
1ed1
1e65
1dac
1cb0
1b5d
19c4
17f5
1603
13bf
1141
0e9f
0bf2
090f
0611
02f1
ffcb
fcb8
f9af
f6a8
f3bb
f0fe
ee64
ebff
e9c0
e7b6
e5ee
e472
e329
e21b
e14c
e0de
e0cf
e0f9
e157
e203
e313
e479
e624
e802
ea01
ec2f
ee98
f144
f41a
f701
f9e0
fcc2
ffcf
02ec
05fe
08ee
0bc6
0e71
10fd
1378
15ce
17ef
19cd
1b5d
1c98
1d99
1e5c
1edf
1f02
1ec9
1e5d
1da4
1ca8
1b56
19bd
17ef
15fd
13b9
113a
0e98
0bea
0907
0609
02ea
ffc5
fcb3
f9ac
f6a7
f3bc
f101
ee68
ec05
e9c7
e7be
e5f7
e47b
e332
e223
e153
e0e5
e0d6
e100
e15f
e20d
e31e
e484
e62e
e80b
ea08
ec34
ee9b
f146
f41b
f701
f9df
fcc0
ffcc
02e8
05fa
08ea
0bc3
0e6f
10fc
1377
15cd
17ee
19cc
1b5c
1c97
1d98
1e5b
1ede
1f01
1ec8
1e5c
1da3
1ca7
1b55
19bd
17f0
15ff
13bd
1140
0ea0
0bf5
0915
061a
02fd
ffd9
fcc7
f9bf
f6b9
f3cc
f10e
ee72
ec0b
e9c9
e7bc
e5f1
e472
e327
e217
e146
e0d7
e0c7
e0f1
e150
e1fe
e311
e479
e626
e806
ea07
ec37
eea1
f14e
f425
f70c
f9eb
fccb
ffd5
02ef
05ff
08ed
0bc3
0e6c
10f6
136e
15c2
17e1
19be
1b4f
1c8b
1d8d
1e51
1ed5
1efa
1ec4
1e5a
1da3
1ca9
1b59
19c2
17f5
1605
13c3
1146
0ea6
0bfa
0918
061a
02fa
ffd3
fcbf
f9b6
f6ae
f3c0
f102
ee67
ec02
e9c2
e7b7
e5ee
e471
e327
e218
e148
e0da
e0cb
e0f5
e154
e202
e314
e47c
e629
e809
ea0a
ec3a
eea4
f151
f428
f710
f9f0
fcd2
ffdf
02fc
060e
08fd
0bd4
0e7e
1109
1382
15d6
17f5
19d2
1b62
1c9d
1d9f
1e63
1ee6
1f09
1ed1
1e65
1dac
1cb0
1b5d
19c4
17f5
1603
13bf
1141
0e9f
0bf2
090f
0611
02f1
ffcb
fcb8
f9af
f6a8
f3bb
f0fe
ee64
ebff
e9c0
e7b6
e5ee
e472
e329
e21b
e14c
e0de
e0cf
e0f9
e157
e203
e313
e479
e624
e802
ea01
ec2f
ee98
f144
f41a
f701
f9e0
fcc2
ffcf
02ec
05fe
08ee
0bc6
0e71
10fd
1378
15ce
17ef
19cd
1b5d
1c98
1d99
1e5c
1edf
1f02
1ec9
1e5d
1da4
1ca8
1b56
19bd
17ef
15fd
13b9
113a
0e98
0bea
0907
0609
02ea
ffc5
fcb3
f9ac
f6a7
f3bc
f101
ee68
ec05
e9c7
e7be
e5f7
e47b
e332
e223
e153
e0e5
e0d6
e100
e15f
e20d
e31e
e484
e62e
e80b
ea08
ec34
ee9b
f146
f41b
f701
f9df
fcc0
ffcc
02e8
05fa
08ea
0bc3
0e6f
10fc
1377
15cd
17ee
19cc
1b5c
1c97
1d98
1e5b
1ede
1f01
1ec8
1e5c
1da3
1ca7
1b55
19bd
17f0
15ff
13bd
1140
0ea0
0bf5
0915
061a
02fd
ffd9
fcc7
f9bf
f6b9
f3cc
f10e
ee72
ec0b
e9c9
e7bc
e5f1
e472
e327
e217
e146
e0d7
e0c7
e0f1
e150
e1fe
e311
e479
e626
e806
ea07
ec37
eea1
f14e
f425
f70c
f9eb
fccb
ffd5
02ef
05ff
08ed
0bc3
0e6c
10f6
136e
15c2
17e1
19be
1b4f
1c8b
1d8d
1e51
1ed5
1efa
1ec4
1e5a
1da3
1ca9
1b59
19c2
17f5
1605
13c3
1146
0ea6
0bfa
0918
061a
02fa
ffd3
fcbf
f9b6
f6ae
f3c0
f102
ee67
ec02
e9c2
e7b7
e5ee
e471
e327
e218
e148
e0da
e0cb
e0f5
e154
e202
e314
e47c
e629
e809
ea0a
ec3a
eea4
f151
f428
f710
f9f0
fcd2
ffdf
02fc
060e
08fd
0bd4
0e7e
1109
1382
15d6
17f5
19d2
1b62
1c9d
1d9f
1e63
1ee6
1f09
1ed1
1e65
1dac
1cb0
1b5d
19c4
17f5
1603
13bf
1141
0e9f
0bf2
090f
0611
02f1
ffcb
fcb8
f9af
f6a8
f3bb
f0fe
ee64
ebff
e9c0
e7b6
e5ee
e472
e329
e21b
e14c
e0de
e0cf
e0f9
e157
e203
e313
e479
e624
e802
ea01
ec2f
ee98
f144
f41a
f701
f9e0
fcc2
ffcf
02ec
05fe
08ee
0bc6
0e71
10fd
1378
15ce
17ef
19cd
1b5d
1c98
1d99
1e5c
1edf
1f02
1ec9
1e5d
1da4
1ca8
1b56
19bd
17ef
15fd
13b9
113a
0e98
0bea
0907
0609
02ea
ffc5
fcb3
f9ac
f6a7
f3bc
f101
ee68
ec05
e9c7
e7be
e5f7
e47b
e332
e223
e153
e0e5
e0d6
e100
e15f
e20d
e31e
e484
e62e
e80b
ea08
ec34
ee9b
f146
f41b
f701
f9df
fcc0
ffcc
02e8
05fa
08ea
0bc3
0e6f
10fc
1377
15cd
17ee
19cc
1b5c
1c97
1d98
1e5b
1ede
1f01
1ec8
1e5c
1da3
1ca7
1b55
19bd
17f0
15ff
13bd
1140
0ea0
0bf5
0915
061a
02fd
ffd9
fcc7
f9bf
f6b9
f3cc
f10e
ee72
ec0b
e9c9
e7bc
e5f1
e472
e327
e217
e146
e0d7
e0c7
e0f1
e150
e1fe
e311
e479
e626
e806
ea07
ec37
eea1
f14e
f425
f70c
f9eb
fccb
ffd5
02ef
05ff
08ed
0bc3
0e6c
10f6
136e
15c2
17e1
19be
1b4f
1c8b
1d8d
1e51
1ed5
1efa
1ec4
1e5a
1da3
1ca9
1b59
19c2
17f5
1605
13c3
1146
0ea6
0bfa
0918
061a
02fa
ffd3
fcbf
f9b6
f6ae
f3c0
f102
ee67
ec02
e9c2
e7b7
e5ee
e471
e327
e218
e148
e0da
e0cb
e0f5
e154
e202
e314
e47c
e629
e809
ea0a
ec3a
eea4
f151
f428
f710
f9f0
fcd2
ffdf
02fc
060e
08fd
0bd4
0e7e
1109
1382
15d6
17f5
19d2
1b62
1c9d
1d9f
1e63
1ee6
1f09
1ed1
1e65
1dac
1cb0
1b5d
19c4
17f5
1603
13bf
1141
0e9f
0bf2
090f
0611
02f1
ffcb
fcb8
f9af
f6a8
f3bb
f0fe
ee64
ebff
e9c0
e7b6
e5ee
e472
e329
e21b
e14c
e0de
e0cf
e0f9
e157
e203
e313
e479
e624
e802
ea01
ec2f
ee98
f144
f41a
f701
f9e0
fcc2
ffcf
02ec
05fe
08ee
0bc6
0e71
10fd
1378
15ce
17ef
19cd
1b5d
1c98
1d99
1e5c
1edf
1f02
1ec9
1e5d
1da4
1ca8
1b56
19bd
17ef
15fd
13b9
113a
0e98
0bea
0907
0609
02ea
ffc5
fcb3
f9ac
f6a7
f3bc
f101
ee68
ec05
e9c7
e7be
e5f7
e47b
e332
e223
e153
e0e5
e0d6
e100
e15f
e20d
e31e
e484
e62e
e80b
ea08
ec34
ee9b
f146
f41b
f701
f9df
fcc0
ffcc
02e8
05fa
08ea
0bc3
0e6f
10fc
1377
15cd
17ee
19cc
1b5c
1c97
1d98
1e5b
1ede
1f01
1ec8
1e5c
1da3
1ca7
1b55
19bd
17f0
15ff
13bd
1140
0ea0
0bf5
0915
061a
02fd
ffd9
fcc7
f9bf
f6b9
f3cc
f10e
ee72
ec0b
e9c9
e7bc
e5f1
e472
e327
e217
e146
e0d7
e0c7
e0f1
e150
e1fe
e311
e479
e626
e806
ea07
ec37
eea1
f14e
f425
f70c
f9eb
fccb
ffd5
02ef
05ff
08ed
0bc3
0e6c
10f6
136e
15c2
17e1
19be
1b4f
1c8b
1d8d
1e51
1ed5
1efa
1ec4
1e5a
1da3
1ca9
1b59
19c2
17f5
1605
13c3
1146
0ea6
0bfa
0918
061a
02fa
ffd3
fcbf
f9b6
f6ae
f3c0
f102
ee67
ec02
e9c2
e7b7
e5ee
e471
e327
e218
e148
e0da
e0cb
e0f5
e154
e202
e314
e47c
e629
e809
ea0a
ec3a
eea4
f151
f428
f710
f9f0
fcd2
ffdf
02fc
060e
08fd
0bd4
0e7e
1109
1382
15d6
17f5
19d2
1b62
1c9d
1d9f
1e63
1ee6
1f09
1ed1
1e65
1dac
1cb0
1b5d
19c4
17f5
1603
13bf
1141
0e9f
0bf2
090f
0611
02f1
ffcb
fcb8
f9af
f6a8
f3bb
f0fe
ee64
ebff
e9c0
e7b6
e5ee
e472
e329
e21b
e14c
e0de
e0cf
e0f9
e157
e203
e313
e479
e624
e802
ea01
ec2f
ee98
f144
f41a
f701
f9e0
fcc2
ffcf
02ec
05fe
08ee
0bc6
0e71
10fd
1378
15ce
17ef
19cd
1b5d
1c98
1d99
1e5c
1edf
1f02
1ec9
1e5d
1da4
1ca8
1b56
19bd
17ef
15fd
13b9
113a
0e98
0bea
0907
0609
02ea
ffc5
fcb3
f9ac
f6a7
f3bc
f101
ee68
ec05
e9c7
e7be
e5f7
e47b
e332
e223
e153
e0e5
e0d6
e100
e15f
e20d
e31e
e484
e62e
e80b
ea08
ec34
ee9b
f146
f41b
f701
f9df
fcc0
ffcc
02e8
05fa
08ea
0bc3
0e6f
10fc
1377
15cd
17ee
19cc
1b5c
1c97
1d98
1e5b
1ede
1f01
1ec8
1e5c
1da3
1ca7
1b55
19bd
17f0
15ff
13bd
1140
0ea0
0bf5
0915
061a
02fd
ffd9
fcc7
f9bf
f6b9
f3cc
f10e
ee72
ec0b
e9c9
e7bc
e5f1
e472
e327
e217
e146
e0d7
e0c7
e0f1
e150
e1fe
e311
e479
e626
e806
ea07
ec37
eea1
f14e
f425
f70c
f9eb
fccb
ffd5
02ef
05ff
08ed
0bc3
0e6c
10f6
136e
15c2
17e1
19be
1b4f
1c8b
1d8d
1e51
1ed5
1efa
1ec4
1e5a
1da3
1ca9
1b59
19c2
17f5
1605
13c3
1146
0ea6
0bfa
0918
061a
02fa
ffd3
fcbf
f9b6
f6ae
f3c0
f102
ee67
ec02
e9c2
e7b7
e5ee
e471
e327
e218
e148
e0da
e0cb
e0f5
e154
e202
e314
e47c
e629
e809
ea0a
ec3a
eea4
f151
f428
f710
f9f0
fcd2
ffdf
02fc
060e
08fd
0bd4
0e7e
1109
1382
15d6
17f5
19d2
1b62
1c9d
1d9f
1e63
1ee6
1f09
1ed1
1e65
1dac
1cb0
1b5d
19c4
17f5
1603
13bf
1141
0e9f
0bf2
090f
0611
02f1
ffcb
fcb8
f9af
f6a8
f3bb
f0fe
ee64
ebff
e9c0
e7b6
e5ee
e472
e329
e21b
e14c
e0de
e0cf
e0f9
e157
e203
e313
e479
e624
e802
ea01
ec2f
ee98
f144
f41a
f701
f9e0
fcc2
ffcf
02ec
05fe
08ee
0bc6
0e71
10fd
1378
15ce
17ef
19cd
1b5d
1c98
1d99
1e5c
1edf
1f02
1ec9
1e5d
1da4
1ca8
1b56
19bd
17ef
15fd
13b9
113a
0e98
0bea
0907
0609
02ea
ffc5
fcb3
f9ac
f6a7
f3bc
f101
ee68
ec05
e9c7
e7be
e5f7
e47b
e332
e223
e153
e0e5
e0d6
e100
e15f
e20d
e31e
e484
e62e
e80b
ea08
ec34
ee9b
f146
f41b
f701
f9df
fcc0
ffcc
02e8
05fa
08ea
0bc3
0e6f
10fc
1377
15cd
17ee
19cc
1b5c
1c97
1d98
1e5b
1ede
1f01
1ec8
1e5c
1da3
1ca7
1b55
19bd
17f0
15ff
13bd
1140
0ea0
0bf5
0915
061a
02fd
ffd9
fcc7
f9bf
f6b9
f3cc
f10e
ee72
ec0b
e9c9
e7bc
e5f1
e472
e327
e217
e146
e0d7
e0c7
e0f1
e150
e1fe
e311
e479
e626
e806
ea07
ec37
eea1
f14e
f425
f70c
f9eb
fccb
ffd5
02ef
05ff
08ed
0bc3
0e6c
10f6
136e
15c2
17e1
19be
1b4f
1c8b
1d8d
1e51
1ed5
1efa
1ec4
1e5a
1da3
1ca9
1b59
19c2
17f5
1605
13c3
1146
0ea6
0bfa
0918
061a
02fa
ffd3
fcbf
f9b6
f6ae
f3c0
f102
ee67
ec02
e9c2
e7b7
e5ee
e471
e327
e218
e148
e0da
e0cb
e0f5
e154
e202
e314
e47c
e629
e809
ea0a
ec3a
eea4
f151
f428
f710
f9f0
fcd2
ffdf
02fc
060e
08fd
0bd4
0e7e
1109
1382
15d6
17f5
19d2
1b62
1c9d
1d9f
1e63
1ee6
1f09
1ed1
1e65
1dac
1cb0
1b5d
19c4
17f5
1603
13bf
1141
0e9f
0bf2
090f
0611
02f1
ffcb
fcb8
f9af
f6a8
f3bb
f0fe
ee64
ebff
e9c0
e7b6
e5ee
e472
e329
e21b
e14c
e0de
e0cf
e0f9
e157
e203
e313
e479
e624
e802
ea01
ec2f
ee98
f144
f41a
f701
f9e0
fcc2
ffcf
02ec
05fe
08ee
0bc6
0e71
10fd
1378
15ce
17ef
19cd
1b5d
1c98
1d99
1e5c
1edf
1f02
1ec9
1e5d
1da4
1ca8
1b56
19bd
17ef
15fd
13b9
113a
0e98
0bea
0907
0609
02ea
ffc5
fcb3
f9ac
f6a7
f3bc
f101
ee68
ec05
e9c7
e7be
e5f7
e47b
e332
e223
e153
e0e5
e0d6
e100
e15f
e20d
e31e
e484
e62e
e80b
ea08
ec34
ee9b
f146
f41b
f701
f9df
fcc0
ffcc
02e8
05fa
08ea
0bc3
0e6f
10fc
1377
15cd
17ee
19cc
1b5c
1c97
1d98
1e5b
1ede
1f01
1ec8
1e5c
1da3
1ca7
1b55
19bd
17f0
15ff
13bd
1140
0ea0
0bf5
0915
061a
02fd
ffd9
fcc7
f9bf
f6b9
f3cc
f10e
ee72
ec0b
e9c9
e7bc
e5f1
e472
e327
e217
e146
e0d7
e0c7
e0f1
e150
e1fe
e311
e479
e626
e806
ea07
ec37
eea1
f14e
f425
f70c
f9eb
fccb
ffd5
02ef
05ff
08ed
0bc3
0e6c
10f6
136e
15c2
17e1
19be
1b4f
1c8b
1d8d
1e51
1ed5
1efa
1ec4
1e5a
1da3
1ca9
1b59
19c2
17f5
1605
13c3
1146
0ea6
0bfa
0918
061a
02fa
ffd3
fcbf
f9b6
f6ae
f3c0
f102
ee67
ec02
e9c2
e7b7
e5ee
e471
e327
e218
e148
e0da
e0cb
e0f5
e154
e202
e314
e47c
e629
e809
ea0a
ec3a
eea4
f151
f428
f710
f9f0
fcd2
ffdf
02fc
060e
08fd
0bd4
0e7e
1109
1382
15d6
17f5
19d2
1b62
1c9d
1d9f
1e63
1ee6
1f09
1ed1
1e65
1dac
1cb0
1b5d
19c4
17f5
1603
13bf
1141
0e9f
0bf2
090f
0611
02f1
ffcb
fcb8
f9af
f6a8
f3bb
f0fe
ee64
ebff
e9c0
e7b6
e5ee
e472
e329
e21b
e14c
e0de
e0cf
e0f9
e157
e203
e313
e479
e624
e802
ea01
ec2f
ee98
f144
f41a
f701
f9e0
fcc2
ffcf
02ec
05fe
08ee
0bc6
0e71
10fd
1378
15ce
17ef
19cd
1b5d
1c98
1d99
1e5c
1edf
1f02
1ec9
1e5d
1da4
1ca8
1b56
19bd
17ef
15fd
13b9
113a
0e98
0bea
0907
0609
02ea
ffc5
fcb3
f9ac
f6a7
f3bc
f101
ee68
ec05
e9c7
e7be
e5f7
e47b
e332
e223
e153
e0e5
e0d6
e100
e15f
e20d
e31e
e484
e62e
e80b
ea08
ec34
ee9b
f146
f41b
f701
f9df
fcc0
ffcc
02e8
05fa
08ea
0bc3
0e6f
10fc
1377
15cd
17ee
19cc
1b5c
1c97
1d98
1e5b
1ede
1f01
1ec8
1e5c
1da3
1ca7
1b55
19bd
17f0
15ff
13bd
1140
0ea0
0bf5
0915
061a
02fd
ffd9
fcc7
f9bf
f6b9
f3cc
f10e
ee72
ec0b
e9c9
e7bc
e5f1
e472
e327
e217
e146
e0d7
e0c7
e0f1
e150
e1fe
e311
e479
e626
e806
ea07
ec37
eea1
f14e
f425
f70c
f9eb
fccb
ffd5
02ef
05ff
08ed
0bc3
0e6c
10f6
136e
15c2
17e1
19be
1b4f
1c8b
1d8d
1e51
1ed5
1efa
1ec4
1e5a
1da3
1ca9
1b59
19c2
17f5
1605
13c3
1146
0ea6
0bfa
0918
061a
02fa
ffd3
fcbf
f9b6
f6ae
f3c0
f102
ee67
ec02
e9c2
e7b7
e5ee
e471
e327
e218
e148
e0da
e0cb
e0f5
e154
e202
e314
e47c
e629
e809
ea0a
ec3a
eea4
f151
f428
f710
f9f0
fcd2
ffdf
02fc
060e
08fd
0bd4
0e7e
1109
1382
15d6
17f5
19d2
1b62
1c9d
1d9f
1e63
1ee6
1f09
1ed1
1e65
1dac
1cb0
1b5d
19c4
17f5
1603
13bf
1141
0e9f
0bf2
090f
0611
02f1
ffcb
fcb8
f9af
f6a8
f3bb
f0fe
ee64
ebff
e9c0
e7b6
e5ee
e472
e329
e21b
e14c
e4c2
e4b5
e4d9
e52c
e5c2
e6b0
e7e9
e95f
eb01
ecc0
eea9
f0c5
f31b
f596
f820
faa4
fd29
ffd5
028e
053e
07d0
0a4d
0ca2
0edd
1109
1314
14f1
1693
17f1
1905
19e5
1a90
1b03
1b21
1aef
1a91
19ef
1913
17eb
1685
14f1
133d
1141
0f12
0cc5
0a6c
07e6
0547
028c
ffcc
fd1c
fa76
f7d2
f544
f2e0
f09b
ee84
ec8e
eac6
e938
e7eb
e6cb
e5de
e528
e4c8
e4bb
e4e0
e533
e5cb
e6ba
e7f3
e968
eb09
ecc7
eead
f0c7
f31d
f597
f820
faa3
fd28
ffd2
028b
053a
07cc
0a4a
0ca1
0edc
1108
1313
14f0
1692
17f0
1904
19e5
1a8f
1b02
1b20
1aef
1a90
19ee
1912
17ea
1685
14f2
133f
1145
0f18
0ccc
0a76
07f2
0556
029d
ffdd
fd2e
fa87
f7e1
f552
f2ec
f0a3
ee89
ec8f
eac4
e932
e7e3
e6c2
e5d4
e51d
e4bc
e4ae
e4d2
e526
e5be
e6ae
e7e9
e961
eb05
ecc6
eeb0
f0cc
f324
f5a0
f82a
faad
fd31
ffda
0291
053f
07cf
0a4a
0c9e
0ed7
1100
1309
14e4
1686
17e5
18f9
19db
1a86
1afa
1b1a
1aeb
1a8e
19ee
1913
17ed
1689
14f6
1344
114a
0f1d
0cd1
0a7a
07f5
0556
029a
ffd8
fd27
fa7f
f7d8
f548
f2e1
f09a
ee81
ec89
eac0
e930
e7e2
e6c2
e5d5
e51f
e4be
e4b1
e4d6
e529
e5c1
e6b1
e7ec
e963
eb07
ecc8
eeb2
f0cf
f326
f5a3
f82e
fab2
fd37
ffe3
029c
054c
07dd
0a59
0cae
0ee7
1111
131b
14f6
1697
17f5
1909
19eb
1a96
1b09
1b27
1af6
1a98
19f6
191a
17f1
168b
14f6
1342
1147
0f18
0ccb
0a73
07ed
054e
0292
ffd1
fd21
fa79
f7d3
f543
f2de
f097
ee7f
ec88
eabf
e930
e7e3
e6c3
e5d7
e522
e4c2
e4b5
e4d9
e52c
e5c2
e6b0
e7e9
e95f
eb01
ecc0
eea9
f0c5
f31b
f596
f820
faa4
fd29
ffd5
028e
053e
07d0
0a4d
0ca2
0edd
1109
1314
14f1
1693
17f1
1905
19e5
1a90
1b03
1b21
1aef
1a91
19ef
1913
17eb
1685
14f1
133d
1141
0f12
0cc5
0a6c
07e6
0547
028c
ffcc
fd1c
fa76
f7d2
f544
f2e0
f09b
ee84
ec8e
eac6
e938
e7eb
e6cb
e5de
e528
e4c8
e4bb
e4e0
e533
e5cb
e6ba
e7f3
e968
eb09
ecc7
eead
f0c7
f31d
f597
f820
faa3
fd28
ffd2
028b
053a
07cc
0a4a
0ca1
0edc
1108
1313
14f0
1692
17f0
1904
19e5
1a8f
1b02
1b20
1aef
1a90
19ee
1912
17ea
1685
14f2
133f
1145
0f18
0ccc
0a76
07f2
0556
029d
ffdd
fd2e
fa87
f7e1
f552
f2ec
f0a3
ee89
ec8f
eac4
e932
e7e3
e6c2
e5d4
e51d
e4bc
e4ae
e4d2
e526
e5be
e6ae
e7e9
e961
eb05
ecc6
eeb0
f0cc
f324
f5a0
f82a
faad
fd31
ffda
0291
053f
07cf
0a4a
0c9e
0ed7
1100
1309
14e4
1686
17e5
18f9
19db
1a86
1afa
1b1a
1aeb
1a8e
19ee
1913
17ed
1689
14f6
1344
114a
0f1d
0cd1
0a7a
07f5
0556
029a
ffd8
fd27
fa7f
f7d8
f548
f2e1
f09a
ee81
ec89
eac0
e930
e7e2
e6c2
e5d5
e51f
e4be
e4b1
e4d6
e529
e5c1
e6b1
e7ec
e963
eb07
ecc8
eeb2
f0cf
f326
f5a3
f82e
fab2
fd37
ffe3
029c
054c
07dd
0a59
0cae
0ee7
1111
131b
14f6
1697
17f5
1909
19eb
1a96
1b09
1b27
1af6
1a98
19f6
191a
17f1
168b
14f6
1342
1147
0f18
0ccb
0a73
07ed
054e
0292
ffd1
fd21
fa79
f7d3
f543
f2de
f097
ee7f
ec88
eabf
e930
e7e3
e6c3
e5d7
e522
e4c2
e4b5
e4d9
e52c
e5c2
e6b0
e7e9
e95f
eb01
ecc0
eea9
f0c5
f31b
f596
f820
faa4
fd29
ffd5
028e
053e
07d0
0a4d
0ca2
0edd
1109
1314
14f1
1693
17f1
1905
19e5
1a90
1b03
1b21
1aef
1a91
19ef
1913
17eb
1685
14f1
133d
1141
0f12
0cc5
0a6c
07e6
0547
028c
ffcc
fd1c
fa76
f7d2
f544
f2e0
f09b
ee84
ec8e
eac6
e938
e7eb
e6cb
e5de
e528
e4c8
e4bb
e4e0
e533
e5cb
e6ba
e7f3
e968
eb09
ecc7
eead
f0c7
f31d
f597
f820
faa3
fd28
ffd2
028b
053a
07cc
0a4a
0ca1
0edc
1108
1313
14f0
1692
17f0
1904
19e5
1a8f
1b02
1b20
1aef
1a90
19ee
1912
17ea
1685
14f2
133f
1145
0f18
0ccc
0a76
07f2
0556
029d
ffdd
fd2e
fa87
f7e1
f552
f2ec
f0a3
ee89
ec8f
eac4
e932
e7e3
e6c2
e5d4
e51d
e4bc
e4ae
e4d2
e526
e5be
e6ae
e7e9
e961
eb05
ecc6
eeb0
f0cc
f324
f5a0
f82a
faad
fd31
ffda
0291
053f
07cf
0a4a
0c9e
0ed7
1100
1309
14e4
1686
17e5
18f9
19db
1a86
1afa
1b1a
1aeb
1a8e
19ee
1913
17ed
1689
14f6
1344
114a
0f1d
0cd1
0a7a
07f5
0556
029a
ffd8
fd27
fa7f
f7d8
f548
f2e1
f09a
ee81
ec89
eac0
e930
e7e2
e6c2
e5d5
e51f
e4be
e4b1
e4d6
e529
e5c1
e6b1
e7ec
e963
eb07
ecc8
eeb2
f0cf
f326
f5a3
f82e
fab2
fd37
ffe3
029c
054c
07dd
0a59
0cae
0ee7
1111
131b
14f6
1697
17f5
1909
19eb
1a96
1b09
1b27
1af6
1a98
19f6
191a
17f1
168b
14f6
1342
1147
0f18
0ccb
0a73
07ed
054e
0292
ffd1
fd21
fa79
f7d3
f543
f2de
f097
ee7f
ec88
eabf
e930
e7e3
e6c3
e5d7
e522
e4c2
e4b5
e4d9
e52c
e5c2
e6b0
e7e9
e95f
eb01
ecc0
eea9
f0c5
f31b
f596
f820
faa4
fd29
ffd5
028e
053e
07d0
0a4d
0ca2
0edd
1109
1314
14f1
1693
17f1
1905
19e5
1a90
1b03
1b21
1aef
1a91
19ef
1913
17eb
1685
14f1
133d
1141
0f12
0cc5
0a6c
07e6
0547
028c
ffcc
fd1c
fa76
f7d2
f544
f2e0
f09b
ee84
ec8e
eac6
e938
e7eb
e6cb
e5de
e528
e4c8
e4bb
e4e0
e533
e5cb
e6ba
e7f3
e968
eb09
ecc7
eead
f0c7
f31d
f597
f820
faa3
fd28
ffd2
028b
053a
07cc
0a4a
0ca1
0edc
1108
1313
14f0
1692
17f0
1904
19e5
1a8f
1b02
1b20
1aef
1a90
19ee
1912
17ea
1685
14f2
133f
1145
0f18
0ccc
0a76
07f2
0556
029d
ffdd
fd2e
fa87
f7e1
f552
f2ec
f0a3
ee89
ec8f
eac4
e932
e7e3
e6c2
e5d4
e51d
e4bc
e4ae
e4d2
e526
e5be
e6ae
e7e9
e961
eb05
ecc6
eeb0
f0cc
f324
f5a0
f82a
faad
fd31
ffda
0291
053f
07cf
0a4a
0c9e
0ed7
1100
1309
14e4
1686
17e5
18f9
19db
1a86
1afa
1b1a
1aeb
1a8e
19ee
1913
17ed
1689
14f6
1344
114a
0f1d
0cd1
0a7a
07f5
0556
029a
ffd8
fd27
fa7f
f7d8
f548
f2e1
f09a
ee81
ec89
eac0
e930
e7e2
e6c2
e5d5
e51f
e4be
e4b1
e4d6
e529
e5c1
e6b1
e7ec
e963
eb07
ecc8
eeb2
f0cf
f326
f5a3
f82e
fab2
fd37
ffe3
029c
054c
07dd
0a59
0cae
0ee7
1111
131b
14f6
1697
17f5
1909
19eb
1a96
1b09
1b27
1af6
1a98
19f6
191a
17f1
168b
14f6
1342
1147
0f18
0ccb
0a73
07ed
054e
0292
ffd1
fd21
fa79
f7d3
f543
f2de
f097
ee7f
ec88
eabf
e930
e7e3
e6c3
e5d7
e522
e4c2
e4b5
e4d9
e52c
e5c2
e6b0
e7e9
e95f
eb01
ecc0
eea9
f0c5
f31b
f596
f820
faa4
fd29
ffd5
028e
053e
07d0
0a4d
0ca2
0edd
1109
1314
14f1
1693
17f1
1905
19e5
1a90
1b03
1b21
1aef
1a91
19ef
1913
17eb
1685
14f1
133d
1141
0f12
0cc5
0a6c
07e6
0547
028c
ffcc
fd1c
fa76
f7d2
f544
f2e0
f09b
ee84
ec8e
eac6
e938
e7eb
e6cb
e5de
e528
e4c8
e4bb
e4e0
e533
e5cb
e6ba
e7f3
e968
eb09
ecc7
eead
f0c7
f31d
f597
f820
faa3
fd28
ffd2
028b
053a
07cc
0a4a
0ca1
0edc
1108
1313
14f0
1692
17f0
1904
19e5
1a8f
1b02
1b20
1aef
1a90
19ee
1912
17ea
1685
14f2
133f
1145
0f18
0ccc
0a76
07f2
0556
029d
ffdd
fd2e
fa87
f7e1
f552
f2ec
f0a3
ee89
ec8f
eac4
e932
e7e3
e6c2
e5d4
e51d
e4bc
e4ae
e4d2
e526
e5be
e6ae
e7e9
e961
eb05
ecc6
eeb0
f0cc
f324
f5a0
f82a
faad
fd31
ffda
0291
053f
07cf
0a4a
0c9e
0ed7
1100
1309
14e4
1686
17e5
18f9
19db
1a86
1afa
1b1a
1aeb
1a8e
19ee
1913
17ed
1689
14f6
1344
114a
0f1d
0cd1
0a7a
07f5
0556
029a
ffd8
fd27
fa7f
f7d8
f548
f2e1
f09a
ee81
ec89
eac0
e930
e7e2
e6c2
e5d5
e51f
e4be
e4b1
e4d6
e529
e5c1
e6b1
e7ec
e963
eb07
ecc8
eeb2
f0cf
f326
f5a3
f82e
fab2
fd37
ffe3
029c
054c
07dd
0a59
0cae
0ee7
1111
131b
14f6
1697
17f5
1909
19eb
1a96
1b09
1b27
1af6
1a98
19f6
191a
17f1
168b
14f6
1342
1147
0f18
0ccb
0a73
07ed
054e
0292
ffd1
fd21
fa79
f7d3
f543
f2de
f097
ee7f
ec88
eabf
e930
e7e3
e6c3
e5d7
e522
e4c2
e4b5
e4d9
e52c
e5c2
e6b0
e7e9
e95f
eb01
ecc0
eea9
f0c5
f31b
f596
f820
faa4
fd29
ffd5
028e
053e
07d0
0a4d
0ca2
0edd
1109
1314
14f1
1693
17f1
1905
19e5
1a90
1b03
1b21
1aef
1a91
19ef
1913
17eb
1685
14f1
133d
1141
0f12
0cc5
0a6c
07e6
0547
028c
ffcc
fd1c
fa76
f7d2
f544
f2e0
f09b
ee84
ec8e
eac6
e938
e7eb
e6cb
e5de
e528
e4c8
e4bb
e4e0
e533
e5cb
e6ba
e7f3
e968
eb09
ecc7
eead
f0c7
f31d
f597
f820
faa3
fd28
ffd2
028b
053a
07cc
0a4a
0ca1
0edc
1108
1313
14f0
1692
17f0
1904
19e5
1a8f
1b02
1b20
1aef
1a90
19ee
1912
17ea
1685
14f2
133f
1145
0f18
0ccc
0a76
07f2
0556
029d
ffdd
fd2e
fa87
f7e1
f552
f2ec
f0a3
ee89
ec8f
eac4
e932
e7e3
e6c2
e5d4
e51d
e4bc
e4ae
e4d2
e526
e5be
e6ae
e7e9
e961
eb05
ecc6
eeb0
f0cc
f324
f5a0
f82a
faad
fd31
ffda
0291
053f
07cf
0a4a
0c9e
0ed7
1100
1309
14e4
1686
17e5
18f9
19db
1a86
1afa
1b1a
1aeb
1a8e
19ee
1913
17ed
1689
14f6
1344
114a
0f1d
0cd1
0a7a
07f5
0556
029a
ffd8
fd27
fa7f
f7d8
f548
f2e1
f09a
ee81
ec89
eac0
e930
e7e2
e6c2
e5d5
e51f
e4be
e4b1
e4d6
e529
e5c1
e6b1
e7ec
e963
eb07
ecc8
eeb2
f0cf
f326
f5a3
f82e
fab2
fd37
ffe3
029c
054c
07dd
0a59
0cae
0ee7
1111
131b
14f6
1697
17f5
1909
19eb
1a96
1b09
1b27
1af6
1a98
19f6
191a
17f1
168b
14f6
1342
1147
0f18
0ccb
0a73
07ed
054e
0292
ffd1
fd21
fa79
f7d3
f543
f2de
f097
ee7f
ec88
eabf
e930
e7e3
e6c3
e5d7
e522
e4c2
e4b5
e4d9
e52c
e5c2
e6b0
e7e9
e95f
eb01
ecc0
eea9
f0c5
f31b
f596
f820
faa4
fd29
ffd5
028e
053e
07d0
0a4d
0ca2
0edd
1109
1314
14f1
1693
17f1
1905
19e5
1a90
1b03
1b21
1aef
1a91
19ef
1913
17eb
1685
14f1
133d
1141
0f12
0cc5
0a6c
07e6
0547
028c
ffcc
fd1c
fa76
f7d2
f544
f2e0
f09b
ee84
ec8e
eac6
e938
e7eb
e6cb
e5de
e528
e4c8
e4bb
e4e0
e533
e5cb
e6ba
e7f3
e968
eb09
ecc7
eead
f0c7
f31d
f597
f820
faa3
fd28
ffd2
028b
053a
07cc
0a4a
0ca1
0edc
1108
1313
14f0
1692
17f0
1904
19e5
1a8f
1b02
1b20
1aef
1a90
19ee
1912
17ea
1685
14f2
133f
1145
0f18
0ccc
0a76
07f2
0556
029d
ffdd
fd2e
fa87
f7e1
f552
f2ec
f0a3
ee89
ec8f
eac4
e932
e7e3
e6c2
e5d4
e51d
e4bc
e4ae
e4d2
e526
e5be
e6ae
e7e9
e961
eb05
ecc6
eeb0
f0cc
f324
f5a0
f82a
faad
fd31
ffda
0291
053f
07cf
0a4a
0c9e
0ed7
1100
1309
14e4
1686
17e5
18f9
19db
1a86
1afa
1b1a
1aeb
1a8e
19ee
1913
17ed
1689
14f6
1344
114a
0f1d
0cd1
0a7a
07f5
0556
029a
ffd8
fd27
fa7f
f7d8
f548
f2e1
f09a
ee81
ec89
eac0
e930
e7e2
e6c2
e5d5
e51f
e4be
e4b1
e4d6
e529
e5c1
e6b1
e7ec
e963
eb07
ecc8
eeb2
f0cf
f326
f5a3
f82e
fab2
fd37
ffe3
029c
054c
07dd
0a59
0cae
0ee7
1111
131b
14f6
1697
17f5
1909
19eb
1a96
1b09
1b27
1af6
1a98
19f6
191a
17f1
168b
14f6
1342
1147
0f18
0ccb
0a73
07ed
054e
0292
ffd1
fd21
fa79
f7d3
f543
f2de
f097
ee7f
ec88
eabf
e930
e7e3
e6c3
e5d7
e522
e4c2
e4b5
e4d9
e52c
e5c2
e6b0
e7e9
e95f
eb01
ecc0
eea9
f0c5
f31b
f596
f820
faa4
fd29
ffd5
028e
053e
07d0
0a4d
0ca2
0edd
1109
1314
14f1
1693
17f1
1905
19e5
1a90
1b03
1b21
1aef
1a91
19ef
1913
17eb
1685
14f1
133d
1141
0f12
0cc5
0a6c
07e6
0547
028c
ffcc
fd1c
fa76
f7d2
f544
f2e0
f09b
ee84
ec8e
eac6
e938
e7eb
e6cb
e5de
e528
e4c8
e4bb
e4e0
e533
e5cb
e6ba
e7f3
e968
eb09
ecc7
eead
f0c7
f31d
f597
f820
faa3
fd28
ffd2
028b
053a
07cc
0a4a
0ca1
0edc
1108
1313
14f0
1692
17f0
1904
19e5
1a8f
1b02
1b20
1aef
1a90
19ee
1912
17ea
1685
14f2
133f
1145
0f18
0ccc
0a76
07f2
0556
029d
ffdd
fd2e
fa87
f7e1
f552
f2ec
f0a3
ee89
ec8f
eac4
e932
e7e3
e6c2
e5d4
e51d
e4bc
e4ae
e4d2
e526
e5be
e6ae
e7e9
e961
eb05
ecc6
eeb0
f0cc
f324
f5a0
f82a
faad
fd31
ffda
0291
053f
07cf
0a4a
0c9e
0ed7
1100
1309
14e4
1686
17e5
18f9
19db
1a86
1afa
1b1a
1aeb
1a8e
19ee
1913
17ed
1689
14f6
1344
114a
0f1d
0cd1
0a7a
07f5
0556
029a
ffd8
fd27
fa7f
f7d8
f548
f2e1
f09a
ee81
ec89
eac0
e930
e7e2
e6c2
e5d5
e51f
e4be
e4b1
e4d6
e529
e5c1
e6b1
e7ec
e963
eb07
ecc8
eeb2
f0cf
f326
f5a3
f82e
fab2
fd37
ffe3
029c
054c
07dd
0a59
0cae
0ee7
1111
131b
14f6
1697
17f5
1909
19eb
1a96
1b09
1b27
1af6
1a98
19f6
191a
17f1
168b
14f6
1342
1147
0f18
0ccb
0a73
07ed
054e
0292
ffd1
fd21
fa79
f7d3
f543
f2de
f097
ee7f
ec88
eabf
e930
e7e3
e6c3
e5d7
e522
e4c2
e4b5
e4d9
e52c
e5c2
e6b0
e7e9
e95f
eb01
ecc0
eea9
f0c5
f31b
f596
f820
faa4
fd29
ffd5
028e
053e
07d0
0a4d
0ca2
0edd
1109
1314
14f1
1693
17f1
1905
19e5
1a90
1b03
1b21
1aef
1a91
19ef
1913
17eb
1685
14f1
133d
1141
0f12
0cc5
0a6c
07e6
0547
028c
ffcc
fd1c
fa76
f7d2
f544
f2e0
f09b
ee84
ec8e
eac6
e938
e7eb
e6cb
e5de
e528
e4c8
e4bb
e4e0
e533
e5cb
e6ba
e7f3
e968
eb09
ecc7
eead
f0c7
f31d
f597
f820
faa3
fd28
ffd2
028b
053a
07cc
0a4a
0ca1
0edc
1108
1313
14f0
1692
17f0
1904
19e5
1a8f
1b02
1b20
1aef
1a90
19ee
1912
17ea
1685
14f2
133f
1145
0f18
0ccc
0a76
07f2
0556
029d
ffdd
fd2e
fa87
f7e1
f552
f2ec
f0a3
ee89
ec8f
eac4
e932
e7e3
e6c2
e5d4
e51d
e4bc
e4ae
e4d2
e526
e5be
e6ae
e7e9
e961
eb05
ecc6
eeb0
f0cc
f324
f5a0
f82a
faad
fd31
ffda
0291
053f
07cf
0a4a
0c9e
0ed7
1100
1309
14e4
1686
17e5
18f9
19db
1a86
1afa
1b1a
1aeb
1a8e
19ee
1913
17ed
1689
14f6
1344
114a
0f1d
0cd1
0a7a
07f5
0556
029a
ffd8
fd27
fa7f
f7d8
f548
f2e1
f09a
ee81
ec89
eac0
e930
e7e2
e6c2
e5d5
e51f
e4be
e4b1
e4d6
e529
e5c1
e6b1
e7ec
e963
eb07
ecc8
eeb2
f0cf
f326
f5a3
f82e
fab2
fd37
ffe3
029c
054c
07dd
0a59
0cae
0ee7
1111
131b
14f6
1697
17f5
1909
19eb
1a96
1b09
1b27
1af6
1a98
19f6
191a
17f1
168b
14f6
1342
1147
0f18
0ccb
0a73
07ed
054e
0292
ffd1
fd21
fa79
f7d3
f543
f2de
f097
ee7f
ec88
eabf
e930
e7e3
e6c3
e5d7
e522
e4c2
e4b5
e4d9
e52c
e5c2
e6b0
e7e9
e95f
eb01
ecc0
eea9
f0c5
f31b
f596
f820
faa4
fd29
ffd5
028e
053e
07d0
0a4d
0ca2
0edd
1109
1314
14f1
1693
17f1
1905
19e5
1a90
1b03
1b21
1aef
1a91
19ef
1913
17eb
1685
14f1
133d
1141
0f12
0cc5
0a6c
07e6
0547
028c
ffcc
fd1c
fa76
f7d2
f544
f2e0
f09b
ee84
ec8e
eac6
e938
e7eb
e6cb
e5de
e528
e4c8
e4bb
e4e0
e533
e5cb
e6ba
e7f3
e968
eb09
ecc7
eead
f0c7
f31d
f597
f820
faa3
fd28
ffd2
028b
053a
07cc
0a4a
0ca1
0edc
1108
1313
14f0
1692
17f0
1904
19e5
1a8f
1b02
1b20
1aef
1a90
19ee
1912
17ea
1685
14f2
133f
1145
0f18
0ccc
0a76
07f2
0556
029d
ffdd
fd2e
fa87
f7e1
f552
f2ec
f0a3
ee89
ec8f
eac4
e932
e7e3
e6c2
e5d4
e51d
e4bc
e4ae
e4d2
e526
e5be
e6ae
e7e9
e961
eb05
ecc6
eeb0
f0cc
f324
f5a0
f82a
faad
fd31
ffda
0291
053f
07cf
0a4a
0c9e
0ed7
1100
1309
14e4
1686
17e5
18f9
19db
1a86
1afa
1b1a
1aeb
1a8e
19ee
1913
17ed
1689
14f6
1344
114a
0f1d
0cd1
0a7a
07f5
0556
029a
ffd8
fd27
fa7f
f7d8
f548
f2e1
f09a
ee81
ec89
eac0
e930
e7e2
e6c2
e5d5
e51f
e4be
e4b1
e4d6
e529
e5c1
e6b1
e7ec
e963
eb07
ecc8
eeb2
f0cf
f326
f5a3
f82e
fab2
fd37
ffe3
029c
054c
07dd
0a59
0cae
0ee7
1111
131b
14f6
1697
17f5
1909
19eb
1a96
1b09
1b27
1af6
1a98
19f6
191a
17f1
168b
14f6
1342
1147
0f18
0ccb
0a73
07ed
054e
0292
ffd1
fd21
fa79
f7d3
f543
f2de
f097
ee7f
ec88
eabf
e930
e7e3
e6c3
e5d7
e522
e4c2
e4b5
e4d9
e52c
e5c2
e6b0
e7e9
e95f
eb01
ecc0
eea9
f0c5
f31b
f596
f820
faa4
fd29
ffd5
028e
053e
07d0
0a4d
0ca2
0edd
1109
1314
14f1
1693
17f1
1905
19e5
1a90
1b03
1b21
1aef
1a91
19ef
1913
17eb
1685
14f1
133d
1141
0f12
0cc5
0a6c
07e6
0547
028c
ffcc
fd1c
fa76
f7d2
f544
f2e0
f09b
ee84
ec8e
eac6
e938
e7eb
e6cb
e5de
e528
e4c8
e4bb
e4e0
e533
e5cb
e6ba
e7f3
e968
eb09
ecc7
eead
f0c7
f31d
f597
f820
faa3
fd28
ffd2
028b
053a
07cc
0a4a
0ca1
0edc
1108
1313
14f0
1692
17f0
1904
19e5
1a8f
1b02
1b20
1aef
1a90
19ee
1912
17ea
1685
14f2
133f
1145
0f18
0ccc
0a76
07f2
0556
029d
ffdd
fd2e
fa87
f7e1
f552
f2ec
f0a3
ee89
ec8f
eac4
e932
e7e3
e6c2
e5d4
e51d
e4bc
e4ae
e4d2
e526
e5be
e6ae
e7e9
e961
eb05
ecc6
eeb0
f0cc
f324
f5a0
f82a
faad
fd31
ffda
0291
053f
07cf
0a4a
0c9e
0ed7
1100
1309
14e4
1686
17e5
18f9
19db
1a86
1afa
1b1a
1aeb
1a8e
19ee
1913
17ed
1689
14f6
1344
114a
0f1d
0cd1
0a7a
07f5
0556
029a
ffd8
fd27
fa7f
f7d8
f548
f2e1
f09a
ee81
ec89
eac0
e930
e7e2
e6c2
e5d5
e51f
e4be
e4b1
e4d6
e529
e5c1
e6b1
e7ec
e963
eb07
ecc8
eeb2
f0cf
f326
f5a3
f82e
fab2
fd37
ffe3
029c
054c
07dd
0a59
0cae
0ee7
1111
131b
14f6
1697
17f5
1909
19eb
1a96
1b09
1b27
1af6
1a98
19f6
191a
17f1
168b
14f6
1342
1147
0f18
0ccb
0a73
07ed
054e
0292
ffd1
fd21
fa79
f7d3
f543
f2de
f097
ee7f
ec88
eabf
e930
e7e3
e6c3
e5d7
e522
e4c2
e4b5
e4d9
e52c
e5c2
e6b0
e7e9
e95f
eb01
ecc0
eea9
f0c5
f31b
f596
f820
faa4
fd29
ffd5
028e
053e
07d0
0a4d
0ca2
0edd
1109
1314
14f1
1693
17f1
1905
19e5
1a90
1b03
1b21
1aef
1a91
19ef
1913
17eb
1685
14f1
133d
1141
0f12
0cc5
0a6c
07e6
0547
028c
ffcc
fd1c
fa76
f7d2
f544
f2e0
f09b
ee84
ec8e
eac6
e938
e7eb
e6cb
e5de
e528
e4c8
e4bb
e4e0
e533
e5cb
e6ba
e7f3
e968
eb09
ecc7
eead
f0c7
f31d
f597
f820
faa3
fd28
ffd2
028b
053a
07cc
0a4a
0ca1
0edc
1108
1313
14f0
1692
17f0
1904
19e5
1a8f
1b02
1b20
1aef
1a90
19ee
1912
17ea
1685
14f2
133f
1145
0f18
0ccc
0a76
07f2
0556
029d
ffdd
fd2e
fa87
f7e1
f552
f2ec
f0a3
ee89
ec8f
eac4
e932
e7e3
e6c2
e5d4
e51d
e4bc
e4ae
e4d2
e526
e5be
e6ae
e7e9
e961
eb05
ecc6
eeb0
f0cc
f324
f5a0
f82a
faad
fd31
ffda
0291
053f
07cf
0a4a
0c9e
0ed7
1100
1309
14e4
1686
17e5
18f9
19db
1a86
1afa
1b1a
1aeb
1a8e
19ee
1913
17ed
1689
14f6
1344
114a
0f1d
0cd1
0a7a
07f5
0556
029a
ffd8
fd27
fa7f
f7d8
f548
f2e1
f09a
ee81
ec89
eac0
e930
e7e2
e6c2
e5d5
e51f
e4be
e4b1
e4d6
e529
e5c1
e6b1
e7ec
e963
eb07
ecc8
eeb2
f0cf
f326
f5a3
f82e
fab2
fd37
ffe3
029c
054c
07dd
0a59
0cae
0ee7
1111
131b
14f6
1697
17f5
1909
19eb
1a96
1b09
1b27
1af6
1a98
19f6
191a
17f1
168b
14f6
1342
1147
0f18
0ccb
0a73
07ed
054e
0292
ffd1
fd21
fa79
f7d3
f543
f2de
f097
ee7f
ec88
eabf
e930
e7e3
e6c3
e5d7
e522
e4c2
e4b5
e4d9
e52c
e5c2
e6b0
e7e9
e95f
eb01
ecc0
eea9
f0c5
f31b
f596
f820
faa4
fd29
ffd5
028e
053e
07d0
0a4d
0ca2
0edd
1109
1314
14f1
1693
17f1
1905
19e5
1a90
1b03
1b21
1aef
1a91
19ef
1913
17eb
1685
14f1
133d
1141
0f12
0cc5
0a6c
07e6
0547
028c
ffcc
fd1c
fa76
f7d2
f544
f2e0
f09b
ee84
ec8e
eac6
e938
e7eb
e6cb
e5de
e528
e4c8
e4bb
e4e0
e533
e5cb
e6ba
e7f3
e968
eb09
ecc7
eead
f0c7
f31d
f597
f820
faa3
fd28
ffd2
028b
053a
07cc
0a4a
0ca1
0edc
1108
1313
14f0
1692
17f0
1904
19e5
1a8f
1b02
1b20
1aef
1a90
19ee
1912
17ea
1685
14f2
133f
1145
0f18
0ccc
0a76
07f2
0556
029d
ffdd
fd2e
fa87
f7e1
f552
f2ec
f0a3
ee89
ec8f
eac4
e932
e7e3
e6c2
e5d4
e51d
e4bc
e4ae
e4d2
e526
e5be
e6ae
e7e9
e961
eb05
ecc6
eeb0
f0cc
f324
f5a0
f82a
faad
fd31
ffda
0291
053f
07cf
0a4a
0c9e
0ed7
1100
1309
14e4
1686
17e5
18f9
19db
1a86
1afa
1b1a
1aeb
1a8e
19ee
1913
17ed
1689
14f6
1344
114a
0f1d
0cd1
0a7a
07f5
0556
029a
ffd8
fd27
fa7f
f7d8
f548
f2e1
f09a
ee81
ec89
eac0
e930
e7e2
e6c2
e5d5
e51f
e4be
e4b1
e4d6
e529
e5c1
e6b1
e7ec
e963
eb07
ecc8
eeb2
f0cf
f326
f5a3
f82e
fab2
fd37
ffe3
029c
054c
07dd
0a59
0cae
0ee7
1111
131b
14f6
1697
17f5
1909
19eb
1a96
1b09
1b27
1af6
1a98
19f6
191a
17f1
168b
14f6
1342
1147
0f18
0ccb
0a73
07ed
054e
0292
ffd1
fd21
fa79
f7d3
f543
f2de
f097
ee7f
ec88
eabf
e930
e7e3
e6c3
e5d7
e522
e4c2
e4b5
e4d9
e52c
e5c2
e6b0
e7e9
e95f
eb01
ecc0
eea9
f0c5
f31b
f596
f820
faa4
fd29
ffd5
028e
053e
07d0
0a4d
0ca2
0edd
1109
1314
14f1
1693
17f1
1905
19e5
1a90
1b03
1b21
1aef
1a91
19ef
1913
17eb
1685
14f1
133d
1141
0f12
0cc5
0a6c
07e6
0547
028c
ffcc
fd1c
fa76
f7d2
f544
f2e0
f09b
ee84
ec8e
eac6
e938
e7eb
e6cb
e5de
e528
e4c8
e4bb
e4e0
e533
e5cb
e6ba
e7f3
e968
eb09
ecc7
eead
f0c7
f31d
f597
f820
faa3
fd28
ffd2
028b
053a
07cc
0a4a
0ca1
0edc
1108
1313
14f0
1692
17f0
1904
19e5
1a8f
1b02
1b20
1aef
1a90
19ee
1912
17ea
1685
14f2
133f
1145
0f18
0ccc
0a76
07f2
0556
029d
ffdd
fd2e
fa87
f7e1
f552
f2ec
f0a3
ee89
ec8f
eac4
e932
e7e3
e6c2
e5d4
e51d
e4bc
e4ae
e4d2
e526
e5be
e6ae
e7e9
e961
eb05
ecc6
eeb0
f0cc
f324
f5a0
f82a
faad
fd31
ffda
0291
053f
07cf
0a4a
0c9e
0ed7
1100
1309
14e4
1686
17e5
18f9
19db
1a86
1afa
1b1a
1aeb
1a8e
19ee
1913
17ed
1689
14f6
1344
114a
0f1d
0cd1
0a7a
07f5
0556
029a
ffd8
fd27
fa7f
f7d8
f548
f2e1
f09a
ee81
ec89
eac0
e930
e7e2
e6c2
e5d5
e51f
e4be
e4b1
e4d6
e529
e5c1
e6b1
e7ec
e963
eb07
ecc8
eeb2
f0cf
f326
f5a3
f82e
fab2
fd37
ffe3
029c
054c
07dd
0a59
0cae
0ee7
1111
131b
14f6
1697
17f5
1909
19eb
1a96
1b09
1b27
1af6
1a98
19f6
191a
17f1
168b
14f6
1342
1147
0f18
0ccb
0a73
07ed
054e
0292
ffd1
fd21
fa79
f7d3
f543
f2de
f097
ee7f
ec88
eabf
e930
e7e3
e6c3
e5d7
e522
e4c2
e4b5
e4d9
e52c
e5c2
e6b0
e7e9
e95f
eb01
ecc0
eea9
f0c5
f31b
f596
f820
faa4
fd29
ffd5
028e
053e
07d0
0a4d
0ca2
0edd
1109
1314
14f1
1693
17f1
1905
19e5
1a90
1b03
1b21
1aef
1a91
19ef
1913
17eb
1685
14f1
133d
1141
0f12
0cc5
0a6c
07e6
0547
028c
ffcc
fd1c
fa76
f7d2
f544
f2e0
f09b
ee84
ec8e
eac6
e938
e7eb
e6cb
e5de
e528
e4c8
e4bb
e4e0
e533
e5cb
e6ba
e7f3
e968
eb09
ecc7
eead
f0c7
f31d
f597
f820
faa3
fd28
ffd2
028b
053a
07cc
0a4a
0ca1
0edc
1108
1313
14f0
1692
17f0
1904
19e5
1a8f
1b02
1b20
1aef
1a90
19ee
1912
17ea
1685
14f2
133f
1145
0f18
0ccc
0a76
07f2
0556
029d
ffdd
fd2e
fa87
f7e1
f552
f2ec
f0a3
ee89
ec8f
eac4
e932
e7e3
e6c2
e5d4
e51d
e4bc
e4ae
e4d2
e526
e5be
e6ae
e7e9
e961
eb05
ecc6
eeb0
f0cc
f324
f5a0
f82a
faad
fd31
ffda
0291
053f
07cf
0a4a
0c9e
0ed7
1100
1309
14e4
1686
17e5
18f9
19db
1a86
1afa
1b1a
1aeb
1a8e
19ee
1913
17ed
1689
14f6
1344
114a
0f1d
0cd1
0a7a
07f5
0556
029a
ffd8
fd27
fa7f
f7d8
f548
f2e1
f09a
ee81
ec89
eac0
e930
e7e2
e6c2
e5d5
e51f
e4be
e4b1
e4d6
e529
e5c1
e6b1
e7ec
e963
eb07
ecc8
eeb2
f0cf
f326
f5a3
f82e
fab2
fd37
ffe3
029c
054c
07dd
0a59
0cae
0ee7
1111
131b
14f6
1697
17f5
1909
19eb
1a96
1b09
1b27
1af6
1a98
19f6
191a
17f1
168b
14f6
1342
1147
0f18
0ccb
0a73
07ed
054e
0292
ffd1
fd21
fa79
f7d3
f543
f2de
f097
ee7f
ec88
eabf
e930
e7e3
e6c3
e5d7
e522
e4c2
e4b5
e4d9
e52c
e5c2
e6b0
e7e9
e95f
eb01
ecc0
eea9
f0c5
f31b
f596
f820
faa4
fd29
ffd5
028e
053e
07d0
0a4d
0ca2
0edd
1109
1314
14f1
1693
17f1
1905
19e5
1a90
1b03
1b21
1aef
1a91
19ef
1913
17eb
1685
14f1
133d
1141
0f12
0cc5
0a6c
07e6
0547
028c
ffcc
fd1c
fa76
f7d2
f544
f2e0
f09b
ee84
ec8e
eac6
e938
e7eb
e6cb
e5de
e528
e4c8
e4bb
e4e0
e533
e5cb
e6ba
e7f3
e968
eb09
ecc7
eead
f0c7
f31d
f597
f820
faa3
fd28
ffd2
028b
053a
07cc
0a4a
0ca1
0edc
1108
1313
14f0
1692
17f0
1904
19e5
1a8f
1b02
1b20
1aef
1a90
19ee
1912
17ea
1685
14f2
133f
1145
0f18
0ccc
0a76
07f2
0556
029d
ffdd
fd2e
fa87
f7e1
f552
f2ec
f0a3
ee89
ec8f
eac4
e932
e7e3
e6c2
e5d4
e51d
e4bc
e4ae
e4d2
e526
e5be
e6ae
e7e9
e961
eb05
ecc6
eeb0
f0cc
f324
f5a0
f82a
faad
fd31
ffda
0291
053f
07cf
0a4a
0c9e
0ed7
1100
1309
14e4
1686
17e5
18f9
19db
1a86
1afa
1b1a
1aeb
1a8e
19ee
1913
17ed
1689
14f6
1344
114a
0f1d
0cd1
0a7a
07f5
0556
029a
ffd8
fd27
fa7f
f7d8
f548
f2e1
f09a
ee81
ec89
eac0
e930
e7e2
e6c2
e5d5
e51f
e4be
e4b1
e4d6
e529
e5c1
e6b1
e7ec
e963
eb07
ecc8
eeb2
f0cf
f326
f5a3
f82e
fab2
fd37
ffe3
029c
054c
07dd
0a59
0cae
0ee7
1111
131b
14f6
1697
17f5
1909
19eb
1a96
1b09
1b27
1af6
1a98
19f6
191a
17f1
168b
14f6
1342
1147
0f18
0ccb
0a73
07ed
054e
0292
ffd1
fd21
fa79
f7d3
f543
f2de
f097
ee7f
ec88
eabf
e930
e7e3
e6c3
e5d7
e522
e4c2
e4b5
e4d9
e52c
e5c2
e6b0
e7e9
e95f
eb01
ecc0
eea9
f0c5
f31b
f596
f820
faa4
fd29
ffd5
028e
053e
07d0
0a4d
0ca2
0edd
1109
1314
14f1
1693
17f1
1905
19e5
1a90
1b03
1b21
1aef
1a91
19ef
1913
17eb
1685
14f1
133d
1141
0f12
0cc5
0a6c
07e6
0547
028c
ffcc
fd1c
fa76
f7d2
f544
f2e0
f09b
ee84
ec8e
eac6
e938
e7eb
e6cb
e5de
e528
e4c8
e4bb
e4e0
e533
e5cb
e6ba
e7f3
e968
eb09
ecc7
eead
f0c7
f31d
f597
f820
faa3
fd28
ffd2
028b
053a
07cc
0a4a
0ca1
0edc
1108
1313
14f0
1692
17f0
1904
19e5
1a8f
1b02
1b20
1aef
1a90
19ee
1912
17ea
1685
14f2
133f
1145
0f18
0ccc
0a76
07f2
0556
029d
ffdd
fd2e
fa87
f7e1
f552
f2ec
f0a3
ee89
ec8f
eac4
e932
e7e3
e6c2
e5d4
e51d
e4bc
e4ae
e4d2
e526
e5be
e6ae
e7e9
e961
eb05
ecc6
eeb0
f0cc
f324
f5a0
f82a
faad
fd31
ffda
0291
053f
07cf
0a4a
0c9e
0ed7
1100
1309
14e4
1686
17e5
18f9
19db
1a86
1afa
1b1a
1aeb
1a8e
19ee
1913
17ed
1689
14f6
1344
114a
0f1d
0cd1
0a7a
07f5
0556
029a
ffd8
fd27
fa7f
f7d8
f548
f2e1
f09a
ee81
ec89
eac0
e930
e7e2
e6c2
e5d5
e51f
e4be
e4b1
e4d6
e529
e5c1
e6b1
e7ec
e963
eb07
ecc8
eeb2
f0cf
f326
f5a3
f82e
fab2
fd37
ffe3
029c
054c
07dd
0a59
0cae
0ee7
1111
131b
14f6
1697
17f5
1909
19eb
1a96
1b09
1b27
1af6
1a98
19f6
191a
17f1
168b
14f6
1342
1147
0f18
0ccb
0a73
07ed
054e
0292
ffd1
fd21
fa79
f7d3
f543
f2de
f097
ee7f
ec88
eabf
e930
e7e3
e6c3
e5d7
e522
e4c2
e4b5
e4d9
e52c
e5c2
e6b0
e7e9
e95f
eb01
ecc0
eea9
f0c5
f31b
f596
f820
faa4
fd29
ffd5
028e
053e
07d0
0a4d
0ca2
0edd
1109
1314
14f1
1693
17f1
1905
19e5
1a90
1b03
1b21
1aef
1a91
19ef
1913
17eb
1685
14f1
133d
1141
0f12
0cc5
0a6c
07e6
0547
028c
ffcc
fd1c
fa76
f7d2
f544
f2e0
f09b
ee84
ec8e
eac6
e938
e7eb
e6cb
e5de
e528
e4c8
e4bb
e4e0
e533
e5cb
e6ba
e7f3
e968
eb09
ecc7
eead
f0c7
f31d
f597
f820
faa3
fd28
ffd2
028b
053a
07cc
0a4a
0ca1
0edc
1108
1313
14f0
1692
17f0
1904
19e5
1a8f
1b02
1b20
1aef
1a90
19ee
1912
17ea
1685
14f2
133f
1145
0f18
0ccc
0a76
07f2
0556
029d
ffdd
fd2e
fa87
f7e1
f552
f2ec
f0a3
ee89
ec8f
eac4
e932
e7e3
e6c2
e5d4
e51d
e4bc
e4ae
e4d2
e526
e5be
e6ae
e7e9
e961
eb05
ecc6
eeb0
f0cc
f324
f5a0
f82a
faad
fd31
ffda
0291
053f
07cf
0a4a
0c9e
0ed7
1100
1309
14e4
1686
17e5
18f9
19db
1a86
1afa
1b1a
1aeb
1a8e
19ee
1913
17ed
1689
14f6
1344
114a
0f1d
0cd1
0a7a
07f5
0556
029a
ffd8
fd27
fa7f
f7d8
f548
f2e1
f09a
ee81
ec89
eac0
e930
e7e2
e6c2
e5d5
e51f
e4be
e4b1
e4d6
e529
e5c1
e6b1
e7ec
e963
eb07
ecc8
eeb2
f0cf
f326
f5a3
f82e
fab2
fd37
ffe3
029c
054c
07dd
0a59
0cae
0ee7
1111
131b
14f6
1697
17f5
1909
19eb
1a96
1b09
1b27
1af6
1a98
19f6
191a
17f1
168b
14f6
1342
1147
0f18
0ccb
0a73
07ed
054e
0292
ffd1
fd21
fa79
f7d3
f543
f2de
f097
ee7f
ec88
eabf
e930
e7e3
e6c3
e5d7
e522
e4c2
e4b5
e4d9
e52c
e5c2
e6b0
e7e9
e95f
eb01
ecc0
eea9
f0c5
f31b
f596
f820
faa4
fd29
ffd5
028e
053e
07d0
0a4d
0ca2
0edd
1109
1314
14f1
1693
17f1
1905
19e5
1a90
1b03
1b21
1aef
1a91
19ef
1913
17eb
1685
14f1
133d
1141
0f12
0cc5
0a6c
07e6
0547
028c
ffcc
fd1c
fa76
f7d2
f544
f2e0
f09b
ee84
ec8e
eac6
e938
e7eb
e6cb
e5de
e528
e4c8
e4bb
e4e0
e533
e5cb
e6ba
e7f3
e968
eb09
ecc7
eead
f0c7
f31d
f597
f820
faa3
fd28
ffd2
028b
053a
07cc
0a4a
0ca1
0edc
1108
1313
14f0
1692
17f0
1904
19e5
1a8f
1b02
1b20
1aef
1a90
19ee
1912
17ea
1685
14f2
133f
1145
0f18
0ccc
0a76
07f2
0556
029d
ffdd
fd2e
fa87
f7e1
f552
f2ec
f0a3
ee89
ec8f
eac4
e932
e7e3
e6c2
e5d4
e51d
e4bc
e4ae
e4d2
e526
e5be
e6ae
e7e9
e961
eb05
ecc6
eeb0
f0cc
f324
f5a0
f82a
faad
fd31
ffda
0291
053f
07cf
0a4a
0c9e
0ed7
1100
1309
14e4
1686
17e5
18f9
19db
1a86
1afa
1b1a
1aeb
1a8e
19ee
1913
17ed
1689
14f6
1344
114a
0f1d
0cd1
0a7a
07f5
0556
029a
ffd8
fd27
fa7f
f7d8
f548
f2e1
f09a
ee81
ec89
eac0
e930
e7e2
e6c2
e5d5
e51f
e4be
e4b1
e4d6
e529
e5c1
e6b1
e7ec
e963
eb07
ecc8
eeb2
f0cf
f326
f5a3
f82e
fab2
fd37
ffe3
029c
054c
07dd
0a59
0cae
0ee7
1111
131b
14f6
1697
17f5
1909
19eb
1a96
1b09
1b27
1af6
1a98
19f6
191a
17f1
168b
14f6
1342
1147
0f18
0ccb
0a73
07ed
054e
0292
ffd1
fd21
fa79
f7d3
f543
f2de
f097
ee7f
ec88
eabf
e930
e7e3
e6c3
e5d7
e522
e4c2
e4b5
e4d9
e52c
e5c2
e6b0
e7e9
e95f
eb01
ecc0
eea9
f0c5
f31b
f596
f820
faa4
fd29
ffd5
028e
053e
07d0
0a4d
0ca2
0edd
1109
1314
14f1
1693
17f1
1905
19e5
1a90
1b03
1b21
1aef
1a91
19ef
1913
17eb
1685
14f1
133d
1141
0f12
0cc5
0a6c
07e6
0547
028c
ffcc
fd1c
fa76
f7d2
f544
f2e0
f09b
ee84
ec8e
eac6
e938
e7eb
e6cb
e5de
e528
e4c8
e4bb
e4e0
e533
e5cb
e6ba
e7f3
e968
eb09
ecc7
eead
f0c7
f31d
f597
f820
faa3
fd28
ffd2
028b
053a
07cc
0a4a
0ca1
0edc
1108
1313
14f0
1692
17f0
1904
19e5
1a8f
1b02
1b20
1aef
1a90
19ee
1912
17ea
1685
14f2
133f
1145
0f18
0ccc
0a76
07f2
0556
029d
ffdd
fd2e
fa87
f7e1
f552
f2ec
f0a3
ee89
ec8f
eac4
e932
e7e3
e6c2
e5d4
e51d
e4bc
e4ae
e4d2
e526
e5be
e6ae
e7e9
e961
eb05
ecc6
eeb0
f0cc
f324
f5a0
f82a
faad
fd31
ffda
0291
053f
07cf
0a4a
0c9e
0ed7
1100
1309
14e4
1686
17e5
18f9
19db
1a86
1afa
1b1a
1aeb
1a8e
19ee
1913
17ed
1689
14f6
1344
114a
0f1d
0cd1
0a7a
07f5
0556
029a
ffd8
fd27
fa7f
f7d8
f548
f2e1
f09a
ee81
ec89
eac0
e930
e7e2
e6c2
e5d5
e51f
e4be
e4b1
e4d6
e529
e5c1
e6b1
e7ec
e963
eb07
ecc8
eeb2
f0cf
f326
f5a3
f82e
fab2
fd37
ffe3
029c
054c
07dd
0a59
0cae
0ee7
1111
131b
14f6
1697
17f5
1909
19eb
1a96
1b09
1b27
1af6
1a98
19f6
191a
17f1
168b
14f6
1342
1147
0f18
0ccb
0a73
07ed
054e
0292
ffd1
fd21
fa79
f7d3
f543
f2de
f097
ee7f
ec88
eabf
e930
e7e3
e6c3
e5d7
e522
e4c2
e4b5
e4d9
e52c
e5c2
e6b0
e7e9
e95f
eb01
ecc0
eea9
f0c5
f31b
f596
f820
faa4
fd29
ffd5
028e
053e
07d0
0a4d
0ca2
0edd
1109
1314
14f1
1693
17f1
1905
19e5
1a90
1b03
1b21
1aef
1a91
19ef
1913
17eb
1685
14f1
133d
1141
0f12
0cc5
0a6c
07e6
0547
028c
ffcc
fd1c
fa76
f7d2
f544
f2e0
f09b
ee84
ec8e
eac6
e938
e7eb
e6cb
e5de
e528
e4c8
e4bb
e4e0
e533
e5cb
e6ba
e7f3
e968
eb09
ecc7
eead
f0c7
f31d
f597
f820
faa3
fd28
ffd2
028b
053a
07cc
0a4a
0ca1
0edc
1108
1313
14f0
1692
17f0
1904
19e5
1a8f
1b02
1b20
1aef
1a90
19ee
1912
17ea
1685
14f2
133f
1145
0f18
0ccc
0a76
07f2
0556
029d
ffdd
fd2e
fa87
f7e1
f552
f2ec
f0a3
ee89
ec8f
eac4
e932
e7e3
e6c2
e5d4
e51d
e4bc
e4ae
e4d2
e526
e5be
e6ae
e7e9
e961
eb05
ecc6
eeb0
f0cc
f324
f5a0
f82a
faad
fd31
ffda
0291
053f
07cf
0a4a
0c9e
0ed7
1100
1309
14e4
1686
17e5
18f9
19db
1a86
1afa
1b1a
1aeb
1a8e
19ee
1913
17ed
1689
14f6
1344
114a
0f1d
0cd1
0a7a
07f5
0556
029a
ffd8
fd27
fa7f
f7d8
f548
f2e1
f09a
ee81
ec89
eac0
e930
e7e2
e6c2
e5d5
e51f
e4be
e4b1
e4d6
e529
e5c1
e6b1
e7ec
e963
eb07
ecc8
eeb2
f0cf
f326
f5a3
f82e
fab2
fd37
ffe3
029c
054c
07dd
0a59
0cae
0ee7
1111
131b
14f6
1697
17f5
1909
19eb
1a96
1b09
1b27
1af6
1a98
19f6
191a
17f1
168b
14f6
1342
1147
0f18
0ccb
0a73
07ed
054e
0292
ffd1
fd21
fa79
f7d3
f543
f2de
f097
ee7f
ec88
eabf
e930
e7e3
e6c3
e5d7
e522
e4c2
e4b5
e4d9
e52c
e5c2
e6b0
e7e9
e95f
eb01
ecc0
eea9
f0c5
f31b
f596
f820
faa4
fd29
ffd5
028e
053e
07d0
0a4d
0ca2
0edd
1109
1314
14f1
1693
17f1
1905
19e5
1a90
1b03
1b21
1aef
1a91
19ef
1913
17eb
1685
14f1
133d
1141
0f12
0cc5
0a6c
07e6
0547
028c
ffcc
fd1c
fa76
f7d2
f544
f2e0
f09b
ee84
ec8e
eac6
e938
e7eb
e6cb
e5de
e528
e4c8
e4bb
e4e0
e533
e5cb
e6ba
e7f3
e968
eb09
ecc7
eead
f0c7
f31d
f597
f820
faa3
fd28
ffd2
028b
053a
07cc
0a4a
0ca1
0edc
1108
1313
14f0
1692
17f0
1904
19e5
1a8f
1b02
1b20
1aef
1a90
19ee
1912
17ea
1685
14f2
133f
1145
0f18
0ccc
0a76
07f2
0556
029d
ffdd
fd2e
fa87
f7e1
f552
f2ec
f0a3
ee89
ec8f
eac4
e932
e7e3
e6c2
e5d4
e51d
e4bc
e4ae
e4d2
e526
e5be
e6ae
e7e9
e961
eb05
ecc6
eeb0
f0cc
f324
f5a0
f82a
faad
fd31
ffda
0291
053f
07cf
0a4a
0c9e
0ed7
1100
1309
14e4
1686
17e5
18f9
19db
1a86
1afa
1b1a
1aeb
1a8e
19ee
1913
17ed
1689
14f6
1344
114a
0f1d
0cd1
0a7a
07f5
0556
029a
ffd8
fd27
fa7f
f7d8
f548
f2e1
f09a
ee81
ec89
eac0
e930
e7e2
e6c2
e5d5
e51f
e4be
e4b1
e4d6
e529
e5c1
e6b1
e7ec
e963
eb07
ecc8
eeb2
f0cf
f326
f5a3
f82e
fab2
fd37
ffe3
029c
054c
07dd
0a59
0cae
0ee7
1111
131b
14f6
1697
17f5
1909
19eb
1a96
1b09
1b27
1af6
1a98
19f6
191a
17f1
168b
14f6
1342
1147
0f18
0ccb
0a73
07ed
054e
0292
ffd1
fd21
fa79
f7d3
f543
f2de
f097
ee7f
ec88
eabf
e930
e7e3
e6c3
e5d7
e522
e4c2
e4b5
e4d9
e52c
e5c2
e6b0
e7e9
e95f
eb01
ecc0
eea9
f0c5
f31b
f596
f820
faa4
fd29
ffd5
028e
053e
07d0
0a4d
0ca2
0edd
1109
1314
14f1
1693
17f1
1905
19e5
1a90
1b03
1b21
1aef
1a91
19ef
1913
17eb
1685
14f1
133d
1141
0f12
0cc5
0a6c
07e6
0547
028c
ffcc
fd1c
fa76
f7d2
f544
f2e0
f09b
ee84
ec8e
eac6
e938
e7eb
e6cb
e5de
e528
e4c8
e4bb
e4e0
e533
e5cb
e6ba
e7f3
e968
eb09
ecc7
eead
f0c7
f31d
f597
f820
faa3
fd28
ffd2
028b
053a
07cc
0a4a
0ca1
0edc
1108
1313
14f0
1692
17f0
1904
19e5
1a8f
1b02
1b20
1aef
1a90
19ee
1912
17ea
1685
14f2
133f
1145
0f18
0ccc
0a76
07f2
0556
029d
ffdd
fd2e
fa87
f7e1
f552
f2ec
f0a3
ee89
ec8f
eac4
e932
e7e3
e6c2
e5d4
e51d
e4bc
e4ae
e4d2
e526
e5be
e6ae
e7e9
e961
eb05
ecc6
eeb0
f0cc
f324
f5a0
f82a
faad
fd31
ffda
0291
053f
07cf
0a4a
0c9e
0ed7
1100
1309
14e4
1686
17e5
18f9
19db
1a86
1afa
1b1a
1aeb
1a8e
19ee
1913
17ed
1689
14f6
1344
114a
0f1d
0cd1
0a7a
07f5
0556
029a
ffd8
fd27
fa7f
f7d8
f548
f2e1
f09a
ee81
ec89
eac0
e930
e7e2
e6c2
e5d5
e51f
e4be
e4b1
e4d6
e529
e5c1
e6b1
e7ec
e963
eb07
ecc8
eeb2
f0cf
f326
f5a3
f82e
fab2
fd37
ffe3
029c
054c
07dd
0a59
0cae
0ee7
1111
131b
14f6
1697
17f5
1909
19eb
1a96
1b09
1b27
1af6
1a98
19f6
191a
17f1
168b
14f6
1342
1147
0f18
0ccb
0a73
07ed
054e
0292
ffd1
fd21
fa79
f7d3
f543
f2de
f097
ee7f
ec88
eabf
e930
e7e3
e6c3
e5d7
e522
e4c2
e4b5
e4d9
e52c
e5c2
e6b0
e7e9
e95f
eb01
ecc0
eea9
f0c5
f31b
f596
f820
faa4
fd29
ffd5
028e
053e
07d0
0a4d
0ca2
0edd
1109
1314
14f1
1693
17f1
1905
19e5
1a90
1b03
1b21
1aef
1a91
19ef
1913
17eb
1685
14f1
133d
1141
0f12
0cc5
0a6c
07e6
0547
028c
ffcc
fd1c
fa76
f7d2
f544
f2e0
f09b
ee84
ec8e
eac6
e938
e7eb
e6cb
e5de
e528
e4c8
e4bb
e4e0
e533
e5cb
e6ba
e7f3
e968
eb09
ecc7
eead
f0c7
f31d
f597
f820
faa3
fd28
ffd2
028b
053a
07cc
0a4a
0ca1
0edc
1108
1313
14f0
1692
17f0
1904
19e5
1a8f
1b02
1b20
1aef
1a90
19ee
1912
17ea
1685
14f2
133f
1145
0f18
0ccc
0a76
07f2
0556
029d
ffdd
fd2e
fa87
f7e1
f552
f2ec
f0a3
ee89
ec8f
eac4
e932
e7e3
e6c2
e5d4
e51d
e4bc
e4ae
e4d2
e526
e5be
e6ae
e7e9
e961
eb05
ecc6
eeb0
f0cc
f324
f5a0
f82a
faad
fd31
ffda
0291
053f
07cf
0a4a
0c9e
0ed7
1100
1309
14e4
1686
17e5
18f9
19db
1a86
1afa
1b1a
1aeb
1a8e
19ee
1913
17ed
1689
14f6
1344
114a
0f1d
0cd1
0a7a
07f5
0556
029a
ffd8
fd27
fa7f
f7d8
f548
f2e1
f09a
ee81
ec89
eac0
e930
e7e2
e6c2
e5d5
e51f
e4be
e4b1
e4d6
e529
e5c1
e6b1
e7ec
e963
eb07
ecc8
eeb2
f0cf
f326
f5a3
f82e
fab2
fd37
ffe3
029c
054c
07dd
0a59
0cae
0ee7
1111
131b
14f6
1697
17f5
1909
19eb
1a96
1b09
1b27
1af6
1a98
19f6
191a
17f1
168b
14f6
1342
1147
0f18
0ccb
0a73
07ed
054e
0292
ffd1
fd21
fa79
f7d3
f543
f2de
f097
ee7f
ec88
eabf
e930
e7e3
e6c3
e5d7
e522
e4c2
e4b5
e4d9
e52c
e5c2
e6b0
e7e9
e95f
eb01
ecc0
eea9
f0c5
f31b
f596
f820
faa4
fd29
ffd5
028e
053e
07d0
0a4d
0ca2
0edd
1109
1314
14f1
1693
17f1
1905
19e5
1a90
1b03
1b21
1aef
1a91
19ef
1913
17eb
1685
14f1
133d
1141
0f12
0cc5
0a6c
07e6
0547
028c
ffcc
fd1c
fa76
f7d2
f544
f2e0
f09b
ee84
ec8e
eac6
e938
e7eb
e6cb
e5de
e528
e4c8
e4bb
e4e0
e533
e5cb
e6ba
e7f3
e968
eb09
ecc7
eead
f0c7
f31d
f597
f820
faa3
fd28
ffd2
028b
053a
07cc
0a4a
0ca1
0edc
1108
1313
14f0
1692
17f0
1904
19e5
1a8f
1b02
1b20
1aef
1a90
19ee
1912
17ea
1685
14f2
133f
1145
0f18
0ccc
0a76
07f2
0556
029d
ffdd
fd2e
fa87
f7e1
f552
f2ec
f0a3
ee89
ec8f
eac4
e932
e7e3
e6c2
e5d4
e51d
e4bc
e4ae
e4d2
e526
e5be
e6ae
e7e9
e961
eb05
ecc6
eeb0
f0cc
f324
f5a0
f82a
faad
fd31
ffda
0291
053f
07cf
0a4a
0c9e
0ed7
1100
1309
14e4
1686
17e5
18f9
19db
1a86
1afa
1b1a
1aeb
1a8e
19ee
1913
17ed
1689
14f6
1344
114a
0f1d
0cd1
0a7a
07f5
0556
029a
ffd8
fd27
fa7f
f7d8
f548
f2e1
f09a
ee81
ec89
eac0
e930
e7e2
e6c2
e5d5
e51f
e4be
e4b1
e4d6
e529
e5c1
e6b1
e7ec
e963
eb07
ecc8
eeb2
f0cf
f326
f5a3
f82e
fab2
fd37
ffe3
029c
054c
07dd
0a59
0cae
0ee7
1111
131b
14f6
1697
17f5
1909
19eb
1a96
1b09
1b27
1af6
1a98
19f6
191a
17f1
168b
14f6
1342
1147
0f18
0ccb
0a73
07ed
054e
0292
ffd1
fd21
fa79
f7d3
f543
f2de
f097
ee7f
ec88
eabf
e930
e7e3
e6c3
e5d7
e522
e4c2
e4b5
e4d9
e52c
e5c2
e6b0
e7e9
e95f
eb01
ecc0
eea9
f0c5
f31b
f596
f820
faa4
fd29
ffd5
028e
053e
07d0
0a4d
0ca2
0edd
1109
1314
14f1
1693
17f1
1905
19e5
1a90
1b03
1b21
1aef
1a91
19ef
1913
17eb
1685
14f1
133d
1141
0f12
0cc5
0a6c
07e6
0547
028c
ffcc
fd1c
fa76
f7d2
f544
f2e0
f09b
ee84
ec8e
eac6
e938
e7eb
e6cb
e5de
e528
e4c8
e4bb
e4e0
e533
e5cb
e6ba
e7f3
e968
eb09
ecc7
eead
f0c7
f31d
f597
f820
faa3
fd28
ffd2
028b
053a
07cc
0a4a
0ca1
0edc
1108
1313
14f0
1692
17f0
1904
19e5
1a8f
1b02
1b20
1aef
1a90
19ee
1912
17ea
1685
14f2
133f
1145
0f18
0ccc
0a76
07f2
0556
029d
ffdd
fd2e
fa87
f7e1
f552
f2ec
f0a3
ee89
ec8f
eac4
e932
e7e3
e6c2
e5d4
e51d
e4bc
e4ae
e4d2
e526
e5be
e6ae
e7e9
e961
eb05
ecc6
eeb0
f0cc
f324
f5a0
f82a
faad
fd31
ffda
0291
053f
07cf
0a4a
0c9e
0ed7
1100
1309
14e4
1686
17e5
18f9
19db
1a86
1afa
1b1a
1aeb
1a8e
19ee
1913
17ed
1689
14f6
1344
114a
0f1d
0cd1
0a7a
07f5
0556
029a
ffd8
fd27
fa7f
f7d8
f548
f2e1
f09a
ee81
ec89
eac0
e930
e7e2
e6c2
e5d5
e51f
e4be
e4b1
e4d6
e529
e5c1
e6b1
e7ec
e963
eb07
ecc8
eeb2
f0cf
f326
f5a3
f82e
fab2
fd37
ffe3
029c
054c
07dd
0a59
0cae
0ee7
1111
131b
14f6
1697
17f5
1909
19eb
1a96
1b09
1b27
1af6
1a98
19f6
191a
17f1
168b
14f6
1342
1147
0f18
0ccb
0a73
07ed
054e
0292
ffd1
fd21
fa79
f7d3
f543
f2de
f097
ee7f
ec88
eabf
e930
e7e3
e6c3
e5d7
e522
e4c2
e4b5
e4d9
e52c
e5c2
e6b0
e7e9
e95f
eb01
ecc0
eea9
f0c5
f31b
f596
f820
faa4
fd29
ffd5
028e
053e
07d0
0a4d
0ca2
0edd
1109
1314
14f1
1693
17f1
1905
19e5
1a90
1b03
1b21
1aef
1a91
19ef
1913
17eb
1685
14f1
133d
1141
0f12
0cc5
0a6c
07e6
0547
028c
ffcc
fd1c
fa76
f7d2
f544
f2e0
f09b
ee84
ec8e
eac6
e938
e7eb
e6cb
e5de
e528
e4c8
e4bb
e4e0
e533
e5cb
e6ba
e7f3
e968
eb09
ecc7
eead
f0c7
f31d
f597
f820
faa3
fd28
ffd2
028b
053a
07cc
0a4a
0ca1
0edc
1108
1313
14f0
1692
17f0
1904
19e5
1a8f
1b02
1b20
1aef
1a90
19ee
1912
17ea
1685
14f2
133f
1145
0f18
0ccc
0a76
07f2
0556
029d
ffdd
fd2e
fa87
f7e1
f552
f2ec
f0a3
ee89
ec8f
eac4
e932
e7e3
e6c2
e5d4
e51d
e4bc
e4ae
e4d2
e526
e5be
e6ae
e7e9
e961
eb05
ecc6
eeb0
f0cc
f324
f5a0
f82a
faad
fd31
ffda
0291
053f
07cf
0a4a
0c9e
0ed7
1100
1309
14e4
1686
17e5
18f9
19db
1a86
1afa
1b1a
1aeb
1a8e
19ee
1913
17ed
1689
14f6
1344
114a
0f1d
0cd1
0a7a
07f5
0556
029a
ffd8
fd27
fa7f
f7d8
f548
f2e1
f09a
ee81
ec89
eac0
e930
e7e2
e6c2
e5d5
e51f
e4be
e4b1
e4d6
e529
e5c1
e6b1
e7ec
e963
eb07
ecc8
eeb2
f0cf
f326
f5a3
f82e
fab2
fd37
ffe3
029c
054c
07dd
0a59
0cae
0ee7
1111
131b
14f6
1697
17f5
1909
19eb
1a96
1b09
1b27
1af6
1a98
19f6
191a
17f1
168b
14f6
1342
1147
0f18
0ccb
0a73
07ed
054e
0292
ffd1
fd21
fa79
f7d3
f543
f2de
f097
ee7f
ec88
eabf
e930
e7e3
e6c3
e5d7
e522
e4c2
e4b5
e4d9
e52c
e5c2
e6b0
e7e9
e95f
eb01
ecc0
eea9
f0c5
f31b
f596
f820
faa4
fd29
ffd5
028e
053e
07d0
0a4d
0ca2
0edd
1109
1314
14f1
1693
17f1
1905
19e5
1a90
1b03
1b21
1aef
1a91
19ef
1913
17eb
1685
14f1
133d
1141
0f12
0cc5
0a6c
07e6
0547
028c
ffcc
fd1c
fa76
f7d2
f544
f2e0
f09b
ee84
ec8e
eac6
e938
e7eb
e6cb
e5de
e528
e4c8
e4bb
e4e0
e533
e5cb
e6ba
e7f3
e968
eb09
ecc7
eead
f0c7
f31d
f597
f820
faa3
fd28
ffd2
028b
053a
07cc
0a4a
0ca1
0edc
1108
1313
14f0
1692
17f0
1904
19e5
1a8f
1b02
1b20
1aef
1a90
19ee
1912
17ea
1685
14f2
133f
1145
0f18
0ccc
0a76
07f2
0556
029d
ffdd
fd2e
fa87
f7e1
f552
f2ec
f0a3
ee89
ec8f
eac4
e932
e7e3
e6c2
e5d4
e51d
e4bc
e4ae
e4d2
e526
e5be
e6ae
e7e9
e961
eb05
ecc6
eeb0
f0cc
f324
f5a0
f82a
faad
fd31
ffda
0291
053f
07cf
0a4a
0c9e
0ed7
1100
1309
14e4
1686
17e5
18f9
19db
1a86
1afa
1b1a
1aeb
1a8e
19ee
1913
17ed
1689
14f6
1344
114a
0f1d
0cd1
0a7a
07f5
0556
029a
ffd8
fd27
fa7f
f7d8
f548
f2e1
f09a
ee81
ec89
eac0
e930
e7e2
e6c2
e5d5
e51f
e4be
e4b1
e4d6
e529
e5c1
e6b1
e7ec
e963
eb07
ecc8
eeb2
f0cf
f326
f5a3
f82e
fab2
fd37
ffe3
029c
054c
07dd
0a59
0cae
0ee7
1111
131b
14f6
1697
17f5
1909
19eb
1a96
1b09
1b27
1af6
1a98
19f6
191a
17f1
168b
14f6
1342
1147
0f18
0ccb
0a73
07ed
054e
0292
ffd1
fd21
fa79
f7d3
f543
f2de
f097
ee7f
ec88
eabf
e930
e7e3
e6c3
e5d7
e522
e4c2
e4b5
e4d9
e52c
e5c2
e6b0
e7e9
e95f
eb01
ecc0
eea9
f0c5
f31b
f596
f820
faa4
fd29
ffd5
028e
053e
07d0
0a4d
0ca2
0edd
1109
1314
14f1
1693
17f1
1905
19e5
1a90
1b03
1b21
1aef
1a91
19ef
1913
17eb
1685
14f1
133d
1141
0f12
0cc5
0a6c
07e6
0547
028c
ffcc
fd1c
fa76
f7d2
f544
f2e0
f09b
ee84
ec8e
eac6
e938
e7eb
e6cb
e5de
e528
e4c8
e4bb
e4e0
e533
e5cb
e6ba
e7f3
e968
eb09
ecc7
eead
f0c7
f31d
f597
f820
faa3
fd28
ffd2
028b
053a
07cc
0a4a
0ca1
0edc
1108
1313
14f0
1692
17f0
1904
19e5
1a8f
1b02
1b20
1aef
1a90
19ee
1912
17ea
1685
14f2
133f
1145
0f18
0ccc
0a76
07f2
0556
029d
ffdd
fd2e
fa87
f7e1
f552
f2ec
f0a3
ee89
ec8f
eac4
e932
e7e3
e6c2
e5d4
e51d
e4bc
e4ae
e4d2
e526
e5be
e6ae
e7e9
e961
eb05
ecc6
eeb0
f0cc
f324
f5a0
f82a
faad
fd31
ffda
0291
053f
07cf
0a4a
0c9e
0ed7
1100
1309
14e4
1686
17e5
18f9
19db
1a86
1afa
1b1a
1aeb
1a8e
19ee
1913
17ed
1689
14f6
1344
114a
0f1d
0cd1
0a7a
07f5
0556
029a
ffd8
fd27
fa7f
f7d8
f548
f2e1
f09a
ee81
ec89
eac0
e930
e7e2
e6c2
e5d5
e51f
e4be
e4b1
e4d6
e529
e5c1
e6b1
e7ec
e963
eb07
ecc8
eeb2
f0cf
f326
f5a3
f82e
fab2
fd37
ffe3
029c
054c
07dd
0a59
0cae
0ee7
1111
131b
14f6
1697
17f5
1909
19eb
1a96
1b09
1b27
1af6
1a98
19f6
191a
17f1
168b
14f6
1342
1147
0f18
0ccb
0a73
07ed
054e
0292
ffd1
fd21
fa79
f7d3
f543
f2de
f097
ee7f
ec88
eabf
e930
e7e3
e6c3
e5d7
e522
e4c2
e4b5
e4d9
e52c
e5c2
e6b0
e7e9
e95f
eb01
ecc0
eea9
f0c5
f31b
f596
f820
faa4
fd29
ffd5
028e
053e
07d0
0a4d
0ca2
0edd
1109
1314
14f1
1693
17f1
1905
19e5
1a90
1b03
1b21
1aef
1a91
19ef
1913
17eb
1685
14f1
133d
1141
0f12
0cc5
0a6c
07e6
0547
028c
ffcc
fd1c
fa76
f7d2
f544
f2e0
f09b
ee84
ec8e
eac6
e938
e7eb
e6cb
e5de
e528
e4c8
e4bb
e4e0
e533
e5cb
e6ba
e7f3
e968
eb09
ecc7
eead
f0c7
f31d
f597
f820
faa3
fd28
ffd2
028b
053a
07cc
0a4a
0ca1
0edc
1108
1313
14f0
1692
17f0
1904
19e5
1a8f
1b02
1b20
1aef
1a90
19ee
1912
17ea
1685
14f2
133f
1145
0f18
0ccc
0a76
07f2
0556
029d
ffdd
fd2e
fa87
f7e1
f552
f2ec
f0a3
ee89
ec8f
eac4
e932
e7e3
e6c2
e5d4
e51d
e4bc
e4ae
e4d2
e526
e5be
e6ae
e7e9
e961
eb05
ecc6
eeb0
f0cc
f324
f5a0
f82a
faad
fd31
ffda
0291
053f
07cf
0a4a
0c9e
0ed7
1100
1309
14e4
1686
17e5
18f9
19db
1a86
1afa
1b1a
1aeb
1a8e
19ee
1913
17ed
1689
14f6
1344
114a
0f1d
0cd1
0a7a
07f5
0556
029a
ffd8
fd27
fa7f
f7d8
f548
f2e1
f09a
ee81
ec89
eac0
e930
e7e2
e6c2
e5d5
e51f
e4be
e4b1
e4d6
e529
e5c1
e6b1
e7ec
e963
eb07
ecc8
eeb2
f0cf
f326
f5a3
f82e
fab2
fd37
ffe3
029c
054c
07dd
0a59
0cae
0ee7
1111
131b
14f6
1697
17f5
1909
19eb
1a96
1b09
1b27
1af6
1a98
19f6
191a
17f1
168b
14f6
1342
1147
0f18
0ccb
0a73
07ed
054e
0292
ffd1
fd21
fa79
f7d3
f543
f2de
f097
ee7f
ec88
eabf
e930
e7e3
e6c3
e5d7
e522
e4c2
e4b5
e4d9
e52c
e5c2
e6b0
e7e9
e95f
eb01
ecc0
eea9
f0c5
f31b
f596
f820
faa4
fd29
ffd5
028e
053e
07d0
0a4d
0ca2
0edd
1109
1314
14f1
1693
17f1
1905
19e5
1a90
1b03
1b21
1aef
1a91
19ef
1913
17eb
1685
14f1
133d
1141
0f12
0cc5
0a6c
07e6
0547
028c
ffcc
fd1c
fa76
f7d2
f544
f2e0
f09b
ee84
ec8e
eac6
e938
e7eb
e6cb
e5de
e528
e4c8
e4bb
e4e0
e533
e5cb
e6ba
e7f3
e968
eb09
ecc7
eead
f0c7
f31d
f597
f820
faa3
fd28
ffd2
028b
053a
07cc
0a4a
0ca1
0edc
1108
1313
14f0
1692
17f0
1904
19e5
1a8f
1b02
1b20
1aef
1a90
19ee
1912
17ea
1685
14f2
133f
1145
0f18
0ccc
0a76
07f2
0556
029d
ffdd
fd2e
fa87
f7e1
f552
f2ec
f0a3
ee89
ec8f
eac4
e932
e7e3
e6c2
e5d4
e51d
e4bc
e4ae
e4d2
e526
e5be
e6ae
e7e9
e961
eb05
ecc6
eeb0
f0cc
f324
f5a0
f82a
faad
fd31
ffda
0291
053f
07cf
0a4a
0c9e
0ed7
1100
1309
14e4
1686
17e5
18f9
19db
1a86
1afa
1b1a
1aeb
1a8e
19ee
1913
17ed
1689
14f6
1344
114a
0f1d
0cd1
0a7a
07f5
0556
029a
ffd8
fd27
fa7f
f7d8
f548
f2e1
f09a
ee81
ec89
eac0
e930
e7e2
e6c2
e5d5
e51f
e4be
e4b1
e4d6
e529
e5c1
e6b1
e7ec
e963
eb07
ecc8
eeb2
f0cf
f326
f5a3
f82e
fab2
fd37
ffe3
029c
054c
07dd
0a59
0cae
0ee7
1111
131b
14f6
1697
17f5
1909
19eb
1a96
1b09
1b27
1af6
1a98
19f6
191a
17f1
168b
14f6
1342
1147
0f18
0ccb
0a73
07ed
054e
0292
ffd1
fd21
fa79
f7d3
f543
f2de
f097
ee7f
ec88
eabf
e930
e7e3
e6c3
e5d7
e522
e4c2
e4b5
e4d9
e52c
e5c2
e6b0
e7e9
e95f
eb01
ecc0
eea9
f0c5
f31b
f596
f820
faa4
fd29
ffd5
028e
053e
07d0
0a4d
0ca2
0edd
1109
1314
14f1
1693
17f1
1905
19e5
1a90
1b03
1b21
1aef
1a91
19ef
1913
17eb
1685
14f1
133d
1141
0f12
0cc5
0a6c
07e6
0547
028c
ffcc
fd1c
fa76
f7d2
f544
f2e0
f09b
ee84
ec8e
eac6
e938
e7eb
e6cb
e5de
e528
e4c8
e4bb
e4e0
e533
e5cb
e6ba
e7f3
e968
eb09
ecc7
eead
f0c7
f31d
f597
f820
faa3
fd28
ffd2
028b
053a
07cc
0a4a
0ca1
0edc
1108
1313
14f0
1692
17f0
1904
19e5
1a8f
1b02
1b20
1aef
1a90
19ee
1912
17ea
1685
14f2
133f
1145
0f18
0ccc
0a76
07f2
0556
029d
ffdd
fd2e
fa87
f7e1
f552
f2ec
f0a3
ee89
ec8f
eac4
e932
e7e3
e6c2
e5d4
e51d
e4bc
e4ae
e4d2
e526
e5be
e6ae
e7e9
e961
eb05
ecc6
eeb0
f0cc
f324
f5a0
f82a
faad
fd31
ffda
0291
053f
07cf
0a4a
0c9e
0ed7
1100
1309
14e4
1686
17e5
18f9
19db
1a86
1afa
1b1a
1aeb
1a8e
19ee
1913
17ed
1689
14f6
1344
114a
0f1d
0cd1
0a7a
07f5
0556
029a
ffd8
fd27
fa7f
f7d8
f548
f2e1
f09a
ee81
ec89
eac0
e930
e7e2
e6c2
e5d5
e51f
e4be
e4b1
e4d6
e529
e5c1
e6b1
e7ec
e963
eb07
ecc8
eeb2
f0cf
f326
f5a3
f82e
fab2
fd37
ffe3
029c
054c
07dd
0a59
0cae
0ee7
1111
131b
14f6
1697
17f5
1909
19eb
1a96
1b09
1b27
1af6
1a98
19f6
191a
17f1
168b
14f6
1342
1147
0f18
0ccb
0a73
07ed
054e
0292
ffd1
fd21
fa79
f7d3
f543
f2de
f097
ee7f
ec88
eabf
e930
e7e3
e6c3
e5d7
e522
e4c2
e4b5
e4d9
e52c
e5c2
e6b0
e7e9
e95f
eb01
ecc0
eea9
f0c5
f31b
f596
f820
faa4
fd29
ffd5
028e
053e
07d0
0a4d
0ca2
0edd
1109
1314
14f1
1693
17f1
1905
19e5
1a90
1b03
1b21
1aef
1a91
19ef
1913
17eb
1685
14f1
133d
1141
0f12
0cc5
0a6c
07e6
0547
028c
ffcc
fd1c
fa76
f7d2
f544
f2e0
f09b
ee84
ec8e
eac6
e938
e7eb
e6cb
e5de
e528
e4c8
e4bb
e4e0
e533
e5cb
e6ba
e7f3
e968
eb09
ecc7
eead
f0c7
f31d
f597
f820
faa3
fd28
ffd2
028b
053a
07cc
0a4a
0ca1
0edc
1108
1313
14f0
1692
17f0
1904
19e5
1a8f
1b02
1b20
1aef
1a90
19ee
1912
17ea
1685
14f2
133f
1145
0f18
0ccc
0a76
07f2
0556
029d
ffdd
fd2e
fa87
f7e1
f552
f2ec
f0a3
ee89
ec8f
eac4
e932
e7e3
e6c2
e5d4
e51d
e4bc
e4ae
e4d2
e526
e5be
e6ae
e7e9
e961
eb05
ecc6
eeb0
f0cc
f324
f5a0
f82a
faad
fd31
ffda
0291
053f
07cf
0a4a
0c9e
0ed7
1100
1309
14e4
1686
17e5
18f9
19db
1a86
1afa
1b1a
1aeb
1a8e
19ee
1913
17ed
1689
14f6
1344
114a
0f1d
0cd1
0a7a
07f5
0556
029a
ffd8
fd27
fa7f
f7d8
f548
f2e1
f09a
ee81
ec89
eac0
e930
e7e2
e6c2
e5d5
e51f
e4be
e4b1
e4d6
e529
e5c1
e6b1
e7ec
e963
eb07
ecc8
eeb2
f0cf
f326
f5a3
f82e
fab2
fd37
ffe3
029c
054c
07dd
0a59
0cae
0ee7
1111
131b
14f6
1697
17f5
1909
19eb
1a96
1b09
1b27
1af6
1a98
19f6
191a
17f1
168b
14f6
1342
1147
0f18
0ccb
0a73
07ed
054e
0292
ffd1
fd21
fa79
f7d3
f543
f2de
f097
ee7f
ec88
eabf
e930
e7e3
e6c3
e5d7
e522
e4c2
e4b5
e4d9
e52c
e5c2
e6b0
e7e9
e95f
eb01
ecc0
eea9
f0c5
f31b
f596
f820
faa4
fd29
ffd5
028e
053e
07d0
0a4d
0ca2
0edd
1109
1314
14f1
1693
17f1
1905
19e5
1a90
1b03
1b21
1aef
1a91
19ef
1913
17eb
1685
14f1
133d
1141
0f12
0cc5
0a6c
07e6
0547
028c
ffcc
fd1c
fa76
f7d2
f544
f2e0
f09b
ee84
ec8e
eac6
e938
e7eb
e6cb
e5de
e528
e4c8
e4bb
e4e0
e533
e5cb
e6ba
e7f3
e968
eb09
ecc7
eead
f0c7
f31d
f597
f820
faa3
fd28
ffd2
028b
053a
07cc
0a4a
0ca1
0edc
1108
1313
14f0
1692
17f0
1904
19e5
1a8f
1b02
1b20
1aef
1a90
19ee
1912
17ea
1685
14f2
133f
1145
0f18
0ccc
0a76
07f2
0556
029d
ffdd
fd2e
fa87
f7e1
f552
f2ec
f0a3
ee89
ec8f
eac4
e932
e7e3
e6c2
e5d4
e51d
e4bc
e4ae
e4d2
e526
e5be
e6ae
e7e9
e961
eb05
ecc6
eeb0
f0cc
f324
f5a0
f82a
faad
fd31
ffda
0291
053f
07cf
0a4a
0c9e
0ed7
1100
1309
14e4
1686
17e5
18f9
19db
1a86
1afa
1b1a
1aeb
1a8e
19ee
1913
17ed
1689
14f6
1344
114a
0f1d
0cd1
0a7a
07f5
0556
029a
ffd8
fd27
fa7f
f7d8
f548
f2e1
f09a
ee81
ec89
eac0
e930
e7e2
e6c2
e5d5
e51f
e4be
e4b1
e4d6
e529
e5c1
e6b1
e7ec
e963
eb07
ecc8
eeb2
f0cf
f326
f5a3
f82e
fab2
fd37
ffe3
029c
054c
07dd
0a59
0cae
0ee7
1111
131b
14f6
1697
17f5
1909
19eb
1a96
1b09
1b27
1af6
1a98
19f6
191a
17f1
168b
14f6
1342
1147
0f18
0ccb
0a73
07ed
054e
0292
ffd1
fd21
fa79
f7d3
f543
f2de
f097
ee7f
ec88
eabf
e930
e7e3
e6c3
e5d7
e522
e4c2
e4b5
e4d9
e52c
e5c2
e6b0
e7e9
e95f
eb01
ecc0
eea9
f0c5
f31b
f596
f820
faa4
fd29
ffd5
028e
053e
07d0
0a4d
0ca2
0edd
1109
1314
14f1
1693
17f1
1905
19e5
1a90
1b03
1b21
1aef
1a91
19ef
1913
17eb
1685
14f1
133d
1141
0f12
0cc5
0a6c
07e6
0547
028c
ffcc
fd1c
fa76
f7d2
f544
f2e0
f09b
ee84
ec8e
eac6
e938
e7eb
e6cb
e5de
e528
e4c8
e4bb
e4e0
e533
e5cb
e6ba
e7f3
e968
eb09
ecc7
eead
f0c7
f31d
f597
f820
faa3
fd28
ffd2
028b
053a
07cc
0a4a
0ca1
0edc
1108
1313
14f0
1692
17f0
1904
19e5
1a8f
1b02
1b20
1aef
1a90
19ee
1912
17ea
1685
14f2
133f
1145
0f18
0ccc
0a76
07f2
0556
029d
ffdd
fd2e
fa87
f7e1
f552
f2ec
f0a3
ee89
ec8f
eac4
e932
e7e3
e6c2
e5d4
e51d
e4bc
e4ae
e4d2
e526
e5be
e6ae
e7e9
e961
eb05
ecc6
eeb0
f0cc
f324
f5a0
f82a
faad
fd31
ffda
0291
053f
07cf
0a4a
0c9e
0ed7
1100
1309
14e4
1686
17e5
18f9
19db
1a86
1afa
1b1a
1aeb
1a8e
19ee
1913
17ed
1689
14f6
1344
114a
0f1d
0cd1
0a7a
07f5
0556
029a
ffd8
fd27
fa7f
f7d8
f548
f2e1
f09a
ee81
ec89
eac0
e930
e7e2
e6c2
e5d5
e51f
e4be
e4b1
e4d6
e529
e5c1
e6b1
e7ec
e963
eb07
ecc8
eeb2
f0cf
f326
f5a3
f82e
fab2
fd37
ffe3
029c
054c
07dd
0a59
0cae
0ee7
1111
131b
14f6
1697
17f5
1909
19eb
1a96
1b09
1b27
1af6
1a98
19f6
191a
17f1
168b
14f6
1342
1147
0f18
0ccb
0a73
07ed
054e
0292
ffd1
fd21
fa79
f7d3
f543
f2de
f097
ee7f
ec88
eabf
e930
e7e3
e6c3
e5d7
e522
e4c2
e4b5
e4d9
e52c
e5c2
e6b0
e7e9
e95f
eb01
ecc0
eea9
f0c5
f31b
f596
f820
faa4
fd29
ffd5
028e
053e
07d0
0a4d
0ca2
0edd
1109
1314
14f1
1693
17f1
1905
19e5
1a90
1b03
1b21
1aef
1a91
19ef
1913
17eb
1685
14f1
133d
1141
0f12
0cc5
0a6c
07e6
0547
028c
ffcc
fd1c
fa76
f7d2
f544
f2e0
f09b
ee84
ec8e
eac6
e938
e7eb
e6cb
e5de
e528
e4c8
e4bb
e4e0
e533
e5cb
e6ba
e7f3
e968
eb09
ecc7
eead
f0c7
f31d
f597
f820
faa3
fd28
ffd2
028b
053a
07cc
0a4a
0ca1
0edc
1108
1313
14f0
1692
17f0
1904
19e5
1a8f
1b02
1b20
1aef
1a90
19ee
1912
17ea
1685
14f2
133f
1145
0f18
0ccc
0a76
07f2
0556
029d
ffdd
fd2e
fa87
f7e1
f552
f2ec
f0a3
ee89
ec8f
eac4
e932
e7e3
e6c2
e5d4
e51d
e4bc
e4ae
e4d2
e526
e5be
e6ae
e7e9
e961
eb05
ecc6
eeb0
f0cc
f324
f5a0
f82a
faad
fd31
ffda
0291
053f
07cf
0a4a
0c9e
0ed7
1100
1309
14e4
1686
17e5
18f9
19db
1a86
1afa
1b1a
1aeb
1a8e
19ee
1913
17ed
1689
14f6
1344
114a
0f1d
0cd1
0a7a
07f5
0556
029a
ffd8
fd27
fa7f
f7d8
f548
f2e1
f09a
ee81
ec89
eac0
e930
e7e2
e6c2
e5d5
e51f
e4be
e4b1
e4d6
e529
e5c1
e6b1
e7ec
e963
eb07
ecc8
eeb2
f0cf
f326
f5a3
f82e
fab2
fd37
ffe3
029c
054c
07dd
0a59
0cae
0ee7
1111
131b
14f6
1697
17f5
1909
19eb
1a96
1b09
1b27
1af6
1a98
19f6
191a
17f1
168b
14f6
1342
1147
0f18
0ccb
0a73
07ed
054e
0292
ffd1
fd21
fa79
f7d3
f543
f2de
f097
ee7f
ec88
eabf
e930
e7e3
e6c3
e5d7
e522
e4c2
e4b5
e4d9
e52c
e5c2
e6b0
e7e9
e95f
eb01
ecc0
eea9
f0c5
f31b
f596
f820
faa4
fd29
ffd5
028e
053e
07d0
0a4d
0ca2
0edd
1109
1314
14f1
1693
17f1
1905
19e5
1a90
1b03
1b21
1aef
1a91
19ef
1913
17eb
1685
14f1
133d
1141
0f12
0cc5
0a6c
07e6
0547
028c
ffcc
fd1c
fa76
f7d2
f544
f2e0
f09b
ee84
ec8e
eac6
e938
e7eb
e6cb
e5de
e528
e4c8
e4bb
e4e0
e533
e5cb
e6ba
e7f3
e968
eb09
ecc7
eead
f0c7
f31d
f597
f820
faa3
fd28
ffd2
028b
053a
07cc
0a4a
0ca1
0edc
1108
1313
14f0
1692
17f0
1904
19e5
1a8f
1b02
1b20
1aef
1a90
19ee
1912
17ea
1685
14f2
133f
1145
0f18
0ccc
0a76
07f2
0556
029d
ffdd
fd2e
fa87
f7e1
f552
f2ec
f0a3
ee89
ec8f
eac4
e932
e7e3
e6c2
e5d4
e51d
e4bc
e4ae
e4d2
e526
e5be
e6ae
e7e9
e961
eb05
ecc6
eeb0
f0cc
f324
f5a0
f82a
faad
fd31
ffda
0291
053f
07cf
0a4a
0c9e
0ed7
1100
1309
14e4
1686
17e5
18f9
19db
1a86
1afa
1b1a
1aeb
1a8e
19ee
1913
17ed
1689
14f6
1344
114a
0f1d
0cd1
0a7a
07f5
0556
029a
ffd8
fd27
fa7f
f7d8
f548
f2e1
f09a
ee81
ec89
eac0
e930
e7e2
e6c2
e5d5
e51f
e4be
e4b1
e4d6
e529
e5c1
e6b1
e7ec
e963
eb07
ecc8
eeb2
f0cf
f326
f5a3
f82e
fab2
fd37
ffe3
029c
054c
07dd
0a59
0cae
0ee7
1111
131b
14f6
1697
17f5
1909
19eb
1a96
1b09
1b27
1af6
1a98
19f6
191a
17f1
168b
14f6
1342
1147
0f18
0ccb
0a73
07ed
054e
0292
ffd1
fd21
fa79
f7d3
f543
f2de
f097
ee7f
ec88
eabf
e930
e7e3
e6c3
e5d7
e522
e4c2
e4b5
e4d9
e52c
e5c2
e6b0
e7e9
e95f
eb01
ecc0
eea9
f0c5
f31b
f596
f820
faa4
fd29
ffd5
028e
053e
07d0
0a4d
0ca2
0edd
1109
1314
14f1
1693
17f1
1905
19e5
1a90
1b03
1b21
1aef
1a91
19ef
1913
17eb
1685
14f1
133d
1141
0f12
0cc5
0a6c
07e6
0547
028c
ffcc
fd1c
fa76
f7d2
f544
f2e0
f09b
ee84
ec8e
eac6
e938
e7eb
e6cb
e5de
e528
e4c8
e4bb
e4e0
e533
e5cb
e6ba
e7f3
e968
eb09
ecc7
eead
f0c7
f31d
f597
f820
faa3
fd28
ffd2
028b
053a
07cc
0a4a
0ca1
0edc
1108
1313
14f0
1692
17f0
1904
19e5
1a8f
1b02
1b20
1aef
1a90
19ee
1912
17ea
1685
14f2
133f
1145
0f18
0ccc
0a76
07f2
0556
029d
ffdd
fd2e
fa87
f7e1
f552
f2ec
f0a3
ee89
ec8f
eac4
e932
e7e3
e6c2
e5d4
e51d
e4bc
e4ae
e4d2
e526
e5be
e6ae
e7e9
e961
eb05
ecc6
eeb0
f0cc
f324
f5a0
f82a
faad
fd31
ffda
0291
053f
07cf
0a4a
0c9e
0ed7
1100
1309
14e4
1686
17e5
18f9
19db
1a86
1afa
1b1a
1aeb
1a8e
19ee
1913
17ed
1689
14f6
1344
114a
0f1d
0cd1
0a7a
07f5
0556
029a
ffd8
fd27
fa7f
f7d8
f548
f2e1
f09a
ee81
ec89
eac0
e930
e7e2
e6c2
e5d5
e51f
e4be
e4b1
e4d6
e529
e5c1
e6b1
e7ec
e963
eb07
ecc8
eeb2
f0cf
f326
f5a3
f82e
fab2
fd37
ffe3
029c
054c
07dd
0a59
0cae
0ee7
1111
131b
14f6
1697
17f5
1909
19eb
1a96
1b09
1b27
1af6
1a98
19f6
191a
17f1
168b
14f6
1342
1147
0f18
0ccb
0a73
07ed
054e
0292
ffd1
fd21
fa79
f7d3
f543
f2de
f097
ee7f
ec88
eabf
e930
e7e3
e6c3
e5d7
e522
e4c2
e4b5
e4d9
e52c
e5c2
e6b0
e7e9
e95f
eb01
ecc0
eea9
f0c5
f31b
f596
f820
faa4
fd29
ffd5
028e
053e
07d0
0a4d
0ca2
0edd
1109
1314
14f1
1693
17f1
1905
19e5
1a90
1b03
1b21
1aef
1a91
19ef
1913
17eb
1685
14f1
133d
1141
0f12
0cc5
0a6c
07e6
0547
028c
ffcc
fd1c
fa76
f7d2
f544
f2e0
f09b
ee84
ec8e
eac6
e938
e7eb
e6cb
e5de
e528
e4c8
e4bb
e4e0
e533
e5cb
e6ba
e7f3
e968
eb09
ecc7
eead
f0c7
f31d
f597
f820
faa3
fd28
ffd2
028b
053a
07cc
0a4a
0ca1
0edc
1108
1313
14f0
1692
17f0
1904
19e5
1a8f
1b02
1b20
1aef
1a90
19ee
1912
17ea
1685
14f2
133f
1145
0f18
0ccc
0a76
07f2
0556
029d
ffdd
fd2e
fa87
f7e1
f552
f2ec
f0a3
ee89
ec8f
eac4
e932
e7e3
e6c2
e5d4
e51d
e4bc
e4ae
e4d2
e526
e5be
e6ae
e7e9
e961
eb05
ecc6
eeb0
f0cc
f324
f5a0
f82a
faad
fd31
ffda
0291
053f
07cf
0a4a
0c9e
0ed7
1100
1309
14e4
1686
17e5
18f9
19db
1a86
1afa
1b1a
1aeb
1a8e
19ee
1913
17ed
1689
14f6
1344
114a
0f1d
0cd1
0a7a
07f5
0556
029a
ffd8
fd27
fa7f
f7d8
f548
f2e1
f09a
ee81
ec89
eac0
e930
e7e2
e6c2
e5d5
e51f
e4be
e4b1
e4d6
e529
e5c1
e6b1
e7ec
e963
eb07
ecc8
eeb2
f0cf
f326
f5a3
f82e
fab2
fd37
ffe3
029c
054c
07dd
0a59
0cae
0ee7
1111
131b
14f6
1697
17f5
1909
19eb
1a96
1b09
1b27
1af6
1a98
19f6
191a
17f1
168b
14f6
1342
1147
0f18
0ccb
0a73
07ed
054e
0292
ffd1
fd21
fa79
f7d3
f543
f2de
f097
ee7f
ec88
eabf
e930
e7e3
e6c3
e5d7
e522
e4c2
e4b5
e4d9
e52c
e5c2
e6b0
e7e9
e95f
eb01
ecc0
eea9
f0c5
f31b
f596
f820
faa4
fd29
ffd5
028e
053e
07d0
0a4d
0ca2
0edd
1109
1314
14f1
1693
17f1
1905
19e5
1a90
1b03
1b21
1aef
1a91
19ef
1913
17eb
1685
14f1
133d
1141
0f12
0cc5
0a6c
07e6
0547
028c
ffcc
fd1c
fa76
f7d2
f544
f2e0
f09b
ee84
ec8e
eac6
e938
e7eb
e6cb
e5de
e528
e4c8
e4bb
e4e0
e533
e5cb
e6ba
e7f3
e968
eb09
ecc7
eead
f0c7
f31d
f597
f820
faa3
fd28
ffd2
028b
053a
07cc
0a4a
0ca1
0edc
1108
1313
14f0
1692
17f0
1904
19e5
1a8f
1b02
1b20
1aef
1a90
19ee
1912
17ea
1685
14f2
133f
1145
0f18
0ccc
0a76
07f2
0556
029d
ffdd
fd2e
fa87
f7e1
f552
f2ec
f0a3
ee89
ec8f
eac4
e932
e7e3
e6c2
e5d4
e51d
e4bc
e4ae
e4d2
e526
e5be
e6ae
e7e9
e961
eb05
ecc6
eeb0
f0cc
f324
f5a0
f82a
faad
fd31
ffda
0291
053f
07cf
0a4a
0c9e
0ed7
1100
1309
14e4
1686
17e5
18f9
19db
1a86
1afa
1b1a
1aeb
1a8e
19ee
1913
17ed
1689
14f6
1344
114a
0f1d
0cd1
0a7a
07f5
0556
029a
ffd8
fd27
fa7f
f7d8
f548
f2e1
f09a
ee81
ec89
eac0
e930
e7e2
e6c2
e5d5
e51f
e4be
e4b1
e4d6
e529
e5c1
e6b1
e7ec
e963
eb07
ecc8
eeb2
f0cf
f326
f5a3
f82e
fab2
fd37
ffe3
029c
054c
07dd
0a59
0cae
0ee7
1111
131b
14f6
1697
17f5
1909
19eb
1a96
1b09
1b27
1af6
1a98
19f6
191a
17f1
168b
14f6
1342
1147
0f18
0ccb
0a73
07ed
054e
0292
ffd1
fd21
fa79
f7d3
f543
f2de
f097
ee7f
ec88
eabf
e930
e7e3
e6c3
e5d7
e522
e4c2
e4b5
e4d9
e52c
e5c2
e6b0
e7e9
e95f
eb01
ecc0
eea9
f0c5
f31b
f596
f820
faa4
fd29
ffd5
028e
053e
07d0
0a4d
0ca2
0edd
1109
1314
14f1
1693
17f1
1905
19e5
1a90
1b03
1b21
1aef
1a91
19ef
1913
17eb
1685
14f1
133d
1141
0f12
0cc5
0a6c
07e6
0547
028c
ffcc
fd1c
fa76
f7d2
f544
f2e0
f09b
ee84
ec8e
eac6
e938
e7eb
e6cb
e5de
e528
e4c8
e4bb
e4e0
e533
e5cb
e6ba
e7f3
e968
eb09
ecc7
eead
f0c7
f31d
f597
f820
faa3
fd28
ffd2
028b
053a
07cc
0a4a
0ca1
0edc
1108
1313
14f0
1692
17f0
1904
19e5
1a8f
1b02
1b20
1aef
1a90
19ee
1912
17ea
1685
14f2
133f
1145
0f18
0ccc
0a76
07f2
0556
029d
ffdd
fd2e
fa87
f7e1
f552
f2ec
f0a3
ee89
ec8f
eac4
e932
e7e3
e6c2
e5d4
e51d
e4bc
e4ae
e4d2
e526
e5be
e6ae
e7e9
e961
eb05
ecc6
eeb0
f0cc
f324
f5a0
f82a
faad
fd31
ffda
0291
053f
07cf
0a4a
0c9e
0ed7
1100
1309
14e4
1686
17e5
18f9
19db
1a86
1afa
1b1a
1aeb
1a8e
19ee
1913
17ed
1689
14f6
1344
114a
0f1d
0cd1
0a7a
07f5
0556
029a
ffd8
fd27
fa7f
f7d8
f548
f2e1
f09a
ee81
ec89
eac0
e930
e7e2
e6c2
e5d5
e51f
e4be
e4b1
e4d6
e529
e5c1
e6b1
e7ec
e963
eb07
ecc8
eeb2
f0cf
f326
f5a3
f82e
fab2
fd37
ffe3
029c
054c
07dd
0a59
0cae
0ee7
1111
131b
14f6
1697
17f5
1909
19eb
1a96
1b09
1b27
1af6
1a98
19f6
191a
17f1
168b
14f6
1342
1147
0f18
0ccb
0a73
07ed
054e
0292
ffd1
fd21
fa79
f7d3
f543
f2de
f097
ee7f
ec88
eabf
e930
e7e3
e6c3
e5d7
e522
e4c2
e4b5
e4d9
e52c
e5c2
e6b0
e7e9
e95f
eb01
ecc0
eea9
f0c5
f31b
f596
f820
faa4
fd29
ffd5
028e
053e
07d0
0a4d
0ca2
0edd
1109
1314
14f1
1693
17f1
1905
19e5
1a90
1b03
1b21
1aef
1a91
19ef
1913
17eb
1685
14f1
133d
1141
0f12
0cc5
0a6c
07e6
0547
028c
ffcc
fd1c
fa76
f7d2
f544
f2e0
f09b
ee84
ec8e
eac6
e938
e7eb
e6cb
e5de
e528
e4c8
e4bb
e4e0
e533
e5cb
e6ba
e7f3
e968
eb09
ecc7
eead
f0c7
f31d
f597
f820
faa3
fd28
ffd2
028b
053a
07cc
0a4a
0ca1
0edc
1108
1313
14f0
1692
17f0
1904
19e5
1a8f
1b02
1b20
1aef
1a90
19ee
1912
17ea
1685
14f2
133f
1145
0f18
0ccc
0a76
07f2
0556
029d
ffdd
fd2e
fa87
f7e1
f552
f2ec
f0a3
ee89
ec8f
eac4
e932
e7e3
e6c2
e5d4
e51d
e4bc
e4ae
e4d2
e526
e5be
e6ae
e7e9
e961
eb05
ecc6
eeb0
f0cc
f324
f5a0
f82a
faad
fd31
ffda
0291
053f
07cf
0a4a
0c9e
0ed7
1100
1309
14e4
1686
17e5
18f9
19db
1a86
1afa
1b1a
1aeb
1a8e
19ee
1913
17ed
1689
14f6
1344
114a
0f1d
0cd1
0a7a
07f5
0556
029a
ffd8
fd27
fa7f
f7d8
f548
f2e1
f09a
ee81
ec89
eac0
e930
e7e2
e6c2
e5d5
e51f
e4be
e4b1
e4d6
e529
e5c1
e6b1
e7ec
e963
eb07
ecc8
eeb2
f0cf
f326
f5a3
f82e
fab2
fd37
ffe3
029c
054c
07dd
0a59
0cae
0ee7
1111
131b
14f6
1697
17f5
1909
19eb
1a96
1b09
1b27
1af6
1a98
19f6
191a
17f1
168b
14f6
1342
1147
0f18
0ccb
0a73
07ed
054e
0292
ffd1
fd21
fa79
f7d3
f543
f2de
f097
ee7f
ec88
eabf
e930
e7e3
e6c3
e5d7
e522
e4c2
e4b5
e4d9
e52c
e5c2
e6b0
e7e9
e95f
eb01
ecc0
eea9
f0c5
f31b
f596
f820
faa4
fd29
ffd5
028e
053e
07d0
0a4d
0ca2
0edd
1109
1314
14f1
1693
17f1
1905
19e5
1a90
1b03
1b21
1aef
1a91
19ef
1913
17eb
1685
14f1
133d
1141
0f12
0cc5
0a6c
07e6
0547
028c
ffcc
fd1c
fa76
f7d2
f544
f2e0
f09b
ee84
ec8e
eac6
e938
e7eb
e6cb
e5de
e528
e4c8
e4bb
e4e0
e533
e5cb
e6ba
e7f3
e968
eb09
ecc7
eead
f0c7
f31d
f597
f820
faa3
fd28
ffd2
028b
053a
07cc
0a4a
0ca1
0edc
1108
1313
14f0
1692
17f0
1904
19e5
1a8f
1b02
1b20
1aef
1a90
19ee
1912
17ea
1685
14f2
133f
1145
0f18
0ccc
0a76
07f2
0556
029d
ffdd
fd2e
fa87
f7e1
f552
f2ec
f0a3
ee89
ec8f
eac4
e932
e7e3
e6c2
e5d4
e51d
e4bc
e4ae
e4d2
e526
e5be
e6ae
e7e9
e961
eb05
ecc6
eeb0
f0cc
f324
f5a0
f82a
faad
fd31
ffda
0291
053f
07cf
0a4a
0c9e
0ed7
1100
1309
14e4
1686
17e5
18f9
19db
1a86
1afa
1b1a
1aeb
1a8e
19ee
1913
17ed
1689
14f6
1344
114a
0f1d
0cd1
0a7a
07f5
0556
029a
ffd8
fd27
fa7f
f7d8
f548
f2e1
f09a
ee81
ec89
eac0
e930
e7e2
e6c2
e5d5
e51f
e4be
e4b1
e4d6
e529
e5c1
e6b1
e7ec
e963
eb07
ecc8
eeb2
f0cf
f326
f5a3
f82e
fab2
fd37
ffe3
029c
054c
07dd
0a59
0cae
0ee7
1111
131b
14f6
1697
17f5
1909
19eb
1a96
1b09
1b27
1af6
1a98
19f6
191a
17f1
168b
14f6
1342
1147
0f18
0ccb
0a73
07ed
054e
0292
ffd1
fd21
fa79
f7d3
f543
f2de
f097
ee7f
ec88
eabf
e930
e7e3
e6c3
e5d7
e522
e4c2
e4b5
e4d9
e52c
e5c2
e6b0
e7e9
e95f
eb01
ecc0
eea9
f0c5
f31b
f596
f820
faa4
fd29
ffd5
028e
053e
07d0
0a4d
0ca2
0edd
1109
1314
14f1
1693
17f1
1905
19e5
1a90
1b03
1b21
1aef
1a91
19ef
1913
17eb
1685
14f1
133d
1141
0f12
0cc5
0a6c
07e6
0547
028c
ffcc
fd1c
fa76
f7d2
f544
f2e0
f09b
ee84
ec8e
eac6
e938
e7eb
e6cb
e5de
e528
e4c8
e4bb
e4e0
e533
e5cb
e6ba
e7f3
e968
eb09
ecc7
eead
f0c7
f31d
f597
f820
faa3
fd28
ffd2
028b
053a
07cc
0a4a
0ca1
0edc
1108
1313
14f0
1692
17f0
1904
19e5
1a8f
1b02
1b20
1aef
1a90
19ee
1912
17ea
1685
14f2
133f
1145
0f18
0ccc
0a76
07f2
0556
029d
ffdd
fd2e
fa87
f7e1
f552
f2ec
f0a3
ee89
ec8f
eac4
e932
e7e3
e6c2
e5d4
e51d
e4bc
e4ae
e4d2
e526
e5be
e6ae
e7e9
e961
eb05
ecc6
eeb0
f0cc
f324
f5a0
f82a
faad
fd31
ffda
0291
053f
07cf
0a4a
0c9e
0ed7
1100
1309
14e4
1686
17e5
18f9
19db
1a86
1afa
1b1a
1aeb
1a8e
19ee
1913
17ed
1689
14f6
1344
114a
0f1d
0cd1
0a7a
07f5
0556
029a
ffd8
fd27
fa7f
f7d8
f548
f2e1
f09a
ee81
ec89
eac0
e930
e7e2
e6c2
e5d5
e51f
e4be
e4b1
e4d6
e529
e5c1
e6b1
e7ec
e963
eb07
ecc8
eeb2
f0cf
f326
f5a3
f82e
fab2
fd37
ffe3
029c
054c
07dd
0a59
0cae
0ee7
1111
131b
14f6
1697
17f5
1909
19eb
1a96
1b09
1b27
1af6
1a98
19f6
191a
17f1
168b
14f6
1342
1147
0f18
0ccb
0a73
07ed
054e
0292
ffd1
fd21
fa79
f7d3
f543
f2de
f097
ee7f
ec88
eabf
e930
e7e3
e6c3
e5d7
e522
e4c2
e4b5
e4d9
e52c
e5c2
e6b0
e7e9
e95f
eb01
ecc0
eea9
f0c5
f31b
f596
f820
faa4
fd29
ffd5
028e
053e
07d0
0a4d
0ca2
0edd
1109
1314
14f1
1693
17f1
1905
19e5
1a90
1b03
1b21
1aef
1a91
19ef
1913
17eb
1685
14f1
133d
1141
0f12
0cc5
0a6c
07e6
0547
028c
ffcc
fd1c
fa76
f7d2
f544
f2e0
f09b
ee84
ec8e
eac6
e938
e7eb
e6cb
e5de
e528
e4c8
e4bb
e4e0
e533
e5cb
e6ba
e7f3
e968
eb09
ecc7
eead
f0c7
f31d
f597
f820
faa3
fd28
ffd2
028b
053a
07cc
0a4a
0ca1
0edc
1108
1313
14f0
1692
17f0
1904
19e5
1a8f
1b02
1b20
1aef
1a90
19ee
1912
17ea
1685
14f2
133f
1145
0f18
0ccc
0a76
07f2
0556
029d
ffdd
fd2e
fa87
f7e1
f552
f2ec
f0a3
ee89
ec8f
eac4
e932
e7e3
e6c2
e5d4
e51d
e4bc
e4ae
e4d2
e526
e5be
e6ae
e7e9
e961
eb05
ecc6
eeb0
f0cc
f324
f5a0
f82a
faad
fd31
ffda
0291
053f
07cf
0a4a
0c9e
0ed7
1100
1309
14e4
1686
17e5
18f9
19db
1a86
1afa
1b1a
1aeb
1a8e
19ee
1913
17ed
1689
14f6
1344
114a
0f1d
0cd1
0a7a
07f5
0556
029a
ffd8
fd27
fa7f
f7d8
f548
f2e1
f09a
ee81
ec89
eac0
e930
e7e2
e6c2
e5d5
e51f
e4be
e4b1
e4d6
e529
e5c1
e6b1
e7ec
e963
eb07
ecc8
eeb2
f0cf
f326
f5a3
f82e
fab2
fd37
ffe3
029c
054c
07dd
0a59
0cae
0ee7
1111
131b
14f6
1697
17f5
1909
19eb
1a96
1b09
1b27
1af6
1a98
19f6
191a
17f1
168b
14f6
1342
1147
0f18
0ccb
0a73
07ed
054e
0292
ffd1
fd21
fa79
f7d3
f543
f2de
f097
ee7f
ec88
eabf
e930
e7e3
e6c3
e5d7
e522
e4c2
e4b5
e4d9
e52c
e5c2
e6b0
e7e9
e95f
eb01
ecc0
eea9
f0c5
f31b
f596
f820
faa4
fd29
ffd5
028e
053e
07d0
0a4d
0ca2
0edd
1109
1314
14f1
1693
17f1
1905
19e5
1a90
1b03
1b21
1aef
1a91
19ef
1913
17eb
1685
14f1
133d
1141
0f12
0cc5
0a6c
07e6
0547
028c
ffcc
fd1c
fa76
f7d2
f544
f2e0
f09b
ee84
ec8e
eac6
e938
e7eb
e6cb
e5de
e528
e4c8
e4bb
e4e0
e533
e5cb
e6ba
e7f3
e968
eb09
ecc7
eead
f0c7
f31d
f597
f820
faa3
fd28
ffd2
028b
053a
07cc
0a4a
0ca1
0edc
1108
1313
14f0
1692
17f0
1904
19e5
1a8f
1b02
1b20
1aef
1a90
19ee
1912
17ea
1685
14f2
133f
1145
0f18
0ccc
0a76
07f2
0556
029d
ffdd
fd2e
fa87
f7e1
f552
f2ec
f0a3
ee89
ec8f
eac4
e932
e7e3
e6c2
e5d4
e51d
e4bc
e4ae
e4d2
e526
e5be
e6ae
e7e9
e961
eb05
ecc6
eeb0
f0cc
f324
f5a0
f82a
faad
fd31
ffda
0291
053f
07cf
0a4a
0c9e
0ed7
1100
1309
14e4
1686
17e5
18f9
19db
1a86
1afa
1b1a
1aeb
1a8e
19ee
1913
17ed
1689
14f6
1344
114a
0f1d
0cd1
0a7a
07f5
0556
029a
ffd8
fd27
fa7f
f7d8
f548
f2e1
f09a
ee81
ec89
eac0
e930
e7e2
e6c2
e5d5
e51f
e4be
e4b1
e4d6
e529
e5c1
e6b1
e7ec
e963
eb07
ecc8
eeb2
f0cf
f326
f5a3
f82e
fab2
fd37
ffe3
029c
054c
07dd
0a59
0cae
0ee7
1111
131b
14f6
1697
17f5
1909
19eb
1a96
1b09
1b27
1af6
1a98
19f6
191a
17f1
168b
14f6
1342
1147
0f18
0ccb
0a73
07ed
054e
0292
ffd1
fd21
fa79
f7d3
f543
f2de
f097
ee7f
ec88
eabf
e930
e7e3
e6c3
e5d7
e522
e4c2
e4b5
e4d9
e52c
e5c2
e6b0
e7e9
e95f
eb01
ecc0
eea9
f0c5
f31b
f596
f820
faa4
fd29
ffd5
028e
053e
07d0
0a4d
0ca2
0edd
1109
1314
14f1
1693
17f1
1905
19e5
1a90
1b03
1b21
1aef
1a91
19ef
1913
17eb
1685
14f1
133d
1141
0f12
0cc5
0a6c
07e6
0547
028c
ffcc
fd1c
fa76
f7d2
f544
f2e0
f09b
ee84
ec8e
eac6
e938
e7eb
e6cb
e5de
e528
e4c8
e4bb
e4e0
e533
e5cb
e6ba
e7f3
e968
eb09
ecc7
eead
f0c7
f31d
f597
f820
faa3
fd28
ffd2
028b
053a
07cc
0a4a
0ca1
0edc
1108
1313
14f0
1692
17f0
1904
19e5
1a8f
1b02
1b20
1aef
1a90
19ee
1912
17ea
1685
14f2
133f
1145
0f18
0ccc
0a76
07f2
0556
029d
ffdd
fd2e
fa87
f7e1
f552
f2ec
f0a3
ee89
ec8f
eac4
e932
e7e3
e6c2
e5d4
e51d
e4bc
e4ae
e4d2
e526
e5be
e6ae
e7e9
e961
eb05
ecc6
eeb0
f0cc
f324
f5a0
f82a
faad
fd31
ffda
0291
053f
07cf
0a4a
0c9e
0ed7
1100
1309
14e4
1686
17e5
18f9
19db
1a86
1afa
1b1a
1aeb
1a8e
19ee
1913
17ed
1689
14f6
1344
114a
0f1d
0cd1
0a7a
07f5
0556
029a
ffd8
fd27
fa7f
f7d8
f548
f2e1
f09a
ee81
ec89
eac0
e930
e7e2
e6c2
e5d5
e51f
e4be
e4b1
e4d6
e529
e5c1
e6b1
e7ec
e963
eb07
ecc8
eeb2
f0cf
f326
f5a3
f82e
fab2
fd37
ffe3
029c
054c
07dd
0a59
0cae
0ee7
1111
131b
14f6
1697
17f5
1909
19eb
1a96
1b09
1b27
1af6
1a98
19f6
191a
17f1
168b
14f6
1342
1147
0f18
0ccb
0a73
07ed
054e
0292
ffd1
fd21
fa79
f7d3
f543
f2de
f097
ee7f
ec88
eabf
e930
e7e3
e6c3
e5d7
e522
e4c2
e4b5
e4d9
e52c
e5c2
e6b0
e7e9
e95f
eb01
ecc0
eea9
f0c5
f31b
f596
f820
faa4
fd29
ffd5
028e
053e
07d0
0a4d
0ca2
0edd
1109
1314
14f1
1693
17f1
1905
19e5
1a90
1b03
1b21
1aef
1a91
19ef
1913
17eb
1685
14f1
133d
1141
0f12
0cc5
0a6c
07e6
0547
028c
ffcc
fd1c
fa76
f7d2
f544
f2e0
f09b
ee84
ec8e
eac6
e938
e7eb
e6cb
e5de
e528
e4c8
e4bb
e4e0
e533
e5cb
e6ba
e7f3
e968
eb09
ecc7
eead
f0c7
f31d
f597
f820
faa3
fd28
ffd2
028b
053a
07cc
0a4a
0ca1
0edc
1108
1313
14f0
1692
17f0
1904
19e5
1a8f
1b02
1b20
1aef
1a90
19ee
1912
17ea
1685
14f2
133f
1145
0f18
0ccc
0a76
07f2
0556
029d
ffdd
fd2e
fa87
f7e1
f552
f2ec
f0a3
ee89
ec8f
eac4
e932
e7e3
e6c2
e5d4
e51d
e4bc
e4ae
e4d2
e526
e5be
e6ae
e7e9
e961
eb05
ecc6
eeb0
f0cc
f324
f5a0
f82a
faad
fd31
ffda
0291
053f
07cf
0a4a
0c9e
0ed7
1100
1309
14e4
1686
17e5
18f9
19db
1a86
1afa
1b1a
1aeb
1a8e
19ee
1913
17ed
1689
14f6
1344
114a
0f1d
0cd1
0a7a
07f5
0556
029a
ffd8
fd27
fa7f
f7d8
f548
f2e1
f09a
ee81
ec89
eac0
e930
e7e2
e6c2
e5d5
e51f
e4be
e4b1
e4d6
e529
e5c1
e6b1
e7ec
e963
eb07
ecc8
eeb2
f0cf
f326
f5a3
f82e
fab2
fd37
ffe3
029c
054c
07dd
0a59
0cae
0ee7
1111
131b
14f6
1697
17f5
1909
19eb
1a96
1b09
1b27
1af6
1a98
19f6
191a
17f1
168b
14f6
1342
1147
0f18
0ccb
0a73
07ed
054e
0292
ffd1
fd21
fa79
f7d3
f543
f2de
f097
ee7f
ec88
eabf
e930
e7e3
e6c3
e5d7
e522
e4c2
e4b5
e4d9
e52c
e5c2
e6b0
e7e9
e95f
eb01
ecc0
eea9
f0c5
f31b
f596
f820
faa4
fd29
ffd5
028e
053e
07d0
0a4d
0ca2
0edd
1109
1314
14f1
1693
17f1
1905
19e5
1a90
1b03
1b21
1aef
1a91
19ef
1913
17eb
1685
14f1
133d
1141
0f12
0cc5
0a6c
07e6
0547
028c
ffcc
fd1c
fa76
f7d2
f544
f2e0
f09b
ee84
ec8e
eac6
e938
e7eb
e6cb
e5de
e528
e4c8
e4bb
e4e0
e533
e5cb
e6ba
e7f3
e968
eb09
ecc7
eead
f0c7
f31d
f597
f820
faa3
fd28
ffd2
028b
053a
07cc
0a4a
0ca1
0edc
1108
1313
14f0
1692
17f0
1904
19e5
1a8f
1b02
1b20
1aef
1a90
19ee
1912
17ea
1685
14f2
133f
1145
0f18
0ccc
0a76
07f2
0556
029d
ffdd
fd2e
fa87
f7e1
f552
f2ec
f0a3
ee89
ec8f
eac4
e932
e7e3
e6c2
e5d4
e51d
e4bc
e4ae
e4d2
e526
e5be
e6ae
e7e9
e961
eb05
ecc6
eeb0
f0cc
f324
f5a0
f82a
faad
fd31
ffda
0291
053f
07cf
0a4a
0c9e
0ed7
1100
1309
14e4
1686
17e5
18f9
19db
1a86
1afa
1b1a
1aeb
1a8e
19ee
1913
17ed
1689
14f6
1344
114a
0f1d
0cd1
0a7a
07f5
0556
029a
ffd8
fd27
fa7f
f7d8
f548
f2e1
f09a
ee81
ec89
eac0
e930
e7e2
e6c2
e5d5
e51f
e4be
e4b1
e4d6
e529
e5c1
e6b1
e7ec
e963
eb07
ecc8
eeb2
f0cf
f326
f5a3
f82e
fab2
fd37
ffe3
029c
054c
07dd
0a59
0cae
0ee7
1111
131b
14f6
1697
17f5
1909
19eb
1a96
1b09
1b27
1af6
1a98
19f6
191a
17f1
168b
14f6
1342
1147
0f18
0ccb
0a73
07ed
054e
0292
ffd1
fd21
fa79
f7d3
f543
f2de
f097
ee7f
ec88
eabf
e930
e7e3
e6c3
e5d7
e522
e4c2
e4b5
e4d9
e52c
e5c2
e6b0
e7e9
e95f
eb01
ecc0
eea9
f0c5
f31b
f596
f820
faa4
fd29
ffd5
028e
053e
07d0
0a4d
0ca2
0edd
1109
1314
14f1
1693
17f1
1905
19e5
1a90
1b03
1b21
1aef
1a91
19ef
1913
17eb
1685
14f1
133d
1141
0f12
0cc5
0a6c
07e6
0547
028c
ffcc
fd1c
fa76
f7d2
f544
f2e0
f09b
ee84
ec8e
eac6
e938
e7eb
e6cb
e5de
e528
e4c8
e4bb
e4e0
e533
e5cb
e6ba
e7f3
e968
eb09
ecc7
eead
f0c7
f31d
f597
f820
faa3
fd28
ffd2
028b
053a
07cc
0a4a
0ca1
0edc
1108
1313
14f0
1692
17f0
1904
19e5
1a8f
1b02
1b20
1aef
1a90
19ee
1912
17ea
1685
14f2
133f
1145
0f18
0ccc
0a76
07f2
0556
029d
ffdd
fd2e
fa87
f7e1
f552
f2ec
f0a3
ee89
ec8f
eac4
e932
e7e3
e6c2
e5d4
e51d
e4bc
e4ae
e4d2
e526
e5be
e6ae
e7e9
e961
eb05
ecc6
eeb0
f0cc
f324
f5a0
f82a
faad
fd31
ffda
0291
053f
07cf
0a4a
0c9e
0ed7
1100
1309
14e4
1686
17e5
18f9
19db
1a86
1afa
1b1a
1aeb
1a8e
19ee
1913
17ed
1689
14f6
1344
114a
0f1d
0cd1
0a7a
07f5
0556
029a
ffd8
fd27
fa7f
f7d8
f548
f2e1
f09a
ee81
ec89
eac0
e930
e7e2
e6c2
e5d5
e51f
e4be
e4b1
e4d6
e529
e5c1
e6b1
e7ec
e963
eb07
ecc8
eeb2
f0cf
f326
f5a3
f82e
fab2
fd37
ffe3
029c
054c
07dd
0a59
0cae
0ee7
1111
131b
14f6
1697
17f5
1909
19eb
1a96
1b09
1b27
1af6
1a98
19f6
191a
17f1
168b
14f6
1342
1147
0f18
0ccb
0a73
07ed
054e
0292
ffd1
fd21
fa79
f7d3
f543
f2de
f097
ee7f
ec88
eabf
e930
e7e3
e6c3
e5d7
e522
e4c2
e4b5
e4d9
e52c
e5c2
e6b0
e7e9
e95f
eb01
ecc0
eea9
f0c5
f31b
f596
f820
faa4
fd29
ffd5
028e
053e
07d0
0a4d
0ca2
0edd
1109
1314
14f1
1693
17f1
1905
19e5
1a90
1b03
1b21
1aef
1a91
19ef
1913
17eb
1685
14f1
133d
1141
0f12
0cc5
0a6c
07e6
0547
028c
ffcc
fd1c
fa76
f7d2
f544
f2e0
f09b
ee84
ec8e
eac6
e938
e7eb
e6cb
e5de
e528
e4c8
e4bb
e4e0
e533
e5cb
e6ba
e7f3
e968
eb09
ecc7
eead
f0c7
f31d
f597
f820
faa3
fd28
ffd2
028b
053a
07cc
0a4a
0ca1
0edc
1108
1313
14f0
1692
17f0
1904
19e5
1a8f
1b02
1b20
1aef
1a90
19ee
1912
17ea
1685
14f2
133f
1145
0f18
0ccc
0a76
07f2
0556
029d
ffdd
fd2e
fa87
f7e1
f552
f2ec
f0a3
ee89
ec8f
eac4
e932
e7e3
e6c2
e5d4
e51d
e4bc
e4ae
e4d2
e526
e5be
e6ae
e7e9
e961
eb05
ecc6
eeb0
f0cc
f324
f5a0
f82a
faad
fd31
ffda
0291
053f
07cf
0a4a
0c9e
0ed7
1100
1309
14e4
1686
17e5
18f9
19db
1a86
1afa
1b1a
1aeb
1a8e
19ee
1913
17ed
1689
14f6
1344
114a
0f1d
0cd1
0a7a
07f5
0556
029a
ffd8
fd27
fa7f
f7d8
f548
f2e1
f09a
ee81
ec89
eac0
e930
e7e2
e6c2
e5d5
e51f
e4be
e4b1
e4d6
e529
e5c1
e6b1
e7ec
e963
eb07
ecc8
eeb2
f0cf
f326
f5a3
f82e
fab2
fd37
ffe3
029c
054c
07dd
0a59
0cae
0ee7
1111
131b
14f6
1697
17f5
1909
19eb
1a96
1b09
1b27
1af6
1a98
19f6
191a
17f1
168b
14f6
1342
1147
0f18
0ccb
0a73
07ed
054e
0292
ffd1
fd21
fa79
f7d3
f543
f2de
f097
ee7f
ec88
eabf
e930
e7e3
e6c3
e5d7
e522
e4c2
e4b5
e4d9
e52c
e5c2
e6b0
e7e9
e95f
eb01
ecc0
eea9
f0c5
f31b
f596
f820
faa4
fd29
ffd5
028e
053e
07d0
0a4d
0ca2
0edd
1109
1314
14f1
1693
17f1
1905
19e5
1a90
1b03
1b21
1aef
1a91
19ef
1913
17eb
1685
14f1
133d
1141
0f12
0cc5
0a6c
07e6
0547
028c
ffcc
fd1c
fa76
f7d2
f544
f2e0
f09b
ee84
ec8e
eac6
e938
e7eb
e6cb
e5de
e528
e4c8
e4bb
e4e0
e533
e5cb
e6ba
e7f3
e968
eb09
ecc7
eead
f0c7
f31d
f597
f820
faa3
fd28
ffd2
028b
053a
07cc
0a4a
0ca1
0edc
1108
1313
14f0
1692
17f0
1904
19e5
1a8f
1b02
1b20
1aef
1a90
19ee
1912
17ea
1685
14f2
133f
1145
0f18
0ccc
0a76
07f2
0556
029d
ffdd
fd2e
fa87
f7e1
f552
f2ec
f0a3
ee89
ec8f
eac4
e932
e7e3
e6c2
e5d4
e51d
e4bc
e4ae
e4d2
e526
e5be
e6ae
e7e9
e961
eb05
ecc6
eeb0
f0cc
f324
f5a0
f82a
faad
fd31
ffda
0291
053f
07cf
0a4a
0c9e
0ed7
1100
1309
14e4
1686
17e5
18f9
19db
1a86
1afa
1b1a
1aeb
1a8e
19ee
1913
17ed
1689
14f6
1344
114a
0f1d
0cd1
0a7a
07f5
0556
029a
ffd8
fd27
fa7f
f7d8
f548
f2e1
f09a
ee81
ec89
eac0
e930
e7e2
e6c2
e5d5
e51f
e4be
e4b1
e4d6
e529
e5c1
e6b1
e7ec
e963
eb07
ecc8
eeb2
f0cf
f326
f5a3
f82e
fab2
fd37
ffe3
029c
054c
07dd
0a59
0cae
0ee7
1111
131b
14f6
1697
17f5
1909
19eb
1a96
1b09
1b27
1af6
1a98
19f6
191a
17f1
168b
14f6
1342
1147
0f18
0ccb
0a73
07ed
054e
0292
ffd1
fd21
fa79
f7d3
f543
f2de
f097
ee7f
ec88
eabf
e930
e7e3
e6c3
e5d7
e522
e4c2
e4b5
e4d9
e52c
e5c2
e6b0
e7e9
e95f
eb01
ecc0
eea9
f0c5
f31b
f596
f820
faa4
fd29
ffd5
028e
053e
07d0
0a4d
0ca2
0edd
1109
1314
14f1
1693
17f1
1905
19e5
1a90
1b03
1b21
1aef
1a91
19ef
1913
17eb
1685
14f1
133d
1141
0f12
0cc5
0a6c
07e6
0547
028c
ffcc
fd1c
fa76
f7d2
f544
f2e0
f09b
ee84
ec8e
eac6
e938
e7eb
e6cb
e5de
e528
e4c8
e4bb
e4e0
e533
e5cb
e6ba
e7f3
e968
eb09
ecc7
eead
f0c7
f31d
f597
f820
faa3
fd28
ffd2
028b
053a
07cc
0a4a
0ca1
0edc
1108
1313
14f0
1692
17f0
1904
19e5
1a8f
1b02
1b20
1aef
1a90
19ee
1912
17ea
1685
14f2
133f
1145
0f18
0ccc
0a76
07f2
0556
029d
ffdd
fd2e
fa87
f7e1
f552
f2ec
f0a3
ee89
ec8f
eac4
e932
e7e3
e6c2
e5d4
e51d
e4bc
e4ae
e4d2
e526
e5be
e6ae
e7e9
e961
eb05
ecc6
eeb0
f0cc
f324
f5a0
f82a
faad
fd31
ffda
0291
053f
07cf
0a4a
0c9e
0ed7
1100
1309
14e4
1686
17e5
18f9
19db
1a86
171f
173b
1713
16c3
163a
157e
1482
1351
11f7
1083
0ed2
0cf4
0afc
08fb
06d2
0493
023b
ffde
fd8f
fb48
f902
f6d0
f4c1
f2cd
f101
ef51
edc9
ec72
eb54
ea5d
e992
e8f6
e8a3
e898
e8b7
e8ff
e981
ea4f
eb5d
ec9e
ee06
ef87
f12b
f2fb
f4fc
f71e
f94c
fb74
fd9d
ffe7
023d
048a
06bd
08df
0ade
0cc6
0ea1
1060
11f7
135d
1489
1575
1637
16ca
172c
1746
171c
16cb
1641
1584
1485
1353
11f7
1082
0ecf
0cf0
0af7
08f5
06cb
048c
0234
ffd8
fd8a
fb43
f8fe
f6cc
f4be
f2cb
f0ff
ef50
edc8
ec72
eb55
ea5e
e994
e8f9
e8a6
e89b
e8ba
e901
e982
ea4e
eb5a
ec9b
ee01
ef80
f123
f2f2
f4f3
f713
f940
fb68
fd91
ffdb
0231
047e
06b2
08d4
0ad4
0cbd
0e9a
105a
11f3
1359
1485
1572
1632
16c5
1727
1741
1716
16c5
163b
157e
1480
134d
11f3
107d
0eca
0ceb
0af2
08ef
06c5
0486
022f
ffd3
fd86
fb41
f8fd
f6cd
f4c0
f2ce
f103
ef55
edce
ec79
eb5c
ea65
e99a
e8fe
e8ab
e8a0
e8c0
e907
e989
ea56
eb63
eca2
ee08
ef86
f127
f2f4
f4f4
f714
f940
fb67
fd90
ffd9
022e
047b
06af
08d2
0ad3
0cbd
0e99
1059
11f2
1359
1485
1571
1632
16c4
1726
1740
1716
16c5
163a
157d
147f
134d
11f4
107f
0ecd
0cf0
0af8
08f7
06cf
0493
023d
ffe2
fd95
fb4f
f90a
f6d9
f4ca
f2d5
f108
ef56
edcd
ec74
eb55
ea5d
e991
e8f4
e8a1
e895
e8b4
e8fc
e97e
ea4c
eb5a
ec9c
ee04
ef85
f129
f2f8
f4fa
f71b
f949
fb70
fd98
ffdf
0233
047f
06b1
08d2
0ad1
0cb8
0e92
1051
11e8
134e
147b
1568
1629
16bc
171f
173b
1713
16c3
163a
157e
1482
1351
11f7
1083
0ed2
0cf4
0afc
08fb
06d2
0493
023b
ffde
fd8f
fb48
f902
f6d0
f4c1
f2cd
f101
ef51
edc9
ec72
eb54
ea5d
e992
e8f6
e8a3
e898
e8b7
e8ff
e981
ea4f
eb5d
ec9e
ee06
ef87
f12b
f2fb
f4fc
f71e
f94c
fb74
fd9d
ffe7
023d
048a
06bd
08df
0ade
0cc6
0ea1
1060
11f7
135d
1489
1575
1637
16ca
172c
1746
171c
16cb
1641
1584
1485
1353
11f7
1082
0ecf
0cf0
0af7
08f5
06cb
048c
0234
ffd8
fd8a
fb43
f8fe
f6cc
f4be
f2cb
f0ff
ef50
edc8
ec72
eb55
ea5e
e994
e8f9
e8a6
e89b
e8ba
e901
e982
ea4e
eb5a
ec9b
ee01
ef80
f123
f2f2
f4f3
f713
f940
fb68
fd91
ffdb
0231
047e
06b2
08d4
0ad4
0cbd
0e9a
105a
11f3
1359
1485
1572
1632
16c5
1727
1741
1716
16c5
163b
157e
1480
134d
11f3
107d
0eca
0ceb
0af2
08ef
06c5
0486
022f
ffd3
fd86
fb41
f8fd
f6cd
f4c0
f2ce
f103
ef55
edce
ec79
eb5c
ea65
e99a
e8fe
e8ab
e8a0
e8c0
e907
e989
ea56
eb63
eca2
ee08
ef86
f127
f2f4
f4f4
f714
f940
fb67
fd90
ffd9
022e
047b
06af
08d2
0ad3
0cbd
0e99
1059
11f2
1359
1485
1571
1632
16c4
1726
1740
1716
16c5
163a
157d
147f
134d
11f4
107f
0ecd
0cf0
0af8
08f7
06cf
0493
023d
ffe2
fd95
fb4f
f90a
f6d9
f4ca
f2d5
f108
ef56
edcd
ec74
eb55
ea5d
e991
e8f4
e8a1
e895
e8b4
e8fc
e97e
ea4c
eb5a
ec9c
ee04
ef85
f129
f2f8
f4fa
f71b
f949
fb70
fd98
ffdf
0233
047f
06b1
08d2
0ad1
0cb8
0e92
1051
11e8
134e
147b
1568
1629
16bc
171f
173b
1713
16c3
163a
157e
1482
1351
11f7
1083
0ed2
0cf4
0afc
08fb
06d2
0493
023b
ffde
fd8f
fb48
f902
f6d0
f4c1
f2cd
f101
ef51
edc9
ec72
eb54
ea5d
e992
e8f6
e8a3
e898
e8b7
e8ff
e981
ea4f
eb5d
ec9e
ee06
ef87
f12b
f2fb
f4fc
f71e
f94c
fb74
fd9d
ffe7
023d
048a
06bd
08df
0ade
0cc6
0ea1
1060
11f7
135d
1489
1575
1637
16ca
172c
1746
171c
16cb
1641
1584
1485
1353
11f7
1082
0ecf
0cf0
0af7
08f5
06cb
048c
0234
ffd8
fd8a
fb43
f8fe
f6cc
f4be
f2cb
f0ff
ef50
edc8
ec72
eb55
ea5e
e994
e8f9
e8a6
e89b
e8ba
e901
e982
ea4e
eb5a
ec9b
ee01
ef80
f123
f2f2
f4f3
f713
f940
fb68
fd91
ffdb
0231
047e
06b2
08d4
0ad4
0cbd
0e9a
105a
11f3
1359
1485
1572
1632
16c5
1727
1741
1716
16c5
163b
157e
1480
134d
11f3
107d
0eca
0ceb
0af2
08ef
06c5
0486
022f
ffd3
fd86
fb41
f8fd
f6cd
f4c0
f2ce
f103
ef55
edce
ec79
eb5c
ea65
e99a
e8fe
e8ab
e8a0
e8c0
e907
e989
ea56
eb63
eca2
ee08
ef86
f127
f2f4
f4f4
f714
f940
fb67
fd90
ffd9
022e
047b
06af
08d2
0ad3
0cbd
0e99
1059
11f2
1359
1485
1571
1632
16c4
1726
1740
1716
16c5
163a
157d
147f
134d
11f4
107f
0ecd
0cf0
0af8
08f7
06cf
0493
023d
ffe2
fd95
fb4f
f90a
f6d9
f4ca
f2d5
f108
ef56
edcd
ec74
eb55
ea5d
e991
e8f4
e8a1
e895
e8b4
e8fc
e97e
ea4c
eb5a
ec9c
ee04
ef85
f129
f2f8
f4fa
f71b
f949
fb70
fd98
ffdf
0233
047f
06b1
08d2
0ad1
0cb8
0e92
1051
11e8
134e
147b
1568
1629
16bc
171f
173b
1713
16c3
163a
157e
1482
1351
11f7
1083
0ed2
0cf4
0afc
08fb
06d2
0493
023b
ffde
fd8f
fb48
f902
f6d0
f4c1
f2cd
f101
ef51
edc9
ec72
eb54
ea5d
e992
e8f6
e8a3
e898
e8b7
e8ff
e981
ea4f
eb5d
ec9e
ee06
ef87
f12b
f2fb
f4fc
f71e
f94c
fb74
fd9d
ffe7
023d
048a
06bd
08df
0ade
0cc6
0ea1
1060
11f7
135d
1489
1575
1637
16ca
172c
1746
171c
16cb
1641
1584
1485
1353
11f7
1082
0ecf
0cf0
0af7
08f5
06cb
048c
0234
ffd8
fd8a
fb43
f8fe
f6cc
f4be
f2cb
f0ff
ef50
edc8
ec72
eb55
ea5e
e994
e8f9
e8a6
e89b
e8ba
e901
e982
ea4e
eb5a
ec9b
ee01
ef80
f123
f2f2
f4f3
f713
f940
fb68
fd91
ffdb
0231
047e
06b2
08d4
0ad4
0cbd
0e9a
105a
11f3
1359
1485
1572
1632
16c5
1727
1741
1716
16c5
163b
157e
1480
134d
11f3
107d
0eca
0ceb
0af2
08ef
06c5
0486
022f
ffd3
fd86
fb41
f8fd
f6cd
f4c0
f2ce
f103
ef55
edce
ec79
eb5c
ea65
e99a
e8fe
e8ab
e8a0
e8c0
e907
e989
ea56
eb63
eca2
ee08
ef86
f127
f2f4
f4f4
f714
f940
fb67
fd90
ffd9
022e
047b
06af
08d2
0ad3
0cbd
0e99
1059
11f2
1359
1485
1571
1632
16c4
1726
1740
1716
16c5
163a
157d
147f
134d
11f4
107f
0ecd
0cf0
0af8
08f7
06cf
0493
023d
ffe2
fd95
fb4f
f90a
f6d9
f4ca
f2d5
f108
ef56
edcd
ec74
eb55
ea5d
e991
e8f4
e8a1
e895
e8b4
e8fc
e97e
ea4c
eb5a
ec9c
ee04
ef85
f129
f2f8
f4fa
f71b
f949
fb70
fd98
ffdf
0233
047f
06b1
08d2
0ad1
0cb8
0e92
1051
11e8
134e
147b
1568
1629
16bc
171f
173b
1713
16c3
163a
157e
1482
1351
11f7
1083
0ed2
0cf4
0afc
08fb
06d2
0493
023b
ffde
fd8f
fb48
f902
f6d0
f4c1
f2cd
f101
ef51
edc9
ec72
eb54
ea5d
e992
e8f6
e8a3
e898
e8b7
e8ff
e981
ea4f
eb5d
ec9e
ee06
ef87
f12b
f2fb
f4fc
f71e
f94c
fb74
fd9d
ffe7
023d
048a
06bd
08df
0ade
0cc6
0ea1
1060
11f7
135d
1489
1575
1637
16ca
172c
1746
171c
16cb
1641
1584
1485
1353
11f7
1082
0ecf
0cf0
0af7
08f5
06cb
048c
0234
ffd8
fd8a
fb43
f8fe
f6cc
f4be
f2cb
f0ff
ef50
edc8
ec72
eb55
ea5e
e994
e8f9
e8a6
e89b
e8ba
e901
e982
ea4e
eb5a
ec9b
ee01
ef80
f123
f2f2
f4f3
f713
f940
fb68
fd91
ffdb
0231
047e
06b2
08d4
0ad4
0cbd
0e9a
105a
11f3
1359
1485
1572
1632
16c5
1727
1741
1716
16c5
163b
157e
1480
134d
11f3
107d
0eca
0ceb
0af2
08ef
06c5
0486
022f
ffd3
fd86
fb41
f8fd
f6cd
f4c0
f2ce
f103
ef55
edce
ec79
eb5c
ea65
e99a
e8fe
e8ab
e8a0
e8c0
e907
e989
ea56
eb63
eca2
ee08
ef86
f127
f2f4
f4f4
f714
f940
fb67
fd90
ffd9
022e
047b
06af
08d2
0ad3
0cbd
0e99
1059
11f2
1359
1485
1571
1632
16c4
1726
1740
1716
16c5
163a
157d
147f
134d
11f4
107f
0ecd
0cf0
0af8
08f7
06cf
0493
023d
ffe2
fd95
fb4f
f90a
f6d9
f4ca
f2d5
f108
ef56
edcd
ec74
eb55
ea5d
e991
e8f4
e8a1
e895
e8b4
e8fc
e97e
ea4c
eb5a
ec9c
ee04
ef85
f129
f2f8
f4fa
f71b
f949
fb70
fd98
ffdf
0233
047f
06b1
08d2
0ad1
0cb8
0e92
1051
11e8
134e
147b
1568
1629
16bc
171f
173b
1713
16c3
163a
157e
1482
1351
11f7
1083
0ed2
0cf4
0afc
08fb
06d2
0493
023b
ffde
fd8f
fb48
f902
f6d0
f4c1
f2cd
f101
ef51
edc9
ec72
eb54
ea5d
e992
e8f6
e8a3
e898
e8b7
e8ff
e981
ea4f
eb5d
ec9e
ee06
ef87
f12b
f2fb
f4fc
f71e
f94c
fb74
fd9d
ffe7
023d
048a
06bd
08df
0ade
0cc6
0ea1
1060
11f7
135d
1489
1575
1637
16ca
172c
1746
171c
16cb
1641
1584
1485
1353
11f7
1082
0ecf
0cf0
0af7
08f5
06cb
048c
0234
ffd8
fd8a
fb43
f8fe
f6cc
f4be
f2cb
f0ff
ef50
edc8
ec72
eb55
ea5e
e994
e8f9
e8a6
e89b
e8ba
e901
e982
ea4e
eb5a
ec9b
ee01
ef80
f123
f2f2
f4f3
f713
f940
fb68
fd91
ffdb
0231
047e
06b2
08d4
0ad4
0cbd
0e9a
105a
11f3
1359
1485
1572
1632
16c5
1727
1741
1716
16c5
163b
157e
1480
134d
11f3
107d
0eca
0ceb
0af2
08ef
06c5
0486
022f
ffd3
fd86
fb41
f8fd
f6cd
f4c0
f2ce
f103
ef55
edce
ec79
eb5c
ea65
e99a
e8fe
e8ab
e8a0
e8c0
e907
e989
ea56
eb63
eca2
ee08
ef86
f127
f2f4
f4f4
f714
f940
fb67
fd90
ffd9
022e
047b
06af
08d2
0ad3
0cbd
0e99
1059
11f2
1359
1485
1571
1632
16c4
1726
1740
1716
16c5
163a
157d
147f
134d
11f4
107f
0ecd
0cf0
0af8
08f7
06cf
0493
023d
ffe2
fd95
fb4f
f90a
f6d9
f4ca
f2d5
f108
ef56
edcd
ec74
eb55
ea5d
e991
e8f4
e8a1
e895
e8b4
e8fc
e97e
ea4c
eb5a
ec9c
ee04
ef85
f129
f2f8
f4fa
f71b
f949
fb70
fd98
ffdf
0233
047f
06b1
08d2
0ad1
0cb8
0e92
1051
11e8
134e
147b
1568
1629
16bc
171f
173b
1713
16c3
163a
157e
1482
1351
11f7
1083
0ed2
0cf4
0afc
08fb
06d2
0493
023b
ffde
fd8f
fb48
f902
f6d0
f4c1
f2cd
f101
ef51
edc9
ec72
eb54
ea5d
e992
e8f6
e8a3
e898
e8b7
e8ff
e981
ea4f
eb5d
ec9e
ee06
ef87
f12b
f2fb
f4fc
f71e
f94c
fb74
fd9d
ffe7
023d
048a
06bd
08df
0ade
0cc6
0ea1
1060
11f7
135d
1489
1575
1637
16ca
172c
1746
171c
16cb
1641
1584
1485
1353
11f7
1082
0ecf
0cf0
0af7
08f5
06cb
048c
0234
ffd8
fd8a
fb43
f8fe
f6cc
f4be
f2cb
f0ff
ef50
edc8
ec72
eb55
ea5e
e994
e8f9
e8a6
e89b
e8ba
e901
e982
ea4e
eb5a
ec9b
ee01
ef80
f123
f2f2
f4f3
f713
f940
fb68
fd91
ffdb
0231
047e
06b2
08d4
0ad4
0cbd
0e9a
105a
11f3
1359
1485
1572
1632
16c5
1727
1741
1716
16c5
163b
157e
1480
134d
11f3
107d
0eca
0ceb
0af2
08ef
06c5
0486
022f
ffd3
fd86
fb41
f8fd
f6cd
f4c0
f2ce
f103
ef55
edce
ec79
eb5c
ea65
e99a
e8fe
e8ab
e8a0
e8c0
e907
e989
ea56
eb63
eca2
ee08
ef86
f127
f2f4
f4f4
f714
f940
fb67
fd90
ffd9
022e
047b
06af
08d2
0ad3
0cbd
0e99
1059
11f2
1359
1485
1571
1632
16c4
1726
1740
1716
16c5
163a
157d
147f
134d
11f4
107f
0ecd
0cf0
0af8
08f7
06cf
0493
023d
ffe2
fd95
fb4f
f90a
f6d9
f4ca
f2d5
f108
ef56
edcd
ec74
eb55
ea5d
e991
e8f4
e8a1
e895
e8b4
e8fc
e97e
ea4c
eb5a
ec9c
ee04
ef85
f129
f2f8
f4fa
f71b
f949
fb70
fd98
ffdf
0233
047f
06b1
08d2
0ad1
0cb8
0e92
1051
11e8
134e
147b
1568
1629
16bc
171f
173b
1713
16c3
163a
157e
1482
1351
11f7
1083
0ed2
0cf4
0afc
08fb
06d2
0493
023b
ffde
fd8f
fb48
f902
f6d0
f4c1
f2cd
f101
ef51
edc9
ec72
eb54
ea5d
e992
e8f6
e8a3
e898
e8b7
e8ff
e981
ea4f
eb5d
ec9e
ee06
ef87
f12b
f2fb
f4fc
f71e
f94c
fb74
fd9d
ffe7
023d
048a
06bd
08df
0ade
0cc6
0ea1
1060
11f7
135d
1489
1575
1637
16ca
172c
1746
171c
16cb
1641
1584
1485
1353
11f7
1082
0ecf
0cf0
0af7
08f5
06cb
048c
0234
ffd8
fd8a
fb43
f8fe
f6cc
f4be
f2cb
f0ff
ef50
edc8
ec72
eb55
ea5e
e994
e8f9
e8a6
e89b
e8ba
e901
e982
ea4e
eb5a
ec9b
ee01
ef80
f123
f2f2
f4f3
f713
f940
fb68
fd91
ffdb
0231
047e
06b2
08d4
0ad4
0cbd
0e9a
105a
11f3
1359
1485
1572
1632
16c5
1727
1741
1716
16c5
163b
157e
1480
134d
11f3
107d
0eca
0ceb
0af2
08ef
06c5
0486
022f
ffd3
fd86
fb41
f8fd
f6cd
f4c0
f2ce
f103
ef55
edce
ec79
eb5c
ea65
e99a
e8fe
e8ab
e8a0
e8c0
e907
e989
ea56
eb63
eca2
ee08
ef86
f127
f2f4
f4f4
f714
f940
fb67
fd90
ffd9
022e
047b
06af
08d2
0ad3
0cbd
0e99
1059
11f2
1359
1485
1571
1632
16c4
1726
1740
1716
16c5
163a
157d
147f
134d
11f4
107f
0ecd
0cf0
0af8
08f7
06cf
0493
023d
ffe2
fd95
fb4f
f90a
f6d9
f4ca
f2d5
f108
ef56
edcd
ec74
eb55
ea5d
e991
e8f4
e8a1
e895
e8b4
e8fc
e97e
ea4c
eb5a
ec9c
ee04
ef85
f129
f2f8
f4fa
f71b
f949
fb70
fd98
ffdf
0233
047f
06b1
08d2
0ad1
0cb8
0e92
1051
11e8
134e
147b
1568
1629
16bc
171f
173b
1713
16c3
163a
157e
1482
1351
11f7
1083
0ed2
0cf4
0afc
08fb
06d2
0493
023b
ffde
fd8f
fb48
f902
f6d0
f4c1
f2cd
f101
ef51
edc9
ec72
eb54
ea5d
e992
e8f6
e8a3
e898
e8b7
e8ff
e981
ea4f
eb5d
ec9e
ee06
ef87
f12b
f2fb
f4fc
f71e
f94c
fb74
fd9d
ffe7
023d
048a
06bd
08df
0ade
0cc6
0ea1
1060
11f7
135d
1489
1575
1637
16ca
172c
1746
171c
16cb
1641
1584
1485
1353
11f7
1082
0ecf
0cf0
0af7
08f5
06cb
048c
0234
ffd8
fd8a
fb43
f8fe
f6cc
f4be
f2cb
f0ff
ef50
edc8
ec72
eb55
ea5e
e994
e8f9
e8a6
e89b
e8ba
e901
e982
ea4e
eb5a
ec9b
ee01
ef80
f123
f2f2
f4f3
f713
f940
fb68
fd91
ffdb
0231
047e
06b2
08d4
0ad4
0cbd
0e9a
105a
11f3
1359
1485
1572
1632
16c5
1727
1741
1716
16c5
163b
157e
1480
134d
11f3
107d
0eca
0ceb
0af2
08ef
06c5
0486
022f
ffd3
fd86
fb41
f8fd
f6cd
f4c0
f2ce
f103
ef55
edce
ec79
eb5c
ea65
e99a
e8fe
e8ab
e8a0
e8c0
e907
e989
ea56
eb63
eca2
ee08
ef86
f127
f2f4
f4f4
f714
f940
fb67
fd90
ffd9
022e
047b
06af
08d2
0ad3
0cbd
0e99
1059
11f2
1359
1485
1571
1632
16c4
1726
1740
1716
16c5
163a
157d
147f
134d
11f4
107f
0ecd
0cf0
0af8
08f7
06cf
0493
023d
ffe2
fd95
fb4f
f90a
f6d9
f4ca
f2d5
f108
ef56
edcd
ec74
eb55
ea5d
e991
e8f4
e8a1
e895
e8b4
e8fc
e97e
ea4c
eb5a
ec9c
ee04
ef85
f129
f2f8
f4fa
f71b
f949
fb70
fd98
ffdf
0233
047f
06b1
08d2
0ad1
0cb8
0e92
1051
11e8
134e
147b
1568
1629
16bc
171f
173b
1713
16c3
163a
157e
1482
1351
11f7
1083
0ed2
0cf4
0afc
08fb
06d2
0493
023b
ffde
fd8f
fb48
f902
f6d0
f4c1
f2cd
f101
ef51
edc9
ec72
eb54
ea5d
e992
e8f6
e8a3
e898
e8b7
e8ff
e981
ea4f
eb5d
ec9e
ee06
ef87
f12b
f2fb
f4fc
f71e
f94c
fb74
fd9d
ffe7
023d
048a
06bd
08df
0ade
0cc6
0ea1
1060
11f7
135d
1489
1575
1637
16ca
172c
1746
171c
16cb
1641
1584
1485
1353
11f7
1082
0ecf
0cf0
0af7
08f5
06cb
048c
0234
ffd8
fd8a
fb43
f8fe
f6cc
f4be
f2cb
f0ff
ef50
edc8
ec72
eb55
ea5e
e994
e8f9
e8a6
e89b
e8ba
e901
e982
ea4e
eb5a
ec9b
ee01
ef80
f123
f2f2
f4f3
f713
f940
fb68
fd91
ffdb
0231
047e
06b2
08d4
0ad4
0cbd
0e9a
105a
11f3
1359
1485
1572
1632
16c5
1727
1741
1716
16c5
163b
157e
1480
134d
11f3
107d
0eca
0ceb
0af2
08ef
06c5
0486
022f
ffd3
fd86
fb41
f8fd
f6cd
f4c0
f2ce
f103
ef55
edce
ec79
eb5c
ea65
e99a
e8fe
e8ab
e8a0
e8c0
e907
e989
ea56
eb63
eca2
ee08
ef86
f127
f2f4
f4f4
f714
f940
fb67
fd90
ffd9
022e
047b
06af
08d2
0ad3
0cbd
0e99
1059
11f2
1359
1485
1571
1632
16c4
1726
1740
1716
16c5
163a
157d
147f
134d
11f4
107f
0ecd
0cf0
0af8
08f7
06cf
0493
023d
ffe2
fd95
fb4f
f90a
f6d9
f4ca
f2d5
f108
ef56
edcd
ec74
eb55
ea5d
e991
e8f4
e8a1
e895
e8b4
e8fc
e97e
ea4c
eb5a
ec9c
ee04
ef85
f129
f2f8
f4fa
f71b
f949
fb70
fd98
ffdf
0233
047f
06b1
08d2
0ad1
0cb8
0e92
1051
11e8
134e
147b
1568
1629
16bc
171f
173b
1713
16c3
163a
157e
1482
1351
11f7
1083
0ed2
0cf4
0afc
08fb
06d2
0493
023b
ffde
fd8f
fb48
f902
f6d0
f4c1
f2cd
f101
ef51
edc9
ec72
eb54
ea5d
e992
e8f6
e8a3
e898
e8b7
e8ff
e981
ea4f
eb5d
ec9e
ee06
ef87
f12b
f2fb
f4fc
f71e
f94c
fb74
fd9d
ffe7
023d
048a
06bd
08df
0ade
0cc6
0ea1
1060
11f7
135d
1489
1575
1637
16ca
172c
1746
171c
16cb
1641
1584
1485
1353
11f7
1082
0ecf
0cf0
0af7
08f5
06cb
048c
0234
ffd8
fd8a
fb43
f8fe
f6cc
f4be
f2cb
f0ff
ef50
edc8
ec72
eb55
ea5e
e994
e8f9
e8a6
e89b
e8ba
e901
e982
ea4e
eb5a
ec9b
ee01
ef80
f123
f2f2
f4f3
f713
f940
fb68
fd91
ffdb
0231
047e
06b2
08d4
0ad4
0cbd
0e9a
105a
11f3
1359
1485
1572
1632
16c5
1727
1741
1716
16c5
163b
157e
1480
134d
11f3
107d
0eca
0ceb
0af2
08ef
06c5
0486
022f
ffd3
fd86
fb41
f8fd
f6cd
f4c0
f2ce
f103
ef55
edce
ec79
eb5c
ea65
e99a
e8fe
e8ab
e8a0
e8c0
e907
e989
ea56
eb63
eca2
ee08
ef86
f127
f2f4
f4f4
f714
f940
fb67
fd90
ffd9
022e
047b
06af
08d2
0ad3
0cbd
0e99
1059
11f2
1359
1485
1571
1632
16c4
1726
1740
1716
16c5
163a
157d
147f
134d
11f4
107f
0ecd
0cf0
0af8
08f7
06cf
0493
023d
ffe2
fd95
fb4f
f90a
f6d9
f4ca
f2d5
f108
ef56
edcd
ec74
eb55
ea5d
e991
e8f4
e8a1
e895
e8b4
e8fc
e97e
ea4c
eb5a
ec9c
ee04
ef85
f129
f2f8
f4fa
f71b
f949
fb70
fd98
ffdf
0233
047f
06b1
08d2
0ad1
0cb8
0e92
1051
11e8
134e
147b
1568
1629
16bc
171f
173b
1713
16c3
163a
157e
1482
1351
11f7
1083
0ed2
0cf4
0afc
08fb
06d2
0493
023b
ffde
fd8f
fb48
f902
f6d0
f4c1
f2cd
f101
ef51
edc9
ec72
eb54
ea5d
e992
e8f6
e8a3
e898
e8b7
e8ff
e981
ea4f
eb5d
ec9e
ee06
ef87
f12b
f2fb
f4fc
f71e
f94c
fb74
fd9d
ffe7
023d
048a
06bd
08df
0ade
0cc6
0ea1
1060
11f7
135d
1489
1575
1637
16ca
172c
1746
171c
16cb
1641
1584
1485
1353
11f7
1082
0ecf
0cf0
0af7
08f5
06cb
048c
0234
ffd8
fd8a
fb43
f8fe
f6cc
f4be
f2cb
f0ff
ef50
edc8
ec72
eb55
ea5e
e994
e8f9
e8a6
e89b
e8ba
e901
e982
ea4e
eb5a
ec9b
ee01
ef80
f123
f2f2
f4f3
f713
f940
fb68
fd91
ffdb
0231
047e
06b2
08d4
0ad4
0cbd
0e9a
105a
11f3
1359
1485
1572
1632
16c5
1727
1741
1716
16c5
163b
157e
1480
134d
11f3
107d
0eca
0ceb
0af2
08ef
06c5
0486
022f
ffd3
fd86
fb41
f8fd
f6cd
f4c0
f2ce
f103
ef55
edce
ec79
eb5c
ea65
e99a
e8fe
e8ab
e8a0
e8c0
e907
e989
ea56
eb63
eca2
ee08
ef86
f127
f2f4
f4f4
f714
f940
fb67
fd90
ffd9
022e
047b
06af
08d2
0ad3
0cbd
0e99
1059
11f2
1359
1485
1571
1632
16c4
1726
1740
1716
16c5
163a
157d
147f
134d
11f4
107f
0ecd
0cf0
0af8
08f7
06cf
0493
023d
ffe2
fd95
fb4f
f90a
f6d9
f4ca
f2d5
f108
ef56
edcd
ec74
eb55
ea5d
e991
e8f4
e8a1
e895
e8b4
e8fc
e97e
ea4c
eb5a
ec9c
ee04
ef85
f129
f2f8
f4fa
f71b
f949
fb70
fd98
ffdf
0233
047f
06b1
08d2
0ad1
0cb8
0e92
1051
11e8
134e
147b
1568
1629
16bc
171f
173b
1713
16c3
163a
157e
1482
1351
11f7
1083
0ed2
0cf4
0afc
08fb
06d2
0493
023b
ffde
fd8f
fb48
f902
f6d0
f4c1
f2cd
f101
ef51
edc9
ec72
eb54
ea5d
e992
e8f6
e8a3
e898
e8b7
e8ff
e981
ea4f
eb5d
ec9e
ee06
ef87
f12b
f2fb
f4fc
f71e
f94c
fb74
fd9d
ffe7
023d
048a
06bd
08df
0ade
0cc6
0ea1
1060
11f7
135d
1489
1575
1637
16ca
172c
1746
171c
16cb
1641
1584
1485
1353
11f7
1082
0ecf
0cf0
0af7
08f5
06cb
048c
0234
ffd8
fd8a
fb43
f8fe
f6cc
f4be
f2cb
f0ff
ef50
edc8
ec72
eb55
ea5e
e994
e8f9
e8a6
e89b
e8ba
e901
e982
ea4e
eb5a
ec9b
ee01
ef80
f123
f2f2
f4f3
f713
f940
fb68
fd91
ffdb
0231
047e
06b2
08d4
0ad4
0cbd
0e9a
105a
11f3
1359
1485
1572
1632
16c5
1727
1741
1716
16c5
163b
157e
1480
134d
11f3
107d
0eca
0ceb
0af2
08ef
06c5
0486
022f
ffd3
fd86
fb41
f8fd
f6cd
f4c0
f2ce
f103
ef55
edce
ec79
eb5c
ea65
e99a
e8fe
e8ab
e8a0
e8c0
e907
e989
ea56
eb63
eca2
ee08
ef86
f127
f2f4
f4f4
f714
f940
fb67
fd90
ffd9
022e
047b
06af
08d2
0ad3
0cbd
0e99
1059
11f2
1359
1485
1571
1632
16c4
1726
1740
1716
16c5
163a
157d
147f
134d
11f4
107f
0ecd
0cf0
0af8
08f7
06cf
0493
023d
ffe2
fd95
fb4f
f90a
f6d9
f4ca
f2d5
f108
ef56
edcd
ec74
eb55
ea5d
e991
e8f4
e8a1
e895
e8b4
e8fc
e97e
ea4c
eb5a
ec9c
ee04
ef85
f129
f2f8
f4fa
f71b
f949
fb70
fd98
ffdf
0233
047f
06b1
08d2
0ad1
0cb8
0e92
1051
11e8
134e
147b
1568
1629
16bc
171f
173b
1713
16c3
163a
157e
1482
1351
11f7
1083
0ed2
0cf4
0afc
08fb
06d2
0493
023b
ffde
fd8f
fb48
f902
f6d0
f4c1
f2cd
f101
ef51
edc9
ec72
eb54
ea5d
e992
e8f6
e8a3
e898
e8b7
e8ff
e981
ea4f
eb5d
ec9e
ee06
ef87
f12b
f2fb
f4fc
f71e
f94c
fb74
fd9d
ffe7
023d
048a
06bd
08df
0ade
0cc6
0ea1
1060
11f7
135d
1489
1575
1637
16ca
172c
1746
171c
16cb
1641
1584
1485
1353
11f7
1082
0ecf
0cf0
0af7
08f5
06cb
048c
0234
ffd8
fd8a
fb43
f8fe
f6cc
f4be
f2cb
f0ff
ef50
edc8
ec72
eb55
ea5e
e994
e8f9
e8a6
e89b
e8ba
e901
e982
ea4e
eb5a
ec9b
ee01
ef80
f123
f2f2
f4f3
f713
f940
fb68
fd91
ffdb
0231
047e
06b2
08d4
0ad4
0cbd
0e9a
105a
11f3
1359
1485
1572
1632
16c5
1727
1741
1716
16c5
163b
157e
1480
134d
11f3
107d
0eca
0ceb
0af2
08ef
06c5
0486
022f
ffd3
fd86
fb41
f8fd
f6cd
f4c0
f2ce
f103
ef55
edce
ec79
eb5c
ea65
e99a
e8fe
e8ab
e8a0
e8c0
e907
e989
ea56
eb63
eca2
ee08
ef86
f127
f2f4
f4f4
f714
f940
fb67
fd90
ffd9
022e
047b
06af
08d2
0ad3
0cbd
0e99
1059
11f2
1359
1485
1571
1632
16c4
1726
1740
1716
16c5
163a
157d
147f
134d
11f4
107f
0ecd
0cf0
0af8
08f7
06cf
0493
023d
ffe2
fd95
fb4f
f90a
f6d9
f4ca
f2d5
f108
ef56
edcd
ec74
eb55
ea5d
e991
e8f4
e8a1
e895
e8b4
e8fc
e97e
ea4c
eb5a
ec9c
ee04
ef85
f129
f2f8
f4fa
f71b
f949
fb70
fd98
ffdf
0233
047f
06b1
08d2
0ad1
0cb8
0e92
1051
11e8
134e
147b
1568
1629
16bc
171f
173b
1713
16c3
163a
157e
1482
1351
11f7
1083
0ed2
0cf4
0afc
08fb
06d2
0493
023b
ffde
fd8f
fb48
f902
f6d0
f4c1
f2cd
f101
ef51
edc9
ec72
eb54
ea5d
e992
e8f6
e8a3
e898
e8b7
e8ff
e981
ea4f
eb5d
ec9e
ee06
ef87
f12b
f2fb
f4fc
f71e
f94c
fb74
fd9d
ffe7
023d
048a
06bd
08df
0ade
0cc6
0ea1
1060
11f7
135d
1489
1575
1637
16ca
172c
1746
171c
16cb
1641
1584
1485
1353
11f7
1082
0ecf
0cf0
0af7
08f5
06cb
048c
0234
ffd8
fd8a
fb43
f8fe
f6cc
f4be
f2cb
f0ff
ef50
edc8
ec72
eb55
ea5e
e994
e8f9
e8a6
e89b
e8ba
e901
e982
ea4e
eb5a
ec9b
ee01
ef80
f123
f2f2
f4f3
f713
f940
fb68
fd91
ffdb
0231
047e
06b2
08d4
0ad4
0cbd
0e9a
105a
11f3
1359
1485
1572
1632
16c5
1727
1741
1716
16c5
163b
157e
1480
134d
11f3
107d
0eca
0ceb
0af2
08ef
06c5
0486
022f
ffd3
fd86
fb41
f8fd
f6cd
f4c0
f2ce
f103
ef55
edce
ec79
eb5c
ea65
e99a
e8fe
e8ab
e8a0
e8c0
e907
e989
ea56
eb63
eca2
ee08
ef86
f127
f2f4
f4f4
f714
f940
fb67
fd90
ffd9
022e
047b
06af
08d2
0ad3
0cbd
0e99
1059
11f2
1359
1485
1571
1632
16c4
1726
1740
1716
16c5
163a
157d
147f
134d
11f4
107f
0ecd
0cf0
0af8
08f7
06cf
0493
023d
ffe2
fd95
fb4f
f90a
f6d9
f4ca
f2d5
f108
ef56
edcd
ec74
eb55
ea5d
e991
e8f4
e8a1
e895
e8b4
e8fc
e97e
ea4c
eb5a
ec9c
ee04
ef85
f129
f2f8
f4fa
f71b
f949
fb70
fd98
ffdf
0233
047f
06b1
08d2
0ad1
0cb8
0e92
1051
11e8
134e
147b
1568
1629
16bc
171f
173b
1713
16c3
163a
157e
1482
1351
11f7
1083
0ed2
0cf4
0afc
08fb
06d2
0493
023b
ffde
fd8f
fb48
f902
f6d0
f4c1
f2cd
f101
ef51
edc9
ec72
eb54
ea5d
e992
e8f6
e8a3
e898
e8b7
e8ff
e981
ea4f
eb5d
ec9e
ee06
ef87
f12b
f2fb
f4fc
f71e
f94c
fb74
fd9d
ffe7
023d
048a
06bd
08df
0ade
0cc6
0ea1
1060
11f7
135d
1489
1575
1637
16ca
172c
1746
171c
16cb
1641
1584
1485
1353
11f7
1082
0ecf
0cf0
0af7
08f5
06cb
048c
0234
ffd8
fd8a
fb43
f8fe
f6cc
f4be
f2cb
f0ff
ef50
edc8
ec72
eb55
ea5e
e994
e8f9
e8a6
e89b
e8ba
e901
e982
ea4e
eb5a
ec9b
ee01
ef80
f123
f2f2
f4f3
f713
f940
fb68
fd91
ffdb
0231
047e
06b2
08d4
0ad4
0cbd
0e9a
105a
11f3
1359
1485
1572
1632
16c5
1727
1741
1716
16c5
163b
157e
1480
134d
11f3
107d
0eca
0ceb
0af2
08ef
06c5
0486
022f
ffd3
fd86
fb41
f8fd
f6cd
f4c0
f2ce
f103
ef55
edce
ec79
eb5c
ea65
e99a
e8fe
e8ab
e8a0
e8c0
e907
e989
ea56
eb63
eca2
ee08
ef86
f127
f2f4
f4f4
f714
f940
fb67
fd90
ffd9
022e
047b
06af
08d2
0ad3
0cbd
0e99
1059
11f2
1359
1485
1571
1632
16c4
1726
1740
1716
16c5
163a
157d
147f
134d
11f4
107f
0ecd
0cf0
0af8
08f7
06cf
0493
023d
ffe2
fd95
fb4f
f90a
f6d9
f4ca
f2d5
f108
ef56
edcd
ec74
eb55
ea5d
e991
e8f4
e8a1
e895
e8b4
e8fc
e97e
ea4c
eb5a
ec9c
ee04
ef85
f129
f2f8
f4fa
f71b
f949
fb70
fd98
ffdf
0233
047f
06b1
08d2
0ad1
0cb8
0e92
1051
11e8
134e
147b
1568
1629
16bc
171f
173b
1713
16c3
163a
157e
1482
1351
11f7
1083
0ed2
0cf4
0afc
08fb
06d2
0493
023b
ffde
fd8f
fb48
f902
f6d0
f4c1
f2cd
f101
ef51
edc9
ec72
eb54
ea5d
e992
e8f6
e8a3
e898
e8b7
e8ff
e981
ea4f
eb5d
ec9e
ee06
ef87
f12b
f2fb
f4fc
f71e
f94c
fb74
fd9d
ffe7
023d
048a
06bd
08df
0ade
0cc6
0ea1
1060
11f7
135d
1489
1575
1637
16ca
172c
1746
171c
16cb
1641
1584
1485
1353
11f7
1082
0ecf
0cf0
0af7
08f5
06cb
048c
0234
ffd8
fd8a
fb43
f8fe
f6cc
f4be
f2cb
f0ff
ef50
edc8
ec72
eb55
ea5e
e994
e8f9
e8a6
e89b
e8ba
e901
e982
ea4e
eb5a
ec9b
ee01
ef80
f123
f2f2
f4f3
f713
f940
fb68
fd91
ffdb
0231
047e
06b2
08d4
0ad4
0cbd
0e9a
105a
11f3
1359
1485
1572
1632
16c5
1727
1741
1716
16c5
163b
157e
1480
134d
11f3
107d
0eca
0ceb
0af2
08ef
06c5
0486
022f
ffd3
fd86
fb41
f8fd
f6cd
f4c0
f2ce
f103
ef55
edce
ec79
eb5c
ea65
e99a
e8fe
e8ab
e8a0
e8c0
e907
e989
ea56
eb63
eca2
ee08
ef86
f127
f2f4
f4f4
f714
f940
fb67
fd90
ffd9
022e
047b
06af
08d2
0ad3
0cbd
0e99
1059
11f2
1359
1485
1571
1632
16c4
1726
1740
1716
16c5
163a
157d
147f
134d
11f4
107f
0ecd
0cf0
0af8
08f7
06cf
0493
023d
ffe2
fd95
fb4f
f90a
f6d9
f4ca
f2d5
f108
ef56
edcd
ec74
eb55
ea5d
e991
e8f4
e8a1
e895
e8b4
e8fc
e97e
ea4c
eb5a
ec9c
ee04
ef85
f129
f2f8
f4fa
f71b
f949
fb70
fd98
ffdf
0233
047f
06b1
08d2
0ad1
0cb8
0e92
1051
11e8
134e
147b
1568
1629
16bc
171f
173b
1713
16c3
163a
157e
1482
1351
11f7
1083
0ed2
0cf4
0afc
08fb
06d2
0493
023b
ffde
fd8f
fb48
f902
f6d0
f4c1
f2cd
f101
ef51
edc9
ec72
eb54
ea5d
e992
e8f6
e8a3
e898
e8b7
e8ff
e981
ea4f
eb5d
ec9e
ee06
ef87
f12b
f2fb
f4fc
f71e
f94c
fb74
fd9d
ffe7
023d
048a
06bd
08df
0ade
0cc6
0ea1
1060
11f7
135d
1489
1575
1637
16ca
172c
1746
171c
16cb
1641
1584
1485
1353
11f7
1082
0ecf
0cf0
0af7
08f5
06cb
048c
0234
ffd8
fd8a
fb43
f8fe
f6cc
f4be
f2cb
f0ff
ef50
edc8
ec72
eb55
ea5e
e994
e8f9
e8a6
e89b
e8ba
e901
e982
ea4e
eb5a
ec9b
ee01
ef80
f123
f2f2
f4f3
f713
f940
fb68
fd91
ffdb
0231
047e
06b2
08d4
0ad4
0cbd
0e9a
105a
11f3
1359
1485
1572
1632
16c5
1727
1741
1716
16c5
163b
157e
1480
134d
11f3
107d
0eca
0ceb
0af2
08ef
06c5
0486
022f
ffd3
fd86
fb41
f8fd
f6cd
f4c0
f2ce
f103
ef55
edce
ec79
eb5c
ea65
e99a
e8fe
e8ab
e8a0
e8c0
e907
e989
ea56
eb63
eca2
ee08
ef86
f127
f2f4
f4f4
f714
f940
fb67
fd90
ffd9
022e
047b
06af
08d2
0ad3
0cbd
0e99
1059
11f2
1359
1485
1571
1632
16c4
1726
1740
1716
16c5
163a
157d
147f
134d
11f4
107f
0ecd
0cf0
0af8
08f7
06cf
0493
023d
ffe2
fd95
fb4f
f90a
f6d9
f4ca
f2d5
f108
ef56
edcd
ec74
eb55
ea5d
e991
e8f4
e8a1
e895
e8b4
e8fc
e97e
ea4c
eb5a
ec9c
ee04
ef85
f129
f2f8
f4fa
f71b
f949
fb70
fd98
ffdf
0233
047f
06b1
08d2
0ad1
0cb8
0e92
1051
11e8
134e
147b
1568
1629
16bc
171f
173b
1713
16c3
163a
157e
1482
1351
11f7
1083
0ed2
0cf4
0afc
08fb
06d2
0493
023b
ffde
fd8f
fb48
f902
f6d0
f4c1
f2cd
f101
ef51
edc9
ec72
eb54
ea5d
e992
e8f6
e8a3
e898
e8b7
e8ff
e981
ea4f
eb5d
ec9e
ee06
ef87
f12b
f2fb
f4fc
f71e
f94c
fb74
fd9d
ffe7
023d
048a
06bd
08df
0ade
0cc6
0ea1
1060
11f7
135d
1489
1575
1637
16ca
172c
1746
171c
16cb
1641
1584
1485
1353
11f7
1082
0ecf
0cf0
0af7
08f5
06cb
048c
0234
ffd8
fd8a
fb43
f8fe
f6cc
f4be
f2cb
f0ff
ef50
edc8
ec72
eb55
ea5e
e994
e8f9
e8a6
e89b
e8ba
e901
e982
ea4e
eb5a
ec9b
ee01
ef80
f123
f2f2
f4f3
f713
f940
fb68
fd91
ffdb
0231
047e
06b2
08d4
0ad4
0cbd
0e9a
105a
11f3
1359
1485
1572
1632
16c5
1727
1741
1716
16c5
163b
157e
1480
134d
11f3
107d
0eca
0ceb
0af2
08ef
06c5
0486
022f
ffd3
fd86
fb41
f8fd
f6cd
f4c0
f2ce
f103
ef55
edce
ec79
eb5c
ea65
e99a
e8fe
e8ab
e8a0
e8c0
e907
e989
ea56
eb63
eca2
ee08
ef86
f127
f2f4
f4f4
f714
f940
fb67
fd90
ffd9
022e
047b
06af
08d2
0ad3
0cbd
0e99
1059
11f2
1359
1485
1571
1632
16c4
1726
1740
1716
16c5
163a
157d
147f
134d
11f4
107f
0ecd
0cf0
0af8
08f7
06cf
0493
023d
ffe2
fd95
fb4f
f90a
f6d9
f4ca
f2d5
f108
ef56
edcd
ec74
eb55
ea5d
e991
e8f4
e8a1
e895
e8b4
e8fc
e97e
ea4c
eb5a
ec9c
ee04
ef85
f129
f2f8
f4fa
f71b
f949
fb70
fd98
ffdf
0233
047f
06b1
08d2
0ad1
0cb8
0e92
1051
11e8
134e
147b
1568
1629
16bc
171f
173b
1713
16c3
163a
157e
1482
1351
11f7
1083
0ed2
0cf4
0afc
08fb
06d2
0493
023b
ffde
fd8f
fb48
f902
f6d0
f4c1
f2cd
f101
ef51
edc9
ec72
eb54
ea5d
e992
e8f6
e8a3
e898
e8b7
e8ff
e981
ea4f
eb5d
ec9e
ee06
ef87
f12b
f2fb
f4fc
f71e
f94c
fb74
fd9d
ffe7
023d
048a
06bd
08df
0ade
0cc6
0ea1
1060
11f7
135d
1489
1575
1637
16ca
172c
1746
171c
16cb
1641
1584
1485
1353
11f7
1082
0ecf
0cf0
0af7
08f5
06cb
048c
0234
ffd8
fd8a
fb43
f8fe
f6cc
f4be
f2cb
f0ff
ef50
edc8
ec72
eb55
ea5e
e994
e8f9
e8a6
e89b
e8ba
e901
e982
ea4e
eb5a
ec9b
ee01
ef80
f123
f2f2
f4f3
f713
f940
fb68
fd91
ffdb
0231
047e
06b2
08d4
0ad4
0cbd
0e9a
105a
11f3
1359
1485
1572
1632
16c5
1727
1741
1716
16c5
163b
157e
1480
134d
11f3
107d
0eca
0ceb
0af2
08ef
06c5
0486
022f
ffd3
fd86
fb41
f8fd
f6cd
f4c0
f2ce
f103
ef55
edce
ec79
eb5c
ea65
e99a
e8fe
e8ab
e8a0
e8c0
e907
e989
ea56
eb63
eca2
ee08
ef86
f127
f2f4
f4f4
f714
f940
fb67
fd90
ffd9
022e
047b
06af
08d2
0ad3
0cbd
0e99
1059
11f2
1359
1485
1571
1632
16c4
1726
1740
1716
16c5
163a
157d
147f
134d
11f4
107f
0ecd
0cf0
0af8
08f7
06cf
0493
023d
ffe2
fd95
fb4f
f90a
f6d9
f4ca
f2d5
f108
ef56
edcd
ec74
eb55
ea5d
e991
e8f4
e8a1
e895
e8b4
e8fc
e97e
ea4c
eb5a
ec9c
ee04
ef85
f129
f2f8
f4fa
f71b
f949
fb70
fd98
ffdf
0233
047f
06b1
08d2
0ad1
0cb8
0e92
1051
11e8
134e
147b
1568
1629
16bc
171f
173b
1713
16c3
163a
157e
1482
1351
11f7
1083
0ed2
0cf4
0afc
08fb
06d2
0493
023b
ffde
fd8f
fb48
f902
f6d0
f4c1
f2cd
f101
ef51
edc9
ec72
eb54
ea5d
e992
e8f6
e8a3
e898
e8b7
e8ff
e981
ea4f
eb5d
ec9e
ee06
ef87
f12b
f2fb
f4fc
f71e
f94c
fb74
fd9d
ffe7
023d
048a
06bd
08df
0ade
0cc6
0ea1
1060
11f7
135d
1489
1575
1637
16ca
172c
1746
171c
16cb
1641
1584
1485
1353
11f7
1082
0ecf
0cf0
0af7
08f5
06cb
048c
0234
ffd8
fd8a
fb43
f8fe
f6cc
f4be
f2cb
f0ff
ef50
edc8
ec72
eb55
ea5e
e994
e8f9
e8a6
e89b
e8ba
e901
e982
ea4e
eb5a
ec9b
ee01
ef80
f123
f2f2
f4f3
f713
f940
fb68
fd91
ffdb
0231
047e
06b2
08d4
0ad4
0cbd
0e9a
105a
11f3
1359
1485
1572
1632
16c5
1727
1741
1716
16c5
163b
157e
1480
134d
11f3
107d
0eca
0ceb
0af2
08ef
06c5
0486
022f
ffd3
fd86
fb41
f8fd
f6cd
f4c0
f2ce
f103
ef55
edce
ec79
eb5c
ea65
e99a
e8fe
e8ab
e8a0
e8c0
e907
e989
ea56
eb63
eca2
ee08
ef86
f127
f2f4
f4f4
f714
f940
fb67
fd90
ffd9
022e
047b
06af
08d2
0ad3
0cbd
0e99
1059
11f2
1359
1485
1571
1632
16c4
1726
1740
1716
16c5
163a
157d
147f
134d
11f4
107f
0ecd
0cf0
0af8
08f7
06cf
0493
023d
ffe2
fd95
fb4f
f90a
f6d9
f4ca
f2d5
f108
ef56
edcd
ec74
eb55
ea5d
e991
e8f4
e8a1
e895
e8b4
e8fc
e97e
ea4c
eb5a
ec9c
ee04
ef85
f129
f2f8
f4fa
f71b
f949
fb70
fd98
ffdf
0233
047f
06b1
08d2
0ad1
0cb8
0e92
1051
11e8
134e
147b
1568
1629
16bc
171f
173b
1713
16c3
163a
157e
1482
1351
11f7
1083
0ed2
0cf4
0afc
08fb
06d2
0493
023b
ffde
fd8f
fb48
f902
f6d0
f4c1
f2cd
f101
ef51
edc9
ec72
eb54
ea5d
e992
e8f6
e8a3
e898
e8b7
e8ff
e981
ea4f
eb5d
ec9e
ee06
ef87
f12b
f2fb
f4fc
f71e
f94c
fb74
fd9d
ffe7
023d
048a
06bd
08df
0ade
0cc6
0ea1
1060
11f7
135d
1489
1575
1637
16ca
172c
1746
171c
16cb
1641
1584
1485
1353
11f7
1082
0ecf
0cf0
0af7
08f5
06cb
048c
0234
ffd8
fd8a
fb43
f8fe
f6cc
f4be
f2cb
f0ff
ef50
edc8
ec72
eb55
ea5e
e994
e8f9
e8a6
e89b
e8ba
e901
e982
ea4e
eb5a
ec9b
ee01
ef80
f123
f2f2
f4f3
f713
f940
fb68
fd91
ffdb
0231
047e
06b2
08d4
0ad4
0cbd
0e9a
105a
11f3
1359
1485
1572
1632
16c5
1727
1741
1716
16c5
163b
157e
1480
134d
11f3
107d
0eca
0ceb
0af2
08ef
06c5
0486
022f
ffd3
fd86
fb41
f8fd
f6cd
f4c0
f2ce
f103
ef55
edce
ec79
eb5c
ea65
e99a
e8fe
e8ab
e8a0
e8c0
e907
e989
ea56
eb63
eca2
ee08
ef86
f127
f2f4
f4f4
f714
f940
fb67
fd90
ffd9
022e
047b
06af
08d2
0ad3
0cbd
0e99
1059
11f2
1359
1485
1571
1632
16c4
1726
1740
1716
16c5
163a
157d
147f
134d
11f4
107f
0ecd
0cf0
0af8
08f7
06cf
0493
023d
ffe2
fd95
fb4f
f90a
f6d9
f4ca
f2d5
f108
ef56
edcd
ec74
eb55
ea5d
e991
e8f4
e8a1
e895
e8b4
e8fc
e97e
ea4c
eb5a
ec9c
ee04
ef85
f129
f2f8
f4fa
f71b
f949
fb70
fd98
ffdf
0233
047f
06b1
08d2
0ad1
0cb8
0e92
1051
11e8
134e
147b
1568
1629
16bc
171f
173b
1713
16c3
163a
157e
1482
1351
11f7
1083
0ed2
0cf4
0afc
08fb
06d2
0493
023b
ffde
fd8f
fb48
f902
f6d0
f4c1
f2cd
f101
ef51
edc9
ec72
eb54
ea5d
e992
e8f6
e8a3
e898
e8b7
e8ff
e981
ea4f
eb5d
ec9e
ee06
ef87
f12b
f2fb
f4fc
f71e
f94c
fb74
fd9d
ffe7
023d
048a
06bd
08df
0ade
0cc6
0ea1
1060
11f7
135d
1489
1575
1637
16ca
172c
1746
171c
16cb
1641
1584
1485
1353
11f7
1082
0ecf
0cf0
0af7
08f5
06cb
048c
0234
ffd8
fd8a
fb43
f8fe
f6cc
f4be
f2cb
f0ff
ef50
edc8
ec72
eb55
ea5e
e994
e8f9
e8a6
e89b
e8ba
e901
e982
ea4e
eb5a
ec9b
ee01
ef80
f123
f2f2
f4f3
f713
f940
fb68
fd91
ffdb
0231
047e
06b2
08d4
0ad4
0cbd
0e9a
105a
11f3
1359
1485
1572
1632
16c5
1727
1741
1716
16c5
163b
157e
1480
134d
11f3
107d
0eca
0ceb
0af2
08ef
06c5
0486
022f
ffd3
fd86
fb41
f8fd
f6cd
f4c0
f2ce
f103
ef55
edce
ec79
eb5c
ea65
e99a
e8fe
e8ab
e8a0
e8c0
e907
e989
ea56
eb63
eca2
ee08
ef86
f127
f2f4
f4f4
f714
f940
fb67
fd90
ffd9
022e
047b
06af
08d2
0ad3
0cbd
0e99
1059
11f2
1359
1485
1571
1632
16c4
1726
1740
1716
16c5
163a
157d
147f
134d
11f4
107f
0ecd
0cf0
0af8
08f7
06cf
0493
023d
ffe2
fd95
fb4f
f90a
f6d9
f4ca
f2d5
f108
ef56
edcd
ec74
eb55
ea5d
e991
e8f4
e8a1
e895
e8b4
e8fc
e97e
ea4c
eb5a
ec9c
ee04
ef85
f129
f2f8
f4fa
f71b
f949
fb70
fd98
ffdf
0233
047f
06b1
08d2
0ad1
0cb8
0e92
1051
11e8
134e
147b
1568
1629
16bc
171f
173b
1713
16c3
163a
157e
1482
1351
11f7
1083
0ed2
0cf4
0afc
08fb
06d2
0493
023b
ffde
fd8f
fb48
f902
f6d0
f4c1
f2cd
f101
ef51
edc9
ec72
eb54
ea5d
e992
e8f6
e8a3
e898
e8b7
e8ff
e981
ea4f
eb5d
ec9e
ee06
ef87
f12b
f2fb
f4fc
f71e
f94c
fb74
fd9d
ffe7
023d
048a
06bd
08df
0ade
0cc6
0ea1
1060
11f7
135d
1489
1575
1637
16ca
172c
1746
171c
16cb
1641
1584
1485
1353
11f7
1082
0ecf
0cf0
0af7
08f5
06cb
048c
0234
ffd8
fd8a
fb43
f8fe
f6cc
f4be
f2cb
f0ff
ef50
edc8
ec72
eb55
ea5e
e994
e8f9
e8a6
e89b
e8ba
e901
e982
ea4e
eb5a
ec9b
ee01
ef80
f123
f2f2
f4f3
f713
f940
fb68
fd91
ffdb
0231
047e
06b2
08d4
0ad4
0cbd
0e9a
105a
11f3
1359
1485
1572
1632
16c5
1727
1741
1716
16c5
163b
157e
1480
134d
11f3
107d
0eca
0ceb
0af2
08ef
06c5
0486
022f
ffd3
fd86
fb41
f8fd
f6cd
f4c0
f2ce
f103
ef55
edce
ec79
eb5c
ea65
e99a
e8fe
e8ab
e8a0
e8c0
e907
e989
ea56
eb63
eca2
ee08
ef86
f127
f2f4
f4f4
f714
f940
fb67
fd90
ffd9
022e
047b
06af
08d2
0ad3
0cbd
0e99
1059
11f2
1359
1485
1571
1632
16c4
1726
1740
1716
16c5
163a
157d
147f
134d
11f4
107f
0ecd
0cf0
0af8
08f7
06cf
0493
023d
ffe2
fd95
fb4f
f90a
f6d9
f4ca
f2d5
f108
ef56
edcd
ec74
eb55
ea5d
e991
e8f4
e8a1
e895
e8b4
e8fc
e97e
ea4c
eb5a
ec9c
ee04
ef85
f129
f2f8
f4fa
f71b
f949
fb70
fd98
ffdf
0233
047f
06b1
08d2
0ad1
0cb8
0e92
1051
11e8
134e
147b
1568
1629
16bc
171f
173b
1713
16c3
163a
157e
1482
1351
11f7
1083
0ed2
0cf4
0afc
08fb
06d2
0493
023b
ffde
fd8f
fb48
f902
f6d0
f4c1
f2cd
f101
ef51
edc9
ec72
eb54
ea5d
e992
e8f6
e8a3
e898
e8b7
e8ff
e981
ea4f
eb5d
ec9e
ee06
ef87
f12b
f2fb
f4fc
f71e
f94c
fb74
fd9d
ffe7
023d
048a
06bd
08df
0ade
0cc6
0ea1
1060
11f7
135d
1489
1575
1637
16ca
172c
1746
171c
16cb
1641
1584
1485
1353
11f7
1082
0ecf
0cf0
0af7
08f5
06cb
048c
0234
ffd8
fd8a
fb43
f8fe
f6cc
f4be
f2cb
f0ff
ef50
edc8
ec72
eb55
ea5e
e994
e8f9
e8a6
e89b
e8ba
e901
e982
ea4e
eb5a
ec9b
ee01
ef80
f123
f2f2
f4f3
f713
f940
fb68
fd91
ffdb
0231
047e
06b2
08d4
0ad4
0cbd
0e9a
105a
11f3
1359
1485
1572
1632
16c5
1727
1741
1716
16c5
163b
157e
1480
134d
11f3
107d
0eca
0ceb
0af2
08ef
06c5
0486
022f
ffd3
fd86
fb41
f8fd
f6cd
f4c0
f2ce
f103
ef55
edce
ec79
eb5c
ea65
e99a
e8fe
e8ab
e8a0
e8c0
e907
e989
ea56
eb63
eca2
ee08
ef86
f127
f2f4
f4f4
f714
f940
fb67
fd90
ffd9
022e
047b
06af
08d2
0ad3
0cbd
0e99
1059
11f2
1359
1485
1571
1632
16c4
1726
1740
1716
16c5
163a
157d
147f
134d
11f4
107f
0ecd
0cf0
0af8
08f7
06cf
0493
023d
ffe2
fd95
fb4f
f90a
f6d9
f4ca
f2d5
f108
ef56
edcd
ec74
eb55
ea5d
e991
e8f4
e8a1
e895
e8b4
e8fc
e97e
ea4c
eb5a
ec9c
ee04
ef85
f129
f2f8
f4fa
f71b
f949
fb70
fd98
ffdf
0233
047f
06b1
08d2
0ad1
0cb8
0e92
1051
11e8
134e
147b
1568
1629
16bc
171f
173b
1713
16c3
163a
157e
1482
1351
11f7
1083
0ed2
0cf4
0afc
08fb
06d2
0493
023b
ffde
fd8f
fb48
f902
f6d0
f4c1
f2cd
f101
ef51
edc9
ec72
eb54
ea5d
e992
e8f6
e8a3
e898
e8b7
e8ff
e981
ea4f
eb5d
ec9e
ee06
ef87
f12b
f2fb
f4fc
f71e
f94c
fb74
fd9d
ffe7
023d
048a
06bd
08df
0ade
0cc6
0ea1
1060
11f7
135d
1489
1575
1637
16ca
172c
1746
171c
16cb
1641
1584
1485
1353
11f7
1082
0ecf
0cf0
0af7
08f5
06cb
048c
0234
ffd8
fd8a
fb43
f8fe
f6cc
f4be
f2cb
f0ff
ef50
edc8
ec72
eb55
ea5e
e994
e8f9
e8a6
e89b
e8ba
e901
e982
ea4e
eb5a
ec9b
ee01
ef80
f123
f2f2
f4f3
f713
f940
fb68
fd91
ffdb
0231
047e
06b2
08d4
0ad4
0cbd
0e9a
105a
11f3
1359
1485
1572
1632
16c5
1727
1741
1716
16c5
163b
157e
1480
134d
11f3
107d
0eca
0ceb
0af2
08ef
06c5
0486
022f
ffd3
fd86
fb41
f8fd
f6cd
f4c0
f2ce
f103
ef55
edce
ec79
eb5c
ea65
e99a
e8fe
e8ab
e8a0
e8c0
e907
e989
ea56
eb63
eca2
ee08
ef86
f127
f2f4
f4f4
f714
f940
fb67
fd90
ffd9
022e
047b
06af
08d2
0ad3
0cbd
0e99
1059
11f2
1359
1485
1571
1632
16c4
1726
1740
1716
16c5
163a
157d
147f
134d
11f4
107f
0ecd
0cf0
0af8
08f7
06cf
0493
023d
ffe2
fd95
fb4f
f90a
f6d9
f4ca
f2d5
f108
ef56
edcd
ec74
eb55
ea5d
e991
e8f4
e8a1
e895
e8b4
e8fc
e97e
ea4c
eb5a
ec9c
ee04
ef85
f129
f2f8
f4fa
f71b
f949
fb70
fd98
ffdf
0233
047f
06b1
08d2
0ad1
0cb8
0e92
1051
11e8
134e
147b
1568
1629
16bc
171f
173b
1713
16c3
163a
157e
1482
1351
11f7
1083
0ed2
0cf4
0afc
08fb
06d2
0493
023b
ffde
fd8f
fb48
f902
f6d0
f4c1
f2cd
f101
ef51
edc9
ec72
eb54
ea5d
e992
e8f6
e8a3
e898
e8b7
e8ff
e981
ea4f
eb5d
ec9e
ee06
ef87
f12b
f2fb
f4fc
f71e
f94c
fb74
fd9d
ffe7
023d
048a
06bd
08df
0ade
0cc6
0ea1
1060
11f7
135d
1489
1575
1637
16ca
172c
1746
171c
16cb
1641
1584
1485
1353
11f7
1082
0ecf
0cf0
0af7
08f5
06cb
048c
0234
ffd8
fd8a
fb43
f8fe
f6cc
f4be
f2cb
f0ff
ef50
edc8
ec72
eb55
ea5e
e994
e8f9
e8a6
e89b
e8ba
e901
e982
ea4e
eb5a
ec9b
ee01
ef80
f123
f2f2
f4f3
f713
f940
fb68
fd91
ffdb
0231
047e
06b2
08d4
0ad4
0cbd
0e9a
105a
11f3
1359
1485
1572
1632
16c5
1727
1741
1716
16c5
163b
157e
1480
134d
11f3
107d
0eca
0ceb
0af2
08ef
06c5
0486
022f
ffd3
fd86
fb41
f8fd
f6cd
f4c0
f2ce
f103
ef55
edce
ec79
eb5c
ea65
e99a
e8fe
e8ab
e8a0
e8c0
e907
e989
ea56
eb63
eca2
ee08
ef86
f127
f2f4
f4f4
f714
f940
fb67
fd90
ffd9
022e
047b
06af
08d2
0ad3
0cbd
0e99
1059
11f2
1359
1485
1571
1632
16c4
1726
1740
1716
16c5
163a
157d
147f
134d
11f4
107f
0ecd
0cf0
0af8
08f7
06cf
0493
023d
ffe2
fd95
fb4f
f90a
f6d9
f4ca
f2d5
f108
ef56
edcd
ec74
eb55
ea5d
e991
e8f4
e8a1
e895
e8b4
e8fc
e97e
ea4c
eb5a
ec9c
ee04
ef85
f129
f2f8
f4fa
f71b
f949
fb70
fd98
ffdf
0233
047f
06b1
08d2
0ad1
0cb8
0e92
1051
11e8
134e
147b
1568
1629
16bc
171f
173b
1713
16c3
163a
157e
1482
1351
11f7
1083
0ed2
0cf4
0afc
08fb
06d2
0493
023b
ffde
fd8f
fb48
f902
f6d0
f4c1
f2cd
f101
ef51
edc9
ec72
eb54
ea5d
e992
e8f6
e8a3
e898
e8b7
e8ff
e981
ea4f
eb5d
ec9e
ee06
ef87
f12b
f2fb
f4fc
f71e
f94c
fb74
fd9d
ffe7
023d
048a
06bd
08df
0ade
0cc6
0ea1
1060
11f7
135d
1489
1575
1637
16ca
172c
1746
171c
16cb
1641
1584
1485
1353
11f7
1082
0ecf
0cf0
0af7
08f5
06cb
048c
0234
ffd8
fd8a
fb43
f8fe
f6cc
f4be
f2cb
f0ff
ef50
edc8
ec72
eb55
ea5e
e994
e8f9
e8a6
e89b
e8ba
e901
e982
ea4e
eb5a
ec9b
ee01
ef80
f123
f2f2
f4f3
f713
f940
fb68
fd91
ffdb
0231
047e
06b2
08d4
0ad4
0cbd
0e9a
105a
11f3
1359
1485
1572
1632
16c5
1727
1741
1716
16c5
163b
157e
1480
134d
11f3
107d
0eca
0ceb
0af2
08ef
06c5
0486
022f
ffd3
fd86
fb41
f8fd
f6cd
f4c0
f2ce
f103
ef55
edce
ec79
eb5c
ea65
e99a
e8fe
e8ab
e8a0
e8c0
e907
e989
ea56
eb63
eca2
ee08
ef86
f127
f2f4
f4f4
f714
f940
fb67
fd90
ffd9
022e
047b
06af
08d2
0ad3
0cbd
0e99
1059
11f2
1359
1485
1571
1632
16c4
1726
1740
1716
16c5
163a
157d
147f
134d
11f4
107f
0ecd
0cf0
0af8
08f7
06cf
0493
023d
ffe2
fd95
fb4f
f90a
f6d9
f4ca
f2d5
f108
ef56
edcd
ec74
eb55
ea5d
e991
e8f4
e8a1
e895
e8b4
e8fc
e97e
ea4c
eb5a
ec9c
ee04
ef85
f129
f2f8
f4fa
f71b
f949
fb70
fd98
ffdf
0233
047f
06b1
08d2
0ad1
0cb8
0e92
1051
11e8
134e
147b
1568
1629
16bc
171f
173b
1713
16c3
163a
157e
1482
1351
11f7
1083
0ed2
0cf4
0afc
08fb
06d2
0493
023b
ffde
fd8f
fb48
f902
f6d0
f4c1
f2cd
f101
ef51
edc9
ec72
eb54
ea5d
e992
e8f6
e8a3
e898
e8b7
e8ff
e981
ea4f
eb5d
ec9e
ee06
ef87
f12b
f2fb
f4fc
f71e
f94c
fb74
fd9d
ffe7
023d
048a
06bd
08df
0ade
0cc6
0ea1
1060
11f7
135d
1489
1575
1637
16ca
172c
1746
171c
16cb
1641
1584
1485
1353
11f7
1082
0ecf
0cf0
0af7
08f5
06cb
048c
0234
ffd8
fd8a
fb43
f8fe
f6cc
f4be
f2cb
f0ff
ef50
edc8
ec72
eb55
ea5e
e994
e8f9
e8a6
e89b
e8ba
e901
e982
ea4e
eb5a
ec9b
ee01
ef80
f123
f2f2
f4f3
f713
f940
fb68
fd91
ffdb
0231
047e
06b2
08d4
0ad4
0cbd
0e9a
105a
11f3
1359
1485
1572
1632
16c5
1727
1741
1716
16c5
163b
157e
1480
134d
11f3
107d
0eca
0ceb
0af2
08ef
06c5
0486
022f
ffd3
fd86
fb41
f8fd
f6cd
f4c0
f2ce
f103
ef55
edce
ec79
eb5c
ea65
e99a
e8fe
e8ab
e8a0
e8c0
e907
e989
ea56
eb63
eca2
ee08
ef86
f127
f2f4
f4f4
f714
f940
fb67
fd90
ffd9
022e
047b
06af
08d2
0ad3
0cbd
0e99
1059
11f2
1359
1485
1571
1632
16c4
1726
1740
1716
16c5
163a
157d
147f
134d
11f4
107f
0ecd
0cf0
0af8
08f7
06cf
0493
023d
ffe2
fd95
fb4f
f90a
f6d9
f4ca
f2d5
f108
ef56
edcd
ec74
eb55
ea5d
e991
e8f4
e8a1
e895
e8b4
e8fc
e97e
ea4c
eb5a
ec9c
ee04
ef85
f129
f2f8
f4fa
f71b
f949
fb70
fd98
ffdf
0233
047f
06b1
08d2
0ad1
0cb8
0e92
1051
11e8
134e
147b
1568
1629
16bc
171f
173b
1713
16c3
163a
157e
1482
1351
11f7
1083
0ed2
0cf4
0afc
08fb
06d2
0493
023b
ffde
fd8f
fb48
f902
f6d0
f4c1
f2cd
f101
ef51
edc9
ec72
eb54
ea5d
e992
e8f6
e8a3
e898
e8b7
e8ff
e981
ea4f
eb5d
ec9e
ee06
ef87
f12b
f2fb
f4fc
f71e
f94c
fb74
fd9d
ffe7
023d
048a
06bd
08df
0ade
0cc6
0ea1
1060
11f7
135d
1489
1575
1637
16ca
172c
1746
171c
16cb
1641
1584
1485
1353
11f7
1082
0ecf
0cf0
0af7
08f5
06cb
048c
0234
ffd8
fd8a
fb43
f8fe
f6cc
f4be
f2cb
f0ff
ef50
edc8
ec72
eb55
ea5e
e994
e8f9
e8a6
e89b
e8ba
e901
e982
ea4e
eb5a
ec9b
ee01
ef80
f123
f2f2
f4f3
f713
f940
fb68
fd91
ffdb
0231
047e
06b2
08d4
0ad4
0cbd
0e9a
105a
11f3
1359
1485
1572
1632
16c5
1727
1741
1716
16c5
163b
157e
1480
134d
11f3
107d
0eca
0ceb
0af2
08ef
06c5
0486
022f
ffd3
fd86
fb41
f8fd
f6cd
f4c0
f2ce
f103
ef55
edce
ec79
eb5c
ea65
e99a
e8fe
e8ab
e8a0
e8c0
e907
e989
ea56
eb63
eca2
ee08
ef86
f127
f2f4
f4f4
f714
f940
fb67
fd90
ffd9
022e
047b
06af
08d2
0ad3
0cbd
0e99
1059
11f2
1359
1485
1571
1632
16c4
1726
1740
1716
16c5
163a
157d
147f
134d
11f4
107f
0ecd
0cf0
0af8
08f7
06cf
0493
023d
ffe2
fd95
fb4f
f90a
f6d9
f4ca
f2d5
f108
ef56
edcd
ec74
eb55
ea5d
e991
e8f4
e8a1
e895
e8b4
e8fc
e97e
ea4c
eb5a
ec9c
ee04
ef85
f129
f2f8
f4fa
f71b
f949
fb70
fd98
ffdf
0233
047f
06b1
08d2
0ad1
0cb8
0e92
1051
11e8
134e
147b
1568
1629
16bc
171f
173b
1713
16c3
163a
157e
1482
1351
11f7
1083
0ed2
0cf4
0afc
08fb
06d2
0493
023b
ffde
fd8f
fb48
f902
f6d0
f4c1
f2cd
f101
ef51
edc9
ec72
eb54
ea5d
e992
e8f6
e8a3
e898
e8b7
e8ff
e981
ea4f
eb5d
ec9e
ee06
ef87
f12b
f2fb
f4fc
f71e
f94c
fb74
fd9d
ffe7
023d
048a
06bd
08df
0ade
0cc6
0ea1
1060
11f7
135d
1489
1575
1637
16ca
172c
1746
171c
16cb
1641
1584
1485
1353
11f7
1082
0ecf
0cf0
0af7
08f5
06cb
048c
0234
ffd8
fd8a
fb43
f8fe
f6cc
f4be
f2cb
f0ff
ef50
edc8
ec72
eb55
ea5e
e994
e8f9
e8a6
e89b
e8ba
e901
e982
ea4e
eb5a
ec9b
ee01
ef80
f123
f2f2
f4f3
f713
f940
fb68
fd91
ffdb
0231
047e
06b2
08d4
0ad4
0cbd
0e9a
105a
11f3
1359
1485
1572
1632
16c5
1727
1741
1716
16c5
163b
157e
1480
134d
11f3
107d
0eca
0ceb
0af2
08ef
06c5
0486
022f
ffd3
fd86
fb41
f8fd
f6cd
f4c0
f2ce
f103
ef55
edce
ec79
eb5c
ea65
e99a
e8fe
e8ab
e8a0
e8c0
e907
e989
ea56
eb63
eca2
ee08
ef86
f127
f2f4
f4f4
f714
f940
fb67
fd90
ffd9
022e
047b
06af
08d2
0ad3
0cbd
0e99
1059
11f2
1359
1485
1571
1632
16c4
1726
1740
1716
16c5
163a
157d
147f
134d
11f4
107f
0ecd
0cf0
0af8
08f7
06cf
0493
023d
ffe2
fd95
fb4f
f90a
f6d9
f4ca
f2d5
f108
ef56
edcd
ec74
eb55
ea5d
e991
e8f4
e8a1
e895
e8b4
e8fc
e97e
ea4c
eb5a
ec9c
ee04
ef85
f129
f2f8
f4fa
f71b
f949
fb70
fd98
ffdf
0233
047f
06b1
08d2
0ad1
0cb8
0e92
1051
11e8
134e
147b
1568
1629
16bc
171f
173b
1713
16c3
163a
157e
1482
1351
11f7
1083
0ed2
0cf4
0afc
08fb
06d2
0493
023b
ffde
fd8f
fb48
f902
f6d0
f4c1
f2cd
f101
ef51
edc9
ec72
eb54
ea5d
e992
e8f6
e8a3
e898
e8b7
e8ff
e981
ea4f
eb5d
ec9e
ee06
ef87
f12b
f2fb
f4fc
f71e
f94c
fb74
fd9d
ffe7
023d
048a
06bd
08df
0ade
0cc6
0ea1
1060
11f7
135d
1489
1575
1637
16ca
172c
1746
171c
16cb
1641
1584
1485
1353
11f7
1082
0ecf
0cf0
0af7
08f5
06cb
048c
0234
ffd8
fd8a
fb43
f8fe
f6cc
f4be
f2cb
f0ff
ef50
edc8
ec72
eb55
ea5e
e994
e8f9
e8a6
e89b
e8ba
e901
e982
ea4e
eb5a
ec9b
ee01
ef80
f123
f2f2
f4f3
f713
f940
fb68
fd91
ffdb
0231
047e
06b2
08d4
0ad4
0cbd
0e9a
105a
11f3
1359
1485
1572
1632
16c5
1727
1741
1716
16c5
163b
157e
1480
134d
11f3
107d
0eca
0ceb
0af2
08ef
06c5
0486
022f
ffd3
fd86
fb41
f8fd
f6cd
f4c0
f2ce
f103
ef55
edce
ec79
eb5c
ea65
e99a
e8fe
e8ab
e8a0
e8c0
e907
e989
ea56
eb63
eca2
ee08
ef86
f127
f2f4
f4f4
f714
f940
fb67
fd90
ffd9
022e
047b
06af
08d2
0ad3
0cbd
0e99
1059
11f2
1359
1485
1571
1632
16c4
1726
1740
1716
16c5
163a
157d
147f
134d
11f4
107f
0ecd
0cf0
0af8
08f7
06cf
0493
023d
ffe2
fd95
fb4f
f90a
f6d9
f4ca
f2d5
f108
ef56
edcd
ec74
eb55
ea5d
e991
e8f4
e8a1
e895
e8b4
e8fc
e97e
ea4c
eb5a
ec9c
ee04
ef85
f129
f2f8
f4fa
f71b
f949
fb70
fd98
ffdf
0233
047f
06b1
08d2
0ad1
0cb8
0e92
1051
11e8
134e
147b
1568
1629
16bc
171f
173b
1713
16c3
163a
157e
1482
1351
11f7
1083
0ed2
0cf4
0afc
08fb
06d2
0493
023b
ffde
fd8f
fb48
f902
f6d0
f4c1
f2cd
f101
ef51
edc9
ec72
eb54
ea5d
e992
e8f6
e8a3
e898
e8b7
e8ff
e981
ea4f
eb5d
ec9e
ee06
ef87
f12b
f2fb
f4fc
f71e
f94c
fb74
fd9d
ffe7
023d
048a
06bd
08df
0ade
0cc6
0ea1
1060
11f7
135d
1489
1575
1637
16ca
172c
1746
171c
16cb
1641
1584
1485
1353
11f7
1082
0ecf
0cf0
0af7
08f5
06cb
048c
0234
ffd8
fd8a
fb43
f8fe
f6cc
f4be
f2cb
f0ff
ef50
edc8
ec72
eb55
ea5e
e994
e8f9
e8a6
e89b
e8ba
e901
e982
ea4e
eb5a
ec9b
ee01
ef80
f123
f2f2
f4f3
f713
f940
fb68
fd91
ffdb
0231
047e
06b2
08d4
0ad4
0cbd
0e9a
105a
11f3
1359
1485
1572
1632
16c5
1727
1741
1716
16c5
163b
157e
1480
134d
11f3
107d
0eca
0ceb
0af2
08ef
06c5
0486
022f
ffd3
fd86
fb41
f8fd
f6cd
f4c0
f2ce
f103
ef55
edce
ec79
eb5c
ea65
e99a
e8fe
e8ab
e8a0
e8c0
e907
e989
ea56
eb63
eca2
ee08
ef86
f127
f2f4
f4f4
f714
f940
fb67
fd90
ffd9
022e
047b
06af
08d2
0ad3
0cbd
0e99
1059
11f2
1359
1485
1571
1632
16c4
1726
1740
1716
16c5
163a
157d
147f
134d
11f4
107f
0ecd
0cf0
0af8
08f7
06cf
0493
023d
ffe2
fd95
fb4f
f90a
f6d9
f4ca
f2d5
f108
ef56
edcd
ec74
eb55
ea5d
e991
e8f4
e8a1
e895
e8b4
e8fc
e97e
ea4c
eb5a
ec9c
ee04
ef85
f129
f2f8
f4fa
f71b
f949
fb70
fd98
ffdf
0233
047f
06b1
08d2
0ad1
0cb8
0e92
1051
11e8
134e
147b
1568
1629
16bc
171f
173b
1713
16c3
163a
157e
1482
1351
11f7
1083
0ed2
0cf4
0afc
08fb
06d2
0493
023b
ffde
fd8f
fb48
f902
f6d0
f4c1
f2cd
f101
ef51
edc9
ec72
eb54
ea5d
e992
e8f6
e8a3
e898
e8b7
e8ff
e981
ea4f
eb5d
ec9e
ee06
ef87
f12b
f2fb
f4fc
f71e
f94c
fb74
fd9d
ffe7
023d
048a
06bd
08df
0ade
0cc6
0ea1
1060
11f7
135d
1489
1575
1637
16ca
172c
1746
171c
16cb
1641
1584
1485
1353
11f7
1082
0ecf
0cf0
0af7
08f5
06cb
048c
0234
ffd8
fd8a
fb43
f8fe
f6cc
f4be
f2cb
f0ff
ef50
edc8
ec72
eb55
ea5e
e994
e8f9
e8a6
e89b
e8ba
e901
e982
ea4e
eb5a
ec9b
ee01
ef80
f123
f2f2
f4f3
f713
f940
fb68
fd91
ffdb
0231
047e
06b2
08d4
0ad4
0cbd
0e9a
105a
11f3
1359
1485
1572
1632
16c5
1727
1741
1716
16c5
163b
157e
1480
134d
11f3
107d
0eca
0ceb
0af2
08ef
06c5
0486
022f
ffd3
fd86
fb41
f8fd
f6cd
f4c0
f2ce
f103
ef55
edce
ec79
eb5c
ea65
e99a
e8fe
e8ab
e8a0
e8c0
e907
e989
ea56
eb63
eca2
ee08
ef86
f127
f2f4
f4f4
f714
f940
fb67
fd90
ffd9
022e
047b
06af
08d2
0ad3
0cbd
0e99
1059
11f2
1359
1485
1571
1632
16c4
1726
1740
1716
16c5
163a
157d
147f
134d
11f4
107f
0ecd
0cf0
0af8
08f7
06cf
0493
023d
ffe2
fd95
fb4f
f90a
f6d9
f4ca
f2d5
f108
ef56
edcd
ec74
eb55
ea5d
e991
e8f4
e8a1
e895
e8b4
e8fc
e97e
ea4c
eb5a
ec9c
ee04
ef85
f129
f2f8
f4fa
f71b
f949
fb70
fd98
ffdf
0233
047f
06b1
08d2
0ad1
0cb8
0e92
1051
11e8
134e
147b
1568
1629
16bc
171f
173b
1713
16c3
163a
157e
1482
1351
11f7
1083
0ed2
0cf4
0afc
08fb
06d2
0493
023b
ffde
fd8f
fb48
f902
f6d0
f4c1
f2cd
f101
ef51
edc9
ec72
eb54
ea5d
e992
e8f6
e8a3
e898
e8b7
e8ff
e981
ea4f
eb5d
ec9e
ee06
ef87
f12b
f2fb
f4fc
f71e
f94c
fb74
fd9d
ffe7
023d
048a
06bd
08df
0ade
0cc6
0ea1
1060
11f7
135d
1489
1575
1637
16ca
172c
1746
171c
16cb
1641
1584
1485
1353
11f7
1082
0ecf
0cf0
0af7
08f5
06cb
048c
0234
ffd8
fd8a
fb43
f8fe
f6cc
f4be
f2cb
f0ff
ef50
edc8
ec72
eb55
ea5e
e994
e8f9
e8a6
e89b
e8ba
e901
e982
ea4e
eb5a
ec9b
ee01
ef80
f123
f2f2
f4f3
f713
f940
fb68
fd91
ffdb
0231
047e
06b2
08d4
0ad4
0cbd
0e9a
105a
11f3
1359
1485
1572
1632
16c5
1727
1741
1716
16c5
163b
157e
1480
134d
11f3
107d
0eca
0ceb
0af2
08ef
06c5
0486
022f
ffd3
fd86
fb41
f8fd
f6cd
f4c0
f2ce
f103
ef55
edce
ec79
eb5c
ea65
e99a
e8fe
e8ab
e8a0
e8c0
e907
e989
ea56
eb63
eca2
ee08
ef86
f127
f2f4
f4f4
f714
f940
fb67
fd90
ffd9
022e
047b
06af
08d2
0ad3
0cbd
0e99
1059
11f2
1359
1485
1571
1632
16c4
1726
1740
1716
16c5
163a
157d
147f
134d
11f4
107f
0ecd
0cf0
0af8
08f7
06cf
0493
023d
ffe2
fd95
fb4f
f90a
f6d9
f4ca
f2d5
f108
ef56
edcd
ec74
eb55
ea5d
e991
e8f4
e8a1
e895
e8b4
e8fc
e97e
ea4c
eb5a
ec9c
ee04
ef85
f129
f2f8
f4fa
f71b
f949
fb70
fd98
ffdf
0233
047f
06b1
08d2
0ad1
0cb8
0e92
1051
11e8
134e
147b
1568
1629
16bc
171f
173b
1713
16c3
163a
157e
1482
1351
11f7
1083
0ed2
0cf4
0afc
08fb
06d2
0493
023b
ffde
fd8f
fb48
f902
f6d0
f4c1
f2cd
f101
ef51
edc9
ec72
eb54
ea5d
e992
e8f6
e8a3
e898
e8b7
e8ff
e981
ea4f
eb5d
ec9e
ee06
ef87
f12b
f2fb
f4fc
f71e
f94c
fb74
fd9d
ffe7
023d
048a
06bd
08df
0ade
0cc6
0ea1
1060
11f7
135d
1489
1575
1637
16ca
172c
1746
171c
16cb
1641
1584
1485
1353
11f7
1082
0ecf
0cf0
0af7
08f5
06cb
048c
0234
ffd8
fd8a
fb43
f8fe
f6cc
f4be
f2cb
f0ff
ef50
edc8
ec72
eb55
ea5e
e994
e8f9
e8a6
e89b
e8ba
e901
e982
ea4e
eb5a
ec9b
ee01
ef80
f123
f2f2
f4f3
f713
f940
fb68
fd91
ffdb
0231
047e
06b2
08d4
0ad4
0cbd
0e9a
105a
11f3
1359
1485
1572
1632
16c5
1727
1741
1716
16c5
163b
157e
1480
134d
11f3
107d
0eca
0ceb
0af2
08ef
06c5
0486
022f
ffd3
fd86
fb41
f8fd
f6cd
f4c0
f2ce
f103
ef55
edce
ec79
eb5c
ea65
e99a
e8fe
e8ab
e8a0
e8c0
e907
e989
ea56
eb63
eca2
ee08
ef86
f127
f2f4
f4f4
f714
f940
fb67
fd90
ffd9
022e
047b
06af
08d2
0ad3
0cbd
0e99
1059
11f2
1359
1485
1571
1632
16c4
1726
1740
1716
16c5
163a
157d
147f
134d
11f4
107f
0ecd
0cf0
0af8
08f7
06cf
0493
023d
ffe2
fd95
fb4f
f90a
f6d9
f4ca
f2d5
f108
ef56
edcd
ec74
eb55
ea5d
e991
e8f4
e8a1
e895
e8b4
e8fc
e97e
ea4c
eb5a
ec9c
ee04
ef85
f129
f2f8
f4fa
f71b
f949
fb70
fd98
ffdf
0233
047f
06b1
08d2
0ad1
0cb8
0e92
1051
11e8
134e
147b
1568
1629
16bc
171f
173b
1713
16c3
163a
157e
1482
1351
11f7
1083
0ed2
0cf4
0afc
08fb
06d2
0493
023b
ffde
fd8f
fb48
f902
f6d0
f4c1
f2cd
f101
ef51
edc9
ec72
eb54
ea5d
e992
e8f6
e8a3
e898
e8b7
e8ff
e981
ea4f
eb5d
ec9e
ee06
ef87
f12b
f2fb
f4fc
f71e
f94c
fb74
fd9d
ffe7
023d
048a
06bd
08df
0ade
0cc6
0ea1
1060
11f7
135d
1489
1575
1637
16ca
172c
1746
171c
16cb
1641
1584
1485
1353
11f7
1082
0ecf
0cf0
0af7
08f5
06cb
048c
0234
ffd8
fd8a
fb43
f8fe
f6cc
f4be
f2cb
f0ff
ef50
edc8
ec72
eb55
ea5e
e994
e8f9
e8a6
e89b
e8ba
e901
e982
ea4e
eb5a
ec9b
ee01
ef80
f123
f2f2
f4f3
f713
f940
fb68
fd91
ffdb
0231
047e
06b2
08d4
0ad4
0cbd
0e9a
105a
11f3
1359
1485
1572
1632
16c5
1727
1741
1716
16c5
163b
157e
1480
134d
11f3
107d
0eca
0ceb
0af2
08ef
06c5
0486
022f
ffd3
fd86
fb41
f8fd
f6cd
f4c0
f2ce
f103
ef55
edce
ec79
eb5c
ea65
e99a
e8fe
e8ab
e8a0
e8c0
e907
e989
ea56
eb63
eca2
ee08
ef86
f127
f2f4
f4f4
f714
f940
fb67
fd90
ffd9
022e
047b
06af
08d2
0ad3
0cbd
0e99
1059
11f2
1359
1485
1571
1632
16c4
1726
1740
1716
16c5
163a
157d
147f
134d
11f4
107f
0ecd
0cf0
0af8
08f7
06cf
0493
023d
ffe2
fd95
fb4f
f90a
f6d9
f4ca
f2d5
f108
ef56
edcd
ec74
eb55
ea5d
e991
e8f4
e8a1
e895
e8b4
e8fc
e97e
ea4c
eb5a
ec9c
ee04
ef85
f129
f2f8
f4fa
f71b
f949
fb70
fd98
ffdf
0233
047f
06b1
08d2
0ad1
0cb8
0e92
1051
11e8
134e
147b
1568
1629
16bc
171f
173b
1713
16c3
163a
157e
1482
1351
11f7
1083
0ed2
0cf4
0afc
08fb
06d2
0493
023b
ffde
fd8f
fb48
f902
f6d0
f4c1
f2cd
f101
ef51
edc9
ec72
eb54
ea5d
e992
e8f6
e8a3
e898
e8b7
e8ff
e981
ea4f
eb5d
ec9e
ee06
ef87
f12b
f2fb
f4fc
f71e
f94c
fb74
fd9d
ffe7
023d
048a
06bd
08df
0ade
0cc6
0ea1
1060
11f7
135d
1489
1575
1637
16ca
172c
1746
171c
16cb
1641
1584
1485
1353
11f7
1082
0ecf
0cf0
0af7
08f5
06cb
048c
0234
ffd8
fd8a
fb43
f8fe
f6cc
f4be
f2cb
f0ff
ef50
edc8
ec72
eb55
ea5e
e994
e8f9
e8a6
e89b
e8ba
e901
e982
ea4e
eb5a
ec9b
ee01
ef80
f123
f2f2
f4f3
f713
f940
fb68
fd91
ffdb
0231
047e
06b2
08d4
0ad4
0cbd
0e9a
105a
11f3
1359
1485
1572
1632
16c5
1727
1741
1716
16c5
163b
157e
1480
134d
11f3
107d
0eca
0ceb
0af2
08ef
06c5
0486
022f
ffd3
fd86
fb41
f8fd
f6cd
f4c0
f2ce
f103
ef55
edce
ec79
eb5c
ea65
e99a
e8fe
e8ab
e8a0
e8c0
e907
e989
ea56
eb63
eca2
ee08
ef86
f127
f2f4
f4f4
f714
f940
fb67
fd90
ffd9
022e
047b
06af
08d2
0ad3
0cbd
0e99
1059
11f2
1359
1485
1571
1632
16c4
1726
1740
1716
16c5
163a
157d
147f
134d
11f4
107f
0ecd
0cf0
0af8
08f7
06cf
0493
023d
ffe2
fd95
fb4f
f90a
f6d9
f4ca
f2d5
f108
ef56
edcd
ec74
eb55
ea5d
e991
e8f4
e8a1
e895
e8b4
e8fc
e97e
ea4c
eb5a
ec9c
ee04
ef85
f129
f2f8
f4fa
f71b
f949
fb70
fd98
ffdf
0233
047f
06b1
08d2
0ad1
0cb8
0e92
1051
11e8
134e
147b
1568
1629
16bc
171f
173b
1713
16c3
163a
157e
1482
1351
11f7
1083
0ed2
0cf4
0afc
08fb
06d2
0493
023b
ffde
fd8f
fb48
f902
f6d0
f4c1
f2cd
f101
ef51
edc9
ec72
eb54
ea5d
e992
e8f6
e8a3
e898
e8b7
e8ff
e981
ea4f
eb5d
ec9e
ee06
ef87
f12b
f2fb
f4fc
f71e
f94c
fb74
fd9d
ffe7
023d
048a
06bd
08df
0ade
0cc6
0ea1
1060
11f7
135d
1489
1575
1637
16ca
172c
1746
171c
16cb
1641
1584
1485
1353
11f7
1082
0ecf
0cf0
0af7
08f5
06cb
048c
0234
ffd8
fd8a
fb43
f8fe
f6cc
f4be
f2cb
f0ff
ef50
edc8
ec72
eb55
ea5e
e994
e8f9
e8a6
e89b
e8ba
e901
e982
ea4e
eb5a
ec9b
ee01
ef80
f123
f2f2
f4f3
f713
f940
fb68
fd91
ffdb
0231
047e
06b2
08d4
0ad4
0cbd
0e9a
105a
11f3
1359
1485
1572
1632
16c5
1727
1741
1716
16c5
163b
157e
1480
134d
11f3
107d
0eca
0ceb
0af2
08ef
06c5
0486
022f
ffd3
fd86
fb41
f8fd
f6cd
f4c0
f2ce
f103
ef55
edce
ec79
eb5c
ea65
e99a
e8fe
e8ab
e8a0
e8c0
e907
e989
ea56
eb63
eca2
ee08
ef86
f127
f2f4
f4f4
f714
f940
fb67
fd90
ffd9
022e
047b
06af
08d2
0ad3
0cbd
0e99
1059
11f2
1359
1485
1571
1632
16c4
1726
1740
1716
16c5
163a
157d
147f
134d
11f4
107f
0ecd
0cf0
0af8
08f7
06cf
0493
023d
ffe2
fd95
fb4f
f90a
f6d9
f4ca
f2d5
f108
ef56
edcd
ec74
eb55
ea5d
e991
e8f4
e8a1
e895
e8b4
e8fc
e97e
ea4c
eb5a
ec9c
ee04
ef85
f129
f2f8
f4fa
f71b
f949
fb70
fd98
ffdf
0233
047f
06b1
08d2
0ad1
0cb8
0e92
1051
11e8
134e
147b
1568
1629
16bc
171f
173b
1713
16c3
163a
157e
1482
1351
11f7
1083
0ed2
0cf4
0afc
08fb
06d2
0493
023b
ffde
fd8f
fb48
f902
f6d0
f4c1
f2cd
f101
ef51
edc9
ec72
eb54
ea5d
e992
e8f6
e8a3
e898
e8b7
e8ff
e981
ea4f
eb5d
ec9e
ee06
ef87
f12b
f2fb
f4fc
f71e
f94c
fb74
fd9d
ffe7
023d
048a
06bd
08df
0ade
0cc6
0ea1
1060
11f7
135d
1489
1575
1637
16ca
172c
1746
171c
16cb
1641
1584
1485
1353
11f7
1082
0ecf
0cf0
0af7
08f5
06cb
048c
0234
ffd8
fd8a
fb43
f8fe
f6cc
f4be
f2cb
f0ff
ef50
edc8
ec72
eb55
ea5e
e994
e8f9
e8a6
e89b
e8ba
e901
e982
ea4e
eb5a
ec9b
ee01
ef80
f123
f2f2
f4f3
f713
f940
fb68
fd91
ffdb
0231
047e
06b2
08d4
0ad4
0cbd
0e9a
105a
11f3
1359
1485
1572
1632
16c5
1727
1741
1716
16c5
163b
157e
1480
134d
11f3
107d
0eca
0ceb
0af2
08ef
06c5
0486
022f
ffd3
fd86
fb41
f8fd
f6cd
f4c0
f2ce
f103
ef55
edce
ec79
eb5c
ea65
e99a
e8fe
e8ab
e8a0
e8c0
e907
e989
ea56
eb63
eca2
ee08
ef86
f127
f2f4
f4f4
f714
f940
fb67
fd90
ffd9
022e
047b
06af
08d2
0ad3
0cbd
0e99
1059
11f2
1359
1485
1571
1632
16c4
1726
1740
1716
16c5
163a
157d
147f
134d
11f4
107f
0ecd
0cf0
0af8
08f7
06cf
0493
023d
ffe2
fd95
fb4f
f90a
f6d9
f4ca
f2d5
f108
ef56
edcd
ec74
eb55
ea5d
e991
e8f4
e8a1
e895
e8b4
e8fc
e97e
ea4c
eb5a
ec9c
ee04
ef85
f129
f2f8
f4fa
f71b
f949
fb70
fd98
ffdf
0233
047f
06b1
08d2
0ad1
0cb8
0e92
1051
11e8
134e
147b
1568
1629
16bc
171f
173b
1713
16c3
163a
157e
1482
1351
11f7
1083
0ed2
0cf4
0afc
08fb
06d2
0493
023b
ffde
fd8f
fb48
f902
f6d0
f4c1
f2cd
f101
ef51
edc9
ec72
eb54
ea5d
e992
e8f6
e8a3
e898
e8b7
e8ff
e981
ea4f
eb5d
ec9e
ee06
ef87
f12b
f2fb
f4fc
f71e
f94c
fb74
fd9d
ffe7
023d
048a
06bd
08df
0ade
0cc6
0ea1
1060
11f7
135d
1489
1575
1637
16ca
172c
1746
171c
16cb
1641
1584
1485
1353
11f7
1082
0ecf
0cf0
0af7
08f5
06cb
048c
0234
ffd8
fd8a
fb43
f8fe
f6cc
f4be
f2cb
f0ff
ef50
edc8
ec72
eb55
ea5e
e994
e8f9
e8a6
e89b
e8ba
e901
e982
ea4e
eb5a
ec9b
ee01
ef80
f123
f2f2
f4f3
f713
f940
fb68
fd91
ffdb
0231
047e
06b2
08d4
0ad4
0cbd
0e9a
105a
11f3
1359
1485
1572
1632
16c5
1727
1741
1716
16c5
163b
157e
1480
134d
11f3
107d
0eca
0ceb
0af2
08ef
06c5
0486
022f
ffd3
fd86
fb41
f8fd
f6cd
f4c0
f2ce
f103
ef55
edce
ec79
eb5c
ea65
e99a
e8fe
e8ab
e8a0
e8c0
e907
e989
ea56
eb63
eca2
ee08
ef86
f127
f2f4
f4f4
f714
f940
fb67
fd90
ffd9
022e
047b
06af
08d2
0ad3
0cbd
0e99
1059
11f2
1359
1485
1571
1632
16c4
1726
1740
1716
16c5
163a
157d
147f
134d
11f4
107f
0ecd
0cf0
0af8
08f7
06cf
0493
023d
ffe2
fd95
fb4f
f90a
f6d9
f4ca
f2d5
f108
ef56
edcd
ec74
eb55
ea5d
e991
e8f4
e8a1
e895
e8b4
e8fc
e97e
ea4c
eb5a
ec9c
ee04
ef85
f129
f2f8
f4fa
f71b
f949
fb70
fd98
ffdf
0233
047f
06b1
08d2
0ad1
0cb8
0e92
1051
11e8
134e
147b
1568
1629
16bc
171f
173b
1713
16c3
163a
157e
1482
1351
11f7
1083
0ed2
0cf4
0afc
08fb
06d2
0493
023b
ffde
fd8f
fb48
f902
f6d0
f4c1
f2cd
f101
ef51
edc9
ec72
eb54
ea5d
e992
e8f6
e8a3
e898
e8b7
e8ff
e981
ea4f
eb5d
ec9e
ee06
ef87
f12b
f2fb
f4fc
f71e
f94c
fb74
fd9d
ffe7
023d
048a
06bd
08df
0ade
0cc6
0ea1
1060
11f7
135d
1489
1575
1637
16ca
172c
1746
171c
16cb
1641
1584
1485
1353
11f7
1082
0ecf
0cf0
0af7
08f5
06cb
048c
0234
ffd8
fd8a
fb43
f8fe
f6cc
f4be
f2cb
f0ff
ef50
edc8
ec72
eb55
ea5e
e994
e8f9
e8a6
e89b
e8ba
e901
e982
ea4e
eb5a
ec9b
ee01
ef80
f123
f2f2
f4f3
f713
f940
fb68
fd91
ffdb
0231
047e
06b2
08d4
0ad4
0cbd
0e9a
105a
11f3
1359
1485
1572
1632
16c5
1727
1741
1716
16c5
163b
157e
1480
134d
11f3
107d
0eca
0ceb
0af2
08ef
06c5
0486
022f
ffd3
fd86
fb41
f8fd
f6cd
f4c0
f2ce
f103
ef55
edce
ec79
eb5c
ea65
e99a
e8fe
e8ab
e8a0
e8c0
e907
e989
ea56
eb63
eca2
ee08
ef86
f127
f2f4
f4f4
f714
f940
fb67
fd90
ffd9
022e
047b
06af
08d2
0ad3
0cbd
0e99
1059
11f2
1359
1485
1571
1632
16c4
1726
1740
1716
16c5
163a
157d
147f
134d
11f4
107f
0ecd
0cf0
0af8
08f7
06cf
0493
023d
ffe2
fd95
fb4f
f90a
f6d9
f4ca
f2d5
f108
ef56
edcd
ec74
eb55
ea5d
e991
e8f4
e8a1
e895
e8b4
e8fc
e97e
ea4c
eb5a
ec9c
ee04
ef85
f129
f2f8
f4fa
f71b
f949
fb70
fd98
ffdf
0233
047f
06b1
08d2
0ad1
0cb8
0e92
1051
11e8
134e
147b
1568
1629
16bc
171f
173b
1713
16c3
163a
157e
1482
1351
11f7
1083
0ed2
0cf4
0afc
08fb
06d2
0493
023b
ffde
fd8f
fb48
f902
f6d0
f4c1
f2cd
f101
ef51
edc9
ec72
eb54
ea5d
e992
e8f6
e8a3
e898
e8b7
e8ff
e981
ea4f
eb5d
ec9e
ee06
ef87
f12b
f2fb
f4fc
f71e
f94c
fb74
fd9d
ffe7
023d
048a
06bd
08df
0ade
0cc6
0ea1
1060
11f7
135d
1489
1575
1637
16ca
172c
1746
171c
16cb
1641
1584
1485
1353
11f7
1082
0ecf
0cf0
0af7
08f5
06cb
048c
0234
ffd8
fd8a
fb43
f8fe
f6cc
f4be
f2cb
f0ff
ef50
edc8
ec72
eb55
ea5e
e994
e8f9
e8a6
e89b
e8ba
e901
e982
ea4e
eb5a
ec9b
ee01
ef80
f123
f2f2
f4f3
f713
f940
fb68
fd91
ffdb
0231
047e
06b2
08d4
0ad4
0cbd
0e9a
105a
11f3
1359
1485
1572
1632
16c5
1727
1741
1716
16c5
163b
157e
1480
134d
11f3
107d
0eca
0ceb
0af2
08ef
06c5
0486
022f
ffd3
fd86
fb41
f8fd
f6cd
f4c0
f2ce
f103
ef55
edce
ec79
eb5c
ea65
e99a
e8fe
e8ab
e8a0
e8c0
e907
e989
ea56
eb63
eca2
ee08
ef86
f127
f2f4
f4f4
f714
f940
fb67
fd90
ffd9
022e
047b
06af
08d2
0ad3
0cbd
0e99
1059
11f2
1359
1485
1571
1632
16c4
1726
1740
1716
16c5
163a
157d
147f
134d
11f4
107f
0ecd
0cf0
0af8
08f7
06cf
0493
023d
ffe2
fd95
fb4f
f90a
f6d9
f4ca
f2d5
f108
ef56
edcd
ec74
eb55
ea5d
e991
e8f4
e8a1
e895
e8b4
e8fc
e97e
ea4c
eb5a
ec9c
ee04
ef85
f129
f2f8
f4fa
f71b
f949
fb70
fd98
ffdf
0233
047f
06b1
08d2
0ad1
0cb8
0e92
1051
11e8
134e
147b
1568
1629
16bc
171f
173b
1713
16c3
163a
157e
1482
1351
11f7
1083
0ed2
0cf4
0afc
08fb
06d2
0493
023b
ffde
fd8f
fb48
f902
f6d0
f4c1
f2cd
f101
ef51
edc9
ec72
eb54
ea5d
e992
e8f6
e8a3
e898
e8b7
e8ff
e981
ea4f
eb5d
ec9e
ee06
ef87
f12b
f2fb
f4fc
f71e
f94c
fb74
fd9d
ffe7
023d
048a
06bd
08df
0ade
0cc6
0ea1
1060
11f7
135d
1489
1575
1637
16ca
134f
1365
1342
12ff
128b
11ee
111a
101a
0ef9
0dc1
0c57
0ac8
0923
0777
05a9
03ca
01d6
ffde
fdf3
fc0d
fa29
f854
f69e
f4fe
f37f
f218
f0d1
efb4
eec7
edf9
ed50
eccf
ec8a
ec81
ec9b
ecd6
ed41
edeb
eecb
efd6
f101
f240
f39d
f51f
f6ca
f890
fa60
fc2c
fdf9
ffe1
01d3
03be
0594
075b
0906
0a9e
0c2b
0da0
0ef5
1020
111a
11df
127f
12f9
134b
1361
133d
12fa
1286
11e9
1115
1016
0ef5
0dbe
0c53
0ac4
091f
0772
05a4
03c5
01d2
ffdb
fdef
fc0b
fa28
f855
f6a0
f501
f383
f21c
f0d6
efba
eecc
edff
ed55
ecd3
ec8f
ec85
eca0
ecdb
ed48
edf2
eed2
efdc
f106
f245
f3a0
f520
f6cb
f890
fa60
fc2b
fdf8
ffdf
01d1
03bc
0592
0759
0905
0a9d
0c2a
0da0
0ef4
101f
1119
11de
127f
12f8
134a
1360
133d
12f9
1285
11e8
1115
1016
0ef6
0dbf
0c56
0ac8
0924
0779
05ad
03d0
01de
ffe7
fdfc
fc17
fa33
f85f
f6a8
f507
f386
f21d
f0d5
efb6
eec7
edf8
ed4e
eccb
ec86
ec7c
ec96
ecd2
ed3e
edea
eecb
efd7
f103
f244
f3a2
f524
f6d0
f897
fa67
fc32
fdfe
ffe5
01d5
03bf
0594
0759
0903
0a99
0c24
0d99
0eec
1016
1111
11d6
1278
12f2
1345
135c
133a
12f8
1285
11e9
1117
1019
0ef9
0dc3
0c59
0acb
0927
077c
05af
03d0
01dc
ffe3
fdf7
fc11
fa2c
f858
f6a1
f500
f381
f219
f0d2
efb4
eec6
edf8
ed4f
eccd
ec88
ec7e
ec99
ecd4
ed41
edec
eecd
efd9
f105
f246
f3a4
f526
f6d2
f899
fa6a
fc36
fe03
ffeb
01dd
03c8
059e
0764
090e
0aa5
0c31
0da5
0ef9
1023
111d
11e2
1283
12fd
134f
1365
1342
12ff
128b
11ee
111a
101a
0ef9
0dc1
0c57
0ac8
0923
0777
05a9
03ca
01d6
ffde
fdf3
fc0d
fa29
f854
f69e
f4fe
f37f
f218
f0d1
efb4
eec7
edf9
ed50
eccf
ec8a
ec81
ec9b
ecd6
ed41
edeb
eecb
efd6
f101
f240
f39d
f51f
f6ca
f890
fa60
fc2c
fdf9
ffe1
01d3
03be
0594
075b
0906
0a9e
0c2b
0da0
0ef5
1020
111a
11df
127f
12f9
134b
1361
133d
12fa
1286
11e9
1115
1016
0ef5
0dbe
0c53
0ac4
091f
0772
05a4
03c5
01d2
ffdb
fdef
fc0b
fa28
f855
f6a0
f501
f383
f21c
f0d6
efba
eecc
edff
ed55
ecd3
ec8f
ec85
eca0
ecdb
ed48
edf2
eed2
efdc
f106
f245
f3a0
f520
f6cb
f890
fa60
fc2b
fdf8
ffdf
01d1
03bc
0592
0759
0905
0a9d
0c2a
0da0
0ef4
101f
1119
11de
127f
12f8
134a
1360
133d
12f9
1285
11e8
1115
1016
0ef6
0dbf
0c56
0ac8
0924
0779
05ad
03d0
01de
ffe7
fdfc
fc17
fa33
f85f
f6a8
f507
f386
f21d
f0d5
efb6
eec7
edf8
ed4e
eccb
ec86
ec7c
ec96
ecd2
ed3e
edea
eecb
efd7
f103
f244
f3a2
f524
f6d0
f897
fa67
fc32
fdfe
ffe5
01d5
03bf
0594
0759
0903
0a99
0c24
0d99
0eec
1016
1111
11d6
1278
12f2
1345
135c
133a
12f8
1285
11e9
1117
1019
0ef9
0dc3
0c59
0acb
0927
077c
05af
03d0
01dc
ffe3
fdf7
fc11
fa2c
f858
f6a1
f500
f381
f219
f0d2
efb4
eec6
edf8
ed4f
eccd
ec88
ec7e
ec99
ecd4
ed41
edec
eecd
efd9
f105
f246
f3a4
f526
f6d2
f899
fa6a
fc36
fe03
ffeb
01dd
03c8
059e
0764
090e
0aa5
0c31
0da5
0ef9
1023
111d
11e2
1283
12fd
134f
1365
1342
12ff
128b
11ee
111a
101a
0ef9
0dc1
0c57
0ac8
0923
0777
05a9
03ca
01d6
ffde
fdf3
fc0d
fa29
f854
f69e
f4fe
f37f
f218
f0d1
efb4
eec7
edf9
ed50
eccf
ec8a
ec81
ec9b
ecd6
ed41
edeb
eecb
efd6
f101
f240
f39d
f51f
f6ca
f890
fa60
fc2c
fdf9
ffe1
01d3
03be
0594
075b
0906
0a9e
0c2b
0da0
0ef5
1020
111a
11df
127f
12f9
134b
1361
133d
12fa
1286
11e9
1115
1016
0ef5
0dbe
0c53
0ac4
091f
0772
05a4
03c5
01d2
ffdb
fdef
fc0b
fa28
f855
f6a0
f501
f383
f21c
f0d6
efba
eecc
edff
ed55
ecd3
ec8f
ec85
eca0
ecdb
ed48
edf2
eed2
efdc
f106
f245
f3a0
f520
f6cb
f890
fa60
fc2b
fdf8
ffdf
01d1
03bc
0592
0759
0905
0a9d
0c2a
0da0
0ef4
101f
1119
11de
127f
12f8
134a
1360
133d
12f9
1285
11e8
1115
1016
0ef6
0dbf
0c56
0ac8
0924
0779
05ad
03d0
01de
ffe7
fdfc
fc17
fa33
f85f
f6a8
f507
f386
f21d
f0d5
efb6
eec7
edf8
ed4e
eccb
ec86
ec7c
ec96
ecd2
ed3e
edea
eecb
efd7
f103
f244
f3a2
f524
f6d0
f897
fa67
fc32
fdfe
ffe5
01d5
03bf
0594
0759
0903
0a99
0c24
0d99
0eec
1016
1111
11d6
1278
12f2
1345
135c
133a
12f8
1285
11e9
1117
1019
0ef9
0dc3
0c59
0acb
0927
077c
05af
03d0
01dc
ffe3
fdf7
fc11
fa2c
f858
f6a1
f500
f381
f219
f0d2
efb4
eec6
edf8
ed4f
eccd
ec88
ec7e
ec99
ecd4
ed41
edec
eecd
efd9
f105
f246
f3a4
f526
f6d2
f899
fa6a
fc36
fe03
ffeb
01dd
03c8
059e
0764
090e
0aa5
0c31
0da5
0ef9
1023
111d
11e2
1283
12fd
134f
1365
1342
12ff
128b
11ee
111a
101a
0ef9
0dc1
0c57
0ac8
0923
0777
05a9
03ca
01d6
ffde
fdf3
fc0d
fa29
f854
f69e
f4fe
f37f
f218
f0d1
efb4
eec7
edf9
ed50
eccf
ec8a
ec81
ec9b
ecd6
ed41
edeb
eecb
efd6
f101
f240
f39d
f51f
f6ca
f890
fa60
fc2c
fdf9
ffe1
01d3
03be
0594
075b
0906
0a9e
0c2b
0da0
0ef5
1020
111a
11df
127f
12f9
134b
1361
133d
12fa
1286
11e9
1115
1016
0ef5
0dbe
0c53
0ac4
091f
0772
05a4
03c5
01d2
ffdb
fdef
fc0b
fa28
f855
f6a0
f501
f383
f21c
f0d6
efba
eecc
edff
ed55
ecd3
ec8f
ec85
eca0
ecdb
ed48
edf2
eed2
efdc
f106
f245
f3a0
f520
f6cb
f890
fa60
fc2b
fdf8
ffdf
01d1
03bc
0592
0759
0905
0a9d
0c2a
0da0
0ef4
101f
1119
11de
127f
12f8
134a
1360
133d
12f9
1285
11e8
1115
1016
0ef6
0dbf
0c56
0ac8
0924
0779
05ad
03d0
01de
ffe7
fdfc
fc17
fa33
f85f
f6a8
f507
f386
f21d
f0d5
efb6
eec7
edf8
ed4e
eccb
ec86
ec7c
ec96
ecd2
ed3e
edea
eecb
efd7
f103
f244
f3a2
f524
f6d0
f897
fa67
fc32
fdfe
ffe5
01d5
03bf
0594
0759
0903
0a99
0c24
0d99
0eec
1016
1111
11d6
1278
12f2
1345
135c
133a
12f8
1285
11e9
1117
1019
0ef9
0dc3
0c59
0acb
0927
077c
05af
03d0
01dc
ffe3
fdf7
fc11
fa2c
f858
f6a1
f500
f381
f219
f0d2
efb4
eec6
edf8
ed4f
eccd
ec88
ec7e
ec99
ecd4
ed41
edec
eecd
efd9
f105
f246
f3a4
f526
f6d2
f899
fa6a
fc36
fe03
ffeb
01dd
03c8
059e
0764
090e
0aa5
0c31
0da5
0ef9
1023
111d
11e2
1283
12fd
134f
1365
1342
12ff
128b
11ee
111a
101a
0ef9
0dc1
0c57
0ac8
0923
0777
05a9
03ca
01d6
ffde
fdf3
fc0d
fa29
f854
f69e
f4fe
f37f
f218
f0d1
efb4
eec7
edf9
ed50
eccf
ec8a
ec81
ec9b
ecd6
ed41
edeb
eecb
efd6
f101
f240
f39d
f51f
f6ca
f890
fa60
fc2c
fdf9
ffe1
01d3
03be
0594
075b
0906
0a9e
0c2b
0da0
0ef5
1020
111a
11df
127f
12f9
134b
1361
133d
12fa
1286
11e9
1115
1016
0ef5
0dbe
0c53
0ac4
091f
0772
05a4
03c5
01d2
ffdb
fdef
fc0b
fa28
f855
f6a0
f501
f383
f21c
f0d6
efba
eecc
edff
ed55
ecd3
ec8f
ec85
eca0
ecdb
ed48
edf2
eed2
efdc
f106
f245
f3a0
f520
f6cb
f890
fa60
fc2b
fdf8
ffdf
01d1
03bc
0592
0759
0905
0a9d
0c2a
0da0
0ef4
101f
1119
11de
127f
12f8
134a
1360
133d
12f9
1285
11e8
1115
1016
0ef6
0dbf
0c56
0ac8
0924
0779
05ad
03d0
01de
ffe7
fdfc
fc17
fa33
f85f
f6a8
f507
f386
f21d
f0d5
efb6
eec7
edf8
ed4e
eccb
ec86
ec7c
ec96
ecd2
ed3e
edea
eecb
efd7
f103
f244
f3a2
f524
f6d0
f897
fa67
fc32
fdfe
ffe5
01d5
03bf
0594
0759
0903
0a99
0c24
0d99
0eec
1016
1111
11d6
1278
12f2
1345
135c
133a
12f8
1285
11e9
1117
1019
0ef9
0dc3
0c59
0acb
0927
077c
05af
03d0
01dc
ffe3
fdf7
fc11
fa2c
f858
f6a1
f500
f381
f219
f0d2
efb4
eec6
edf8
ed4f
eccd
ec88
ec7e
ec99
ecd4
ed41
edec
eecd
efd9
f105
f246
f3a4
f526
f6d2
f899
fa6a
fc36
fe03
ffeb
01dd
03c8
059e
0764
090e
0aa5
0c31
0da5
0ef9
1023
111d
11e2
1283
12fd
134f
1365
1342
12ff
128b
11ee
111a
101a
0ef9
0dc1
0c57
0ac8
0923
0777
05a9
03ca
01d6
ffde
fdf3
fc0d
fa29
f854
f69e
f4fe
f37f
f218
f0d1
efb4
eec7
edf9
ed50
eccf
ec8a
ec81
ec9b
ecd6
ed41
edeb
eecb
efd6
f101
f240
f39d
f51f
f6ca
f890
fa60
fc2c
fdf9
ffe1
01d3
03be
0594
075b
0906
0a9e
0c2b
0da0
0ef5
1020
111a
11df
127f
12f9
134b
1361
133d
12fa
1286
11e9
1115
1016
0ef5
0dbe
0c53
0ac4
091f
0772
05a4
03c5
01d2
ffdb
fdef
fc0b
fa28
f855
f6a0
f501
f383
f21c
f0d6
efba
eecc
edff
ed55
ecd3
ec8f
ec85
eca0
ecdb
ed48
edf2
eed2
efdc
f106
f245
f3a0
f520
f6cb
f890
fa60
fc2b
fdf8
ffdf
01d1
03bc
0592
0759
0905
0a9d
0c2a
0da0
0ef4
101f
1119
11de
127f
12f8
134a
1360
133d
12f9
1285
11e8
1115
1016
0ef6
0dbf
0c56
0ac8
0924
0779
05ad
03d0
01de
ffe7
fdfc
fc17
fa33
f85f
f6a8
f507
f386
f21d
f0d5
efb6
eec7
edf8
ed4e
eccb
ec86
ec7c
ec96
ecd2
ed3e
edea
eecb
efd7
f103
f244
f3a2
f524
f6d0
f897
fa67
fc32
fdfe
ffe5
01d5
03bf
0594
0759
0903
0a99
0c24
0d99
0eec
1016
1111
11d6
1278
12f2
1345
135c
133a
12f8
1285
11e9
1117
1019
0ef9
0dc3
0c59
0acb
0927
077c
05af
03d0
01dc
ffe3
fdf7
fc11
fa2c
f858
f6a1
f500
f381
f219
f0d2
efb4
eec6
edf8
ed4f
eccd
ec88
ec7e
ec99
ecd4
ed41
edec
eecd
efd9
f105
f246
f3a4
f526
f6d2
f899
fa6a
fc36
fe03
ffeb
01dd
03c8
059e
0764
090e
0aa5
0c31
0da5
0ef9
1023
111d
11e2
1283
12fd
134f
1365
1342
12ff
128b
11ee
111a
101a
0ef9
0dc1
0c57
0ac8
0923
0777
05a9
03ca
01d6
ffde
fdf3
fc0d
fa29
f854
f69e
f4fe
f37f
f218
f0d1
efb4
eec7
edf9
ed50
eccf
ec8a
ec81
ec9b
ecd6
ed41
edeb
eecb
efd6
f101
f240
f39d
f51f
f6ca
f890
fa60
fc2c
fdf9
ffe1
01d3
03be
0594
075b
0906
0a9e
0c2b
0da0
0ef5
1020
111a
11df
127f
12f9
134b
1361
133d
12fa
1286
11e9
1115
1016
0ef5
0dbe
0c53
0ac4
091f
0772
05a4
03c5
01d2
ffdb
fdef
fc0b
fa28
f855
f6a0
f501
f383
f21c
f0d6
efba
eecc
edff
ed55
ecd3
ec8f
ec85
eca0
ecdb
ed48
edf2
eed2
efdc
f106
f245
f3a0
f520
f6cb
f890
fa60
fc2b
fdf8
ffdf
01d1
03bc
0592
0759
0905
0a9d
0c2a
0da0
0ef4
101f
1119
11de
127f
12f8
134a
1360
133d
12f9
1285
11e8
1115
1016
0ef6
0dbf
0c56
0ac8
0924
0779
05ad
03d0
01de
ffe7
fdfc
fc17
fa33
f85f
f6a8
f507
f386
f21d
f0d5
efb6
eec7
edf8
ed4e
eccb
ec86
ec7c
ec96
ecd2
ed3e
edea
eecb
efd7
f103
f244
f3a2
f524
f6d0
f897
fa67
fc32
fdfe
ffe5
01d5
03bf
0594
0759
0903
0a99
0c24
0d99
0eec
1016
1111
11d6
1278
12f2
1345
135c
133a
12f8
1285
11e9
1117
1019
0ef9
0dc3
0c59
0acb
0927
077c
05af
03d0
01dc
ffe3
fdf7
fc11
fa2c
f858
f6a1
f500
f381
f219
f0d2
efb4
eec6
edf8
ed4f
eccd
ec88
ec7e
ec99
ecd4
ed41
edec
eecd
efd9
f105
f246
f3a4
f526
f6d2
f899
fa6a
fc36
fe03
ffeb
01dd
03c8
059e
0764
090e
0aa5
0c31
0da5
0ef9
1023
111d
11e2
1283
12fd
134f
1365
1342
12ff
128b
11ee
111a
101a
0ef9
0dc1
0c57
0ac8
0923
0777
05a9
03ca
01d6
ffde
fdf3
fc0d
fa29
f854
f69e
f4fe
f37f
f218
f0d1
efb4
eec7
edf9
ed50
eccf
ec8a
ec81
ec9b
ecd6
ed41
edeb
eecb
efd6
f101
f240
f39d
f51f
f6ca
f890
fa60
fc2c
fdf9
ffe1
01d3
03be
0594
075b
0906
0a9e
0c2b
0da0
0ef5
1020
111a
11df
127f
12f9
134b
1361
133d
12fa
1286
11e9
1115
1016
0ef5
0dbe
0c53
0ac4
091f
0772
05a4
03c5
01d2
ffdb
fdef
fc0b
fa28
f855
f6a0
f501
f383
f21c
f0d6
efba
eecc
edff
ed55
ecd3
ec8f
ec85
eca0
ecdb
ed48
edf2
eed2
efdc
f106
f245
f3a0
f520
f6cb
f890
fa60
fc2b
fdf8
ffdf
01d1
03bc
0592
0759
0905
0a9d
0c2a
0da0
0ef4
101f
1119
11de
127f
12f8
134a
1360
133d
12f9
1285
11e8
1115
1016
0ef6
0dbf
0c56
0ac8
0924
0779
05ad
03d0
01de
ffe7
fdfc
fc17
fa33
f85f
f6a8
f507
f386
f21d
f0d5
efb6
eec7
edf8
ed4e
eccb
ec86
ec7c
ec96
ecd2
ed3e
edea
eecb
efd7
f103
f244
f3a2
f524
f6d0
f897
fa67
fc32
fdfe
ffe5
01d5
03bf
0594
0759
0903
0a99
0c24
0d99
0eec
1016
1111
11d6
1278
12f2
1345
135c
133a
12f8
1285
11e9
1117
1019
0ef9
0dc3
0c59
0acb
0927
077c
05af
03d0
01dc
ffe3
fdf7
fc11
fa2c
f858
f6a1
f500
f381
f219
f0d2
efb4
eec6
edf8
ed4f
eccd
ec88
ec7e
ec99
ecd4
ed41
edec
eecd
efd9
f105
f246
f3a4
f526
f6d2
f899
fa6a
fc36
fe03
ffeb
01dd
03c8
059e
0764
090e
0aa5
0c31
0da5
0ef9
1023
111d
11e2
1283
12fd
134f
1365
1342
12ff
128b
11ee
111a
101a
0ef9
0dc1
0c57
0ac8
0923
0777
05a9
03ca
01d6
ffde
fdf3
fc0d
fa29
f854
f69e
f4fe
f37f
f218
f0d1
efb4
eec7
edf9
ed50
eccf
ec8a
ec81
ec9b
ecd6
ed41
edeb
eecb
efd6
f101
f240
f39d
f51f
f6ca
f890
fa60
fc2c
fdf9
ffe1
01d3
03be
0594
075b
0906
0a9e
0c2b
0da0
0ef5
1020
111a
11df
127f
12f9
134b
1361
133d
12fa
1286
11e9
1115
1016
0ef5
0dbe
0c53
0ac4
091f
0772
05a4
03c5
01d2
ffdb
fdef
fc0b
fa28
f855
f6a0
f501
f383
f21c
f0d6
efba
eecc
edff
ed55
ecd3
ec8f
ec85
eca0
ecdb
ed48
edf2
eed2
efdc
f106
f245
f3a0
f520
f6cb
f890
fa60
fc2b
fdf8
ffdf
01d1
03bc
0592
0759
0905
0a9d
0c2a
0da0
0ef4
101f
1119
11de
127f
12f8
134a
1360
133d
12f9
1285
11e8
1115
1016
0ef6
0dbf
0c56
0ac8
0924
0779
05ad
03d0
01de
ffe7
fdfc
fc17
fa33
f85f
f6a8
f507
f386
f21d
f0d5
efb6
eec7
edf8
ed4e
eccb
ec86
ec7c
ec96
ecd2
ed3e
edea
eecb
efd7
f103
f244
f3a2
f524
f6d0
f897
fa67
fc32
fdfe
ffe5
01d5
03bf
0594
0759
0903
0a99
0c24
0d99
0eec
1016
1111
11d6
1278
12f2
1345
135c
133a
12f8
1285
11e9
1117
1019
0ef9
0dc3
0c59
0acb
0927
077c
05af
03d0
01dc
ffe3
fdf7
fc11
fa2c
f858
f6a1
f500
f381
f219
f0d2
efb4
eec6
edf8
ed4f
eccd
ec88
ec7e
ec99
ecd4
ed41
edec
eecd
efd9
f105
f246
f3a4
f526
f6d2
f899
fa6a
fc36
fe03
ffeb
01dd
03c8
059e
0764
090e
0aa5
0c31
0da5
0ef9
1023
111d
11e2
1283
12fd
134f
1365
1342
12ff
128b
11ee
111a
101a
0ef9
0dc1
0c57
0ac8
0923
0777
05a9
03ca
01d6
ffde
fdf3
fc0d
fa29
f854
f69e
f4fe
f37f
f218
f0d1
efb4
eec7
edf9
ed50
eccf
ec8a
ec81
ec9b
ecd6
ed41
edeb
eecb
efd6
f101
f240
f39d
f51f
f6ca
f890
fa60
fc2c
fdf9
ffe1
01d3
03be
0594
075b
0906
0a9e
0c2b
0da0
0ef5
1020
111a
11df
127f
12f9
134b
1361
133d
12fa
1286
11e9
1115
1016
0ef5
0dbe
0c53
0ac4
091f
0772
05a4
03c5
01d2
ffdb
fdef
fc0b
fa28
f855
f6a0
f501
f383
f21c
f0d6
efba
eecc
edff
ed55
ecd3
ec8f
ec85
eca0
ecdb
ed48
edf2
eed2
efdc
f106
f245
f3a0
f520
f6cb
f890
fa60
fc2b
fdf8
ffdf
01d1
03bc
0592
0759
0905
0a9d
0c2a
0da0
0ef4
101f
1119
11de
127f
12f8
134a
1360
133d
12f9
1285
11e8
1115
1016
0ef6
0dbf
0c56
0ac8
0924
0779
05ad
03d0
01de
ffe7
fdfc
fc17
fa33
f85f
f6a8
f507
f386
f21d
f0d5
efb6
eec7
edf8
ed4e
eccb
ec86
ec7c
ec96
ecd2
ed3e
edea
eecb
efd7
f103
f244
f3a2
f524
f6d0
f897
fa67
fc32
fdfe
ffe5
01d5
03bf
0594
0759
0903
0a99
0c24
0d99
0eec
1016
1111
11d6
1278
12f2
1345
135c
133a
12f8
1285
11e9
1117
1019
0ef9
0dc3
0c59
0acb
0927
077c
05af
03d0
01dc
ffe3
fdf7
fc11
fa2c
f858
f6a1
f500
f381
f219
f0d2
efb4
eec6
edf8
ed4f
eccd
ec88
ec7e
ec99
ecd4
ed41
edec
eecd
efd9
f105
f246
f3a4
f526
f6d2
f899
fa6a
fc36
fe03
ffeb
01dd
03c8
059e
0764
090e
0aa5
0c31
0da5
0ef9
1023
111d
11e2
1283
12fd
134f
1365
1342
12ff
128b
11ee
111a
101a
0ef9
0dc1
0c57
0ac8
0923
0777
05a9
03ca
01d6
ffde
fdf3
fc0d
fa29
f854
f69e
f4fe
f37f
f218
f0d1
efb4
eec7
edf9
ed50
eccf
ec8a
ec81
ec9b
ecd6
ed41
edeb
eecb
efd6
f101
f240
f39d
f51f
f6ca
f890
fa60
fc2c
fdf9
ffe1
01d3
03be
0594
075b
0906
0a9e
0c2b
0da0
0ef5
1020
111a
11df
127f
12f9
134b
1361
133d
12fa
1286
11e9
1115
1016
0ef5
0dbe
0c53
0ac4
091f
0772
05a4
03c5
01d2
ffdb
fdef
fc0b
fa28
f855
f6a0
f501
f383
f21c
f0d6
efba
eecc
edff
ed55
ecd3
ec8f
ec85
eca0
ecdb
ed48
edf2
eed2
efdc
f106
f245
f3a0
f520
f6cb
f890
fa60
fc2b
fdf8
ffdf
01d1
03bc
0592
0759
0905
0a9d
0c2a
0da0
0ef4
101f
1119
11de
127f
12f8
134a
1360
133d
12f9
1285
11e8
1115
1016
0ef6
0dbf
0c56
0ac8
0924
0779
05ad
03d0
01de
ffe7
fdfc
fc17
fa33
f85f
f6a8
f507
f386
f21d
f0d5
efb6
eec7
edf8
ed4e
eccb
ec86
ec7c
ec96
ecd2
ed3e
edea
eecb
efd7
f103
f244
f3a2
f524
f6d0
f897
fa67
fc32
fdfe
ffe5
01d5
03bf
0594
0759
0903
0a99
0c24
0d99
0eec
1016
1111
11d6
1278
12f2
1345
135c
133a
12f8
1285
11e9
1117
1019
0ef9
0dc3
0c59
0acb
0927
077c
05af
03d0
01dc
ffe3
fdf7
fc11
fa2c
f858
f6a1
f500
f381
f219
f0d2
efb4
eec6
edf8
ed4f
eccd
ec88
ec7e
ec99
ecd4
ed41
edec
eecd
efd9
f105
f246
f3a4
f526
f6d2
f899
fa6a
fc36
fe03
ffeb
01dd
03c8
059e
0764
090e
0aa5
0c31
0da5
0ef9
1023
111d
11e2
1283
12fd
134f
1365
1342
12ff
128b
11ee
111a
101a
0ef9
0dc1
0c57
0ac8
0923
0777
05a9
03ca
01d6
ffde
fdf3
fc0d
fa29
f854
f69e
f4fe
f37f
f218
f0d1
efb4
eec7
edf9
ed50
eccf
ec8a
ec81
ec9b
ecd6
ed41
edeb
eecb
efd6
f101
f240
f39d
f51f
f6ca
f890
fa60
fc2c
fdf9
ffe1
01d3
03be
0594
075b
0906
0a9e
0c2b
0da0
0ef5
1020
111a
11df
127f
12f9
134b
1361
133d
12fa
1286
11e9
1115
1016
0ef5
0dbe
0c53
0ac4
091f
0772
05a4
03c5
01d2
ffdb
fdef
fc0b
fa28
f855
f6a0
f501
f383
f21c
f0d6
efba
eecc
edff
ed55
ecd3
ec8f
ec85
eca0
ecdb
ed48
edf2
eed2
efdc
f106
f245
f3a0
f520
f6cb
f890
fa60
fc2b
fdf8
ffdf
01d1
03bc
0592
0759
0905
0a9d
0c2a
0da0
0ef4
101f
1119
11de
127f
12f8
134a
1360
133d
12f9
1285
11e8
1115
1016
0ef6
0dbf
0c56
0ac8
0924
0779
05ad
03d0
01de
ffe7
fdfc
fc17
fa33
f85f
f6a8
f507
f386
f21d
f0d5
efb6
eec7
edf8
ed4e
eccb
ec86
ec7c
ec96
ecd2
ed3e
edea
eecb
efd7
f103
f244
f3a2
f524
f6d0
f897
fa67
fc32
fdfe
ffe5
01d5
03bf
0594
0759
0903
0a99
0c24
0d99
0eec
1016
1111
11d6
1278
12f2
1345
135c
133a
12f8
1285
11e9
1117
1019
0ef9
0dc3
0c59
0acb
0927
077c
05af
03d0
01dc
ffe3
fdf7
fc11
fa2c
f858
f6a1
f500
f381
f219
f0d2
efb4
eec6
edf8
ed4f
eccd
ec88
ec7e
ec99
ecd4
ed41
edec
eecd
efd9
f105
f246
f3a4
f526
f6d2
f899
fa6a
fc36
fe03
ffeb
01dd
03c8
059e
0764
090e
0aa5
0c31
0da5
0ef9
1023
111d
11e2
1283
12fd
134f
1365
1342
12ff
128b
11ee
111a
101a
0ef9
0dc1
0c57
0ac8
0923
0777
05a9
03ca
01d6
ffde
fdf3
fc0d
fa29
f854
f69e
f4fe
f37f
f218
f0d1
efb4
eec7
edf9
ed50
eccf
ec8a
ec81
ec9b
ecd6
ed41
edeb
eecb
efd6
f101
f240
f39d
f51f
f6ca
f890
fa60
fc2c
fdf9
ffe1
01d3
03be
0594
075b
0906
0a9e
0c2b
0da0
0ef5
1020
111a
11df
127f
12f9
134b
1361
133d
12fa
1286
11e9
1115
1016
0ef5
0dbe
0c53
0ac4
091f
0772
05a4
03c5
01d2
ffdb
fdef
fc0b
fa28
f855
f6a0
f501
f383
f21c
f0d6
efba
eecc
edff
ed55
ecd3
ec8f
ec85
eca0
ecdb
ed48
edf2
eed2
efdc
f106
f245
f3a0
f520
f6cb
f890
fa60
fc2b
fdf8
ffdf
01d1
03bc
0592
0759
0905
0a9d
0c2a
0da0
0ef4
101f
1119
11de
127f
12f8
134a
1360
133d
12f9
1285
11e8
1115
1016
0ef6
0dbf
0c56
0ac8
0924
0779
05ad
03d0
01de
ffe7
fdfc
fc17
fa33
f85f
f6a8
f507
f386
f21d
f0d5
efb6
eec7
edf8
ed4e
eccb
ec86
ec7c
ec96
ecd2
ed3e
edea
eecb
efd7
f103
f244
f3a2
f524
f6d0
f897
fa67
fc32
fdfe
ffe5
01d5
03bf
0594
0759
0903
0a99
0c24
0d99
0eec
1016
1111
11d6
1278
12f2
1345
135c
133a
12f8
1285
11e9
1117
1019
0ef9
0dc3
0c59
0acb
0927
077c
05af
03d0
01dc
ffe3
fdf7
fc11
fa2c
f858
f6a1
f500
f381
f219
f0d2
efb4
eec6
edf8
ed4f
eccd
ec88
ec7e
ec99
ecd4
ed41
edec
eecd
efd9
f105
f246
f3a4
f526
f6d2
f899
fa6a
fc36
fe03
ffeb
01dd
03c8
059e
0764
090e
0aa5
0c31
0da5
0ef9
1023
111d
11e2
1283
12fd
134f
1365
1342
12ff
128b
11ee
111a
101a
0ef9
0dc1
0c57
0ac8
0923
0777
05a9
03ca
01d6
ffde
fdf3
fc0d
fa29
f854
f69e
f4fe
f37f
f218
f0d1
efb4
eec7
edf9
ed50
eccf
ec8a
ec81
ec9b
ecd6
ed41
edeb
eecb
efd6
f101
f240
f39d
f51f
f6ca
f890
fa60
fc2c
fdf9
ffe1
01d3
03be
0594
075b
0906
0a9e
0c2b
0da0
0ef5
1020
111a
11df
127f
12f9
134b
1361
133d
12fa
1286
11e9
1115
1016
0ef5
0dbe
0c53
0ac4
091f
0772
05a4
03c5
01d2
ffdb
fdef
fc0b
fa28
f855
f6a0
f501
f383
f21c
f0d6
efba
eecc
edff
ed55
ecd3
ec8f
ec85
eca0
ecdb
ed48
edf2
eed2
efdc
f106
f245
f3a0
f520
f6cb
f890
fa60
fc2b
fdf8
ffdf
01d1
03bc
0592
0759
0905
0a9d
0c2a
0da0
0ef4
101f
1119
11de
127f
12f8
134a
1360
133d
12f9
1285
11e8
1115
1016
0ef6
0dbf
0c56
0ac8
0924
0779
05ad
03d0
01de
ffe7
fdfc
fc17
fa33
f85f
f6a8
f507
f386
f21d
f0d5
efb6
eec7
edf8
ed4e
eccb
ec86
ec7c
ec96
ecd2
ed3e
edea
eecb
efd7
f103
f244
f3a2
f524
f6d0
f897
fa67
fc32
fdfe
ffe5
01d5
03bf
0594
0759
0903
0a99
0c24
0d99
0eec
1016
1111
11d6
1278
12f2
1345
135c
133a
12f8
1285
11e9
1117
1019
0ef9
0dc3
0c59
0acb
0927
077c
05af
03d0
01dc
ffe3
fdf7
fc11
fa2c
f858
f6a1
f500
f381
f219
f0d2
efb4
eec6
edf8
ed4f
eccd
ec88
ec7e
ec99
ecd4
ed41
edec
eecd
efd9
f105
f246
f3a4
f526
f6d2
f899
fa6a
fc36
fe03
ffeb
01dd
03c8
059e
0764
090e
0aa5
0c31
0da5
0ef9
1023
111d
11e2
1283
12fd
134f
1365
1342
12ff
128b
11ee
111a
101a
0ef9
0dc1
0c57
0ac8
0923
0777
05a9
03ca
01d6
ffde
fdf3
fc0d
fa29
f854
f69e
f4fe
f37f
f218
f0d1
efb4
eec7
edf9
ed50
eccf
ec8a
ec81
ec9b
ecd6
ed41
edeb
eecb
efd6
f101
f240
f39d
f51f
f6ca
f890
fa60
fc2c
fdf9
ffe1
01d3
03be
0594
075b
0906
0a9e
0c2b
0da0
0ef5
1020
111a
11df
127f
12f9
134b
1361
133d
12fa
1286
11e9
1115
1016
0ef5
0dbe
0c53
0ac4
091f
0772
05a4
03c5
01d2
ffdb
fdef
fc0b
fa28
f855
f6a0
f501
f383
f21c
f0d6
efba
eecc
edff
ed55
ecd3
ec8f
ec85
eca0
ecdb
ed48
edf2
eed2
efdc
f106
f245
f3a0
f520
f6cb
f890
fa60
fc2b
fdf8
ffdf
01d1
03bc
0592
0759
0905
0a9d
0c2a
0da0
0ef4
101f
1119
11de
127f
12f8
134a
1360
133d
12f9
1285
11e8
1115
1016
0ef6
0dbf
0c56
0ac8
0924
0779
05ad
03d0
01de
ffe7
fdfc
fc17
fa33
f85f
f6a8
f507
f386
f21d
f0d5
efb6
eec7
edf8
ed4e
eccb
ec86
ec7c
ec96
ecd2
ed3e
edea
eecb
efd7
f103
f244
f3a2
f524
f6d0
f897
fa67
fc32
fdfe
ffe5
01d5
03bf
0594
0759
0903
0a99
0c24
0d99
0eec
1016
1111
11d6
1278
12f2
1345
135c
133a
12f8
1285
11e9
1117
1019
0ef9
0dc3
0c59
0acb
0927
077c
05af
03d0
01dc
ffe3
fdf7
fc11
fa2c
f858
f6a1
f500
f381
f219
f0d2
efb4
eec6
edf8
ed4f
eccd
ec88
ec7e
ec99
ecd4
ed41
edec
eecd
efd9
f105
f246
f3a4
f526
f6d2
f899
fa6a
fc36
fe03
ffeb
01dd
03c8
059e
0764
090e
0aa5
0c31
0da5
0ef9
1023
111d
11e2
1283
12fd
134f
1365
1342
12ff
128b
11ee
111a
101a
0ef9
0dc1
0c57
0ac8
0923
0777
05a9
03ca
01d6
ffde
fdf3
fc0d
fa29
f854
f69e
f4fe
f37f
f218
f0d1
efb4
eec7
edf9
ed50
eccf
ec8a
ec81
ec9b
ecd6
ed41
edeb
eecb
efd6
f101
f240
f39d
f51f
f6ca
f890
fa60
fc2c
fdf9
ffe1
01d3
03be
0594
075b
0906
0a9e
0c2b
0da0
0ef5
1020
111a
11df
127f
12f9
134b
1361
133d
12fa
1286
11e9
1115
1016
0ef5
0dbe
0c53
0ac4
091f
0772
05a4
03c5
01d2
ffdb
fdef
fc0b
fa28
f855
f6a0
f501
f383
f21c
f0d6
efba
eecc
edff
ed55
ecd3
ec8f
ec85
eca0
ecdb
ed48
edf2
eed2
efdc
f106
f245
f3a0
f520
f6cb
f890
fa60
fc2b
fdf8
ffdf
01d1
03bc
0592
0759
0905
0a9d
0c2a
0da0
0ef4
101f
1119
11de
127f
12f8
134a
1360
133d
12f9
1285
11e8
1115
1016
0ef6
0dbf
0c56
0ac8
0924
0779
05ad
03d0
01de
ffe7
fdfc
fc17
fa33
f85f
f6a8
f507
f386
f21d
f0d5
efb6
eec7
edf8
ed4e
eccb
ec86
ec7c
ec96
ecd2
ed3e
edea
eecb
efd7
f103
f244
f3a2
f524
f6d0
f897
fa67
fc32
fdfe
ffe5
01d5
03bf
0594
0759
0903
0a99
0c24
0d99
0eec
1016
1111
11d6
1278
12f2
1345
135c
133a
12f8
1285
11e9
1117
1019
0ef9
0dc3
0c59
0acb
0927
077c
05af
03d0
01dc
ffe3
fdf7
fc11
fa2c
f858
f6a1
f500
f381
f219
f0d2
efb4
eec6
edf8
ed4f
eccd
ec88
ec7e
ec99
ecd4
ed41
edec
eecd
efd9
f105
f246
f3a4
f526
f6d2
f899
fa6a
fc36
fe03
ffeb
01dd
03c8
059e
0764
090e
0aa5
0c31
0da5
0ef9
1023
111d
11e2
1283
12fd
134f
1365
1342
12ff
128b
11ee
111a
101a
0ef9
0dc1
0c57
0ac8
0923
0777
05a9
03ca
01d6
ffde
fdf3
fc0d
fa29
f854
f69e
f4fe
f37f
f218
f0d1
efb4
eec7
edf9
ed50
eccf
ec8a
ec81
ec9b
ecd6
ed41
edeb
eecb
efd6
f101
f240
f39d
f51f
f6ca
f890
fa60
fc2c
fdf9
ffe1
01d3
03be
0594
075b
0906
0a9e
0c2b
0da0
0ef5
1020
111a
11df
127f
12f9
134b
1361
133d
12fa
1286
11e9
1115
1016
0ef5
0dbe
0c53
0ac4
091f
0772
05a4
03c5
01d2
ffdb
fdef
fc0b
fa28
f855
f6a0
f501
f383
f21c
f0d6
efba
eecc
edff
ed55
ecd3
ec8f
ec85
eca0
ecdb
ed48
edf2
eed2
efdc
f106
f245
f3a0
f520
f6cb
f890
fa60
fc2b
fdf8
ffdf
01d1
03bc
0592
0759
0905
0a9d
0c2a
0da0
0ef4
101f
1119
11de
127f
12f8
134a
1360
133d
12f9
1285
11e8
1115
1016
0ef6
0dbf
0c56
0ac8
0924
0779
05ad
03d0
01de
ffe7
fdfc
fc17
fa33
f85f
f6a8
f507
f386
f21d
f0d5
efb6
eec7
edf8
ed4e
eccb
ec86
ec7c
ec96
ecd2
ed3e
edea
eecb
efd7
f103
f244
f3a2
f524
f6d0
f897
fa67
fc32
fdfe
ffe5
01d5
03bf
0594
0759
0903
0a99
0c24
0d99
0eec
1016
1111
11d6
1278
12f2
1345
135c
133a
12f8
1285
11e9
1117
1019
0ef9
0dc3
0c59
0acb
0927
077c
05af
03d0
01dc
ffe3
fdf7
fc11
fa2c
f858
f6a1
f500
f381
f219
f0d2
efb4
eec6
edf8
ed4f
eccd
ec88
ec7e
ec99
ecd4
ed41
edec
eecd
efd9
f105
f246
f3a4
f526
f6d2
f899
fa6a
fc36
fe03
ffeb
01dd
03c8
059e
0764
090e
0aa5
0c31
0da5
0ef9
1023
111d
11e2
1283
12fd
134f
1365
1342
12ff
128b
11ee
111a
101a
0ef9
0dc1
0c57
0ac8
0923
0777
05a9
03ca
01d6
ffde
fdf3
fc0d
fa29
f854
f69e
f4fe
f37f
f218
f0d1
efb4
eec7
edf9
ed50
eccf
ec8a
ec81
ec9b
ecd6
ed41
edeb
eecb
efd6
f101
f240
f39d
f51f
f6ca
f890
fa60
fc2c
fdf9
ffe1
01d3
03be
0594
075b
0906
0a9e
0c2b
0da0
0ef5
1020
111a
11df
127f
12f9
134b
1361
133d
12fa
1286
11e9
1115
1016
0ef5
0dbe
0c53
0ac4
091f
0772
05a4
03c5
01d2
ffdb
fdef
fc0b
fa28
f855
f6a0
f501
f383
f21c
f0d6
efba
eecc
edff
ed55
ecd3
ec8f
ec85
eca0
ecdb
ed48
edf2
eed2
efdc
f106
f245
f3a0
f520
f6cb
f890
fa60
fc2b
fdf8
ffdf
01d1
03bc
0592
0759
0905
0a9d
0c2a
0da0
0ef4
101f
1119
11de
127f
12f8
134a
1360
133d
12f9
1285
11e8
1115
1016
0ef6
0dbf
0c56
0ac8
0924
0779
05ad
03d0
01de
ffe7
fdfc
fc17
fa33
f85f
f6a8
f507
f386
f21d
f0d5
efb6
eec7
edf8
ed4e
eccb
ec86
ec7c
ec96
ecd2
ed3e
edea
eecb
efd7
f103
f244
f3a2
f524
f6d0
f897
fa67
fc32
fdfe
ffe5
01d5
03bf
0594
0759
0903
0a99
0c24
0d99
0eec
1016
1111
11d6
1278
12f2
1345
135c
133a
12f8
1285
11e9
1117
1019
0ef9
0dc3
0c59
0acb
0927
077c
05af
03d0
01dc
ffe3
fdf7
fc11
fa2c
f858
f6a1
f500
f381
f219
f0d2
efb4
eec6
edf8
ed4f
eccd
ec88
ec7e
ec99
ecd4
ed41
edec
eecd
efd9
f105
f246
f3a4
f526
f6d2
f899
fa6a
fc36
fe03
ffeb
01dd
03c8
059e
0764
090e
0aa5
0c31
0da5
0ef9
1023
111d
11e2
1283
12fd
134f
1365
1342
12ff
128b
11ee
111a
101a
0ef9
0dc1
0c57
0ac8
0923
0777
05a9
03ca
01d6
ffde
fdf3
fc0d
fa29
f854
f69e
f4fe
f37f
f218
f0d1
efb4
eec7
edf9
ed50
eccf
ec8a
ec81
ec9b
ecd6
ed41
edeb
eecb
efd6
f101
f240
f39d
f51f
f6ca
f890
fa60
fc2c
fdf9
ffe1
01d3
03be
0594
075b
0906
0a9e
0c2b
0da0
0ef5
1020
111a
11df
127f
12f9
134b
1361
133d
12fa
1286
11e9
1115
1016
0ef5
0dbe
0c53
0ac4
091f
0772
05a4
03c5
01d2
ffdb
fdef
fc0b
fa28
f855
f6a0
f501
f383
f21c
f0d6
efba
eecc
edff
ed55
ecd3
ec8f
ec85
eca0
ecdb
ed48
edf2
eed2
efdc
f106
f245
f3a0
f520
f6cb
f890
fa60
fc2b
fdf8
ffdf
01d1
03bc
0592
0759
0905
0a9d
0c2a
0da0
0ef4
101f
1119
11de
127f
12f8
134a
1360
133d
12f9
1285
11e8
1115
1016
0ef6
0dbf
0c56
0ac8
0924
0779
05ad
03d0
01de
ffe7
fdfc
fc17
fa33
f85f
f6a8
f507
f386
f21d
f0d5
efb6
eec7
edf8
ed4e
eccb
ec86
ec7c
ec96
ecd2
ed3e
edea
eecb
efd7
f103
f244
f3a2
f524
f6d0
f897
fa67
fc32
fdfe
ffe5
01d5
03bf
0594
0759
0903
0a99
0c24
0d99
0eec
1016
1111
11d6
1278
12f2
1345
135c
133a
12f8
1285
11e9
1117
1019
0ef9
0dc3
0c59
0acb
0927
077c
05af
03d0
01dc
ffe3
fdf7
fc11
fa2c
f858
f6a1
f500
f381
f219
f0d2
efb4
eec6
edf8
ed4f
eccd
ec88
ec7e
ec99
ecd4
ed41
edec
eecd
efd9
f105
f246
f3a4
f526
f6d2
f899
fa6a
fc36
fe03
ffeb
01dd
03c8
059e
0764
090e
0aa5
0c31
0da5
0ef9
1023
111d
11e2
1283
12fd
134f
1365
1342
12ff
128b
11ee
111a
101a
0ef9
0dc1
0c57
0ac8
0923
0777
05a9
03ca
01d6
ffde
fdf3
fc0d
fa29
f854
f69e
f4fe
f37f
f218
f0d1
efb4
eec7
edf9
ed50
eccf
ec8a
ec81
ec9b
ecd6
ed41
edeb
eecb
efd6
f101
f240
f39d
f51f
f6ca
f890
fa60
fc2c
fdf9
ffe1
01d3
03be
0594
075b
0906
0a9e
0c2b
0da0
0ef5
1020
111a
11df
127f
12f9
134b
1361
133d
12fa
1286
11e9
1115
1016
0ef5
0dbe
0c53
0ac4
091f
0772
05a4
03c5
01d2
ffdb
fdef
fc0b
fa28
f855
f6a0
f501
f383
f21c
f0d6
efba
eecc
edff
ed55
ecd3
ec8f
ec85
eca0
ecdb
ed48
edf2
eed2
efdc
f106
f245
f3a0
f520
f6cb
f890
fa60
fc2b
fdf8
ffdf
01d1
03bc
0592
0759
0905
0a9d
0c2a
0da0
0ef4
101f
1119
11de
127f
12f8
134a
1360
133d
12f9
1285
11e8
1115
1016
0ef6
0dbf
0c56
0ac8
0924
0779
05ad
03d0
01de
ffe7
fdfc
fc17
fa33
f85f
f6a8
f507
f386
f21d
f0d5
efb6
eec7
edf8
ed4e
eccb
ec86
ec7c
ec96
ecd2
ed3e
edea
eecb
efd7
f103
f244
f3a2
f524
f6d0
f897
fa67
fc32
fdfe
ffe5
01d5
03bf
0594
0759
0903
0a99
0c24
0d99
0eec
1016
1111
11d6
1278
12f2
1345
135c
133a
12f8
1285
11e9
1117
1019
0ef9
0dc3
0c59
0acb
0927
077c
05af
03d0
01dc
ffe3
fdf7
fc11
fa2c
f858
f6a1
f500
f381
f219
f0d2
efb4
eec6
edf8
ed4f
eccd
ec88
ec7e
ec99
ecd4
ed41
edec
eecd
efd9
f105
f246
f3a4
f526
f6d2
f899
fa6a
fc36
fe03
ffeb
01dd
03c8
059e
0764
090e
0aa5
0c31
0da5
0ef9
1023
111d
11e2
1283
12fd
134f
1365
1342
12ff
128b
11ee
111a
101a
0ef9
0dc1
0c57
0ac8
0923
0777
05a9
03ca
01d6
ffde
fdf3
fc0d
fa29
f854
f69e
f4fe
f37f
f218
f0d1
efb4
eec7
edf9
ed50
eccf
ec8a
ec81
ec9b
ecd6
ed41
edeb
eecb
efd6
f101
f240
f39d
f51f
f6ca
f890
fa60
fc2c
fdf9
ffe1
01d3
03be
0594
075b
0906
0a9e
0c2b
0da0
0ef5
1020
111a
11df
127f
12f9
134b
1361
133d
12fa
1286
11e9
1115
1016
0ef5
0dbe
0c53
0ac4
091f
0772
05a4
03c5
01d2
ffdb
fdef
fc0b
fa28
f855
f6a0
f501
f383
f21c
f0d6
efba
eecc
edff
ed55
ecd3
ec8f
ec85
eca0
ecdb
ed48
edf2
eed2
efdc
f106
f245
f3a0
f520
f6cb
f890
fa60
fc2b
fdf8
ffdf
01d1
03bc
0592
0759
0905
0a9d
0c2a
0da0
0ef4
101f
1119
11de
127f
12f8
134a
1360
133d
12f9
1285
11e8
1115
1016
0ef6
0dbf
0c56
0ac8
0924
0779
05ad
03d0
01de
ffe7
fdfc
fc17
fa33
f85f
f6a8
f507
f386
f21d
f0d5
efb6
eec7
edf8
ed4e
eccb
ec86
ec7c
ec96
ecd2
ed3e
edea
eecb
efd7
f103
f244
f3a2
f524
f6d0
f897
fa67
fc32
fdfe
ffe5
01d5
03bf
0594
0759
0903
0a99
0c24
0d99
0eec
1016
1111
11d6
1278
12f2
1345
135c
133a
12f8
1285
11e9
1117
1019
0ef9
0dc3
0c59
0acb
0927
077c
05af
03d0
01dc
ffe3
fdf7
fc11
fa2c
f858
f6a1
f500
f381
f219
f0d2
efb4
eec6
edf8
ed4f
eccd
ec88
ec7e
ec99
ecd4
ed41
edec
eecd
efd9
f105
f246
f3a4
f526
f6d2
f899
fa6a
fc36
fe03
ffeb
01dd
03c8
059e
0764
090e
0aa5
0c31
0da5
0ef9
1023
111d
11e2
1283
12fd
134f
1365
1342
12ff
128b
11ee
111a
101a
0ef9
0dc1
0c57
0ac8
0923
0777
05a9
03ca
01d6
ffde
fdf3
fc0d
fa29
f854
f69e
f4fe
f37f
f218
f0d1
efb4
eec7
edf9
ed50
eccf
ec8a
ec81
ec9b
ecd6
ed41
edeb
eecb
efd6
f101
f240
f39d
f51f
f6ca
f890
fa60
fc2c
fdf9
ffe1
01d3
03be
0594
075b
0906
0a9e
0c2b
0da0
0ef5
1020
111a
11df
127f
12f9
134b
1361
133d
12fa
1286
11e9
1115
1016
0ef5
0dbe
0c53
0ac4
091f
0772
05a4
03c5
01d2
ffdb
fdef
fc0b
fa28
f855
f6a0
f501
f383
f21c
f0d6
efba
eecc
edff
ed55
ecd3
ec8f
ec85
eca0
ecdb
ed48
edf2
eed2
efdc
f106
f245
f3a0
f520
f6cb
f890
fa60
fc2b
fdf8
ffdf
01d1
03bc
0592
0759
0905
0a9d
0c2a
0da0
0ef4
101f
1119
11de
127f
12f8
134a
1360
133d
12f9
1285
11e8
1115
1016
0ef6
0dbf
0c56
0ac8
0924
0779
05ad
03d0
01de
ffe7
fdfc
fc17
fa33
f85f
f6a8
f507
f386
f21d
f0d5
efb6
eec7
edf8
ed4e
eccb
ec86
ec7c
ec96
ecd2
ed3e
edea
eecb
efd7
f103
f244
f3a2
f524
f6d0
f897
fa67
fc32
fdfe
ffe5
01d5
03bf
0594
0759
0903
0a99
0c24
0d99
0eec
1016
1111
11d6
1278
12f2
1345
135c
133a
12f8
1285
11e9
1117
1019
0ef9
0dc3
0c59
0acb
0927
077c
05af
03d0
01dc
ffe3
fdf7
fc11
fa2c
f858
f6a1
f500
f381
f219
f0d2
efb4
eec6
edf8
ed4f
eccd
ec88
ec7e
ec99
ecd4
ed41
edec
eecd
efd9
f105
f246
f3a4
f526
f6d2
f899
fa6a
fc36
fe03
ffeb
01dd
03c8
059e
0764
090e
0aa5
0c31
0da5
0ef9
1023
111d
11e2
1283
12fd
134f
1365
1342
12ff
128b
11ee
111a
101a
0ef9
0dc1
0c57
0ac8
0923
0777
05a9
03ca
01d6
ffde
fdf3
fc0d
fa29
f854
f69e
f4fe
f37f
f218
f0d1
efb4
eec7
edf9
ed50
eccf
ec8a
ec81
ec9b
ecd6
ed41
edeb
eecb
efd6
f101
f240
f39d
f51f
f6ca
f890
fa60
fc2c
fdf9
ffe1
01d3
03be
0594
075b
0906
0a9e
0c2b
0da0
0ef5
1020
111a
11df
127f
12f9
134b
1361
133d
12fa
1286
11e9
1115
1016
0ef5
0dbe
0c53
0ac4
091f
0772
05a4
03c5
01d2
ffdb
fdef
fc0b
fa28
f855
f6a0
f501
f383
f21c
f0d6
efba
eecc
edff
ed55
ecd3
ec8f
ec85
eca0
ecdb
ed48
edf2
eed2
efdc
f106
f245
f3a0
f520
f6cb
f890
fa60
fc2b
fdf8
ffdf
01d1
03bc
0592
0759
0905
0a9d
0c2a
0da0
0ef4
101f
1119
11de
127f
12f8
134a
1360
133d
12f9
1285
11e8
1115
1016
0ef6
0dbf
0c56
0ac8
0924
0779
05ad
03d0
01de
ffe7
fdfc
fc17
fa33
f85f
f6a8
f507
f386
f21d
f0d5
efb6
eec7
edf8
ed4e
eccb
ec86
ec7c
ec96
ecd2
ed3e
edea
eecb
efd7
f103
f244
f3a2
f524
f6d0
f897
fa67
fc32
fdfe
ffe5
01d5
03bf
0594
0759
0903
0a99
0c24
0d99
0eec
1016
1111
11d6
1278
12f2
1345
135c
133a
12f8
1285
11e9
1117
1019
0ef9
0dc3
0c59
0acb
0927
077c
05af
03d0
01dc
ffe3
fdf7
fc11
fa2c
f858
f6a1
f500
f381
f219
f0d2
efb4
eec6
edf8
ed4f
eccd
ec88
ec7e
ec99
ecd4
ed41
edec
eecd
efd9
f105
f246
f3a4
f526
f6d2
f899
fa6a
fc36
fe03
ffeb
01dd
03c8
059e
0764
090e
0aa5
0c31
0da5
0ef9
1023
111d
11e2
1283
12fd
134f
1365
1342
12ff
128b
11ee
111a
101a
0ef9
0dc1
0c57
0ac8
0923
0777
05a9
03ca
01d6
ffde
fdf3
fc0d
fa29
f854
f69e
f4fe
f37f
f218
f0d1
efb4
eec7
edf9
ed50
eccf
ec8a
ec81
ec9b
ecd6
ed41
edeb
eecb
efd6
f101
f240
f39d
f51f
f6ca
f890
fa60
fc2c
fdf9
ffe1
01d3
03be
0594
075b
0906
0a9e
0c2b
0da0
0ef5
1020
111a
11df
127f
12f9
134b
1361
133d
12fa
1286
11e9
1115
1016
0ef5
0dbe
0c53
0ac4
091f
0772
05a4
03c5
01d2
ffdb
fdef
fc0b
fa28
f855
f6a0
f501
f383
f21c
f0d6
efba
eecc
edff
ed55
ecd3
ec8f
ec85
eca0
ecdb
ed48
edf2
eed2
efdc
f106
f245
f3a0
f520
f6cb
f890
fa60
fc2b
fdf8
ffdf
01d1
03bc
0592
0759
0905
0a9d
0c2a
0da0
0ef4
101f
1119
11de
127f
12f8
134a
1360
133d
12f9
1285
11e8
1115
1016
0ef6
0dbf
0c56
0ac8
0924
0779
05ad
03d0
01de
ffe7
fdfc
fc17
fa33
f85f
f6a8
f507
f386
f21d
f0d5
efb6
eec7
edf8
ed4e
eccb
ec86
ec7c
ec96
ecd2
ed3e
edea
eecb
efd7
f103
f244
f3a2
f524
f6d0
f897
fa67
fc32
fdfe
ffe5
01d5
03bf
0594
0759
0903
0a99
0c24
0d99
0eec
1016
1111
11d6
1278
12f2
1345
135c
133a
12f8
1285
11e9
1117
1019
0ef9
0dc3
0c59
0acb
0927
077c
05af
03d0
01dc
ffe3
fdf7
fc11
fa2c
f858
f6a1
f500
f381
f219
f0d2
efb4
eec6
edf8
ed4f
eccd
ec88
ec7e
ec99
ecd4
ed41
edec
eecd
efd9
f105
f246
f3a4
f526
f6d2
f899
fa6a
fc36
fe03
ffeb
01dd
03c8
059e
0764
090e
0aa5
0c31
0da5
0ef9
1023
111d
11e2
1283
12fd
134f
1365
1342
12ff
128b
11ee
111a
101a
0ef9
0dc1
0c57
0ac8
0923
0777
05a9
03ca
01d6
ffde
fdf3
fc0d
fa29
f854
f69e
f4fe
f37f
f218
f0d1
efb4
eec7
edf9
ed50
eccf
ec8a
ec81
ec9b
ecd6
ed41
edeb
eecb
efd6
f101
f240
f39d
f51f
f6ca
f890
fa60
fc2c
fdf9
ffe1
01d3
03be
0594
075b
0906
0a9e
0c2b
0da0
0ef5
1020
111a
11df
127f
12f9
134b
1361
133d
12fa
1286
11e9
1115
1016
0ef5
0dbe
0c53
0ac4
091f
0772
05a4
03c5
01d2
ffdb
fdef
fc0b
fa28
f855
f6a0
f501
f383
f21c
f0d6
efba
eecc
edff
ed55
ecd3
ec8f
ec85
eca0
ecdb
ed48
edf2
eed2
efdc
f106
f245
f3a0
f520
f6cb
f890
fa60
fc2b
fdf8
ffdf
01d1
03bc
0592
0759
0905
0a9d
0c2a
0da0
0ef4
101f
1119
11de
127f
12f8
134a
1360
133d
12f9
1285
11e8
1115
1016
0ef6
0dbf
0c56
0ac8
0924
0779
05ad
03d0
01de
ffe7
fdfc
fc17
fa33
f85f
f6a8
f507
f386
f21d
f0d5
efb6
eec7
edf8
ed4e
eccb
ec86
ec7c
ec96
ecd2
ed3e
edea
eecb
efd7
f103
f244
f3a2
f524
f6d0
f897
fa67
fc32
fdfe
ffe5
01d5
03bf
0594
0759
0903
0a99
0c24
0d99
0eec
1016
1111
11d6
1278
12f2
1345
135c
133a
12f8
1285
11e9
1117
1019
0ef9
0dc3
0c59
0acb
0927
077c
05af
03d0
01dc
ffe3
fdf7
fc11
fa2c
f858
f6a1
f500
f381
f219
f0d2
efb4
eec6
edf8
ed4f
eccd
ec88
ec7e
ec99
ecd4
ed41
edec
eecd
efd9
f105
f246
f3a4
f526
f6d2
f899
fa6a
fc36
fe03
ffeb
01dd
03c8
059e
0764
090e
0aa5
0c31
0da5
0ef9
1023
111d
11e2
1283
12fd
134f
1365
1342
12ff
128b
11ee
111a
101a
0ef9
0dc1
0c57
0ac8
0923
0777
05a9
03ca
01d6
ffde
fdf3
fc0d
fa29
f854
f69e
f4fe
f37f
f218
f0d1
efb4
eec7
edf9
ed50
eccf
ec8a
ec81
ec9b
ecd6
ed41
edeb
eecb
efd6
f101
f240
f39d
f51f
f6ca
f890
fa60
fc2c
fdf9
ffe1
01d3
03be
0594
075b
0906
0a9e
0c2b
0da0
0ef5
1020
111a
11df
127f
12f9
134b
1361
133d
12fa
1286
11e9
1115
1016
0ef5
0dbe
0c53
0ac4
091f
0772
05a4
03c5
01d2
ffdb
fdef
fc0b
fa28
f855
f6a0
f501
f383
f21c
f0d6
efba
eecc
edff
ed55
ecd3
ec8f
ec85
eca0
ecdb
ed48
edf2
eed2
efdc
f106
f245
f3a0
f520
f6cb
f890
fa60
fc2b
fdf8
ffdf
01d1
03bc
0592
0759
0905
0a9d
0c2a
0da0
0ef4
101f
1119
11de
127f
12f8
134a
1360
133d
12f9
1285
11e8
1115
1016
0ef6
0dbf
0c56
0ac8
0924
0779
05ad
03d0
01de
ffe7
fdfc
fc17
fa33
f85f
f6a8
f507
f386
f21d
f0d5
efb6
eec7
edf8
ed4e
eccb
ec86
ec7c
ec96
ecd2
ed3e
edea
eecb
efd7
f103
f244
f3a2
f524
f6d0
f897
fa67
fc32
fdfe
ffe5
01d5
03bf
0594
0759
0903
0a99
0c24
0d99
0eec
1016
1111
11d6
1278
12f2
1345
135c
133a
12f8
1285
11e9
1117
1019
0ef9
0dc3
0c59
0acb
0927
077c
05af
03d0
01dc
ffe3
fdf7
fc11
fa2c
f858
f6a1
f500
f381
f219
f0d2
efb4
eec6
edf8
ed4f
eccd
ec88
ec7e
ec99
ecd4
ed41
edec
eecd
efd9
f105
f246
f3a4
f526
f6d2
f899
fa6a
fc36
fe03
ffeb
01dd
03c8
059e
0764
090e
0aa5
0c31
0da5
0ef9
1023
111d
11e2
1283
12fd
134f
1365
1342
12ff
128b
11ee
111a
101a
0ef9
0dc1
0c57
0ac8
0923
0777
05a9
03ca
01d6
ffde
fdf3
fc0d
fa29
f854
f69e
f4fe
f37f
f218
f0d1
efb4
eec7
edf9
ed50
eccf
ec8a
ec81
ec9b
ecd6
ed41
edeb
eecb
efd6
f101
f240
f39d
f51f
f6ca
f890
fa60
fc2c
fdf9
ffe1
01d3
03be
0594
075b
0906
0a9e
0c2b
0da0
0ef5
1020
111a
11df
127f
12f9
134b
1361
133d
12fa
1286
11e9
1115
1016
0ef5
0dbe
0c53
0ac4
091f
0772
05a4
03c5
01d2
ffdb
fdef
fc0b
fa28
f855
f6a0
f501
f383
f21c
f0d6
efba
eecc
edff
ed55
ecd3
ec8f
ec85
eca0
ecdb
ed48
edf2
eed2
efdc
f106
f245
f3a0
f520
f6cb
f890
fa60
fc2b
fdf8
ffdf
01d1
03bc
0592
0759
0905
0a9d
0c2a
0da0
0ef4
101f
1119
11de
127f
12f8
134a
1360
133d
12f9
1285
11e8
1115
1016
0ef6
0dbf
0c56
0ac8
0924
0779
05ad
03d0
01de
ffe7
fdfc
fc17
fa33
f85f
f6a8
f507
f386
f21d
f0d5
efb6
eec7
edf8
ed4e
eccb
ec86
ec7c
ec96
ecd2
ed3e
edea
eecb
efd7
f103
f244
f3a2
f524
f6d0
f897
fa67
fc32
fdfe
ffe5
01d5
03bf
0594
0759
0903
0a99
0c24
0d99
0eec
1016
1111
11d6
1278
12f2
1345
135c
133a
12f8
1285
11e9
1117
1019
0ef9
0dc3
0c59
0acb
0927
077c
05af
03d0
01dc
ffe3
fdf7
fc11
fa2c
f858
f6a1
f500
f381
f219
f0d2
efb4
eec6
edf8
ed4f
eccd
ec88
ec7e
ec99
ecd4
ed41
edec
eecd
efd9
f105
f246
f3a4
f526
f6d2
f899
fa6a
fc36
fe03
ffeb
01dd
03c8
059e
0764
090e
0aa5
0c31
0da5
0ef9
1023
111d
11e2
1283
12fd
134f
1365
1342
12ff
128b
11ee
111a
101a
0ef9
0dc1
0c57
0ac8
0923
0777
05a9
03ca
01d6
ffde
fdf3
fc0d
fa29
f854
f69e
f4fe
f37f
f218
f0d1
efb4
eec7
edf9
ed50
eccf
ec8a
ec81
ec9b
ecd6
ed41
edeb
eecb
efd6
f101
f240
f39d
f51f
f6ca
f890
fa60
fc2c
fdf9
ffe1
01d3
03be
0594
075b
0906
0a9e
0c2b
0da0
0ef5
1020
111a
11df
127f
12f9
134b
1361
133d
12fa
1286
11e9
1115
1016
0ef5
0dbe
0c53
0ac4
091f
0772
05a4
03c5
01d2
ffdb
fdef
fc0b
fa28
f855
f6a0
f501
f383
f21c
f0d6
efba
eecc
edff
ed55
ecd3
ec8f
ec85
eca0
ecdb
ed48
edf2
eed2
efdc
f106
f245
f3a0
f520
f6cb
f890
fa60
fc2b
fdf8
ffdf
01d1
03bc
0592
0759
0905
0a9d
0c2a
0da0
0ef4
101f
1119
11de
127f
12f8
134a
1360
133d
12f9
1285
11e8
1115
1016
0ef6
0dbf
0c56
0ac8
0924
0779
05ad
03d0
01de
ffe7
fdfc
fc17
fa33
f85f
f6a8
f507
f386
f21d
f0d5
efb6
eec7
edf8
ed4e
eccb
ec86
ec7c
ec96
ecd2
ed3e
edea
eecb
efd7
f103
f244
f3a2
f524
f6d0
f897
fa67
fc32
fdfe
ffe5
01d5
03bf
0594
0759
0903
0a99
0c24
0d99
0eec
1016
1111
11d6
1278
12f2
1345
135c
133a
12f8
1285
11e9
1117
1019
0ef9
0dc3
0c59
0acb
0927
077c
05af
03d0
01dc
ffe3
fdf7
fc11
fa2c
f858
f6a1
f500
f381
f219
f0d2
efb4
eec6
edf8
ed4f
eccd
ec88
ec7e
ec99
ecd4
ed41
edec
eecd
efd9
f105
f246
f3a4
f526
f6d2
f899
fa6a
fc36
fe03
ffeb
01dd
03c8
059e
0764
090e
0aa5
0c31
0da5
0ef9
1023
111d
11e2
1283
12fd
134f
1365
1342
12ff
128b
11ee
111a
101a
0ef9
0dc1
0c57
0ac8
0923
0777
05a9
03ca
01d6
ffde
fdf3
fc0d
fa29
f854
f69e
f4fe
f37f
f218
f0d1
efb4
eec7
edf9
ed50
eccf
ec8a
ec81
ec9b
ecd6
ed41
edeb
eecb
efd6
f101
f240
f39d
f51f
f6ca
f890
fa60
fc2c
fdf9
ffe1
01d3
03be
0594
075b
0906
0a9e
0c2b
0da0
0ef5
1020
111a
11df
127f
12f9
134b
1361
133d
12fa
1286
11e9
1115
1016
0ef5
0dbe
0c53
0ac4
091f
0772
05a4
03c5
01d2
ffdb
fdef
fc0b
fa28
f855
f6a0
f501
f383
f21c
f0d6
efba
eecc
edff
ed55
ecd3
ec8f
ec85
eca0
ecdb
ed48
edf2
eed2
efdc
f106
f245
f3a0
f520
f6cb
f890
fa60
fc2b
fdf8
ffdf
01d1
03bc
0592
0759
0905
0a9d
0c2a
0da0
0ef4
101f
1119
11de
127f
12f8
134a
1360
133d
12f9
1285
11e8
1115
1016
0ef6
0dbf
0c56
0ac8
0924
0779
05ad
03d0
01de
ffe7
fdfc
fc17
fa33
f85f
f6a8
f507
f386
f21d
f0d5
efb6
eec7
edf8
ed4e
eccb
ec86
ec7c
ec96
ecd2
ed3e
edea
eecb
efd7
f103
f244
f3a2
f524
f6d0
f897
fa67
fc32
fdfe
ffe5
01d5
03bf
0594
0759
0903
0a99
0c24
0d99
0eec
1016
1111
11d6
1278
12f2
1345
135c
133a
12f8
1285
11e9
1117
1019
0ef9
0dc3
0c59
0acb
0927
077c
05af
03d0
01dc
ffe3
fdf7
fc11
fa2c
f858
f6a1
f500
f381
f219
f0d2
efb4
eec6
edf8
ed4f
eccd
ec88
ec7e
ec99
ecd4
ed41
edec
eecd
efd9
f105
f246
f3a4
f526
f6d2
f899
fa6a
fc36
fe03
ffeb
01dd
03c8
059e
0764
090e
0aa5
0c31
0da5
0ef9
1023
111d
11e2
1283
12fd
134f
1365
1342
12ff
128b
11ee
111a
101a
0ef9
0dc1
0c57
0ac8
0923
0777
05a9
03ca
01d6
ffde
fdf3
fc0d
fa29
f854
f69e
f4fe
f37f
f218
f0d1
efb4
eec7
edf9
ed50
eccf
ec8a
ec81
ec9b
ecd6
ed41
edeb
eecb
efd6
f101
f240
f39d
f51f
f6ca
f890
fa60
fc2c
fdf9
ffe1
01d3
03be
0594
075b
0906
0a9e
0c2b
0da0
0ef5
1020
111a
11df
127f
12f9
134b
1361
133d
12fa
1286
11e9
1115
1016
0ef5
0dbe
0c53
0ac4
091f
0772
05a4
03c5
01d2
ffdb
fdef
fc0b
fa28
f855
f6a0
f501
f383
f21c
f0d6
efba
eecc
edff
ed55
ecd3
ec8f
ec85
eca0
ecdb
ed48
edf2
eed2
efdc
f106
f245
f3a0
f520
f6cb
f890
fa60
fc2b
fdf8
ffdf
01d1
03bc
0592
0759
0905
0a9d
0c2a
0da0
0ef4
101f
1119
11de
127f
12f8
134a
1360
133d
12f9
1285
11e8
1115
1016
0ef6
0dbf
0c56
0ac8
0924
0779
05ad
03d0
01de
ffe7
fdfc
fc17
fa33
f85f
f6a8
f507
f386
f21d
f0d5
efb6
eec7
edf8
ed4e
eccb
ec86
ec7c
ec96
ecd2
ed3e
edea
eecb
efd7
f103
f244
f3a2
f524
f6d0
f897
fa67
fc32
fdfe
ffe5
01d5
03bf
0594
0759
0903
0a99
0c24
0d99
0eec
1016
1111
11d6
1278
12f2
1345
135c
133a
12f8
1285
11e9
1117
1019
0ef9
0dc3
0c59
0acb
0927
077c
05af
03d0
01dc
ffe3
fdf7
fc11
fa2c
f858
f6a1
f500
f381
f219
f0d2
efb4
eec6
edf8
ed4f
eccd
ec88
ec7e
ec99
ecd4
ed41
edec
eecd
efd9
f105
f246
f3a4
f526
f6d2
f899
fa6a
fc36
fe03
ffeb
01dd
03c8
059e
0764
090e
0aa5
0c31
0da5
0ef9
1023
111d
11e2
1283
12fd
134f
1365
1342
12ff
128b
11ee
111a
101a
0ef9
0dc1
0c57
0ac8
0923
0777
05a9
03ca
01d6
ffde
fdf3
fc0d
fa29
f854
f69e
f4fe
f37f
f218
f0d1
efb4
eec7
edf9
ed50
eccf
ec8a
ec81
ec9b
ecd6
ed41
edeb
eecb
efd6
f101
f240
f39d
f51f
f6ca
f890
fa60
fc2c
fdf9
ffe1
01d3
03be
0594
075b
0906
0a9e
0c2b
0da0
0ef5
1020
111a
11df
127f
12f9
134b
1361
133d
12fa
1286
11e9
1115
1016
0ef5
0dbe
0c53
0ac4
091f
0772
05a4
03c5
01d2
ffdb
fdef
fc0b
fa28
f855
f6a0
f501
f383
f21c
f0d6
efba
eecc
edff
ed55
ecd3
ec8f
ec85
eca0
ecdb
ed48
edf2
eed2
efdc
f106
f245
f3a0
f520
f6cb
f890
fa60
fc2b
fdf8
ffdf
01d1
03bc
0592
0759
0905
0a9d
0c2a
0da0
0ef4
101f
1119
11de
127f
12f8
134a
1360
133d
12f9
1285
11e8
1115
1016
0ef6
0dbf
0c56
0ac8
0924
0779
05ad
03d0
01de
ffe7
fdfc
fc17
fa33
f85f
f6a8
f507
f386
f21d
f0d5
efb6
eec7
edf8
ed4e
eccb
ec86
ec7c
ec96
ecd2
ed3e
edea
eecb
efd7
f103
f244
f3a2
f524
f6d0
f897
fa67
fc32
fdfe
ffe5
01d5
03bf
0594
0759
0903
0a99
0c24
0d99
0eec
1016
1111
11d6
1278
12f2
1345
135c
133a
12f8
1285
11e9
1117
1019
0ef9
0dc3
0c59
0acb
0927
077c
05af
03d0
01dc
ffe3
fdf7
fc11
fa2c
f858
f6a1
f500
f381
f219
f0d2
efb4
eec6
edf8
ed4f
eccd
ec88
ec7e
ec99
ecd4
ed41
edec
eecd
efd9
f105
f246
f3a4
f526
f6d2
f899
fa6a
fc36
fe03
ffeb
01dd
03c8
059e
0764
090e
0aa5
0c31
0da5
0ef9
1023
111d
11e2
1283
12fd
134f
1365
1342
12ff
128b
11ee
111a
101a
0ef9
0dc1
0c57
0ac8
0923
0777
05a9
03ca
01d6
ffde
fdf3
fc0d
fa29
f854
f69e
f4fe
f37f
f218
f0d1
efb4
eec7
edf9
ed50
eccf
ec8a
ec81
ec9b
ecd6
ed41
edeb
eecb
efd6
f101
f240
f39d
f51f
f6ca
f890
fa60
fc2c
fdf9
ffe1
01d3
03be
0594
075b
0906
0a9e
0c2b
0da0
0ef5
1020
111a
11df
127f
12f9
134b
1361
133d
12fa
1286
11e9
1115
1016
0ef5
0dbe
0c53
0ac4
091f
0772
05a4
03c5
01d2
ffdb
fdef
fc0b
fa28
f855
f6a0
f501
f383
f21c
f0d6
efba
eecc
edff
ed55
ecd3
ec8f
ec85
eca0
ecdb
ed48
edf2
eed2
efdc
f106
f245
f3a0
f520
f6cb
f890
fa60
fc2b
fdf8
ffdf
01d1
03bc
0592
0759
0905
0a9d
0c2a
0da0
0ef4
101f
1119
11de
127f
12f8
134a
1360
133d
12f9
1285
11e8
1115
1016
0ef6
0dbf
0c56
0ac8
0924
0779
05ad
03d0
01de
ffe7
fdfc
fc17
fa33
f85f
f6a8
f507
f386
f21d
f0d5
efb6
eec7
edf8
ed4e
eccb
ec86
ec7c
ec96
ecd2
ed3e
edea
eecb
efd7
f103
f244
f3a2
f524
f6d0
f897
fa67
fc32
fdfe
ffe5
01d5
03bf
0594
0759
0903
0a99
0c24
0d99
0eec
1016
1111
11d6
1278
12f2
1345
135c
133a
12f8
1285
11e9
1117
1019
0ef9
0dc3
0c59
0acb
0927
077c
05af
03d0
01dc
ffe3
fdf7
fc11
fa2c
f858
f6a1
f500
f381
f219
f0d2
efb4
eec6
edf8
ed4f
eccd
ec88
ec7e
ec99
ecd4
ed41
edec
eecd
efd9
f105
f246
f3a4
f526
f6d2
f899
fa6a
fc36
fe03
ffeb
01dd
03c8
059e
0764
090e
0aa5
0c31
0da5
0ef9
1023
111d
11e2
1283
12fd
134f
1365
1342
12ff
128b
11ee
111a
101a
0ef9
0dc1
0c57
0ac8
0923
0777
05a9
03ca
01d6
ffde
fdf3
fc0d
fa29
f854
f69e
f4fe
f37f
f218
f0d1
efb4
eec7
edf9
ed50
eccf
ec8a
ec81
ec9b
ecd6
ed41
edeb
eecb
efd6
f101
f240
f39d
f51f
f6ca
f890
fa60
fc2c
fdf9
ffe1
01d3
03be
0594
075b
0906
0a9e
0c2b
0da0
0ef5
1020
111a
11df
127f
12f9
134b
1361
133d
12fa
1286
11e9
1115
1016
0ef5
0dbe
0c53
0ac4
091f
0772
05a4
03c5
01d2
ffdb
fdef
fc0b
fa28
f855
f6a0
f501
f383
f21c
f0d6
efba
eecc
edff
ed55
ecd3
ec8f
ec85
eca0
ecdb
ed48
edf2
eed2
efdc
f106
f245
f3a0
f520
f6cb
f890
fa60
fc2b
fdf8
ffdf
01d1
03bc
0592
0759
0905
0a9d
0c2a
0da0
0ef4
101f
1119
11de
127f
12f8
134a
1360
133d
12f9
1285
11e8
1115
1016
0ef6
0dbf
0c56
0ac8
0924
0779
05ad
03d0
01de
ffe7
fdfc
fc17
fa33
f85f
f6a8
f507
f386
f21d
f0d5
efb6
eec7
edf8
ed4e
eccb
ec86
ec7c
ec96
ecd2
ed3e
edea
eecb
efd7
f103
f244
f3a2
f524
f6d0
f897
fa67
fc32
fdfe
ffe5
01d5
03bf
0594
0759
0903
0a99
0c24
0d99
0eec
1016
1111
11d6
1278
12f2
1345
135c
133a
12f8
1285
11e9
1117
1019
0ef9
0dc3
0c59
0acb
0927
077c
05af
03d0
01dc
ffe3
fdf7
fc11
fa2c
f858
f6a1
f500
f381
f219
f0d2
efb4
eec6
edf8
ed4f
eccd
ec88
ec7e
ec99
ecd4
ed41
edec
eecd
efd9
f105
f246
f3a4
f526
f6d2
f899
fa6a
fc36
fe03
ffeb
01dd
03c8
059e
0764
090e
0aa5
0c31
0da5
0ef9
1023
111d
11e2
1283
12fd
134f
1365
1342
12ff
128b
11ee
111a
101a
0ef9
0dc1
0c57
0ac8
0923
0777
05a9
03ca
01d6
ffde
fdf3
fc0d
fa29
f854
f69e
f4fe
f37f
f218
f0d1
efb4
eec7
edf9
ed50
eccf
ec8a
ec81
ec9b
ecd6
ed41
edeb
eecb
efd6
f101
f240
f39d
f51f
f6ca
f890
fa60
fc2c
fdf9
ffe1
01d3
03be
0594
075b
0906
0a9e
0c2b
0da0
0ef5
1020
111a
11df
127f
12f9
134b
1361
133d
12fa
1286
11e9
1115
1016
0ef5
0dbe
0c53
0ac4
091f
0772
05a4
03c5
01d2
ffdb
fdef
fc0b
fa28
f855
f6a0
f501
f383
f21c
f0d6
efba
eecc
edff
ed55
ecd3
ec8f
ec85
eca0
ecdb
ed48
edf2
eed2
efdc
f106
f245
f3a0
f520
f6cb
f890
fa60
fc2b
fdf8
ffdf
01d1
03bc
0592
0759
0905
0a9d
0c2a
0da0
0ef4
101f
1119
11de
127f
12f8
134a
1360
133d
12f9
1285
11e8
1115
1016
0ef6
0dbf
0c56
0ac8
0924
0779
05ad
03d0
01de
ffe7
fdfc
fc17
fa33
f85f
f6a8
f507
f386
f21d
f0d5
efb6
eec7
edf8
ed4e
eccb
ec86
ec7c
ec96
ecd2
ed3e
edea
eecb
efd7
f103
f244
f3a2
f524
f6d0
f897
fa67
fc32
fdfe
ffe5
01d5
03bf
0594
0759
0903
0a99
0c24
0d99
0eec
1016
1111
11d6
1278
12f2
1345
135c
133a
12f8
1285
11e9
1117
1019
0ef9
0dc3
0c59
0acb
0927
077c
05af
03d0
01dc
ffe3
fdf7
fc11
fa2c
f858
f6a1
f500
f381
f219
f0d2
efb4
eec6
edf8
ed4f
eccd
ec88
ec7e
ec99
ecd4
ed41
edec
eecd
efd9
f105
f246
f3a4
f526
f6d2
f899
fa6a
fc36
fe03
ffeb
01dd
03c8
059e
0764
090e
0aa5
0c31
0da5
0ef9
1023
111d
11e2
1283
12fd
134f
1365
1342
12ff
128b
11ee
111a
101a
0ef9
0dc1
0c57
0ac8
0923
0777
05a9
03ca
01d6
ffde
fdf3
fc0d
fa29
f854
f69e
f4fe
f37f
f218
f0d1
efb4
eec7
edf9
ed50
eccf
ec8a
ec81
ec9b
ecd6
ed41
edeb
eecb
efd6
f101
f240
f39d
f51f
f6ca
f890
fa60
fc2c
fdf9
ffe1
01d3
03be
0594
075b
0906
0a9e
0c2b
0da0
0ef5
1020
111a
11df
127f
12f9
134b
1361
133d
12fa
1286
11e9
1115
1016
0ef5
0dbe
0c53
0ac4
091f
0772
05a4
03c5
01d2
ffdb
fdef
fc0b
fa28
f855
f6a0
f501
f383
f21c
f0d6
efba
eecc
edff
ed55
ecd3
ec8f
ec85
eca0
ecdb
ed48
edf2
eed2
efdc
f106
f245
f3a0
f520
f6cb
f890
fa60
fc2b
fdf8
ffdf
01d1
03bc
0592
0759
0905
0a9d
0c2a
0da0
0ef4
101f
1119
11de
127f
12f8
134a
1360
133d
12f9
1285
11e8
1115
1016
0ef6
0dbf
0c56
0ac8
0924
0779
05ad
03d0
01de
ffe7
fdfc
fc17
fa33
f85f
f6a8
f507
f386
f21d
f0d5
efb6
eec7
edf8
ed4e
eccb
ec86
ec7c
ec96
ecd2
ed3e
edea
eecb
efd7
f103
f244
f3a2
f524
f6d0
f897
fa67
fc32
fdfe
ffe5
01d5
03bf
0594
0759
0903
0a99
0c24
0d99
0eec
1016
1111
11d6
1278
12f2
1345
135c
133a
12f8
1285
11e9
1117
1019
0ef9
0dc3
0c59
0acb
0927
077c
05af
03d0
01dc
ffe3
fdf7
fc11
fa2c
f858
f6a1
f500
f381
f219
f0d2
efb4
eec6
edf8
ed4f
eccd
ec88
ec7e
ec99
ecd4
ed41
edec
eecd
efd9
f105
f246
f3a4
f526
f6d2
f899
fa6a
fc36
fe03
ffeb
01dd
03c8
059e
0764
090e
0aa5
0c31
0da5
0ef9
1023
111d
11e2
1283
12fd
134f
1365
1342
12ff
128b
11ee
111a
101a
0ef9
0dc1
0c57
0ac8
0923
0777
05a9
03ca
01d6
ffde
fdf3
fc0d
fa29
f854
f69e
f4fe
f37f
f218
f0d1
efb4
eec7
edf9
ed50
eccf
ec8a
ec81
ec9b
ecd6
ed41
edeb
eecb
efd6
f101
f240
f39d
f51f
f6ca
f890
fa60
fc2c
fdf9
ffe1
01d3
03be
0594
075b
0906
0a9e
0c2b
0da0
0ef5
1020
111a
11df
127f
12f9
134b
1361
133d
12fa
1286
11e9
1115
1016
0ef5
0dbe
0c53
0ac4
091f
0772
05a4
03c5
01d2
ffdb
fdef
fc0b
fa28
f855
f6a0
f501
f383
f21c
f0d6
efba
eecc
edff
ed55
ecd3
ec8f
ec85
eca0
ecdb
ed48
edf2
eed2
efdc
f106
f245
f3a0
f520
f6cb
f890
fa60
fc2b
fdf8
ffdf
01d1
03bc
0592
0759
0905
0a9d
0c2a
0da0
0ef4
101f
1119
11de
127f
12f8
134a
1360
133d
12f9
1285
11e8
1115
1016
0ef6
0dbf
0c56
0ac8
0924
0779
05ad
03d0
017e
ffec
fe63
fcdf
fb5c
f9e6
f887
f739
f605
f4e4
f3de
f2f8
f239
f193
f10b
f0a3
f06b
f063
f078
f0a8
f0ff
f188
f23c
f313
f403
f503
f61b
f750
f8a7
fa12
fb86
fcf5
fe65
ffea
0177
02ff
0476
05e1
0736
087b
09b7
0ae1
0bf0
0cdf
0da7
0e45
0ec6
0f28
0f6a
0f7d
0f62
0f2d
0ed1
0e54
0dac
0ce1
0bfa
0b02
09e1
08a3
0753
05fd
048c
030d
017d
ffe9
fe5f
fcdb
fb57
f9e0
f881
f733
f601
f4e1
f3db
f2f7
f238
f193
f10c
f0a4
f06d
f065
f07a
f0aa
f101
f18a
f23e
f314
f404
f505
f61d
f752
f8a8
fa14
fb88
fcf8
fe69
ffef
017e
0307
047e
05ea
073f
0884
09c1
0aeb
0bfa
0ce9
0db1
0e4e
0ecf
0f31
0f73
0f84
0f68
0f32
0ed6
0e58
0dae
0ce2
0bfa
0b01
09df
08a0
074f
05f9
0487
0308
0178
ffe5
fe5c
fcd7
fb54
f9dd
f87f
f732
f5ff
f4e0
f3db
f2f7
f239
f194
f10d
f0a6
f06f
f067
f07c
f0ab
f101
f189
f23c
f312
f401
f500
f617
f74c
f8a2
fa0d
fb80
fcf0
fe61
ffe7
0176
02ff
0477
05e3
0738
087e
09bc
0ae7
0bf7
0ce6
0dae
0e4c
0ecc
0f2e
0f6f
0f81
0f64
0f2e
0ed2
0e54
0dab
0cde
0bf7
0afe
09dc
089d
074c
05f5
0483
0304
0175
ffe2
fe59
fcd6
fb53
f9de
f880
f734
f602
f4e3
f3df
f2fb
f23d
f199
f111
f0a9
f072
f06b
f080
f0af
f106
f18f
f242
f317
f405
f504
f61a
f74d
f8a3
fa0d
fb80
fcef
fe60
ffe6
0174
02fd
0475
05e1
0737
087e
09bb
0ae6
0bf7
0ce6
0dae
0e4b
0ecc
0f2d
0f6f
0f80
0f64
0f2e
0ed1
0e53
0daa
0cde
0bf8
0aff
09de
08a0
0750
05fa
048a
030d
017e
ffec
fe63
fcdf
fb5c
f9e6
f887
f739
f605
f4e4
f3de
f2f8
f239
f193
f10b
f0a3
f06b
f063
f078
f0a8
f0ff
f188
f23c
f313
f403
f503
f61b
f750
f8a7
fa12
fb86
fcf5
fe65
ffea
0177
02ff
0476
05e1
0736
087b
09b7
0ae1
0bf0
0cdf
0da7
0e45
0ec6
0f28
0f6a
0f7d
0f62
0f2d
0ed1
0e54
0dac
0ce1
0bfa
0b02
09e1
08a3
0753
05fd
048c
030d
017d
ffe9
fe5f
fcdb
fb57
f9e0
f881
f733
f601
f4e1
f3db
f2f7
f238
f193
f10c
f0a4
f06d
f065
f07a
f0aa
f101
f18a
f23e
f314
f404
f505
f61d
f752
f8a8
fa14
fb88
fcf8
fe69
ffef
017e
0307
047e
05ea
073f
0884
09c1
0aeb
0bfa
0ce9
0db1
0e4e
0ecf
0f31
0f73
0f84
0f68
0f32
0ed6
0e58
0dae
0ce2
0bfa
0b01
09df
08a0
074f
05f9
0487
0308
0178
ffe5
fe5c
fcd7
fb54
f9dd
f87f
f732
f5ff
f4e0
f3db
f2f7
f239
f194
f10d
f0a6
f06f
f067
f07c
f0ab
f101
f189
f23c
f312
f401
f500
f617
f74c
f8a2
fa0d
fb80
fcf0
fe61
ffe7
0176
02ff
0477
05e3
0738
087e
09bc
0ae7
0bf7
0ce6
0dae
0e4c
0ecc
0f2e
0f6f
0f81
0f64
0f2e
0ed2
0e54
0dab
0cde
0bf7
0afe
09dc
089d
074c
05f5
0483
0304
0175
ffe2
fe59
fcd6
fb53
f9de
f880
f734
f602
f4e3
f3df
f2fb
f23d
f199
f111
f0a9
f072
f06b
f080
f0af
f106
f18f
f242
f317
f405
f504
f61a
f74d
f8a3
fa0d
fb80
fcef
fe60
ffe6
0174
02fd
0475
05e1
0737
087e
09bb
0ae6
0bf7
0ce6
0dae
0e4b
0ecc
0f2d
0f6f
0f80
0f64
0f2e
0ed1
0e53
0daa
0cde
0bf8
0aff
09de
08a0
0750
05fa
048a
030d
017e
ffec
fe63
fcdf
fb5c
f9e6
f887
f739
f605
f4e4
f3de
f2f8
f239
f193
f10b
f0a3
f06b
f063
f078
f0a8
f0ff
f188
f23c
f313
f403
f503
f61b
f750
f8a7
fa12
fb86
fcf5
fe65
ffea
0177
02ff
0476
05e1
0736
087b
09b7
0ae1
0bf0
0cdf
0da7
0e45
0ec6
0f28
0f6a
0f7d
0f62
0f2d
0ed1
0e54
0dac
0ce1
0bfa
0b02
09e1
08a3
0753
05fd
048c
030d
017d
ffe9
fe5f
fcdb
fb57
f9e0
f881
f733
f601
f4e1
f3db
f2f7
f238
f193
f10c
f0a4
f06d
f065
f07a
f0aa
f101
f18a
f23e
f314
f404
f505
f61d
f752
f8a8
fa14
fb88
fcf8
fe69
ffef
017e
0307
047e
05ea
073f
0884
09c1
0aeb
0bfa
0ce9
0db1
0e4e
0ecf
0f31
0f73
0f84
0f68
0f32
0ed6
0e58
0dae
0ce2
0bfa
0b01
09df
08a0
074f
05f9
0487
0308
0178
ffe5
fe5c
fcd7
fb54
f9dd
f87f
f732
f5ff
f4e0
f3db
f2f7
f239
f194
f10d
f0a6
f06f
f067
f07c
f0ab
f101
f189
f23c
f312
f401
f500
f617
f74c
f8a2
fa0d
fb80
fcf0
fe61
ffe7
0176
02ff
0477
05e3
0738
087e
09bc
0ae7
0bf7
0ce6
0dae
0e4c
0ecc
0f2e
0f6f
0f81
0f64
0f2e
0ed2
0e54
0dab
0cde
0bf7
0afe
09dc
089d
074c
05f5
0483
0304
0175
ffe2
fe59
fcd6
fb53
f9de
f880
f734
f602
f4e3
f3df
f2fb
f23d
f199
f111
f0a9
f072
f06b
f080
f0af
f106
f18f
f242
f317
f405
f504
f61a
f74d
f8a3
fa0d
fb80
fcef
fe60
ffe6
0174
02fd
0475
05e1
0737
087e
09bb
0ae6
0bf7
0ce6
0dae
0e4b
0ecc
0f2d
0f6f
0f80
0f64
0f2e
0ed1
0e53
0daa
0cde
0bf8
0aff
09de
08a0
0750
05fa
048a
030d
017e
ffec
fe63
fcdf
fb5c
f9e6
f887
f739
f605
f4e4
f3de
f2f8
f239
f193
f10b
f0a3
f06b
f063
f078
f0a8
f0ff
f188
f23c
f313
f403
f503
f61b
f750
f8a7
fa12
fb86
fcf5
fe65
ffea
0177
02ff
0476
05e1
0736
087b
09b7
0ae1
0bf0
0cdf
0da7
0e45
0ec6
0f28
0f6a
0f7d
0f62
0f2d
0ed1
0e54
0dac
0ce1
0bfa
0b02
09e1
08a3
0753
05fd
048c
030d
017d
ffe9
fe5f
fcdb
fb57
f9e0
f881
f733
f601
f4e1
f3db
f2f7
f238
f193
f10c
f0a4
f06d
f065
f07a
f0aa
f101
f18a
f23e
f314
f404
f505
f61d
f752
f8a8
fa14
fb88
fcf8
fe69
ffef
017e
0307
047e
05ea
073f
0884
09c1
0aeb
0bfa
0ce9
0db1
0e4e
0ecf
0f31
0f73
0f84
0f68
0f32
0ed6
0e58
0dae
0ce2
0bfa
0b01
09df
08a0
074f
05f9
0487
0308
0178
ffe5
fe5c
fcd7
fb54
f9dd
f87f
f732
f5ff
f4e0
f3db
f2f7
f239
f194
f10d
f0a6
f06f
f067
f07c
f0ab
f101
f189
f23c
f312
f401
f500
f617
f74c
f8a2
fa0d
fb80
fcf0
fe61
ffe7
0176
02ff
0477
05e3
0738
087e
09bc
0ae7
0bf7
0ce6
0dae
0e4c
0ecc
0f2e
0f6f
0f81
0f64
0f2e
0ed2
0e54
0dab
0cde
0bf7
0afe
09dc
089d
074c
05f5
0483
0304
0175
ffe2
fe59
fcd6
fb53
f9de
f880
f734
f602
f4e3
f3df
f2fb
f23d
f199
f111
f0a9
f072
f06b
f080
f0af
f106
f18f
f242
f317
f405
f504
f61a
f74d
f8a3
fa0d
fb80
fcef
fe60
ffe6
0174
02fd
0475
05e1
0737
087e
09bb
0ae6
0bf7
0ce6
0dae
0e4b
0ecc
0f2d
0f6f
0f80
0f64
0f2e
0ed1
0e53
0daa
0cde
0bf8
0aff
09de
08a0
0750
05fa
048a
030d
017e
ffec
fe63
fcdf
fb5c
f9e6
f887
f739
f605
f4e4
f3de
f2f8
f239
f193
f10b
f0a3
f06b
f063
f078
f0a8
f0ff
f188
f23c
f313
f403
f503
f61b
f750
f8a7
fa12
fb86
fcf5
fe65
ffea
0177
02ff
0476
05e1
0736
087b
09b7
0ae1
0bf0
0cdf
0da7
0e45
0ec6
0f28
0f6a
0f7d
0f62
0f2d
0ed1
0e54
0dac
0ce1
0bfa
0b02
09e1
08a3
0753
05fd
048c
030d
017d
ffe9
fe5f
fcdb
fb57
f9e0
f881
f733
f601
f4e1
f3db
f2f7
f238
f193
f10c
f0a4
f06d
f065
f07a
f0aa
f101
f18a
f23e
f314
f404
f505
f61d
f752
f8a8
fa14
fb88
fcf8
fe69
ffef
017e
0307
047e
05ea
073f
0884
09c1
0aeb
0bfa
0ce9
0db1
0e4e
0ecf
0f31
0f73
0f84
0f68
0f32
0ed6
0e58
0dae
0ce2
0bfa
0b01
09df
08a0
074f
05f9
0487
0308
0178
ffe5
fe5c
fcd7
fb54
f9dd
f87f
f732
f5ff
f4e0
f3db
f2f7
f239
f194
f10d
f0a6
f06f
f067
f07c
f0ab
f101
f189
f23c
f312
f401
f500
f617
f74c
f8a2
fa0d
fb80
fcf0
fe61
ffe7
0176
02ff
0477
05e3
0738
087e
09bc
0ae7
0bf7
0ce6
0dae
0e4c
0ecc
0f2e
0f6f
0f81
0f64
0f2e
0ed2
0e54
0dab
0cde
0bf7
0afe
09dc
089d
074c
05f5
0483
0304
0175
ffe2
fe59
fcd6
fb53
f9de
f880
f734
f602
f4e3
f3df
f2fb
f23d
f199
f111
f0a9
f072
f06b
f080
f0af
f106
f18f
f242
f317
f405
f504
f61a
f74d
f8a3
fa0d
fb80
fcef
fe60
ffe6
0174
02fd
0475
05e1
0737
087e
09bb
0ae6
0bf7
0ce6
0dae
0e4b
0ecc
0f2d
0f6f
0f80
0f64
0f2e
0ed1
0e53
0daa
0cde
0bf8
0aff
09de
08a0
0750
05fa
048a
030d
017e
ffec
fe63
fcdf
fb5c
f9e6
f887
f739
f605
f4e4
f3de
f2f8
f239
f193
f10b
f0a3
f06b
f063
f078
f0a8
f0ff
f188
f23c
f313
f403
f503
f61b
f750
f8a7
fa12
fb86
fcf5
fe65
ffea
0177
02ff
0476
05e1
0736
087b
09b7
0ae1
0bf0
0cdf
0da7
0e45
0ec6
0f28
0f6a
0f7d
0f62
0f2d
0ed1
0e54
0dac
0ce1
0bfa
0b02
09e1
08a3
0753
05fd
048c
030d
017d
ffe9
fe5f
fcdb
fb57
f9e0
f881
f733
f601
f4e1
f3db
f2f7
f238
f193
f10c
f0a4
f06d
f065
f07a
f0aa
f101
f18a
f23e
f314
f404
f505
f61d
f752
f8a8
fa14
fb88
fcf8
fe69
ffef
017e
0307
047e
05ea
073f
0884
09c1
0aeb
0bfa
0ce9
0db1
0e4e
0ecf
0f31
0f73
0f84
0f68
0f32
0ed6
0e58
0dae
0ce2
0bfa
0b01
09df
08a0
074f
05f9
0487
0308
0178
ffe5
fe5c
fcd7
fb54
f9dd
f87f
f732
f5ff
f4e0
f3db
f2f7
f239
f194
f10d
f0a6
f06f
f067
f07c
f0ab
f101
f189
f23c
f312
f401
f500
f617
f74c
f8a2
fa0d
fb80
fcf0
fe61
ffe7
0176
02ff
0477
05e3
0738
087e
09bc
0ae7
0bf7
0ce6
0dae
0e4c
0ecc
0f2e
0f6f
0f81
0f64
0f2e
0ed2
0e54
0dab
0cde
0bf7
0afe
09dc
089d
074c
05f5
0483
0304
0175
ffe2
fe59
fcd6
fb53
f9de
f880
f734
f602
f4e3
f3df
f2fb
f23d
f199
f111
f0a9
f072
f06b
f080
f0af
f106
f18f
f242
f317
f405
f504
f61a
f74d
f8a3
fa0d
fb80
fcef
fe60
ffe6
0174
02fd
0475
05e1
0737
087e
09bb
0ae6
0bf7
0ce6
0dae
0e4b
0ecc
0f2d
0f6f
0f80
0f64
0f2e
0ed1
0e53
0daa
0cde
0bf8
0aff
09de
08a0
0750
05fa
048a
030d
017e
ffec
fe63
fcdf
fb5c
f9e6
f887
f739
f605
f4e4
f3de
f2f8
f239
f193
f10b
f0a3
f06b
f063
f078
f0a8
f0ff
f188
f23c
f313
f403
f503
f61b
f750
f8a7
fa12
fb86
fcf5
fe65
ffea
0177
02ff
0476
05e1
0736
087b
09b7
0ae1
0bf0
0cdf
0da7
0e45
0ec6
0f28
0f6a
0f7d
0f62
0f2d
0ed1
0e54
0dac
0ce1
0bfa
0b02
09e1
08a3
0753
05fd
048c
030d
017d
ffe9
fe5f
fcdb
fb57
f9e0
f881
f733
f601
f4e1
f3db
f2f7
f238
f193
f10c
f0a4
f06d
f065
f07a
f0aa
f101
f18a
f23e
f314
f404
f505
f61d
f752
f8a8
fa14
fb88
fcf8
fe69
ffef
017e
0307
047e
05ea
073f
0884
09c1
0aeb
0bfa
0ce9
0db1
0e4e
0ecf
0f31
0f73
0f84
0f68
0f32
0ed6
0e58
0dae
0ce2
0bfa
0b01
09df
08a0
074f
05f9
0487
0308
0178
ffe5
fe5c
fcd7
fb54
f9dd
f87f
f732
f5ff
f4e0
f3db
f2f7
f239
f194
f10d
f0a6
f06f
f067
f07c
f0ab
f101
f189
f23c
f312
f401
f500
f617
f74c
f8a2
fa0d
fb80
fcf0
fe61
ffe7
0176
02ff
0477
05e3
0738
087e
09bc
0ae7
0bf7
0ce6
0dae
0e4c
0ecc
0f2e
0f6f
0f81
0f64
0f2e
0ed2
0e54
0dab
0cde
0bf7
0afe
09dc
089d
074c
05f5
0483
0304
0175
ffe2
fe59
fcd6
fb53
f9de
f880
f734
f602
f4e3
f3df
f2fb
f23d
f199
f111
f0a9
f072
f06b
f080
f0af
f106
f18f
f242
f317
f405
f504
f61a
f74d
f8a3
fa0d
fb80
fcef
fe60
ffe6
0174
02fd
0475
05e1
0737
087e
09bb
0ae6
0bf7
0ce6
0dae
0e4b
0ecc
0f2d
0f6f
0f80
0f64
0f2e
0ed1
0e53
0daa
0cde
0bf8
0aff
09de
08a0
0750
05fa
048a
030d
017e
ffec
fe63
fcdf
fb5c
f9e6
f887
f739
f605
f4e4
f3de
f2f8
f239
f193
f10b
f0a3
f06b
f063
f078
f0a8
f0ff
f188
f23c
f313
f403
f503
f61b
f750
f8a7
fa12
fb86
fcf5
fe65
ffea
0177
02ff
0476
05e1
0736
087b
09b7
0ae1
0bf0
0cdf
0da7
0e45
0ec6
0f28
0f6a
0f7d
0f62
0f2d
0ed1
0e54
0dac
0ce1
0bfa
0b02
09e1
08a3
0753
05fd
048c
030d
017d
ffe9
fe5f
fcdb
fb57
f9e0
f881
f733
f601
f4e1
f3db
f2f7
f238
f193
f10c
f0a4
f06d
f065
f07a
f0aa
f101
f18a
f23e
f314
f404
f505
f61d
f752
f8a8
fa14
fb88
fcf8
fe69
ffef
017e
0307
047e
05ea
073f
0884
09c1
0aeb
0bfa
0ce9
0db1
0e4e
0ecf
0f31
0f73
0f84
0f68
0f32
0ed6
0e58
0dae
0ce2
0bfa
0b01
09df
08a0
074f
05f9
0487
0308
0178
ffe5
fe5c
fcd7
fb54
f9dd
f87f
f732
f5ff
f4e0
f3db
f2f7
f239
f194
f10d
f0a6
f06f
f067
f07c
f0ab
f101
f189
f23c
f312
f401
f500
f617
f74c
f8a2
fa0d
fb80
fcf0
fe61
ffe7
0176
02ff
0477
05e3
0738
087e
09bc
0ae7
0bf7
0ce6
0dae
0e4c
0ecc
0f2e
0f6f
0f81
0f64
0f2e
0ed2
0e54
0dab
0cde
0bf7
0afe
09dc
089d
074c
05f5
0483
0304
0175
ffe2
fe59
fcd6
fb53
f9de
f880
f734
f602
f4e3
f3df
f2fb
f23d
f199
f111
f0a9
f072
f06b
f080
f0af
f106
f18f
f242
f317
f405
f504
f61a
f74d
f8a3
fa0d
fb80
fcef
fe60
ffe6
0174
02fd
0475
05e1
0737
087e
09bb
0ae6
0bf7
0ce6
0dae
0e4b
0ecc
0f2d
0f6f
0f80
0f64
0f2e
0ed1
0e53
0daa
0cde
0bf8
0aff
09de
08a0
0750
05fa
048a
030d
017e
ffec
fe63
fcdf
fb5c
f9e6
f887
f739
f605
f4e4
f3de
f2f8
f239
f193
f10b
f0a3
f06b
f063
f078
f0a8
f0ff
f188
f23c
f313
f403
f503
f61b
f750
f8a7
fa12
fb86
fcf5
fe65
ffea
0177
02ff
0476
05e1
0736
087b
09b7
0ae1
0bf0
0cdf
0da7
0e45
0ec6
0f28
0f6a
0f7d
0f62
0f2d
0ed1
0e54
0dac
0ce1
0bfa
0b02
09e1
08a3
0753
05fd
048c
030d
017d
ffe9
fe5f
fcdb
fb57
f9e0
f881
f733
f601
f4e1
f3db
f2f7
f238
f193
f10c
f0a4
f06d
f065
f07a
f0aa
f101
f18a
f23e
f314
f404
f505
f61d
f752
f8a8
fa14
fb88
fcf8
fe69
ffef
017e
0307
047e
05ea
073f
0884
09c1
0aeb
0bfa
0ce9
0db1
0e4e
0ecf
0f31
0f73
0f84
0f68
0f32
0ed6
0e58
0dae
0ce2
0bfa
0b01
09df
08a0
074f
05f9
0487
0308
0178
ffe5
fe5c
fcd7
fb54
f9dd
f87f
f732
f5ff
f4e0
f3db
f2f7
f239
f194
f10d
f0a6
f06f
f067
f07c
f0ab
f101
f189
f23c
f312
f401
f500
f617
f74c
f8a2
fa0d
fb80
fcf0
fe61
ffe7
0176
02ff
0477
05e3
0738
087e
09bc
0ae7
0bf7
0ce6
0dae
0e4c
0ecc
0f2e
0f6f
0f81
0f64
0f2e
0ed2
0e54
0dab
0cde
0bf7
0afe
09dc
089d
074c
05f5
0483
0304
0175
ffe2
fe59
fcd6
fb53
f9de
f880
f734
f602
f4e3
f3df
f2fb
f23d
f199
f111
f0a9
f072
f06b
f080
f0af
f106
f18f
f242
f317
f405
f504
f61a
f74d
f8a3
fa0d
fb80
fcef
fe60
ffe6
0174
02fd
0475
05e1
0737
087e
09bb
0ae6
0bf7
0ce6
0dae
0e4b
0ecc
0f2d
0f6f
0f80
0f64
0f2e
0ed1
0e53
0daa
0cde
0bf8
0aff
09de
08a0
0750
05fa
048a
030d
017e
ffec
fe63
fcdf
fb5c
f9e6
f887
f739
f605
f4e4
f3de
f2f8
f239
f193
f10b
f0a3
f06b
f063
f078
f0a8
f0ff
f188
f23c
f313
f403
f503
f61b
f750
f8a7
fa12
fb86
fcf5
fe65
ffea
0177
02ff
0476
05e1
0736
087b
09b7
0ae1
0bf0
0cdf
0da7
0e45
0ec6
0f28
0f6a
0f7d
0f62
0f2d
0ed1
0e54
0dac
0ce1
0bfa
0b02
09e1
08a3
0753
05fd
048c
030d
017d
ffe9
fe5f
fcdb
fb57
f9e0
f881
f733
f601
f4e1
f3db
f2f7
f238
f193
f10c
f0a4
f06d
f065
f07a
f0aa
f101
f18a
f23e
f314
f404
f505
f61d
f752
f8a8
fa14
fb88
fcf8
fe69
ffef
017e
0307
047e
05ea
073f
0884
09c1
0aeb
0bfa
0ce9
0db1
0e4e
0ecf
0f31
0f73
0f84
0f68
0f32
0ed6
0e58
0dae
0ce2
0bfa
0b01
09df
08a0
074f
05f9
0487
0308
0178
ffe5
fe5c
fcd7
fb54
f9dd
f87f
f732
f5ff
f4e0
f3db
f2f7
f239
f194
f10d
f0a6
f06f
f067
f07c
f0ab
f101
f189
f23c
f312
f401
f500
f617
f74c
f8a2
fa0d
fb80
fcf0
fe61
ffe7
0176
02ff
0477
05e3
0738
087e
09bc
0ae7
0bf7
0ce6
0dae
0e4c
0ecc
0f2e
0f6f
0f81
0f64
0f2e
0ed2
0e54
0dab
0cde
0bf7
0afe
09dc
089d
074c
05f5
0483
0304
0175
ffe2
fe59
fcd6
fb53
f9de
f880
f734
f602
f4e3
f3df
f2fb
f23d
f199
f111
f0a9
f072
f06b
f080
f0af
f106
f18f
f242
f317
f405
f504
f61a
f74d
f8a3
fa0d
fb80
fcef
fe60
ffe6
0174
02fd
0475
05e1
0737
087e
09bb
0ae6
0bf7
0ce6
0dae
0e4b
0ecc
0f2d
0f6f
0f80
0f64
0f2e
0ed1
0e53
0daa
0cde
0bf8
0aff
09de
08a0
0750
05fa
048a
030d
017e
ffec
fe63
fcdf
fb5c
f9e6
f887
f739
f605
f4e4
f3de
f2f8
f239
f193
f10b
f0a3
f06b
f063
f078
f0a8
f0ff
f188
f23c
f313
f403
f503
f61b
f750
f8a7
fa12
fb86
fcf5
fe65
ffea
0177
02ff
0476
05e1
0736
087b
09b7
0ae1
0bf0
0cdf
0da7
0e45
0ec6
0f28
0f6a
0f7d
0f62
0f2d
0ed1
0e54
0dac
0ce1
0bfa
0b02
09e1
08a3
0753
05fd
048c
030d
017d
ffe9
fe5f
fcdb
fb57
f9e0
f881
f733
f601
f4e1
f3db
f2f7
f238
f193
f10c
f0a4
f06d
f065
f07a
f0aa
f101
f18a
f23e
f314
f404
f505
f61d
f752
f8a8
fa14
fb88
fcf8
fe69
ffef
017e
0307
047e
05ea
073f
0884
09c1
0aeb
0bfa
0ce9
0db1
0e4e
0ecf
0f31
0f73
0f84
0f68
0f32
0ed6
0e58
0dae
0ce2
0bfa
0b01
09df
08a0
074f
05f9
0487
0308
0178
ffe5
fe5c
fcd7
fb54
f9dd
f87f
f732
f5ff
f4e0
f3db
f2f7
f239
f194
f10d
f0a6
f06f
f067
f07c
f0ab
f101
f189
f23c
f312
f401
f500
f617
f74c
f8a2
fa0d
fb80
fcf0
fe61
ffe7
0176
02ff
0477
05e3
0738
087e
09bc
0ae7
0bf7
0ce6
0dae
0e4c
0ecc
0f2e
0f6f
0f81
0f64
0f2e
0ed2
0e54
0dab
0cde
0bf7
0afe
09dc
089d
074c
05f5
0483
0304
0175
ffe2
fe59
fcd6
fb53
f9de
f880
f734
f602
f4e3
f3df
f2fb
f23d
f199
f111
f0a9
f072
f06b
f080
f0af
f106
f18f
f242
f317
f405
f504
f61a
f74d
f8a3
fa0d
fb80
fcef
fe60
ffe6
0174
02fd
0475
05e1
0737
087e
09bb
0ae6
0bf7
0ce6
0dae
0e4b
0ecc
0f2d
0f6f
0f80
0f64
0f2e
0ed1
0e53
0daa
0cde
0bf8
0aff
09de
08a0
0750
05fa
048a
030d
017e
ffec
fe63
fcdf
fb5c
f9e6
f887
f739
f605
f4e4
f3de
f2f8
f239
f193
f10b
f0a3
f06b
f063
f078
f0a8
f0ff
f188
f23c
f313
f403
f503
f61b
f750
f8a7
fa12
fb86
fcf5
fe65
ffea
0177
02ff
0476
05e1
0736
087b
09b7
0ae1
0bf0
0cdf
0da7
0e45
0ec6
0f28
0f6a
0f7d
0f62
0f2d
0ed1
0e54
0dac
0ce1
0bfa
0b02
09e1
08a3
0753
05fd
048c
030d
017d
ffe9
fe5f
fcdb
fb57
f9e0
f881
f733
f601
f4e1
f3db
f2f7
f238
f193
f10c
f0a4
f06d
f065
f07a
f0aa
f101
f18a
f23e
f314
f404
f505
f61d
f752
f8a8
fa14
fb88
fcf8
fe69
ffef
017e
0307
047e
05ea
073f
0884
09c1
0aeb
0bfa
0ce9
0db1
0e4e
0ecf
0f31
0f73
0f84
0f68
0f32
0ed6
0e58
0dae
0ce2
0bfa
0b01
09df
08a0
074f
05f9
0487
0308
0178
ffe5
fe5c
fcd7
fb54
f9dd
f87f
f732
f5ff
f4e0
f3db
f2f7
f239
f194
f10d
f0a6
f06f
f067
f07c
f0ab
f101
f189
f23c
f312
f401
f500
f617
f74c
f8a2
fa0d
fb80
fcf0
fe61
ffe7
0176
02ff
0477
05e3
0738
087e
09bc
0ae7
0bf7
0ce6
0dae
0e4c
0ecc
0f2e
0f6f
0f81
0f64
0f2e
0ed2
0e54
0dab
0cde
0bf7
0afe
09dc
089d
074c
05f5
0483
0304
0175
ffe2
fe59
fcd6
fb53
f9de
f880
f734
f602
f4e3
f3df
f2fb
f23d
f199
f111
f0a9
f072
f06b
f080
f0af
f106
f18f
f242
f317
f405
f504
f61a
f74d
f8a3
fa0d
fb80
fcef
fe60
ffe6
0174
02fd
0475
05e1
0737
087e
09bb
0ae6
0bf7
0ce6
0dae
0e4b
0ecc
0f2d
0f6f
0f80
0f64
0f2e
0ed1
0e53
0daa
0cde
0bf8
0aff
09de
08a0
0750
05fa
048a
030d
017e
ffec
fe63
fcdf
fb5c
f9e6
f887
f739
f605
f4e4
f3de
f2f8
f239
f193
f10b
f0a3
f06b
f063
f078
f0a8
f0ff
f188
f23c
f313
f403
f503
f61b
f750
f8a7
fa12
fb86
fcf5
fe65
ffea
0177
02ff
0476
05e1
0736
087b
09b7
0ae1
0bf0
0cdf
0da7
0e45
0ec6
0f28
0f6a
0f7d
0f62
0f2d
0ed1
0e54
0dac
0ce1
0bfa
0b02
09e1
08a3
0753
05fd
048c
030d
017d
ffe9
fe5f
fcdb
fb57
f9e0
f881
f733
f601
f4e1
f3db
f2f7
f238
f193
f10c
f0a4
f06d
f065
f07a
f0aa
f101
f18a
f23e
f314
f404
f505
f61d
f752
f8a8
fa14
fb88
fcf8
fe69
ffef
017e
0307
047e
05ea
073f
0884
09c1
0aeb
0bfa
0ce9
0db1
0e4e
0ecf
0f31
0f73
0f84
0f68
0f32
0ed6
0e58
0dae
0ce2
0bfa
0b01
09df
08a0
074f
05f9
0487
0308
0178
ffe5
fe5c
fcd7
fb54
f9dd
f87f
f732
f5ff
f4e0
f3db
f2f7
f239
f194
f10d
f0a6
f06f
f067
f07c
f0ab
f101
f189
f23c
f312
f401
f500
f617
f74c
f8a2
fa0d
fb80
fcf0
fe61
ffe7
0176
02ff
0477
05e3
0738
087e
09bc
0ae7
0bf7
0ce6
0dae
0e4c
0ecc
0f2e
0f6f
0f81
0f64
0f2e
0ed2
0e54
0dab
0cde
0bf7
0afe
09dc
089d
074c
05f5
0483
0304
0175
ffe2
fe59
fcd6
fb53
f9de
f880
f734
f602
f4e3
f3df
f2fb
f23d
f199
f111
f0a9
f072
f06b
f080
f0af
f106
f18f
f242
f317
f405
f504
f61a
f74d
f8a3
fa0d
fb80
fcef
fe60
ffe6
0174
02fd
0475
05e1
0737
087e
09bb
0ae6
0bf7
0ce6
0dae
0e4b
0ecc
0f2d
0f6f
0f80
0f64
0f2e
0ed1
0e53
0daa
0cde
0bf8
0aff
09de
08a0
0750
05fa
048a
030d
017e
ffec
fe63
fcdf
fb5c
f9e6
f887
f739
f605
f4e4
f3de
f2f8
f239
f193
f10b
f0a3
f06b
f063
f078
f0a8
f0ff
f188
f23c
f313
f403
f503
f61b
f750
f8a7
fa12
fb86
fcf5
fe65
ffea
0177
02ff
0476
05e1
0736
087b
09b7
0ae1
0bf0
0cdf
0da7
0e45
0ec6
0f28
0f6a
0f7d
0f62
0f2d
0ed1
0e54
0dac
0ce1
0bfa
0b02
09e1
08a3
0753
05fd
048c
030d
017d
ffe9
fe5f
fcdb
fb57
f9e0
f881
f733
f601
f4e1
f3db
f2f7
f238
f193
f10c
f0a4
f06d
f065
f07a
f0aa
f101
f18a
f23e
f314
f404
f505
f61d
f752
f8a8
fa14
fb88
fcf8
fe69
ffef
017e
0307
047e
05ea
073f
0884
09c1
0aeb
0bfa
0ce9
0db1
0e4e
0ecf
0f31
0f73
0f84
0f68
0f32
0ed6
0e58
0dae
0ce2
0bfa
0b01
09df
08a0
074f
05f9
0487
0308
0178
ffe5
fe5c
fcd7
fb54
f9dd
f87f
f732
f5ff
f4e0
f3db
f2f7
f239
f194
f10d
f0a6
f06f
f067
f07c
f0ab
f101
f189
f23c
f312
f401
f500
f617
f74c
f8a2
fa0d
fb80
fcf0
fe61
ffe7
0176
02ff
0477
05e3
0738
087e
09bc
0ae7
0bf7
0ce6
0dae
0e4c
0ecc
0f2e
0f6f
0f81
0f64
0f2e
0ed2
0e54
0dab
0cde
0bf7
0afe
09dc
089d
074c
05f5
0483
0304
0175
ffe2
fe59
fcd6
fb53
f9de
f880
f734
f602
f4e3
f3df
f2fb
f23d
f199
f111
f0a9
f072
f06b
f080
f0af
f106
f18f
f242
f317
f405
f504
f61a
f74d
f8a3
fa0d
fb80
fcef
fe60
ffe6
0174
02fd
0475
05e1
0737
087e
09bb
0ae6
0bf7
0ce6
0dae
0e4b
0ecc
0f2d
0f6f
0f80
0f64
0f2e
0ed1
0e53
0daa
0cde
0bf8
0aff
09de
08a0
0750
05fa
048a
030d
017e
ffec
fe63
fcdf
fb5c
f9e6
f887
f739
f605
f4e4
f3de
f2f8
f239
f193
f10b
f0a3
f06b
f063
f078
f0a8
f0ff
f188
f23c
f313
f403
f503
f61b
f750
f8a7
fa12
fb86
fcf5
fe65
ffea
0177
02ff
0476
05e1
0736
087b
09b7
0ae1
0bf0
0cdf
0da7
0e45
0ec6
0f28
0f6a
0f7d
0f62
0f2d
0ed1
0e54
0dac
0ce1
0bfa
0b02
09e1
08a3
0753
05fd
048c
030d
017d
ffe9
fe5f
fcdb
fb57
f9e0
f881
f733
f601
f4e1
f3db
f2f7
f238
f193
f10c
f0a4
f06d
f065
f07a
f0aa
f101
f18a
f23e
f314
f404
f505
f61d
f752
f8a8
fa14
fb88
fcf8
fe69
ffef
017e
0307
047e
05ea
073f
0884
09c1
0aeb
0bfa
0ce9
0db1
0e4e
0ecf
0f31
0f73
0f84
0f68
0f32
0ed6
0e58
0dae
0ce2
0bfa
0b01
09df
08a0
074f
05f9
0487
0308
0178
ffe5
fe5c
fcd7
fb54
f9dd
f87f
f732
f5ff
f4e0
f3db
f2f7
f239
f194
f10d
f0a6
f06f
f067
f07c
f0ab
f101
f189
f23c
f312
f401
f500
f617
f74c
f8a2
fa0d
fb80
fcf0
fe61
ffe7
0176
02ff
0477
05e3
0738
087e
09bc
0ae7
0bf7
0ce6
0dae
0e4c
0ecc
0f2e
0f6f
0f81
0f64
0f2e
0ed2
0e54
0dab
0cde
0bf7
0afe
09dc
089d
074c
05f5
0483
0304
0175
ffe2
fe59
fcd6
fb53
f9de
f880
f734
f602
f4e3
f3df
f2fb
f23d
f199
f111
f0a9
f072
f06b
f080
f0af
f106
f18f
f242
f317
f405
f504
f61a
f74d
f8a3
fa0d
fb80
fcef
fe60
ffe6
0174
02fd
0475
05e1
0737
087e
09bb
0ae6
0bf7
0ce6
0dae
0e4b
0ecc
0f2d
0f6f
0f80
0f64
0f2e
0ed1
0e53
0daa
0cde
0bf8
0aff
09de
08a0
0750
05fa
048a
030d
017e
ffec
fe63
fcdf
fb5c
f9e6
f887
f739
f605
f4e4
f3de
f2f8
f239
f193
f10b
f0a3
f06b
f063
f078
f0a8
f0ff
f188
f23c
f313
f403
f503
f61b
f750
f8a7
fa12
fb86
fcf5
fe65
ffea
0177
02ff
0476
05e1
0736
087b
09b7
0ae1
0bf0
0cdf
0da7
0e45
0ec6
0f28
0f6a
0f7d
0f62
0f2d
0ed1
0e54
0dac
0ce1
0bfa
0b02
09e1
08a3
0753
05fd
048c
030d
017d
ffe9
fe5f
fcdb
fb57
f9e0
f881
f733
f601
f4e1
f3db
f2f7
f238
f193
f10c
f0a4
f06d
f065
f07a
f0aa
f101
f18a
f23e
f314
f404
f505
f61d
f752
f8a8
fa14
fb88
fcf8
fe69
ffef
017e
0307
047e
05ea
073f
0884
09c1
0aeb
0bfa
0ce9
0db1
0e4e
0ecf
0f31
0f73
0f84
0f68
0f32
0ed6
0e58
0dae
0ce2
0bfa
0b01
09df
08a0
074f
05f9
0487
0308
0178
ffe5
fe5c
fcd7
fb54
f9dd
f87f
f732
f5ff
f4e0
f3db
f2f7
f239
f194
f10d
f0a6
f06f
f067
f07c
f0ab
f101
f189
f23c
f312
f401
f500
f617
f74c
f8a2
fa0d
fb80
fcf0
fe61
ffe7
0176
02ff
0477
05e3
0738
087e
09bc
0ae7
0bf7
0ce6
0dae
0e4c
0ecc
0f2e
0f6f
0f81
0f64
0f2e
0ed2
0e54
0dab
0cde
0bf7
0afe
09dc
089d
074c
05f5
0483
0304
0175
ffe2
fe59
fcd6
fb53
f9de
f880
f734
f602
f4e3
f3df
f2fb
f23d
f199
f111
f0a9
f072
f06b
f080
f0af
f106
f18f
f242
f317
f405
f504
f61a
f74d
f8a3
fa0d
fb80
fcef
fe60
ffe6
0174
02fd
0475
05e1
0737
087e
09bb
0ae6
0bf7
0ce6
0dae
0e4b
0ecc
0f2d
0f6f
0f80
0f64
0f2e
0ed1
0e53
0daa
0cde
0bf8
0aff
09de
08a0
0750
05fa
048a
030d
017e
ffec
fe63
fcdf
fb5c
f9e6
f887
f739
f605
f4e4
f3de
f2f8
f239
f193
f10b
f0a3
f06b
f063
f078
f0a8
f0ff
f188
f23c
f313
f403
f503
f61b
f750
f8a7
fa12
fb86
fcf5
fe65
ffea
0177
02ff
0476
05e1
0736
087b
09b7
0ae1
0bf0
0cdf
0da7
0e45
0ec6
0f28
0f6a
0f7d
0f62
0f2d
0ed1
0e54
0dac
0ce1
0bfa
0b02
09e1
08a3
0753
05fd
048c
030d
017d
ffe9
fe5f
fcdb
fb57
f9e0
f881
f733
f601
f4e1
f3db
f2f7
f238
f193
f10c
f0a4
f06d
f065
f07a
f0aa
f101
f18a
f23e
f314
f404
f505
f61d
f752
f8a8
fa14
fb88
fcf8
fe69
ffef
017e
0307
047e
05ea
073f
0884
09c1
0aeb
0bfa
0ce9
0db1
0e4e
0ecf
0f31
0f73
0f84
0f68
0f32
0ed6
0e58
0dae
0ce2
0bfa
0b01
09df
08a0
074f
05f9
0487
0308
0178
ffe5
fe5c
fcd7
fb54
f9dd
f87f
f732
f5ff
f4e0
f3db
f2f7
f239
f194
f10d
f0a6
f06f
f067
f07c
f0ab
f101
f189
f23c
f312
f401
f500
f617
f74c
f8a2
fa0d
fb80
fcf0
fe61
ffe7
0176
02ff
0477
05e3
0738
087e
09bc
0ae7
0bf7
0ce6
0dae
0e4c
0ecc
0f2e
0f6f
0f81
0f64
0f2e
0ed2
0e54
0dab
0cde
0bf7
0afe
09dc
089d
074c
05f5
0483
0304
0175
ffe2
fe59
fcd6
fb53
f9de
f880
f734
f602
f4e3
f3df
f2fb
f23d
f199
f111
f0a9
f072
f06b
f080
f0af
f106
f18f
f242
f317
f405
f504
f61a
f74d
f8a3
fa0d
fb80
fcef
fe60
ffe6
0174
02fd
0475
05e1
0737
087e
09bb
0ae6
0bf7
0ce6
0dae
0e4b
0ecc
0f2d
0f6f
0f80
0f64
0f2e
0ed1
0e53
0daa
0cde
0bf8
0aff
09de
08a0
0750
05fa
048a
030d
017e
ffec
fe63
fcdf
fb5c
f9e6
f887
f739
f605
f4e4
f3de
f2f8
f239
f193
f10b
f0a3
f06b
f063
f078
f0a8
f0ff
f188
f23c
f313
f403
f503
f61b
f750
f8a7
fa12
fb86
fcf5
fe65
ffea
0177
02ff
0476
05e1
0736
087b
09b7
0ae1
0bf0
0cdf
0da7
0e45
0ec6
0f28
0f6a
0f7d
0f62
0f2d
0ed1
0e54
0dac
0ce1
0bfa
0b02
09e1
08a3
0753
05fd
048c
030d
017d
ffe9
fe5f
fcdb
fb57
f9e0
f881
f733
f601
f4e1
f3db
f2f7
f238
f193
f10c
f0a4
f06d
f065
f07a
f0aa
f101
f18a
f23e
f314
f404
f505
f61d
f752
f8a8
fa14
fb88
fcf8
fe69
ffef
017e
0307
047e
05ea
073f
0884
09c1
0aeb
0bfa
0ce9
0db1
0e4e
0ecf
0f31
0f73
0f84
0f68
0f32
0ed6
0e58
0dae
0ce2
0bfa
0b01
09df
08a0
074f
05f9
0487
0308
0178
ffe5
fe5c
fcd7
fb54
f9dd
f87f
f732
f5ff
f4e0
f3db
f2f7
f239
f194
f10d
f0a6
f06f
f067
f07c
f0ab
f101
f189
f23c
f312
f401
f500
f617
f74c
f8a2
fa0d
fb80
fcf0
fe61
ffe7
0176
02ff
0477
05e3
0738
087e
09bc
0ae7
0bf7
0ce6
0dae
0e4c
0ecc
0f2e
0f6f
0f81
0f64
0f2e
0ed2
0e54
0dab
0cde
0bf7
0afe
09dc
089d
074c
05f5
0483
0304
0175
ffe2
fe59
fcd6
fb53
f9de
f880
f734
f602
f4e3
f3df
f2fb
f23d
f199
f111
f0a9
f072
f06b
f080
f0af
f106
f18f
f242
f317
f405
f504
f61a
f74d
f8a3
fa0d
fb80
fcef
fe60
ffe6
0174
02fd
0475
05e1
0737
087e
09bb
0ae6
0bf7
0ce6
0dae
0e4b
0ecc
0f2d
0f6f
0f80
0f64
0f2e
0ed1
0e53
0daa
0cde
0bf8
0aff
09de
08a0
0750
05fa
048a
030d
017e
ffec
fe63
fcdf
fb5c
f9e6
f887
f739
f605
f4e4
f3de
f2f8
f239
f193
f10b
f0a3
f06b
f063
f078
f0a8
f0ff
f188
f23c
f313
f403
f503
f61b
f750
f8a7
fa12
fb86
fcf5
fe65
ffea
0177
02ff
0476
05e1
0736
087b
09b7
0ae1
0bf0
0cdf
0da7
0e45
0ec6
0f28
0f6a
0f7d
0f62
0f2d
0ed1
0e54
0dac
0ce1
0bfa
0b02
09e1
08a3
0753
05fd
048c
030d
017d
ffe9
fe5f
fcdb
fb57
f9e0
f881
f733
f601
f4e1
f3db
f2f7
f238
f193
f10c
f0a4
f06d
f065
f07a
f0aa
f101
f18a
f23e
f314
f404
f505
f61d
f752
f8a8
fa14
fb88
fcf8
fe69
ffef
017e
0307
047e
05ea
073f
0884
09c1
0aeb
0bfa
0ce9
0db1
0e4e
0ecf
0f31
0f73
0f84
0f68
0f32
0ed6
0e58
0dae
0ce2
0bfa
0b01
09df
08a0
074f
05f9
0487
0308
0178
ffe5
fe5c
fcd7
fb54
f9dd
f87f
f732
f5ff
f4e0
f3db
f2f7
f239
f194
f10d
f0a6
f06f
f067
f07c
f0ab
f101
f189
f23c
f312
f401
f500
f617
f74c
f8a2
fa0d
fb80
fcf0
fe61
ffe7
0176
02ff
0477
05e3
0738
087e
09bc
0ae7
0bf7
0ce6
0dae
0e4c
0ecc
0f2e
0f6f
0f81
0f64
0f2e
0ed2
0e54
0dab
0cde
0bf7
0afe
09dc
089d
074c
05f5
0483
0304
0175
ffe2
fe59
fcd6
fb53
f9de
f880
f734
f602
f4e3
f3df
f2fb
f23d
f199
f111
f0a9
f072
f06b
f080
f0af
f106
f18f
f242
f317
f405
f504
f61a
f74d
f8a3
fa0d
fb80
fcef
fe60
ffe6
0174
02fd
0475
05e1
0737
087e
09bb
0ae6
0bf7
0ce6
0dae
0e4b
0ecc
0f2d
0f6f
0f80
0f64
0f2e
0ed1
0e53
0daa
0cde
0bf8
0aff
09de
08a0
0750
05fa
048a
030d
017e
ffec
fe63
fcdf
fb5c
f9e6
f887
f739
f605
f4e4
f3de
f2f8
f239
f193
f10b
f0a3
f06b
f063
f078
f0a8
f0ff
f188
f23c
f313
f403
f503
f61b
f750
f8a7
fa12
fb86
fcf5
fe65
ffea
0177
02ff
0476
05e1
0736
087b
09b7
0ae1
0bf0
0cdf
0da7
0e45
0ec6
0f28
0f6a
0f7d
0f62
0f2d
0ed1
0e54
0dac
0ce1
0bfa
0b02
09e1
08a3
0753
05fd
048c
030d
017d
ffe9
fe5f
fcdb
fb57
f9e0
f881
f733
f601
f4e1
f3db
f2f7
f238
f193
f10c
f0a4
f06d
f065
f07a
f0aa
f101
f18a
f23e
f314
f404
f505
f61d
f752
f8a8
fa14
fb88
fcf8
fe69
ffef
017e
0307
047e
05ea
073f
0884
09c1
0aeb
0bfa
0ce9
0db1
0e4e
0ecf
0f31
0f73
0f84
0f68
0f32
0ed6
0e58
0dae
0ce2
0bfa
0b01
09df
08a0
074f
05f9
0487
0308
0178
ffe5
fe5c
fcd7
fb54
f9dd
f87f
f732
f5ff
f4e0
f3db
f2f7
f239
f194
f10d
f0a6
f06f
f067
f07c
f0ab
f101
f189
f23c
f312
f401
f500
f617
f74c
f8a2
fa0d
fb80
fcf0
fe61
ffe7
0176
02ff
0477
05e3
0738
087e
09bc
0ae7
0bf7
0ce6
0dae
0e4c
0ecc
0f2e
0f6f
0f81
0f64
0f2e
0ed2
0e54
0dab
0cde
0bf7
0afe
09dc
089d
074c
05f5
0483
0304
0175
ffe2
fe59
fcd6
fb53
f9de
f880
f734
f602
f4e3
f3df
f2fb
f23d
f199
f111
f0a9
f072
f06b
f080
f0af
f106
f18f
f242
f317
f405
f504
f61a
f74d
f8a3
fa0d
fb80
fcef
fe60
ffe6
0174
02fd
0475
05e1
0737
087e
09bb
0ae6
0bf7
0ce6
0dae
0e4b
0ecc
0f2d
0f6f
0f80
0f64
0f2e
0ed1
0e53
0daa
0cde
0bf8
0aff
09de
08a0
0750
05fa
048a
030d
017e
ffec
fe63
fcdf
fb5c
f9e6
f887
f739
f605
f4e4
f3de
f2f8
f239
f193
f10b
f0a3
f06b
f063
f078
f0a8
f0ff
f188
f23c
f313
f403
f503
f61b
f750
f8a7
fa12
fb86
fcf5
fe65
ffea
0177
02ff
0476
05e1
0736
087b
09b7
0ae1
0bf0
0cdf
0da7
0e45
0ec6
0f28
0f6a
0f7d
0f62
0f2d
0ed1
0e54
0dac
0ce1
0bfa
0b02
09e1
08a3
0753
05fd
048c
030d
017d
ffe9
fe5f
fcdb
fb57
f9e0
f881
f733
f601
f4e1
f3db
f2f7
f238
f193
f10c
f0a4
f06d
f065
f07a
f0aa
f101
f18a
f23e
f314
f404
f505
f61d
f752
f8a8
fa14
fb88
fcf8
fe69
ffef
017e
0307
047e
05ea
073f
0884
09c1
0aeb
0bfa
0ce9
0db1
0e4e
0ecf
0f31
0f73
0f84
0f68
0f32
0ed6
0e58
0dae
0ce2
0bfa
0b01
09df
08a0
074f
05f9
0487
0308
0178
ffe5
fe5c
fcd7
fb54
f9dd
f87f
f732
f5ff
f4e0
f3db
f2f7
f239
f194
f10d
f0a6
f06f
f067
f07c
f0ab
f101
f189
f23c
f312
f401
f500
f617
f74c
f8a2
fa0d
fb80
fcf0
fe61
ffe7
0176
02ff
0477
05e3
0738
087e
09bc
0ae7
0bf7
0ce6
0dae
0e4c
0ecc
0f2e
0f6f
0f81
0f64
0f2e
0ed2
0e54
0dab
0cde
0bf7
0afe
09dc
089d
074c
05f5
0483
0304
0175
ffe2
fe59
fcd6
fb53
f9de
f880
f734
f602
f4e3
f3df
f2fb
f23d
f199
f111
f0a9
f072
f06b
f080
f0af
f106
f18f
f242
f317
f405
f504
f61a
f74d
f8a3
fa0d
fb80
fcef
fe60
ffe6
0174
02fd
0475
05e1
0737
087e
09bb
0ae6
0bf7
0ce6
0dae
0e4b
0ecc
0f2d
0f6f
0f80
0f64
0f2e
0ed1
0e53
0daa
0cde
0bf8
0aff
09de
08a0
0750
05fa
048a
030d
017e
ffec
fe63
fcdf
fb5c
f9e6
f887
f739
f605
f4e4
f3de
f2f8
f239
f193
f10b
f0a3
f06b
f063
f078
f0a8
f0ff
f188
f23c
f313
f403
f503
f61b
f750
f8a7
fa12
fb86
fcf5
fe65
ffea
0177
02ff
0476
05e1
0736
087b
09b7
0ae1
0bf0
0cdf
0da7
0e45
0ec6
0f28
0f6a
0f7d
0f62
0f2d
0ed1
0e54
0dac
0ce1
0bfa
0b02
09e1
08a3
0753
05fd
048c
030d
017d
ffe9
fe5f
fcdb
fb57
f9e0
f881
f733
f601
f4e1
f3db
f2f7
f238
f193
f10c
f0a4
f06d
f065
f07a
f0aa
f101
f18a
f23e
f314
f404
f505
f61d
f752
f8a8
fa14
fb88
fcf8
fe69
ffef
017e
0307
047e
05ea
073f
0884
09c1
0aeb
0bfa
0ce9
0db1
0e4e
0ecf
0f31
0f73
0f84
0f68
0f32
0ed6
0e58
0dae
0ce2
0bfa
0b01
09df
08a0
074f
05f9
0487
0308
0178
ffe5
fe5c
fcd7
fb54
f9dd
f87f
f732
f5ff
f4e0
f3db
f2f7
f239
f194
f10d
f0a6
f06f
f067
f07c
f0ab
f101
f189
f23c
f312
f401
f500
f617
f74c
f8a2
fa0d
fb80
fcf0
fe61
ffe7
0176
02ff
0477
05e3
0738
087e
09bc
0ae7
0bf7
0ce6
0dae
0e4c
0ecc
0f2e
0f6f
0f81
0f64
0f2e
0ed2
0e54
0dab
0cde
0bf7
0afe
09dc
089d
074c
05f5
0483
0304
0175
ffe2
fe59
fcd6
fb53
f9de
f880
f734
f602
f4e3
f3df
f2fb
f23d
f199
f111
f0a9
f072
f06b
f080
f0af
f106
f18f
f242
f317
f405
f504
f61a
f74d
f8a3
fa0d
fb80
fcef
fe60
ffe6
0174
02fd
0475
05e1
0737
087e
09bb
0ae6
0bf7
0ce6
0dae
0e4b
0ecc
0f2d
0f6f
0f80
0f64
0f2e
0ed1
0e53
0daa
0cde
0bf8
0aff
09de
08a0
0750
05fa
048a
030d
017e
ffec
fe63
fcdf
fb5c
f9e6
f887
f739
f605
f4e4
f3de
f2f8
f239
f193
f10b
f0a3
f06b
f063
f078
f0a8
f0ff
f188
f23c
f313
f403
f503
f61b
f750
f8a7
fa12
fb86
fcf5
fe65
ffea
0177
02ff
0476
05e1
0736
087b
09b7
0ae1
0bf0
0cdf
0da7
0e45
0ec6
0f28
0f6a
0f7d
0f62
0f2d
0ed1
0e54
0dac
0ce1
0bfa
0b02
09e1
08a3
0753
05fd
048c
030d
017d
ffe9
fe5f
fcdb
fb57
f9e0
f881
f733
f601
f4e1
f3db
f2f7
f238
f193
f10c
f0a4
f06d
f065
f07a
f0aa
f101
f18a
f23e
f314
f404
f505
f61d
f752
f8a8
fa14
fb88
fcf8
fe69
ffef
017e
0307
047e
05ea
073f
0884
09c1
0aeb
0bfa
0ce9
0db1
0e4e
0ecf
0f31
0f73
0f84
0f68
0f32
0ed6
0e58
0dae
0ce2
0bfa
0b01
09df
08a0
074f
05f9
0487
0308
0178
ffe5
fe5c
fcd7
fb54
f9dd
f87f
f732
f5ff
f4e0
f3db
f2f7
f239
f194
f10d
f0a6
f06f
f067
f07c
f0ab
f101
f189
f23c
f312
f401
f500
f617
f74c
f8a2
fa0d
fb80
fcf0
fe61
ffe7
0176
02ff
0477
05e3
0738
087e
09bc
0ae7
0bf7
0ce6
0dae
0e4c
0ecc
0f2e
0f6f
0f81
0f64
0f2e
0ed2
0e54
0dab
0cde
0bf7
0afe
09dc
089d
074c
05f5
0483
0304
0175
ffe2
fe59
fcd6
fb53
f9de
f880
f734
f602
f4e3
f3df
f2fb
f23d
f199
f111
f0a9
f072
f06b
f080
f0af
f106
f18f
f242
f317
f405
f504
f61a
f74d
f8a3
fa0d
fb80
fcef
fe60
ffe6
0174
02fd
0475
05e1
0737
087e
09bb
0ae6
0bf7
0ce6
0dae
0e4b
0ecc
0f2d
0f6f
0f80
0f64
0f2e
0ed1
0e53
0daa
0cde
0bf8
0aff
09de
08a0
0750
05fa
048a
030d
017e
ffec
fe63
fcdf
fb5c
f9e6
f887
f739
f605
f4e4
f3de
f2f8
f239
f193
f10b
f0a3
f06b
f063
f078
f0a8
f0ff
f188
f23c
f313
f403
f503
f61b
f750
f8a7
fa12
fb86
fcf5
fe65
ffea
0177
02ff
0476
05e1
0736
087b
09b7
0ae1
0bf0
0cdf
0da7
0e45
0ec6
0f28
0f6a
0f7d
0f62
0f2d
0ed1
0e54
0dac
0ce1
0bfa
0b02
09e1
08a3
0753
05fd
048c
030d
017d
ffe9
fe5f
fcdb
fb57
f9e0
f881
f733
f601
f4e1
f3db
f2f7
f238
f193
f10c
f0a4
f06d
f065
f07a
f0aa
f101
f18a
f23e
f314
f404
f505
f61d
f752
f8a8
fa14
fb88
fcf8
fe69
ffef
017e
0307
047e
05ea
073f
0884
09c1
0aeb
0bfa
0ce9
0db1
0e4e
0ecf
0f31
0f73
0f84
0f68
0f32
0ed6
0e58
0dae
0ce2
0bfa
0b01
09df
08a0
074f
05f9
0487
0308
0178
ffe5
fe5c
fcd7
fb54
f9dd
f87f
f732
f5ff
f4e0
f3db
f2f7
f239
f194
f10d
f0a6
f06f
f067
f07c
f0ab
f101
f189
f23c
f312
f401
f500
f617
f74c
f8a2
fa0d
fb80
fcf0
fe61
ffe7
0176
02ff
0477
05e3
0738
087e
09bc
0ae7
0bf7
0ce6
0dae
0e4c
0ecc
0f2e
0f6f
0f81
0f64
0f2e
0ed2
0e54
0dab
0cde
0bf7
0afe
09dc
089d
074c
05f5
0483
0304
0175
ffe2
fe59
fcd6
fb53
f9de
f880
f734
f602
f4e3
f3df
f2fb
f23d
f199
f111
f0a9
f072
f06b
f080
f0af
f106
f18f
f242
f317
f405
f504
f61a
f74d
f8a3
fa0d
fb80
fcef
fe60
ffe6
0174
02fd
0475
05e1
0737
087e
09bb
0ae6
0bf7
0ce6
0dae
0e4b
0ecc
0f2d
0f6f
0f80
0f64
0f2e
0ed1
0e53
0daa
0cde
0bf8
0aff
09de
08a0
0750
05fa
048a
030d
017e
ffec
fe63
fcdf
fb5c
f9e6
f887
f739
f605
f4e4
f3de
f2f8
f239
f193
f10b
f0a3
f06b
f063
f078
f0a8
f0ff
f188
f23c
f313
f403
f503
f61b
f750
f8a7
fa12
fb86
fcf5
fe65
ffea
0177
02ff
0476
05e1
0736
087b
09b7
0ae1
0bf0
0cdf
0da7
0e45
0ec6
0f28
0f6a
0f7d
0f62
0f2d
0ed1
0e54
0dac
0ce1
0bfa
0b02
09e1
08a3
0753
05fd
048c
030d
017d
ffe9
fe5f
fcdb
fb57
f9e0
f881
f733
f601
f4e1
f3db
f2f7
f238
f193
f10c
f0a4
f06d
f065
f07a
f0aa
f101
f18a
f23e
f314
f404
f505
f61d
f752
f8a8
fa14
fb88
fcf8
fe69
ffef
017e
0307
047e
05ea
073f
0884
09c1
0aeb
0bfa
0ce9
0db1
0e4e
0ecf
0f31
0f73
0f84
0f68
0f32
0ed6
0e58
0dae
0ce2
0bfa
0b01
09df
08a0
074f
05f9
0487
0308
0178
ffe5
fe5c
fcd7
fb54
f9dd
f87f
f732
f5ff
f4e0
f3db
f2f7
f239
f194
f10d
f0a6
f06f
f067
f07c
f0ab
f101
f189
f23c
f312
f401
f500
f617
f74c
f8a2
fa0d
fb80
fcf0
fe61
ffe7
0176
02ff
0477
05e3
0738
087e
09bc
0ae7
0bf7
0ce6
0dae
0e4c
0ecc
0f2e
0f6f
0f81
0f64
0f2e
0ed2
0e54
0dab
0cde
0bf7
0afe
09dc
089d
074c
05f5
0483
0304
0175
ffe2
fe59
fcd6
fb53
f9de
f880
f734
f602
f4e3
f3df
f2fb
f23d
f199
f111
f0a9
f072
f06b
f080
f0af
f106
f18f
f242
f317
f405
f504
f61a
f74d
f8a3
fa0d
fb80
fcef
fe60
ffe6
0174
02fd
0475
05e1
0737
087e
09bb
0ae6
0bf7
0ce6
0dae
0e4b
0ecc
0f2d
0f6f
0f80
0f64
0f2e
0ed1
0e53
0daa
0cde
0bf8
0aff
09de
08a0
0750
05fa
048a
030d
017e
ffec
fe63
fcdf
fb5c
f9e6
f887
f739
f605
f4e4
f3de
f2f8
f239
f193
f10b
f0a3
f06b
f063
f078
f0a8
f0ff
f188
f23c
f313
f403
f503
f61b
f750
f8a7
fa12
fb86
fcf5
fe65
ffea
0177
02ff
0476
05e1
0736
087b
09b7
0ae1
0bf0
0cdf
0da7
0e45
0ec6
0f28
0f6a
0f7d
0f62
0f2d
0ed1
0e54
0dac
0ce1
0bfa
0b02
09e1
08a3
0753
05fd
048c
030d
017d
ffe9
fe5f
fcdb
fb57
f9e0
f881
f733
f601
f4e1
f3db
f2f7
f238
f193
f10c
f0a4
f06d
f065
f07a
f0aa
f101
f18a
f23e
f314
f404
f505
f61d
f752
f8a8
fa14
fb88
fcf8
fe69
ffef
017e
0307
047e
05ea
073f
0884
09c1
0aeb
0bfa
0ce9
0db1
0e4e
0ecf
0f31
0f73
0f84
0f68
0f32
0ed6
0e58
0dae
0ce2
0bfa
0b01
09df
08a0
074f
05f9
0487
0308
0178
ffe5
fe5c
fcd7
fb54
f9dd
f87f
f732
f5ff
f4e0
f3db
f2f7
f239
f194
f10d
f0a6
f06f
f067
f07c
f0ab
f101
f189
f23c
f312
f401
f500
f617
f74c
f8a2
fa0d
fb80
fcf0
fe61
ffe7
0176
02ff
0477
05e3
0738
087e
09bc
0ae7
0bf7
0ce6
0dae
0e4c
0ecc
0f2e
0f6f
0f81
0f64
0f2e
0ed2
0e54
0dab
0cde
0bf7
0afe
09dc
089d
074c
05f5
0483
0304
0175
ffe2
fe59
fcd6
fb53
f9de
f880
f734
f602
f4e3
f3df
f2fb
f23d
f199
f111
f0a9
f072
f06b
f080
f0af
f106
f18f
f242
f317
f405
f504
f61a
f74d
f8a3
fa0d
fb80
fcef
fe60
ffe6
0174
02fd
0475
05e1
0737
087e
09bb
0ae6
0bf7
0ce6
0dae
0e4b
0ecc
0f2d
0f6f
0f80
0f64
0f2e
0ed1
0e53
0daa
0cde
0bf8
0aff
09de
08a0
0750
05fa
048a
030d
017e
ffec
fe63
fcdf
fb5c
f9e6
f887
f739
f605
f4e4
f3de
f2f8
f239
f193
f10b
f0a3
f06b
f063
f078
f0a8
f0ff
f188
f23c
f313
f403
f503
f61b
f750
f8a7
fa12
fb86
fcf5
fe65
ffea
0177
02ff
0476
05e1
0736
087b
09b7
0ae1
0bf0
0cdf
0da7
0e45
0ec6
0f28
0f6a
0f7d
0f62
0f2d
0ed1
0e54
0dac
0ce1
0bfa
0b02
09e1
08a3
0753
05fd
048c
030d
017d
ffe9
fe5f
fcdb
fb57
f9e0
f881
f733
f601
f4e1
f3db
f2f7
f238
f193
f10c
f0a4
f06d
f065
f07a
f0aa
f101
f18a
f23e
f314
f404
f505
f61d
f752
f8a8
fa14
fb88
fcf8
fe69
ffef
017e
0307
047e
05ea
073f
0884
09c1
0aeb
0bfa
0ce9
0db1
0e4e
0ecf
0f31
0f73
0f84
0f68
0f32
0ed6
0e58
0dae
0ce2
0bfa
0b01
09df
08a0
074f
05f9
0487
0308
0178
ffe5
fe5c
fcd7
fb54
f9dd
f87f
f732
f5ff
f4e0
f3db
f2f7
f239
f194
f10d
f0a6
f06f
f067
f07c
f0ab
f101
f189
f23c
f312
f401
f500
f617
f74c
f8a2
fa0d
fb80
fcf0
fe61
ffe7
0176
02ff
0477
05e3
0738
087e
09bc
0ae7
0bf7
0ce6
0dae
0e4c
0ecc
0f2e
0f6f
0f81
0f64
0f2e
0ed2
0e54
0dab
0cde
0bf7
0afe
09dc
089d
074c
05f5
0483
0304
0175
ffe2
fe59
fcd6
fb53
f9de
f880
f734
f602
f4e3
f3df
f2fb
f23d
f199
f111
f0a9
f072
f06b
f080
f0af
f106
f18f
f242
f317
f405
f504
f61a
f74d
f8a3
fa0d
fb80
fcef
fe60
ffe6
0174
02fd
0475
05e1
0737
087e
09bb
0ae6
0bf7
0ce6
0dae
0e4b
0ecc
0f2d
0f6f
0f80
0f64
0f2e
0ed1
0e53
0daa
0cde
0bf8
0aff
09de
08a0
0750
05fa
048a
030d
017e
ffec
fe63
fcdf
fb5c
f9e6
f887
f739
f605
f4e4
f3de
f2f8
f239
f193
f10b
f0a3
f06b
f063
f078
f0a8
f0ff
f188
f23c
f313
f403
f503
f61b
f750
f8a7
fa12
fb86
fcf5
fe65
ffea
0177
02ff
0476
05e1
0736
087b
09b7
0ae1
0bf0
0cdf
0da7
0e45
0ec6
0f28
0f6a
0f7d
0f62
0f2d
0ed1
0e54
0dac
0ce1
0bfa
0b02
09e1
08a3
0753
05fd
048c
030d
017d
ffe9
fe5f
fcdb
fb57
f9e0
f881
f733
f601
f4e1
f3db
f2f7
f238
f193
f10c
f0a4
f06d
f065
f07a
f0aa
f101
f18a
f23e
f314
f404
f505
f61d
f752
f8a8
fa14
fb88
fcf8
fe69
ffef
017e
0307
047e
05ea
073f
0884
09c1
0aeb
0bfa
0ce9
0db1
0e4e
0ecf
0f31
0f73
0f84
0f68
0f32
0ed6
0e58
0dae
0ce2
0bfa
0b01
09df
08a0
074f
05f9
0487
0308
0178
ffe5
fe5c
fcd7
fb54
f9dd
f87f
f732
f5ff
f4e0
f3db
f2f7
f239
f194
f10d
f0a6
f06f
f067
f07c
f0ab
f101
f189
f23c
f312
f401
f500
f617
f74c
f8a2
fa0d
fb80
fcf0
fe61
ffe7
0176
02ff
0477
05e3
0738
087e
09bc
0ae7
0bf7
0ce6
0dae
0e4c
0ecc
0f2e
0f6f
0f81
0f64
0f2e
0ed2
0e54
0dab
0cde
0bf7
0afe
09dc
089d
074c
05f5
0483
0304
0175
ffe2
fe59
fcd6
fb53
f9de
f880
f734
f602
f4e3
f3df
f2fb
f23d
f199
f111
f0a9
f072
f06b
f080
f0af
f106
f18f
f242
f317
f405
f504
f61a
f74d
f8a3
fa0d
fb80
fcef
fe60
ffe6
0174
02fd
0475
05e1
0737
087e
09bb
0ae6
0bf7
0ce6
0dae
0e4b
0ecc
0f2d
0f6f
0f80
0f64
0f2e
0ed1
0e53
0daa
0cde
0bf8
0aff
09de
08a0
0750
05fa
048a
030d
017e
ffec
fe63
fcdf
fb5c
f9e6
f887
f739
f605
f4e4
f3de
f2f8
f239
f193
f10b
f0a3
f06b
f063
f078
f0a8
f0ff
f188
f23c
f313
f403
f503
f61b
f750
f8a7
fa12
fb86
fcf5
fe65
ffea
0177
02ff
0476
05e1
0736
087b
09b7
0ae1
0bf0
0cdf
0da7
0e45
0ec6
0f28
0f6a
0f7d
0f62
0f2d
0ed1
0e54
0dac
0ce1
0bfa
0b02
09e1
08a3
0753
05fd
048c
030d
017d
ffe9
fe5f
fcdb
fb57
f9e0
f881
f733
f601
f4e1
f3db
f2f7
f238
f193
f10c
f0a4
f06d
f065
f07a
f0aa
f101
f18a
f23e
f314
f404
f505
f61d
f752
f8a8
fa14
fb88
fcf8
fe69
ffef
017e
0307
047e
05ea
073f
0884
09c1
0aeb
0bfa
0ce9
0db1
0e4e
0ecf
0f31
0f73
0f84
0f68
0f32
0ed6
0e58
0dae
0ce2
0bfa
0b01
09df
08a0
074f
05f9
0487
0308
0178
ffe5
fe5c
fcd7
fb54
f9dd
f87f
f732
f5ff
f4e0
f3db
f2f7
f239
f194
f10d
f0a6
f06f
f067
f07c
f0ab
f101
f189
f23c
f312
f401
f500
f617
f74c
f8a2
fa0d
fb80
fcf0
fe61
ffe7
0176
02ff
0477
05e3
0738
087e
09bc
0ae7
0bf7
0ce6
0dae
0e4c
0ecc
0f2e
0f6f
0f81
0f64
0f2e
0ed2
0e54
0dab
0cde
0bf7
0afe
09dc
089d
074c
05f5
0483
0304
0175
ffe2
fe59
fcd6
fb53
f9de
f880
f734
f602
f4e3
f3df
f2fb
f23d
f199
f111
f0a9
f072
f06b
f080
f0af
f106
f18f
f242
f317
f405
f504
f61a
f74d
f8a3
fa0d
fb80
fcef
fe60
ffe6
0174
02fd
0475
05e1
0737
087e
09bb
0ae6
0bf7
0ce6
0dae
0e4b
0ecc
0f2d
0f6f
0f80
0f64
0f2e
0ed1
0e53
0daa
0cde
0bf8
0aff
09de
08a0
0750
05fa
048a
030d
017e
ffec
fe63
fcdf
fb5c
f9e6
f887
f739
f605
f4e4
f3de
f2f8
f239
f193
f10b
f0a3
f06b
f063
f078
f0a8
f0ff
f188
f23c
f313
f403
f503
f61b
f750
f8a7
fa12
fb86
fcf5
fe65
ffea
0177
02ff
0476
05e1
0736
087b
09b7
0ae1
0bf0
0cdf
0da7
0e45
0ec6
0f28
0b8f
0b9d
0b89
0b61
0b1d
0abf
0a41
09a8
08fb
0841
0769
067a
057e
047d
0369
0249
011d
ffef
fec7
fda4
fc81
fb68
fa60
f966
f880
f7a8
f6e4
f639
f5aa
f52e
f4c9
f47b
f451
f44c
f45b
f47f
f4c0
f527
f5ae
f64f
f703
f7c3
f895
f97d
fa7e
fb8f
fca6
fdba
fece
fff3
011e
0245
035e
046f
056f
0663
0750
0830
08fb
09ae
0a44
0aba
0b1b
0b65
0b96
0ba3
0b8e
0b65
0b20
0ac2
0a42
09a9
08fb
0841
0767
0678
057b
047a
0365
0246
011a
ffec
fec5
fda1
fc7f
fb66
fa5f
f965
f87f
f7a8
f6e4
f639
f5aa
f52f
f4ca
f47c
f453
f44d
f45d
f480
f4c1
f527
f5ad
f64d
f700
f7c0
f891
f979
fa79
fb89
fca0
fdb4
fec8
ffed
0118
023f
0359
046a
056a
065e
074d
082d
08f9
09ac
0a42
0ab9
0b19
0b62
0b93
0ba0
0b8b
0b62
0b1d
0abf
0a40
09a6
08f9
083e
0765
0675
0579
0477
0362
0243
0117
ffe9
fec3
fda0
fc7e
fb66
fa60
f967
f881
f7aa
f6e7
f63c
f5ae
f532
f4cd
f47f
f455
f450
f460
f483
f4c4
f52b
f5b1
f651
f704
f7c3
f893
f97a
fa7a
fb8a
fca0
fdb3
fec8
ffec
0117
023d
0357
0469
0569
065e
074c
082c
08f9
09ac
0a42
0ab8
0b19
0b62
0b93
0ba0
0b8b
0b62
0b1d
0abe
0a3f
09a6
08fa
083f
0766
0678
057c
047b
0367
0249
011e
fff1
feca
fda7
fc85
fb6c
fa65
f96a
f884
f7ab
f6e6
f63a
f5aa
f52e
f4c8
f47a
f450
f44a
f45a
f47e
f4bf
f526
f5ad
f64e
f702
f7c2
f894
f97c
fa7d
fb8d
fca4
fdb8
fecc
ffef
0119
023f
0358
0469
0568
065c
0749
0828
08f4
09a7
0a3d
0ab4
0b14
0b5e
0b8f
0b9d
0b89
0b61
0b1d
0abf
0a41
09a8
08fb
0841
0769
067a
057e
047d
0369
0249
011d
ffef
fec7
fda4
fc81
fb68
fa60
f966
f880
f7a8
f6e4
f639
f5aa
f52e
f4c9
f47b
f451
f44c
f45b
f47f
f4c0
f527
f5ae
f64f
f703
f7c3
f895
f97d
fa7e
fb8f
fca6
fdba
fece
fff3
011e
0245
035e
046f
056f
0663
0750
0830
08fb
09ae
0a44
0aba
0b1b
0b65
0b96
0ba3
0b8e
0b65
0b20
0ac2
0a42
09a9
08fb
0841
0767
0678
057b
047a
0365
0246
011a
ffec
fec5
fda1
fc7f
fb66
fa5f
f965
f87f
f7a8
f6e4
f639
f5aa
f52f
f4ca
f47c
f453
f44d
f45d
f480
f4c1
f527
f5ad
f64d
f700
f7c0
f891
f979
fa79
fb89
fca0
fdb4
fec8
ffed
0118
023f
0359
046a
056a
065e
074d
082d
08f9
09ac
0a42
0ab9
0b19
0b62
0b93
0ba0
0b8b
0b62
0b1d
0abf
0a40
09a6
08f9
083e
0765
0675
0579
0477
0362
0243
0117
ffe9
fec3
fda0
fc7e
fb66
fa60
f967
f881
f7aa
f6e7
f63c
f5ae
f532
f4cd
f47f
f455
f450
f460
f483
f4c4
f52b
f5b1
f651
f704
f7c3
f893
f97a
fa7a
fb8a
fca0
fdb3
fec8
ffec
0117
023d
0357
0469
0569
065e
074c
082c
08f9
09ac
0a42
0ab8
0b19
0b62
0b93
0ba0
0b8b
0b62
0b1d
0abe
0a3f
09a6
08fa
083f
0766
0678
057c
047b
0367
0249
011e
fff1
feca
fda7
fc85
fb6c
fa65
f96a
f884
f7ab
f6e6
f63a
f5aa
f52e
f4c8
f47a
f450
f44a
f45a
f47e
f4bf
f526
f5ad
f64e
f702
f7c2
f894
f97c
fa7d
fb8d
fca4
fdb8
fecc
ffef
0119
023f
0358
0469
0568
065c
0749
0828
08f4
09a7
0a3d
0ab4
0b14
0b5e
0b8f
0b9d
0b89
0b61
0b1d
0abf
0a41
09a8
08fb
0841
0769
067a
057e
047d
0369
0249
011d
ffef
fec7
fda4
fc81
fb68
fa60
f966
f880
f7a8
f6e4
f639
f5aa
f52e
f4c9
f47b
f451
f44c
f45b
f47f
f4c0
f527
f5ae
f64f
f703
f7c3
f895
f97d
fa7e
fb8f
fca6
fdba
fece
fff3
011e
0245
035e
046f
056f
0663
0750
0830
08fb
09ae
0a44
0aba
0b1b
0b65
0b96
0ba3
0b8e
0b65
0b20
0ac2
0a42
09a9
08fb
0841
0767
0678
057b
047a
0365
0246
011a
ffec
fec5
fda1
fc7f
fb66
fa5f
f965
f87f
f7a8
f6e4
f639
f5aa
f52f
f4ca
f47c
f453
f44d
f45d
f480
f4c1
f527
f5ad
f64d
f700
f7c0
f891
f979
fa79
fb89
fca0
fdb4
fec8
ffed
0118
023f
0359
046a
056a
065e
074d
082d
08f9
09ac
0a42
0ab9
0b19
0b62
0b93
0ba0
0b8b
0b62
0b1d
0abf
0a40
09a6
08f9
083e
0765
0675
0579
0477
0362
0243
0117
ffe9
fec3
fda0
fc7e
fb66
fa60
f967
f881
f7aa
f6e7
f63c
f5ae
f532
f4cd
f47f
f455
f450
f460
f483
f4c4
f52b
f5b1
f651
f704
f7c3
f893
f97a
fa7a
fb8a
fca0
fdb3
fec8
ffec
0117
023d
0357
0469
0569
065e
074c
082c
08f9
09ac
0a42
0ab8
0b19
0b62
0b93
0ba0
0b8b
0b62
0b1d
0abe
0a3f
09a6
08fa
083f
0766
0678
057c
047b
0367
0249
011e
fff1
feca
fda7
fc85
fb6c
fa65
f96a
f884
f7ab
f6e6
f63a
f5aa
f52e
f4c8
f47a
f450
f44a
f45a
f47e
f4bf
f526
f5ad
f64e
f702
f7c2
f894
f97c
fa7d
fb8d
fca4
fdb8
fecc
ffef
0119
023f
0358
0469
0568
065c
0749
0828
08f4
09a7
0a3d
0ab4
0b14
0b5e
0b8f
0b9d
0b89
0b61
0b1d
0abf
0a41
09a8
08fb
0841
0769
067a
057e
047d
0369
0249
011d
ffef
fec7
fda4
fc81
fb68
fa60
f966
f880
f7a8
f6e4
f639
f5aa
f52e
f4c9
f47b
f451
f44c
f45b
f47f
f4c0
f527
f5ae
f64f
f703
f7c3
f895
f97d
fa7e
fb8f
fca6
fdba
fece
fff3
011e
0245
035e
046f
056f
0663
0750
0830
08fb
09ae
0a44
0aba
0b1b
0b65
0b96
0ba3
0b8e
0b65
0b20
0ac2
0a42
09a9
08fb
0841
0767
0678
057b
047a
0365
0246
011a
ffec
fec5
fda1
fc7f
fb66
fa5f
f965
f87f
f7a8
f6e4
f639
f5aa
f52f
f4ca
f47c
f453
f44d
f45d
f480
f4c1
f527
f5ad
f64d
f700
f7c0
f891
f979
fa79
fb89
fca0
fdb4
fec8
ffed
0118
023f
0359
046a
056a
065e
074d
082d
08f9
09ac
0a42
0ab9
0b19
0b62
0b93
0ba0
0b8b
0b62
0b1d
0abf
0a40
09a6
08f9
083e
0765
0675
0579
0477
0362
0243
0117
ffe9
fec3
fda0
fc7e
fb66
fa60
f967
f881
f7aa
f6e7
f63c
f5ae
f532
f4cd
f47f
f455
f450
f460
f483
f4c4
f52b
f5b1
f651
f704
f7c3
f893
f97a
fa7a
fb8a
fca0
fdb3
fec8
ffec
0117
023d
0357
0469
0569
065e
074c
082c
08f9
09ac
0a42
0ab8
0b19
0b62
0b93
0ba0
0b8b
0b62
0b1d
0abe
0a3f
09a6
08fa
083f
0766
0678
057c
047b
0367
0249
011e
fff1
feca
fda7
fc85
fb6c
fa65
f96a
f884
f7ab
f6e6
f63a
f5aa
f52e
f4c8
f47a
f450
f44a
f45a
f47e
f4bf
f526
f5ad
f64e
f702
f7c2
f894
f97c
fa7d
fb8d
fca4
fdb8
fecc
ffef
0119
023f
0358
0469
0568
065c
0749
0828
08f4
09a7
0a3d
0ab4
0b14
0b5e
0b8f
0b9d
0b89
0b61
0b1d
0abf
0a41
09a8
08fb
0841
0769
067a
057e
047d
0369
0249
011d
ffef
fec7
fda4
fc81
fb68
fa60
f966
f880
f7a8
f6e4
f639
f5aa
f52e
f4c9
f47b
f451
f44c
f45b
f47f
f4c0
f527
f5ae
f64f
f703
f7c3
f895
f97d
fa7e
fb8f
fca6
fdba
fece
fff3
011e
0245
035e
046f
056f
0663
0750
0830
08fb
09ae
0a44
0aba
0b1b
0b65
0b96
0ba3
0b8e
0b65
0b20
0ac2
0a42
09a9
08fb
0841
0767
0678
057b
047a
0365
0246
011a
ffec
fec5
fda1
fc7f
fb66
fa5f
f965
f87f
f7a8
f6e4
f639
f5aa
f52f
f4ca
f47c
f453
f44d
f45d
f480
f4c1
f527
f5ad
f64d
f700
f7c0
f891
f979
fa79
fb89
fca0
fdb4
fec8
ffed
0118
023f
0359
046a
056a
065e
074d
082d
08f9
09ac
0a42
0ab9
0b19
0b62
0b93
0ba0
0b8b
0b62
0b1d
0abf
0a40
09a6
08f9
083e
0765
0675
0579
0477
0362
0243
0117
ffe9
fec3
fda0
fc7e
fb66
fa60
f967
f881
f7aa
f6e7
f63c
f5ae
f532
f4cd
f47f
f455
f450
f460
f483
f4c4
f52b
f5b1
f651
f704
f7c3
f893
f97a
fa7a
fb8a
fca0
fdb3
fec8
ffec
0117
023d
0357
0469
0569
065e
074c
082c
08f9
09ac
0a42
0ab8
0b19
0b62
0b93
0ba0
0b8b
0b62
0b1d
0abe
0a3f
09a6
08fa
083f
0766
0678
057c
047b
0367
0249
011e
fff1
feca
fda7
fc85
fb6c
fa65
f96a
f884
f7ab
f6e6
f63a
f5aa
f52e
f4c8
f47a
f450
f44a
f45a
f47e
f4bf
f526
f5ad
f64e
f702
f7c2
f894
f97c
fa7d
fb8d
fca4
fdb8
fecc
ffef
0119
023f
0358
0469
0568
065c
0749
0828
08f4
09a7
0a3d
0ab4
0b14
0b5e
0b8f
0b9d
0b89
0b61
0b1d
0abf
0a41
09a8
08fb
0841
0769
067a
057e
047d
0369
0249
011d
ffef
fec7
fda4
fc81
fb68
fa60
f966
f880
f7a8
f6e4
f639
f5aa
f52e
f4c9
f47b
f451
f44c
f45b
f47f
f4c0
f527
f5ae
f64f
f703
f7c3
f895
f97d
fa7e
fb8f
fca6
fdba
fece
fff3
011e
0245
035e
046f
056f
0663
0750
0830
08fb
09ae
0a44
0aba
0b1b
0b65
0b96
0ba3
0b8e
0b65
0b20
0ac2
0a42
09a9
08fb
0841
0767
0678
057b
047a
0365
0246
011a
ffec
fec5
fda1
fc7f
fb66
fa5f
f965
f87f
f7a8
f6e4
f639
f5aa
f52f
f4ca
f47c
f453
f44d
f45d
f480
f4c1
f527
f5ad
f64d
f700
f7c0
f891
f979
fa79
fb89
fca0
fdb4
fec8
ffed
0118
023f
0359
046a
056a
065e
074d
082d
08f9
09ac
0a42
0ab9
0b19
0b62
0b93
0ba0
0b8b
0b62
0b1d
0abf
0a40
09a6
08f9
083e
0765
0675
0579
0477
0362
0243
0117
ffe9
fec3
fda0
fc7e
fb66
fa60
f967
f881
f7aa
f6e7
f63c
f5ae
f532
f4cd
f47f
f455
f450
f460
f483
f4c4
f52b
f5b1
f651
f704
f7c3
f893
f97a
fa7a
fb8a
fca0
fdb3
fec8
ffec
0117
023d
0357
0469
0569
065e
074c
082c
08f9
09ac
0a42
0ab8
0b19
0b62
0b93
0ba0
0b8b
0b62
0b1d
0abe
0a3f
09a6
08fa
083f
0766
0678
057c
047b
0367
0249
011e
fff1
feca
fda7
fc85
fb6c
fa65
f96a
f884
f7ab
f6e6
f63a
f5aa
f52e
f4c8
f47a
f450
f44a
f45a
f47e
f4bf
f526
f5ad
f64e
f702
f7c2
f894
f97c
fa7d
fb8d
fca4
fdb8
fecc
ffef
0119
023f
0358
0469
0568
065c
0749
0828
08f4
09a7
0a3d
0ab4
0b14
0b5e
0b8f
0b9d
0b89
0b61
0b1d
0abf
0a41
09a8
08fb
0841
0769
067a
057e
047d
0369
0249
011d
ffef
fec7
fda4
fc81
fb68
fa60
f966
f880
f7a8
f6e4
f639
f5aa
f52e
f4c9
f47b
f451
f44c
f45b
f47f
f4c0
f527
f5ae
f64f
f703
f7c3
f895
f97d
fa7e
fb8f
fca6
fdba
fece
fff3
011e
0245
035e
046f
056f
0663
0750
0830
08fb
09ae
0a44
0aba
0b1b
0b65
0b96
0ba3
0b8e
0b65
0b20
0ac2
0a42
09a9
08fb
0841
0767
0678
057b
047a
0365
0246
011a
ffec
fec5
fda1
fc7f
fb66
fa5f
f965
f87f
f7a8
f6e4
f639
f5aa
f52f
f4ca
f47c
f453
f44d
f45d
f480
f4c1
f527
f5ad
f64d
f700
f7c0
f891
f979
fa79
fb89
fca0
fdb4
fec8
ffed
0118
023f
0359
046a
056a
065e
074d
082d
08f9
09ac
0a42
0ab9
0b19
0b62
0b93
0ba0
0b8b
0b62
0b1d
0abf
0a40
09a6
08f9
083e
0765
0675
0579
0477
0362
0243
0117
ffe9
fec3
fda0
fc7e
fb66
fa60
f967
f881
f7aa
f6e7
f63c
f5ae
f532
f4cd
f47f
f455
f450
f460
f483
f4c4
f52b
f5b1
f651
f704
f7c3
f893
f97a
fa7a
fb8a
fca0
fdb3
fec8
ffec
0117
023d
0357
0469
0569
065e
074c
082c
08f9
09ac
0a42
0ab8
0b19
0b62
0b93
0ba0
0b8b
0b62
0b1d
0abe
0a3f
09a6
08fa
083f
0766
0678
057c
047b
0367
0249
011e
fff1
feca
fda7
fc85
fb6c
fa65
f96a
f884
f7ab
f6e6
f63a
f5aa
f52e
f4c8
f47a
f450
f44a
f45a
f47e
f4bf
f526
f5ad
f64e
f702
f7c2
f894
f97c
fa7d
fb8d
fca4
fdb8
fecc
ffef
0119
023f
0358
0469
0568
065c
0749
0828
08f4
09a7
0a3d
0ab4
0b14
0b5e
0b8f
0b9d
0b89
0b61
0b1d
0abf
0a41
09a8
08fb
0841
0769
067a
057e
047d
0369
0249
011d
ffef
fec7
fda4
fc81
fb68
fa60
f966
f880
f7a8
f6e4
f639
f5aa
f52e
f4c9
f47b
f451
f44c
f45b
f47f
f4c0
f527
f5ae
f64f
f703
f7c3
f895
f97d
fa7e
fb8f
fca6
fdba
fece
fff3
011e
0245
035e
046f
056f
0663
0750
0830
08fb
09ae
0a44
0aba
0b1b
0b65
0b96
0ba3
0b8e
0b65
0b20
0ac2
0a42
09a9
08fb
0841
0767
0678
057b
047a
0365
0246
011a
ffec
fec5
fda1
fc7f
fb66
fa5f
f965
f87f
f7a8
f6e4
f639
f5aa
f52f
f4ca
f47c
f453
f44d
f45d
f480
f4c1
f527
f5ad
f64d
f700
f7c0
f891
f979
fa79
fb89
fca0
fdb4
fec8
ffed
0118
023f
0359
046a
056a
065e
074d
082d
08f9
09ac
0a42
0ab9
0b19
0b62
0b93
0ba0
0b8b
0b62
0b1d
0abf
0a40
09a6
08f9
083e
0765
0675
0579
0477
0362
0243
0117
ffe9
fec3
fda0
fc7e
fb66
fa60
f967
f881
f7aa
f6e7
f63c
f5ae
f532
f4cd
f47f
f455
f450
f460
f483
f4c4
f52b
f5b1
f651
f704
f7c3
f893
f97a
fa7a
fb8a
fca0
fdb3
fec8
ffec
0117
023d
0357
0469
0569
065e
074c
082c
08f9
09ac
0a42
0ab8
0b19
0b62
0b93
0ba0
0b8b
0b62
0b1d
0abe
0a3f
09a6
08fa
083f
0766
0678
057c
047b
0367
0249
011e
fff1
feca
fda7
fc85
fb6c
fa65
f96a
f884
f7ab
f6e6
f63a
f5aa
f52e
f4c8
f47a
f450
f44a
f45a
f47e
f4bf
f526
f5ad
f64e
f702
f7c2
f894
f97c
fa7d
fb8d
fca4
fdb8
fecc
ffef
0119
023f
0358
0469
0568
065c
0749
0828
08f4
09a7
0a3d
0ab4
0b14
0b5e
0b8f
0b9d
0b89
0b61
0b1d
0abf
0a41
09a8
08fb
0841
0769
067a
057e
047d
0369
0249
011d
ffef
fec7
fda4
fc81
fb68
fa60
f966
f880
f7a8
f6e4
f639
f5aa
f52e
f4c9
f47b
f451
f44c
f45b
f47f
f4c0
f527
f5ae
f64f
f703
f7c3
f895
f97d
fa7e
fb8f
fca6
fdba
fece
fff3
011e
0245
035e
046f
056f
0663
0750
0830
08fb
09ae
0a44
0aba
0b1b
0b65
0b96
0ba3
0b8e
0b65
0b20
0ac2
0a42
09a9
08fb
0841
0767
0678
057b
047a
0365
0246
011a
ffec
fec5
fda1
fc7f
fb66
fa5f
f965
f87f
f7a8
f6e4
f639
f5aa
f52f
f4ca
f47c
f453
f44d
f45d
f480
f4c1
f527
f5ad
f64d
f700
f7c0
f891
f979
fa79
fb89
fca0
fdb4
fec8
ffed
0118
023f
0359
046a
056a
065e
074d
082d
08f9
09ac
0a42
0ab9
0b19
0b62
0b93
0ba0
0b8b
0b62
0b1d
0abf
0a40
09a6
08f9
083e
0765
0675
0579
0477
0362
0243
0117
ffe9
fec3
fda0
fc7e
fb66
fa60
f967
f881
f7aa
f6e7
f63c
f5ae
f532
f4cd
f47f
f455
f450
f460
f483
f4c4
f52b
f5b1
f651
f704
f7c3
f893
f97a
fa7a
fb8a
fca0
fdb3
fec8
ffec
0117
023d
0357
0469
0569
065e
074c
082c
08f9
09ac
0a42
0ab8
0b19
0b62
0b93
0ba0
0b8b
0b62
0b1d
0abe
0a3f
09a6
08fa
083f
0766
0678
057c
047b
0367
0249
011e
fff1
feca
fda7
fc85
fb6c
fa65
f96a
f884
f7ab
f6e6
f63a
f5aa
f52e
f4c8
f47a
f450
f44a
f45a
f47e
f4bf
f526
f5ad
f64e
f702
f7c2
f894
f97c
fa7d
fb8d
fca4
fdb8
fecc
ffef
0119
023f
0358
0469
0568
065c
0749
0828
08f4
09a7
0a3d
0ab4
0b14
0b5e
0b8f
0b9d
0b89
0b61
0b1d
0abf
0a41
09a8
08fb
0841
0769
067a
057e
047d
0369
0249
011d
ffef
fec7
fda4
fc81
fb68
fa60
f966
f880
f7a8
f6e4
f639
f5aa
f52e
f4c9
f47b
f451
f44c
f45b
f47f
f4c0
f527
f5ae
f64f
f703
f7c3
f895
f97d
fa7e
fb8f
fca6
fdba
fece
fff3
011e
0245
035e
046f
056f
0663
0750
0830
08fb
09ae
0a44
0aba
0b1b
0b65
0b96
0ba3
0b8e
0b65
0b20
0ac2
0a42
09a9
08fb
0841
0767
0678
057b
047a
0365
0246
011a
ffec
fec5
fda1
fc7f
fb66
fa5f
f965
f87f
f7a8
f6e4
f639
f5aa
f52f
f4ca
f47c
f453
f44d
f45d
f480
f4c1
f527
f5ad
f64d
f700
f7c0
f891
f979
fa79
fb89
fca0
fdb4
fec8
ffed
0118
023f
0359
046a
056a
065e
074d
082d
08f9
09ac
0a42
0ab9
0b19
0b62
0b93
0ba0
0b8b
0b62
0b1d
0abf
0a40
09a6
08f9
083e
0765
0675
0579
0477
0362
0243
0117
ffe9
fec3
fda0
fc7e
fb66
fa60
f967
f881
f7aa
f6e7
f63c
f5ae
f532
f4cd
f47f
f455
f450
f460
f483
f4c4
f52b
f5b1
f651
f704
f7c3
f893
f97a
fa7a
fb8a
fca0
fdb3
fec8
ffec
0117
023d
0357
0469
0569
065e
074c
082c
08f9
09ac
0a42
0ab8
0b19
0b62
0b93
0ba0
0b8b
0b62
0b1d
0abe
0a3f
09a6
08fa
083f
0766
0678
057c
047b
0367
0249
011e
fff1
feca
fda7
fc85
fb6c
fa65
f96a
f884
f7ab
f6e6
f63a
f5aa
f52e
f4c8
f47a
f450
f44a
f45a
f47e
f4bf
f526
f5ad
f64e
f702
f7c2
f894
f97c
fa7d
fb8d
fca4
fdb8
fecc
ffef
0119
023f
0358
0469
0568
065c
0749
0828
08f4
09a7
0a3d
0ab4
0b14
0b5e
0b8f
0b9d
0b89
0b61
0b1d
0abf
0a41
09a8
08fb
0841
0769
067a
057e
047d
0369
0249
011d
ffef
fec7
fda4
fc81
fb68
fa60
f966
f880
f7a8
f6e4
f639
f5aa
f52e
f4c9
f47b
f451
f44c
f45b
f47f
f4c0
f527
f5ae
f64f
f703
f7c3
f895
f97d
fa7e
fb8f
fca6
fdba
fece
fff3
011e
0245
035e
046f
056f
0663
0750
0830
08fb
09ae
0a44
0aba
0b1b
0b65
0b96
0ba3
0b8e
0b65
0b20
0ac2
0a42
09a9
08fb
0841
0767
0678
057b
047a
0365
0246
011a
ffec
fec5
fda1
fc7f
fb66
fa5f
f965
f87f
f7a8
f6e4
f639
f5aa
f52f
f4ca
f47c
f453
f44d
f45d
f480
f4c1
f527
f5ad
f64d
f700
f7c0
f891
f979
fa79
fb89
fca0
fdb4
fec8
ffed
0118
023f
0359
046a
056a
065e
074d
082d
08f9
09ac
0a42
0ab9
0b19
0b62
0b93
0ba0
0b8b
0b62
0b1d
0abf
0a40
09a6
08f9
083e
0765
0675
0579
0477
0362
0243
0117
ffe9
fec3
fda0
fc7e
fb66
fa60
f967
f881
f7aa
f6e7
f63c
f5ae
f532
f4cd
f47f
f455
f450
f460
f483
f4c4
f52b
f5b1
f651
f704
f7c3
f893
f97a
fa7a
fb8a
fca0
fdb3
fec8
ffec
0117
023d
0357
0469
0569
065e
074c
082c
08f9
09ac
0a42
0ab8
0b19
0b62
0b93
0ba0
0b8b
0b62
0b1d
0abe
0a3f
09a6
08fa
083f
0766
0678
057c
047b
0367
0249
011e
fff1
feca
fda7
fc85
fb6c
fa65
f96a
f884
f7ab
f6e6
f63a
f5aa
f52e
f4c8
f47a
f450
f44a
f45a
f47e
f4bf
f526
f5ad
f64e
f702
f7c2
f894
f97c
fa7d
fb8d
fca4
fdb8
fecc
ffef
0119
023f
0358
0469
0568
065c
0749
0828
08f4
09a7
0a3d
0ab4
0b14
0b5e
0b8f
0b9d
0b89
0b61
0b1d
0abf
0a41
09a8
08fb
0841
0769
067a
057e
047d
0369
0249
011d
ffef
fec7
fda4
fc81
fb68
fa60
f966
f880
f7a8
f6e4
f639
f5aa
f52e
f4c9
f47b
f451
f44c
f45b
f47f
f4c0
f527
f5ae
f64f
f703
f7c3
f895
f97d
fa7e
fb8f
fca6
fdba
fece
fff3
011e
0245
035e
046f
056f
0663
0750
0830
08fb
09ae
0a44
0aba
0b1b
0b65
0b96
0ba3
0b8e
0b65
0b20
0ac2
0a42
09a9
08fb
0841
0767
0678
057b
047a
0365
0246
011a
ffec
fec5
fda1
fc7f
fb66
fa5f
f965
f87f
f7a8
f6e4
f639
f5aa
f52f
f4ca
f47c
f453
f44d
f45d
f480
f4c1
f527
f5ad
f64d
f700
f7c0
f891
f979
fa79
fb89
fca0
fdb4
fec8
ffed
0118
023f
0359
046a
056a
065e
074d
082d
08f9
09ac
0a42
0ab9
0b19
0b62
0b93
0ba0
0b8b
0b62
0b1d
0abf
0a40
09a6
08f9
083e
0765
0675
0579
0477
0362
0243
0117
ffe9
fec3
fda0
fc7e
fb66
fa60
f967
f881
f7aa
f6e7
f63c
f5ae
f532
f4cd
f47f
f455
f450
f460
f483
f4c4
f52b
f5b1
f651
f704
f7c3
f893
f97a
fa7a
fb8a
fca0
fdb3
fec8
ffec
0117
023d
0357
0469
0569
065e
074c
082c
08f9
09ac
0a42
0ab8
0b19
0b62
0b93
0ba0
0b8b
0b62
0b1d
0abe
0a3f
09a6
08fa
083f
0766
0678
057c
047b
0367
0249
011e
fff1
feca
fda7
fc85
fb6c
fa65
f96a
f884
f7ab
f6e6
f63a
f5aa
f52e
f4c8
f47a
f450
f44a
f45a
f47e
f4bf
f526
f5ad
f64e
f702
f7c2
f894
f97c
fa7d
fb8d
fca4
fdb8
fecc
ffef
0119
023f
0358
0469
0568
065c
0749
0828
08f4
09a7
0a3d
0ab4
0b14
0b5e
0b8f
0b9d
0b89
0b61
0b1d
0abf
0a41
09a8
08fb
0841
0769
067a
057e
047d
0369
0249
011d
ffef
fec7
fda4
fc81
fb68
fa60
f966
f880
f7a8
f6e4
f639
f5aa
f52e
f4c9
f47b
f451
f44c
f45b
f47f
f4c0
f527
f5ae
f64f
f703
f7c3
f895
f97d
fa7e
fb8f
fca6
fdba
fece
fff3
011e
0245
035e
046f
056f
0663
0750
0830
08fb
09ae
0a44
0aba
0b1b
0b65
0b96
0ba3
0b8e
0b65
0b20
0ac2
0a42
09a9
08fb
0841
0767
0678
057b
047a
0365
0246
011a
ffec
fec5
fda1
fc7f
fb66
fa5f
f965
f87f
f7a8
f6e4
f639
f5aa
f52f
f4ca
f47c
f453
f44d
f45d
f480
f4c1
f527
f5ad
f64d
f700
f7c0
f891
f979
fa79
fb89
fca0
fdb4
fec8
ffed
0118
023f
0359
046a
056a
065e
074d
082d
08f9
09ac
0a42
0ab9
0b19
0b62
0b93
0ba0
0b8b
0b62
0b1d
0abf
0a40
09a6
08f9
083e
0765
0675
0579
0477
0362
0243
0117
ffe9
fec3
fda0
fc7e
fb66
fa60
f967
f881
f7aa
f6e7
f63c
f5ae
f532
f4cd
f47f
f455
f450
f460
f483
f4c4
f52b
f5b1
f651
f704
f7c3
f893
f97a
fa7a
fb8a
fca0
fdb3
fec8
ffec
0117
023d
0357
0469
0569
065e
074c
082c
08f9
09ac
0a42
0ab8
0b19
0b62
0b93
0ba0
0b8b
0b62
0b1d
0abe
0a3f
09a6
08fa
083f
0766
0678
057c
047b
0367
0249
011e
fff1
feca
fda7
fc85
fb6c
fa65
f96a
f884
f7ab
f6e6
f63a
f5aa
f52e
f4c8
f47a
f450
f44a
f45a
f47e
f4bf
f526
f5ad
f64e
f702
f7c2
f894
f97c
fa7d
fb8d
fca4
fdb8
fecc
ffef
0119
023f
0358
0469
0568
065c
0749
0828
08f4
09a7
0a3d
0ab4
0b14
0b5e
0b8f
0b9d
0b89
0b61
0b1d
0abf
0a41
09a8
08fb
0841
0769
067a
057e
047d
0369
0249
011d
ffef
fec7
fda4
fc81
fb68
fa60
f966
f880
f7a8
f6e4
f639
f5aa
f52e
f4c9
f47b
f451
f44c
f45b
f47f
f4c0
f527
f5ae
f64f
f703
f7c3
f895
f97d
fa7e
fb8f
fca6
fdba
fece
fff3
011e
0245
035e
046f
056f
0663
0750
0830
08fb
09ae
0a44
0aba
0b1b
0b65
0b96
0ba3
0b8e
0b65
0b20
0ac2
0a42
09a9
08fb
0841
0767
0678
057b
047a
0365
0246
011a
ffec
fec5
fda1
fc7f
fb66
fa5f
f965
f87f
f7a8
f6e4
f639
f5aa
f52f
f4ca
f47c
f453
f44d
f45d
f480
f4c1
f527
f5ad
f64d
f700
f7c0
f891
f979
fa79
fb89
fca0
fdb4
fec8
ffed
0118
023f
0359
046a
056a
065e
074d
082d
08f9
09ac
0a42
0ab9
0b19
0b62
0b93
0ba0
0b8b
0b62
0b1d
0abf
0a40
09a6
08f9
083e
0765
0675
0579
0477
0362
0243
0117
ffe9
fec3
fda0
fc7e
fb66
fa60
f967
f881
f7aa
f6e7
f63c
f5ae
f532
f4cd
f47f
f455
f450
f460
f483
f4c4
f52b
f5b1
f651
f704
f7c3
f893
f97a
fa7a
fb8a
fca0
fdb3
fec8
ffec
0117
023d
0357
0469
0569
065e
074c
082c
08f9
09ac
0a42
0ab8
0b19
0b62
0b93
0ba0
0b8b
0b62
0b1d
0abe
0a3f
09a6
08fa
083f
0766
0678
057c
047b
0367
0249
011e
fff1
feca
fda7
fc85
fb6c
fa65
f96a
f884
f7ab
f6e6
f63a
f5aa
f52e
f4c8
f47a
f450
f44a
f45a
f47e
f4bf
f526
f5ad
f64e
f702
f7c2
f894
f97c
fa7d
fb8d
fca4
fdb8
fecc
ffef
0119
023f
0358
0469
0568
065c
0749
0828
08f4
09a7
0a3d
0ab4
0b14
0b5e
0b8f
0b9d
0b89
0b61
0b1d
0abf
0a41
09a8
08fb
0841
0769
067a
057e
047d
0369
0249
011d
ffef
fec7
fda4
fc81
fb68
fa60
f966
f880
f7a8
f6e4
f639
f5aa
f52e
f4c9
f47b
f451
f44c
f45b
f47f
f4c0
f527
f5ae
f64f
f703
f7c3
f895
f97d
fa7e
fb8f
fca6
fdba
fece
fff3
011e
0245
035e
046f
056f
0663
0750
0830
08fb
09ae
0a44
0aba
0b1b
0b65
0b96
0ba3
0b8e
0b65
0b20
0ac2
0a42
09a9
08fb
0841
0767
0678
057b
047a
0365
0246
011a
ffec
fec5
fda1
fc7f
fb66
fa5f
f965
f87f
f7a8
f6e4
f639
f5aa
f52f
f4ca
f47c
f453
f44d
f45d
f480
f4c1
f527
f5ad
f64d
f700
f7c0
f891
f979
fa79
fb89
fca0
fdb4
fec8
ffed
0118
023f
0359
046a
056a
065e
074d
082d
08f9
09ac
0a42
0ab9
0b19
0b62
0b93
0ba0
0b8b
0b62
0b1d
0abf
0a40
09a6
08f9
083e
0765
0675
0579
0477
0362
0243
0117
ffe9
fec3
fda0
fc7e
fb66
fa60
f967
f881
f7aa
f6e7
f63c
f5ae
f532
f4cd
f47f
f455
f450
f460
f483
f4c4
f52b
f5b1
f651
f704
f7c3
f893
f97a
fa7a
fb8a
fca0
fdb3
fec8
ffec
0117
023d
0357
0469
0569
065e
074c
082c
08f9
09ac
0a42
0ab8
0b19
0b62
0b93
0ba0
0b8b
0b62
0b1d
0abe
0a3f
09a6
08fa
083f
0766
0678
057c
047b
0367
0249
011e
fff1
feca
fda7
fc85
fb6c
fa65
f96a
f884
f7ab
f6e6
f63a
f5aa
f52e
f4c8
f47a
f450
f44a
f45a
f47e
f4bf
f526
f5ad
f64e
f702
f7c2
f894
f97c
fa7d
fb8d
fca4
fdb8
fecc
ffef
0119
023f
0358
0469
0568
065c
0749
0828
08f4
09a7
0a3d
0ab4
0b14
0b5e
0b8f
0b9d
0b89
0b61
0b1d
0abf
0a41
09a8
08fb
0841
0769
067a
057e
047d
0369
0249
011d
ffef
fec7
fda4
fc81
fb68
fa60
f966
f880
f7a8
f6e4
f639
f5aa
f52e
f4c9
f47b
f451
f44c
f45b
f47f
f4c0
f527
f5ae
f64f
f703
f7c3
f895
f97d
fa7e
fb8f
fca6
fdba
fece
fff3
011e
0245
035e
046f
056f
0663
0750
0830
08fb
09ae
0a44
0aba
0b1b
0b65
0b96
0ba3
0b8e
0b65
0b20
0ac2
0a42
09a9
08fb
0841
0767
0678
057b
047a
0365
0246
011a
ffec
fec5
fda1
fc7f
fb66
fa5f
f965
f87f
f7a8
f6e4
f639
f5aa
f52f
f4ca
f47c
f453
f44d
f45d
f480
f4c1
f527
f5ad
f64d
f700
f7c0
f891
f979
fa79
fb89
fca0
fdb4
fec8
ffed
0118
023f
0359
046a
056a
065e
074d
082d
08f9
09ac
0a42
0ab9
0b19
0b62
0b93
0ba0
0b8b
0b62
0b1d
0abf
0a40
09a6
08f9
083e
0765
0675
0579
0477
0362
0243
0117
ffe9
fec3
fda0
fc7e
fb66
fa60
f967
f881
f7aa
f6e7
f63c
f5ae
f532
f4cd
f47f
f455
f450
f460
f483
f4c4
f52b
f5b1
f651
f704
f7c3
f893
f97a
fa7a
fb8a
fca0
fdb3
fec8
ffec
0117
023d
0357
0469
0569
065e
074c
082c
08f9
09ac
0a42
0ab8
0b19
0b62
0b93
0ba0
0b8b
0b62
0b1d
0abe
0a3f
09a6
08fa
083f
0766
0678
057c
047b
0367
0249
011e
fff1
feca
fda7
fc85
fb6c
fa65
f96a
f884
f7ab
f6e6
f63a
f5aa
f52e
f4c8
f47a
f450
f44a
f45a
f47e
f4bf
f526
f5ad
f64e
f702
f7c2
f894
f97c
fa7d
fb8d
fca4
fdb8
fecc
ffef
0119
023f
0358
0469
0568
065c
0749
0828
08f4
09a7
0a3d
0ab4
0b14
0b5e
0b8f
0b9d
0b89
0b61
0b1d
0abf
0a41
09a8
08fb
0841
0769
067a
057e
047d
0369
0249
011d
ffef
fec7
fda4
fc81
fb68
fa60
f966
f880
f7a8
f6e4
f639
f5aa
f52e
f4c9
f47b
f451
f44c
f45b
f47f
f4c0
f527
f5ae
f64f
f703
f7c3
f895
f97d
fa7e
fb8f
fca6
fdba
fece
fff3
011e
0245
035e
046f
056f
0663
0750
0830
08fb
09ae
0a44
0aba
0b1b
0b65
0b96
0ba3
0b8e
0b65
0b20
0ac2
0a42
09a9
08fb
0841
0767
0678
057b
047a
0365
0246
011a
ffec
fec5
fda1
fc7f
fb66
fa5f
f965
f87f
f7a8
f6e4
f639
f5aa
f52f
f4ca
f47c
f453
f44d
f45d
f480
f4c1
f527
f5ad
f64d
f700
f7c0
f891
f979
fa79
fb89
fca0
fdb4
fec8
ffed
0118
023f
0359
046a
056a
065e
074d
082d
08f9
09ac
0a42
0ab9
0b19
0b62
0b93
0ba0
0b8b
0b62
0b1d
0abf
0a40
09a6
08f9
083e
0765
0675
0579
0477
0362
0243
0117
ffe9
fec3
fda0
fc7e
fb66
fa60
f967
f881
f7aa
f6e7
f63c
f5ae
f532
f4cd
f47f
f455
f450
f460
f483
f4c4
f52b
f5b1
f651
f704
f7c3
f893
f97a
fa7a
fb8a
fca0
fdb3
fec8
ffec
0117
023d
0357
0469
0569
065e
074c
082c
08f9
09ac
0a42
0ab8
0b19
0b62
0b93
0ba0
0b8b
0b62
0b1d
0abe
0a3f
09a6
08fa
083f
0766
0678
057c
047b
0367
0249
011e
fff1
feca
fda7
fc85
fb6c
fa65
f96a
f884
f7ab
f6e6
f63a
f5aa
f52e
f4c8
f47a
f450
f44a
f45a
f47e
f4bf
f526
f5ad
f64e
f702
f7c2
f894
f97c
fa7d
fb8d
fca4
fdb8
fecc
ffef
0119
023f
0358
0469
0568
065c
0749
0828
08f4
09a7
0a3d
0ab4
0b14
0b5e
0b8f
0b9d
0b89
0b61
0b1d
0abf
0a41
09a8
08fb
0841
0769
067a
057e
047d
0369
0249
011d
ffef
fec7
fda4
fc81
fb68
fa60
f966
f880
f7a8
f6e4
f639
f5aa
f52e
f4c9
f47b
f451
f44c
f45b
f47f
f4c0
f527
f5ae
f64f
f703
f7c3
f895
f97d
fa7e
fb8f
fca6
fdba
fece
fff3
011e
0245
035e
046f
056f
0663
0750
0830
08fb
09ae
0a44
0aba
0b1b
0b65
0b96
0ba3
0b8e
0b65
0b20
0ac2
0a42
09a9
08fb
0841
0767
0678
057b
047a
0365
0246
011a
ffec
fec5
fda1
fc7f
fb66
fa5f
f965
f87f
f7a8
f6e4
f639
f5aa
f52f
f4ca
f47c
f453
f44d
f45d
f480
f4c1
f527
f5ad
f64d
f700
f7c0
f891
f979
fa79
fb89
fca0
fdb4
fec8
ffed
0118
023f
0359
046a
056a
065e
074d
082d
08f9
09ac
0a42
0ab9
0b19
0b62
0b93
0ba0
0b8b
0b62
0b1d
0abf
0a40
09a6
08f9
083e
0765
0675
0579
0477
0362
0243
0117
ffe9
fec3
fda0
fc7e
fb66
fa60
f967
f881
f7aa
f6e7
f63c
f5ae
f532
f4cd
f47f
f455
f450
f460
f483
f4c4
f52b
f5b1
f651
f704
f7c3
f893
f97a
fa7a
fb8a
fca0
fdb3
fec8
ffec
0117
023d
0357
0469
0569
065e
074c
082c
08f9
09ac
0a42
0ab8
0b19
0b62
0b93
0ba0
0b8b
0b62
0b1d
0abe
0a3f
09a6
08fa
083f
0766
0678
057c
047b
0367
0249
011e
fff1
feca
fda7
fc85
fb6c
fa65
f96a
f884
f7ab
f6e6
f63a
f5aa
f52e
f4c8
f47a
f450
f44a
f45a
f47e
f4bf
f526
f5ad
f64e
f702
f7c2
f894
f97c
fa7d
fb8d
fca4
fdb8
fecc
ffef
0119
023f
0358
0469
0568
065c
0749
0828
08f4
09a7
0a3d
0ab4
0b14
0b5e
0b8f
0b9d
0b89
0b61
0b1d
0abf
0a41
09a8
08fb
0841
0769
067a
057e
047d
0369
0249
011d
ffef
fec7
fda4
fc81
fb68
fa60
f966
f880
f7a8
f6e4
f639
f5aa
f52e
f4c9
f47b
f451
f44c
f45b
f47f
f4c0
f527
f5ae
f64f
f703
f7c3
f895
f97d
fa7e
fb8f
fca6
fdba
fece
fff3
011e
0245
035e
046f
056f
0663
0750
0830
08fb
09ae
0a44
0aba
0b1b
0b65
0b96
0ba3
0b8e
0b65
0b20
0ac2
0a42
09a9
08fb
0841
0767
0678
057b
047a
0365
0246
011a
ffec
fec5
fda1
fc7f
fb66
fa5f
f965
f87f
f7a8
f6e4
f639
f5aa
f52f
f4ca
f47c
f453
f44d
f45d
f480
f4c1
f527
f5ad
f64d
f700
f7c0
f891
f979
fa79
fb89
fca0
fdb4
fec8
ffed
0118
023f
0359
046a
056a
065e
074d
082d
08f9
09ac
0a42
0ab9
0b19
0b62
0b93
0ba0
0b8b
0b62
0b1d
0abf
0a40
09a6
08f9
083e
0765
0675
0579
0477
0362
0243
0117
ffe9
fec3
fda0
fc7e
fb66
fa60
f967
f881
f7aa
f6e7
f63c
f5ae
f532
f4cd
f47f
f455
f450
f460
f483
f4c4
f52b
f5b1
f651
f704
f7c3
f893
f97a
fa7a
fb8a
fca0
fdb3
fec8
ffec
0117
023d
0357
0469
0569
065e
074c
082c
08f9
09ac
0a42
0ab8
0b19
0b62
0b93
0ba0
0b8b
0b62
0b1d
0abe
0a3f
09a6
08fa
083f
0766
0678
057c
047b
0367
0249
011e
fff1
feca
fda7
fc85
fb6c
fa65
f96a
f884
f7ab
f6e6
f63a
f5aa
f52e
f4c8
f47a
f450
f44a
f45a
f47e
f4bf
f526
f5ad
f64e
f702
f7c2
f894
f97c
fa7d
fb8d
fca4
fdb8
fecc
ffef
0119
023f
0358
0469
0568
065c
0749
0828
08f4
09a7
0a3d
0ab4
0b14
0b5e
0b8f
0b9d
0b89
0b61
0b1d
0abf
0a41
09a8
08fb
0841
0769
067a
057e
047d
0369
0249
011d
ffef
fec7
fda4
fc81
fb68
fa60
f966
f880
f7a8
f6e4
f639
f5aa
f52e
f4c9
f47b
f451
f44c
f45b
f47f
f4c0
f527
f5ae
f64f
f703
f7c3
f895
f97d
fa7e
fb8f
fca6
fdba
fece
fff3
011e
0245
035e
046f
056f
0663
0750
0830
08fb
09ae
0a44
0aba
0b1b
0b65
0b96
0ba3
0b8e
0b65
0b20
0ac2
0a42
09a9
08fb
0841
0767
0678
057b
047a
0365
0246
011a
ffec
fec5
fda1
fc7f
fb66
fa5f
f965
f87f
f7a8
f6e4
f639
f5aa
f52f
f4ca
f47c
f453
f44d
f45d
f480
f4c1
f527
f5ad
f64d
f700
f7c0
f891
f979
fa79
fb89
fca0
fdb4
fec8
ffed
0118
023f
0359
046a
056a
065e
074d
082d
08f9
09ac
0a42
0ab9
0b19
0b62
0b93
0ba0
0b8b
0b62
0b1d
0abf
0a40
09a6
08f9
083e
0765
0675
0579
0477
0362
0243
0117
ffe9
fec3
fda0
fc7e
fb66
fa60
f967
f881
f7aa
f6e7
f63c
f5ae
f532
f4cd
f47f
f455
f450
f460
f483
f4c4
f52b
f5b1
f651
f704
f7c3
f893
f97a
fa7a
fb8a
fca0
fdb3
fec8
ffec
0117
023d
0357
0469
0569
065e
074c
082c
08f9
09ac
0a42
0ab8
0b19
0b62
0b93
0ba0
0b8b
0b62
0b1d
0abe
0a3f
09a6
08fa
083f
0766
0678
057c
047b
0367
0249
011e
fff1
feca
fda7
fc85
fb6c
fa65
f96a
f884
f7ab
f6e6
f63a
f5aa
f52e
f4c8
f47a
f450
f44a
f45a
f47e
f4bf
f526
f5ad
f64e
f702
f7c2
f894
f97c
fa7d
fb8d
fca4
fdb8
fecc
ffef
0119
023f
0358
0469
0568
065c
0749
0828
08f4
09a7
0a3d
0ab4
0b14
0b5e
0b8f
0b9d
0b89
0b61
0b1d
0abf
0a41
09a8
08fb
0841
0769
067a
057e
047d
0369
0249
011d
ffef
fec7
fda4
fc81
fb68
fa60
f966
f880
f7a8
f6e4
f639
f5aa
f52e
f4c9
f47b
f451
f44c
f45b
f47f
f4c0
f527
f5ae
f64f
f703
f7c3
f895
f97d
fa7e
fb8f
fca6
fdba
fece
fff3
011e
0245
035e
046f
056f
0663
0750
0830
08fb
09ae
0a44
0aba
0b1b
0b65
0b96
0ba3
0b8e
0b65
0b20
0ac2
0a42
09a9
08fb
0841
0767
0678
057b
047a
0365
0246
011a
ffec
fec5
fda1
fc7f
fb66
fa5f
f965
f87f
f7a8
f6e4
f639
f5aa
f52f
f4ca
f47c
f453
f44d
f45d
f480
f4c1
f527
f5ad
f64d
f700
f7c0
f891
f979
fa79
fb89
fca0
fdb4
fec8
ffed
0118
023f
0359
046a
056a
065e
074d
082d
08f9
09ac
0a42
0ab9
0b19
0b62
0b93
0ba0
0b8b
0b62
0b1d
0abf
0a40
09a6
08f9
083e
0765
0675
0579
0477
0362
0243
0117
ffe9
fec3
fda0
fc7e
fb66
fa60
f967
f881
f7aa
f6e7
f63c
f5ae
f532
f4cd
f47f
f455
f450
f460
f483
f4c4
f52b
f5b1
f651
f704
f7c3
f893
f97a
fa7a
fb8a
fca0
fdb3
fec8
ffec
0117
023d
0357
0469
0569
065e
074c
082c
08f9
09ac
0a42
0ab8
0b19
0b62
0b93
0ba0
0b8b
0b62
0b1d
0abe
0a3f
09a6
08fa
083f
0766
0678
057c
047b
0367
0249
011e
fff1
feca
fda7
fc85
fb6c
fa65
f96a
f884
f7ab
f6e6
f63a
f5aa
f52e
f4c8
f47a
f450
f44a
f45a
f47e
f4bf
f526
f5ad
f64e
f702
f7c2
f894
f97c
fa7d
fb8d
fca4
fdb8
fecc
ffef
0119
023f
0358
0469
0568
065c
0749
0828
08f4
09a7
0a3d
0ab4
0b14
0b5e
0b8f
0b9d
0b89
0b61
0b1d
0abf
0a41
09a8
08fb
0841
0769
067a
057e
047d
0369
0249
011d
ffef
fec7
fda4
fc81
fb68
fa60
f966
f880
f7a8
f6e4
f639
f5aa
f52e
f4c9
f47b
f451
f44c
f45b
f47f
f4c0
f527
f5ae
f64f
f703
f7c3
f895
f97d
fa7e
fb8f
fca6
fdba
fece
fff3
011e
0245
035e
046f
056f
0663
0750
0830
08fb
09ae
0a44
0aba
0b1b
0b65
0b96
0ba3
0b8e
0b65
0b20
0ac2
0a42
09a9
08fb
0841
0767
0678
057b
047a
0365
0246
011a
ffec
fec5
fda1
fc7f
fb66
fa5f
f965
f87f
f7a8
f6e4
f639
f5aa
f52f
f4ca
f47c
f453
f44d
f45d
f480
f4c1
f527
f5ad
f64d
f700
f7c0
f891
f979
fa79
fb89
fca0
fdb4
fec8
ffed
0118
023f
0359
046a
056a
065e
074d
082d
08f9
09ac
0a42
0ab9
0b19
0b62
0b93
0ba0
0b8b
0b62
0b1d
0abf
0a40
09a6
08f9
083e
0765
0675
0579
0477
0362
0243
0117
ffe9
fec3
fda0
fc7e
fb66
fa60
f967
f881
f7aa
f6e7
f63c
f5ae
f532
f4cd
f47f
f455
f450
f460
f483
f4c4
f52b
f5b1
f651
f704
f7c3
f893
f97a
fa7a
fb8a
fca0
fdb3
fec8
ffec
0117
023d
0357
0469
0569
065e
074c
082c
08f9
09ac
0a42
0ab8
0b19
0b62
0b93
0ba0
0b8b
0b62
0b1d
0abe
0a3f
09a6
08fa
083f
0766
0678
057c
047b
0367
0249
011e
fff1
feca
fda7
fc85
fb6c
fa65
f96a
f884
f7ab
f6e6
f63a
f5aa
f52e
f4c8
f47a
f450
f44a
f45a
f47e
f4bf
f526
f5ad
f64e
f702
f7c2
f894
f97c
fa7d
fb8d
fca4
fdb8
fecc
ffef
0119
023f
0358
0469
0568
065c
0749
0828
08f4
09a7
0a3d
0ab4
0b14
0b5e
0b8f
0b9d
0b89
0b61
0b1d
0abf
0a41
09a8
08fb
0841
0769
067a
057e
047d
0369
0249
011d
ffef
fec7
fda4
fc81
fb68
fa60
f966
f880
f7a8
f6e4
f639
f5aa
f52e
f4c9
f47b
f451
f44c
f45b
f47f
f4c0
f527
f5ae
f64f
f703
f7c3
f895
f97d
fa7e
fb8f
fca6
fdba
fece
fff3
011e
0245
035e
046f
056f
0663
0750
0830
08fb
09ae
0a44
0aba
0b1b
0b65
0b96
0ba3
0b8e
0b65
0b20
0ac2
0a42
09a9
08fb
0841
0767
0678
057b
047a
0365
0246
011a
ffec
fec5
fda1
fc7f
fb66
fa5f
f965
f87f
f7a8
f6e4
f639
f5aa
f52f
f4ca
f47c
f453
f44d
f45d
f480
f4c1
f527
f5ad
f64d
f700
f7c0
f891
f979
fa79
fb89
fca0
fdb4
fec8
ffed
0118
023f
0359
046a
056a
065e
074d
082d
08f9
09ac
0a42
0ab9
0b19
0b62
0b93
0ba0
0b8b
0b62
0b1d
0abf
0a40
09a6
08f9
083e
0765
0675
0579
0477
0362
0243
0117
ffe9
fec3
fda0
fc7e
fb66
fa60
f967
f881
f7aa
f6e7
f63c
f5ae
f532
f4cd
f47f
f455
f450
f460
f483
f4c4
f52b
f5b1
f651
f704
f7c3
f893
f97a
fa7a
fb8a
fca0
fdb3
fec8
ffec
0117
023d
0357
0469
0569
065e
074c
082c
08f9
09ac
0a42
0ab8
0b19
0b62
0b93
0ba0
0b8b
0b62
0b1d
0abe
0a3f
09a6
08fa
083f
0766
0678
057c
047b
0367
0249
011e
fff1
feca
fda7
fc85
fb6c
fa65
f96a
f884
f7ab
f6e6
f63a
f5aa
f52e
f4c8
f47a
f450
f44a
f45a
f47e
f4bf
f526
f5ad
f64e
f702
f7c2
f894
f97c
fa7d
fb8d
fca4
fdb8
fecc
ffef
0119
023f
0358
0469
0568
065c
0749
0828
08f4
09a7
0a3d
0ab4
0b14
0b5e
0b8f
0b9d
0b89
0b61
0b1d
0abf
0a41
09a8
08fb
0841
0769
067a
057e
047d
0369
0249
011d
ffef
fec7
fda4
fc81
fb68
fa60
f966
f880
f7a8
f6e4
f639
f5aa
f52e
f4c9
f47b
f451
f44c
f45b
f47f
f4c0
f527
f5ae
f64f
f703
f7c3
f895
f97d
fa7e
fb8f
fca6
fdba
fece
fff3
011e
0245
035e
046f
056f
0663
0750
0830
08fb
09ae
0a44
0aba
0b1b
0b65
0b96
0ba3
0b8e
0b65
0b20
0ac2
0a42
09a9
08fb
0841
0767
0678
057b
047a
0365
0246
011a
ffec
fec5
fda1
fc7f
fb66
fa5f
f965
f87f
f7a8
f6e4
f639
f5aa
f52f
f4ca
f47c
f453
f44d
f45d
f480
f4c1
f527
f5ad
f64d
f700
f7c0
f891
f979
fa79
fb89
fca0
fdb4
fec8
ffed
0118
023f
0359
046a
056a
065e
074d
082d
08f9
09ac
0a42
0ab9
0b19
0b62
0b93
0ba0
0b8b
0b62
0b1d
0abf
0a40
09a6
08f9
083e
0765
0675
0579
0477
0362
0243
0117
ffe9
fec3
fda0
fc7e
fb66
fa60
f967
f881
f7aa
f6e7
f63c
f5ae
f532
f4cd
f47f
f455
f450
f460
f483
f4c4
f52b
f5b1
f651
f704
f7c3
f893
f97a
fa7a
fb8a
fca0
fdb3
fec8
ffec
0117
023d
0357
0469
0569
065e
074c
082c
08f9
09ac
0a42
0ab8
0b19
0b62
0b93
0ba0
0b8b
0b62
0b1d
0abe
0a3f
09a6
08fa
083f
0766
0678
057c
047b
0367
0249
011e
fff1
feca
fda7
fc85
fb6c
fa65
f96a
f884
f7ab
f6e6
f63a
f5aa
f52e
f4c8
f47a
f450
f44a
f45a
f47e
f4bf
f526
f5ad
f64e
f702
f7c2
f894
f97c
fa7d
fb8d
fca4
fdb8
fecc
ffef
0119
023f
0358
0469
0568
065c
0749
0828
08f4
09a7
0a3d
0ab4
0b14
0b5e
07b5
07be
07b1
0796
0768
072a
06d6
0670
05fd
0581
04f0
0451
03a9
02fe
0246
0186
00be
fff4
ff2f
fe6d
fdab
fcf0
fc40
fb99
fb00
fa70
f9ed
f97b
f91c
f8c9
f886
f852
f836
f832
f83d
f855
f880
f8c5
f91f
f98a
fa02
fa82
fb0e
fba9
fc54
fd0a
fdc4
fe7c
ff34
fff7
00bf
0183
023f
02f5
039f
0442
04e0
0575
05fd
0674
06d8
0727
0767
0798
07b9
07c2
07b4
0799
076b
072c
06d7
0671
05fd
0580
04ef
0450
03a7
02fc
0243
0184
00bc
fff2
ff2e
fe6b
fdaa
fcee
fc3f
fb99
faff
fa70
f9ed
f97b
f91c
f8ca
f886
f853
f837
f833
f83e
f855
f880
f8c4
f91e
f989
fa00
fa80
fb0b
fba6
fc51
fd06
fdc0
fe78
ff30
fff3
00bb
017f
023b
02f1
039c
043f
04de
0573
05fb
0673
06d7
0726
0766
0797
07b7
07c0
07b2
0797
0769
072a
06d5
066f
05fb
057f
04ee
044e
03a6
02fa
0241
0182
00ba
fff1
ff2c
fe6b
fda9
fcef
fc40
fb9a
fb01
fa71
f9ef
f97d
f91e
f8cc
f888
f854
f839
f835
f840
f857
f883
f8c7
f921
f98b
fa02
fa82
fb0d
fba6
fc51
fd06
fdc0
fe77
ff30
fff3
00ba
017e
023a
02f0
039b
043f
04dd
0573
05fb
0673
06d7
0725
0766
0796
07b7
07c0
07b2
0797
0768
0729
06d5
066f
05fc
057f
04ef
0450
03a8
02fd
0245
0186
00bf
fff6
ff31
fe6f
fdae
fcf3
fc43
fb9c
fb02
fa72
f9ef
f97c
f91c
f8c9
f885
f851
f835
f831
f83c
f854
f87f
f8c4
f91e
f989
fa01
fa81
fb0d
fba8
fc53
fd09
fdc3
fe7a
ff32
fff5
00bb
017f
023b
02f0
039b
043d
04db
0570
05f8
066f
06d3
0722
0763
0794
07b5
07be
07b1
0796
0768
072a
06d6
0670
05fd
0581
04f0
0451
03a9
02fe
0246
0186
00be
fff4
ff2f
fe6d
fdab
fcf0
fc40
fb99
fb00
fa70
f9ed
f97b
f91c
f8c9
f886
f852
f836
f832
f83d
f855
f880
f8c5
f91f
f98a
fa02
fa82
fb0e
fba9
fc54
fd0a
fdc4
fe7c
ff34
fff7
00bf
0183
023f
02f5
039f
0442
04e0
0575
05fd
0674
06d8
0727
0767
0798
07b9
07c2
07b4
0799
076b
072c
06d7
0671
05fd
0580
04ef
0450
03a7
02fc
0243
0184
00bc
fff2
ff2e
fe6b
fdaa
fcee
fc3f
fb99
faff
fa70
f9ed
f97b
f91c
f8ca
f886
f853
f837
f833
f83e
f855
f880
f8c4
f91e
f989
fa00
fa80
fb0b
fba6
fc51
fd06
fdc0
fe78
ff30
fff3
00bb
017f
023b
02f1
039c
043f
04de
0573
05fb
0673
06d7
0726
0766
0797
07b7
07c0
07b2
0797
0769
072a
06d5
066f
05fb
057f
04ee
044e
03a6
02fa
0241
0182
00ba
fff1
ff2c
fe6b
fda9
fcef
fc40
fb9a
fb01
fa71
f9ef
f97d
f91e
f8cc
f888
f854
f839
f835
f840
f857
f883
f8c7
f921
f98b
fa02
fa82
fb0d
fba6
fc51
fd06
fdc0
fe77
ff30
fff3
00ba
017e
023a
02f0
039b
043f
04dd
0573
05fb
0673
06d7
0725
0766
0796
07b7
07c0
07b2
0797
0768
0729
06d5
066f
05fc
057f
04ef
0450
03a8
02fd
0245
0186
00bf
fff6
ff31
fe6f
fdae
fcf3
fc43
fb9c
fb02
fa72
f9ef
f97c
f91c
f8c9
f885
f851
f835
f831
f83c
f854
f87f
f8c4
f91e
f989
fa01
fa81
fb0d
fba8
fc53
fd09
fdc3
fe7a
ff32
fff5
00bb
017f
023b
02f0
039b
043d
04db
0570
05f8
066f
06d3
0722
0763
0794
07b5
07be
07b1
0796
0768
072a
06d6
0670
05fd
0581
04f0
0451
03a9
02fe
0246
0186
00be
fff4
ff2f
fe6d
fdab
fcf0
fc40
fb99
fb00
fa70
f9ed
f97b
f91c
f8c9
f886
f852
f836
f832
f83d
f855
f880
f8c5
f91f
f98a
fa02
fa82
fb0e
fba9
fc54
fd0a
fdc4
fe7c
ff34
fff7
00bf
0183
023f
02f5
039f
0442
04e0
0575
05fd
0674
06d8
0727
0767
0798
07b9
07c2
07b4
0799
076b
072c
06d7
0671
05fd
0580
04ef
0450
03a7
02fc
0243
0184
00bc
fff2
ff2e
fe6b
fdaa
fcee
fc3f
fb99
faff
fa70
f9ed
f97b
f91c
f8ca
f886
f853
f837
f833
f83e
f855
f880
f8c4
f91e
f989
fa00
fa80
fb0b
fba6
fc51
fd06
fdc0
fe78
ff30
fff3
00bb
017f
023b
02f1
039c
043f
04de
0573
05fb
0673
06d7
0726
0766
0797
07b7
07c0
07b2
0797
0769
072a
06d5
066f
05fb
057f
04ee
044e
03a6
02fa
0241
0182
00ba
fff1
ff2c
fe6b
fda9
fcef
fc40
fb9a
fb01
fa71
f9ef
f97d
f91e
f8cc
f888
f854
f839
f835
f840
f857
f883
f8c7
f921
f98b
fa02
fa82
fb0d
fba6
fc51
fd06
fdc0
fe77
ff30
fff3
00ba
017e
023a
02f0
039b
043f
04dd
0573
05fb
0673
06d7
0725
0766
0796
07b7
07c0
07b2
0797
0768
0729
06d5
066f
05fc
057f
04ef
0450
03a8
02fd
0245
0186
00bf
fff6
ff31
fe6f
fdae
fcf3
fc43
fb9c
fb02
fa72
f9ef
f97c
f91c
f8c9
f885
f851
f835
f831
f83c
f854
f87f
f8c4
f91e
f989
fa01
fa81
fb0d
fba8
fc53
fd09
fdc3
fe7a
ff32
fff5
00bb
017f
023b
02f0
039b
043d
04db
0570
05f8
066f
06d3
0722
0763
0794
07b5
07be
07b1
0796
0768
072a
06d6
0670
05fd
0581
04f0
0451
03a9
02fe
0246
0186
00be
fff4
ff2f
fe6d
fdab
fcf0
fc40
fb99
fb00
fa70
f9ed
f97b
f91c
f8c9
f886
f852
f836
f832
f83d
f855
f880
f8c5
f91f
f98a
fa02
fa82
fb0e
fba9
fc54
fd0a
fdc4
fe7c
ff34
fff7
00bf
0183
023f
02f5
039f
0442
04e0
0575
05fd
0674
06d8
0727
0767
0798
07b9
07c2
07b4
0799
076b
072c
06d7
0671
05fd
0580
04ef
0450
03a7
02fc
0243
0184
00bc
fff2
ff2e
fe6b
fdaa
fcee
fc3f
fb99
faff
fa70
f9ed
f97b
f91c
f8ca
f886
f853
f837
f833
f83e
f855
f880
f8c4
f91e
f989
fa00
fa80
fb0b
fba6
fc51
fd06
fdc0
fe78
ff30
fff3
00bb
017f
023b
02f1
039c
043f
04de
0573
05fb
0673
06d7
0726
0766
0797
07b7
07c0
07b2
0797
0769
072a
06d5
066f
05fb
057f
04ee
044e
03a6
02fa
0241
0182
00ba
fff1
ff2c
fe6b
fda9
fcef
fc40
fb9a
fb01
fa71
f9ef
f97d
f91e
f8cc
f888
f854
f839
f835
f840
f857
f883
f8c7
f921
f98b
fa02
fa82
fb0d
fba6
fc51
fd06
fdc0
fe77
ff30
fff3
00ba
017e
023a
02f0
039b
043f
04dd
0573
05fb
0673
06d7
0725
0766
0796
07b7
07c0
07b2
0797
0768
0729
06d5
066f
05fc
057f
04ef
0450
03a8
02fd
0245
0186
00bf
fff6
ff31
fe6f
fdae
fcf3
fc43
fb9c
fb02
fa72
f9ef
f97c
f91c
f8c9
f885
f851
f835
f831
f83c
f854
f87f
f8c4
f91e
f989
fa01
fa81
fb0d
fba8
fc53
fd09
fdc3
fe7a
ff32
fff5
00bb
017f
023b
02f0
039b
043d
04db
0570
05f8
066f
06d3
0722
0763
0794
07b5
07be
07b1
0796
0768
072a
06d6
0670
05fd
0581
04f0
0451
03a9
02fe
0246
0186
00be
fff4
ff2f
fe6d
fdab
fcf0
fc40
fb99
fb00
fa70
f9ed
f97b
f91c
f8c9
f886
f852
f836
f832
f83d
f855
f880
f8c5
f91f
f98a
fa02
fa82
fb0e
fba9
fc54
fd0a
fdc4
fe7c
ff34
fff7
00bf
0183
023f
02f5
039f
0442
04e0
0575
05fd
0674
06d8
0727
0767
0798
07b9
07c2
07b4
0799
076b
072c
06d7
0671
05fd
0580
04ef
0450
03a7
02fc
0243
0184
00bc
fff2
ff2e
fe6b
fdaa
fcee
fc3f
fb99
faff
fa70
f9ed
f97b
f91c
f8ca
f886
f853
f837
f833
f83e
f855
f880
f8c4
f91e
f989
fa00
fa80
fb0b
fba6
fc51
fd06
fdc0
fe78
ff30
fff3
00bb
017f
023b
02f1
039c
043f
04de
0573
05fb
0673
06d7
0726
0766
0797
07b7
07c0
07b2
0797
0769
072a
06d5
066f
05fb
057f
04ee
044e
03a6
02fa
0241
0182
00ba
fff1
ff2c
fe6b
fda9
fcef
fc40
fb9a
fb01
fa71
f9ef
f97d
f91e
f8cc
f888
f854
f839
f835
f840
f857
f883
f8c7
f921
f98b
fa02
fa82
fb0d
fba6
fc51
fd06
fdc0
fe77
ff30
fff3
00ba
017e
023a
02f0
039b
043f
04dd
0573
05fb
0673
06d7
0725
0766
0796
07b7
07c0
07b2
0797
0768
0729
06d5
066f
05fc
057f
04ef
0450
03a8
02fd
0245
0186
00bf
fff6
ff31
fe6f
fdae
fcf3
fc43
fb9c
fb02
fa72
f9ef
f97c
f91c
f8c9
f885
f851
f835
f831
f83c
f854
f87f
f8c4
f91e
f989
fa01
fa81
fb0d
fba8
fc53
fd09
fdc3
fe7a
ff32
fff5
00bb
017f
023b
02f0
039b
043d
04db
0570
05f8
066f
06d3
0722
0763
0794
07b5
07be
07b1
0796
0768
072a
06d6
0670
05fd
0581
04f0
0451
03a9
02fe
0246
0186
00be
fff4
ff2f
fe6d
fdab
fcf0
fc40
fb99
fb00
fa70
f9ed
f97b
f91c
f8c9
f886
f852
f836
f832
f83d
f855
f880
f8c5
f91f
f98a
fa02
fa82
fb0e
fba9
fc54
fd0a
fdc4
fe7c
ff34
fff7
00bf
0183
023f
02f5
039f
0442
04e0
0575
05fd
0674
06d8
0727
0767
0798
07b9
07c2
07b4
0799
076b
072c
06d7
0671
05fd
0580
04ef
0450
03a7
02fc
0243
0184
00bc
fff2
ff2e
fe6b
fdaa
fcee
fc3f
fb99
faff
fa70
f9ed
f97b
f91c
f8ca
f886
f853
f837
f833
f83e
f855
f880
f8c4
f91e
f989
fa00
fa80
fb0b
fba6
fc51
fd06
fdc0
fe78
ff30
fff3
00bb
017f
023b
02f1
039c
043f
04de
0573
05fb
0673
06d7
0726
0766
0797
07b7
07c0
07b2
0797
0769
072a
06d5
066f
05fb
057f
04ee
044e
03a6
02fa
0241
0182
00ba
fff1
ff2c
fe6b
fda9
fcef
fc40
fb9a
fb01
fa71
f9ef
f97d
f91e
f8cc
f888
f854
f839
f835
f840
f857
f883
f8c7
f921
f98b
fa02
fa82
fb0d
fba6
fc51
fd06
fdc0
fe77
ff30
fff3
00ba
017e
023a
02f0
039b
043f
04dd
0573
05fb
0673
06d7
0725
0766
0796
07b7
07c0
07b2
0797
0768
0729
06d5
066f
05fc
057f
04ef
0450
03a8
02fd
0245
0186
00bf
fff6
ff31
fe6f
fdae
fcf3
fc43
fb9c
fb02
fa72
f9ef
f97c
f91c
f8c9
f885
f851
f835
f831
f83c
f854
f87f
f8c4
f91e
f989
fa01
fa81
fb0d
fba8
fc53
fd09
fdc3
fe7a
ff32
fff5
00bb
017f
023b
02f0
039b
043d
04db
0570
05f8
066f
06d3
0722
0763
0794
07b5
07be
07b1
0796
0768
072a
06d6
0670
05fd
0581
04f0
0451
03a9
02fe
0246
0186
00be
fff4
ff2f
fe6d
fdab
fcf0
fc40
fb99
fb00
fa70
f9ed
f97b
f91c
f8c9
f886
f852
f836
f832
f83d
f855
f880
f8c5
f91f
f98a
fa02
fa82
fb0e
fba9
fc54
fd0a
fdc4
fe7c
ff34
fff7
00bf
0183
023f
02f5
039f
0442
04e0
0575
05fd
0674
06d8
0727
0767
0798
07b9
07c2
07b4
0799
076b
072c
06d7
0671
05fd
0580
04ef
0450
03a7
02fc
0243
0184
00bc
fff2
ff2e
fe6b
fdaa
fcee
fc3f
fb99
faff
fa70
f9ed
f97b
f91c
f8ca
f886
f853
f837
f833
f83e
f855
f880
f8c4
f91e
f989
fa00
fa80
fb0b
fba6
fc51
fd06
fdc0
fe78
ff30
fff3
00bb
017f
023b
02f1
039c
043f
04de
0573
05fb
0673
06d7
0726
0766
0797
07b7
07c0
07b2
0797
0769
072a
06d5
066f
05fb
057f
04ee
044e
03a6
02fa
0241
0182
00ba
fff1
ff2c
fe6b
fda9
fcef
fc40
fb9a
fb01
fa71
f9ef
f97d
f91e
f8cc
f888
f854
f839
f835
f840
f857
f883
f8c7
f921
f98b
fa02
fa82
fb0d
fba6
fc51
fd06
fdc0
fe77
ff30
fff3
00ba
017e
023a
02f0
039b
043f
04dd
0573
05fb
0673
06d7
0725
0766
0796
07b7
07c0
07b2
0797
0768
0729
06d5
066f
05fc
057f
04ef
0450
03a8
02fd
0245
0186
00bf
fff6
ff31
fe6f
fdae
fcf3
fc43
fb9c
fb02
fa72
f9ef
f97c
f91c
f8c9
f885
f851
f835
f831
f83c
f854
f87f
f8c4
f91e
f989
fa01
fa81
fb0d
fba8
fc53
fd09
fdc3
fe7a
ff32
fff5
00bb
017f
023b
02f0
039b
043d
04db
0570
05f8
066f
06d3
0722
0763
0794
07b5
07be
07b1
0796
0768
072a
06d6
0670
05fd
0581
04f0
0451
03a9
02fe
0246
0186
00be
fff4
ff2f
fe6d
fdab
fcf0
fc40
fb99
fb00
fa70
f9ed
f97b
f91c
f8c9
f886
f852
f836
f832
f83d
f855
f880
f8c5
f91f
f98a
fa02
fa82
fb0e
fba9
fc54
fd0a
fdc4
fe7c
ff34
fff7
00bf
0183
023f
02f5
039f
0442
04e0
0575
05fd
0674
06d8
0727
0767
0798
07b9
07c2
07b4
0799
076b
072c
06d7
0671
05fd
0580
04ef
0450
03a7
02fc
0243
0184
00bc
fff2
ff2e
fe6b
fdaa
fcee
fc3f
fb99
faff
fa70
f9ed
f97b
f91c
f8ca
f886
f853
f837
f833
f83e
f855
f880
f8c4
f91e
f989
fa00
fa80
fb0b
fba6
fc51
fd06
fdc0
fe78
ff30
fff3
00bb
017f
023b
02f1
039c
043f
04de
0573
05fb
0673
06d7
0726
0766
0797
07b7
07c0
07b2
0797
0769
072a
06d5
066f
05fb
057f
04ee
044e
03a6
02fa
0241
0182
00ba
fff1
ff2c
fe6b
fda9
fcef
fc40
fb9a
fb01
fa71
f9ef
f97d
f91e
f8cc
f888
f854
f839
f835
f840
f857
f883
f8c7
f921
f98b
fa02
fa82
fb0d
fba6
fc51
fd06
fdc0
fe77
ff30
fff3
00ba
017e
023a
02f0
039b
043f
04dd
0573
05fb
0673
06d7
0725
0766
0796
07b7
07c0
07b2
0797
0768
0729
06d5
066f
05fc
057f
04ef
0450
03a8
02fd
0245
0186
00bf
fff6
ff31
fe6f
fdae
fcf3
fc43
fb9c
fb02
fa72
f9ef
f97c
f91c
f8c9
f885
f851
f835
f831
f83c
f854
f87f
f8c4
f91e
f989
fa01
fa81
fb0d
fba8
fc53
fd09
fdc3
fe7a
ff32
fff5
00bb
017f
023b
02f0
039b
043d
04db
0570
05f8
066f
06d3
0722
0763
0794
07b5
07be
07b1
0796
0768
072a
06d6
0670
05fd
0581
04f0
0451
03a9
02fe
0246
0186
00be
fff4
ff2f
fe6d
fdab
fcf0
fc40
fb99
fb00
fa70
f9ed
f97b
f91c
f8c9
f886
f852
f836
f832
f83d
f855
f880
f8c5
f91f
f98a
fa02
fa82
fb0e
fba9
fc54
fd0a
fdc4
fe7c
ff34
fff7
00bf
0183
023f
02f5
039f
0442
04e0
0575
05fd
0674
06d8
0727
0767
0798
07b9
07c2
07b4
0799
076b
072c
06d7
0671
05fd
0580
04ef
0450
03a7
02fc
0243
0184
00bc
fff2
ff2e
fe6b
fdaa
fcee
fc3f
fb99
faff
fa70
f9ed
f97b
f91c
f8ca
f886
f853
f837
f833
f83e
f855
f880
f8c4
f91e
f989
fa00
fa80
fb0b
fba6
fc51
fd06
fdc0
fe78
ff30
fff3
00bb
017f
023b
02f1
039c
043f
04de
0573
05fb
0673
06d7
0726
0766
0797
07b7
07c0
07b2
0797
0769
072a
06d5
066f
05fb
057f
04ee
044e
03a6
02fa
0241
0182
00ba
fff1
ff2c
fe6b
fda9
fcef
fc40
fb9a
fb01
fa71
f9ef
f97d
f91e
f8cc
f888
f854
f839
f835
f840
f857
f883
f8c7
f921
f98b
fa02
fa82
fb0d
fba6
fc51
fd06
fdc0
fe77
ff30
fff3
00ba
017e
023a
02f0
039b
043f
04dd
0573
05fb
0673
06d7
0725
0766
0796
07b7
07c0
07b2
0797
0768
0729
06d5
066f
05fc
057f
04ef
0450
03a8
02fd
0245
0186
00bf
fff6
ff31
fe6f
fdae
fcf3
fc43
fb9c
fb02
fa72
f9ef
f97c
f91c
f8c9
f885
f851
f835
f831
f83c
f854
f87f
f8c4
f91e
f989
fa01
fa81
fb0d
fba8
fc53
fd09
fdc3
fe7a
ff32
fff5
00bb
017f
023b
02f0
039b
043d
04db
0570
05f8
066f
06d3
0722
0763
0794
07b5
07be
07b1
0796
0768
072a
06d6
0670
05fd
0581
04f0
0451
03a9
02fe
0246
0186
00be
fff4
ff2f
fe6d
fdab
fcf0
fc40
fb99
fb00
fa70
f9ed
f97b
f91c
f8c9
f886
f852
f836
f832
f83d
f855
f880
f8c5
f91f
f98a
fa02
fa82
fb0e
fba9
fc54
fd0a
fdc4
fe7c
ff34
fff7
00bf
0183
023f
02f5
039f
0442
04e0
0575
05fd
0674
06d8
0727
0767
0798
07b9
07c2
07b4
0799
076b
072c
06d7
0671
05fd
0580
04ef
0450
03a7
02fc
0243
0184
00bc
fff2
ff2e
fe6b
fdaa
fcee
fc3f
fb99
faff
fa70
f9ed
f97b
f91c
f8ca
f886
f853
f837
f833
f83e
f855
f880
f8c4
f91e
f989
fa00
fa80
fb0b
fba6
fc51
fd06
fdc0
fe78
ff30
fff3
00bb
017f
023b
02f1
039c
043f
04de
0573
05fb
0673
06d7
0726
0766
0797
07b7
07c0
07b2
0797
0769
072a
06d5
066f
05fb
057f
04ee
044e
03a6
02fa
0241
0182
00ba
fff1
ff2c
fe6b
fda9
fcef
fc40
fb9a
fb01
fa71
f9ef
f97d
f91e
f8cc
f888
f854
f839
f835
f840
f857
f883
f8c7
f921
f98b
fa02
fa82
fb0d
fba6
fc51
fd06
fdc0
fe77
ff30
fff3
00ba
017e
023a
02f0
039b
043f
04dd
0573
05fb
0673
06d7
0725
0766
0796
07b7
07c0
07b2
0797
0768
0729
06d5
066f
05fc
057f
04ef
0450
03a8
02fd
0245
0186
00bf
fff6
ff31
fe6f
fdae
fcf3
fc43
fb9c
fb02
fa72
f9ef
f97c
f91c
f8c9
f885
f851
f835
f831
f83c
f854
f87f
f8c4
f91e
f989
fa01
fa81
fb0d
fba8
fc53
fd09
fdc3
fe7a
ff32
fff5
00bb
017f
023b
02f0
039b
043d
04db
0570
05f8
066f
06d3
0722
0763
0794
07b5
07be
07b1
0796
0768
072a
06d6
0670
05fd
0581
04f0
0451
03a9
02fe
0246
0186
00be
fff4
ff2f
fe6d
fdab
fcf0
fc40
fb99
fb00
fa70
f9ed
f97b
f91c
f8c9
f886
f852
f836
f832
f83d
f855
f880
f8c5
f91f
f98a
fa02
fa82
fb0e
fba9
fc54
fd0a
fdc4
fe7c
ff34
fff7
00bf
0183
023f
02f5
039f
0442
04e0
0575
05fd
0674
06d8
0727
0767
0798
07b9
07c2
07b4
0799
076b
072c
06d7
0671
05fd
0580
04ef
0450
03a7
02fc
0243
0184
00bc
fff2
ff2e
fe6b
fdaa
fcee
fc3f
fb99
faff
fa70
f9ed
f97b
f91c
f8ca
f886
f853
f837
f833
f83e
f855
f880
f8c4
f91e
f989
fa00
fa80
fb0b
fba6
fc51
fd06
fdc0
fe78
ff30
fff3
00bb
017f
023b
02f1
039c
043f
04de
0573
05fb
0673
06d7
0726
0766
0797
07b7
07c0
07b2
0797
0769
072a
06d5
066f
05fb
057f
04ee
044e
03a6
02fa
0241
0182
00ba
fff1
ff2c
fe6b
fda9
fcef
fc40
fb9a
fb01
fa71
f9ef
f97d
f91e
f8cc
f888
f854
f839
f835
f840
f857
f883
f8c7
f921
f98b
fa02
fa82
fb0d
fba6
fc51
fd06
fdc0
fe77
ff30
fff3
00ba
017e
023a
02f0
039b
043f
04dd
0573
05fb
0673
06d7
0725
0766
0796
07b7
07c0
07b2
0797
0768
0729
06d5
066f
05fc
057f
04ef
0450
03a8
02fd
0245
0186
00bf
fff6
ff31
fe6f
fdae
fcf3
fc43
fb9c
fb02
fa72
f9ef
f97c
f91c
f8c9
f885
f851
f835
f831
f83c
f854
f87f
f8c4
f91e
f989
fa01
fa81
fb0d
fba8
fc53
fd09
fdc3
fe7a
ff32
fff5
00bb
017f
023b
02f0
039b
043d
04db
0570
05f8
066f
06d3
0722
0763
0794
07b5
07be
07b1
0796
0768
072a
06d6
0670
05fd
0581
04f0
0451
03a9
02fe
0246
0186
00be
fff4
ff2f
fe6d
fdab
fcf0
fc40
fb99
fb00
fa70
f9ed
f97b
f91c
f8c9
f886
f852
f836
f832
f83d
f855
f880
f8c5
f91f
f98a
fa02
fa82
fb0e
fba9
fc54
fd0a
fdc4
fe7c
ff34
fff7
00bf
0183
023f
02f5
039f
0442
04e0
0575
05fd
0674
06d8
0727
0767
0798
07b9
07c2
07b4
0799
076b
072c
06d7
0671
05fd
0580
04ef
0450
03a7
02fc
0243
0184
00bc
fff2
ff2e
fe6b
fdaa
fcee
fc3f
fb99
faff
fa70
f9ed
f97b
f91c
f8ca
f886
f853
f837
f833
f83e
f855
f880
f8c4
f91e
f989
fa00
fa80
fb0b
fba6
fc51
fd06
fdc0
fe78
ff30
fff3
00bb
017f
023b
02f1
039c
043f
04de
0573
05fb
0673
06d7
0726
0766
0797
07b7
07c0
07b2
0797
0769
072a
06d5
066f
05fb
057f
04ee
044e
03a6
02fa
0241
0182
00ba
fff1
ff2c
fe6b
fda9
fcef
fc40
fb9a
fb01
fa71
f9ef
f97d
f91e
f8cc
f888
f854
f839
f835
f840
f857
f883
f8c7
f921
f98b
fa02
fa82
fb0d
fba6
fc51
fd06
fdc0
fe77
ff30
fff3
00ba
017e
023a
02f0
039b
043f
04dd
0573
05fb
0673
06d7
0725
0766
0796
07b7
07c0
07b2
0797
0768
0729
06d5
066f
05fc
057f
04ef
0450
03a8
02fd
0245
0186
00bf
fff6
ff31
fe6f
fdae
fcf3
fc43
fb9c
fb02
fa72
f9ef
f97c
f91c
f8c9
f885
f851
f835
f831
f83c
f854
f87f
f8c4
f91e
f989
fa01
fa81
fb0d
fba8
fc53
fd09
fdc3
fe7a
ff32
fff5
00bb
017f
023b
02f0
039b
043d
04db
0570
05f8
066f
06d3
0722
0763
0794
07b5
07be
07b1
0796
0768
072a
06d6
0670
05fd
0581
04f0
0451
03a9
02fe
0246
0186
00be
fff4
ff2f
fe6d
fdab
fcf0
fc40
fb99
fb00
fa70
f9ed
f97b
f91c
f8c9
f886
f852
f836
f832
f83d
f855
f880
f8c5
f91f
f98a
fa02
fa82
fb0e
fba9
fc54
fd0a
fdc4
fe7c
ff34
fff7
00bf
0183
023f
02f5
039f
0442
04e0
0575
05fd
0674
06d8
0727
0767
0798
07b9
07c2
07b4
0799
076b
072c
06d7
0671
05fd
0580
04ef
0450
03a7
02fc
0243
0184
00bc
fff2
ff2e
fe6b
fdaa
fcee
fc3f
fb99
faff
fa70
f9ed
f97b
f91c
f8ca
f886
f853
f837
f833
f83e
f855
f880
f8c4
f91e
f989
fa00
fa80
fb0b
fba6
fc51
fd06
fdc0
fe78
ff30
fff3
00bb
017f
023b
02f1
039c
043f
04de
0573
05fb
0673
06d7
0726
0766
0797
07b7
07c0
07b2
0797
0769
072a
06d5
066f
05fb
057f
04ee
044e
03a6
02fa
0241
0182
00ba
fff1
ff2c
fe6b
fda9
fcef
fc40
fb9a
fb01
fa71
f9ef
f97d
f91e
f8cc
f888
f854
f839
f835
f840
f857
f883
f8c7
f921
f98b
fa02
fa82
fb0d
fba6
fc51
fd06
fdc0
fe77
ff30
fff3
00ba
017e
023a
02f0
039b
043f
04dd
0573
05fb
0673
06d7
0725
0766
0796
07b7
07c0
07b2
0797
0768
0729
06d5
066f
05fc
057f
04ef
0450
03a8
02fd
0245
0186
00bf
fff6
ff31
fe6f
fdae
fcf3
fc43
fb9c
fb02
fa72
f9ef
f97c
f91c
f8c9
f885
f851
f835
f831
f83c
f854
f87f
f8c4
f91e
f989
fa01
fa81
fb0d
fba8
fc53
fd09
fdc3
fe7a
ff32
fff5
00bb
017f
023b
02f0
039b
043d
04db
0570
05f8
066f
06d3
0722
0763
0794
07b5
07be
07b1
0796
0768
072a
06d6
0670
05fd
0581
04f0
0451
03a9
02fe
0246
0186
00be
fff4
ff2f
fe6d
fdab
fcf0
fc40
fb99
fb00
fa70
f9ed
f97b
f91c
f8c9
f886
f852
f836
f832
f83d
f855
f880
f8c5
f91f
f98a
fa02
fa82
fb0e
fba9
fc54
fd0a
fdc4
fe7c
ff34
fff7
00bf
0183
023f
02f5
039f
0442
04e0
0575
05fd
0674
06d8
0727
0767
0798
07b9
07c2
07b4
0799
076b
072c
06d7
0671
05fd
0580
04ef
0450
03a7
02fc
0243
0184
00bc
fff2
ff2e
fe6b
fdaa
fcee
fc3f
fb99
faff
fa70
f9ed
f97b
f91c
f8ca
f886
f853
f837
f833
f83e
f855
f880
f8c4
f91e
f989
fa00
fa80
fb0b
fba6
fc51
fd06
fdc0
fe78
ff30
fff3
00bb
017f
023b
02f1
039c
043f
04de
0573
05fb
0673
06d7
0726
0766
0797
07b7
07c0
07b2
0797
0769
072a
06d5
066f
05fb
057f
04ee
044e
03a6
02fa
0241
0182
00ba
fff1
ff2c
fe6b
fda9
fcef
fc40
fb9a
fb01
fa71
f9ef
f97d
f91e
f8cc
f888
f854
f839
f835
f840
f857
f883
f8c7
f921
f98b
fa02
fa82
fb0d
fba6
fc51
fd06
fdc0
fe77
ff30
fff3
00ba
017e
023a
02f0
039b
043f
04dd
0573
05fb
0673
06d7
0725
0766
0796
07b7
07c0
07b2
0797
0768
0729
06d5
066f
05fc
057f
04ef
0450
03a8
02fd
0245
0186
00bf
fff6
ff31
fe6f
fdae
fcf3
fc43
fb9c
fb02
fa72
f9ef
f97c
f91c
f8c9
f885
f851
f835
f831
f83c
f854
f87f
f8c4
f91e
f989
fa01
fa81
fb0d
fba8
fc53
fd09
fdc3
fe7a
ff32
fff5
00bb
017f
023b
02f0
039b
043d
04db
0570
05f8
066f
06d3
0722
0763
0794
07b5
07be
07b1
0796
0768
072a
06d6
0670
05fd
0581
04f0
0451
03a9
02fe
0246
0186
00be
fff4
ff2f
fe6d
fdab
fcf0
fc40
fb99
fb00
fa70
f9ed
f97b
f91c
f8c9
f886
f852
f836
f832
f83d
f855
f880
f8c5
f91f
f98a
fa02
fa82
fb0e
fba9
fc54
fd0a
fdc4
fe7c
ff34
fff7
00bf
0183
023f
02f5
039f
0442
04e0
0575
05fd
0674
06d8
0727
0767
0798
07b9
07c2
07b4
0799
076b
072c
06d7
0671
05fd
0580
04ef
0450
03a7
02fc
0243
0184
00bc
fff2
ff2e
fe6b
fdaa
fcee
fc3f
fb99
faff
fa70
f9ed
f97b
f91c
f8ca
f886
f853
f837
f833
f83e
f855
f880
f8c4
f91e
f989
fa00
fa80
fb0b
fba6
fc51
fd06
fdc0
fe78
ff30
fff3
00bb
017f
023b
02f1
039c
043f
04de
0573
05fb
0673
06d7
0726
0766
0797
07b7
07c0
07b2
0797
0769
072a
06d5
066f
05fb
057f
04ee
044e
03a6
02fa
0241
0182
00ba
fff1
ff2c
fe6b
fda9
fcef
fc40
fb9a
fb01
fa71
f9ef
f97d
f91e
f8cc
f888
f854
f839
f835
f840
f857
f883
f8c7
f921
f98b
fa02
fa82
fb0d
fba6
fc51
fd06
fdc0
fe77
ff30
fff3
00ba
017e
023a
02f0
039b
043f
04dd
0573
05fb
0673
06d7
0725
0766
0796
07b7
07c0
07b2
0797
0768
0729
06d5
066f
05fc
057f
04ef
0450
03a8
02fd
0245
0186
00bf
fff6
ff31
fe6f
fdae
fcf3
fc43
fb9c
fb02
fa72
f9ef
f97c
f91c
f8c9
f885
f851
f835
f831
f83c
f854
f87f
f8c4
f91e
f989
fa01
fa81
fb0d
fba8
fc53
fd09
fdc3
fe7a
ff32
fff5
00bb
017f
023b
02f0
039b
043d
04db
0570
05f8
066f
06d3
0722
0763
0794
07b5
07be
07b1
0796
0768
072a
06d6
0670
05fd
0581
04f0
0451
03a9
02fe
0246
0186
00be
fff4
ff2f
fe6d
fdab
fcf0
fc40
fb99
fb00
fa70
f9ed
f97b
f91c
f8c9
f886
f852
f836
f832
f83d
f855
f880
f8c5
f91f
f98a
fa02
fa82
fb0e
fba9
fc54
fd0a
fdc4
fe7c
ff34
fff7
00bf
0183
023f
02f5
039f
0442
04e0
0575
05fd
0674
06d8
0727
0767
0798
07b9
07c2
07b4
0799
076b
072c
06d7
0671
05fd
0580
04ef
0450
03a7
02fc
0243
0184
00bc
fff2
ff2e
fe6b
fdaa
fcee
fc3f
fb99
faff
fa70
f9ed
f97b
f91c
f8ca
f886
f853
f837
f833
f83e
f855
f880
f8c4
f91e
f989
fa00
fa80
fb0b
fba6
fc51
fd06
fdc0
fe78
ff30
fff3
00bb
017f
023b
02f1
039c
043f
04de
0573
05fb
0673
06d7
0726
0766
0797
07b7
07c0
07b2
0797
0769
072a
06d5
066f
05fb
057f
04ee
044e
03a6
02fa
0241
0182
00ba
fff1
ff2c
fe6b
fda9
fcef
fc40
fb9a
fb01
fa71
f9ef
f97d
f91e
f8cc
f888
f854
f839
f835
f840
f857
f883
f8c7
f921
f98b
fa02
fa82
fb0d
fba6
fc51
fd06
fdc0
fe77
ff30
fff3
00ba
017e
023a
02f0
039b
043f
04dd
0573
05fb
0673
06d7
0725
0766
0796
07b7
07c0
07b2
0797
0768
0729
06d5
066f
05fc
057f
04ef
0450
03a8
02fd
0245
0186
00bf
fff6
ff31
fe6f
fdae
fcf3
fc43
fb9c
fb02
fa72
f9ef
f97c
f91c
f8c9
f885
f851
f835
f831
f83c
f854
f87f
f8c4
f91e
f989
fa01
fa81
fb0d
fba8
fc53
fd09
fdc3
fe7a
ff32
fff5
00bb
017f
023b
02f0
039b
043d
04db
0570
05f8
066f
06d3
0722
0763
0794
07b5
07be
07b1
0796
0768
072a
06d6
0670
05fd
0581
04f0
0451
03a9
02fe
0246
0186
00be
fff4
ff2f
fe6d
fdab
fcf0
fc40
fb99
fb00
fa70
f9ed
f97b
f91c
f8c9
f886
f852
f836
f832
f83d
f855
f880
f8c5
f91f
f98a
fa02
fa82
fb0e
fba9
fc54
fd0a
fdc4
fe7c
ff34
fff7
00bf
0183
023f
02f5
039f
0442
04e0
0575
05fd
0674
06d8
0727
0767
0798
07b9
07c2
07b4
0799
076b
072c
06d7
0671
05fd
0580
04ef
0450
03a7
02fc
0243
0184
00bc
fff2
ff2e
fe6b
fdaa
fcee
fc3f
fb99
faff
fa70
f9ed
f97b
f91c
f8ca
f886
f853
f837
f833
f83e
f855
f880
f8c4
f91e
f989
fa00
fa80
fb0b
fba6
fc51
fd06
fdc0
fe78
ff30
fff3
00bb
017f
023b
02f1
039c
043f
04de
0573
05fb
0673
06d7
0726
0766
0797
07b7
07c0
07b2
0797
0769
072a
06d5
066f
05fb
057f
04ee
044e
03a6
02fa
0241
0182
00ba
fff1
ff2c
fe6b
fda9
fcef
fc40
fb9a
fb01
fa71
f9ef
f97d
f91e
f8cc
f888
f854
f839
f835
f840
f857
f883
f8c7
f921
f98b
fa02
fa82
fb0d
fba6
fc51
fd06
fdc0
fe77
ff30
fff3
00ba
017e
023a
02f0
039b
043f
04dd
0573
05fb
0673
06d7
0725
0766
0796
07b7
07c0
07b2
0797
0768
0729
06d5
066f
05fc
057f
04ef
0450
03a8
02fd
0245
0186
00bf
fff6
ff31
fe6f
fdae
fcf3
fc43
fb9c
fb02
fa72
f9ef
f97c
f91c
f8c9
f885
f851
f835
f831
f83c
f854
f87f
f8c4
f91e
f989
fa01
fa81
fb0d
fba8
fc53
fd09
fdc3
fe7a
ff32
fff5
00bb
017f
023b
02f0
039b
043d
04db
0570
05f8
066f
06d3
0722
0763
0794
07b5
07be
07b1
0796
0768
072a
06d6
0670
05fd
0581
04f0
0451
03a9
02fe
0246
0186
00be
fff4
ff2f
fe6d
fdab
fcf0
fc40
fb99
fb00
fa70
f9ed
f97b
f91c
f8c9
f886
f852
f836
f832
f83d
f855
f880
f8c5
f91f
f98a
fa02
fa82
fb0e
fba9
fc54
fd0a
fdc4
fe7c
ff34
fff7
00bf
0183
023f
02f5
039f
0442
04e0
0575
05fd
0674
06d8
0727
0767
0798
07b9
07c2
07b4
0799
076b
072c
06d7
0671
05fd
0580
04ef
0450
03a7
02fc
0243
0184
00bc
fff2
ff2e
fe6b
fdaa
fcee
fc3f
fb99
faff
fa70
f9ed
f97b
f91c
f8ca
f886
f853
f837
f833
f83e
f855
f880
f8c4
f91e
f989
fa00
fa80
fb0b
fba6
fc51
fd06
fdc0
fe78
ff30
fff3
00bb
017f
023b
02f1
039c
043f
04de
0573
05fb
0673
06d7
0726
0766
0797
07b7
07c0
07b2
0797
0769
072a
06d5
066f
05fb
057f
04ee
044e
03a6
02fa
0241
0182
00ba
fff1
ff2c
fe6b
fda9
fcef
fc40
fb9a
fb01
fa71
f9ef
f97d
f91e
f8cc
f888
f854
f839
f835
f840
f857
f883
f8c7
f921
f98b
fa02
fa82
fb0d
fba6
fc51
fd06
fdc0
fe77
ff30
fff3
00ba
017e
023a
02f0
039b
043f
04dd
0573
05fb
0673
06d7
0725
0766
0796
07b7
07c0
07b2
0797
0768
0729
06d5
066f
05fc
057f
04ef
0450
03a8
02fd
0245
0186
00bf
fff6
ff31
fe6f
fdae
fcf3
fc43
fb9c
fb02
fa72
f9ef
f97c
f91c
f8c9
f885
f851
f835
f831
f83c
f854
f87f
f8c4
f91e
f989
fa01
fa81
fb0d
fba8
fc53
fd09
fdc3
fe7a
ff32
fff5
00bb
017f
023b
02f0
039b
043d
04db
0570
05f8
066f
06d3
0722
0763
0794
07b5
07be
07b1
0796
0768
072a
06d6
0670
05fd
0581
04f0
0451
03a9
02fe
0246
0186
00be
fff4
ff2f
fe6d
fdab
fcf0
fc40
fb99
fb00
fa70
f9ed
f97b
f91c
f8c9
f886
f852
f836
f832
f83d
f855
f880
f8c5
f91f
f98a
fa02
fa82
fb0e
fba9
fc54
fd0a
fdc4
fe7c
ff34
fff7
00bf
0183
023f
02f5
039f
0442
04e0
0575
05fd
0674
06d8
0727
0767
0798
07b9
07c2
07b4
0799
076b
072c
06d7
0671
05fd
0580
04ef
0450
03a7
02fc
0243
0184
00bc
fff2
ff2e
fe6b
fdaa
fcee
fc3f
fb99
faff
fa70
f9ed
f97b
f91c
f8ca
f886
f853
f837
f833
f83e
f855
f880
f8c4
f91e
f989
fa00
fa80
fb0b
fba6
fc51
fd06
fdc0
fe78
ff30
fff3
00bb
017f
023b
02f1
039c
043f
04de
0573
05fb
0673
06d7
0726
0766
0797
07b7
07c0
07b2
0797
0769
072a
06d5
066f
05fb
057f
04ee
044e
03a6
02fa
0241
0182
00ba
fff1
ff2c
fe6b
fda9
fcef
fc40
fb9a
fb01
fa71
f9ef
f97d
f91e
f8cc
f888
f854
f839
f835
f840
f857
f883
f8c7
f921
f98b
fa02
fa82
fb0d
fba6
fc51
fd06
fdc0
fe77
ff30
fff3
00ba
017e
023a
02f0
039b
043f
04dd
0573
05fb
0673
06d7
0725
0766
0796
07b7
07c0
07b2
0797
0768
0729
06d5
066f
05fc
057f
04ef
0450
03a8
02fd
0245
0186
00bf
fff6
ff31
fe6f
fdae
fcf3
fc43
fb9c
fb02
fa72
f9ef
f97c
f91c
f8c9
f885
f851
f835
f831
f83c
f854
f87f
f8c4
f91e
f989
fa01
fa81
fb0d
fba8
fc53
fd09
fdc3
fe7a
ff32
fff5
00bb
017f
023b
02f0
039b
043d
04db
0570
05f8
066f
06d3
0722
0763
0794
07b5
07be
07b1
0796
0768
072a
06d6
0670
05fd
0581
04f0
0451
03a9
02fe
0246
0186
00be
fff4
ff2f
fe6d
fdab
fcf0
fc40
fb99
fb00
fa70
f9ed
f97b
f91c
f8c9
f886
f852
f836
f832
f83d
f855
f880
f8c5
f91f
f98a
fa02
fa82
fb0e
fba9
fc54
fd0a
fdc4
fe7c
ff34
fff7
00bf
0183
023f
02f5
039f
0442
04e0
0575
05fd
0674
06d8
0727
0767
0798
07b9
07c2
07b4
0799
076b
072c
06d7
0671
05fd
0580
04ef
0450
03a7
02fc
0243
0184
00bc
fff2
ff2e
fe6b
fdaa
fcee
fc3f
fb99
faff
fa70
f9ed
f97b
f91c
f8ca
f886
f853
f837
f833
f83e
f855
f880
f8c4
f91e
f989
fa00
fa80
fb0b
fba6
fc51
fd06
fdc0
fe78
ff30
fff3
00bb
017f
023b
02f1
039c
043f
04de
0573
05fb
0673
06d7
0726
0766
0797
07b7
07c0
07b2
0797
0769
072a
06d5
066f
05fb
057f
04ee
044e
03a6
02fa
0241
0182
00ba
fff1
ff2c
fe6b
fda9
fcef
fc40
fb9a
fb01
fa71
f9ef
f97d
f91e
f8cc
f888
f854
f839
f835
f840
f857
f883
f8c7
f921
f98b
fa02
fa82
fb0d
fba6
fc51
fd06
fdc0
fe77
ff30
fff3
00ba
017e
023a
02f0
039b
043f
04dd
0573
05fb
0673
06d7
0725
0766
0796
03db
03e0
03d9
03cb
03b4
0394
036a
0337
02fe
02bf
0277
0228
01d4
017e
0122
00c3
005f
fffb
ff98
ff37
fed7
fe79
fe21
fdce
fd81
fd39
fcf7
fcbe
fc8e
fc64
fc42
fc28
fc1a
fc18
fc1e
fc2a
fc3f
fc62
fc8f
fcc4
fd00
fd40
fd86
fdd4
fe29
fe84
fee1
ff3d
ff99
fffa
005d
00bf
011d
0178
01cd
021e
026d
02b8
02fc
0337
0369
0391
03b1
03ca
03da
03df
03d8
03cb
03b4
0395
036b
0338
02fe
02c0
0278
0228
01d4
017f
0123
00c3
005f
fffa
ff97
ff36
fed5
fe78
fe20
fdcc
fd80
fd38
fcf6
fcbd
fc8e
fc64
fc43
fc29
fc1b
fc19
fc1e
fc2a
fc40
fc62
fc8f
fcc5
fd01
fd41
fd87
fdd4
fe2a
fe85
fee2
ff3e
ff9a
fffb
005f
00c1
011f
017a
01cf
0221
0270
02ba
02fe
033a
036c
0393
03b3
03cc
03dc
03e1
03da
03cc
03b5
0396
036b
0338
02fe
02c0
0277
0228
01d3
017e
0121
00c2
005e
fff9
ff97
ff35
fed5
fe77
fe1f
fdcc
fd7f
fd38
fcf6
fcbd
fc8e
fc65
fc43
fc29
fc1b
fc19
fc1f
fc2a
fc40
fc62
fc8f
fcc4
fd00
fd40
fd85
fdd3
fe28
fe83
fee0
ff3c
ff98
fff9
005d
00bf
011d
0178
01ce
021f
026f
02b9
02fd
0339
036b
0393
03b3
03cb
03db
03e0
03d9
03cb
03b4
0395
036a
0337
02fd
02bf
0277
0227
01d3
017d
0120
00c1
005d
fff8
ff96
ff35
fed4
fe77
fe20
fdcd
fd80
fd38
fcf7
fcbe
fc8f
fc66
fc44
fc2a
fc1c
fc1a
fc20
fc2b
fc41
fc63
fc90
fcc5
fd01
fd41
fd86
fdd3
fe28
fe83
fee0
ff3b
ff98
fff9
005d
00bf
011d
0178
01cd
021f
026e
02b9
02fd
0339
036b
0392
03b3
03cb
03db
03e0
03d9
03cb
03b4
0394
036a
0337
02fe
02bf
0277
0228
01d4
017e
0122
00c3
005f
fffb
ff98
ff37
fed7
fe79
fe21
fdce
fd81
fd39
fcf7
fcbe
fc8e
fc64
fc42
fc28
fc1a
fc18
fc1e
fc2a
fc3f
fc62
fc8f
fcc4
fd00
fd40
fd86
fdd4
fe29
fe84
fee1
ff3d
ff99
fffa
005d
00bf
011d
0178
01cd
021e
026d
02b8
02fc
0337
0369
0391
03b1
03ca
03da
03df
03d8
03cb
03b4
0395
036b
0338
02fe
02c0
0278
0228
01d4
017f
0123
00c3
005f
fffa
ff97
ff36
fed5
fe78
fe20
fdcc
fd80
fd38
fcf6
fcbd
fc8e
fc64
fc43
fc29
fc1b
fc19
fc1e
fc2a
fc40
fc62
fc8f
fcc5
fd01
fd41
fd87
fdd4
fe2a
fe85
fee2
ff3e
ff9a
fffb
005f
00c1
011f
017a
01cf
0221
0270
02ba
02fe
033a
036c
0393
03b3
03cc
03dc
03e1
03da
03cc
03b5
0396
036b
0338
02fe
02c0
0277
0228
01d3
017e
0121
00c2
005e
fff9
ff97
ff35
fed5
fe77
fe1f
fdcc
fd7f
fd38
fcf6
fcbd
fc8e
fc65
fc43
fc29
fc1b
fc19
fc1f
fc2a
fc40
fc62
fc8f
fcc4
fd00
fd40
fd85
fdd3
fe28
fe83
fee0
ff3c
ff98
fff9
005d
00bf
011d
0178
01ce
021f
026f
02b9
02fd
0339
036b
0393
03b3
03cb
03db
03e0
03d9
03cb
03b4
0395
036a
0337
02fd
02bf
0277
0227
01d3
017d
0120
00c1
005d
fff8
ff96
ff35
fed4
fe77
fe20
fdcd
fd80
fd38
fcf7
fcbe
fc8f
fc66
fc44
fc2a
fc1c
fc1a
fc20
fc2b
fc41
fc63
fc90
fcc5
fd01
fd41
fd86
fdd3
fe28
fe83
fee0
ff3b
ff98
fff9
005d
00bf
011d
0178
01cd
021f
026e
02b9
02fd
0339
036b
0392
03b3
03cb
03db
03e0
03d9
03cb
03b4
0394
036a
0337
02fe
02bf
0277
0228
01d4
017e
0122
00c3
005f
fffb
ff98
ff37
fed7
fe79
fe21
fdce
fd81
fd39
fcf7
fcbe
fc8e
fc64
fc42
fc28
fc1a
fc18
fc1e
fc2a
fc3f
fc62
fc8f
fcc4
fd00
fd40
fd86
fdd4
fe29
fe84
fee1
ff3d
ff99
fffa
005d
00bf
011d
0178
01cd
021e
026d
02b8
02fc
0337
0369
0391
03b1
03ca
03da
03df
03d8
03cb
03b4
0395
036b
0338
02fe
02c0
0278
0228
01d4
017f
0123
00c3
005f
fffa
ff97
ff36
fed5
fe78
fe20
fdcc
fd80
fd38
fcf6
fcbd
fc8e
fc64
fc43
fc29
fc1b
fc19
fc1e
fc2a
fc40
fc62
fc8f
fcc5
fd01
fd41
fd87
fdd4
fe2a
fe85
fee2
ff3e
ff9a
fffb
005f
00c1
011f
017a
01cf
0221
0270
02ba
02fe
033a
036c
0393
03b3
03cc
03dc
03e1
03da
03cc
03b5
0396
036b
0338
02fe
02c0
0277
0228
01d3
017e
0121
00c2
005e
fff9
ff97
ff35
fed5
fe77
fe1f
fdcc
fd7f
fd38
fcf6
fcbd
fc8e
fc65
fc43
fc29
fc1b
fc19
fc1f
fc2a
fc40
fc62
fc8f
fcc4
fd00
fd40
fd85
fdd3
fe28
fe83
fee0
ff3c
ff98
fff9
005d
00bf
011d
0178
01ce
021f
026f
02b9
02fd
0339
036b
0393
03b3
03cb
03db
03e0
03d9
03cb
03b4
0395
036a
0337
02fd
02bf
0277
0227
01d3
017d
0120
00c1
005d
fff8
ff96
ff35
fed4
fe77
fe20
fdcd
fd80
fd38
fcf7
fcbe
fc8f
fc66
fc44
fc2a
fc1c
fc1a
fc20
fc2b
fc41
fc63
fc90
fcc5
fd01
fd41
fd86
fdd3
fe28
fe83
fee0
ff3b
ff98
fff9
005d
00bf
011d
0178
01cd
021f
026e
02b9
02fd
0339
036b
0392
03b3
03cb
03db
03e0
03d9
03cb
03b4
0394
036a
0337
02fe
02bf
0277
0228
01d4
017e
0122
00c3
005f
fffb
ff98
ff37
fed7
fe79
fe21
fdce
fd81
fd39
fcf7
fcbe
fc8e
fc64
fc42
fc28
fc1a
fc18
fc1e
fc2a
fc3f
fc62
fc8f
fcc4
fd00
fd40
fd86
fdd4
fe29
fe84
fee1
ff3d
ff99
fffa
005d
00bf
011d
0178
01cd
021e
026d
02b8
02fc
0337
0369
0391
03b1
03ca
03da
03df
03d8
03cb
03b4
0395
036b
0338
02fe
02c0
0278
0228
01d4
017f
0123
00c3
005f
fffa
ff97
ff36
fed5
fe78
fe20
fdcc
fd80
fd38
fcf6
fcbd
fc8e
fc64
fc43
fc29
fc1b
fc19
fc1e
fc2a
fc40
fc62
fc8f
fcc5
fd01
fd41
fd87
fdd4
fe2a
fe85
fee2
ff3e
ff9a
fffb
005f
00c1
011f
017a
01cf
0221
0270
02ba
02fe
033a
036c
0393
03b3
03cc
03dc
03e1
03da
03cc
03b5
0396
036b
0338
02fe
02c0
0277
0228
01d3
017e
0121
00c2
005e
fff9
ff97
ff35
fed5
fe77
fe1f
fdcc
fd7f
fd38
fcf6
fcbd
fc8e
fc65
fc43
fc29
fc1b
fc19
fc1f
fc2a
fc40
fc62
fc8f
fcc4
fd00
fd40
fd85
fdd3
fe28
fe83
fee0
ff3c
ff98
fff9
005d
00bf
011d
0178
01ce
021f
026f
02b9
02fd
0339
036b
0393
03b3
03cb
03db
03e0
03d9
03cb
03b4
0395
036a
0337
02fd
02bf
0277
0227
01d3
017d
0120
00c1
005d
fff8
ff96
ff35
fed4
fe77
fe20
fdcd
fd80
fd38
fcf7
fcbe
fc8f
fc66
fc44
fc2a
fc1c
fc1a
fc20
fc2b
fc41
fc63
fc90
fcc5
fd01
fd41
fd86
fdd3
fe28
fe83
fee0
ff3b
ff98
fff9
005d
00bf
011d
0178
01cd
021f
026e
02b9
02fd
0339
036b
0392
03b3
03cb
03db
03e0
03d9
03cb
03b4
0394
036a
0337
02fe
02bf
0277
0228
01d4
017e
0122
00c3
005f
fffb
ff98
ff37
fed7
fe79
fe21
fdce
fd81
fd39
fcf7
fcbe
fc8e
fc64
fc42
fc28
fc1a
fc18
fc1e
fc2a
fc3f
fc62
fc8f
fcc4
fd00
fd40
fd86
fdd4
fe29
fe84
fee1
ff3d
ff99
fffa
005d
00bf
011d
0178
01cd
021e
026d
02b8
02fc
0337
0369
0391
03b1
03ca
03da
03df
03d8
03cb
03b4
0395
036b
0338
02fe
02c0
0278
0228
01d4
017f
0123
00c3
005f
fffa
ff97
ff36
fed5
fe78
fe20
fdcc
fd80
fd38
fcf6
fcbd
fc8e
fc64
fc43
fc29
fc1b
fc19
fc1e
fc2a
fc40
fc62
fc8f
fcc5
fd01
fd41
fd87
fdd4
fe2a
fe85
fee2
ff3e
ff9a
fffb
005f
00c1
011f
017a
01cf
0221
0270
02ba
02fe
033a
036c
0393
03b3
03cc
03dc
03e1
03da
03cc
03b5
0396
036b
0338
02fe
02c0
0277
0228
01d3
017e
0121
00c2
005e
fff9
ff97
ff35
fed5
fe77
fe1f
fdcc
fd7f
fd38
fcf6
fcbd
fc8e
fc65
fc43
fc29
fc1b
fc19
fc1f
fc2a
fc40
fc62
fc8f
fcc4
fd00
fd40
fd85
fdd3
fe28
fe83
fee0
ff3c
ff98
fff9
005d
00bf
011d
0178
01ce
021f
026f
02b9
02fd
0339
036b
0393
03b3
03cb
03db
03e0
03d9
03cb
03b4
0395
036a
0337
02fd
02bf
0277
0227
01d3
017d
0120
00c1
005d
fff8
ff96
ff35
fed4
fe77
fe20
fdcd
fd80
fd38
fcf7
fcbe
fc8f
fc66
fc44
fc2a
fc1c
fc1a
fc20
fc2b
fc41
fc63
fc90
fcc5
fd01
fd41
fd86
fdd3
fe28
fe83
fee0
ff3b
ff98
fff9
005d
00bf
011d
0178
01cd
021f
026e
02b9
02fd
0339
036b
0392
03b3
03cb
03db
03e0
03d9
03cb
03b4
0394
036a
0337
02fe
02bf
0277
0228
01d4
017e
0122
00c3
005f
fffb
ff98
ff37
fed7
fe79
fe21
fdce
fd81
fd39
fcf7
fcbe
fc8e
fc64
fc42
fc28
fc1a
fc18
fc1e
fc2a
fc3f
fc62
fc8f
fcc4
fd00
fd40
fd86
fdd4
fe29
fe84
fee1
ff3d
ff99
fffa
005d
00bf
011d
0178
01cd
021e
026d
02b8
02fc
0337
0369
0391
03b1
03ca
03da
03df
03d8
03cb
03b4
0395
036b
0338
02fe
02c0
0278
0228
01d4
017f
0123
00c3
005f
fffa
ff97
ff36
fed5
fe78
fe20
fdcc
fd80
fd38
fcf6
fcbd
fc8e
fc64
fc43
fc29
fc1b
fc19
fc1e
fc2a
fc40
fc62
fc8f
fcc5
fd01
fd41
fd87
fdd4
fe2a
fe85
fee2
ff3e
ff9a
fffb
005f
00c1
011f
017a
01cf
0221
0270
02ba
02fe
033a
036c
0393
03b3
03cc
03dc
03e1
03da
03cc
03b5
0396
036b
0338
02fe
02c0
0277
0228
01d3
017e
0121
00c2
005e
fff9
ff97
ff35
fed5
fe77
fe1f
fdcc
fd7f
fd38
fcf6
fcbd
fc8e
fc65
fc43
fc29
fc1b
fc19
fc1f
fc2a
fc40
fc62
fc8f
fcc4
fd00
fd40
fd85
fdd3
fe28
fe83
fee0
ff3c
ff98
fff9
005d
00bf
011d
0178
01ce
021f
026f
02b9
02fd
0339
036b
0393
03b3
03cb
03db
03e0
03d9
03cb
03b4
0395
036a
0337
02fd
02bf
0277
0227
01d3
017d
0120
00c1
005d
fff8
ff96
ff35
fed4
fe77
fe20
fdcd
fd80
fd38
fcf7
fcbe
fc8f
fc66
fc44
fc2a
fc1c
fc1a
fc20
fc2b
fc41
fc63
fc90
fcc5
fd01
fd41
fd86
fdd3
fe28
fe83
fee0
ff3b
ff98
fff9
005d
00bf
011d
0178
01cd
021f
026e
02b9
02fd
0339
036b
0392
03b3
03cb
03db
03e0
03d9
03cb
03b4
0394
036a
0337
02fe
02bf
0277
0228
01d4
017e
0122
00c3
005f
fffb
ff98
ff37
fed7
fe79
fe21
fdce
fd81
fd39
fcf7
fcbe
fc8e
fc64
fc42
fc28
fc1a
fc18
fc1e
fc2a
fc3f
fc62
fc8f
fcc4
fd00
fd40
fd86
fdd4
fe29
fe84
fee1
ff3d
ff99
fffa
005d
00bf
011d
0178
01cd
021e
026d
02b8
02fc
0337
0369
0391
03b1
03ca
03da
03df
03d8
03cb
03b4
0395
036b
0338
02fe
02c0
0278
0228
01d4
017f
0123
00c3
005f
fffa
ff97
ff36
fed5
fe78
fe20
fdcc
fd80
fd38
fcf6
fcbd
fc8e
fc64
fc43
fc29
fc1b
fc19
fc1e
fc2a
fc40
fc62
fc8f
fcc5
fd01
fd41
fd87
fdd4
fe2a
fe85
fee2
ff3e
ff9a
fffb
005f
00c1
011f
017a
01cf
0221
0270
02ba
02fe
033a
036c
0393
03b3
03cc
03dc
03e1
03da
03cc
03b5
0396
036b
0338
02fe
02c0
0277
0228
01d3
017e
0121
00c2
005e
fff9
ff97
ff35
fed5
fe77
fe1f
fdcc
fd7f
fd38
fcf6
fcbd
fc8e
fc65
fc43
fc29
fc1b
fc19
fc1f
fc2a
fc40
fc62
fc8f
fcc4
fd00
fd40
fd85
fdd3
fe28
fe83
fee0
ff3c
ff98
fff9
005d
00bf
011d
0178
01ce
021f
026f
02b9
02fd
0339
036b
0393
03b3
03cb
03db
03e0
03d9
03cb
03b4
0395
036a
0337
02fd
02bf
0277
0227
01d3
017d
0120
00c1
005d
fff8
ff96
ff35
fed4
fe77
fe20
fdcd
fd80
fd38
fcf7
fcbe
fc8f
fc66
fc44
fc2a
fc1c
fc1a
fc20
fc2b
fc41
fc63
fc90
fcc5
fd01
fd41
fd86
fdd3
fe28
fe83
fee0
ff3b
ff98
fff9
005d
00bf
011d
0178
01cd
021f
026e
02b9
02fd
0339
036b
0392
03b3
03cb
03db
03e0
03d9
03cb
03b4
0394
036a
0337
02fe
02bf
0277
0228
01d4
017e
0122
00c3
005f
fffb
ff98
ff37
fed7
fe79
fe21
fdce
fd81
fd39
fcf7
fcbe
fc8e
fc64
fc42
fc28
fc1a
fc18
fc1e
fc2a
fc3f
fc62
fc8f
fcc4
fd00
fd40
fd86
fdd4
fe29
fe84
fee1
ff3d
ff99
fffa
005d
00bf
011d
0178
01cd
021e
026d
02b8
02fc
0337
0369
0391
03b1
03ca
03da
03df
03d8
03cb
03b4
0395
036b
0338
02fe
02c0
0278
0228
01d4
017f
0123
00c3
005f
fffa
ff97
ff36
fed5
fe78
fe20
fdcc
fd80
fd38
fcf6
fcbd
fc8e
fc64
fc43
fc29
fc1b
fc19
fc1e
fc2a
fc40
fc62
fc8f
fcc5
fd01
fd41
fd87
fdd4
fe2a
fe85
fee2
ff3e
ff9a
fffb
005f
00c1
011f
017a
01cf
0221
0270
02ba
02fe
033a
036c
0393
03b3
03cc
03dc
03e1
03da
03cc
03b5
0396
036b
0338
02fe
02c0
0277
0228
01d3
017e
0121
00c2
005e
fff9
ff97
ff35
fed5
fe77
fe1f
fdcc
fd7f
fd38
fcf6
fcbd
fc8e
fc65
fc43
fc29
fc1b
fc19
fc1f
fc2a
fc40
fc62
fc8f
fcc4
fd00
fd40
fd85
fdd3
fe28
fe83
fee0
ff3c
ff98
fff9
005d
00bf
011d
0178
01ce
021f
026f
02b9
02fd
0339
036b
0393
03b3
03cb
03db
03e0
03d9
03cb
03b4
0395
036a
0337
02fd
02bf
0277
0227
01d3
017d
0120
00c1
005d
fff8
ff96
ff35
fed4
fe77
fe20
fdcd
fd80
fd38
fcf7
fcbe
fc8f
fc66
fc44
fc2a
fc1c
fc1a
fc20
fc2b
fc41
fc63
fc90
fcc5
fd01
fd41
fd86
fdd3
fe28
fe83
fee0
ff3b
ff98
fff9
005d
00bf
011d
0178
01cd
021f
026e
02b9
02fd
0339
036b
0392
03b3
03cb
03db
03e0
03d9
03cb
03b4
0394
036a
0337
02fe
02bf
0277
0228
01d4
017e
0122
00c3
005f
fffb
ff98
ff37
fed7
fe79
fe21
fdce
fd81
fd39
fcf7
fcbe
fc8e
fc64
fc42
fc28
fc1a
fc18
fc1e
fc2a
fc3f
fc62
fc8f
fcc4
fd00
fd40
fd86
fdd4
fe29
fe84
fee1
ff3d
ff99
fffa
005d
00bf
011d
0178
01cd
021e
026d
02b8
02fc
0337
0369
0391
03b1
03ca
03da
03df
03d8
03cb
03b4
0395
036b
0338
02fe
02c0
0278
0228
01d4
017f
0123
00c3
005f
fffa
ff97
ff36
fed5
fe78
fe20
fdcc
fd80
fd38
fcf6
fcbd
fc8e
fc64
fc43
fc29
fc1b
fc19
fc1e
fc2a
fc40
fc62
fc8f
fcc5
fd01
fd41
fd87
fdd4
fe2a
fe85
fee2
ff3e
ff9a
fffb
005f
00c1
011f
017a
01cf
0221
0270
02ba
02fe
033a
036c
0393
03b3
03cc
03dc
03e1
03da
03cc
03b5
0396
036b
0338
02fe
02c0
0277
0228
01d3
017e
0121
00c2
005e
fff9
ff97
ff35
fed5
fe77
fe1f
fdcc
fd7f
fd38
fcf6
fcbd
fc8e
fc65
fc43
fc29
fc1b
fc19
fc1f
fc2a
fc40
fc62
fc8f
fcc4
fd00
fd40
fd85
fdd3
fe28
fe83
fee0
ff3c
ff98
fff9
005d
00bf
011d
0178
01ce
021f
026f
02b9
02fd
0339
036b
0393
03b3
03cb
03db
03e0
03d9
03cb
03b4
0395
036a
0337
02fd
02bf
0277
0227
01d3
017d
0120
00c1
005d
fff8
ff96
ff35
fed4
fe77
fe20
fdcd
fd80
fd38
fcf7
fcbe
fc8f
fc66
fc44
fc2a
fc1c
fc1a
fc20
fc2b
fc41
fc63
fc90
fcc5
fd01
fd41
fd86
fdd3
fe28
fe83
fee0
ff3b
ff98
fff9
005d
00bf
011d
0178
01cd
021f
026e
02b9
02fd
0339
036b
0392
03b3
03cb
03db
03e0
03d9
03cb
03b4
0394
036a
0337
02fe
02bf
0277
0228
01d4
017e
0122
00c3
005f
fffb
ff98
ff37
fed7
fe79
fe21
fdce
fd81
fd39
fcf7
fcbe
fc8e
fc64
fc42
fc28
fc1a
fc18
fc1e
fc2a
fc3f
fc62
fc8f
fcc4
fd00
fd40
fd86
fdd4
fe29
fe84
fee1
ff3d
ff99
fffa
005d
00bf
011d
0178
01cd
021e
026d
02b8
02fc
0337
0369
0391
03b1
03ca
03da
03df
03d8
03cb
03b4
0395
036b
0338
02fe
02c0
0278
0228
01d4
017f
0123
00c3
005f
fffa
ff97
ff36
fed5
fe78
fe20
fdcc
fd80
fd38
fcf6
fcbd
fc8e
fc64
fc43
fc29
fc1b
fc19
fc1e
fc2a
fc40
fc62
fc8f
fcc5
fd01
fd41
fd87
fdd4
fe2a
fe85
fee2
ff3e
ff9a
fffb
005f
00c1
011f
017a
01cf
0221
0270
02ba
02fe
033a
036c
0393
03b3
03cc
03dc
03e1
03da
03cc
03b5
0396
036b
0338
02fe
02c0
0277
0228
01d3
017e
0121
00c2
005e
fff9
ff97
ff35
fed5
fe77
fe1f
fdcc
fd7f
fd38
fcf6
fcbd
fc8e
fc65
fc43
fc29
fc1b
fc19
fc1f
fc2a
fc40
fc62
fc8f
fcc4
fd00
fd40
fd85
fdd3
fe28
fe83
fee0
ff3c
ff98
fff9
005d
00bf
011d
0178
01ce
021f
026f
02b9
02fd
0339
036b
0393
03b3
03cb
03db
03e0
03d9
03cb
03b4
0395
036a
0337
02fd
02bf
0277
0227
01d3
017d
0120
00c1
005d
fff8
ff96
ff35
fed4
fe77
fe20
fdcd
fd80
fd38
fcf7
fcbe
fc8f
fc66
fc44
fc2a
fc1c
fc1a
fc20
fc2b
fc41
fc63
fc90
fcc5
fd01
fd41
fd86
fdd3
fe28
fe83
fee0
ff3b
ff98
fff9
005d
00bf
011d
0178
01cd
021f
026e
02b9
02fd
0339
036b
0392
03b3
03cb
03db
03e0
03d9
03cb
03b4
0394
036a
0337
02fe
02bf
0277
0228
01d4
017e
0122
00c3
005f
fffb
ff98
ff37
fed7
fe79
fe21
fdce
fd81
fd39
fcf7
fcbe
fc8e
fc64
fc42
fc28
fc1a
fc18
fc1e
fc2a
fc3f
fc62
fc8f
fcc4
fd00
fd40
fd86
fdd4
fe29
fe84
fee1
ff3d
ff99
fffa
005d
00bf
011d
0178
01cd
021e
026d
02b8
02fc
0337
0369
0391
03b1
03ca
03da
03df
03d8
03cb
03b4
0395
036b
0338
02fe
02c0
0278
0228
01d4
017f
0123
00c3
005f
fffa
ff97
ff36
fed5
fe78
fe20
fdcc
fd80
fd38
fcf6
fcbd
fc8e
fc64
fc43
fc29
fc1b
fc19
fc1e
fc2a
fc40
fc62
fc8f
fcc5
fd01
fd41
fd87
fdd4
fe2a
fe85
fee2
ff3e
ff9a
fffb
005f
00c1
011f
017a
01cf
0221
0270
02ba
02fe
033a
036c
0393
03b3
03cc
03dc
03e1
03da
03cc
03b5
0396
036b
0338
02fe
02c0
0277
0228
01d3
017e
0121
00c2
005e
fff9
ff97
ff35
fed5
fe77
fe1f
fdcc
fd7f
fd38
fcf6
fcbd
fc8e
fc65
fc43
fc29
fc1b
fc19
fc1f
fc2a
fc40
fc62
fc8f
fcc4
fd00
fd40
fd85
fdd3
fe28
fe83
fee0
ff3c
ff98
fff9
005d
00bf
011d
0178
01ce
021f
026f
02b9
02fd
0339
036b
0393
03b3
03cb
03db
03e0
03d9
03cb
03b4
0395
036a
0337
02fd
02bf
0277
0227
01d3
017d
0120
00c1
005d
fff8
ff96
ff35
fed4
fe77
fe20
fdcd
fd80
fd38
fcf7
fcbe
fc8f
fc66
fc44
fc2a
fc1c
fc1a
fc20
fc2b
fc41
fc63
fc90
fcc5
fd01
fd41
fd86
fdd3
fe28
fe83
fee0
ff3b
ff98
fff9
005d
00bf
011d
0178
01cd
021f
026e
02b9
02fd
0339
036b
0392
03b3
03cb
03db
03e0
03d9
03cb
03b4
0394
036a
0337
02fe
02bf
0277
0228
01d4
017e
0122
00c3
005f
fffb
ff98
ff37
fed7
fe79
fe21
fdce
fd81
fd39
fcf7
fcbe
fc8e
fc64
fc42
fc28
fc1a
fc18
fc1e
fc2a
fc3f
fc62
fc8f
fcc4
fd00
fd40
fd86
fdd4
fe29
fe84
fee1
ff3d
ff99
fffa
005d
00bf
011d
0178
01cd
021e
026d
02b8
02fc
0337
0369
0391
03b1
03ca
03da
03df
03d8
03cb
03b4
0395
036b
0338
02fe
02c0
0278
0228
01d4
017f
0123
00c3
005f
fffa
ff97
ff36
fed5
fe78
fe20
fdcc
fd80
fd38
fcf6
fcbd
fc8e
fc64
fc43
fc29
fc1b
fc19
fc1e
fc2a
fc40
fc62
fc8f
fcc5
fd01
fd41
fd87
fdd4
fe2a
fe85
fee2
ff3e
ff9a
fffb
005f
00c1
011f
017a
01cf
0221
0270
02ba
02fe
033a
036c
0393
03b3
03cc
03dc
03e1
03da
03cc
03b5
0396
036b
0338
02fe
02c0
0277
0228
01d3
017e
0121
00c2
005e
fff9
ff97
ff35
fed5
fe77
fe1f
fdcc
fd7f
fd38
fcf6
fcbd
fc8e
fc65
fc43
fc29
fc1b
fc19
fc1f
fc2a
fc40
fc62
fc8f
fcc4
fd00
fd40
fd85
fdd3
fe28
fe83
fee0
ff3c
ff98
fff9
005d
00bf
011d
0178
01ce
021f
026f
02b9
02fd
0339
036b
0393
03b3
03cb
03db
03e0
03d9
03cb
03b4
0395
036a
0337
02fd
02bf
0277
0227
01d3
017d
0120
00c1
005d
fff8
ff96
ff35
fed4
fe77
fe20
fdcd
fd80
fd38
fcf7
fcbe
fc8f
fc66
fc44
fc2a
fc1c
fc1a
fc20
fc2b
fc41
fc63
fc90
fcc5
fd01
fd41
fd86
fdd3
fe28
fe83
fee0
ff3b
ff98
fff9
005d
00bf
011d
0178
01cd
021f
026e
02b9
02fd
0339
036b
0392
03b3
03cb
03db
03e0
03d9
03cb
03b4
0394
036a
0337
02fe
02bf
0277
0228
01d4
017e
0122
00c3
005f
fffb
ff98
ff37
fed7
fe79
fe21
fdce
fd81
fd39
fcf7
fcbe
fc8e
fc64
fc42
fc28
fc1a
fc18
fc1e
fc2a
fc3f
fc62
fc8f
fcc4
fd00
fd40
fd86
fdd4
fe29
fe84
fee1
ff3d
ff99
fffa
005d
00bf
011d
0178
01cd
021e
026d
02b8
02fc
0337
0369
0391
03b1
03ca
03da
03df
03d8
03cb
03b4
0395
036b
0338
02fe
02c0
0278
0228
01d4
017f
0123
00c3
005f
fffa
ff97
ff36
fed5
fe78
fe20
fdcc
fd80
fd38
fcf6
fcbd
fc8e
fc64
fc43
fc29
fc1b
fc19
fc1e
fc2a
fc40
fc62
fc8f
fcc5
fd01
fd41
fd87
fdd4
fe2a
fe85
fee2
ff3e
ff9a
fffb
005f
00c1
011f
017a
01cf
0221
0270
02ba
02fe
033a
036c
0393
03b3
03cc
03dc
03e1
03da
03cc
03b5
0396
036b
0338
02fe
02c0
0277
0228
01d3
017e
0121
00c2
005e
fff9
ff97
ff35
fed5
fe77
fe1f
fdcc
fd7f
fd38
fcf6
fcbd
fc8e
fc65
fc43
fc29
fc1b
fc19
fc1f
fc2a
fc40
fc62
fc8f
fcc4
fd00
fd40
fd85
fdd3
fe28
fe83
fee0
ff3c
ff98
fff9
005d
00bf
011d
0178
01ce
021f
026f
02b9
02fd
0339
036b
0393
03b3
03cb
03db
03e0
03d9
03cb
03b4
0395
036a
0337
02fd
02bf
0277
0227
01d3
017d
0120
00c1
005d
fff8
ff96
ff35
fed4
fe77
fe20
fdcd
fd80
fd38
fcf7
fcbe
fc8f
fc66
fc44
fc2a
fc1c
fc1a
fc20
fc2b
fc41
fc63
fc90
fcc5
fd01
fd41
fd86
fdd3
fe28
fe83
fee0
ff3b
ff98
fff9
005d
00bf
011d
0178
01cd
021f
026e
02b9
02fd
0339
036b
0392
03b3
03cb
03db
03e0
03d9
03cb
03b4
0394
036a
0337
02fe
02bf
0277
0228
01d4
017e
0122
00c3
005f
fffb
ff98
ff37
fed7
fe79
fe21
fdce
fd81
fd39
fcf7
fcbe
fc8e
fc64
fc42
fc28
fc1a
fc18
fc1e
fc2a
fc3f
fc62
fc8f
fcc4
fd00
fd40
fd86
fdd4
fe29
fe84
fee1
ff3d
ff99
fffa
005d
00bf
011d
0178
01cd
021e
026d
02b8
02fc
0337
0369
0391
03b1
03ca
03da
03df
03d8
03cb
03b4
0395
036b
0338
02fe
02c0
0278
0228
01d4
017f
0123
00c3
005f
fffa
ff97
ff36
fed5
fe78
fe20
fdcc
fd80
fd38
fcf6
fcbd
fc8e
fc64
fc43
fc29
fc1b
fc19
fc1e
fc2a
fc40
fc62
fc8f
fcc5
fd01
fd41
fd87
fdd4
fe2a
fe85
fee2
ff3e
ff9a
fffb
005f
00c1
011f
017a
01cf
0221
0270
02ba
02fe
033a
036c
0393
03b3
03cc
03dc
03e1
03da
03cc
03b5
0396
036b
0338
02fe
02c0
0277
0228
01d3
017e
0121
00c2
005e
fff9
ff97
ff35
fed5
fe77
fe1f
fdcc
fd7f
fd38
fcf6
fcbd
fc8e
fc65
fc43
fc29
fc1b
fc19
fc1f
fc2a
fc40
fc62
fc8f
fcc4
fd00
fd40
fd85
fdd3
fe28
fe83
fee0
ff3c
ff98
fff9
005d
00bf
011d
0178
01ce
021f
026f
02b9
02fd
0339
036b
0393
03b3
03cb
03db
03e0
03d9
03cb
03b4
0395
036a
0337
02fd
02bf
0277
0227
01d3
017d
0120
00c1
005d
fff8
ff96
ff35
fed4
fe77
fe20
fdcd
fd80
fd38
fcf7
fcbe
fc8f
fc66
fc44
fc2a
fc1c
fc1a
fc20
fc2b
fc41
fc63
fc90
fcc5
fd01
fd41
fd86
fdd3
fe28
fe83
fee0
ff3b
ff98
fff9
005d
00bf
011d
0178
01cd
021f
026e
02b9
02fd
0339
036b
0392
03b3
03cb
03db
03e0
03d9
03cb
03b4
0394
036a
0337
02fe
02bf
0277
0228
01d4
017e
0122
00c3
005f
fffb
ff98
ff37
fed7
fe79
fe21
fdce
fd81
fd39
fcf7
fcbe
fc8e
fc64
fc42
fc28
fc1a
fc18
fc1e
fc2a
fc3f
fc62
fc8f
fcc4
fd00
fd40
fd86
fdd4
fe29
fe84
fee1
ff3d
ff99
fffa
005d
00bf
011d
0178
01cd
021e
026d
02b8
02fc
0337
0369
0391
03b1
03ca
03da
03df
03d8
03cb
03b4
0395
036b
0338
02fe
02c0
0278
0228
01d4
017f
0123
00c3
005f
fffa
ff97
ff36
fed5
fe78
fe20
fdcc
fd80
fd38
fcf6
fcbd
fc8e
fc64
fc43
fc29
fc1b
fc19
fc1e
fc2a
fc40
fc62
fc8f
fcc5
fd01
fd41
fd87
fdd4
fe2a
fe85
fee2
ff3e
ff9a
fffb
005f
00c1
011f
017a
01cf
0221
0270
02ba
02fe
033a
036c
0393
03b3
03cc
03dc
03e1
03da
03cc
03b5
0396
036b
0338
02fe
02c0
0277
0228
01d3
017e
0121
00c2
005e
fff9
ff97
ff35
fed5
fe77
fe1f
fdcc
fd7f
fd38
fcf6
fcbd
fc8e
fc65
fc43
fc29
