0000
0000
0000
0000
0000
0000
0000
0000
0000
0000
0000
0000
0000
0000
0000
0000
0000
0000
0000
0000
0000
0000
0000
0000
0000
0000
0000
0000
0000
0000
0000
0000
0000
0000
0000
0000
0000
0000
0000
0000
0000
0000
0000
0000
0000
0000
0000
0000
0000
0000
0000
0000
0000
0000
0000
0000
0000
0000
0000
0000
0000
0000
0000
0000
0000
0000
0000
0000
0000
0000
0000
0000
0000
0000
0000
0000
0000
0000
0000
0000
0000
0000
0000
0000
0000
0000
0000
0000
0000
0000
0000
0000
0000
0000
0000
0000
0000
0000
0000
0000
0000
0000
0000
0000
0000
0000
0000
0000
0000
0000
0000
0000
0000
0000
0000
0000
0000
0000
0000
0000
0000
0000
0000
0000
0000
0000
0000
0000
d300
1680
0780
f880
0f00
0780
f880
0f00
0780
f880
2580
1e00
f100
1e00
1e00
e200
0000
0f00
f100
f880
2580
2d00
0000
1680
2580
1680
0000
0780
2580
f880
f880
2d00
f100
da80
1e00
0f00
e980
1e00
1680
f880
0f00
e980
e200
1680
0f00
e200
1e00
2d00
e200
0f00
0f00
d300
1e00
2d00
d300
0000
3c00
f100
f100
2d00
0000
f100
1e00
f100
e200
0f00
d300
e200
1e00
e200
f100
3c00
0000
f100
4b00
1e00
e200
2d00
0f00
c400
1680
2580
d300
2580
3480
e200
1680
0780
d300
1e00
0f00
f100
2580
f880
f100
2d00
f100
d300
1680
f100
cb80
f880
e200
e200
1680
0000
da80
1680
2580
e200
f880
1680
0000
0f00
0000
e200
1e00
0f00
c400
f100
2d00
e200
f100
2d00
0f00
f100
0f00
0f00
f100
f100
f100
0000
1e00
f100
0000
3c00
f100
0000
3c00
f100
0000
3c00
f100
e200
2d00
f100
e200
3c00
0f00
e200
1e00
0f00
e200
0f00
0f00
f100
0f00
0f00
e200
0000
1e00
e980
f100
2580
0f00
0780
2580
f100
f880
2d00
e200
da80
2d00
f880
d300
1680
0000
f100
2580
e980
da80
2d00
1680
e980
1e00
1680
e200
0000
0f00
f100
0780
2580
0528
fd55
13fe
fc3e
ed7a
f622
05bf
1462
fc9b
f550
0c7b
f532
f5de
1c00
e5c0
ba64
f100
1680
f100
e200
f100
f880
0780
0f00
f880
0000
1680
f880
0000
1e00
0000
f880
2580
0f00
f100
0780
0f00
f100
0000
0f00
e980
1680
1e00
f100
2580
1e00
e200
f880
3c00
0000
d300
0f00
f100
f100
2d00
0000
f100
1e00
f100
e200
2d00
0f00
e200
2d00
2d00
e200
1e00
3c00
e200
f100
1e00
e200
0000
2d00
e200
f100
3c00
0f00
d300
f100
f100
f100
0f00
f100
e200
0000
f100
f100
0f00
f100
f100
2d00
f100
c400
0f00
f100
d300
2d00
0f00
e200
1e00
f100
d300
0f00
e200
f100
4b00
0000
c400
2d00
1e00
b500
0000
2d00
d300
0000
1e00
b500
f100
3c00
d300
f100
3c00
c400
f100
4b00
d300
e200
3c00
e200
f100
3c00
d300
e200
3c00
d300
d300
4b00
f100
c400
2d00
0000
c400
1e00
0f00
d300
1e00
1e00
e200
0f00
0f00
c400
0000
0000
c400
1e00
0f00
e200
0f00
e200
b500
0f00
0000
a600
0000
1e00
e200
0000
e200
b500
0f00
0f00
b500
f100
1e00
c400
f100
1e00
b500
e200
3c00
d300
e200
3c00
d300
c400
1e00
e200
e200
2d00
e200
e200
1e00
d300
e200
1e00
e200
e200
0f00
c400
d300
2d00
c400
b500
2d00
0000
c400
2d00
0f00
a600
0f00
1e00
c400
0000
0000
d300
0f00
f100
b500
0000
0000
d300
0f00
f100
d300
3c00
1e00
b500
0f00
3c00
c400
e200
3c00
f100
e200
0f00
e200
0000
3c00
e200
f100
5a00
0000
f100
4b00
0000
f100
4b00
0000
d300
3c00
0f00
c400
2d00
2d00
d300
1e00
3c00
e200
0f00
4b00
0f00
0000
1e00
1e00
0000
0000
0000
0f00
1e00
0000
f100
e980
f880
1680
0780
0780
2d00
1680
e200
f100
0780
f100
0000
1e00
f100
f880
0f00
0000
0000
f880
f100
1680
1e00
e980
e980
1680
f880
d300
f100
1680
0f00
f100
0000
0780
1680
1e00
0780
1e00
0000
e980
1e00
1e00
f880
0000
0f00
0000
0000
1680
0f00
0e10
32af
1183
f269
18c1
1734
15c0
0ce4
fd15
0c42
12fd
0a4c
0227
2003
1e01
ef20
1680
2580
e980
0780
1e00
d300
e980
2d00
e980
e200
1680
e980
da80
1680
e980
e200
3c00
0000
c400
0f00
0000
e200
1e00
f100
d300
2d00
0f00
d300
2d00
0f00
c400
1e00
0f00
c400
1e00
2d00
d300
0f00
1e00
d300
0000
0f00
c400
f100
1e00
e200
f100
2d00
0000
0000
1e00
0780
1e00
2580
f100
0000
2d00
f880
e980
1680
0000
0780
1680
0000
0000
0780
f100
f100
f880
da80
f100
1680
0780
0780
1e00
0780
f100
1680
0f00
e200
1e00
3c00
0000
0f00
1e00
f100
1e00
2d00
d300
0000
3c00
e200
f100
3c00
0000
f100
2d00
0000
e200
0f00
f100
f100
1e00
f100
f100
3c00
0f00
d300
0f00
0f00
f100
0f00
0780
f100
1e00
0780
da80
1680
2d00
f100
f880
1680
f100
f100
0780
da80
e200
2580
0000
e200
1e00
f100
c400
0000
e200
e200
1e00
f100
d300
1e00
f100
b500
0f00
0f00
e200
0f00
0000
d300
0000
f100
d300
0f00
f100
c400
0000
0f00
e200
f100
e200
c400
f880
0780
d300
f880
1680
e980
0780
1680
da80
0780
2580
e980
0780
0f00
f100
1e00
1e00
0000
0f00
f100
d300
1e00
2d00
d300
f100
3c00
0f00
e200
0000
f100
f100
2d00
0000
da80
3480
3480
f100
2580
2580
e200
2580
2580
e200
1e00
2d00
e980
0780
1e00
d300
0000
3c00
e200
0000
4b00
0f00
f100
0f00
e200
f100
3c00
0000
d300
2d00
1e00
da80
0780
f880
da80
1680
1e00
0780
0f00
0780
0f00
0f00
e980
0000
1e00
f100
f880
0f00
d300
d300
2d00
0780
d300
2580
0f00
d300
0000
e980
e200
3480
1680
d300
1680
2d00
e200
0000
1e00
e200
1e00
3c00
d300
0000
4b00
f100
f100
0000
e200
1e00
0f00
c400
0000
3c00
f100
e200
1e00
e200
f100
3c00
e200
d300
2d00
0000
d300
1e00
0f00
d300
1e00
0f00
c400
0000
1e00
f100
0000
1e00
f100
0000
1e00
f100
0000
0f00
0f00
0000
f100
f880
0f00
f100
d300
0780
0f00
f100
0000
f880
f100
0780
f880
f100
1e00
1e00
e980
e200
0780
0000
f100
0f00
0f00
0000
1680
0000
cb80
e980
0780
e200
f100
0ff0
fff1
fff1
0ef1
0e01
fe20
ef3e
f04a
f145
f22f
d50b
c8b9
172c
06b9
d94c
08b7
0000
f880
0f00
e200
e200
2580
1e00
f100
0780
0f00
e980
0780
0000
e200
0f00
2580
0780
0000
2580
0000
d300
f880
0000
f880
1680
0000
e980
1e00
0780
e200
0000
0780
e200
e200
0780
f880
e980
0f00
f880
f100
1e00
0000
e200
0780
f880
d300
f100
0000
da80
ebd8
039a
e560
d80a
0009
f887
d37d
ecc4
0bf7
de36
c9d2
eb34
f400
12c0
0a14
d300
0000
1e00
e980
cb80
0f00
2d00
f100
0f00
1e00
e200
0780
0f00
f100
2580
1e00
e200
0000
1e00
0000
1e00
2d00
e200
0f00
3c00
d300
0000
3c00
e200
0f00
5a00
f100
f100
3c00
f100
e200
2d00
f100
f100
4b00
0f00
e200
3c00
1e00
f100
1e00
0f00
e200
f880
0000
da80
0000
1680
e980
0780
2580
f100
f880
1e00
da80
d300
2580
0f00
f880
1e00
0f00
0000
1e00
0000
f100
2d00
0f00
d300
2d00
1e00
d300
1e00
0f00
b500
f100
0f00
c400
f100
0f00
e200
0000
f100
c400
0f00
1e00
b500
f100
2d00
c400
f100
3c00
e200
0000
0f00
a600
f100
2d00
b500
d300
1e00
a600
a600
0f00
c400
b500
1e00
e200
c400
1e00
e200
b500
1e00
f100
b500
1e00
0000
a600
0f00
0f00
b500
f100
1e00
f100
0f00
0000
c400
1e00
4b00
d300
e200
1e00
c400
e200
2d00
e200
0f00
5a00
f100
f100
3c00
e200
c400
2d00
0000
e200
3c00
0000
d300
1e00
0f00
e200
0f00
f100
e200
2d00
0000
0000
6900
2d00
f100
4b00
2d00
d300
1e00
3c00
f100
1e00
3c00
e200
0f00
5a00
0780
f100
2580
0780
0000
1680
f100
0000
2580
0780
0780
0f00
0000
0780
0780
e200
f100
2d00
0000
e200
0f00
f100
f100
0000
e200
0f00
2d00
e200
e200
3c00
0f00
c400
f880
0000
d300
0000
f880
cb80
1e00
2580
e200
1e00
2d00
e200
e980
f880
f100
f880
e980
e200
f880
0780
0000
f880
0000
e200
e980
0780
da80
da80
0780
f100
e200
0780
0708
d997
f9fc
fa5c
cdb6
fdda
2afc
ec4c
ed87
0cad
ede1
1c02
2941
eaac
2801
5280
e200
e200
4b00
0000
c400
2d00
0f00
e200
3c00
0f00
d300
2d00
1e00
d300
0f00
2d00
0000
0f00
0000
f100
2d00
1e00
0000
1e00
0f00
0f00
4b00
3c00
e200
f100
3c00
0000
f100
3c00
0f00
0000
3c00
f100
c400
2d00
1e00
f100
1e00
0f00
0000
2d00
0000
e200
1680
0780
e980
1680
0780
e200
0780
0f00
da80
0000
3480
f100
f880
0f00
da80
0f00
0f00
c400
0f00
2d00
d300
f100
1e00
d300
f100
1e00
e200
f100
1e00
e200
e200
2d00
e200
c400
2d00
e200
c400
3c00
0f00
d300
2d00
0000
c400
1e00
0f00
d300
1e00
1e00
d300
0f00
2580
f100
2d00
2580
da80
f880
0000
da80
0780
f880
da80
2580
1680
d300
0000
1680
cb80
e200
2580
0000
0780
1e00
da80
d300
0780
f880
da80
f880
0000
e200
fa60
18ba
0fae
ffb3
f836
e9b2
d496
decc
efdf
e1e0
f2c2
fb15
ec62
ed9b
eec0
e854
e200
f100
f880
0780
f880
0000
1e00
f880
0000
0f00
e200
0f00
1e00
d300
0000
2d00
d300
e200
4b00
0000
c400
2d00
1e00
d300
0f00
2d00
f100
0000
0f00
e200
0000
2d00
e200
d300
1e00
2580
0f00
f880
f100
0f00
0f00
d300
e980
2d00
0000
f100
1e00
e980
c400
0f00
0f00
e200
2d00
4b00
f100
0000
3c00
f100
d300
2d00
0000
e200
1e00
0f00
e200
0f00
0f00
d300
e200
0780
f880
e980
f880
f100
0780
3480
e980
d300
0780
da80
da80
1680
0000
f880
1e00
f880
da80
f880
0780
0000
e980
0000
0f00
e980
0000
1e00
e200
e200
2d00
0780
e980
1680
0f00
0000
0f00
0000
f880
1e00
0000
da80
1680
1e00
e200
0000
3480
f880
e200
1680
0000
da80
0000
0000
e200
0780
0f00
e200
0000
1680
f880
f880
0000
f100
f880
0f00
0780
0780
1680
f880
e200
0780
f880
e200
0f00
0000
f100
0ff0
f0f1
f1e1
1fc2
f0c5
f1b7
019a
e380
0348
1213
d4f0
04a1
4056
0f50
0e5b
1e00
c400
c400
1e00
f100
d300
2d00
0f00
f100
0f00
e200
d300
1e00
1e00
f100
0000
1680
f880
f880
0780
f880
e980
f880
0000
f100
f880
0780
f880
f880
1e00
0780
f100
0780
f880
f100
f880
0000
0000
e980
e980
0000
f100
d300
f880
0780
da80
0780
1e00
e980
0000
1e00
e200
f100
1e00
0000
0000
0780
f880
0000
0000
0000
1680
0f00
0000
0f00
0f00
f880
0000
0780
f880
2d00
3480
e980
0f00
2580
e980
0000
0000
e200
1e00
2580
e980
0000
0f00
f100
0780
0f00
1680
2580
0780
e980
0000
0f00
f880
0780
0f00
ff10
ff1f
f02c
0029
2d25
0c51
ed8b
1bb1
19f5
eb54
289e
3514
e6c2
1555
4ffe
fffe
e980
1e00
f880
e980
1680
1680
0f00
1680
1e00
1680
f100
0780
1680
0000
0000
0780
0f00
0780
f100
f100
0f00
f880
da80
0f00
0f00
e980
1e00
2d00
e200
0000
2580
d300
d300
0f00
e200
da80
1680
e200
e200
2d00
f880
da80
2580
1680
e980
0f00
f880
e200
1680
0000
da80
0f00
0780
da80
0780
0000
d300
0000
1680
0780
0f00
0780
f100
f880
1e00
0000
d300
0f00
3c00
0f00
0000
0f00
e200
f100
0f00
d300
e200
3c00
1e00
e200
0780
0f00
f100
f100
e200
d300
1680
2580
da80
e980
2580
f880
da80
0f00
0780
f100
0780
e200
d300
f880
f880
e980
e980
f100
f100
0780
f100
da80
0f00
f880
d300
0000
0000
d300
0780
1e00
da80
f880
0f00
d300
da80
0f00
f100
e200
0780
1680
0780
e200
e020
f4de
f950
f5fb
f69a
faf0
f781
f808
0b47
0a91
fae7
0df7
0d16
f5c4
eb27
f7b3
0780
0000
0780
0f00
0000
f100
e980
0780
0780
f880
1680
0000
f100
0000
0000
f880
0780
1680
e980
f100
0780
f100
f880
2580
1680
0780
1e00
0780
e980
f880
0f00
e980
d300
0000
0f00
0f00
1e00
0000
f100
2d00
0f00
d300
0f00
0f00
e200
0000
0000
f100
0ff0
f0f1
b5e1
e782
0709
e897
ea0c
096b
ead3
dd24
fd51
d07b
e272
114a
e335
e500
1e00
f100
d300
1e00
0000
b500
0f00
1e00
c400
f100
0f00
d300
0000
2d00
d300
f100
3c00
e200
d300
0f00
e200
f100
1e00
d300
d300
1e00
f100
0000
4b00
0000
0000
4b00
e200
c400
3c00
0f00
d300
2d00
1e00
e200
1e00
0f00
f100
2d00
0f00
e200
0f00
0000
f100
1e00
f100
e200
1e00
e200
d300
2d00
1e00
0000
2d00
0000
e200
1e00
2d00
f100
0f00
3c00
1e00
1e00
1e00
0000
0f00
1e00
e200
f100
2d00
f100
e200
1e00
0f00
d300
f100
0f00
e200
f100
f880
f100
1680
0f00
e980
f100
2580
1e00
0000
0f00
0000
f100
0f00
0780
0000
1e00
0000
da80
f100
f880
f880
0780
f100
0000
2580
0f00
0000
1e00
1e00
0780
f880
0000
2580
0780
f100
2580
2580
f880
f100
1680
1e00
e200
e200
0780
0780
0780
0780
0000
0000
1e00
0f00
da80
1680
2580
e980
0780
0f00
e980
0780
0780
f100
1e00
2d00
0f00
2d00
2d00
e200
0000
2d00
f100
0000
1e00
e200
1e00
3c00
e200
0f00
3c00
f100
0f00
2d00
e200
0000
1e00
e200
f100
0f00
d300
e200
1e00
f100
f100
2580
1e00
0000
0000
f880
0780
1680
d300
d300
1e00
0000
da80
f100
0780
2580
f880
c400
0000
0f00
c400
f100
3c00
0000
0f00
2d00
e200
0000
1e00
d300
e200
0f00
f100
0780
1e00
f880
0780
1680
e200
e980
1e00
e980
e200
2580
f100
e200
1e00
0f00
e200
e3e0
f4a2
fcd7
0488
e63f
f6da
156c
ee95
f72a
15b7
f65a
e7f4
0ef4
ff04
ca93
fae8
1e00
0000
0000
0000
e200
f100
0000
c400
e200
2d00
f100
f100
3c00
0f00
e200
1e00
0000
da80
3480
1e00
d300
1680
0f00
cb80
2d00
3480
d300
0f00
2d00
da80
0000
3480
e200
0000
3c00
e200
e200
2d00
0f00
f100
0f00
0f00
0000
0000
0000
e200
f100
1e00
14a0
f556
0500
13b0
0375
033c
ec88
fcbf
29f2
0952
f9bc
1fa0
0726
0e33
32ce
02a1
0f00
3c00
f100
e200
2d00
f100
c400
0f00
0f00
d300
0f00
3c00
e200
0000
3c00
f100
0000
1e00
f100
0f00
1680
e200
0f00
2d00
f100
0000
1680
f880
0f00
2d00
f880
e980
3c00
1e00
f100
2d00
0f00
e200
1e00
0f00
f100
2d00
0f00
f100
4b00
3c00
d300
0000
2d00
f100
0000
0f00
d300
f100
0000
d300
f100
0000
f100
0f00
0000
f100
0000
0000
ed40
fd6c
0c95
f90a
f1f9
e798
e91e
fd4c
0137
0c62
0f5b
0324
02f1
0e01
f6a0
feb6
3480
0000
da80
0f00
1e00
e200
e200
0000
f880
0780
f880
e980
0780
0000
e980
f880
0f78
ff80
0e88
2b9f
f464
fc9d
1ad2
f3a4
0ae9
2839
0f34
f7c0
ffc4
e947
c531
df5d
f880
0780
0780
e980
0000
2d00
0000
d300
f100
f100
e200
0000
f880
d300
0780
1e00
d300
f100
1680
0000
1680
0000
e200
0780
0000
cb80
f100
3480
0780
f100
0000
e980
f880
0780
e980
f100
2580
1e00
f100
0000
0f00
1680
0f00
d300
da80
0000
0000
f880
e980
0000
1680
f880
e980
1680
0780
e980
1e00
1680
f880
3480
2d00
f100
0f00
f880
e980
0f00
e200
e980
1680
0780
0780
1680
0f00
0f00
0780
e200
f880
1e00
e980
f880
1e00
e980
f100
1680
e200
e200
2580
0000
e980
1680
0780
f880
0780
0780
f880
f880
e200
0000
1e00
e980
e980
1e00
1680
e980
0780
1680
0780
1680
f100
da80
2d00
2d00
c400
f100
2d00
d300
f100
2d00
e200
0f00
1e00
d300
0f00
0f00
c400
1e00
1e00
b500
0000
1e00
c400
0000
1e00
d300
0000
1e00
c400
e200
2d00
f100
e200
1e00
f100
d300
f880
da80
d300
1680
0780
e980
3480
1e00
d300
0000
1680
da80
d300
1680
1e00
0780
0000
0780
0f00
0000
e200
e980
1e00
0f00
e200
f100
0780
f880
0000
0000
d300
e980
f9e8
be49
d163
014b
f235
f310
02df
f3b0
0375
f43c
c7f8
e978
f9e0
eb42
fb8d
ecd3
f584
142b
0b67
e52f
ee5b
05f4
ef14
e8a2
db17
ec64
041d
ed5a
e704
f013
e990
eaf7
1680
0f00
e980
0780
2580
f100
e200
1680
0f00
f880
0f00
f880
f100
1680
f880
d300
0000
1e00
1680
1680
1e00
1680
1680
0f00
0000
1680
0780
0780
1680
f880
f880
2580
0f00
cb80
0780
3480
0780
0780
2d00
1680
0000
2d00
0000
cb80
0000
1e00
f100
e200
f880
0f00
1680
0780
1680
2580
f880
0780
1680
da80
f880
2d00
f100
d300
1680
0f00
d300
f100
f880
e200
0780
0780
da80
e980
0f00
e980
cb80
f880
0f00
e980
f880
0780
f880
0780
0780
0000
1e00
0780
da80
f880
0f00
f880
0780
0f00
f880
0780
0780
f100
0000
e980
e200
1e00
1680
f100
1680
1680
0000
2580
0780
e200
2580
1e00
da80
0f00
0f00
d300
0f00
1e00
e200
0f00
0f00
f100
1e00
f100
c400
2d00
0f00
c400
2d00
1e00
c400
1e00
0f00
c400
1e00
2d00
d300
0f00
1e00
e200
0f00
f100
c400
2d00
2d00
c400
0000
2d00
c400
f100
2d00
c400
e200
3c00
e200
d300
1e00
0000
e200
0f00
0000
f100
0000
e980
f880
1e00
0780
f100
0780
1680
0780
0f00
f880
e200
1680
1e00
f880
0780
2d00
0780
e980
1680
0780
e980
0000
1680
f100
0780
2d00
0000
0000
f880
e980
1e00
0000
d300
1e00
1e00
e200
0000
f100
d300
1e00
1e00
d300
0f00
3c00
f100
0f00
2d00
f100
0f00
2d00
e200
0000
2d00
e200
f100
3c00
0000
f100
2d00
0000
f100
1e00
0f00
0000
0f00
0000
f100
1e00
0f00
e200
0780
1e00
1680
1680
e980
e980
0f00
1680
1680
0000
f100
0000
0f00
0000
d300
d300
0f00
0000
c400
f100
1e00
d300
f100
2d00
e200
e200
2d00
f100
e200
0f00
d300
e200
3c00
0000
d300
1e00
0000
f100
1e00
0000
0000
2580
0528
e6d5
fee6
f777
f7fe
fffe
077e
1d86
1bad
fbf1
fc31
12ed
fb3d
0a88
27df
ffe0
0762
1d6b
f613
d130
e31d
11ea
10cb
e2bd
f390
28d7
0fc8
e1cb
f2ad
e481
c838
f100
0000
da80
f880
0f00
d300
f100
0f00
d300
e200
0000
f100
f880
0780
f880
0780
1e00
0000
0780
0f00
e980
e980
1680
f880
e980
1680
e980
e200
0f00
f100
da80
1e00
1e00
e200
0f00
0780
da80
e980
f100
f880
f880
1680
0000
f100
1680
f100
f880
2d00
f880
e200
1680
f880
da80
1e00
1680
d300
0f00
1e00
f100
1680
0f00
da80
0780
1e00
e200
0000
3480
0f00
0780
1680
0000
1680
1680
0000
2580
2580
0780
0000
0f00
0780
e200
f100
0000
e200
0000
3c00
0000
e200
2d00
1e00
0000
1e00
0f00
0000
1e00
0f00
f100
0000
0780
0f00
0f00
1680
0f00
0780
0780
e200
da80
0f00
2580
0000
0000
1680
0000
1680
1e00
f880
f880
0780
f100
0000
2580
0000
e200
0780
1e00
0000
f100
0780
0b40
0780
fc40
0780
12c0
03c0
0f00
0b40
03c0
f880
f4c0
0b40
f880
f880
0780
fc40
0f00
1e00
f880
e200
1680
1680
da80
0f00
2d00
f100
0780
1e00
e200
f100
1680
e980
f100
0f00
e200
0f00
2d00
d300
0000
2d00
d300
0000
2d00
c400
f100
4b00
e200
e200
4b00
0000
f100
2d00
e200
d300
0f00
e200
e200
2d00
0000
f100
2d00
f100
e200
2d00
f880
d300
1680
1e00
f880
0f00
0000
e200
0f00
0000
e980
2580
0000
cb80
0780
0780
d300
0f00
1e00
d300
f100
1e00
c400
b500
0000
f100
f100
2d00
0000
d300
1e00
0f00
d300
0f00
0f00
0000
0f00
d300
e200
3c00
0000
d300
0f00
0000
f100
1e00
f100
e200
3c00
1e00
e200
1e00
0f00
f100
0f00
f100
e200
0f00
f100
f100
2d00
e200
f100
3c00
e200
d300
3c00
0000
b500
1e00
3c00
e200
0000
2d00
e200
e200
0f00
d300
e200
2d00
f100
e980
1e00
f100
f100
0f00
e200
0000
2580
e200
e200
1e00
e980
cb80
1680
0780
da80
0000
0000
f100
0000
0f00
f880
e200
f100
f100
0000
f880
da80
f880
e200
e200
0f00
f880
d300
e980
0f00
0780
e980
f100
0f00
f880
f100
0f00
0780
f100
0780
1680
f100
d300
0780
1680
da80
0000
1e00
e200
0000
1680
e980
f880
3480
0780
d300
0000
f880
e980
12c0
1a40
0780
0f00
0f00
f100
f880
12c0
03c0
f880
0780
f4c0
f880
0b40
0000
0000
0780
f880
f880
0f00
f880
e200
1e00
0f00
cb80
f880
2d00
f880
e200
1680
0000
f100
2580
f880
e980
1680
0000
0780
0f00
e980
0f00
1680
e200
1e00
2d00
e200
0f00
1e00
0000
2d00
0f00
e200
2d00
1e00
c400
0000
2d00
e200
0000
2d00
0000
0f00
1e00
0000
0f00
3c00
0f00
0f00
3c00
0000
e200
1e00
0000
e200
1e00
1e00
e200
0000
1e00
e200
0f00
2580
da80
0f00
1e00
cb80
f100
0f00
e200
f100
0780
e200
0000
2580
e980
0000
2d00
f100
e980
1680
f100
e980
0000
f100
0000
0780
da80
f100
0780
e980
0780
2580
e200
e980
2580
f880
da80
0000
0f00
0f00
0780
f100
0f00
0780
e200
1680
0780
d300
0780
1e00
e200
e200
0780
f100
f880
1e00
0000
f880
0780
e980
0000
1e00
f100
0000
2580
f100
e200
1680
f880
e200
2d00
0000
cb80
1680
0f00
da80
1680
3480
e200
0000
2d00
d300
0000
1e00
d300
0f00
1e00
c400
f100
3c00
f100
e200
1e00
e200
f100
4b00
0000
d300
3c00
0f00
b500
f100
0000
e200
0f00
0f00
e200
0000
0f00
f100
0780
f100
f100
2d00
0f00
e980
0f00
0780
e980
0780
f880
e980
2580
0780
e200
0780
1680
e980
e200
0780
f100
f880
1e00
f880
0000
3480
e980
cb80
1e00
0780
d300
0780
1e00
0780
1e00
0000
e980
3480
1680
da80
1e00
1e00
e980
0000
0f00
0f00
3480
0f00
e980
2d00
1e00
da80
f100
0780
f880
1e00
2d00
0f00
0780
0780
0780
0000
f880
f100
0f00
1680
e200
f100
0f00
da80
f880
2580
da80
e980
1680
cb80
da80
1e00
e200
d300
1e00
f100
c400
1e00
0f00
c400
0000
0f00
e200
0f00
0000
e200
1e00
0f00
f100
0f00
f100
c400
0f00
2d00
f100
0000
1e00
f100
e200
0000
0000
0000
0000
d300
f100
1e00
e980
e200
1680
0f00
f880
e980
d300
f880
0f00
d300
e980
2580
0000
f880
f880
da80
f358
0322
fb6f
19b7
181a
f898
f90e
00fd
00ec
0fdd
075e
f068
f8e1
0fd2
f0d4
db46
1680
2580
0000
0780
1e00
f880
0000
1e00
e200
f100
1e00
e980
e980
0780
0780
0000
f100
0000
1e00
0f00
f100
1e00
0f00
e200
2d00
4b00
f100
e200
0f00
0f00
0000
0000
f100
0f00
3480
f100
da80
1e00
1680
0000
0f00
e200
e980
2580
f100
da80
1680
0000
0780
1680
e980
f880
2580
0780
e200
1680
1680
e200
0780
2580
0780
0000
0f00
1680
0780
e200
f880
0f00
f880
0f00
3480
0f00
f880
2580
1e00
f880
0000
0f00
0780
0780
f100
1680
0000
f100
1e00
f880
f880
2580
f100
e980
0f00
e200
f100
1680
e200
f100
1e00
0000
f100
0f00
0f00
1e00
0f00
f100
0f00
2d00
f100
f100
1e00
e200
e200
3c00
0780
e200
3480
1680
cb80
1680
0780
cb80
2580
1e00
d300
0000
1680
e200
f880
1680
e980
0000
2d00
e980
d300
0780
0f00
e200
e980
0780
f100
0000
0000
cb80
0000
1e00
c400
e200
0f00
c400
d300
0f00
d300
d300
2d00
f100
d300
3c00
2d00
e200
0f00
0f00
d300
e980
f880
e200
0780
1e00
f880
f880
0000
e980
f880
1680
f100
f880
2580
0780
e200
0780
0f00
f100
1680
1680
da80
f100
2580
f880
e980
0f00
f880
f100
0000
e200
da80
0780
f880
da80
f880
e980
da80
0f00
f100
cb80
0f00
0780
da80
0f00
3480
e200
d300
1680
0780
f880
0f00
0780
f880
0f00
0780
f880
2580
1e00
f100
1e00
1e00
e200
0000
0f00
f100
f880
2580
2d00
0000
1680
2580
1680
0000
0780
2580
f880
f880
2d00
f100
da80
1e00
0f00
e980
1e00
1680
f880
0f00
e980
e200
1680
0f00
e200
1e00
2d00
e200
0f00
0f00
d300
1e00
2d00
d300
0000
3c00
f100
f100
2d00
0000
f100
1e00
f100
e200
0f00
d300
e200
1e00
e200
f100
3c00
0000
f100
4b00
1e00
e200
2d00
0f00
c400
1680
2580
d300
2580
3480
e200
1680
0780
d300
1e00
0f00
f100
2580
f880
f100
2d00
f100
d300
1680
f100
cb80
f880
e200
e200
1680
0000
da80
1680
2580
e200
f880
1680
0000
0f00
0000
e200
1e00
0f00
c400
f100
2d00
e200
f100
2d00
0f00
f100
0f00
0f00
f100
f100
f100
0000
1e00
f100
0000
3c00
f100
0000
3c00
f100
0000
3c00
f100
e200
2d00
f100
e200
3c00
0f00
e200
1e00
0f00
e200
0f00
0f00
f100
0f00
0f00
e200
0000
1e00
e980
f100
2580
0f00
0780
2580
f100
f880
2d00
e200
da80
2d00
f880
d300
1680
0000
f100
2580
e980
da80
2d00
1680
e980
1e00
1680
e200
0000
0f00
f100
0780
2580
0528
fd55
13fe
fc3e
ed7a
f622
05bf
1462
fc9b
f550
0c7b
f532
f5de
1c00
e5c0
ba64
f100
1680
f100
e200
f100
f880
0780
0f00
f880
0000
1680
f880
0000
1e00
0000
f880
2580
0f00
f100
0780
0f00
f100
0000
0f00
e980
1680
1e00
f100
2580
1e00
e200
f880
3c00
0000
d300
0f00
f100
f100
2d00
0000
f100
1e00
f100
e200
2d00
0f00
e200
2d00
2d00
e200
1e00
3c00
e200
f100
1e00
e200
0000
2d00
e200
f100
3c00
0f00
d300
f100
f100
f100
0f00
f100
e200
0000
f100
f100
0f00
f100
f100
2d00
f100
c400
0f00
f100
d300
2d00
0f00
e200
1e00
f100
d300
0f00
e200
f100
4b00
0000
c400
2d00
1e00
b500
0000
2d00
d300
0000
1e00
b500
f100
3c00
d300
f100
3c00
c400
f100
4b00
d300
e200
3c00
e200
f100
3c00
d300
e200
3c00
d300
d300
4b00
f100
c400
2d00
0000
c400
1e00
0f00
d300
1e00
1e00
e200
0f00
0f00
c400
0000
0000
c400
1e00
0f00
e200
0f00
e200
b500
0f00
0000
a600
0000
1e00
e200
0000
e200
b500
0f00
0f00
b500
f100
1e00
c400
f100
1e00
b500
e200
3c00
d300
e200
3c00
d300
c400
1e00
e200
e200
2d00
e200
e200
1e00
d300
e200
1e00
e200
e200
0f00
c400
d300
2d00
c400
b500
2d00
0000
c400
2d00
0f00
a600
0f00
1e00
c400
0000
0000
d300
0f00
f100
b500
0000
0000
d300
0f00
f100
d300
3c00
1e00
b500
0f00
3c00
c400
e200
3c00
f100
e200
0f00
e200
0000
3c00
e200
f100
5a00
0000
f100
4b00
0000
f100
4b00
0000
d300
3c00
0f00
c400
2d00
2d00
d300
1e00
3c00
e200
0f00
4b00
0f00
0000
1e00
1e00
0000
0000
0000
0f00
1e00
0000
f100
e980
f880
1680
0780
0780
2d00
1680
e200
f100
0780
f100
0000
1e00
f100
f880
0f00
0000
0000
f880
f100
1680
1e00
e980
e980
1680
f880
d300
f100
1680
0f00
f100
0000
0780
1680
1e00
0780
1e00
0000
e980
1e00
1e00
f880
0000
0f00
0000
0000
1680
0f00
0e10
32af
1183
f269
18c1
1734
15c0
0ce4
fd15
0c42
12fd
0a4c
0227
2003
1e01
ef20
1680
2580
e980
0780
1e00
d300
e980
2d00
e980
e200
1680
e980
da80
1680
e980
e200
3c00
0000
c400
0f00
0000
e200
1e00
f100
d300
2d00
0f00
d300
2d00
0f00
c400
1e00
0f00
c400
1e00
2d00
d300
0f00
1e00
d300
0000
0f00
c400
f100
1e00
e200
f100
2d00
0000
0000
1e00
0780
1e00
2580
f100
0000
2d00
f880
e980
1680
0000
0780
1680
0000
0000
0780
f100
f100
f880
da80
f100
1680
0780
0780
1e00
0780
f100
1680
0f00
e200
1e00
3c00
0000
0f00
1e00
f100
1e00
2d00
d300
0000
3c00
e200
f100
3c00
0000
f100
2d00
0000
e200
0f00
f100
f100
1e00
f100
f100
3c00
0f00
d300
0f00
0f00
f100
0f00
0780
f100
1e00
0780
da80
1680
2d00
f100
f880
1680
f100
f100
0780
da80
e200
2580
0000
e200
1e00
f100
c400
0000
e200
e200
1e00
f100
d300
1e00
f100
b500
0f00
0f00
e200
0f00
0000
d300
0000
f100
d300
0f00
f100
c400
0000
0f00
e200
f100
e200
c400
f880
0780
d300
f880
1680
e980
0780
1680
da80
0780
2580
e980
0780
0f00
f100
1e00
1e00
0000
0f00
f100
d300
1e00
2d00
d300
f100
3c00
0f00
e200
0000
f100
f100
2d00
0000
da80
3480
3480
f100
2580
2580
e200
2580
2580
e200
1e00
2d00
e980
0780
1e00
d300
0000
3c00
e200
0000
4b00
0f00
f100
0f00
e200
f100
3c00
0000
d300
2d00
1e00
da80
0780
f880
da80
1680
1e00
0780
0f00
0780
0f00
0f00
e980
0000
1e00
f100
f880
0f00
d300
d300
2d00
0780
d300
2580
0f00
d300
0000
e980
e200
3480
1680
d300
1680
2d00
e200
0000
1e00
e200
1e00
3c00
d300
0000
4b00
f100
f100
0000
e200
1e00
0f00
c400
0000
3c00
f100
e200
1e00
e200
f100
3c00
e200
d300
2d00
0000
d300
1e00
0f00
d300
1e00
0f00
c400
0000
1e00
f100
0000
1e00
f100
0000
1e00
f100
0000
0f00
0f00
0000
f100
f880
0f00
f100
d300
0780
0f00
f100
0000
f880
f100
0780
f880
f100
1e00
1e00
e980
e200
0780
0000
f100
0f00
0f00
0000
1680
0000
cb80
e980
0780
e200
f100
0ff0
fff1
fff1
0ef1
0e01
fe20
ef3e
f04a
f145
f22f
d50b
c8b9
172c
06b9
d94c
08b7
0000
f880
0f00
e200
e200
2580
1e00
f100
0780
0f00
e980
0780
0000
e200
0f00
2580
0780
0000
2580
0000
d300
f880
0000
f880
1680
0000
e980
1e00
0780
e200
0000
0780
e200
e200
0780
f880
e980
0f00
f880
f100
1e00
0000
e200
0780
f880
d300
f100
0000
da80
ebd8
039a
e560
d80a
0009
f887
d37d
ecc4
0bf7
de36
c9d2
eb34
f400
12c0
0a14
d300
0000
1e00
e980
cb80
0f00
2d00
f100
0f00
1e00
e200
0780
0f00
f100
2580
1e00
e200
0000
1e00
0000
1e00
2d00
e200
0f00
3c00
d300
0000
3c00
e200
0f00
5a00
f100
f100
3c00
f100
e200
2d00
f100
f100
4b00
0f00
e200
3c00
1e00
f100
1e00
0f00
e200
f880
0000
da80
0000
1680
e980
0780
2580
f100
f880
1e00
da80
d300
2580
0f00
f880
1e00
0f00
0000
1e00
0000
f100
2d00
0f00
d300
2d00
1e00
d300
1e00
0f00
b500
f100
0f00
c400
f100
0f00
e200
0000
f100
c400
0f00
1e00
b500
f100
2d00
c400
f100
3c00
e200
0000
0f00
a600
f100
2d00
b500
d300
1e00
a600
a600
0f00
c400
b500
1e00
e200
c400
1e00
e200
b500
1e00
f100
b500
1e00
0000
a600
0f00
0f00
b500
f100
1e00
f100
0f00
0000
c400
1e00
4b00
d300
e200
1e00
c400
e200
2d00
e200
0f00
5a00
f100
f100
3c00
e200
c400
2d00
0000
e200
3c00
0000
d300
1e00
0f00
e200
0f00
f100
e200
2d00
0000
0000
6900
2d00
f100
4b00
2d00
d300
1e00
3c00
f100
1e00
3c00
e200
0f00
5a00
0780
f100
2580
0780
0000
1680
f100
0000
2580
0780
0780
0f00
0000
0780
0780
e200
f100
2d00
0000
e200
0f00
f100
f100
0000
e200
0f00
2d00
e200
e200
3c00
0f00
c400
f880
0000
d300
0000
f880
cb80
1e00
2580
e200
1e00
2d00
e200
e980
f880
f100
f880
e980
e200
f880
0780
0000
f880
0000
e200
e980
0780
da80
da80
0780
f100
e200
0780
0708
d997
f9fc
fa5c
cdb6
fdda
2afc
ec4c
ed87
0cad
ede1
1c02
2941
eaac
2801
5280
e200
e200
4b00
0000
c400
2d00
0f00
e200
3c00
0f00
d300
2d00
1e00
d300
0f00
2d00
0000
0f00
0000
f100
2d00
1e00
0000
1e00
0f00
0f00
4b00
3c00
e200
f100
3c00
0000
f100
3c00
0f00
0000
3c00
f100
c400
2d00
1e00
f100
1e00
0f00
0000
2d00
0000
e200
1680
0780
e980
1680
0780
e200
0780
0f00
da80
0000
3480
f100
f880
0f00
da80
0f00
0f00
c400
0f00
2d00
d300
f100
1e00
d300
f100
1e00
e200
f100
1e00
e200
e200
2d00
e200
c400
2d00
e200
c400
3c00
0f00
d300
2d00
0000
c400
1e00
0f00
d300
1e00
1e00
d300
0f00
2580
f100
2d00
2580
da80
f880
0000
da80
0780
f880
da80
2580
1680
d300
0000
1680
cb80
e200
2580
0000
0780
1e00
da80
d300
0780
f880
da80
f880
0000
e200
fa60
18ba
0fae
ffb3
f836
e9b2
d496
decc
efdf
e1e0
f2c2
fb15
ec62
ed9b
eec0
e854
e200
f100
f880
0780
f880
0000
1e00
f880
0000
0f00
e200
0f00
1e00
d300
0000
2d00
d300
e200
4b00
0000
c400
2d00
1e00
d300
0f00
2d00
f100
0000
0f00
e200
0000
2d00
e200
d300
1e00
2580
0f00
f880
f100
0f00
0f00
d300
e980
2d00
0000
f100
1e00
e980
c400
0f00
0f00
e200
2d00
4b00
f100
0000
3c00
f100
d300
2d00
0000
e200
1e00
0f00
e200
0f00
0f00
d300
e200
0780
f880
e980
f880
f100
0780
3480
e980
d300
0780
da80
da80
1680
0000
f880
1e00
f880
da80
f880
0780
0000
e980
0000
0f00
e980
0000
1e00
e200
e200
2d00
0780
e980
1680
0f00
0000
0f00
0000
f880
1e00
0000
da80
1680
1e00
e200
0000
3480
f880
e200
1680
0000
da80
0000
0000
e200
0780
0f00
e200
0000
1680
f880
f880
0000
f100
f880
0f00
0780
0780
1680
f880
e200
0780
f880
e200
0f00
0000
f100
0ff0
f0f1
f1e1
1fc2
f0c5
f1b7
019a
e380
0348
1213
d4f0
04a1
4056
0f50
0e5b
1e00
c400
c400
1e00
f100
d300
2d00
0f00
f100
0f00
e200
d300
1e00
1e00
f100
0000
1680
f880
f880
0780
f880
e980
f880
0000
f100
f880
0780
f880
f880
1e00
0780
f100
0780
f880
f100
f880
0000
0000
e980
e980
0000
f100
d300
f880
0780
da80
0780
1e00
e980
0000
1e00
e200
f100
1e00
0000
0000
0780
f880
0000
0000
0000
1680
0f00
0000
0f00
0f00
f880
0000
0780
f880
2d00
3480
e980
0f00
2580
e980
0000
0000
e200
1e00
2580
e980
0000
0f00
f100
0780
0f00
1680
2580
0780
e980
0000
0f00
f880
0780
0f00
ff10
ff1f
f02c
0029
2d25
0c51
ed8b
1bb1
19f5
eb54
289e
3514
e6c2
1555
4ffe
fffe
e980
1e00
f880
e980
1680
1680
0f00
1680
1e00
1680
f100
0780
1680
0000
0000
0780
0f00
0780
f100
f100
0f00
f880
da80
0f00
0f00
e980
1e00
2d00
e200
0000
2580
d300
d300
0f00
e200
da80
1680
e200
e200
2d00
f880
da80
2580
1680
e980
0f00
f880
e200
1680
0000
da80
0f00
0780
da80
0780
0000
d300
0000
1680
0780
0f00
0780
f100
f880
1e00
0000
d300
0f00
3c00
0f00
0000
0f00
e200
f100
0f00
d300
e200
3c00
1e00
e200
0780
0f00
f100
f100
e200
d300
1680
2580
da80
e980
2580
f880
da80
0f00
0780
f100
0780
e200
d300
f880
f880
e980
e980
f100
f100
0780
f100
da80
0f00
f880
d300
0000
0000
d300
0780
1e00
da80
f880
0f00
d300
da80
0f00
f100
e200
0780
1680
0780
e200
e020
f4de
f950
f5fb
f69a
faf0
f781
f808
0b47
0a91
fae7
0df7
0d16
f5c4
eb27
f7b3
0780
0000
0780
0f00
0000
f100
e980
0780
0780
f880
1680
0000
f100
0000
0000
f880
0780
1680
e980
f100
0780
f100
f880
2580
1680
0780
1e00
0780
e980
f880
0f00
e980
d300
0000
0f00
0f00
1e00
0000
f100
2d00
0f00
d300
0f00
0f00
e200
0000
0000
f100
0ff0
f0f1
b5e1
e782
0709
e897
ea0c
096b
ead3
dd24
fd51
d07b
e272
114a
e335
e500
1e00
f100
d300
1e00
0000
b500
0f00
1e00
c400
f100
0f00
d300
0000
2d00
d300
f100
3c00
e200
d300
0f00
e200
f100
1e00
d300
d300
1e00
f100
0000
4b00
0000
0000
4b00
e200
c400
3c00
0f00
d300
2d00
1e00
e200
1e00
0f00
f100
2d00
0f00
e200
0f00
0000
f100
1e00
f100
e200
1e00
e200
d300
2d00
1e00
0000
2d00
0000
e200
1e00
2d00
f100
0f00
3c00
1e00
1e00
1e00
0000
0f00
1e00
e200
f100
2d00
f100
e200
1e00
0f00
d300
f100
0f00
e200
f100
f880
f100
1680
0f00
e980
f100
2580
1e00
0000
0f00
0000
f100
0f00
0780
0000
1e00
0000
da80
f100
f880
f880
0780
f100
0000
2580
0f00
0000
1e00
1e00
0780
f880
0000
2580
0780
f100
2580
2580
f880
f100
1680
1e00
e200
e200
0780
0780
0780
0780
0000
0000
1e00
0f00
da80
1680
2580
e980
0780
0f00
e980
0780
0780
f100
1e00
2d00
0f00
2d00
2d00
e200
0000
2d00
f100
0000
1e00
e200
1e00
3c00
e200
0f00
3c00
f100
0f00
2d00
e200
0000
1e00
e200
f100
0f00
d300
e200
1e00
f100
f100
2580
1e00
0000
0000
f880
0780
1680
d300
d300
1e00
0000
da80
f100
0780
2580
f880
c400
0000
0f00
c400
f100
3c00
0000
0f00
2d00
e200
0000
1e00
d300
e200
0f00
f100
0780
1e00
f880
0780
1680
e200
e980
1e00
e980
e200
2580
f100
e200
1e00
0f00
e200
e3e0
f4a2
fcd7
0488
e63f
f6da
156c
ee95
f72a
15b7
f65a
e7f4
0ef4
ff04
ca93
fae8
1e00
0000
0000
0000
e200
f100
0000
c400
e200
2d00
f100
f100
3c00
0f00
e200
1e00
0000
da80
3480
1e00
d300
1680
0f00
cb80
2d00
3480
d300
0f00
2d00
da80
0000
3480
e200
0000
3c00
e200
e200
2d00
0f00
f100
0f00
0f00
0000
0000
0000
e200
f100
1e00
14a0
f556
0500
13b0
0375
033c
ec88
fcbf
29f2
0952
f9bc
1fa0
0726
0e33
32ce
02a1
0f00
3c00
f100
e200
2d00
f100
c400
0f00
0f00
d300
0f00
3c00
e200
0000
3c00
f100
0000
1e00
f100
0f00
1680
e200
0f00
2d00
f100
0000
1680
f880
0f00
2d00
f880
e980
3c00
1e00
f100
2d00
0f00
e200
1e00
0f00
f100
2d00
0f00
f100
4b00
3c00
d300
0000
2d00
f100
0000
0f00
d300
f100
0000
d300
f100
0000
f100
0f00
0000
f100
0000
0000
ed40
fd6c
0c95
f90a
f1f9
e798
e91e
fd4c
0137
0c62
0f5b
0324
02f1
0e01
f6a0
feb6
3480
0000
da80
0f00
1e00
e200
e200
0000
f880
0780
f880
e980
0780
0000
e980
f880
0f78
ff80
0e88
2b9f
f464
fc9d
1ad2
f3a4
0ae9
2839
0f34
f7c0
ffc4
e947
c531
df5d
f880
0780
0780
e980
0000
2d00
0000
d300
f100
f100
e200
0000
f880
d300
0780
1e00
d300
f100
1680
0000
1680
0000
e200
0780
0000
cb80
f100
3480
0780
f100
0000
e980
f880
0780
e980
f100
2580
1e00
f100
0000
0f00
1680
0f00
d300
da80
0000
0000
f880
e980
0000
1680
f880
e980
1680
0780
e980
1e00
1680
f880
3480
2d00
f100
0f00
f880
e980
0f00
e200
e980
1680
0780
0780
1680
0f00
0f00
0780
e200
f880
1e00
e980
f880
1e00
e980
f100
1680
e200
e200
2580
0000
e980
1680
0780
f880
0780
0780
f880
f880
e200
0000
1e00
e980
e980
1e00
1680
e980
0780
1680
0780
1680
f100
da80
2d00
2d00
c400
f100
2d00
d300
f100
2d00
e200
0f00
1e00
d300
0f00
0f00
c400
1e00
1e00
b500
0000
1e00
c400
0000
1e00
d300
0000
1e00
c400
e200
2d00
f100
e200
1e00
f100
d300
f880
da80
d300
1680
0780
e980
3480
1e00
d300
0000
1680
da80
d300
1680
1e00
0780
0000
0780
0f00
0000
e200
e980
1e00
0f00
e200
f100
0780
f880
0000
0000
d300
e980
f9e8
be49
d163
014b
f235
f310
02df
f3b0
0375
f43c
c7f8
e978
f9e0
eb42
fb8d
ecd3
f584
142b
0b67
e52f
ee5b
05f4
ef14
e8a2
db17
ec64
041d
ed5a
e704
f013
e990
eaf7
1680
0f00
e980
0780
2580
f100
e200
1680
0f00
f880
0f00
f880
f100
1680
f880
d300
0000
1e00
1680
1680
1e00
1680
1680
0f00
0000
1680
0780
0780
1680
f880
f880
2580
0f00
cb80
0780
3480
0780
0780
2d00
1680
0000
2d00
0000
cb80
0000
1e00
f100
e200
f880
0f00
1680
0780
1680
2580
f880
0780
1680
da80
f880
2d00
f100
d300
1680
0f00
d300
f100
f880
e200
0780
0780
da80
e980
0f00
e980
cb80
f880
0f00
e980
f880
0780
f880
0780
0780
0000
1e00
0780
da80
f880
0f00
f880
0780
0f00
f880
0780
0780
f100
0000
e980
e200
1e00
1680
f100
1680
1680
0000
2580
0780
e200
2580
1e00
da80
0f00
0f00
d300
0f00
1e00
e200
0f00
0f00
f100
1e00
f100
c400
2d00
0f00
c400
2d00
1e00
c400
1e00
0f00
c400
1e00
2d00
d300
0f00
1e00
e200
0f00
f100
c400
2d00
2d00
c400
0000
2d00
c400
f100
2d00
c400
e200
3c00
e200
d300
1e00
0000
e200
0f00
0000
f100
0000
e980
f880
1e00
0780
f100
0780
1680
0780
0f00
f880
e200
1680
1e00
f880
0780
2d00
0780
e980
1680
0780
e980
0000
1680
f100
0780
2d00
0000
0000
f880
e980
1e00
0000
d300
1e00
1e00
e200
0000
f100
d300
1e00
1e00
d300
0f00
3c00
f100
0f00
2d00
f100
0f00
2d00
e200
0000
2d00
e200
f100
3c00
0000
f100
2d00
0000
f100
1e00
0f00
0000
0f00
0000
f100
1e00
0f00
e200
0780
1e00
1680
1680
e980
e980
0f00
1680
1680
0000
f100
0000
0f00
0000
d300
d300
0f00
0000
c400
f100
1e00
d300
f100
2d00
e200
e200
2d00
f100
e200
0f00
d300
e200
3c00
0000
d300
1e00
0000
f100
1e00
0000
0000
2580
0528
e6d5
fee6
f777
f7fe
fffe
077e
1d86
1bad
fbf1
fc31
12ed
fb3d
0a88
27df
ffe0
0762
1d6b
f613
d130
e31d
11ea
10cb
e2bd
f390
28d7
0fc8
e1cb
f2ad
e481
c838
f100
0000
da80
f880
0f00
d300
f100
0f00
d300
e200
0000
f100
f880
0780
f880
0780
1e00
0000
0780
0f00
e980
e980
1680
f880
e980
1680
e980
e200
0f00
f100
da80
1e00
1e00
e200
0f00
0780
da80
e980
f100
f880
f880
1680
0000
f100
1680
f100
f880
2d00
f880
e200
1680
f880
da80
1e00
1680
d300
0f00
1e00
f100
1680
0f00
da80
0780
1e00
e200
0000
3480
0f00
0780
1680
0000
1680
1680
0000
2580
2580
0780
0000
0f00
0780
e200
f100
0000
e200
0000
3c00
0000
e200
2d00
1e00
0000
1e00
0f00
0000
1e00
0f00
f100
0000
0780
0f00
0f00
1680
0f00
0780
0780
e200
da80
0f00
2580
0000
0000
1680
0000
1680
1e00
f880
f880
0780
f100
0000
2580
0000
e200
0780
1e00
0000
f100
0780
0b40
0780
fc40
0780
12c0
03c0
0f00
0b40
03c0
f880
f4c0
0b40
f880
f880
0780
fc40
0f00
1e00
f880
e200
1680
1680
da80
0f00
2d00
f100
0780
1e00
e200
f100
1680
e980
f100
0f00
e200
0f00
2d00
d300
0000
2d00
d300
0000
2d00
c400
f100
4b00
e200
e200
4b00
0000
f100
2d00
e200
d300
0f00
e200
e200
2d00
0000
f100
2d00
f100
e200
2d00
f880
d300
1680
1e00
f880
0f00
0000
e200
0f00
0000
e980
2580
0000
cb80
0780
0780
d300
0f00
1e00
d300
f100
1e00
c400
b500
0000
f100
f100
2d00
0000
d300
1e00
0f00
d300
0f00
0f00
0000
0f00
d300
e200
3c00
0000
d300
0f00
0000
f100
1e00
f100
e200
3c00
1e00
e200
1e00
0f00
f100
0f00
f100
e200
0f00
f100
f100
2d00
e200
f100
3c00
e200
d300
3c00
0000
b500
1e00
3c00
e200
0000
2d00
e200
e200
0f00
d300
e200
2d00
f100
e980
1e00
f100
f100
0f00
e200
0000
2580
e200
e200
1e00
e980
cb80
1680
0780
da80
0000
0000
f100
0000
0f00
f880
e200
f100
f100
0000
f880
da80
f880
e200
e200
0f00
f880
d300
e980
0f00
0780
e980
f100
0f00
f880
f100
0f00
0780
f100
0780
1680
f200
d600
0700
1500
dd00
0000
1c00
e400
0000
1500
eb00
f900
3100
0700
d600
0000
f900
eb00
1180
1880
0700
0e00
0e00
f200
f900
1180
0380
f900
0700
f580
f900
0a80
0000
0000
0700
f900
f900
0e00
f900
e400
1c00
0e00
cf00
f900
2a00
f900
e400
1500
0000
f200
2300
f900
eb00
1500
0000
0700
0e00
eb00
0e00
1500
e400
1c00
2a00
e400
0e00
1c00
0000
2a00
0e00
e400
2a00
1c00
c800
0000
2a00
e400
0000
2a00
0000
0e00
1c00
0000
0e00
3800
0e00
0e00
3800
0000
e400
1c00
0000
e400
1c00
1c00
e400
0000
1c00
e400
0e00
2300
dd00
0e00
1c00
cf00
f200
0e00
e400
f200
0700
e400
0000
2300
eb00
0000
2a00
f200
eb00
1500
f200
eb00
0000
f200
0000
0700
dd00
f200
0700
eb00
0700
2300
e400
eb00
2300
f900
dd00
0000
0e00
0e00
0700
f200
0e00
0700
e400
1500
0700
d600
0700
1c00
e400
e400
0700
f200
f900
1c00
0000
f900
0700
eb00
0000
1c00
f200
0000
2300
f200
e400
1500
f900
e400
2a00
0000
cf00
1500
0e00
dd00
1500
3100
e400
0000
2a00
d600
0000
1c00
d600
0e00
1c00
c800
f200
3800
f200
e400
1c00
e400
f200
4600
0000
d600
3800
0e00
ba00
f200
0000
e400
0e00
0e00
e400
0000
0e00
f200
0700
f200
f200
2a00
0e00
eb00
0e00
0700
eb00
0700
f900
eb00
2300
0700
e400
0700
1500
eb00
e400
0700
f200
f900
1c00
f900
0000
3100
eb00
cf00
1c00
0700
d600
0700
1c00
0700
1c00
0000
eb00
3100
1500
dd00
1c00
1c00
eb00
0000
0e00
0e00
3100
0e00
eb00
2a00
1c00
dd00
f200
0700
f900
1c00
2a00
0e00
0700
0700
0700
0000
f900
f200
0e00
1500
e400
f200
0e00
dd00
f900
2300
dd00
eb00
1500
cf00
dd00
1c00
e400
d600
1c00
f200
c800
1c00
0e00
c800
0000
0e00
e400
0e00
0000
e400
1c00
0e00
f200
0e00
f200
c800
0e00
2a00
f200
0000
1c00
f200
e400
0000
0000
0000
0000
d600
f200
1c00
eb00
e400
1500
0e00
f900
eb00
d600
f900
0e00
d600
eb00
2300
0000
f900
f900
dd00
f430
02ed
fbbd
1800
167f
f916
f985
00ec
00dc
0ece
06e0
f172
f95b
0ec4
f1d7
ddb9
1500
2300
0000
0700
1c00
f900
0000
1c00
e400
f200
1c00
eb00
eb00
0700
0700
0000
f200
0000
1c00
0e00
f200
1c00
0e00
e400
2a00
4600
f200
e400
0e00
0e00
0000
0000
f200
0e00
3100
f200
dd00
1c00
1500
0000
0e00
e400
eb00
2300
f200
dd00
1500
0000
0700
1500
eb00
f900
2300
0700
e400
1500
1500
e400
0700
2300
0700
0000
0e00
1500
0700
e400
f900
0e00
f900
0e00
3100
0e00
f900
2300
1c00
f900
0000
0e00
0700
0700
f200
1500
0000
f200
1c00
f900
f900
2300
f200
eb00
0e00
e400
f200
1500
e400
f200
1c00
0000
f200
0e00
0e00
1c00
0e00
f200
0e00
2a00
f200
f200
1c00
e400
e400
3800
0700
e400
3100
1500
cf00
1500
0700
cf00
2300
1c00
d600
0000
1500
e400
f900
1500
eb00
0000
2a00
eb00
d600
0700
0e00
e400
eb00
0700
f200
0000
0000
cf00
0000
1c00
c800
e400
0e00
c800
d600
0e00
d600
d600
2a00
f200
d600
3800
2a00
e400
0e00
0e00
d600
eb00
f900
e400
0700
1c00
f900
f900
0000
eb00
f900
1500
f200
f900
2300
0700
e400
0700
0e00
f200
1500
1500
dd00
f200
2300
f900
eb00
0e00
f900
f200
0000
e400
dd00
0700
f900
dd00
f900
eb00
dd00
0e00
f200
cf00
0e00
0700
dd00
0e00
3100
e400
d600
1500
0700
f900
0e00
0700
f900
0e00
0700
f900
2300
1c00
f200
1c00
1c00
e400
0000
0e00
f200
f900
2300
2a00
0000
1500
2300
1500
0000
0700
2300
f900
f900
2a00
f200
dd00
1c00
0e00
eb00
1c00
1500
f900
0e00
eb00
e400
1500
0e00
e400
1c00
2a00
e400
0e00
0e00
d600
1c00
2a00
d600
0000
3800
f200
f200
2a00
0000
f200
1c00
f200
e400
0e00
d600
e400
1c00
e400
f200
3800
0000
f200
4600
1c00
e400
2a00
0e00
c800
1500
2300
d600
2300
3100
e400
1500
0700
d600
1c00
0e00
f200
2300
f900
f200
2a00
f200
d600
1500
f200
cf00
f900
e400
e400
1500
0000
dd00
1500
2300
e400
f900
1500
0000
0e00
0000
e400
1c00
0e00
c800
f200
2a00
e400
f200
2a00
0e00
f200
0e00
0e00
f200
f200
f200
0000
1c00
f200
0000
3800
f200
0000
3800
f200
0000
3800
f200
e400
2a00
f200
e400
3800
0e00
e400
1c00
0e00
e400
0e00
0e00
f200
0e00
0e00
e400
0000
1c00
eb00
f200
2300
0e00
0700
2300
f200
f900
2a00
e400
dd00
2a00
f900
d600
1500
0000
f200
2300
eb00
dd00
2a00
1500
eb00
1c00
1500
e400
0000
0e00
f200
0700
2300
04d0
fd83
12a9
fc7e
eeb6
f6ca
055d
1306
fcd5
f606
0ba6
f5ea
f68b
1a22
e780
bf08
f200
1500
f200
e400
f200
f900
0700
0e00
f900
0000
1500
f900
0000
1c00
0000
f900
2300
0e00
f200
0700
0e00
f200
0000
0e00
eb00
1500
1c00
f200
2300
1c00
e400
f900
3800
0000
d600
0e00
f200
f200
2a00
0000
f200
1c00
f200
e400
2a00
0e00
e400
2a00
2a00
e400
1c00
3800
e400
f200
1c00
e400
0000
2a00
e400
f200
3800
0e00
d600
f200
f200
f200
0e00
f200
e400
0000
f200
f200
0e00
f200
f200
2a00
f200
c800
0e00
f200
d600
2a00
0e00
e400
1c00
f200
d600
0e00
e400
f200
4600
0000
c800
2a00
1c00
ba00
0000
2a00
d600
0000
1c00
ba00
f200
3800
d600
f200
3800
c800
f200
4600
d600
e400
3800
e400
f200
3800
d600
e400
3800
d600
d600
4600
f200
c800
2a00
0000
c800
1c00
0e00
d600
1c00
1c00
e400
0e00
0e00
c800
0000
0000
c800
1c00
0e00
e400
0e00
e400
ba00
0e00
0000
ac00
0000
1c00
e400
0000
e400
ba00
0e00
0e00
ba00
f200
1c00
c800
f200
1c00
ba00
e400
3800
d600
e400
3800
d600
c800
1c00
e400
e400
2a00
e400
e400
1c00
d600
e400
1c00
e400
e400
0e00
c800
d600
2a00
c800
ba00
2a00
0000
c800
2a00
0e00
ac00
0e00
1c00
c800
0000
0000
d600
0e00
f200
ba00
0000
0000
d600
0e00
f200
d600
3800
1c00
ba00
0e00
3800
c800
e400
3800
f200
e400
0e00
e400
0000
3800
e400
f200
5400
0000
f200
4600
0000
f200
4600
0000
d600
3800
0e00
c800
2a00
2a00
d600
1c00
3800
e400
0e00
4600
0e00
0000
1c00
1c00
0000
0000
0000
0e00
1c00
0000
f200
eb00
f900
1500
0700
0700
2a00
1500
e400
f200
0700
f200
0000
1c00
f200
f900
0e00
0000
0000
f900
f200
1500
1c00
eb00
eb00
1500
f900
d600
f200
1500
0e00
f200
0000
0700
1500
1c00
0700
1c00
0000
eb00
1c00
1c00
f900
0000
0e00
0000
0000
1500
0e00
0d20
2f4e
1058
f351
171b
15a8
144d
0c08
fd47
0b71
11b9
099c
0202
1de1
1c01
f040
1500
2300
eb00
0700
1c00
d600
eb00
2a00
eb00
e400
1500
eb00
dd00
1500
eb00
e400
3800
0000
c800
0e00
0000
e400
1c00
f200
d600
2a00
0e00
d600
2a00
0e00
c800
1c00
0e00
c800
1c00
2a00
d600
0e00
1c00
d600
0000
0e00
c800
f200
1c00
e400
f200
2a00
0000
0000
1c00
0700
1c00
2300
f200
0000
2a00
f900
eb00
1500
0000
0700
1500
0000
0000
0700
f200
f200
f900
dd00
f200
1500
0700
0700
1c00
0700
f200
1500
0e00
e400
1c00
3800
0000
0e00
1c00
f200
1c00
2a00
d600
0000
3800
e400
f200
3800
0000
f200
2a00
0000
e400
0e00
f200
f200
1c00
f200
f200
3800
0e00
d600
0e00
0e00
f200
0e00
0700
f200
1c00
0700
dd00
1500
2a00
f200
f900
1500
f200
f200
0700
dd00
e400
2300
0000
e400
1c00
f200
c800
0000
e400
e400
1c00
f200
d600
1c00
f200
ba00
0e00
0e00
e400
0e00
0000
d600
0000
f200
d600
0e00
f200
c800
0000
0e00
e400
f200
e400
c800
f900
0700
d600
f900
1500
eb00
0700
1500
dd00
0700
2300
eb00
0700
0e00
f200
1c00
1c00
0000
0e00
f200
d600
1c00
2a00
d600
f200
3800
0e00
e400
0000
f200
f200
2a00
0000
dd00
3100
3100
f200
2300
2300
e400
2300
2300
e400
1c00
2a00
eb00
0700
1c00
d600
0000
3800
e400
0000
4600
0e00
f200
0e00
e400
f200
3800
0000
d600
2a00
1c00
dd00
0700
f900
dd00
1500
1c00
0700
0e00
0700
0e00
0e00
eb00
0000
1c00
f200
f900
0e00
d600
d600
2a00
0700
d600
2300
0e00
d600
0000
eb00
e400
3100
1500
d600
1500
2a00
e400
0000
1c00
e400
1c00
3800
d600
0000
4600
f200
f200
0000
e400
1c00
0e00
c800
0000
3800
f200
e400
1c00
e400
f200
3800
e400
d600
2a00
0000
d600
1c00
0e00
d600
1c00
0e00
c800
0000
1c00
f200
0000
1c00
f200
0000
1c00
f200
0000
0e00
0e00
0000
f200
f900
0e00
f200
d600
0700
0e00
f200
0000
f900
f200
0700
f900
f200
1c00
1c00
eb00
e400
0700
0000
f200
0e00
0e00
0000
1500
0000
cf00
eb00
0700
e400
f200
0ee0
fff2
fff2
0df2
0d12
fe40
f05c
f156
f240
f31b
d7e8
cc68
15a1
0646
dbe1
0822
0000
f900
0e00
e400
e400
2300
1c00
f200
0700
0e00
eb00
0700
0000
e400
0e00
2300
0700
0000
2300
0000
d600
f900
0000
f900
1500
0000
eb00
1c00
0700
e400
0000
0700
e400
e400
0700
f900
eb00
0e00
f900
f200
1c00
0000
e400
0700
f900
d600
f200
0000
dd00
ed30
035d
e726
dab4
0008
f907
d675
ee0c
0b2b
e077
cd6f
ec97
f4cd
1180
0968
d600
0000
1c00
eb00
cf00
0e00
2a00
f200
0e00
1c00
e400
0700
0e00
f200
2300
1c00
e400
0000
1c00
0000
1c00
2a00
e400
0e00
3800
d600
0000
3800
e400
0e00
5400
f200
f200
3800
f200
e400
2a00
f200
f200
4600
0e00
e400
3800
1c00
f200
1c00
0e00
e400
f900
0000
dd00
0000
1500
eb00
0700
2300
f200
f900
1c00
dd00
d600
2300
0e00
f900
1c00
0e00
0000
1c00
0000
f200
2a00
0e00
d600
2a00
1c00
d600
1c00
0e00
ba00
f200
0e00
c800
f200
0e00
e400
0000
f200
c800
0e00
1c00
ba00
f200
2a00
c800
f200
3800
e400
0000
0e00
ac00
f200
2a00
ba00
d600
1c00
ac00
ac00
0e00
c800
ba00
1c00
e400
cc00
1a00
e600
bf00
1a00
f300
bf00
1a00
0000
b200
0d00
0d00
bf00
f300
1a00
f300
0d00
0000
cc00
1a00
4100
d900
e600
1a00
cc00
e600
2700
e600
0d00
4e00
f300
f300
3400
e600
cc00
2700
0000
e600
3400
0000
d900
1a00
0d00
e600
0d00
f300
e600
2700
0000
0000
5b00
2700
f300
4100
2700
d900
1a00
3400
f300
1a00
3400
e600
0d00
4e00
0680
f300
2080
0680
0000
1380
f300
0000
2080
0680
0680
0d00
0000
0680
0680
e600
f300
2700
0000
e600
0d00
f300
f300
0000
e600
0d00
2700
e600
e600
3400
0d00
cc00
f980
0000
d900
0000
f980
d280
1a00
2080
e600
1a00
2700
e600
ec80
f980
f300
f980
ec80
e600
f980
0680
0000
f980
0000
e600
ec80
0680
df80
df80
0680
f300
e600
0680
0618
deb6
fac9
fb1c
d46a
fe23
2541
eeec
effd
0afc
f04b
1846
23c1
ed84
22ab
4780
e600
e600
4100
0000
cc00
2700
0d00
e600
3400
0d00
d900
2700
1a00
d900
0d00
2700
0000
0d00
0000
f300
2700
1a00
0000
1a00
0d00
0d00
4100
3400
e600
f300
3400
0000
f300
3400
0d00
0000
3400
f300
cc00
2700
1a00
f300
1a00
0d00
0000
2700
0000
e600
1380
0680
ec80
1380
0680
e600
0680
0d00
df80
0000
2d80
f300
f980
0d00
df80
0d00
0d00
cc00
0d00
2700
d900
f300
1a00
d900
f300
1a00
e600
f300
1a00
e600
e600
2700
e600
cc00
2700
e600
cc00
3400
0d00
d900
2700
0000
cc00
1a00
0d00
d900
1a00
1a00
d900
0d00
2080
f300
2700
2080
df80
f980
0000
df80
0680
f980
df80
2080
1380
d900
0000
1380
d280
e600
2080
0000
0680
1a00
df80
d900
0680
f980
df80
f980
0000
e600
fb20
156e
0d97
ffbd
f940
ecab
da60
e339
f205
e5e4
f486
fbbd
ef00
f00f
f10d
eb7c
e600
f300
f980
0680
f980
0000
1a00
f980
0000
0d00
e600
0d00
1a00
d900
0000
2700
d900
e600
4100
0000
cc00
2700
1a00
d900
0d00
2700
f300
0000
0d00
e600
0000
2700
e600
d900
1a00
2080
0d00
f980
f300
0d00
0d00
d900
ec80
2700
0000
f300
1a00
ec80
cc00
0d00
0d00
e600
2700
4100
f300
0000
3400
f300
d900
2700
0000
e600
1a00
0d00
e600
0d00
0d00
d900
e600
0680
f980
ec80
f980
f300
0680
2d80
ec80
d900
0680
df80
df80
1380
0000
f980
1a00
f980
df80
f980
0680
0000
ec80
0000
0d00
ec80
0000
1a00
e600
e600
2700
0680
ec80
1380
0d00
0000
0d00
0000
f980
1a00
0000
df80
1380
1a00
e600
0000
2d80
f980
e600
1380
0000
df80
0000
0000
e600
0680
0d00
e600
0000
1380
f980
f980
0000
f300
f980
0d00
0680
0680
1380
f980
e600
0680
f980
e600
0d00
0000
f300
0dd0
f2f3
f3c3
1b86
f2cd
f39f
0163
e74d
02d8
0faa
daae
0403
37c2
0d45
0c71
1a00
cc00
cc00
1a00
f300
d900
2700
0d00
f300
0d00
e600
d900
1a00
1a00
f300
0000
1380
f980
f980
0680
f980
ec80
f980
0000
f300
f980
0680
f980
f980
1a00
0680
f300
0680
f980
f300
f980
0000
0000
ec80
ec80
0000
f300
d900
f980
0680
df80
0680
1a00
ec80
0000
1a00
e600
f300
1a00
0000
0000
0680
f980
0000
0000
0000
1380
0d00
0000
0d00
0d00
f980
0000
0680
f980
2700
2d80
ec80
0d00
2080
ec80
0000
0000
e600
1a00
2080
ec80
0000
0d00
f300
0680
0d00
1380
2080
0680
ec80
0000
0d00
f980
0680
0d00
ff30
ff3d
f248
0023
2720
0aad
f001
1800
167f
ee16
2334
2e00
ea20
127d
4554
fffe
ec80
1a00
f980
ec80
1380
1380
0d00
1380
1a00
1380
f300
0680
1380
0000
0000
0680
0d00
0680
f300
f300
0d00
f980
df80
0d00
0d00
ec80
1a00
2700
e600
0000
2080
d900
d900
0d00
e600
df80
1380
e600
e600
2700
f980
df80
2080
1380
ec80
0d00
f980
e600
1380
0000
df80
0d00
0680
df80
0680
0000
d900
0000
1380
0680
0d00
0680
f300
f980
1a00
0000
d900
0d00
3400
0d00
0000
0d00
e600
f300
0d00
d900
e600
3400
1a00
e600
0680
0d00
f300
f300
e600
d900
1380
2080
df80
ec80
2080
f980
df80
0d00
0680
f300
0680
e600
d900
f980
f980
ec80
ec80
f300
f300
0680
f300
df80
0d00
f980
d900
0000
0000
d900
0680
1a00
df80
f980
0d00
d900
df80
0d00
f300
e600
0680
1380
0680
e600
e460
f65a
fa34
f751
f7db
fb9d
f8a3
f918
09c6
0928
fb95
0c1a
0b57
f721
edef
f8ce
0680
0000
0680
0d00
0000
f300
ec80
0680
0680
f980
1380
0000
f300
0000
0000
f980
0680
1380
ec80
f300
0680
f300
f980
2080
1380
0680
1a00
0680
ec80
f980
0d00
ec80
d900
0000
0d00
0d00
1a00
0000
f300
2700
0d00
d900
0d00
0d00
e600
0000
0000
f300
0dd0
f2f3
bfc3
eac6
0619
ebb6
ecf9
0829
eda6
e1ca
fdad
d6d1
e663
0efc
e70c
e89a
1a00
f300
d900
1a00
0000
bf00
0d00
1a00
cc00
f300
0d00
d900
0000
2700
d900
f300
3400
e600
d900
0d00
e600
f300
1a00
d900
d900
1a00
f300
0000
4100
0000
0000
4100
e600
cc00
3400
0d00
d900
2700
1a00
e600
1a00
0d00
f300
2700
0d00
e600
0d00
0000
f300
1a00
f300
e600
1a00
e600
d900
2700
1a00
0000
2700
0000
e600
1a00
2700
f300
0d00
3400
1a00
1a00
1a00
0000
0d00
1a00
e600
f300
2700
f300
e600
1a00
0d00
d900
f300
0d00
e600
f300
f980
f300
1380
0d00
ec80
f300
2080
1a00
0000
0d00
0000
f300
0d00
0680
0000
1a00
0000
df80
f300
f980
f980
0680
f300
0000
2080
0d00
0000
1a00
1a00
0680
f980
0000
2080
0680
f300
2080
2080
f980
f300
1380
1a00
e600
e600
0680
0680
0680
0680
0000
0000
1a00
0d00
df80
1380
2080
ec80
0680
0d00
ec80
0680
0680
f300
1a00
2700
0d00
2700
2700
e600
0000
2700
f300
0000
1a00
e600
1a00
3400
e600
0d00
3400
f300
0d00
2700
e600
0000
1a00
e600
f300
0d00
d900
e600
1a00
f300
f300
2080
1a00
0000
0000
f980
0680
1380
d900
d900
1a00
0000
df80
f300
0680
2080
f980
cc00
0000
0d00
cc00
f300
3400
0000
0d00
2700
e600
0000
1a00
d900
e600
0d00
f300
0680
1a00
f980
0680
1380
e600
ec80
1a00
ec80
e600
2080
f300
e600
1a00
0d00
e600
e7a0
f626
fd43
03ed
e9ae
f812
1291
f0e7
f858
12d2
f7a3
eb29
0cf6
ff26
d1b3
fb96
1a00
0000
0000
0000
e600
f300
0000
cc00
e600
2700
f300
f300
3400
0d00
e600
1a00
0000
df80
2d80
1a00
d900
1380
0d00
d280
2700
2d80
d900
0d00
2700
df80
0000
2d80
e600
0000
3400
e600
e600
2700
0d00
f300
0d00
0d00
0000
0000
0000
e600
f300
1a00
11e0
f6c2
0455
1110
02ff
02ce
ef20
fd2e
245a
0814
fa92
1b68
0632
0c4e
2c08
0247
0d00
3400
f300
e600
2700
f300
cc00
0d00
0d00
d900
0d00
3400
e600
0000
3400
f300
0000
1a00
f300
0d00
1380
e600
0d00
2700
f300
0000
1380
f980
0d00
2700
f980
ec80
3400
1a00
f300
2700
0d00
e600
1a00
0d00
f300
2700
0d00
f300
4100
3400
d900
0000
2700
f300
0000
0d00
d900
f300
0000
d900
f300
0000
f300
0d00
0000
f300
0000
0000
efc0
fdc4
0ae7
f9f8
f3d8
ead9
ec2b
fda8
010d
0abb
0d4f
02b9
028d
0c23
f7e0
fee2
2d80
0000
df80
0d00
1a00
e600
e600
0000
f980
0680
f980
ec80
0680
0000
ec80
f980
0d68
ff91
0c98
25ce
f5f0
fd11
173e
f54a
0975
22dc
0d2d
f8da
ffcc
ec4f
cd08
e3b7
f980
0680
0680
ec80
0000
2700
0000
d900
f300
f300
e600
0000
f980
d900
0680
1a00
d900
f300
1380
0000
1380
0000
e600
0680
0000
d280
f300
2d80
0680
f300
0000
ec80
f980
0680
ec80
f300
2080
1a00
f300
0000
0d00
1380
0d00
d900
df80
0000
0000
f980
ec80
0000
1380
f980
ec80
1380
0680
ec80
1a00
1380
f980
2d80
2700
f300
0d00
f980
ec80
0d00
e600
ec80
1380
0680
0680
1380
0d00
0d00
0680
e600
f980
1a00
ec80
f980
1a00
ec80
f300
1380
e600
e600
2080
0000
ec80
1380
0680
f980
0680
0680
f980
f980
e600
0000
1a00
ec80
ec80
1a00
1380
ec80
0680
1380
0680
1380
f300
df80
2700
2700
cc00
f300
2700
d900
f300
2700
e600
0d00
1a00
d900
0d00
0d00
cc00
1a00
1a00
bf00
0000
1a00
cc00
0000
1a00
d900
0000
1a00
cc00
e600
2700
f300
e600
1a00
f300
d900
f980
df80
d900
1380
0680
ec80
2d80
1a00
d900
0000
1380
df80
d900
1380
1a00
0680
0000
0680
0d00
0000
e600
ec80
1a00
0d00
e600
f300
0680
f980
0000
0000
d900
ec80
fab8
c70c
d79a
011f
f40c
f4ca
027d
f554
02ff
f5ce
cf70
ec79
fab1
ee06
fc25
ef61
f6ea
117b
09e2
e8c2
f0b5
0529
f156
ebc0
e003
ef01
0391
efd6
ea59
f233
ec8e
edc5
1380
0d00
ec80
0680
2080
f300
e600
1380
0d00
f980
0d00
f980
f300
1380
f980
d900
0000
1a00
1380
1380
1a00
1380
1380
0d00
0000
1380
0680
0680
1380
f980
f980
2080
0d00
d280
0680
2d80
0680
0680
2700
1380
0000
2700
0000
d280
0000
1a00
f300
e600
f980
0d00
1380
0680
1380
2080
f980
0680
1380
df80
f980
2700
f300
d900
1380
0d00
d900
f300
f980
e600
0680
0680
df80
ec80
0d00
ec80
d280
f980
0d00
ec80
f980
0680
f980
0680
0680
0000
1a00
0680
df80
f980
0d00
f980
0680
0d00
f980
0680
0680
f300
0000
ec80
e600
1a00
1380
f300
1380
1380
0000
2080
0680
e600
2080
1a00
df80
0d00
0d00
d900
0d00
1a00
e600
0d00
0d00
f300
1a00
f300
cc00
2700
0d00
cc00
2700
1a00
cc00
1a00
0d00
cc00
1a00
2700
d900
0d00
1a00
e600
0d00
f300
cc00
2700
2700
cc00
0000
2700
cc00
f300
2700
cc00
e600
3400
e600
d900
1a00
0000
e600
0d00
0000
f300
0000
ec80
f980
1a00
0680
f300
0680
1380
0680
0d00
f980
e600
1380
1a00
f980
0680
2700
0680
ec80
1380
0680
ec80
0000
1380
f300
0680
2700
0000
0000
f980
ec80
1a00
0000
d900
1a00
1a00
e600
0000
f300
d900
1a00
1a00
d900
0d00
3400
f300
0d00
2700
f300
0d00
2700
e600
0000
2700
e600
f300
3400
0000
f300
2700
0000
f300
1a00
0d00
0000
0d00
0000
f300
1a00
0d00
e600
0680
1a00
1380
1380
ec80
ec80
0d00
1380
1380
0000
f300
0000
0d00
0000
d900
d900
0d00
0000
cc00
f300
1a00
d900
f300
2700
e600
e600
2700
f300
e600
0d00
d900
e600
3400
0000
d900
1a00
0000
f300
1a00
0000
0000
2080
0478
ea30
ff0c
f89a
f90f
fffe
067e
1996
17fc
fc7b
fcb3
1067
fbdf
0920
228e
ffe4
0666
197f
f766
d76e
e6f7
0f86
0e8e
e6a4
f538
2365
0dad
e5d2
f474
e82b
cfa8
f300
0000
df80
f980
0d00
d900
f300
0d00
d900
e600
0000
f300
f980
0680
f980
0680
1a00
0000
0680
0d00
ec80
ec80
1380
f980
ec80
1380
ec80
e600
0d00
f300
df80
1a00
1a00
e600
0d00
0680
df80
ec80
f300
f980
f980
1380
0000
f300
1380
f300
f980
2700
f980
e600
1380
f980
df80
1a00
1380
d900
0d00
1a00
f300
1380
0d00
df80
0680
1a00
e600
0000
2d80
0d00
0680
1380
0000
1380
1380
0000
2080
2080
0680
0000
0d00
0680
e600
f300
0000
e600
0000
3400
0000
e600
2700
1a00
0000
1a00
0d00
0000
1a00
0d00
f300
0000
0680
0d00
0d00
1380
0d00
0680
0680
e600
df80
0d00
2080
0000
0000
1380
0000
1380
1a00
f980
f980
0680
f300
0000
2080
0000
e600
0680
1a00
0000
f300
0680
09c0
0680
fcc0
0680
1040
0340
0d00
09c0
0340
f980
f640
09c0
f980
f980
0680
fcc0
0d00
1a00
f980
e600
1380
1380
df80
0d00
2700
f300
0680
1a00
e600
f300
1380
ec80
f300
0d00
e600
0d00
2700
d900
0000
2700
d900
0000
2700
cc00
f300
4100
e600
e600
4100
0000
f300
2700
e600
d900
0d00
e600
e600
2700
0000
f300
2700
f300
e600
2700
f980
d900
1380
1a00
f980
0d00
0000
e600
0d00
0000
ec80
2080
0000
d280
0680
0680
d900
0d00
1a00
d900
f300
1a00
cc00
bf00
0000
f300
f300
2700
0000
d900
1a00
0d00
dc00
0c00
0c00
0000
0c00
dc00
e800
3000
0000
dc00
0c00
0000
f400
1800
f400
e800
3000
1800
e800
1800
0c00
f400
0c00
f400
e800
0c00
f400
f400
2400
e800
f400
3000
e800
dc00
3000
0000
c400
1800
3000
e800
0000
2400
e800
e800
0c00
dc00
e800
2400
f400
ee00
1800
f400
f400
0c00
e800
0000
1e00
e800
e800
1800
ee00
d600
1200
0600
e200
0000
0000
f400
0000
0c00
fa00
e800
f400
f400
0000
fa00
e200
fa00
e800
e800
0c00
fa00
dc00
ee00
0c00
0600
ee00
f400
0c00
fa00
f400
0c00
0600
f400
0600
1200
f400
dc00
0600
1200
e200
0000
1800
e800
0000
1200
ee00
fa00
2a00
0600
dc00
0000
fa00
ee00
0f00
1500
0600
0c00
0c00
f400
fa00
0f00
0300
fa00
0600
f700
fa00
0900
0000
0000
0600
fa00
fa00
0c00
fa00
e800
1800
0c00
d600
fa00
2400
fa00
e800
1200
0000
f400
1e00
fa00
ee00
1200
0000
0600
0c00
ee00
0c00
1200
e800
1800
2400
e800
0c00
1800
0000
2400
0c00
e800
2400
1800
d000
0000
2400
e800
0000
2400
0000
0c00
1800
0000
0c00
3000
0c00
0c00
3000
0000
e800
1800
0000
e800
1800
1800
e800
0000
1800
e800
0c00
1e00
e200
0c00
1800
d600
f400
0c00
e800
f400
0600
e800
0000
1e00
ee00
0000
2400
f400
ee00
1200
f400
ee00
0000
f400
0000
0600
e200
f400
0600
ee00
0600
1e00
e800
ee00
1e00
fa00
e200
0000
0c00
0c00
0600
f400
0c00
0600
e800
1200
0600
dc00
0600
1800
e800
e800
0600
f400
fa00
1800
0000
fa00
0600
ee00
0000
1800
f400
0000
1e00
f400
e800
1200
fa00
e800
2400
0000
d600
1200
0c00
e200
1200
2a00
e800
0000
2400
dc00
0000
1800
dc00
0c00
1800
d000
f400
3000
f400
e800
1800
e800
f400
3c00
0000
dc00
3000
0c00
c400
f400
0000
e800
0c00
0c00
e800
0000
0c00
f400
0600
f400
f400
2400
0c00
ee00
0c00
0600
ee00
0600
fa00
ee00
1e00
0600
e800
0600
1200
ee00
e800
0600
f400
fa00
1800
fa00
0000
2a00
ee00
d600
1800
0600
dc00
0600
1800
0600
1800
0000
ee00
2a00
1200
e200
1800
1800
ee00
0000
0c00
0c00
2a00
0c00
ee00
2400
1800
e200
f400
0600
fa00
1800
2400
0c00
0600
0600
0600
0000
fa00
f400
0c00
1200
e800
f400
0c00
e200
fa00
1e00
e200
ee00
1200
d600
e200
1800
e800
dc00
1800
f400
d000
1800
0c00
d000
0000
0c00
e800
0c00
0000
e800
1800
0c00
f400
0c00
f400
d000
0c00
2400
f400
0000
1800
f400
e800
0000
0000
0000
0000
dc00
f400
1800
ee00
e800
1200
0c00
fa00
ee00
dc00
fa00
0c00
dc00
ee00
1e00
0000
fa00
fa00
e200
f5e0
0282
fc59
1492
1348
fa13
fa72
00ca
00bd
0cb1
05e5
f386
fa4e
0ca8
f3dd
e29f
1200
1e00
0000
0600
1800
fa00
0000
1800
e800
f400
1800
ee00
ee00
0600
0600
0000
f400
0000
1800
0c00
f400
1800
0c00
e800
2400
3c00
f400
e800
0c00
0c00
0000
0000
f400
0c00
2a00
f400
e200
1800
1200
0000
0c00
e800
ee00
1e00
f400
e200
1200
0000
0600
1200
ee00
fa00
1e00
0600
e800
1200
1200
e800
0600
1e00
0600
0000
0c00
1200
0600
e800
fa00
0c00
fa00
0c00
2a00
0c00
fa00
1e00
1800
fa00
0000
0c00
0600
0600
f400
1200
0000
f400
1800
fa00
fa00
1e00
f400
ee00
0c00
e800
f400
1200
e800
f400
1800
0000
f400
0c00
0c00
1800
0c00
f400
0c00
2400
f400
f400
1800
e800
e800
3000
0600
e800
2a00
1200
d600
1200
0600
d600
1e00
1800
dc00
0000
1200
e800
fa00
1200
ee00
0000
2400
ee00
dc00
0600
0c00
e800
ee00
0600
f400
0000
0000
d600
0000
1800
d000
e800
0c00
d000
dc00
0c00
dc00
dc00
2400
f400
dc00
3000
2400
e800
0c00
0c00
dc00
ee00
fa00
e800
0600
1800
fa00
fa00
0000
ee00
fa00
1200
f400
fa00
1e00
0600
e800
0600
0c00
f400
1200
1200
e200
f400
1e00
fa00
ee00
0c00
fa00
f400
0000
e800
e200
0600
fa00
e200
fa00
ee00
e200
0c00
f400
d600
0c00
0600
e200
0c00
2a00
e800
dc00
1200
0600
fa00
0c00
0600
fa00
0c00
0600
fa00
1e00
1800
f400
1800
1800
e800
0000
0c00
f400
fa00
1e00
2400
0000
1200
1e00
1200
0000
0600
1e00
fa00
fa00
2400
f400
e200
1800
0c00
ee00
1800
1200
fa00
0c00
ee00
e800
1200
0c00
e800
1800
2400
e800
0c00
0c00
dc00
1800
2400
dc00
0000
3000
f400
f400
2400
0000
f400
1800
f400
e800
0c00
dc00
e800
1800
e800
f400
3000
0000
f400
3c00
1800
e800
2400
0c00
d000
1200
1e00
dc00
1e00
2a00
e800
1200
0600
dc00
1800
0c00
f400
1e00
fa00
f400
2400
f400
dc00
1200
f400
d600
fa00
e800
e800
1200
0000
e200
1200
1e00
e800
fa00
1200
0000
0c00
0000
e800
1800
0c00
d000
f400
2400
e800
f400
2400
0c00
f400
0c00
0c00
f400
f400
f400
0000
1800
f400
0000
3000
f400
0000
3000
f400
0000
3000
f400
e800
2400
f400
e800
3000
0c00
e800
1800
0c00
e800
0c00
0c00
f400
0c00
0c00
e800
0000
1800
ee00
f400
1e00
0c00
0600
1e00
f400
fa00
2400
e800
e200
2400
fa00
dc00
1200
0000
f400
1e00
ee00
e200
2400
1200
ee00
1800
1200
e800
0000
0c00
f400
0600
1e00
0420
fdde
0fff
fcfe
f12e
f81b
0499
104e
fd49
f773
09fc
f75b
f7e5
1666
eb00
c850
f400
1200
f400
e800
f400
fa00
0600
0c00
fa00
0000
1200
fa00
0000
1800
0000
fa00
1e00
0c00
f400
0600
0c00
f400
0000
0c00
ee00
1200
1800
f400
1e00
1800
e800
fa00
3000
0000
dc00
0c00
f400
f400
2400
0000
f400
1800
f400
e800
2400
0c00
e800
2400
2400
e800
1800
3000
e800
f400
1800
e800
0000
2400
e800
f400
3000
0c00
dc00
f400
f400
f400
0c00
f400
e800
0000
f400
f400
0c00
f400
f400
2400
f400
d000
0c00
f400
dc00
2400
0c00
e800
1800
f400
dc00
0c00
e800
f400
3c00
0000
d000
2400
1800
c400
0000
2400
dc00
0000
1800
c400
f400
3000
dc00
f400
3000
d000
f400
3c00
dc00
e800
3000
e800
f400
3000
dc00
e800
3000
dc00
dc00
3c00
f400
d000
2400
0000
d000
1800
0c00
dc00
1800
1800
e800
0c00
0c00
d000
0000
0000
d000
1800
0c00
e800
0c00
e800
c400
0c00
0000
b800
0000
1800
e800
0000
e800
c400
0c00
0c00
c400
f400
1800
d000
f400
1800
c400
e800
3000
dc00
e800
3000
dc00
d000
1800
e800
e800
2400
e800
e800
1800
dc00
e800
1800
e800
e800
0c00
d000
dc00
2400
d000
c400
2400
0000
d000
2400
0c00
b800
0c00
1800
d000
0000
0000
dc00
0c00
f400
c400
0000
0000
dc00
0c00
f400
dc00
3000
1800
c400
0c00
3000
d000
e800
3000
f400
e800
0c00
e800
0000
3000
e800
f400
4800
0000
f400
3c00
0000
f400
3c00
0000
dc00
3000
0c00
d000
2400
2400
dc00
1800
3000
e800
0c00
3c00
0c00
0000
1800
1800
0000
0000
0000
0c00
1800
0000
f400
ee00
fa00
1200
0600
0600
2400
1200
e800
f400
0600
f400
0000
1800
f400
fa00
0c00
0000
0000
fa00
f400
1200
1800
ee00
ee00
1200
fa00
dc00
f400
1200
0c00
f400
0000
0600
1200
1800
0600
1800
0000
ee00
1800
1800
fa00
0000
0c00
0000
0000
1200
0c00
0b40
288c
0e02
f521
13ce
1290
1167
0a50
fdab
09cf
0f31
083d
01b9
199c
1801
f280
1200
1e00
ee00
0600
1800
dc00
ee00
2400
ee00
e800
1200
ee00
e200
1200
ee00
e800
3000
0000
d000
0c00
0000
e800
1800
f400
dc00
2400
0c00
dc00
2400
0c00
d000
1800
0c00
d000
1800
2400
dc00
0c00
1800
dc00
0000
0c00
d000
f400
1800
e800
f400
2400
0000
0000
1800
0600
1800
1e00
f400
0000
2400
fa00
ee00
1200
0000
0600
1200
0000
0000
0600
f400
f400
fa00
e200
f400
1200
0600
0600
1800
0600
f400
1200
0c00
e800
1800
3000
0000
0c00
1800
f400
1800
2400
dc00
0000
3000
e800
f400
3000
0000
f400
2400
0000
e800
0c00
f400
f400
1800
f400
f400
3000
0c00
dc00
0c00
0c00
f400
0c00
0600
f400
1800
0600
e200
1200
2400
f400
fa00
1200
f400
f400
0600
e200
e800
1e00
0000
e800
1800
f400
d000
0000
e800
e800
1800
f400
dc00
1800
f400
c400
0c00
0c00
e800
0c00
0000
dc00
0000
f400
dc00
0c00
f400
d000
0000
0c00
e800
f400
e800
d000
fa00
0600
dc00
fa00
1200
ee00
0600
1200
e200
0600
1e00
ee00
0600
0c00
f400
1800
1800
0000
0c00
f400
dc00
1800
2400
dc00
f400
3000
0c00
e800
0000
f400
f400
2400
0000
e200
2a00
2a00
f400
1e00
1e00
e800
1e00
1e00
e800
1800
2400
ee00
0600
1800
dc00
0000
3000
e800
0000
3c00
0c00
f400
0c00
e800
f400
3000
0000
dc00
2400
1800
e200
0600
fa00
e200
1200
1800
0600
0c00
0600
0c00
0c00
ee00
0000
1800
f400
fa00
0c00
dc00
dc00
2400
0600
dc00
1e00
0c00
dc00
0000
ee00
e800
2a00
1200
dc00
1200
2400
e800
0000
1800
e800
1800
3000
dc00
0000
3c00
f400
f400
0000
e800
1800
0c00
d000
0000
3000
f400
e800
1800
e800
f400
3000
e800
dc00
2400
0000
dc00
1800
0c00
dc00
1800
0c00
d000
0000
1800
f400
0000
1800
f400
0000
1800
f400
0000
0c00
0c00
0000
f400
fa00
0c00
f400
dc00
0600
0c00
f400
0000
fa00
f400
0600
fa00
f400
1800
1800
ee00
e800
0600
0000
f400
0c00
0c00
0000
1200
0000
d600
ee00
0600
e800
f400
0cc0
fff4
fff4
0bf4
0b34
fe80
f298
f36e
f437
f4f3
dda2
d3c7
128a
0561
e10a
06f9
0000
fa00
0c00
e800
e800
1e00
1800
f400
0600
0c00
ee00
0600
0000
e800
0c00
1e00
0600
0000
1e00
0000
dc00
fa00
0000
fa00
1200
0000
ee00
1800
0600
e800
0000
0600
e800
e800
0600
fa00
ee00
0c00
fa00
f400
1800
0000
e800
0600
fa00
dc00
f400
0000
e200
efe0
02e2
eab3
e008
0007
fa06
dc64
f09d
0993
e4f8
d4a8
ef5d
f667
0f00
0810
dc00
0000
1800
ee00
d600
0c00
2400
f400
0c00
1800
e800
0600
0c00
f400
1e00
1800
e800
0000
1800
0000
1800
2400
e800
0c00
3000
dc00
0000
3000
e800
0c00
4800
f400
f400
3000
f400
e800
2400
f400
f400
3c00
0c00
e800
3000
1800
f400
1800
0c00
e800
fa00
0000
e200
0000
1200
ee00
0600
1e00
f400
fa00
1800
e200
dc00
1e00
0c00
fa00
1800
0c00
0000
1800
0000
f400
2400
0c00
dc00
2400
1800
dc00
1800
0c00
c400
f400
0c00
d000
f400
0c00
e800
0000
f400
d000
0c00
1800
c400
f400
2400
d000
f400
3000
e800
0000
0c00
b800
f400
2400
c400
dc00
1800
b800
b800
0c00
d000
c400
1800
e800
d000
1800
e800
c400
1800
f400
c400
1800
0000
b800
0c00
0c00
c400
f400
1800
f400
0c00
0000
d000
1800
3c00
dc00
e800
1800
d000
e800
2400
e800
0c00
4800
f400
f400
3000
e800
d000
2400
0000
e800
3000
0000
dc00
1800
0c00
e800
0c00
f400
e800
2400
0000
0000
5400
2400
f400
3c00
2400
dc00
1800
3000
f400
1800
3000
e800
0c00
4800
0600
f400
1e00
0600
0000
1200
f400
0000
1e00
0600
0600
0c00
0000
0600
0600
e800
f400
2400
0000
e800
0c00
f400
f400
0000
e800
0c00
2400
e800
e800
3000
0c00
d000
fa00
0000
dc00
0000
fa00
d600
1800
1e00
e800
1800
2400
e800
ee00
fa00
f400
fa00
ee00
e800
fa00
0600
0000
fa00
0000
e800
ee00
0600
e200
e200
0600
f400
e800
0600
05a0
e146
fb30
fb7d
d7c5
fe48
2263
f03d
f139
0a24
f181
1668
2101
eef0
2001
4200
e800
e800
3c00
0000
d000
2400
0c00
e800
3000
0c00
dc00
2400
1800
dc00
0c00
2400
0000
0c00
0000
f400
2400
1800
0000
1800
0c00
0c00
3c00
3000
e800
f400
3000
0000
f400
3000
0c00
0000
3000
f400
d000
2400
1800
f400
1800
0c00
0000
2400
0000
e800
1200
0600
ee00
1200
0600
e800
0600
0c00
e200
0000
2a00
f400
fa00
0c00
e200
0c00
0c00
d000
0c00
2400
dc00
f400
1800
dc00
f400
1800
e800
f400
1800
e800
e800
2400
e800
d000
2400
e800
d000
3000
0c00
dc00
2400
0000
d000
1800
0c00
dc00
1800
1800
dc00
0c00
1e00
f400
2400
1e00
e200
fa00
0000
e200
0600
fa00
e200
1e00
1200
dc00
0000
1200
d600
e800
1e00
0000
0600
1800
e200
dc00
0600
fa00
e200
fa00
0000
e800
fb80
13c8
0c8b
ffc2
f9c5
ee28
dd45
e570
f319
e7e6
f568
fc11
f04f
f149
f233
ed10
e800
f400
fa00
0600
fa00
0000
1800
fa00
0000
0c00
e800
0c00
1800
dc00
0000
2400
dc00
e800
3c00
0000
d000
2400
1800
dc00
0c00
2400
f400
0000
0c00
e800
0000
2400
e800
dc00
1800
1e00
0c00
fa00
f400
0c00
0c00
dc00
ee00
2400
0000
f400
1800
ee00
d000
0c00
0c00
e800
2400
3c00
f400
0000
3000
f400
dc00
2400
0000
e800
1800
0c00
e800
0c00
0c00
dc00
e800
0600
fa00
ee00
fa00
f400
0600
2a00
ee00
dc00
0600
e200
e200
1200
0000
fa00
1800
fa00
e200
fa00
0600
0000
ee00
0000
0c00
ee00
0000
1800
e800
e800
2400
0600
ee00
1200
0c00
0000
0c00
0000
fa00
1800
0000
e200
1200
1800
e800
0000
2a00
fa00
e800
1200
0000
e200
0000
0000
e800
0600
0c00
e800
0000
1200
fa00
fa00
0000
f400
fa00
0c00
0600
0600
1200
fa00
e800
0600
fa00
e800
0c00
0000
f400
0cc0
f3f4
f4b4
1968
f3d1
f493
0148
e933
02a0
0e76
dd8d
03b4
3378
0c40
0b7c
1800
d000
d000
1800
f400
dc00
2400
0c00
f400
0c00
e800
dc00
1800
1800
f400
0000
1200
fa00
fa00
0600
fa00
ee00
fa00
0000
f400
fa00
0600
fa00
fa00
1800
0600
f400
0600
fa00
f400
fa00
0000
0000
ee00
ee00
0000
f400
dc00
fa00
0600
e200
0600
1800
ee00
0000
1800
e800
f400
1800
0000
0000
0600
fa00
0000
0000
0000
1200
0c00
0000
0c00
0c00
fa00
0000
0600
fa00
2400
2a00
ee00
0c00
1e00
ee00
0000
0000
e800
1800
1e00
ee00
0000
0c00
f400
0600
0c00
1200
1e00
0600
ee00
0000
0c00
fa00
0600
0c00
ff40
ff4c
f356
0021
241e
09db
f13c
1627
14c4
ef77
207f
2a76
ebcf
1111
3fff
fffe
ef80
1600
fa80
ef80
1080
1080
0b00
1080
1600
1080
f500
0580
1080
0000
0000
0580
0b00
0580
f500
f500
0b00
fa80
e480
0b00
0b00
ef80
1600
2100
ea00
0000
1b80
df00
df00
0b00
ea00
e480
1080
ea00
ea00
2100
fa80
e480
1b80
1080
ef80
0b00
fa80
ea00
1080
0000
e480
0b00
0580
e480
0580
0000
df00
0000
1080
0580
0b00
0580
f500
fa80
1600
0000
df00
0b00
2c00
0b00
0000
0b00
ea00
f500
0b00
df00
ea00
2c00
1600
ea00
0580
0b00
f500
f500
ea00
df00
1080
1b80
e480
ef80
1b80
fa80
e480
0b00
0580
f500
0580
ea00
df00
fa80
fa80
ef80
ef80
f500
f500
0580
f500
e480
0b00
fa80
df00
0000
0000
df00
0580
1600
e480
fa80
0b00
df00
e480
0b00
f500
ea00
0580
1080
0580
ea00
e8a0
f7d6
fb18
f8a7
f91b
fc49
f9c5
fa28
0845
07c0
fc43
0a3e
0999
f87f
f0b6
f9ea
0580
0000
0580
0b00
0000
f500
ef80
0580
0580
fa80
1080
0000
f500
0000
0000
fa80
0580
1080
ef80
f500
0580
f500
fa80
1b80
1080
0580
1600
0580
ef80
fa80
0b00
ef80
df00
0000
0b00
0b00
1600
0000
f500
2100
0b00
df00
0b00
0b00
ea00
0000
0000
f500
0bb0
f4f5
c9a5
ee0a
0529
eed5
efe7
06e8
f078
e670
fe08
dd27
ea53
0cae
eae2
ec33
1600
f500
df00
1600
0000
c900
0b00
1600
d400
f500
0b00
df00
0000
2100
df00
f500
2c00
ea00
df00
0b00
ea00
f500
1600
df00
df00
1600
f500
0000
3700
0000
0000
3700
ea00
d400
2c00
0b00
df00
2100
1600
ea00
1600
0b00
f500
2100
0b00
ea00
0b00
0000
f500
1600
f500
ea00
1600
ea00
df00
2100
1600
0000
2100
0000
ea00
1600
2100
f500
0b00
2c00
1600
1600
1600
0000
0b00
1600
ea00
f500
2100
f500
ea00
1600
0b00
df00
f500
0b00
ea00
f500
fa80
f500
1080
0b00
ef80
f500
1b80
1600
0000
0b00
0000
f500
0b00
0580
0000
1600
0000
e480
f500
fa80
fa80
0580
f500
0000
1b80
0b00
0000
1600
1600
0580
fa80
0000
1b80
0580
f500
1b80
1b80
fa80
f500
1080
1600
ea00
ea00
0580
0580
0580
0580
0000
0000
1600
0b00
e480
1080
1b80
ef80
0580
0b00
ef80
0580
0580
f500
1600
2100
0b00
2100
2100
ea00
0000
2100
f500
0000
1600
ea00
1600
2c00
ea00
0b00
2c00
f500
0b00
2100
ea00
0000
1600
ea00
f500
0b00
df00
ea00
1600
f500
f500
1b80
1600
0000
0000
fa80
0580
1080
df00
df00
1600
0000
e480
f500
0580
1b80
fa80
d400
0000
0b00
d400
f500
2c00
0000
0b00
2100
ea00
0000
1600
df00
ea00
0b00
f500
0580
1600
fa80
0580
1080
ea00
ef80
1600
ef80
ea00
1b80
f500
ea00
1600
0b00
ea00
eb60
f7aa
fdaf
0353
ed1d
f94a
0fb5
f33a
f985
0fec
f8ed
ee5d
0af7
ff47
d8d2
fc44
1600
0000
0000
0000
ea00
f500
0000
d400
ea00
2100
f500
f500
2c00
0b00
ea00
1600
0000
e480
2680
1600
df00
1080
0b00
d980
2100
2680
df00
0b00
2100
e480
0000
2680
ea00
0000
2c00
ea00
ea00
2100
0b00
f500
0b00
0b00
0000
0000
0000
ea00
f500
1600
0f20
f82e
03ab
0e70
0289
025f
f1b9
fd9d
1ec2
06d6
fb68
1731
053e
0a6a
2542
01ed
0b00
2c00
f500
ea00
2100
f500
d400
0b00
0b00
df00
0b00
2c00
ea00
0000
2c00
f500
0000
1600
f500
0b00
1080
ea00
0b00
2100
f500
0000
1080
fa80
0b00
2100
fa80
ef80
2c00
1600
f500
2100
0b00
ea00
1600
0b00
f500
2100
0b00
f500
3700
2c00
df00
0000
2100
f500
0000
0b00
df00
f500
0000
df00
f500
0000
f500
0b00
0000
f500
0000
0000
f240
fe1c
093a
fae5
f5b6
ee1a
ef38
fe04
00e4
0915
0b43
024d
0228
0a45
f920
ff0e
2680
0000
e480
0b00
1600
ea00
ea00
0000
fa80
0580
fa80
ef80
0580
0000
ef80
fa80
0b58
ffa2
0aa8
1ffd
f77c
fd84
13ab
f6f0
0800
1d7f
0b26
f9f3
ffd4
ef56
d4e0
e811
fa80
0580
0580
ef80
0000
2100
0000
df00
f500
f500
ea00
0000
fa80
df00
0580
1600
df00
f500
1080
0000
1080
0000
ea00
0580
0000
d980
f500
2680
0580
f500
0000
ef80
fa80
0580
ef80
f500
1b80
1600
f500
0000
0b00
1080
0b00
df00
e480
0000
0000
fa80
ef80
0000
1080
fa80
ef80
1080
0580
ef80
1600
1080
fa80
2680
2100
f500
0b00
fa80
ef80
0b00
ea00
ef80
1080
0580
0580
1080
0b00
0b00
0580
ea00
fa80
1600
ef80
fa80
1600
ef80
f500
1080
ea00
ea00
1b80
0000
ef80
1080
0580
fa80
0580
0580
fa80
fa80
ea00
0000
1600
ef80
ef80
1600
1080
ef80
0580
1080
0580
1080
f500
e480
2100
2100
d400
f500
2100
df00
f500
2100
ea00
0b00
1600
df00
0b00
0b00
d400
1600
1600
c900
0000
1600
d400
0000
1600
df00
0000
1600
d400
ea00
2100
f500
ea00
1600
f500
df00
fa80
e480
df00
1080
0580
ef80
2680
1600
df00
0000
1080
e480
df00
1080
1600
0580
0000
0580
0b00
0000
ea00
ef80
1600
0b00
ea00
f500
0580
fa80
0000
0000
df00
ef80
fb88
cfcf
ddd1
00f3
f5e2
f683
021b
f6f8
0289
f75f
d6e9
ef7a
fb82
f0ca
fcbd
f1f0
f850
0eca
085c
ec56
f30f
045d
f397
eedd
e4ef
f19f
0304
f253
edad
f452
ef8c
f093
1080
0b00
ef80
0580
1b80
f500
ea00
1080
0b00
fa80
0b00
fa80
f500
1080
fa80
df00
0000
1600
1080
1080
1600
1080
1080
0b00
0000
1080
0580
0580
1080
fa80
fa80
1b80
0b00
d980
0580
2680
0580
0580
2100
1080
0000
2100
0000
d980
0000
1600
f500
ea00
fa80
0b00
1080
0580
1080
1b80
fa80
0580
1080
e480
fa80
2100
f500
df00
1080
0b00
df00
f500
fa80
ea00
0580
0580
e480
ef80
0b00
ef80
d980
fa80
0b00
ef80
fa80
0580
fa80
0580
0580
0000
1600
0580
e480
fa80
0b00
fa80
0580
0b00
fa80
0580
0580
f500
0000
ef80
ea00
1600
1080
f500
1080
1080
0000
1b80
0580
ea00
1b80
1600
e480
0b00
0b00
df00
0b00
1600
ea00
0b00
0b00
f500
1600
f500
d400
2100
0b00
d400
2100
1600
d400
1600
0b00
d400
1600
2100
df00
0b00
1600
ea00
0b00
f500
d400
2100
2100
d400
0000
2100
d400
f500
2100
d400
ea00
2c00
ea00
df00
1600
0000
ea00
0b00
0000
f500
0000
ef80
fa80
1600
0580
f500
0580
1080
0580
0b00
fa80
ea00
1080
1600
fa80
0580
2100
0580
ef80
1080
0580
ef80
0000
1080
f500
0580
2100
0000
0000
fa80
ef80
1600
0000
df00
1600
1600
ea00
0000
f500
df00
1600
1600
df00
0b00
2c00
f500
0b00
2100
f500
0b00
2100
ea00
0000
2100
ea00
f500
2c00
0000
f500
2100
0000
f500
1600
0b00
0000
0b00
0000
f500
1600
0b00
ea00
0580
1600
1080
1080
ef80
ef80
0b00
1080
1080
0000
f500
0000
0b00
0000
df00
df00
0b00
0000
d400
f500
1600
df00
f500
2100
ea00
ea00
2100
f500
ea00
0b00
df00
ea00
2c00
0000
df00
1600
0000
f500
1600
0000
0000
1b80
03c8
ed8b
ff31
f9be
fa21
fffe
057e
15a6
144c
fd06
fd35
0de1
fc82
07b9
1d3d
ffe8
056a
1593
f8b8
ddac
ead1
0d23
0c50
ea8a
f6e1
1df3
0b93
e9d9
f63a
ebd6
d718
f500
0000
e480
fa80
0b00
df00
f500
0b00
df00
ea00
0000
f500
fa80
0580
fa80
0580
1600
0000
0580
0b00
ef80
ef80
1080
fa80
ef80
1080
ef80
ea00
0b00
f500
e480
1600
1600
ea00
0b00
0580
e480
ef80
f500
fa80
fa80
1080
0000
f500
1080
f500
fa80
2100
fa80
ea00
1080
fa80
e480
1600
1080
df00
0b00
1600
f500
1080
0b00
e480
0580
1600
ea00
0000
2680
0b00
0580
1080
0000
1080
1080
0000
1b80
1b80
0580
0000
0b00
0580
ea00
f500
0000
ea00
0000
2c00
0000
ea00
2100
1600
0000
1600
0b00
0000
1600
0b00
f500
0000
0580
0b00
0b00
1080
0b00
0580
0580
ea00
e480
0b00
1b80
0000
0000
1080
0000
1080
1600
fa80
fa80
0580
f500
0000
1b80
0000
ea00
0580
1600
0000
f500
0580
0840
0580
fd40
0580
0dc0
02c0
0b00
0840
02c0
fa80
f7c0
0840
fa80
fa80
0580
fd40
0b00
1600
fa80
ea00
1080
1080
e480
0b00
2100
f500
0580
1600
ea00
f500
1080
ef80
f500
0b00
ea00
0b00
2100
df00
0000
2100
df00
0000
2100
d400
f500
3700
ea00
ea00
3700
0000
f500
2100
ea00
df00
0b00
ea00
ea00
2100
0000
f500
2100
f500
ea00
2100
fa80
df00
1080
1600
fa80
0b00
0000
ea00
0b00
0000
ef80
1b80
0000
d980
0580
0580
df00
0b00
1600
df00
f500
1600
d400
c900
0000
f500
f500
2100
0000
df00
1600
0b00
df00
0b00
0b00
0000
0b00
df00
ea00
2c00
0000
df00
0b00
0000
f500
1600
f500
ea00
2c00
1600
ea00
1600
0b00
f500
0b00
f500
ea00
0b00
f500
f500
2100
ea00
f500
2c00
ea00
df00
2c00
0000
c900
1600
2c00
ea00
0000
2100
ea00
ea00
0b00
df00
ea00
2100
f500
ef80
1600
f500
f500
0b00
ea00
0000
1b80
ea00
ea00
1600
ef80
d980
1080
0580
e480
0000
0000
f500
0000
0b00
fa80
ea00
f500
f500
0000
fa80
e480
fa80
ea00
ea00
0b00
fa80
df00
ef80
0b00
0580
ef80
f500
0b00
fa80
f500
0b00
0580
f500
0580
1080
f500
df00
0580
1080
e480
0000
1600
ea00
0000
1080
ef80
fa80
2680
0580
df00
0000
fa80
ef80
0dc0
1340
0580
0b00
0b00
f500
fa80
0dc0
02c0
fa80
0580
f7c0
fa80
0840
0000
0000
0580
fa80
fa80
0b00
fa80
ea00
1600
0b00
d980
fa80
2100
fa80
ea00
1080
0000
f500
1b80
fa80
ef80
1080
0000
0580
0b00
ef80
0b00
1080
ea00
1600
2100
ea00
0b00
1600
0000
2100
0b00
ea00
2100
1600
d400
0000
2100
ea00
0000
2100
0000
0b00
1600
0000
0b00
2c00
0b00
0b00
2c00
0000
ea00
1600
0000
ea00
1600
1600
ea00
0000
1600
ea00
0b00
1b80
e480
0b00
1600
d980
f500
0b00
ea00
f500
0580
ea00
0000
1b80
ef80
0000
2100
f500
ef80
1080
f500
ef80
0000
f500
0000
0580
e480
f500
0580
ef80
0580
1b80
ea00
ef80
1b80
fa80
e480
0000
0b00
0b00
0580
f500
0b00
0580
ea00
1080
0580
df00
0580
1600
ea00
ea00
0580
f500
fa80
1600
0000
fa80
0580
ef80
0000
1600
f500
0000
1b80
f500
ea00
1080
fa80
ea00
2100
0000
d980
1080
0b00
e480
1080
2680
ea00
0000
2100
df00
0000
1600
df00
0b00
1600
d400
f500
2c00
f500
ea00
1600
ea00
f500
3700
0000
df00
2c00
0b00
c900
f500
0000
ea00
0b00
0b00
ea00
0000
0b00
f500
0580
f500
f500
2100
0b00
ef80
0b00
0580
ef80
0580
fa80
ef80
1b80
0580
ea00
0580
1080
ef80
ea00
0580
f500
fa80
1600
fa80
0000
2680
ef80
d980
1600
0580
df00
0580
1600
0580
1600
0000
ef80
2680
1080
e480
1600
1600
ef80
0000
0b00
0b00
2680
0b00
ef80
2100
1600
e480
f500
0580
fa80
1600
2100
0b00
0580
0580
0580
0000
fa80
f500
0b00
1080
ea00
f500
0b00
e480
fa80
1b80
e480
ef80
1080
d980
e480
1600
ea00
df00
1600
f500
d400
1600
0b00
d400
0000
0b00
ea00
0b00
0000
ea00
1600
0b00
f500
0b00
f500
d400
0b00
2100
f500
0000
1600
f500
ea00
0000
0000
0000
0000
df00
f500
1600
ef80
ea00
1080
0b00
fa80
ef80
df00
fa80
0b00
df00
ef80
1b80
0000
fa80
fa80
e480
f6b8
024c
fca7
12db
11ad
fa91
fae8
00b9
00ad
0ba2
0567
f490
fac7
0b9a
f4e0
e511
1080
1b80
0000
0580
1600
fa80
0000
1600
ea00
f500
1600
ef80
ef80
0580
0580
0000
f500
0000
1600
0b00
f500
1600
0b00
ea00
2100
3700
f500
ea00
0b00
0b00
0000
0000
f500
0b00
2680
f500
e480
1600
1080
0000
0b00
ea00
ef80
1b80
f500
e480
1080
0000
0580
1080
ef80
fa80
1b80
0580
ea00
1080
1080
ea00
0580
1b80
0580
0000
0b00
1080
0580
ea00
fa80
0b00
fa80
0b00
2680
0b00
fa80
1b80
1600
fa80
0000
0b00
0580
0580
f500
1080
0000
f500
1600
fa80
fa80
1b80
f500
ef80
0b00
ea00
f500
1080
ea00
f500
1600
0000
f500
0b00
0b00
1600
0b00
f500
0b00
2100
f500
f500
1600
ea00
ea00
2c00
0580
ea00
2680
1080
d980
1080
0580
d980
1b80
1600
df00
0000
1080
ea00
fa80
1080
ef80
0000
2100
ef80
df00
0580
0b00
ea00
ef80
0580
f500
0000
0000
d980
0000
1600
d400
ea00
0b00
d400
df00
0b00
df00
df00
2100
f500
df00
2c00
2100
ea00
0b00
0b00
df00
ef80
fa80
ea00
0580
1600
fa80
fa80
0000
ef80
fa80
1080
f500
fa80
1b80
0580
ea00
0580
0b00
f500
1080
1080
e480
f500
1b80
fa80
ef80
0b00
fa80
f500
0000
ea00
e480
0580
fa80
e480
fa80
ef80
e480
0b00
f500
d980
0b00
0580
e480
0b00
2680
ea00
df00
1080
0580
fa80
0b00
0580
fa80
0b00
0580
fa80
1b80
1600
f500
1600
1600
ea00
0000
0b00
f500
fa80
1b80
2100
0000
1080
1b80
1080
0000
0580
1b80
fa80
fa80
2100
f500
e480
1600
0b00
ef80
1600
1080
fa80
0b00
ef80
ea00
1080
0b00
ea00
1600
2100
ea00
0b00
0b00
df00
1600
2100
df00
0000
2c00
f500
f500
2100
0000
f500
1600
f500
ea00
0b00
df00
ea00
1600
ea00
f500
2c00
0000
f500
3700
1600
ea00
2100
0b00
d400
1080
1b80
df00
1b80
2680
ea00
1080
0580
df00
1600
0b00
f500
1b80
fa80
f500
2100
f500
df00
1080
f500
d980
fa80
ea00
ea00
1080
0000
e480
1080
1b80
ea00
fa80
1080
0000
0b00
0000
ea00
1600
0b00
d400
f500
2100
ea00
f500
2100
0b00
f500
0b00
0b00
f500
f500
f500
0000
1600
f500
0000
2c00
f500
0000
2c00
f500
0000
2c00
f500
ea00
2100
f500
ea00
2c00
0b00
ea00
1600
0b00
ea00
0b00
0b00
f500
0b00
0b00
ea00
0000
1600
ef80
f500
1b80
0b00
0580
1b80
f500
fa80
2100
ea00
e480
2100
fa80
df00
1080
0000
f500
1b80
ef80
e480
2100
1080
ef80
1600
1080
ea00
0000
0b00
f500
0580
1b80
03c8
fe0b
0ea9
fd3e
f26a
f8c3
0437
0ef2
fd83
f829
0927
f813
f892
1488
ecc0
ccf4
f500
1080
f500
ea00
f500
fa80
0580
0b00
fa80
0000
1080
fa80
0000
1600
0000
fa80
1b80
0b00
f500
0580
0b00
f500
0000
0b00
ef80
1080
1600
f500
1b80
1600
ea00
fa80
2c00
0000
df00
0b00
f500
f500
2100
0000
f500
1600
f500
ea00
2100
0b00
ea00
2100
2100
ea00
1600
2c00
ea00
f500
1600
ea00
0000
2100
ea00
f500
2c00
0b00
df00
f500
f500
f500
0b00
f500
ea00
0000
f500
f500
0b00
f500
f500
2100
f500
d400
0b00
f500
df00
2100
0b00
ea00
1600
f500
df00
0b00
ea00
f500
3700
0000
d400
2100
1600
c900
0000
2100
df00
0000
1600
c900
f500
2c00
df00
f500
2c00
d400
f500
3700
df00
ea00
2c00
ea00
f500
2c00
df00
ea00
2c00
df00
df00
3700
f500
d400
2100
0000
d400
1600
0b00
df00
1600
1600
ea00
0b00
0b00
d400
0000
0000
d400
1600
0b00
ea00
0b00
ea00
c900
0b00
0000
be00
0000
1600
ea00
0000
ea00
c900
0b00
0b00
c900
f500
1600
d400
f500
1600
c900
ea00
2c00
df00
ea00
2c00
df00
d400
1600
ea00
ea00
2100
ea00
ea00
1600
df00
ea00
1600
ea00
ea00
0b00
d400
df00
2100
d400
c900
2100
0000
d400
2100
0b00
be00
0b00
1600
d400
0000
0000
df00
0b00
f500
c900
0000
0000
df00
0b00
f500
df00
2c00
1600
c900
0b00
2c00
d400
ea00
2c00
f500
ea00
0b00
ea00
0000
2c00
ea00
f500
4200
0000
f500
3700
0000
f500
3700
0000
df00
2c00
0b00
d400
2100
2100
df00
1600
2c00
ea00
0b00
3700
0b00
0000
1600
1600
0000
0000
0000
0b00
1600
0000
f500
ef80
fa80
1080
0580
0580
2100
1080
ea00
f500
0580
f500
0000
1600
f500
fa80
0b00
0000
0000
fa80
f500
1080
1600
ef80
ef80
1080
fa80
df00
f500
1080
0b00
f500
0000
0580
1080
1600
0580
1600
0000
ef80
1600
1600
fa80
0000
0b00
0000
0000
1080
0b00
0a50
252b
0cd7
f609
1227
1104
0ff3
0974
fddc
08fd
0ded
078d
0194
177a
1601
f3a0
1080
1b80
ef80
0580
1600
df00
ef80
2100
ef80
ea00
1080
ef80
e480
1080
ef80
ea00
2c00
0000
d400
0b00
0000
ea00
1600
f500
df00
2100
0b00
df00
2100
0b00
d400
1600
0b00
d400
1600
2100
df00
0b00
1600
df00
0000
0b00
d400
f500
1600
ea00
f500
2100
0000
0000
1600
0580
1600
1b80
f500
0000
2100
fa80
ef80
1080
0000
0580
1080
0000
0000
0580
f500
f500
fa80
e480
f500
1080
0580
0580
1600
0580
f500
1080
0b00
ea00
1600
2c00
0000
0b00
1600
f500
1600
2100
df00
0000
2c00
ea00
f500
2c00
0000
f500
2100
0000
ea00
0b00
f500
f500
1600
f500
f500
2c00
0b00
df00
0b00
0b00
f500
0b00
0580
f500
1600
0580
e480
1080
2100
f500
fa80
1080
f500
f500
0580
e480
ea00
1b80
0000
ea00
1600
f500
d400
0000
ea00
ea00
1600
f500
df00
1600
f500
c900
0b00
0b00
ec00
0a00
0000
e200
0000
f600
e200
0a00
f600
d800
0000
0a00
ec00
f600
ec00
d800
fb00
0500
e200
fb00
0f00
f100
0500
0f00
e700
0500
1900
f100
0500
0a00
f600
1400
1400
0000
0a00
f600
e200
1400
1e00
e200
f600
2800
0a00
ec00
0000
f600
f600
1e00
0000
e700
2300
2300
f600
1900
1900
ec00
1900
1900
ec00
1400
1e00
f100
0500
1400
e200
0000
2800
ec00
0000
3200
0a00
f600
0a00
ec00
f600
2800
0000
e200
1e00
1400
e700
0500
fb00
e700
0f00
1400
0500
0a00
0500
0a00
0a00
f100
0000
1400
f600
fb00
0a00
e200
e200
1e00
0500
e200
1900
0a00
e200
0000
f100
ec00
2300
0f00
e200
0f00
1e00
ec00
0000
1400
ec00
1400
2800
e200
0000
3200
f600
f600
0000
ec00
1400
0a00
d800
0000
2800
f600
ec00
1400
ec00
f600
2800
ec00
e200
1e00
0000
e200
1400
0a00
e200
1400
0a00
d800
0000
1400
f600
0000
1400
f600
0000
1400
f600
0000
0a00
0a00
0000
f600
fb00
0a00
f600
e200
0500
0a00
f600
0000
fb00
f600
0500
fb00
f600
1400
1400
f100
ec00
0500
0000
f600
0a00
0a00
0000
0f00
0000
dd00
f100
0500
ec00
f600
0aa0
fff6
fff6
09f6
0956
fec0
f4d4
f586
f62e
f6ca
e35c
db26
0f73
047b
e633
05cf
0000
fb00
0a00
ec00
ec00
1900
1400
f600
0500
0a00
f100
0500
0000
ec00
0a00
1900
0500
0000
1900
0000
e200
fb00
0000
fb00
0f00
0000
f100
1400
0500
ec00
0000
0500
ec00
ec00
0500
fb00
f100
0a00
fb00
f600
1400
0000
ec00
0500
fb00
e200
f600
0000
e700
f290
0267
ee40
e55c
0006
fb05
e253
f32d
07fa
e979
dbe1
f223
f800
0c80
06b8
e200
0000
1400
f100
dd00
0a00
1e00
f600
0a00
1400
ec00
0500
0a00
f600
1900
1400
ec00
0000
1400
0000
1400
1e00
ec00
0a00
2800
e200
0000
2800
ec00
0a00
3c00
f600
f600
2800
f600
ec00
1e00
f600
f600
3200
0a00
ec00
2800
1400
f600
1400
0a00
ec00
fb00
0000
e700
0000
0f00
f100
0500
1900
f600
fb00
1400
e700
e200
1900
0a00
fb00
1400
0a00
0000
1400
0000
f600
1e00
0a00
e200
1e00
1400
e200
1400
0a00
ce00
f600
0a00
d800
f600
0a00
ec00
0000
f600
d800
0a00
1400
ce00
f600
1e00
d800
f600
2800
ec00
0000
0a00
c400
f600
1e00
ce00
e200
1400
c400
c400
0a00
d800
ce00
1400
ec00
d800
1400
ec00
ce00
1400
f600
ce00
1400
0000
c400
0a00
0a00
ce00
f600
1400
f600
0a00
0000
d800
1400
3200
e200
ec00
1400
d800
ec00
1e00
ec00
0a00
3c00
f600
f600
2800
ec00
d800
1e00
0000
ec00
2800
0000
e200
1400
0a00
ec00
0a00
f600
ec00
1e00
0000
0000
4600
1e00
f600
3200
1e00
e200
1400
2800
f600
1400
2800
ec00
0a00
3c00
0500
f600
1900
0500
0000
0f00
f600
0000
1900
0500
0500
0a00
0000
0500
0500
ec00
f600
1e00
0000
ec00
0a00
f600
f600
0000
ec00
0a00
1e00
ec00
ec00
2800
0a00
d800
fb00
0000
e200
0000
fb00
dd00
1400
1900
ec00
1400
1e00
ec00
f100
fb00
f600
fb00
f100
ec00
fb00
0500
0000
fb00
0000
ec00
f100
0500
e700
e700
0500
f600
ec00
0500
04b0
e665
fbfd
fc3d
de79
fe91
1ca8
f2dd
f3af
0873
f3eb
12ac
1b81
f1c8
1aab
3700
ec00
ec00
3200
0000
d800
1e00
0a00
ec00
2800
0a00
e200
1e00
1400
e200
0a00
1e00
0000
0a00
0000
f600
1e00
1400
0000
1400
0a00
0a00
3200
2800
ec00
f600
2800
0000
f600
2800
0a00
0000
2800
f600
d800
1e00
1400
f600
1400
0a00
0000
1e00
0000
ec00
0f00
0500
f100
0f00
0500
ec00
0500
0a00
e700
0000
2300
f600
fb00
0a00
e700
0a00
0a00
d800
0a00
1e00
e200
f600
1400
e200
f600
1400
ec00
f600
1400
ec00
ec00
1e00
ec00
d800
1e00
ec00
d800
2800
0a00
e200
1e00
0000
d800
1400
0a00
e200
1400
1400
e200
0a00
1900
f600
1e00
1900
e700
fb00
0000
e700
0500
fb00
e700
1900
0f00
e200
0000
0f00
dd00
ec00
1900
0000
0500
1400
e700
e200
0500
fb00
e700
fb00
0000
ec00
fc40
107c
0a74
ffcc
facf
f121
e30f
e9dd
f53f
ebea
f72c
fcb9
f2ec
f3bd
f480
f038
ec00
f600
fb00
0500
fb00
0000
1400
fb00
0000
0a00
ec00
0a00
1400
e200
0000
1e00
e200
ec00
3200
0000
d800
1e00
1400
e200
0a00
1e00
f600
0000
0a00
ec00
0000
1e00
ec00
e200
1400
1900
0a00
fb00
f600
0a00
0a00
e200
f100
1e00
0000
f600
1400
f100
d800
0a00
0a00
ec00
1e00
3200
f600
0000
2800
f600
e200
1e00
0000
ec00
1400
0a00
ec00
0a00
0a00
e200
ec00
0500
fb00
f100
fb00
f600
0500
2300
f100
e200
0500
e700
e700
0f00
0000
fb00
1400
fb00
e700
fb00
0500
0000
f100
0000
0a00
f100
0000
1400
ec00
ec00
1e00
0500
f100
0f00
0a00
0000
0a00
0000
fb00
1400
0000
e700
0f00
1400
ec00
0000
2300
fb00
ec00
0f00
0000
e700
0000
0000
ec00
0500
0a00
ec00
0000
0f00
fb00
fb00
0000
f600
fb00
0a00
0500
0500
0f00
fb00
ec00
0500
fb00
ec00
0a00
0000
f600
0aa0
f5f6
f696
152c
f5d9
f67a
0111
ed00
0230
0c0d
e34b
0316
2ae4
0a35
0992
1400
d800
d800
1400
f600
e200
1e00
0a00
f600
0a00
ec00
e200
1400
1400
f600
0000
0f00
fb00
fb00
0500
fb00
f100
fb00
0000
f600
fb00
0500
fb00
fb00
1400
0500
f600
0500
fb00
f600
fb00
0000
0000
f100
f100
0000
f600
e200
fb00
0500
e700
0500
1400
f100
0000
1400
ec00
f600
1400
0000
0000
0500
fb00
0000
0000
0000
0f00
0a00
0000
0a00
0a00
fb00
0000
0500
fb00
1e00
2300
f100
0a00
1900
f100
0000
0000
ec00
1400
1900
f100
0000
0a00
f600
0500
0a00
0f00
1900
0500
f100
0000
0a00
fb00
0500
0a00
ff60
ff6a
f572
001b
1e19
0836
f3b2
1276
114e
f238
1b14
2362
ef2c
0e39
3554
fffe
f100
1400
fb00
f100
0f00
0f00
0a00
0f00
1400
0f00
f600
0500
0f00
0000
0000
0500
0a00
0500
f600
f600
0a00
fb00
e700
0a00
0a00
f100
1400
1e00
ec00
0000
1900
e200
e200
0a00
ec00
e700
0f00
ec00
ec00
1e00
fb00
e700
1900
0f00
f100
0a00
fb00
ec00
0f00
0000
e700
0a00
0500
e700
0500
0000
e200
0000
0f00
0500
0a00
0500
f600
fb00
1400
0000
e200
0a00
2800
0a00
0000
0a00
ec00
f600
0a00
e200
ec00
2800
1400
ec00
0500
0a00
f600
f600
ec00
e200
0f00
1900
e700
f100
1900
fb00
e700
0a00
0500
f600
0500
ec00
e200
fb00
fb00
f100
f100
f600
f600
0500
f600
e700
0a00
fb00
e200
0000
0000
e200
0500
1400
e700
fb00
0a00
e200
e700
0a00
f600
ec00
0500
0f00
0500
ec00
eac0
f894
fb8a
f952
f9bc
fca0
fa56
fab0
0785
070b
fc9a
094f
08b9
f92d
f21a
fa77
0500
0000
0500
0a00
0000
f600
f100
0500
0500
fb00
0f00
0000
f600
0000
0000
fb00
0500
0f00
f100
f600
0500
f600
fb00
1900
0f00
0500
1400
0500
f100
fb00
0a00
f100
e200
0000
0a00
0a00
1400
0000
f600
1e00
0a00
e200
0a00
0a00
ec00
0000
0000
f600
0aa0
f5f6
ce96
efac
04b1
f065
f15d
0647
f1e2
e8c3
fe36
e052
ec4c
0b87
ecce
ee00
1400
f600
e200
1400
0000
ce00
0a00
1400
d800
f600
0a00
e200
0000
1e00
e200
f600
2800
ec00
e200
0a00
ec00
f600
1400
e200
e200
1400
f600
0000
3200
0000
0000
3200
ec00
d800
2800
0a00
e200
1e00
1400
ec00
1400
0a00
f600
1e00
0a00
ec00
0a00
0000
f600
1400
f600
ec00
1400
ec00
e200
1e00
1400
0000
1e00
0000
ec00
1400
1e00
f600
0a00
2800
1400
1400
1400
0000
0a00
1400
ec00
f600
1e00
f600
ec00
1400
0a00
e200
f600
0a00
ec00
f600
fb00
f600
0f00
0a00
f100
f600
1900
1400
0000
0a00
0000
f600
0a00
0500
0000
1400
0000
e700
f600
fb00
fb00
0500
f600
0000
1900
0a00
0000
1400
1400
0500
fb00
0000
1900
0500
f600
1900
1900
fb00
f600
0f00
1400
ec00
ec00
0500
0500
0500
0500
0000
0000
1400
0a00
e700
0f00
1900
f100
0500
0a00
f100
0500
0500
f600
1400
1e00
0a00
1e00
1e00
ec00
0000
1e00
f600
0000
1400
ec00
1400
2800
ec00
0a00
2800
f600
0a00
1e00
ec00
0000
1400
ec00
f600
0a00
e200
ec00
1400
f600
f600
1900
1400
0000
0000
fb00
0500
0f00
e200
e200
1400
0000
e700
f600
0500
1900
fb00
d800
0000
0a00
d800
f600
2800
0000
0a00
1e00
ec00
0000
1400
e200
ec00
0a00
f600
0500
1400
fb00
0500
0f00
ec00
f100
1400
f100
ec00
1900
f600
ec00
1400
0a00
ec00
ed40
f86c
fde5
0305
eed5
f9e6
0e48
f463
fa1c
0e7a
f991
eff8
09f8
ff58
dc62
fc9b
1400
0000
0000
0000
ec00
f600
0000
d800
ec00
1e00
f600
f600
2800
0a00
ec00
1400
0000
e700
2300
1400
e200
0f00
0a00
dd00
1e00
2300
e200
0a00
1e00
e700
0000
2300
ec00
0000
2800
ec00
ec00
1e00
0a00
f600
0a00
0a00
0000
0000
0000
ec00
f600
1400
0dc0
f8e4
0355
0d20
024e
0228
f305
fdd5
1bf6
0637
fbd3
1515
04c4
0977
21df
01c0
0a00
2800
f600
ec00
1e00
f600
d800
0a00
0a00
e200
0a00
2800
ec00
0000
2800
f600
0000
1400
f600
0a00
0f00
ec00
0a00
1e00
f600
0000
0f00
fb00
0a00
1e00
fb00
f100
2800
1400
f600
1e00
0a00
ec00
1400
0a00
f600
1e00
0a00
f600
3200
2800
e200
0000
1e00
f600
0000
0a00
e200
f600
0000
e200
f600
0000
f600
0a00
0000
f600
0000
0000
f380
fe48
0863
fb5c
f6a6
efbb
f0bf
fe32
00cf
0841
0a3d
0218
01f6
0956
f9c0
ff24
2300
0000
e700
0a00
1400
ec00
ec00
0000
fb00
0500
fb00
f100
0500
0000
f100
fb00
0a50
ffab
09b0
1d15
f842
fdbe
11e1
f7c3
0746
1ad1
0a23
fa80
ffd8
f0da
d8cb
ea3e
fb00
0500
0500
f100
0000
1e00
0000
e200
f600
f600
ec00
0000
fb00
e200
0500
1400
e200
f600
0f00
0000
0f00
0000
ec00
0500
0000
dd00
f600
2300
0500
f600
0000
f100
fb00
0500
f100
f600
1900
1400
f600
0000
0a00
0f00
0a00
e200
e700
0000
0000
fb00
f100
0000
0f00
fb00
f100
0f00
0500
f100
1400
0f00
fb00
2300
1e00
f600
0a00
fb00
f100
0a00
ec00
f100
0f00
0500
0500
0f00
0a00
0a00
0500
ec00
fb00
1400
f100
fb00
1400
f100
f600
0f00
ec00
ec00
1900
0000
f100
0f00
0500
fb00
0500
0500
fb00
fb00
ec00
0000
1400
f100
f100
1400
0f00
f100
0500
0f00
0500
0f00
f600
e700
1e00
1e00
d800
f600
1e00
e200
f600
1e00
ec00
0a00
1400
e200
0a00
0a00
d800
1400
1400
ce00
0000
1400
d800
0000
1400
e200
0000
1400
d800
ec00
1e00
f600
ec00
1400
f600
e200
fb00
e700
e200
0f00
0500
f100
2300
1400
e200
0000
0f00
e700
e200
0f00
1400
0500
0000
0500
0a00
0000
ec00
f100
1400
0a00
ec00
f600
0500
fb00
0000
0000
e200
f100
fbf0
d431
e0ed
00dd
f6ce
f760
01ea
f7ca
024e
f828
daa5
f0fb
fbeb
f22c
fd09
f337
f903
0d72
079a
ee1f
f43c
03f8
f4b8
f06c
e765
f2ed
02be
f391
ef58
f562
f10b
f1fa
0f00
0a00
f100
0500
1900
f600
ec00
0f00
0a00
fb00
0a00
fb00
f600
0f00
fb00
e200
0000
1400
0f00
0f00
1400
0f00
0f00
0a00
0000
0f00
0500
0500
0f00
fb00
fb00
1900
0a00
dd00
0500
2300
0500
0500
1e00
0f00
0000
1e00
0000
dd00
0000
1400
f600
ec00
fb00
0a00
0f00
0500
0f00
1900
fb00
0500
0f00
e700
fb00
1e00
f600
e200
0f00
0a00
e200
f600
fb00
ec00
0500
0500
e700
f100
0a00
f100
dd00
fb00
0a00
f100
fb00
0500
fb00
0500
0500
0000
1400
0500
e700
fb00
0a00
fb00
0500
0a00
fb00
0500
0500
f600
0000
f100
ec00
1400
0f00
f600
0f00
0f00
0000
1900
0500
ec00
1900
1400
e700
0a00
0a00
e200
0a00
1400
ec00
0a00
0a00
f600
1400
f600
d800
1e00
0a00
d800
1e00
1400
d800
1400
0a00
d800
1400
1e00
e200
0a00
1400
ec00
0a00
f600
d800
1e00
1e00
d800
0000
1e00
d800
f600
1e00
d800
ec00
2800
ec00
e200
1400
0000
ec00
0a00
0000
f600
0000
f100
fb00
1400
0500
f600
0500
0f00
0500
0a00
fb00
ec00
0f00
1400
fb00
0500
1e00
0500
f100
0f00
0500
f100
0000
0f00
f600
0500
1e00
0000
0000
fb00
f100
1400
0000
e200
1400
1400
ec00
0000
f600
e200
1400
1400
e200
0a00
2800
f600
0a00
1e00
f600
0a00
1e00
ec00
0000
1e00
ec00
f600
2800
0000
f600
1e00
0000
f600
1400
0a00
0000
0a00
0000
f600
1400
0a00
ec00
0500
1400
0f00
0f00
f100
f100
0a00
0f00
0f00
0000
f600
0000
0a00
0000
e200
e200
0a00
0000
d800
f600
1400
e200
f600
1e00
ec00
ec00
1e00
f600
ec00
0a00
e200
ec00
2800
0000
e200
1400
0000
f600
1400
0000
0000
1900
0370
ef39
ff44
fa4f
faa9
fffe
04fe
13ae
1273
fd4b
fd76
0c9e
fcd3
0705
1a95
ffea
04ec
139d
f962
e0cb
ecbe
0bf1
0b32
ec7e
f7b5
1b3a
0a85
ebdd
f71e
edab
dad0
f600
0000
e700
fb00
0a00
e200
f600
0a00
e200
ec00
0000
f600
fb00
0500
fb00
0500
1400
0000
0500
0a00
f100
f100
0f00
fb00
f100
0f00
f100
ec00
0a00
f600
e700
1400
1400
ec00
0a00
0500
e700
f100
f600
fb00
fb00
0f00
0000
f600
0f00
f600
fb00
1e00
fb00
ec00
0f00
fb00
e700
1400
0f00
e200
0a00
1400
f600
0f00
0a00
e700
0500
1400
ec00
0000
2300
0a00
0500
0f00
0000
0f00
0f00
0000
1900
1900
0500
0000
0a00
0500
ec00
f600
0000
ec00
0000
2800
0000
ec00
1e00
1400
0000
1400
0a00
0000
1400
0a00
f600
0000
0500
0a00
0a00
0f00
0a00
0500
0500
ec00
e700
0a00
1900
0000
0000
0f00
0000
0f00
1400
fb00
fb00
0500
f600
0000
1900
0000
ec00
0500
1400
0000
f600
0500
0780
0500
fd80
0500
0c80
0280
0a00
0780
0280
fb00
f880
0780
fb00
fb00
0500
fd80
0a00
1400
fb00
ec00
0f00
0f00
e700
0a00
1e00
f600
0500
1400
ec00
f600
0f00
f100
f600
0a00
ec00
0a00
1e00
e200
0000
1e00
e200
0000
1e00
d800
f600
3200
ec00
ec00
3200
0000
f600
1e00
ec00
e200
0a00
ec00
ec00
1e00
0000
f600
1e00
f600
ec00
1e00
fb00
e200
0f00
1400
fb00
0a00
0000
ec00
0a00
0000
f100
1900
0000
dd00
0500
0500
e200
0a00
1400
e200
f600
1400
d800
ce00
0000
f600
f600
1e00
0000
e200
1400
0a00
e200
0a00
0a00
0000
0a00
e200
ec00
2800
0000
e200
0a00
0000
f600
1400
f600
ec00
2800
1400
ec00
1400
0a00
f600
0a00
f600
ec00
0a00
f600
f600
1e00
ec00
f600
2800
ec00
e200
2800
0000
ce00
1400
2800
ec00
0000
1e00
ec00
ec00
0a00
e200
ec00
1e00
f600
f100
1400
f600
f600
0a00
ec00
0000
1900
ec00
ec00
1400
f100
dd00
0f00
0500
e700
0000
0000
f600
0000
0a00
fb00
ec00
f600
f600
0000
fb00
e700
fb00
ec00
ec00
0a00
fb00
e200
f100
0a00
0500
f100
f600
0a00
fb00
f600
0a00
0500
f600
0500
0f00
f600
e200
0500
0f00
e700
0000
1400
ec00
0000
0f00
f100
fb00
2300
0500
e200
0000
fb00
f100
0c80
1180
0500
0a00
0a00
f600
fb00
0c80
0280
fb00
0500
f880
fb00
0780
0000
0000
0500
fb00
fb00
0a00
fb00
ec00
1400
0a00
dd00
fb00
1e00
fb00
ec00
0f00
0000
f600
1900
fb00
f100
0f00
0000
0500
0a00
f100
0a00
0f00
ec00
1400
1e00
ec00
0a00
1400
0000
1e00
0a00
ec00
1e00
1400
d800
0000
1e00
ec00
0000
1e00
0000
0a00
1400
0000
0a00
2800
0a00
0a00
2800
0000
ec00
1400
0000
ec00
1400
1400
ec00
0000
1400
ec00
0a00
1900
e700
0a00
1400
dd00
f600
0a00
ec00
f600
0500
ec00
0000
1900
f100
0000
1e00
f600
f100
0f00
f600
f100
0000
f600
0000
0500
e700
f600
0500
f100
0500
1900
ec00
f100
1900
fb00
e700
0000
0a00
0a00
0500
f600
0a00
0500
ec00
0f00
0500
e200
0500
1400
ec00
ec00
0500
f600
fb00
1400
0000
fb00
0500
f100
0000
1400
f600
0000
1900
f600
ec00
0f00
fb00
ec00
1e00
0000
dd00
0f00
0a00
e700
0f00
2300
ec00
0000
1e00
e200
0000
1400
e200
0a00
1400
d800
f600
2800
f600
ec00
1400
ec00
f600
3200
0000
e200
2800
0a00
ce00
f600
0000
ec00
0a00
0a00
ec00
0000
0a00
f600
0500
f600
f600
1e00
0a00
f100
0a00
0500
f100
0500
fb00
f100
1900
0500
ec00
0500
0f00
f100
ec00
0500
f600
fb00
1400
fb00
0000
2300
f100
dd00
1400
0500
e200
0500
1400
0500
1400
0000
f100
2300
0f00
e700
1400
1400
f100
0000
0a00
0a00
2300
0a00
f100
1e00
1400
e700
f600
0500
fb00
1400
1e00
0a00
0500
0500
0500
0000
fb00
f600
0a00
0f00
ec00
f600
0a00
e700
fb00
1900
e700
f100
0f00
dd00
e700
1400
ec00
e200
1400
f600
d800
1400
0a00
d800
0000
0a00
ec00
0a00
0000
ec00
1400
0a00
f600
0a00
f600
d800
0a00
1e00
f600
0000
1400
f600
ec00
0000
0000
0000
0000
e200
f600
1400
f100
ec00
0f00
0a00
fb00
f100
e200
fb00
0a00
e200
f100
1900
0000
fb00
fb00
e700
f790
0217
fcf5
1124
1011
fb10
fb5f
00a8
009d
0a93
04e9
f59a
fb41
0a8c
f5e3
e784
0f00
1900
0000
0500
1400
fb00
0000
1400
ec00
f600
1400
f100
f100
0500
0500
0000
f600
0000
1400
0a00
f600
1400
0a00
ec00
1e00
3200
f600
ec00
0a00
0a00
0000
0000
f600
0a00
2300
f600
e700
1400
0f00
0000
0a00
ec00
f100
1900
f600
e700
0f00
0000
0500
0f00
f100
fb00
1900
0500
ec00
0f00
0f00
ec00
0500
1900
0500
0000
0a00
0f00
0500
ec00
fb00
0a00
fb00
0a00
2300
0a00
fb00
1900
1400
fb00
0000
0a00
0500
0500
f600
0f00
0000
f600
1400
fb00
fb00
1900
f600
f100
0a00
ec00
f600
0f00
ec00
f600
1400
0000
f600
0a00
0a00
1400
0a00
f600
0a00
1e00
f600
f600
1400
ec00
ec00
2800
0500
ec00
2300
0f00
dd00
0f00
0500
dd00
1900
1400
e200
0000
0f00
ec00
fb00
0f00
f100
0000
1e00
f100
e200
0500
0a00
ec00
f100
0500
f600
0000
0000
dd00
0000
1400
d800
ec00
0a00
d800
e200
0a00
e200
e200
1e00
f600
e200
2800
1e00
ec00
0a00
0a00
e200
f100
fb00
ec00
0500
1400
fb00
fb00
0000
f100
fb00
0f00
f600
fb00
1900
0500
ec00
0500
0a00
f600
0f00
0f00
e700
f600
1900
fb00
f100
0a00
fb00
f600
0000
ec00
e700
0500
fb00
e700
fb00
f100
e700
0a00
f600
dd00
0a00
0500
e700
0a00
2300
ec00
e200
0f00
0500
fb00
0a00
0500
fb00
0a00
0500
fb00
1900
1400
f600
1400
1400
ec00
0000
0a00
f600
fb00
1900
1e00
0000
0f00
1900
0f00
0000
0500
1900
fb00
fb00
1e00
f600
e700
1400
0a00
f100
1400
0f00
fb00
0a00
f100
ec00
0f00
0a00
ec00
1400
1e00
ec00
0a00
0a00
e200
1400
1e00
e200
0000
2800
f600
f600
1e00
0000
f600
1400
f600
ec00
0a00
e200
ec00
1400
ec00
f600
2800
0000
f600
3200
1400
ec00
1e00
0a00
d800
0f00
1900
e200
1900
2300
ec00
0f00
0500
e200
1400
0a00
f600
1900
fb00
f600
1e00
f600
e200
0f00
f600
dd00
fb00
ec00
ec00
0f00
0000
e700
0f00
1900
ec00
fb00
0f00
0000
0a00
0000
ec00
1400
0a00
d800
f600
1e00
ec00
f600
1e00
0a00
f600
0a00
0a00
f600
f600
f600
0000
1400
f600
0000
2800
f600
0000
2800
f600
0000
2800
f600
ec00
1e00
f600
ec00
2800
0a00
ec00
1400
0a00
ec00
0a00
0a00
f600
0a00
0a00
ec00
0000
1400
f100
f600
1900
0a00
0500
1900
f600
fb00
1e00
ec00
e700
1e00
fb00
e200
0f00
0000
f600
1900
f100
e700
1e00
0f00
f100
1400
0f00
ec00
0000
0a00
f600
0500
1900
0370
fe39
0d54
fd7e
f3a6
f96c
03d5
0d96
fdbd
f8e0
0852
f8cc
f93f
12aa
ee80
d198
f600
0f00
f600
ec00
f600
fb00
0500
0a00
fb00
0000
0f00
fb00
0000
1400
0000
fb00
1680
0900
f700
0480
0900
f700
0000
0900
f280
0d80
1200
f700
1680
1200
ee00
fb80
2400
0000
e500
0900
f700
f700
1b00
0000
f700
1200
f700
ee00
1b00
0900
ee00
1b00
1b00
ee00
1200
2400
ee00
f700
1200
ee00
0000
1b00
ee00
f700
2400
0900
e500
f700
f700
f700
0900
f700
ee00
0000
f700
f700
0900
f700
f700
1b00
f700
dc00
0900
f700
e500
1b00
0900
ee00
1200
f700
e500
0900
ee00
f700
2d00
0000
dc00
1b00
1200
d300
0000
1b00
e500
0000
1200
d300
f700
2400
e500
f700
2400
dc00
f700
2d00
e500
ee00
2400
ee00
f700
2400
e500
ee00
2400
e500
e500
2d00
f700
dc00
1b00
0000
dc00
1200
0900
e500
1200
1200
ee00
0900
0900
dc00
0000
0000
dc00
1200
0900
ee00
0900
ee00
d300
0900
0000
ca00
0000
1200
ee00
0000
ee00
d300
0900
0900
d300
f700
1200
dc00
f700
1200
d300
ee00
2400
e500
ee00
2400
e500
dc00
1200
ee00
ee00
1b00
ee00
ee00
1200
e500
ee00
1200
ee00
ee00
0900
dc00
e500
1b00
dc00
d300
1b00
0000
dc00
1b00
0900
ca00
0900
1200
dc00
0000
0000
e500
0900
f700
d300
0000
0000
e500
0900
f700
e500
2400
1200
d300
0900
2400
dc00
ee00
2400
f700
ee00
0900
ee00
0000
2400
ee00
f700
3600
0000
f700
2d00
0000
f700
2d00
0000
e500
2400
0900
dc00
1b00
1b00
e500
1200
2400
ee00
0900
2d00
0900
0000
1200
1200
0000
0000
0000
0900
1200
0000
f700
f280
fb80
0d80
0480
0480
1b00
0d80
ee00
f700
0480
f700
0000
1200
f700
fb80
0900
0000
0000
fb80
f700
0d80
1200
f280
f280
0d80
fb80
e500
f700
0d80
0900
f700
0000
0480
0d80
1200
0480
1200
0000
f280
1200
1200
fb80
0000
0900
0000
0000
0d80
0900
0870
1e69
0a81
f7d9
0eda
0dec
0d0d
07bc
fe40
075b
0b65
062d
014a
1335
1201
f5e0
0d80
1680
f280
0480
1200
e500
f280
1b00
f280
ee00
0d80
f280
e980
0d80
f280
ee00
2400
0000
dc00
0900
0000
ee00
1200
f700
e500
1b00
0900
e500
1b00
0900
dc00
1200
0900
dc00
1200
1b00
e500
0900
1200
e500
0000
0900
dc00
f700
1200
ee00
f700
1b00
0000
0000
1200
0480
1200
1680
f700
0000
1b00
fb80
f280
0d80
0000
0480
0d80
0000
0000
0480
f700
f700
fb80
e980
f700
0d80
0480
0480
1200
0480
f700
0d80
0900
ee00
1200
2400
0000
0900
1200
f700
1200
1b00
e500
0000
2400
ee00
f700
2400
0000
f700
1b00
0000
ee00
0900
f700
f700
1200
f700
f700
2400
0900
e500
0900
0900
f700
0900
0480
f700
1200
0480
e980
0d80
1b00
f700
fb80
0d80
f700
f700
0480
e980
ee00
1680
0000
ee00
1200
f700
dc00
0000
ee00
ee00
1200
f700
e500
1200
f700
d300
0900
0900
ee00
0900
0000
e500
0000
f700
e500
0900
f700
dc00
0000
0900
ee00
f700
ee00
dc00
fb80
0480
e500
fb80
0d80
f280
0480
0d80
e980
0480
1680
f280
0480
0900
f700
1200
1200
0000
0900
f700
e500
1200
1b00
e500
f700
2400
0900
ee00
0000
f700
f700
1b00
0000
e980
1f80
1f80
f700
1680
1680
ee00
1680
1680
ee00
1200
1b00
f280
0480
1200
e500
0000
2400
ee00
0000
2d00
0900
f700
0900
ee00
f700
2400
0000
e500
1b00
1200
e980
0480
fb80
e980
0d80
1200
0480
0900
0480
0900
0900
f280
0000
1200
f700
fb80
0900
e500
e500
1b00
0480
e500
1680
0900
e500
0000
f280
ee00
1f80
0d80
e500
0d80
1b00
ee00
0000
1200
ee00
1200
2400
e500
0000
2d00
f700
f700
0000
ee00
1200
0900
dc00
0000
2400
f700
ee00
1200
ee00
f700
2400
ee00
e500
1b00
0000
e500
1200
0900
e500
1200
0900
dc00
0000
1200
f700
0000
1200
f700
0000
1200
f700
0000
0900
0900
0000
f700
fb80
0900
f700
e500
0480
0900
f700
0000
fb80
f700
0480
fb80
f700
1200
1200
f280
ee00
0480
0000
f700
0900
0900
0000
0d80
0000
e080
f280
0480
ee00
f700
0990
fff7
fff7
08f7
0867
fee0
f5f2
f692
f729
f7b6
e639
ded5
0de7
0408
e8c7
053a
0000
fb80
0900
ee00
ee00
1680
1200
f700
0480
0900
f280
0480
0000
ee00
0900
1680
0480
0000
1680
0000
e500
fb80
0000
fb80
0d80
0000
f280
1200
0480
ee00
0000
0480
ee00
ee00
0480
fb80
f280
0900
fb80
f700
1200
0000
ee00
0480
fb80
e500
f700
0000
e980
f3e8
0229
f006
e806
0005
fb84
e54b
f475
072e
ebba
df7e
f386
f8cd
0b40
060c
e500
0000
1200
f280
e080
0900
1b00
f700
0900
1200
ee00
0480
0900
f700
1680
1200
ee00
0000
1200
0000
1200
1b00
ee00
0900
2400
e500
0000
2400
ee00
0900
3600
f700
f700
2400
f700
ee00
1b00
f700
f700
2d00
0900
ee00
2400
1200
f700
1200
0900
ee00
fb80
0000
e980
0000
0d80
f280
0480
1680
f700
fb80
1200
e980
e500
1680
0900
fb80
1200
0900
0000
1200
0000
f700
1b00
0900
e500
1b00
1200
e500
1200
0900
d300
f700
0900
dc00
f700
0900
ee00
0000
f700
dc00
0900
1200
d300
f700
1b00
dc00
f700
2400
ee00
0000
0900
ca00
f700
1b00
d300
e500
1200
ca00
ca00
0900
dc00
d300
1200
ee00
dc00
1200
ee00
d300
1200
f700
d300
1200
0000
ca00
0900
0900
d300
f700
1200
f700
0900
0000
dc00
1200
2d00
e500
ee00
1200
dc00
ee00
1b00
ee00
0900
3600
f700
f700
2400
ee00
dc00
1b00
0000
ee00
2400
0000
e500
1200
0900
ee00
0900
f700
ee00
1b00
0000
0000
3f00
1b00
f700
2d00
1b00
e500
1200
2400
f700
1200
2400
ee00
0900
3600
0480
f700
1680
0480
0000
0d80
f700
0000
1680
0480
0480
0900
0000
0480
0480
ee00
f700
1b00
0000
ee00
0900
f700
f700
0000
ee00
0900
1b00
ee00
ee00
2400
0900
dc00
fb80
0000
e500
0000
fb80
e080
1200
1680
ee00
1200
1b00
ee00
f280
fb80
f700
fb80
f280
ee00
fb80
0480
0000
fb80
0000
ee00
f280
0480
e980
e980
0480
f700
ee00
0480
0438
e8f4
fc64
fc9d
e1d3
feb6
19ca
f42d
f4ea
079b
f520
10ce
18c1
f334
1800
3180
ee00
ee00
2d00
0000
dc00
1b00
0900
ee00
2400
0900
e500
1b00
1200
e500
0900
1b00
0000
0900
0000
f700
1b00
1200
0000
1200
0900
0900
2d00
2400
ee00
f700
2400
0000
f700
2400
0900
0000
2400
f700
dc00
1b00
1200
f700
1200
0900
0000
1b00
0000
ee00
0d80
0480
f280
0d80
0480
ee00
0480
0900
e980
0000
1f80
f700
fb80
0900
e980
0900
0900
dc00
0900
1b00
e500
f700
1200
e500
f700
1200
ee00
f700
1200
ee00
ee00
1b00
ee00
dc00
1b00
ee00
dc00
2400
0900
e500
1b00
0000
dc00
1200
0900
e500
1200
1200
e500
0900
1680
f700
1b00
1680
e980
fb80
0000
e980
0480
fb80
e980
1680
0d80
e500
0000
0d80
e080
ee00
1680
0000
0480
1200
e980
e500
0480
fb80
e980
fb80
0000
ee00
fca0
0ed6
0968
ffd1
fb54
f29e
e5f4
ec14
f652
edec
f80e
fd0d
f43b
f4f7
f5a6
f1cc
ee00
f700
fb80
0480
fb80
0000
1200
fb80
0000
0900
ee00
0900
1200
e500
0000
1b00
e500
ee00
2d00
0000
dc00
1b00
1200
e500
0900
1b00
f700
0000
0900
ee00
0000
1b00
ee00
e500
1200
1680
0900
fb80
f700
0900
0900
e500
f280
1b00
0000
f700
1200
f280
dc00
0900
0900
ee00
1b00
2d00
f700
0000
2400
f700
e500
1b00
0000
ee00
1200
0900
ee00
0900
0900
e500
ee00
0480
fb80
f280
fb80
f700
0480
1f80
f280
e500
0480
e980
e980
0d80
0000
fb80
1200
fb80
e980
fb80
0480
0000
f280
0000
0900
f280
0000
1200
ee00
ee00
1b00
0480
f280
0d80
0900
0000
0900
0000
fb80
1200
0000
e980
0d80
1200
ee00
0000
1f80
fb80
ee00
0d80
0000
e980
0000
0000
ee00
0480
0900
ee00
0000
0d80
fb80
fb80
0000
f700
fb80
0900
0480
0480
0d80
fb80
ee00
0480
fb80
ee00
0900
0000
f700
0990
f6f7
f787
130e
f6dd
f76e
00f6
eee6
01f8
0ad8
e62a
02c7
269a
0930
089d
1200
dc00
dc00
1200
f700
e500
1b00
0900
f700
0900
ee00
e500
1200
1200
f700
0000
0d80
fb80
fb80
0480
fb80
f280
fb80
0000
f700
fb80
0480
fb80
fb80
1200
0480
f700
0480
fb80
f700
fb80
0000
0000
f280
f280
0000
f700
e500
fb80
0480
e980
0480
1200
f280
0000
1200
ee00
f700
1200
0000
0000
0480
fb80
0000
0000
0000
0d80
0900
0000
0900
0900
fb80
0000
0480
fb80
1b00
1f80
f280
0900
1680
f280
0000
0000
ee00
1200
1680
f280
0000
0900
f700
0480
0900
0d80
1680
0480
f280
0000
0900
fb80
0480
0900
ff70
ff79
f680
0018
1b16
0764
f4ed
109d
0f93
f399
185f
1fd8
f0db
0ccd
2fff
fffe
f280
1200
fb80
f280
0d80
0d80
0900
0d80
1200
0d80
f700
0480
0d80
0000
0000
0480
0900
0480
f700
f700
0900
fb80
e980
0900
0900
f280
1200
1b00
ee00
0000
1680
e500
e500
0900
ee00
e980
0d80
ee00
ee00
1b00
fb80
e980
1680
0d80
f280
0900
fb80
ee00
0d80
0000
e980
0900
0480
e980
0480
0000
e500
0000
0d80
0480
0900
0480
f700
fb80
1200
0000
e500
0900
2400
0900
0000
0900
ee00
f700
0900
e500
ee00
2400
1200
ee00
0480
0900
f700
f700
ee00
e500
0d80
1680
e980
f280
1680
fb80
e980
0900
0480
f700
0480
ee00
e500
fb80
fb80
f280
f280
f700
f700
0480
f700
e980
0900
fb80
e500
0000
0000
e500
0480
1200
e980
fb80
0900
e500
e980
0900
f700
ee00
0480
0d80
0480
ee00
ece0
f952
fbfc
f9fd
fa5c
fcf6
fae7
fb38
06c4
0657
fcf1
0861
07da
f9dc
f37e
fb05
0480
0000
0480
0900
0000
f700
f280
0480
0480
fb80
0d80
0000
f700
0000
0000
fb80
0480
0d80
f280
f700
0480
f700
fb80
1680
0d80
0480
1200
0480
f280
fb80
0900
f280
e500
0000
0900
0900
1200
0000
f700
1b00
0900
e500
0900
0900
ee00
0000
0000
f700
0990
f6f7
d387
f14e
0439
f1f4
f2d4
05a6
f34b
eb16
fe64
e37d
ee44
0a60
eeb9
efcd
1200
f700
e500
1200
0000
d300
0900
1200
dc00
f700
0900
e500
0000
1b00
e500
f700
2400
ee00
e500
0900
ee00
f700
1200
e500
e500
1200
f700
0000
2d00
0000
0000
2d00
ee00
dc00
2400
0900
e500
1b00
1200
ee00
1200
0900
f700
1b00
0900
ee00
0900
0000
f700
1200
f700
ee00
1200
ee00
e500
1b00
1200
0000
1b00
0000
ee00
1200
1b00
f700
0900
2400
1200
1200
1200
0000
0900
1200
ee00
f700
1b00
f700
ee00
1200
0900
e500
f700
0900
ee00
f700
fb80
f700
0d80
0900
f280
f700
1680
1200
0000
0900
0000
f700
0900
0480
0000
1200
0000
e980
f700
fb80
fb80
0480
f700
0000
1680
0900
0000
1200
1200
0480
fb80
0000
1680
0480
f700
1680
1680
fb80
f700
0d80
1200
ee00
ee00
0480
0480
0480
0480
0000
0000
1200
0900
e980
0d80
1680
f280
0480
0900
f280
0480
0480
f700
1200
1b00
0900
1b00
1b00
ee00
0000
1b00
f700
0000
1200
ee00
1200
2400
ee00
0900
2400
f700
0900
1b00
ee00
0000
1200
ee00
f700
0900
e500
ee00
1200
f700
f700
1680
1200
0000
0000
fb80
0480
0d80
e500
e500
1200
0000
e980
f700
0480
1680
fb80
dc00
0000
0900
dc00
f700
2400
0000
0900
1b00
ee00
0000
1200
e500
ee00
0900
f700
0480
1200
fb80
0480
0d80
ee00
f280
1200
f280
ee00
1680
f700
ee00
1200
0900
ee00
ef20
f92e
fe1b
02b8
f08c
fa82
0cda
f58c
fab3
0d07
fa36
f192
08f9
ff69
dff2
fcf2
1200
0000
0000
0000
ee00
f700
0000
dc00
ee00
1b00
f700
f700
2400
0900
ee00
1200
0000
e980
1f80
1200
e500
0d80
0900
e080
1b00
1f80
e500
0900
1b00
e980
0000
1f80
ee00
0000
2400
ee00
ee00
1b00
0900
f700
0900
0900
0000
0000
0000
ee00
f700
1200
0c60
f99a
0300
0bd0
0213
01f1
f451
fe0c
192a
0598
fc3e
12f9
044a
0885
1e7c
0193
0900
2400
f700
ee00
1b00
f700
dc00
0900
0900
e500
0900
2400
ee00
0000
2400
f700
0000
1200
f700
0900
0d80
ee00
0900
1b00
f700
0000
0d80
fb80
0900
1b00
fb80
f280
2400
1200
f700
1b00
0900
ee00
1200
0900
f700
1b00
0900
f700
2d00
2400
e500
0000
1b00
f700
0000
0900
e500
f700
0000
e500
f700
0000
f700
0900
0000
f700
0000
0000
f4c0
fe74
078c
fbd3
f795
f15b
f245
fe60
00ba
076e
0937
01e2
01c4
0867
fa60
ff3a
1f80
0000
e980
0900
1200
ee00
ee00
0000
fb80
0480
fb80
f280
0480
0000
f280
fb80
0948
ffb3
08b8
1a2c
f908
fdf8
1017
f896
068c
1822
091f
fb0d
ffdc
f25e
dcb7
ec6b
fb80
0480
0480
f280
0000
1b00
0000
e500
f700
f700
ee00
0000
fb80
e500
0480
1200
e500
f700
0d80
0000
0d80
0000
ee00
0480
0000
e080
f700
1f80
0480
f700
0000
f280
fb80
0480
f280
f700
1680
1200
f700
0000
0900
0d80
0900
e500
e980
0000
0000
fb80
f280
0000
0d80
fb80
f280
0d80
0480
f280
1200
0d80
fb80
1f80
1b00
f700
0900
fb80
f280
0900
ee00
f280
0d80
0480
0480
0d80
0900
0900
0480
ee00
fb80
1200
f280
fb80
1200
f280
f700
0d80
ee00
ee00
1680
0000
f280
0d80
0480
fb80
0480
0480
fb80
fb80
ee00
0000
1200
f280
f280
1200
0d80
f280
0480
0d80
0480
0d80
f700
e980
1b00
1b00
dc00
f700
1b00
e500
f700
1b00
ee00
0900
1200
e500
0900
0900
dc00
1200
1200
d300
0000
1200
dc00
0000
1200
e500
0000
1200
dc00
ee00
1b00
f700
ee00
1200
f700
e500
fb80
e980
e500
0d80
0480
f280
1f80
1200
e500
0000
0d80
e980
e500
0d80
1200
0480
0000
0480
0900
0000
ee00
f280
1200
0900
ee00
f700
0480
fb80
0000
0000
e500
f280
fc58
d892
e408
00c7
f7b9
f83d
01b9
f89c
0213
f8f1
de61
f27b
fc53
f38e
fd55
f47e
f9b6
0c1a
06d7
efe9
f569
0392
f5d9
f1fb
e9db
f43c
0278
f4cf
f102
f672
f28a
f361
0d80
0900
f280
0480
1680
f700
ee00
0d80
0900
fb80
0900
fb80
f700
0d80
fb80
e500
0000
1200
0d80
0d80
1200
0d80
0d80
0900
0000
0d80
0480
0480
0d80
fb80
fb80
1680
0900
e080
0480
1f80
0480
0480
1b00
0d80
0000
1b00
0000
e080
0000
1200
f700
ee00
fb80
0900
0d80
0480
0d80
1680
fb80
0480
0d80
e980
fb80
1b00
f700
e500
0d80
0900
e500
f700
fb80
ee00
0480
0480
e980
f280
0900
f280
e080
fb80
0900
f280
fb80
0480
fb80
0480
0480
0000
1200
0480
e980
fb80
0900
fb80
0480
0900
fb80
0480
0480
f700
0000
f280
ee00
1200
0d80
f700
0d80
0d80
0000
1680
0480
ee00
1680
1200
e980
0900
0900
e500
0900
1200
ee00
0900
0900
f700
1200
f700
dc00
1b00
0900
dc00
1b00
1200
dc00
1200
0900
dc00
1200
1b00
e500
0900
1200
ee00
0900
f700
dc00
1b00
1b00
dc00
0000
1b00
dc00
f700
1b00
dc00
ee00
2400
ee00
e500
1200
0000
ee00
0900
0000
f700
0000
f280
fb80
1200
0480
f700
0480
0d80
0480
0900
fb80
ee00
0d80
1200
fb80
0480
1b00
0480
f280
0d80
0480
f280
0000
0d80
f700
0480
1b00
0000
0000
fb80
f280
1200
0000
e500
1200
1200
ee00
0000
f700
e500
1200
1200
e500
0900
2400
f700
0900
1b00
f700
0900
1b00
ee00
0000
1b00
ee00
f700
2400
0000
f700
1b00
0000
f700
1200
0900
0000
0900
0000
f700
1200
0900
ee00
0480
1200
0d80
0d80
f280
f280
0900
0d80
0d80
0000
f700
0000
0900
0000
e500
e500
0900
0000
dc00
f700
1200
e500
f700
1b00
ee00
ee00
1b00
f700
ee00
0900
e500
ee00
2400
0000
e500
1200
0000
f700
1200
0000
0000
1680
0318
f0e6
ff57
fae1
fb32
fffe
047e
11b6
109b
fd90
fdb7
0b5b
fd24
0651
17ec
ffec
046e
11a7
fa0b
e3ea
eeab
0abf
0a13
ee71
f889
1881
0978
ede0
f801
ef80
de88
f700
0000
e980
fb80
0900
e500
f700
0900
e500
ee00
0000
f700
fb80
0480
fb80
0480
1200
0000
0480
0900
f280
f280
0d80
fb80
f280
0d80
f280
ee00
0900
f700
e980
1200
1200
ee00
0900
0480
e980
f280
f700
fb80
fb80
0d80
0000
f700
0d80
f700
fb80
1b00
fb80
ee00
0d80
fb80
e980
1200
0d80
e500
0900
1200
f700
0d80
0900
e980
0480
1200
ee00
0000
1f80
0900
0480
0d80
0000
0d80
0d80
0000
1680
1680
0480
0000
0900
0480
ee00
f700
0000
ee00
0000
2400
0000
ee00
1b00
1200
0000
1200
0900
0000
1200
0900
f700
0000
0480
0900
0900
0d80
0900
0480
0480
ee00
e980
0900
1680
0000
0000
0d80
0000
0d80
1200
fb80
fb80
0480
f700
0000
1680
0000
ee00
0480
1200
0000
f700
0480
06c0
0480
fdc0
0480
0b40
0240
0900
06c0
0240
fb80
f940
06c0
fb80
fb80
0480
fdc0
0900
1200
fb80
ee00
0d80
0d80
e980
0900
1b00
f700
0480
1200
ee00
f700
0d80
f280
f700
0900
ee00
0900
1b00
e500
0000
1b00
e500
0000
1b00
dc00
f700
2d00
ee00
ee00
2d00
0000
f700
1b00
ee00
e500
0900
ee00
ee00
1b00
0000
f700
1b00
f700
ee00
1b00
fb80
e500
0d80
1200
fb80
0900
0000
ee00
0900
0000
f280
1680
0000
e080
0480
0480
e500
0900
1200
e500
f700
1200
dc00
d300
0000
f700
f700
1b00
0000
e500
1200
0900
e500
0900
0900
0000
0900
e500
ee00
2400
0000
e500
0900
0000
f700
1200
f700
ee00
2400
1200
ee00
1200
0900
f700
0900
f700
ee00
0900
f700
f700
1b00
ee00
f700
2400
ee00
e500
2400
0000
d300
1200
2400
ee00
0000
1b00
ee00
ee00
0900
e500
ee00
1b00
f700
f280
1200
f700
f700
0900
ee00
0000
1680
ee00
ee00
1200
f280
e080
0d80
0480
e980
0000
0000
f700
0000
0900
fb80
ee00
f700
f700
0000
fb80
e980
fb80
ee00
ee00
0900
fb80
e500
f280
0900
0480
f280
f700
0900
fb80
f700
0900
0480
f700
0480
0d80
f700
e500
0480
0d80
e980
0000
1200
ee00
0000
0d80
f280
fb80
1f80
0480
e500
0000
fb80
f280
0b40
0fc0
0480
0900
0900
f700
fb80
0b40
0240
fb80
0480
f940
fb80
06c0
0000
0000
0480
fb80
fb80
0900
fb80
ee00
1200
0900
e080
fb80
1b00
fb80
ee00
0d80
0000
f700
1680
fb80
f280
0d80
0000
0480
0900
f280
0900
0d80
ee00
1200
1b00
ee00
0900
1200
0000
1b00
0900
ee00
1b00
1200
dc00
0000
1b00
ee00
0000
1b00
0000
0900
1200
0000
0900
2400
0900
0900
2400
0000
ee00
1200
0000
ee00
1200
1200
ee00
0000
1200
ee00
0900
1680
e980
0900
1200
e080
f700
0900
ee00
f700
0480
ee00
0000
1680
f280
0000
1b00
f700
f280
0d80
f700
f280
0000
f700
0000
0480
e980
f700
0480
f280
0480
1680
ee00
f280
1680
fb80
e980
0000
0900
0900
0480
f700
0900
0480
ee00
0d80
0480
e500
0480
1200
ee00
ee00
0480
f700
fb80
1200
0000
fb80
0480
f280
0000
1200
f700
0000
1680
f700
ee00
0d80
fb80
ee00
1b00
0000
e080
0d80
0900
e980
0d80
1f80
ee00
0000
1b00
e500
0000
1200
e500
0900
1200
dc00
f700
2400
f700
ee00
1200
ee00
f700
2d00
0000
e500
2400
0900
d300
f700
0000
ee00
0900
0900
ee00
0000
0900
f700
0480
f700
f700
1b00
0900
f280
0900
0480
f280
0480
fb80
f280
1680
0480
ee00
0480
0d80
f280
ee00
0480
f700
fb80
1200
fb80
0000
1f80
f280
e080
1200
0480
e500
0480
1200
0480
1200
0000
f280
1f80
0d80
e980
1200
1200
f280
0000
0900
0900
1f80
0900
f280
1b00
1200
e980
f700
0480
fb80
1200
1b00
0900
0480
0480
0480
0000
fb80
f700
0900
0d80
ee00
f700
0900
e980
fb80
1680
e980
f280
0d80
e080
e980
1200
ee00
e500
1200
f700
dc00
1200
0900
dc00
0000
0900
ee00
0900
0000
ee00
1200
0900
f700
0900
f700
dc00
0900
1b00
f700
0000
1200
f700
ee00
0000
0000
0000
0000
e500
f700
1200
f280
ee00
0d80
0900
fb80
f280
e500
fb80
0900
e500
f280
1680
0000
fb80
fb80
e980
f868
01e1
fd43
0f6d
0e76
fb8e
fbd5
0097
008d
0984
046b
f6a4
fbba
097e
f6e6
e9f7
0d80
1680
0000
0480
1200
fb80
0000
1200
ee00
f700
1200
f280
f280
0480
0480
0000
f700
0000
1200
0900
f700
1200
0900
ee00
1b00
2d00
f700
ee00
0900
0900
0000
0000
f700
0900
1f80
f700
e980
1200
0d80
0000
0900
ee00
f280
1680
f700
e980
0d80
0000
0480
0d80
f280
fb80
1680
0480
ee00
0d80
0d80
ee00
0480
1680
0480
0000
0900
0d80
0480
ee00
fb80
0900
fb80
0900
1f80
0900
fb80
1680
1200
fb80
0000
0900
0480
0480
f700
0d80
0000
f700
1200
fb80
fb80
1680
f700
f280
0900
ee00
f700
0d80
ee00
f700
1200
0000
f700
0900
0900
1200
0900
f700
0900
1b00
f700
f700
1200
ee00
ee00
2400
0480
ee00
1f80
0d80
e080
0d80
0480
e080
1680
1200
e500
0000
0d80
ee00
fb80
0d80
f280
0000
1b00
f280
e500
0480
0900
ee00
f280
0480
f700
0000
0000
e080
0000
1200
dc00
ee00
0900
dc00
e500
0900
e500
e500
1b00
f700
e500
2400
1b00
ee00
0900
0900
e500
f280
fb80
ee00
0480
1200
fb80
fb80
0000
f280
fb80
0d80
f700
fb80
1680
0480
ee00
0480
0900
f700
0d80
0d80
e980
f700
1680
fb80
f280
0900
fb80
f700
0000
ee00
e980
0480
fb80
e980
fb80
f280
e980
0900
f700
e080
0900
0480
e980
0900
1f80
ee00
e500
0d80
0480
fb80
0900
0480
fb80
0900
0480
fb80
1680
1200
f700
1200
1200
ee00
0000
0900
f700
fb80
1680
1b00
0000
0d80
1680
0d80
0000
0480
1680
fb80
fb80
1b00
f700
e980
1200
0900
f280
1200
0d80
fb80
0900
f280
ee00
0d80
0900
ee00
1200
1b00
ee00
0900
0900
e500
1200
1b00
e500
0000
2400
f700
f700
1b00
0000
f700
1200
f700
ee00
0900
e500
ee00
1200
ee00
f700
2400
0000
f700
2d00
1200
ee00
1b00
0900
dc00
0d80
1680
e500
1680
1f80
ee00
0d80
0480
e500
1200
0900
f700
1680
fb80
f700
1b00
f700
e500
0d80
f700
e080
fb80
ee00
ee00
0d80
0000
e980
0d80
1680
ee00
fb80
0d80
0000
0900
0000
ee00
1200
0900
dc00
f700
1b00
ee00
f700
1b00
0900
f700
0900
0900
f700
f700
f700
0000
1200
f700
0000
2400
f700
0000
2400
f700
0000
2400
f700
ee00
1b00
f700
ee00
2400
0900
ee00
1200
0900
ee00
0900
0900
f700
0900
0900
ee00
0000
1200
f280
f700
1680
0900
0480
1680
f700
fb80
1b00
ee00
e980
1b00
fb80
e500
0d80
0000
f700
1680
f280
e980
1b00
0d80
f280
1200
0d80
ee00
0000
0900
f700
0480
1680
0318
fe66
0bff
fdbe
f4e2
fa14
0373
0c3a
fdf7
f996
077d
f984
f9ec
10cc
f040
d63c
f700
0d80
f700
ee00
f700
fb80
0480
0900
fb80
0000
0d80
fb80
0000
1200
0000
fb80
1680
0900
f700
0480
0900
f700
0000
0900
f280
0d80
1200
f700
1680
1200
ee00
fb80
2400
0000
e500
0900
f700
f700
1b00
0000
f700
1200
f700
ee00
1b00
0900
ee00
1b00
1b00
ee00
1200
2400
ee00
f700
1200
ee00
0000
1b00
ee00
f700
2400
0900
e500
f700
f700
f700
0900
f700
ee00
0000
f700
f700
0900
f700
f700
1b00
f700
dc00
0900
f700
e500
1b00
0900
ee00
1200
f700
e500
0900
ee00
f700
2d00
0000
dc00
1b00
1200
d300
0000
1b00
e500
0000
1200
d300
f700
2400
e500
f700
2400
dc00
f700
2d00
e500
ee00
2400
ee00
f700
2400
e500
ee00
2400
e500
e500
2d00
f700
dc00
1b00
0000
dc00
1200
0900
e500
1200
1200
ee00
0900
0900
dc00
0000
0000
dc00
1200
0900
ee00
0900
ee00
d300
0900
0000
ca00
0000
1200
ee00
0000
ee00
d300
0900
0900
d300
f700
1200
dc00
f700
1200
d300
ee00
2400
e500
ee00
2400
e500
dc00
1200
ee00
ee00
1b00
ee00
ee00
1200
e500
ee00
1200
ee00
ee00
0900
dc00
e500
1b00
dc00
d300
1b00
0000
dc00
1b00
0900
ca00
0900
1200
dc00
0000
0000
e500
0900
f700
d300
0000
0000
e500
0900
f700
e500
2400
1200
d300
0900
2400
dc00
ee00
2400
f700
ee00
0900
ee00
0000
2400
ee00
f700
3600
0000
f700
2d00
0000
f700
2d00
0000
e500
2400
0900
dc00
1b00
1b00
e500
1200
2400
ee00
0900
2d00
0900
0000
1200
1200
0000
0000
0000
0900
1200
0000
f700
f280
fb80
0d80
0480
0480
1b00
0d80
ee00
f700
0480
f700
0000
1200
f700
fb80
0900
0000
0000
fb80
f700
0d80
1200
f280
f280
0d80
fb80
e500
f700
0d80
0900
f700
0000
0480
0d80
1200
0480
1200
0000
f280
1200
1200
fb80
0000
0900
0000
0000
0d80
0900
0870
1e69
0a81
f7d9
0eda
0dec
0d0d
07bc
fe40
075b
0b65
062d
014a
1335
1201
f5e0
0d80
1680
f280
0480
1200
e500
f280
1b00
f280
ee00
0d80
f280
e980
0d80
f280
ee00
2400
0000
dc00
0900
0000
ee00
1200
f700
e500
1b00
0900
e500
1b00
0900
dc00
1200
0900
dc00
1200
1b00
e500
0900
1200
e500
0000
0900
dc00
f700
1200
ee00
f700
1b00
0000
0000
1200
0480
1200
1680
f700
0000
1b00
fb80
f280
0d80
0000
0480
0d80
0000
0000
0480
f700
f700
fb80
e980
f700
0d80
0480
0480
1200
0480
f700
0d80
0900
ee00
1200
2400
0000
0900
1200
f700
1200
1b00
e500
0000
2400
ee00
f700
2400
0000
f700
1b00
0000
ee00
0900
f700
f700
1200
f700
f700
2400
0900
e500
0900
0900
f700
0900
0480
f700
1200
0480
e980
0d80
1b00
f700
fb80
0d80
f700
f700
0480
e980
ee00
1680
0000
ee00
1200
f700
dc00
0000
ee00
ee00
1200
f700
e500
1200
f700
d300
0900
0900
ee00
0900
0000
e500
0000
f700
e500
0900
f700
dc00
0000
0900
ee00
f700
ee00
dc00
fb80
0480
e500
fb80
0d80
f280
0480
0d80
e980
0480
1680
f280
0480
0900
f700
1200
1200
0000
0900
f700
e500
1200
1b00
e500
f700
2400
0900
ee00
0000
f700
f700
1b00
0000
e980
1f80
1f80
f700
1680
1680
ee00
1680
1680
ee00
1200
1b00
f280
0480
1200
e500
0000
2400
ee00
0000
2d00
0900
f700
0900
ee00
f700
2400
0000
e500
1b00
1200
e980
0480
fb80
e980
0d80
1200
0480
0900
0480
0900
0900
f280
0000
1200
f700
fb80
0900
e500
e500
1b00
0480
e500
1680
0900
e500
0000
f280
ee00
1f80
0d80
e500
0d80
1b00
ee00
0000
1200
ee00
1200
2400
e500
0000
2d00
f700
f700
0000
ee00
1200
0900
dc00
0000
2400
f700
ee00
1200
ee00
f700
2400
ee00
e500
1b00
0000
e500
1200
0900
e500
1200
0900
dc00
0000
1200
f700
0000
1200
f700
0000
1200
f700
0000
0900
0900
0000
f700
fb80
0900
f700
e500
0480
0900
f700
0000
fb80
f700
0480
fb80
f700
1200
1200
f280
ee00
0480
0000
f700
0900
0900
0000
0d80
0000
e080
f280
0480
ee00
f700
0990
fff7
fff7
08f7
0867
fee0
f5f2
f692
f729
f7b6
e639
ded5
0de7
0408
e8c7
053a
0000
fb80
0900
ee00
ee00
1680
1200
f700
0480
0900
f280
0480
0000
ee00
0900
1680
0480
0000
1680
0000
e500
fb80
0000
fb80
0d80
0000
f280
1200
0480
ee00
0000
0480
ee00
ee00
0480
fb80
f280
0900
fb80
f700
1200
0000
ee00
0480
fb80
e500
f700
0000
e980
f3e8
0229
f006
e806
0005
fb84
e54b
f475
072e
ebba
df7e
f386
f8cd
0b40
060c
e500
0000
1200
f280
e080
0900
1b00
f700
0900
1200
ee00
0480
0900
f700
1680
1200
ee00
0000
1200
0000
1200
1b00
ee00
0900
2400
e500
0000
2400
ee00
0900
3600
f700
f700
2400
f700
ee00
1b00
f700
f700
2d00
0900
ee00
2400
1200
f700
1200
0900
ee00
fb80
0000
e980
0000
0d80
f280
0480
1680
f700
fb80
1200
e980
e500
1680
0900
fb80
1200
0900
0000
1200
0000
f700
1b00
0900
e500
1b00
1200
e500
1200
0900
d300
f700
0900
dc00
f700
0900
ee00
0000
f700
dc00
0900
1200
d300
f700
1b00
dc00
f700
2400
ee00
0000
0900
ca00
f700
1b00
d300
e500
1200
ca00
ca00
0900
dc00
d300
1200
ee00
dc00
1200
ee00
d300
1200
f700
d300
1200
0000
ca00
0900
0900
d300
f700
1200
f700
0900
0000
dc00
1200
2d00
e500
ee00
1200
dc00
ee00
1b00
ee00
0900
3600
f700
f700
2400
ee00
dc00
1b00
0000
ee00
2400
0000
e500
1200
0900
ee00
0900
f700
ee00
1b00
0000
0000
3f00
1b00
f700
2d00
1b00
e500
1200
2400
f700
1200
2400
ee00
0900
3600
0480
f700
1680
0480
0000
0d80
f700
0000
1680
0480
0480
0900
0000
0480
0480
ee00
f700
1b00
0000
ee00
0900
f700
f700
0000
ee00
0900
1b00
ee00
ee00
2400
0900
dc00
fb80
0000
e500
0000
fb80
e080
1200
1680
ee00
1200
1b00
ee00
f280
fb80
f700
fb80
f280
ee00
fb80
0480
0000
fb80
0000
ee00
f280
0480
e980
e980
0480
f700
ee00
0480
0438
e8f4
fc64
fc9d
e1d3
feb6
19ca
f42d
f4ea
079b
f520
10ce
18c1
f334
1800
3180
ee00
ee00
2d00
0000
dc00
1b00
0900
ee00
2400
0900
e500
1b00
1200
e500
0900
1b00
0000
0900
0000
f700
1b00
1200
0000
1200
0900
0900
2d00
2400
ee00
f700
2400
0000
f700
2400
0900
0000
2400
f700
dc00
1b00
1200
f700
1200
0900
0000
1b00
0000
ee00
0d80
0480
f280
0d80
0480
ee00
0480
0900
e980
0000
1f80
f700
fb80
0900
e980
0900
0900
dc00
0900
1b00
e500
f700
1200
e500
f700
1200
ee00
f700
1200
ee00
ee00
1b00
ee00
dc00
1b00
ee00
dc00
2400
0900
e500
1b00
0000
dc00
1200
0900
e500
1200
1200
e500
0900
1680
f700
1b00
1680
e980
fb80
0000
e980
0480
fb80
e980
1680
0d80
e500
0000
0d80
e080
ee00
1680
0000
0480
1200
e980
e500
0480
fb80
e980
fb80
0000
ee00
fca0
0ed6
0968
ffd1
fb54
f29e
e5f4
ec14
f652
edec
f80e
fd0d
f43b
f4f7
f5a6
f1cc
ee00
f700
fb80
0480
fb80
0000
1200
fb80
0000
0900
ee00
0900
1200
e500
0000
1b00
e500
ee00
2d00
0000
dc00
1b00
1200
e500
0900
1b00
f700
0000
0900
ee00
0000
1b00
ee00
e500
1200
1680
0900
fb80
f700
0900
0900
e500
f280
1b00
0000
f700
1200
f280
dc00
0900
0900
ee00
1b00
2d00
f700
0000
2400
f700
e500
1b00
0000
ee00
1200
0900
f000
0800
0800
e800
f000
0400
fc00
f400
fc00
f800
0400
1c00
f400
e800
0400
ec00
ec00
0c00
0000
fc00
1000
fc00
ec00
fc00
0400
0000
f400
0000
0800
f400
0000
1000
f000
f000
1800
0400
f400
0c00
0800
0000
0800
0000
fc00
1000
0000
ec00
0c00
1000
f000
0000
1c00
fc00
f000
0c00
0000
ec00
0000
0000
f000
0400
0800
f000
0000
0c00
fc00
fc00
0000
f800
fc00
0800
0400
0400
0c00
fc00
f000
0400
fc00
f000
0800
0000
f800
0880
f7f8
f878
10f0
f7e1
f862
00db
f0cd
01c0
09a4
e909
0278
2250
082b
07a8
1000
e000
e000
1000
f800
e800
1800
0800
f800
0800
f000
e800
1000
1000
f800
0000
0c00
fc00
fc00
0400
fc00
f400
fc00
0000
f800
fc00
0400
fc00
fc00
1000
0400
f800
0400
fc00
f800
fc00
0000
0000
f400
f400
0000
f800
e800
fc00
0400
ec00
0400
1000
f400
0000
1000
f000
f800
1000
0000
0000
0400
fc00
0000
0000
0000
0c00
0800
0000
0800
0800
fc00
0000
0400
fc00
1800
1c00
f400
0800
1400
f400
0000
0000
f000
1000
1400
f400
0000
0800
f800
0400
0800
0c00
1400
0400
f400
0000
0800
fc00
0400
0800
ff80
ff88
f78f
0016
1814
0692
f628
0ec5
0dd8
f4fa
15aa
1c4f
f28a
0b61
2aaa
ffff
f400
1000
fc00
f400
0c00
0c00
0800
0c00
1000
0c00
f800
0400
0c00
0000
0000
0400
0800
0400
f800
f800
0800
fc00
ec00
0800
0800
f400
1000
1800
f000
0000
1400
e800
e800
0800
f000
ec00
0c00
f000
f000
1800
fc00
ec00
1400
0c00
f400
0800
fc00
f000
0c00
0000
ec00
0800
0400
ec00
0400
0000
e800
0000
0c00
0400
0800
0400
f800
fc00
1000
0000
e800
0800
2000
0800
0000
0800
f000
f800
0800
e800
f000
2000
1000
f000
0400
0800
f800
f800
f000
e800
0c00
1400
ec00
f400
1400
fc00
ec00
0800
0400
f800
0400
f000
e800
fc00
fc00
f400
f400
f800
f800
0400
f800
ec00
0800
fc00
e800
0000
0000
e800
0400
1000
ec00
fc00
0800
e800
ec00
0800
f800
f000
0400
0c00
0400
f000
ef00
fa10
fc6f
faa8
fafd
fd4d
fb78
fbc0
0604
05a3
fd48
0773
06fb
fa8b
f4e2
fb93
0400
0000
0400
0800
0000
f800
f400
0400
0400
fc00
0c00
0000
f800
0000
0000
fc00
0400
0c00
f400
f800
0400
f800
fc00
1400
0c00
0400
1000
0400
f400
fc00
0800
f400
e800
0000
0800
0800
1000
0000
f800
1800
0800
e800
0800
0800
f000
0000
0000
f800
0880
f7f8
d878
f2f0
03c1
f384
f44b
0506
f4b5
ed69
fe92
e6a8
f03d
0939
f0a5
f19a
1000
f800
e800
1000
0000
d800
0800
1000
e000
f800
0800
e800
0000
1800
e800
f800
2000
f000
e800
0800
f000
f800
1000
e800
e800
1000
f800
0000
2800
0000
0000
2800
f000
e000
2000
0800
e800
1800
1000
f000
1000
0800
f800
1800
0800
f000
0800
0000
f800
1000
f800
f000
1000
f000
e800
1800
1000
0000
1800
0000
f000
1000
1800
f800
0800
2000
1000
1000
1000
0000
0800
1000
f000
f800
1800
f800
f000
1000
0800
e800
f800
0800
f000
f800
fc00
f800
0c00
0800
f400
f800
1400
1000
0000
0800
0000
f800
0800
0400
0000
1000
0000
ec00
f800
fc00
fc00
0400
f800
0000
1400
0800
0000
1000
1000
0400
fc00
0000
1400
0400
f800
1400
1400
fc00
f800
0c00
1000
f000
f000
0400
0400
0400
0400
0000
0000
1000
0800
ec00
0c00
1400
f400
0400
0800
f400
0400
0400
f800
1000
1800
0800
1800
1800
f000
0000
1800
f800
0000
1000
f000
1000
2000
f000
0800
2000
f800
0800
1800
f000
0000
1000
f000
f800
0800
e800
f000
1000
f800
f800
1400
1000
0000
0000
fc00
0400
0c00
e800
e800
1000
0000
ec00
f800
0400
1400
fc00
e000
0000
0800
e000
f800
2000
0000
0800
1800
f000
0000
1000
e800
f000
0800
f800
0400
1000
fc00
0400
0c00
f000
f400
1000
f400
f000
1400
f800
f000
1000
0800
f000
f100
f9f0
fe51
026b
f244
fb1f
0b6d
f6b6
fb4a
0b95
fadb
f32d
07fa
ff7a
e382
fd49
1000
0000
0000
0000
f000
f800
0000
e000
f000
1800
f800
f800
2000
0800
f000
1000
0000
ec00
1c00
1000
e800
0c00
0800
e400
1800
1c00
e800
0800
1800
ec00
0000
1c00
f000
0000
2000
f000
f000
1800
0800
f800
0800
0800
0000
0000
0000
f000
f800
1000
0b00
fa50
02ab
0a80
01d8
01ba
f59e
fe44
165f
04f9
fca9
10de
03d0
0793
1b19
0167
0800
2000
f800
f000
1800
f800
e000
0800
0800
e800
0800
2000
f000
0000
2000
f800
0000
1000
f800
0800
0c00
f000
0800
1800
f800
0000
0c00
fc00
0800
1800
fc00
f400
2000
1000
f800
1800
0800
f000
1000
0800
f800
1800
0800
f800
2800
2000
e800
0000
1800
f800
0000
0800
e800
f800
0000
e800
f800
0000
f800
0800
0000
f800
0000
0000
f600
fea0
06b6
fc4a
f885
f2fc
f3cc
fe8f
00a6
069b
0831
01ad
0192
0778
fb00
ff50
1c00
0000
ec00
0800
1000
f000
f000
0000
fc00
0400
fc00
f400
0400
0000
f400
fc00
0840
ffbc
07c0
1744
f9cf
fe32
0e4e
f969
05d2
1574
081c
fb9a
ffe0
f3e2
e0a3
ee98
fc00
0400
0400
f400
0000
1800
0000
e800
f800
f800
f000
0000
fc00
e800
0400
1000
e800
f800
0c00
0000
0c00
0000
f000
0400
0000
e400
f800
1c00
0400
f800
0000
f400
fc00
0400
f400
f800
1400
1000
f800
0000
0800
0c00
0800
e800
ec00
0000
0000
fc00
f400
0000
0c00
fc00
f400
0c00
0400
f400
1000
0c00
fc00
1c00
1800
f800
0800
fc00
f400
0800
f000
f400
0c00
0400
0400
0c00
0800
0800
0400
f000
fc00
1000
f400
fc00
1000
f400
f800
0c00
f000
f000
1400
0000
f400
0c00
0400
fc00
0400
0400
fc00
fc00
f000
0000
1000
f400
f400
1000
0c00
f400
0400
0c00
0400
0c00
f800
ec00
1800
1800
e000
f800
1800
e800
f800
1800
f000
0800
1000
e800
0800
0800
e000
1000
1000
d800
0000
1000
e000
0000
1000
e800
0000
1000
e000
f000
1800
f800
f000
1000
f800
e800
fc00
ec00
e800
0c00
0400
f400
1c00
1000
e800
0000
0c00
ec00
e800
0c00
1000
0400
0000
0400
0800
0000
f000
f400
1000
0800
f000
f800
0400
fc00
0000
0000
e800
f400
fcc0
dcf4
e724
00b1
f8a5
f91a
0188
f96f
01d8
f9ba
e21e
f3fc
fcbc
f4f0
fda1
f5c6
fa69
0ac2
0615
f1b3
f697
032d
f6fa
f38a
ec51
f58b
0232
f60e
f2ad
f782
f409
f4c8
0c00
0800
f400
0400
1400
f800
f000
0c00
0800
fc00
0800
fc00
f800
0c00
fc00
e800
0000
1000
0c00
0c00
1000
0c00
0c00
0800
0000
0c00
0400
0400
0c00
fc00
fc00
1400
0800
e400
0400
1c00
0400
0400
1800
0c00
0000
1800
0000
e400
0000
1000
f800
f000
fc00
0800
0c00
0400
0c00
1400
fc00
0400
0c00
ec00
fc00
1800
f800
e800
0c00
0800
e800
f800
fc00
f000
0400
0400
ec00
f400
0800
f400
e400
fc00
0800
f400
fc00
0400
fc00
0400
0400
0000
1000
0400
ec00
fc00
0800
fc00
0400
0800
fc00
0400
0400
f800
0000
f400
f000
1000
0c00
f800
0c00
0c00
0000
1400
0400
f000
1400
1000
ec00
0800
0800
e800
0800
1000
f000
0800
0800
f800
1000
f800
e000
1800
0800
e000
1800
1000
e000
1000
0800
e000
1000
1800
e800
0800
1000
f000
0800
f800
e000
1800
1800
e000
0000
1800
e000
f800
1800
e000
f000
2000
f000
e800
1000
0000
f000
0800
0000
f800
0000
f400
fc00
1000
0400
f800
0400
0c00
0400
0800
fc00
f000
0c00
1000
fc00
0400
1800
0400
f400
0c00
0400
f400
0000
0c00
f800
0400
1800
0000
0000
fc00
f400
1000
0000
e800
1000
1000
f000
0000
f800
e800
1000
1000
e800
0800
2000
f800
0800
1800
f800
0800
1800
f000
0000
1800
f000
f800
2000
0000
f800
1800
0000
f800
1000
0800
0000
0800
0000
f800
1000
0800
f000
0400
1000
0c00
0c00
f400
f400
0800
0c00
0c00
0000
f800
0000
0800
0000
e800
e800
0800
0000
e000
f800
1000
e800
f800
1800
f000
f000
1800
f800
f000
0800
e800
f000
2000
0000
e800
1000
0000
f800
1000
0000
0000
1400
02c0
f294
ff6a
fb73
fbbb
ffff
03ff
0fbf
0ec3
fdd6
fdf8
0a18
fd76
059e
1544
ffef
03f0
0fb1
fab5
e709
f098
098e
08f5
f065
f95e
15c8
086b
efe4
f8e5
f156
e240
f800
0000
ec00
fc00
0800
e800
f800
0800
e800
f000
0000
f800
fc00
0400
fc00
0400
1000
0000
0400
0800
f400
f400
0c00
fc00
f400
0c00
f400
f000
0800
f800
ec00
1000
1000
f000
0800
0400
ec00
f400
f800
fc00
fc00
0c00
0000
f800
0c00
f800
fc00
1800
fc00
f000
0c00
fc00
ec00
1000
0c00
e800
0800
1000
f800
0c00
0800
ec00
0400
1000
f000
0000
1c00
0800
0400
0c00
0000
0c00
0c00
0000
1400
1400
0400
0000
0800
0400
f000
f800
0000
f000
0000
2000
0000
f000
1800
1000
0000
1000
0800
0000
1000
0800
f800
0000
0400
0800
0800
0c00
0800
0400
0400
f000
ec00
0800
1400
0000
0000
0c00
0000
0c00
1000
fc00
fc00
0400
f800
0000
1400
0000
f000
0400
1000
0000
f800
0400
0600
0400
fe00
0400
0a00
0200
0800
0600
0200
fc00
fa00
0600
fc00
fc00
0400
fe00
0800
1000
fc00
f000
0c00
0c00
ec00
0800
1800
f800
0400
1000
f000
f800
0c00
f400
f800
0800
f000
0800
1800
e800
0000
1800
e800
0000
1800
e000
f800
2800
f000
f000
2800
0000
f800
1800
f000
e800
0800
f000
f000
1800
0000
f800
1800
f800
f000
1800
fc00
e800
0c00
1000
fc00
0800
0000
f000
0800
0000
f400
1400
0000
e400
0400
0400
e800
0800
1000
e800
f800
1000
e000
d800
0000
f800
f800
1800
0000
e800
1000
0800
e800
0800
0800
0000
0800
e800
f000
2000
0000
e800
0800
0000
f800
1000
f800
f000
2000
1000
f000
1000
0800
f800
0800
f800
f000
0800
f800
f800
1800
f000
f800
2000
f000
e800
2000
0000
d800
1000
2000
f000
0000
1800
f000
f000
0800
e800
f000
1800
f800
f400
1000
f800
f800
0800
f000
0000
1400
f000
f000
1000
f400
e400
0c00
0400
ec00
0000
0000
f800
0000
0800
fc00
f000
f800
f800
0000
fc00
ec00
fc00
f000
f000
0800
fc00
e800
f400
0800
0400
f400
f800
0800
fc00
f800
0800
0400
f800
0400
0c00
f800
e800
0400
0c00
ec00
0000
1000
f000
0000
0c00
f400
fc00
1c00
0400
e800
0000
fc00
f400
0a00
0e00
0400
0800
0800
f800
fc00
0a00
0200
fc00
0400
fa00
fc00
0600
0000
0000
0400
fc00
fc00
0800
fc00
f000
1000
0800
e400
fc00
1800
fc00
f000
0c00
0000
f800
1400
fc00
f400
0c00
0000
0400
0800
f400
0800
0c00
f000
1000
1800
f000
0800
1000
0000
1800
0800
f000
1800
1000
e000
0000
1800
f000
0000
1800
0000
0800
1000
0000
0800
2000
0800
0800
2000
0000
f000
1000
0000
f000
1000
1000
f000
0000
1000
f000
0800
1400
ec00
0800
1000
e400
f800
0800
f000
f800
0400
f000
0000
1400
f400
0000
1800
f800
f400
0c00
f800
f400
0000
f800
0000
0400
ec00
f800
0400
f400
0400
1400
f000
f400
1400
fc00
ec00
0000
0800
0800
0400
f800
0800
0400
f000
0c00
0400
e800
0400
1000
f000
f000
0400
f800
fc00
1000
0000
fc00
0400
f400
0000
1000
f800
0000
1400
f800
f000
0c00
fc00
f000
1800
0000
e400
0c00
0800
ec00
0c00
1c00
f000
0000
1800
e800
0000
1000
e800
0800
1000
e000
f800
2000
f800
f000
1000
f000
f800
2800
0000
e800
2000
0800
d800
f800
0000
f000
0800
0800
f000
0000
0800
f800
0400
f800
f800
1800
0800
f400
0800
0400
f400
0400
fc00
f400
1400
0400
f000
0400
0c00
f400
f000
0400
f800
fc00
1000
fc00
0000
1c00
f400
e400
1000
0400
e800
0400
1000
0400
1000
0000
f400
1c00
0c00
ec00
1000
1000
f400
0000
0800
0800
1c00
0800
f400
1800
1000
ec00
f800
0400
fc00
1000
1800
0800
0400
0400
0400
0000
fc00
f800
0800
0c00
f000
f800
0800
ec00
fc00
1400
ec00
f400
0c00
e400
ec00
1000
f000
e800
1000
f800
e000
1000
0800
e000
0000
0800
f000
0800
0000
f000
1000
0800
f800
0800
f800
e000
0800
1800
f800
0000
1000
f800
f000
0000
0000
0000
0000
e800
f800
1000
f400
f000
0c00
0800
fc00
f400
e800
fc00
0800
e800
f400
1400
0000
fc00
fc00
ec00
f940
01ac
fd91
0db7
0cdb
fc0d
fc4c
0087
007e
0876
03ee
f7af
fc34
0870
f7e9
ec6a
0c00
1400
0000
0400
1000
fc00
0000
1000
f000
f800
1000
f400
f400
0400
0400
0000
f800
0000
1000
0800
f800
1000
0800
f000
1800
2800
f800
f000
0800
0800
0000
0000
f800
0800
1c00
f800
ec00
1000
0c00
0000
0800
f000
f400
1400
f800
ec00
0c00
0000
0400
0c00
f400
fc00
1400
0400
f000
0c00
0c00
f000
0400
1400
0400
0000
0800
0c00
0400
f000
fc00
0800
fc00
0800
1c00
0800
fc00
1400
1000
fc00
0000
0800
0400
0400
f800
0c00
0000
f800
1000
fc00
fc00
1400
f800
f400
0800
f000
f800
0c00
f000
f800
1000
0000
f800
0800
0800
1000
0800
f800
0800
1800
f800
f800
1000
f000
f000
2000
0400
f000
1c00
0c00
e400
0c00
0400
e400
1400
1000
e800
0000
0c00
f000
fc00
0c00
f400
0000
1800
f400
e800
0400
0800
f000
f400
0400
f800
0000
0000
e400
0000
1000
e000
f000
0800
e000
e800
0800
e800
e800
1800
f800
e800
2000
1800
f000
0800
0800
e800
f400
fc00
f000
0400
1000
fc00
fc00
0000
f400
fc00
0c00
f800
fc00
1400
0400
f000
0400
0800
f800
0c00
0c00
ec00
f800
1400
fc00
f400
0800
fc00
f800
0000
f000
ec00
0400
fc00
ec00
fc00
f400
ec00
0800
f800
e400
0800
0400
ec00
0800
1c00
f000
e800
0c00
0400
fc00
0800
0400
fc00
0800
0400
fc00
1400
1000
f800
1000
1000
f000
0000
0800
f800
fc00
1400
1800
0000
0c00
1400
0c00
0000
0400
1400
fc00
fc00
1800
f800
ec00
1000
0800
f400
1000
0c00
fc00
0800
f400
f000
0c00
0800
f000
1000
1800
f000
0800
0800
e800
1000
1800
e800
0000
2000
f800
f800
1800
0000
f800
1000
f800
f000
0800
e800
f000
1000
f000
f800
2000
0000
f800
2800
1000
f000
1800
0800
e000
0c00
1400
e800
1400
1c00
f000
0c00
0400
e800
1000
0800
f800
1400
fc00
f800
1800
f800
e800
0c00
f800
e400
fc00
f000
f000
0c00
0000
ec00
0c00
1400
f000
fc00
0c00
0000
0800
0000
f000
1000
0800
e000
f800
1800
f000
f800
1800
0800
f800
0800
0800
f800
f800
f800
0000
1000
f800
0000
2000
f800
0000
2000
f800
0000
2000
f800
f000
1800
f800
f000
2000
0800
f000
1000
0800
f000
0800
0800
f800
0800
0800
f000
0000
1000
f400
f800
1400
0800
0400
1400
f800
fc00
1800
f000
ec00
1800
fc00
e800
0c00
0000
f800
1400
f400
ec00
1800
0c00
f400
1000
0c00
f000
0000
0800
f800
0400
1400
02c0
fe94
0aaa
fdff
f61f
fabd
0311
0adf
fe31
fa4d
06a8
fa3d
fa99
0eef
f200
dae0
f800
0c00
f800
f000
f800
fc00
0400
0800
fc00
0000
0c00
fc00
0000
1000
0000
fc00
1400
0800
f800
0400
0800
f800
0000
0800
f400
0c00
1000
f800
1400
1000
f000
fc00
2000
0000
e800
0800
f800
f800
1800
0000
f800
1000
f800
f000
1800
0800
f000
1800
1800
f000
1000
2000
f000
f800
1000
f000
0000
1800
f000
f800
2000
0800
e800
f800
f800
f800
0800
f800
f000
0000
f800
f800
0800
f800
f800
1800
f800
e000
0800
f800
e800
1800
0800
f000
1000
f800
e800
0800
f000
f800
2800
0000
e000
1800
1000
d800
0000
1800
e800
0000
1000
d800
f800
2000
e800
f800
2000
e000
f800
2800
e800
f000
2000
f000
f800
2000
e800
f000
2000
e800
e800
2800
f800
e000
1800
0000
e000
1000
0800
e800
1000
1000
f000
0800
0800
e000
0000
0000
e000
1000
0800
f000
0800
f000
d800
0800
0000
d000
0000
1000
f000
0000
f000
d800
0800
0800
d800
f800
1000
e000
f800
1000
d800
f000
2000
e800
f000
2000
e800
e000
1000
f000
f000
1800
f000
f000
1000
e800
f000
1000
f000
f000
0800
e000
e800
1800
e000
d800
1800
0000
e000
1800
0800
d000
0800
1000
e000
0000
0000
e800
0800
f800
d800
0000
0000
e800
0800
f800
e800
2000
1000
d800
0800
2000
e000
f000
2000
f800
f000
0800
f000
0000
2000
f000
f800
3000
0000
f800
2800
0000
f800
2800
0000
e800
2000
0800
e000
1800
1800
e800
1000
2000
f000
0800
2800
0800
0000
1000
1000
0000
0000
0000
0800
1000
0000
f800
f400
fc00
0c00
0400
0400
1800
0c00
f000
f800
0400
f800
0000
1000
f800
fc00
0800
0000
0000
fc00
f800
0c00
1000
f400
f400
0c00
fc00
e800
f800
0c00
0800
f800
0000
0400
0c00
1000
0400
1000
0000
f400
1000
1000
fc00
0000
0800
0000
0000
0c00
0800
0780
1b08
0957
f8c1
0d34
0c60
0b9a
06e0
fe72
068a
0a21
057e
0126
1113
1001
f700
0c00
1400
f400
0400
1000
e800
f400
1800
f400
f000
0c00
f400
ec00
0c00
f400
f000
2000
0000
e000
0800
0000
f000
1000
f800
e800
1800
0800
e800
1800
0800
e000
1000
0800
e000
1000
1800
e800
0800
1000
e800
0000
0800
e000
f800
1000
f000
f800
1800
0000
0000
1000
0400
1000
1400
f800
0000
1800
fc00
f400
0c00
0000
0400
0c00
0000
0000
0400
f800
f800
fc00
ec00
f800
0c00
0400
0400
1000
0400
f800
0c00
0800
f000
1000
2000
0000
0800
1000
f800
1000
1800
e800
0000
2000
f000
f800
2000
0000
f800
1800
0000
f000
0800
f800
f800
1000
f800
f800
2000
0800
e800
0800
0800
f800
0800
0400
f800
1000
0400
ec00
0c00
1800
f800
fc00
0c00
f800
f800
0400
ec00
f000
1400
0000
f000
1000
f800
e000
0000
f000
f000
1000
f800
e800
1000
f800
d800
0800
0800
f000
0800
0000
e800
0000
f800
e800
0800
f800
e000
0000
0800
f000
f800
f000
e000
fc00
0400
e800
fc00
0c00
f400
0400
0c00
ec00
0400
1400
f400
0400
0800
f800
1000
1000
0000
0800
f800
e800
1000
1800
e800
f800
2000
0800
f000
0000
f800
f800
1800
0000
ec00
1c00
1c00
f800
1400
1400
f000
1400
1400
f000
1000
1800
f400
0400
1000
e800
0000
2000
f000
0000
2800
0800
f800
0800
f000
f800
2000
0000
e800
1800
1000
ec00
0400
fc00
ec00
0c00
1000
0400
0800
0400
0800
0800
f400
0000
1000
f800
fc00
0800
e800
e800
1800
0400
e800
1400
0800
e800
0000
f400
f000
1c00
0c00
e800
0c00
1800
f000
0000
1000
f000
1000
2000
e800
0000
2800
f800
f800
0000
f000
1000
0800
e000
0000
2000
f800
f000
1000
f000
f800
2000
f000
e800
1800
0000
e800
1000
0800
e800
1000
0800
e000
0000
1000
f800
0000
1000
f800
0000
1000
f800
0000
0800
0800
0000
f800
fc00
0800
f800
e800
0400
0800
f800
0000
fc00
f800
0400
fc00
f800
1000
1000
f400
f000
0400
0000
f800
0800
0800
0000
0c00
0000
e400
f400
0400
f000
f800
0880
fff8
fff8
07f8
0778
ff00
f710
f79f
f825
f8a2
e917
e285
0c5c
0396
eb5c
04a6
0000
fc00
0800
f000
f000
1400
1000
f800
0400
0800
f400
0400
0000
f000
0800
1400
0400
0000
1400
0000
e800
fc00
0000
fc00
0c00
0000
f400
1000
0400
f000
0000
0400
f000
f000
0400
fc00
f400
0800
fc00
f800
1000
0000
f000
0400
fc00
e800
f800
0000
ec00
f540
01ec
f1cd
eab0
0005
fc04
e843
f5be
0662
edfb
e31b
f4e9
f99a
0a00
0560
e800
0000
1000
f400
e400
0800
1800
f800
0800
1000
f000
0400
0800
f800
1400
1000
f000
0000
1000
0000
1000
1800
f000
0800
2000
e800
0000
2000
f000
0800
3000
f800
f800
2000
f800
f000
1800
f800
f800
2800
0800
f000
2000
1000
f800
1000
0800
f000
fc00
0000
ec00
0000
0c00
f400
0400
1400
f800
fc00
1000
ec00
e800
1400
0800
fc00
1000
0800
0000
1000
0000
f800
1800
0800
e800
1800
1000
e800
1000
0800
d800
f800
0800
e000
f800
0800
f000
0000
f800
e000
0800
1000
d800
f800
1800
e000
f800
2000
f000
0000
0800
d000
f800
1800
d800
e800
1000
d000
d000
0800
e000
d800
1000
f000
e000
1000
f000
d800
1000
f800
d800
1000
0000
d000
0800
0800
d800
f800
1000
f800
0800
0000
e000
1000
2800
e800
f000
1000
e000
f000
1800
f000
0800
3000
f800
f800
2000
f000
e000
1800
0000
f000
2000
0000
e800
1000
0800
f000
0800
f800
f000
1800
0000
0000
3800
1800
f800
2800
1800
e800
1000
2000
f800
1000
2000
f000
0800
3000
0400
f800
1400
0400
0000
0c00
f800
0000
1400
0400
0400
0800
0000
0400
0400
f000
f800
1800
0000
f000
0800
f800
f800
0000
f000
0800
1800
f000
f000
2000
0800
e000
fc00
0000
e800
0000
fc00
e400
1000
1400
f000
1000
1800
f000
f400
fc00
f800
fc00
f400
f000
fc00
0400
0000
fc00
0000
f000
f400
0400
ec00
ec00
0400
f800
f000
0400
03c0
eb84
fccb
fcfe
e52e
fedb
16ed
f57e
f626
06c3
f656
0ef0
1601
f4a0
1556
2c00
f000
f000
2800
0000
e000
1800
0800
f000
2000
0800
e800
1800
1000
e800
0800
1800
0000
0800
0000
f800
1800
1000
0000
1000
0800
0800
2800
2000
f000
f800
2000
0000
f800
2000
0800
0000
2000
f800
e000
1800
1000
f800
1000
0800
0000
1800
0000
f000
0c00
0400
f400
0c00
0400
f000
0400
0800
ec00
0000
1c00
f800
fc00
0800
ec00
0800
0800
e000
0800
1800
e800
f800
1000
e800
f800
1000
f000
f800
1000
f000
f000
1800
f000
e000
1800
f000
e000
2000
0800
e800
1800
0000
e000
1000
0800
e800
1000
1000
e800
0800
1400
f800
1800
1400
ec00
fc00
0000
ec00
0400
fc00
ec00
1400
0c00
e800
0000
0c00
e400
f000
1400
0000
0400
1000
ec00
e800
0400
fc00
ec00
fc00
0000
f000
fd00
0d30
085d
ffd7
fbd9
f41b
e8d9
ee4b
f766
efef
f8f0
fd61
f58a
f631
f6cd
f360
f000
f800
fc00
0400
fc00
0000
1000
fc00
0000
0800
f000
0800
1000
e800
0000
1800
e800
f000
2800
0000
e000
1800
1000
e800
0800
1800
f800
0000
0800
f000
0000
1800
f000
e800
1000
1400
0800
fc00
f800
0800
0800
e800
f400
1800
0000
f800
1000
f400
e000
0800
0800
f000
1800
2800
f800
0000
2000
f800
e800
1800
0000
f000
1000
0800
f000
0800
0800
e800
f000
0400
fc00
f400
fc00
f800
0400
1c00
f400
e800
0400
ec00
ec00
0c00
0000
fc00
1000
fc00
ec00
fc00
0400
0000
f400
0000
0800
f400
0000
1000
f000
f000
1800
0400
f400
0c00
0800
0000
0800
0000
fc00
1000
0000
ec00
0c00
1000
f000
0000
1c00
fc00
f000
0c00
0000
ec00
0000
0000
f000
0400
0800
f000
0000
0c00
fc00
fc00
0000
f800
fc00
0800
0400
0400
0c00
fc00
f000
0400
fc00
f000
0800
0000
f800
0880
f7f8
f878
10f0
f7e1
f862
00db
f0cd
01c0
09a4
e909
0278
2250
082b
07a8
1000
e000
e000
1000
f800
e800
1800
0800
f800
0800
f000
e800
1000
1000
f800
0000
0c00
fc00
fc00
0400
fc00
f400
fc00
0000
f800
fc00
0400
fc00
fc00
1000
0400
f800
0400
fc00
f800
fc00
0000
0000
f400
f400
0000
f800
e800
fc00
0400
ec00
0400
1000
f400
0000
1000
f000
f800
1000
0000
0000
0400
fc00
0000
0000
0000
0c00
0800
0000
0800
0800
fc00
0000
0400
fc00
1800
1c00
f400
0800
1400
f400
0000
0000
f000
1000
1400
f400
0000
0800
f800
0400
0800
0c00
1400
0400
f400
0000
0800
fc00
0400
0800
ff80
ff88
f78f
0016
1814
0692
f628
0ec5
0dd8
f4fa
15aa
1c4f
f28a
0b61
2aaa
ffff
f400
1000
fc00
f400
0c00
0c00
0800
0c00
1000
0c00
f800
0400
0c00
0000
0000
0400
0800
0400
f800
f800
0800
fc00
ec00
0800
0800
f400
1000
1800
f000
0000
1400
e800
e800
0800
f000
ec00
0c00
f000
f000
1800
fc00
ec00
1400
0c00
f400
0800
fc00
f000
0c00
0000
ec00
0800
0400
ec00
0400
0000
e800
0000
0c00
0400
0800
0400
f800
fc00
1000
0000
e800
0800
2000
0800
0000
0800
f000
f800
0800
e800
f000
2000
1000
f000
0400
0800
f800
f800
f000
e800
0c00
1400
ec00
f400
1400
fc00
ec00
0800
0400
f800
0400
f000
e800
fc00
fc00
f400
f400
f800
f800
0400
f800
ec00
0800
fc00
e800
0000
0000
e800
0400
1000
ec00
fc00
0800
e800
ec00
0800
f800
f000
0400
0c00
0400
f000
ef00
fa10
fc6f
faa8
fafd
fd4d
fb78
fbc0
0604
05a3
fd48
0773
06fb
fa8b
f4e2
fb93
0400
0000
0400
0800
0000
f800
f400
0400
0400
fc00
0c00
0000
f800
0000
0000
fc00
0400
0c00
f400
f800
0400
f800
fc00
1400
0c00
0400
1000
0400
f400
fc00
0800
f400
e800
0000
0800
0800
1000
0000
f800
1800
0800
e800
0800
0800
f000
0000
0000
f800
0880
f7f8
d878
f2f0
03c1
f384
f44b
0506
f4b5
ed69
fe92
e6a8
f03d
0939
f0a5
f19a
1000
f800
e800
1000
0000
d800
0800
1000
e000
f800
0800
e800
0000
1800
e800
f800
2000
f000
e800
0800
f000
f800
1000
e800
e800
1000
f800
0000
2800
0000
0000
2800
f000
e000
2000
0800
e800
1800
1000
f000
1000
0800
f800
1800
0800
f000
0800
0000
f800
1000
f800
f000
1000
f000
e800
1800
1000
0000
1800
0000
f000
1000
1800
f800
0800
2000
1000
1000
1000
0000
0800
1000
f000
f800
1800
f800
f000
1000
0800
e800
f800
0800
f000
f800
fc00
f800
0c00
0800
f400
f800
1400
1000
0000
0800
0000
f800
0800
0400
0000
1000
0000
ec00
f800
fc00
fc00
0400
f800
0000
1400
0800
0000
1000
1000
0400
fc00
0000
1400
0400
f800
1400
1400
fc00
f800
0c00
1000
f000
f000
0400
0400
0400
0400
0000
0000
1000
0800
ec00
0c00
1400
f400
0400
0800
f400
0400
0400
f800
1000
1800
0800
1800
1800
f000
0000
1800
f800
0000
1000
f000
1000
2000
f000
0800
2000
f800
0800
1800
f000
0000
1000
f000
f800
0800
e800
f000
1000
f800
f800
1400
1000
0000
0000
fc00
0400
0c00
e800
e800
1000
0000
ec00
f800
0400
1400
fc00
e000
0000
0800
e000
f800
2000
0000
0800
1800
f000
0000
1000
e800
f000
0800
f800
0400
1000
fc00
0400
0c00
f000
f400
1000
f400
f000
1400
f800
f000
1000
0800
f000
f100
f9f0
fe51
026b
f244
fb1f
0b6d
f6b6
fb4a
0b95
fadb
f32d
07fa
ff7a
e382
fd49
1000
0000
0000
0000
f000
f800
0000
e000
f000
1800
f800
f800
2000
0800
f000
1000
0000
ec00
1c00
1000
e800
0c00
0800
e400
1800
1c00
e800
0800
1800
ec00
0000
1c00
f000
0000
2000
f000
f000
1800
0800
f800
0800
0800
0000
0000
0000
f000
f800
1000
0b00
fa50
02ab
0a80
01d8
01ba
f59e
fe44
165f
04f9
fca9
10de
03d0
0793
1b19
0167
0800
2000
f800
f000
1800
f800
e000
0800
0800
e800
0800
2000
f000
0000
2000
f800
0000
1000
f800
0800
0c00
f000
0800
1800
f800
0000
0c00
fc00
0800
1800
fc00
f400
2000
1000
f800
1800
0800
f000
1000
0800
f800
1800
0800
f800
2800
2000
e800
0000
1800
f800
0000
0800
e800
f800
0000
e800
f800
0000
f800
0800
0000
f800
0000
0000
f600
fea0
06b6
fc4a
f885
f2fc
f3cc
fe8f
00a6
069b
0831
01ad
0192
0778
fb00
ff50
1c00
0000
ec00
0800
1000
f000
f000
0000
fc00
0400
fc00
f400
0400
0000
f400
fc00
0840
ffbc
07c0
1744
f9cf
fe32
0e4e
f969
05d2
1574
081c
fb9a
ffe0
f3e2
e0a3
ee98
fc00
0400
0400
f400
0000
1800
0000
e800
f800
f800
f000
0000
fc00
e800
0400
1000
e800
f800
0c00
0000
0c00
0000
f000
0400
0000
e400
f800
1c00
0400
f800
0000
f400
fc00
0400
f400
f800
1400
1000
f800
0000
0800
0c00
0800
e800
ec00
0000
0000
fc00
f400
0000
0c00
fc00
f400
0c00
0400
f400
1000
0c00
fc00
1c00
1800
f800
0800
fc00
f400
0800
f000
f400
0c00
0400
0400
0c00
0800
0800
0400
f000
fc00
1000
f400
fc00
1000
f400
f800
0c00
f000
f000
1400
0000
f400
0c00
0400
fc00
0400
0400
fc00
fc00
f000
0000
1000
f400
f400
1000
0c00
f400
0400
0c00
0400
0c00
f800
ec00
1800
1800
e000
f800
1800
e800
f800
1800
f000
0800
1000
e800
0800
0800
e000
1000
1000
d800
0000
1000
e000
0000
1000
e800
0000
1000
e000
f000
1800
f800
f000
1000
f800
e800
fc00
ec00
e800
0c00
0400
f400
1c00
1000
e800
0000
0c00
ec00
e800
0c00
1000
0400
0000
0400
0800
0000
f000
f400
1000
0800
f000
f800
0400
fc00
0000
0000
e800
f400
fcc0
dcf4
e724
00b1
f8a5
f91a
0188
f96f
01d8
f9ba
e21e
f3fc
fcbc
f4f0
fda1
f5c6
fb1b
0969
0552
f37c
f7c4
02c7
f81a
f518
eec6
f6d9
01eb
f74c
f457
f891
f587
f62f
0a80
0700
f580
0380
1180
f900
f200
0a80
0700
fc80
0700
fc80
f900
0a80
fc80
eb00
0000
0e00
0a80
0a80
0e00
0a80
0a80
0700
0000
0a80
0380
0380
0a80
fc80
fc80
1180
0700
e780
0380
1880
0380
0380
1500
0a80
0000
1500
0000
e780
0000
0e00
f900
f200
fc80
0700
0a80
0380
0a80
1180
fc80
0380
0a80
ee80
fc80
1500
f900
eb00
0a80
0700
eb00
f900
fc80
f200
0380
0380
ee80
f580
0700
f580
e780
fc80
0700
f580
fc80
0380
fc80
0380
0380
0000
0e00
0380
ee80
fc80
0700
fc80
0380
0700
fc80
0380
0380
f900
0000
f580
f200
0e00
0a80
f900
0a80
0a80
0000
1180
0380
f200
1180
0e00
ee80
0700
0700
eb00
0700
0e00
f200
0700
0700
f900
0e00
f900
e400
1500
0700
e400
1500
0e00
e400
0e00
0700
e400
0e00
1500
eb00
0700
0e00
f200
0700
f900
e400
1500
1500
e400
0000
1500
e400
f900
1500
e400
f200
1c00
f200
eb00
0e00
0000
f200
0700
0000
f900
0000
f580
fc80
0e00
0380
f900
0380
0a80
0380
0700
fc80
f200
0a80
0e00
fc80
0380
1500
0380
f580
0a80
0380
f580
0000
0a80
f900
0380
1500
0000
0000
fc80
f580
0e00
0000
eb00
0e00
0e00
f200
0000
f900
eb00
0e00
0e00
eb00
0700
1c00
f900
0700
1500
f900
0700
1500
f200
0000
1500
f200
f900
1c00
0000
f900
1500
0000
f900
0e00
0700
0000
0700
0000
f900
0e00
0700
f200
0380
0e00
0a80
0a80
f580
f580
0700
0a80
0a80
0000
f900
0000
0700
0000
eb00
eb00
0700
0000
e400
f900
0e00
eb00
f900
1500
f200
f200
1500
f900
f200
0700
eb00
f200
1c00
0000
eb00
0e00
0000
f900
0e00
0000
0000
1180
0268
f441
ff7c
fc04
fc43
ffff
037f
0dc7
0cea
fe1b
fe39
08d5
fdc7
04ea
129b
fff1
0372
0dba
fb5e
ea27
f285
085c
07d6
f258
fa32
130f
075d
f1e7
f9c8
f32b
e5f8
f900
0000
ee80
fc80
0700
eb00
f900
0700
eb00
f200
0000
f900
fc80
0380
fc80
0380
0e00
0000
0380
0700
f580
f580
0a80
fc80
f580
0a80
f580
f200
0700
f900
ee80
0e00
0e00
f200
0700
0380
ee80
f580
f900
fc80
fc80
0a80
0000
f900
0a80
f900
fc80
1500
fc80
f200
0a80
fc80
ee80
0e00
0a80
eb00
0700
0e00
f900
0a80
0700
ee80
0380
0e00
f200
0000
1880
0700
0380
0a80
0000
0a80
0a80
0000
1180
1180
0380
0000
0700
0380
f200
f900
0000
f200
0000
1c00
0000
f200
1500
0e00
0000
0e00
0700
0000
0e00
0700
f900
0000
0380
0700
0700
0a80
0700
0380
0380
f200
ee80
0700
1180
0000
0000
0a80
0000
0a80
0e00
fc80
fc80
0380
f900
0000
1180
0000
f200
0380
0e00
0000
f900
0380
0540
0380
fe40
0380
08c0
01c0
0700
0540
01c0
fc80
fac0
0540
fc80
fc80
0380
fe40
0700
0e00
fc80
f200
0a80
0a80
ee80
0700
1500
f900
0380
0e00
f200
f900
0a80
f580
f900
0700
f200
0700
1500
eb00
0000
1500
eb00
0000
1500
e400
f900
2300
f200
f200
2300
0000
f900
1500
f200
eb00
0700
f200
f200
1500
0000
f900
1500
f900
f200
1500
fc80
eb00
0a80
0e00
fc80
0700
0000
f200
0700
0000
f580
1180
0000
e780
0380
0380
eb00
0700
0e00
eb00
f900
0e00
e400
dd00
0000
f900
f900
1500
0000
eb00
0e00
0700
eb00
0700
0700
0000
0700
eb00
f200
1c00
0000
eb00
0700
0000
f900
0e00
f900
f200
1c00
0e00
f200
0e00
0700
f900
0700
f900
f200
0700
f900
f900
1500
f200
f900
1c00
f200
eb00
1c00
0000
dd00
0e00
1c00
f200
0000
1500
f200
f200
0700
eb00
f200
1500
f900
f580
0e00
f900
f900
0700
f200
0000
1180
f200
f200
0e00
f580
e780
0a80
0380
ee80
0000
0000
f900
0000
0700
fc80
f200
f900
f900
0000
fc80
ee80
fc80
f200
f200
0700
fc80
eb00
f580
0700
0380
f580
f900
0700
fc80
f900
0700
0380
f900
0380
0a80
f900
eb00
0380
0a80
ee80
0000
0e00
f200
0000
0a80
f580
fc80
1880
0380
eb00
0000
fc80
f580
08c0
0c40
0380
0700
0700
f900
fc80
08c0
01c0
fc80
0380
fac0
fc80
0540
0000
0000
0380
fc80
fc80
0700
fc80
f200
0e00
0700
e780
fc80
1500
fc80
f200
0a80
0000
f900
1180
fc80
f580
0a80
0000
0380
0700
f580
0700
0a80
f200
0e00
1500
f200
0700
0e00
0000
1500
0700
f200
1500
0e00
e400
0000
1500
f200
0000
1500
0000
0700
0e00
0000
0700
1c00
0700
0700
1c00
0000
f200
0e00
0000
f200
0e00
0e00
f200
0000
0e00
f200
0700
1180
ee80
0700
0e00
e780
f900
0700
f200
f900
0380
f200
0000
1180
f580
0000
1500
f900
f580
0a80
f900
f580
0000
f900
0000
0380
ee80
f900
0380
f580
0380
1180
f200
f580
1180
fc80
ee80
0000
0700
0700
0380
f900
0700
0380
f200
0a80
0380
eb00
0380
0e00
f200
f200
0380
f900
fc80
0e00
0000
fc80
0380
f580
0000
0e00
f900
0000
1180
f900
f200
0a80
fc80
f200
1500
0000
e780
0a80
0700
ee80
0a80
1880
f200
0000
1500
eb00
0000
0e00
eb00
0700
0e00
e400
f900
1c00
f900
f200
0e00
f200
f900
2300
0000
eb00
1c00
0700
dd00
f900
0000
f200
0700
0700
f200
0000
0700
f900
0380
f900
f900
1500
0700
f580
0700
0380
f580
0380
fc80
f580
1180
0380
f200
0380
0a80
f580
f200
0380
f900
fc80
0e00
fc80
0000
1880
f580
e780
0e00
0380
eb00
0380
0e00
0380
0e00
0000
f580
1880
0a80
ee80
0e00
0e00
f580
0000
0700
0700
1880
0700
f580
1500
0e00
ee80
f900
0380
fc80
0e00
1500
0700
0380
0380
0380
0000
fc80
f900
0700
0a80
f200
f900
0700
ee80
fc80
1180
ee80
f580
0a80
e780
ee80
0e00
f200
eb00
0e00
f900
e400
0e00
0700
e400
0000
0700
f200
0700
0000
f200
0e00
0700
f900
0700
f900
e400
0700
1500
f900
0000
0e00
f900
f200
0000
0000
0000
0000
eb00
f900
0e00
f580
f200
0a80
0700
fc80
f580
eb00
fc80
0700
eb00
f580
1180
0000
fc80
fc80
ee80
fa18
0176
fdde
0c00
0b3f
fc8b
fcc2
0076
006e
0767
0370
f8b9
fcad
0762
f8eb
eedc
0a80
1180
0000
0380
0e00
fc80
0000
0e00
f200
f900
0e00
f580
f580
0380
0380
0000
f900
0000
0e00
0700
f900
0e00
0700
f200
1500
2300
f900
f200
0700
0700
0000
0000
f900
0700
1880
f900
ee80
0e00
0a80
0000
0700
f200
f580
1180
f900
ee80
0a80
0000
0380
0a80
f580
fc80
1180
0380
f200
0a80
0a80
f200
0380
1180
0380
0000
0700
0a80
0380
f200
fc80
0700
fc80
0700
1880
0700
fc80
1180
0e00
fc80
0000
0700
0380
0380
f900
0a80
0000
f900
0e00
fc80
fc80
1180
f900
f580
0700
f200
f900
0a80
f200
f900
0e00
0000
f900
0700
0700
0e00
0700
f900
0700
1500
f900
f900
0e00
f200
f200
1c00
0380
f200
1880
0a80
e780
0a80
0380
e780
1180
0e00
eb00
0000
0a80
f200
fc80
0a80
f580
0000
1500
f580
eb00
0380
0700
f200
f580
0380
f900
0000
0000
e780
0000
0e00
e400
f200
0700
e400
eb00
0700
eb00
eb00
1500
f900
eb00
1c00
1500
f200
0700
0700
eb00
f580
fc80
f200
0380
0e00
fc80
fc80
0000
f580
fc80
0a80
f900
fc80
1180
0380
f200
0380
0700
f900
0a80
0a80
ee80
f900
1180
fc80
f580
0700
fc80
f900
0000
f200
ee80
0380
fc80
ee80
fc80
f580
ee80
0700
f900
e780
0700
0380
ee80
0700
1880
f200
eb00
0a80
0380
fc80
0700
0380
fc80
0700
0380
fc80
1180
0e00
f900
0e00
0e00
f200
0000
0700
f900
fc80
1180
1500
0000
0a80
1180
0a80
0000
0380
1180
fc80
fc80
1500
f900
ee80
0e00
0700
f580
0e00
0a80
fc80
0700
f580
f200
0a80
0700
f200
0e00
1500
f200
0700
0700
eb00
0e00
1500
eb00
0000
1c00
f900
f900
1500
0000
f900
0e00
f900
f200
0700
eb00
f200
0e00
f200
f900
1c00
0000
f900
2300
0e00
f200
1500
0700
e400
0a80
1180
eb00
1180
1880
f200
0a80
0380
eb00
0e00
0700
f900
1180
fc80
f900
1500
f900
eb00
0a80
f900
e780
fc80
f200
f200
0a80
0000
ee80
0a80
1180
f200
fc80
0a80
0000
0700
0000
f200
0e00
0700
e400
f900
1500
f200
f900
1500
0700
f900
0700
0700
f900
f900
f900
0000
0e00
f900
0000
1c00
f900
0000
1c00
f900
0000
1c00
f900
f200
1500
f900
f200
1c00
0700
f200
0e00
0700
f200
0700
0700
f900
0700
0700
f200
0000
0e00
f580
f900
1180
0700
0380
1180
f900
fc80
1500
f200
ee80
1500
fc80
eb00
0a80
0000
f900
1180
f580
ee80
1500
0a80
f580
0e00
0a80
f200
0000
0700
f900
0380
1180
0268
fec1
0954
fe3f
f75b
fb65
02ae
0983
fe6a
fb03
05d3
faf5
fb45
0d11
f3c0
df84
f900
0a80
f900
f200
f900
fc80
0380
0700
fc80
0000
0a80
fc80
0000
0e00
0000
fc80
1180
0700
f900
0380
0700
f900
0000
0700
f580
0a80
0e00
f900
1180
0e00
f200
fc80
1c00
0000
eb00
0700
f900
f900
1500
0000
f900
0e00
f900
f200
1500
0700
f200
1500
1500
f200
0e00
1c00
f200
f900
0e00
f200
0000
1500
f200
f900
1c00
0700
eb00
f900
f900
f900
0700
f900
f200
0000
f900
f900
0700
f900
f900
1500
f900
e400
0700
f900
eb00
1500
0700
f200
0e00
f900
eb00
0700
f200
f900
2300
0000
e400
1500
0e00
dd00
0000
1500
eb00
0000
0e00
dd00
f900
1c00
eb00
f900
1c00
e400
f900
2300
eb00
f200
1c00
f200
f900
1c00
eb00
f200
1c00
eb00
eb00
2300
f900
e400
1500
0000
e400
0e00
0700
eb00
0e00
0e00
f200
0700
0700
e400
0000
0000
e400
0e00
0700
f200
0700
f200
dd00
0700
0000
d600
0000
0e00
f200
0000
f200
dd00
0700
0700
dd00
f900
0e00
e400
f900
0e00
dd00
f200
1c00
eb00
f200
1c00
eb00
e400
0e00
f200
f200
1500
f200
f200
0e00
eb00
f200
0e00
f200
f200
0700
e400
eb00
1500
e400
dd00
1500
0000
e400
1500
0700
d600
0700
0e00
e400
0000
0000
eb00
0700
f900
dd00
0000
0000
eb00
0700
f900
eb00
1c00
0e00
dd00
0700
1c00
e400
f200
1c00
f900
f200
0700
f200
0000
1c00
f200
f900
2a00
0000
f900
2300
0000
f900
2300
0000
eb00
1c00
0700
e400
1500
1500
eb00
0e00
1c00
f200
0700
2300
0700
0000
0e00
0e00
0000
0000
0000
0700
0e00
0000
f900
f580
fc80
0a80
0380
0380
1500
0a80
f200
f900
0380
f900
0000
0e00
f900
fc80
0700
0000
0000
fc80
f900
0a80
0e00
f580
f580
0a80
fc80
eb00
f900
0a80
0700
f900
0000
0380
0a80
0e00
0380
0e00
0000
f580
0e00
0e00
fc80
0000
0700
0000
0000
0a80
0700
0690
17a7
082c
f9a8
0b8d
0ad4
0a26
0604
fea3
05b8
08dc
04ce
0101
0ef0
0e00
f820
0a80
1180
f580
0380
0e00
eb00
f580
1500
f580
f200
0a80
f580
ee80
0a80
f580
f200
1c00
0000
e400
0700
0000
f200
0e00
f900
eb00
1500
0700
eb00
1500
0700
e400
0e00
0700
e400
0e00
1500
eb00
0700
0e00
eb00
0000
0700
e400
f900
0e00
f200
f900
1500
0000
0000
0e00
0380
0e00
1180
f900
0000
1500
fc80
f580
0a80
0000
0380
0a80
0000
0000
0380
f900
f900
fc80
ee80
f900
0a80
0380
0380
0e00
0380
f900
0a80
0700
f200
0e00
1c00
0000
0700
0e00
f900
0e00
1500
eb00
0000
1c00
f200
f900
1c00
0000
f900
1500
0000
f200
0700
f900
f900
0e00
f900
f900
1c00
0700
eb00
0700
0700
f900
0700
0380
f900
0e00
0380
ee80
0a80
1500
f900
fc80
0a80
f900
f900
0380
ee80
f200
1180
0000
f200
0e00
f900
e400
0000
f200
f200
0e00
f900
eb00
0e00
f900
dd00
0700
0700
f200
0700
0000
eb00
0000
f900
eb00
0700
f900
e400
0000
0700
f200
f900
f200
e400
fc80
0380
eb00
fc80
0a80
f580
0380
0a80
ee80
0380
1180
f580
0380
0700
f900
0e00
0e00
0000
0700
f900
eb00
0e00
1500
eb00
f900
1c00
0700
f200
0000
f900
f900
1500
0000
ee80
1880
1880
f900
1180
1180
f200
1180
1180
f200
0e00
1500
f580
0380
0e00
eb00
0000
1c00
f200
0000
2300
0700
f900
0700
f200
f900
1c00
0000
eb00
1500
0e00
ee80
0380
fc80
ee80
0a80
0e00
0380
0700
0380
0700
0700
f580
0000
0e00
f900
fc80
0700
eb00
eb00
1500
0380
eb00
1180
0700
eb00
0000
f580
f200
1880
0a80
eb00
0a80
1500
f200
0000
0e00
f200
0e00
1c00
eb00
0000
2300
f900
f900
0000
f200
0e00
0700
e400
0000
1c00
f900
f200
0e00
f200
f900
1c00
f200
eb00
1500
0000
eb00
0e00
0700
eb00
0e00
0700
e400
0000
0e00
f900
0000
0e00
f900
0000
0e00
f900
0000
0700
0700
0000
f900
fc80
0700
f900
eb00
0380
0700
f900
0000
fc80
f900
0380
fc80
f900
0e00
0e00
f580
f200
0380
0000
f900
0700
0700
0000
0a80
0000
e780
f580
0380
f200
f900
0770
fff9
fff9
06f9
0689
ff20
f82e
f8ab
f920
f98d
ebf4
e634
0ad0
0323
edf0
0411
0000
fc80
0700
f200
f200
1180
0e00
f900
0380
0700
f580
0380
0000
f200
0700
1180
0380
0000
1180
0000
eb00
fc80
0000
fc80
0a80
0000
f580
0e00
0380
f200
0000
0380
f200
f200
0380
fc80
f580
0700
fc80
f900
0e00
0000
f200
0380
fc80
eb00
f900
0000
ee80
f698
01ae
f393
ed5a
0004
fc83
eb3a
f706
0595
f03b
e6b7
f64b
fa66
08c0
04b4
eb00
0000
0e00
f580
e780
0700
1500
f900
0700
0e00
f200
0380
0700
f900
1180
0e00
f200
0000
0e00
0000
0e00
1500
f200
0700
1c00
eb00
0000
1c00
f200
0700
2a00
f900
f900
1c00
f900
f200
1500
f900
f900
2300
0700
f200
1c00
0e00
f900
0e00
0700
f200
fc80
0000
ee80
0000
0a80
f580
0380
1180
f900
fc80
0e00
ee80
eb00
1180
0700
fc80
0e00
0700
0000
0e00
0000
f900
1500
0700
eb00
1500
0e00
eb00
0e00
0700
dd00
f900
0700
e400
f900
0700
f200
0000
f900
e400
0700
0e00
dd00
f900
1500
e400
f900
1c00
f200
0000
0700
d600
f900
1500
dd00
eb00
0e00
d600
d600
0700
e400
dd00
0e00
f200
e400
0e00
f200
dd00
0e00
f900
dd00
0e00
0000
d600
0700
0700
dd00
f900
0e00
f900
0700
0000
e400
0e00
2300
eb00
f200
0e00
e400
f200
1500
f200
0700
2a00
f900
f900
1c00
f200
e400
1500
0000
f200
1c00
0000
eb00
0e00
0700
f200
0700
f900
f200
1500
0000
0000
3100
1500
f900
2300
1500
eb00
0e00
1c00
f900
0e00
1c00
f200
0700
2a00
0380
f900
1180
0380
0000
0a80
f900
0000
1180
0380
0380
0700
0000
0380
0380
f200
f900
1500
0000
f200
0700
f900
f900
0000
f200
0700
1500
f200
f200
1c00
0700
e400
fc80
0000
eb00
0000
fc80
e780
0e00
1180
f200
0e00
1500
f200
f580
fc80
f900
fc80
f580
f200
fc80
0380
0000
fc80
0000
f200
f580
0380
ee80
ee80
0380
f900
f200
0380
0348
ee13
fd31
fd5e
e888
feff
140f
f6ce
f761
05ea
f78b
0d12
1340
f60c
12ab
2680
f200
f200
2300
0000
e400
1500
0700
f200
1c00
0700
eb00
1500
0e00
eb00
0700
1500
0000
0700
0000
f900
1500
0e00
0000
0e00
0700
0700
2300
1c00
f200
f900
1c00
0000
f900
1c00
0700
0000
1c00
f900
e400
1500
0e00
f900
0e00
0700
0000
1500
0000
f200
0a80
0380
f580
0a80
0380
f200
0380
0700
ee80
0000
1880
f900
fc80
0700
ee80
0700
0700
e400
0700
1500
eb00
f900
0e00
eb00
f900
0e00
f200
f900
0e00
f200
f200
1500
f200
e400
1500
f200
e400
1c00
0700
eb00
1500
0000
e400
0e00
0700
eb00
0e00
0e00
eb00
0700
1180
f900
1500
1180
ee80
fc80
0000
ee80
0380
fc80
ee80
1180
0a80
eb00
0000
0a80
e780
f200
1180
0000
0380
0e00
ee80
eb00
0380
fc80
ee80
fc80
0000
f200
fd60
0b8a
0751
ffdc
fc5d
f597
ebbd
f081
f879
f1f1
f9d2
fdb4
f6d8
f76a
f7f3
f4f4
f200
f900
fc80
0380
fc80
0000
0e00
fc80
0000
0700
f200
0700
0e00
eb00
0000
1500
eb00
f200
2300
0000
e400
1500
0e00
eb00
0700
1500
f900
0000
0700
f200
0000
1500
f200
eb00
0e00
1180
0700
fc80
f900
0700
0700
eb00
f580
1500
0000
f900
0e00
f580
e400
0700
0700
f200
1500
2300
f900
0000
1c00
f900
eb00
1500
0000
f200
0e00
0700
f200
0700
0700
eb00
f200
0380
fc80
f580
fc80
f900
0380
1880
f580
eb00
0380
ee80
ee80
0a80
0000
fc80
0e00
fc80
ee80
fc80
0380
0000
f580
0000
0700
f580
0000
0e00
f200
f200
1500
0380
f580
0a80
0700
0000
0700
0000
fc80
0e00
0000
ee80
0a80
0e00
f200
0000
1880
fc80
f200
0a80
0000
ee80
0000
0000
f200
0380
0700
f200
0000
0a80
fc80
fc80
0000
f900
fc80
0700
0380
0380
0a80
fc80
f200
0380
fc80
f200
0700
0000
f900
0770
f8f9
f969
0ed2
f8e4
f955
00bf
f2b3
0188
086f
ebe7
0229
1e06
0725
06b3
0e00
e400
e400
0e00
f900
eb00
1500
0700
f900
0700
f200
eb00
0e00
0e00
f900
0000
0a80
fc80
fc80
0380
fc80
f580
fc80
0000
f900
fc80
0380
fc80
fc80
0e00
0380
f900
0380
fc80
f900
fc80
0000
0000
f580
f580
0000
f900
eb00
fc80
0380
ee80
0380
0e00
f580
0000
0e00
f200
f900
0e00
0000
0000
0380
fc80
0000
0000
0000
0a80
0700
0000
0700
0700
fc80
0000
0380
fc80
1500
1880
f580
0700
1180
f580
0000
0000
f200
0e00
1180
f580
0000
0700
f900
0380
0700
0a80
1180
0380
f580
0000
0700
fc80
0380
0700
ff90
ff97
f89d
0013
1511
05bf
f763
0cec
0c1d
f65a
12f4
18c5
f438
09f4
2554
ffff
f580
0e00
fc80
f580
0a80
0a80
0700
0a80
0e00
0a80
f900
0380
0a80
0000
0000
0380
0700
0380
f900
f900
0700
fc80
ee80
0700
0700
f580
0e00
1500
f200
0000
1180
eb00
eb00
0700
f200
ee80
0a80
f200
f200
1500
fc80
ee80
1180
0a80
f580
0700
fc80
f200
0a80
0000
ee80
0700
0380
ee80
0380
0000
eb00
0000
0a80
0380
0700
0380
f900
fc80
0e00
0000
eb00
0700
1c00
0700
0000
0700
f200
f900
0700
eb00
f200
1c00
0e00
f200
0380
0700
f900
f900
f200
eb00
0a80
1180
ee80
f580
1180
fc80
ee80
0700
0380
f900
0380
f200
eb00
fc80
fc80
f580
f580
f900
f900
0380
f900
ee80
0700
fc80
eb00
0000
0000
eb00
0380
0e00
ee80
fc80
0700
eb00
ee80
0700
f900
f200
0380
0a80
0380
f200
f120
face
fce1
fb53
fb9d
fda3
fc09
fc48
0543
04ee
fd9f
0684
061b
fb39
f645
fc20
0380
0000
0380
0700
0000
f900
f580
0380
0380
fc80
0a80
0000
f900
0000
0000
fc80
0380
0a80
f580
f900
0380
f900
fc80
1180
0a80
0380
0e00
0380
f580
fc80
0700
f580
eb00
0000
0700
0700
0e00
0000
f900
1500
0700
eb00
0700
0700
f200
0000
0000
f900
0770
f8f9
dd69
f492
0348
f513
f5c1
0465
f61e
efbb
febf
e9d3
f235
0811
f290
f366
0e00
f900
eb00
0e00
0000
dd00
0700
0e00
e400
f900
0700
eb00
0000
1500
eb00
f900
1c00
f200
eb00
0700
f200
f900
0e00
eb00
eb00
0e00
f900
0000
2300
0000
0000
2300
f200
e400
1c00
0700
eb00
1500
0e00
f200
0e00
0700
f900
1500
0700
f200
0700
0000
f900
0e00
f900
f200
0e00
f200
eb00
1500
0e00
0000
1500
0000
f200
0e00
1500
f900
0700
1c00
0e00
0e00
0e00
0000
0700
0e00
f200
f900
1500
f900
f200
0e00
0700
eb00
f900
0700
f200
f900
fc80
f900
0a80
0700
f580
f900
1180
0e00
0000
0700
0000
f900
0700
0380
0000
0e00
0000
ee80
f900
fc80
fc80
0380
f900
0000
1180
0700
0000
0e00
0e00
0380
fc80
0000
1180
0380
f900
1180
1180
fc80
f900
0a80
0e00
f200
f200
0380
0380
0380
0380
0000
0000
0e00
0700
ee80
0a80
1180
f580
0380
0700
f580
0380
0380
f900
0e00
1500
0700
1500
1500
f200
0000
1500
f900
0000
0e00
f200
0e00
1c00
f200
0700
1c00
f900
0700
1500
f200
0000
0e00
f200
f900
0700
eb00
f200
0e00
f900
f900
1180
0e00
0000
0000
fc80
0380
0a80
eb00
eb00
0e00
0000
ee80
f900
0380
1180
fc80
e400
0000
0700
e400
f900
1c00
0000
0700
1500
f200
0000
0e00
eb00
f200
0700
f900
0380
0e00
fc80
0380
0a80
f200
f580
0e00
f580
f200
1180
f900
f200
0e00
0700
f200
f2e0
fab2
fe86
021d
f3fb
fbbb
09ff
f7df
fbe0
0a22
fb7f
f4c7
06fa
ff8a
e711
fd9f
0e00
0000
0000
0000
f200
f900
0000
e400
f200
1500
f900
f900
1c00
0700
f200
0e00
0000
ee80
1880
0e00
eb00
0a80
0700
e780
1500
1880
eb00
0700
1500
ee80
0000
1880
f200
0000
1c00
f200
f200
1500
0700
f900
0700
0700
0000
0000
0000
f200
f900
0e00
09a0
fb06
0255
0930
019d
0182
f6ea
fe7b
1393
0459
fd13
0ec2
0356
06a0
17b5
013a
0700
1c00
f900
f200
1500
f900
e400
0700
0700
eb00
0700
1c00
f200
0000
1c00
f900
0000
0e00
f900
0700
0a80
f200
0700
1500
f900
0000
0a80
fc80
0700
1500
fc80
f580
1c00
0e00
f900
1500
0700
f200
0e00
0700
f900
1500
0700
f900
2300
1c00
eb00
0000
1500
f900
0000
0700
eb00
f900
0000
eb00
f900
0000
f900
0700
0000
f900
0000
0000
f740
fecc
05df
fcc0
f974
f49c
f552
febd
0091
05c7
072a
0177
015f
0689
fba0
ff66
1880
0000
ee80
0700
0e00
f200
f200
0000
fc80
0380
fc80
f580
0380
0000
f580
fc80
0738
ffc4
06c8
145b
fa95
fe6b
0c84
fa3b
0517
12c5
0718
fc26
ffe4
f565
e48e
f0c5
fc80
0380
0380
f580
0000
1500
0000
eb00
f900
f900
f200
0000
fc80
eb00
0380
0e00
eb00
f900
0a80
0000
0a80
0000
f200
0380
0000
e780
f900
1880
0380
f900
0000
f580
fc80
0380
f580
f900
1180
0e00
f900
0000
0700
0a80
0700
eb00
ee80
0000
0000
fc80
f580
0000
0a80
fc80
f580
0a80
0380
f580
0e00
0a80
fc80
1880
1500
f900
0700
fc80
f580
0700
f200
f580
0a80
0380
0380
0a80
0700
0700
0380
f200
fc80
0e00
f580
fc80
0e00
f580
f900
0a80
f200
f200
1180
0000
f580
0a80
0380
fc80
0380
0380
fc80
fc80
f200
0000
0e00
f580
f580
0e00
0a80
f580
0380
0a80
0380
0a80
f900
ee80
1500
1500
e400
f900
1500
eb00
f900
1500
f200
0700
0e00
eb00
0700
0700
e400
0e00
0e00
dd00
0000
0e00
e400
0000
0e00
eb00
0000
0e00
e400
f200
1500
f900
f200
0e00
f900
eb00
fc80
ee80
eb00
0a80
0380
f580
1880
0e00
eb00
0000
0a80
ee80
eb00
0a80
0e00
0380
0000
0380
0700
0000
f200
f580
0e00
0700
f200
f900
0380
fc80
0000
0000
eb00
f580
fd28
e155
ea3f
009a
f990
f9f6
0157
fa41
019d
fa82
e5da
f57c
fd24
f652
fdec
f70d
fb1b
0969
0552
f37c
f7c4
02c7
f81a
f518
eec6
f6d9
01eb
f74c
f457
f891
f587
f62f
0a80
0700
f580
0380
1180
f900
f200
0a80
0700
fc80
0700
fc80
f900
0a80
fc80
eb00
0000
0e00
0a80
0a80
0e00
0a80
0a80
0700
0000
0a80
0380
0380
0a80
fc80
fc80
1180
0700
e780
0380
1880
0380
0380
1500
0a80
0000
1500
0000
e780
0000
0e00
f900
f200
fc80
0700
0a80
0380
0a80
1180
fc80
0380
0a80
ee80
fc80
1500
f900
eb00
0a80
0700
eb00
f900
fc80
f200
0380
0380
ee80
f580
0700
f580
e780
fc80
0700
f580
fc80
0380
fc80
0380
0380
0000
0e00
0380
ee80
fc80
0700
fc80
0380
0700
fc80
0380
0380
f900
0000
f580
f200
0e00
0a80
f900
0a80
0a80
0000
1180
0380
f200
1180
0e00
ee80
0700
0700
eb00
0700
0e00
f200
0700
0700
f900
0e00
f900
e400
1500
0700
e400
1500
0e00
e400
0e00
0700
e400
0e00
1500
eb00
0700
0e00
f200
0700
f900
e400
1500
1500
e400
0000
1500
e400
f900
1500
e400
f200
1c00
f200
eb00
0e00
0000
f200
0700
0000
f900
0000
f580
fc80
0e00
0380
f900
0380
0a80
0380
0700
fc80
f200
0a80
0e00
fc80
0380
1500
0380
f580
0a80
0380
f580
0000
0a80
f900
0380
1500
0000
0000
fc80
f580
0e00
0000
eb00
0e00
0e00
f200
0000
f900
eb00
0e00
0e00
eb00
0700
1c00
f900
0700
1500
f900
0700
1500
f200
0000
1500
f200
f900
1c00
0000
f900
1500
0000
f900
0e00
0700
0000
0700
0000
f900
0e00
0700
f200
0380
0e00
0a80
0a80
f580
f580
0700
0a80
0a80
0000
f900
0000
0700
0000
eb00
eb00
0700
0000
e400
f900
0e00
eb00
f900
1500
f200
f200
1500
f900
f200
0700
eb00
f200
1c00
0000
eb00
0e00
0000
f900
0e00
0000
0000
1180
0268
f441
ff7c
fc04
fc43
ffff
037f
0dc7
0cea
fe1b
fe39
08d5
fdc7
04ea
129b
fff1
0372
0dba
fb5e
ea27
f285
085c
07d6
f258
fa32
130f
075d
f1e7
f9c8
f32b
e5f8
f900
0000
ee80
fc80
0700
eb00
f900
0700
eb00
f200
0000
f900
fc80
0380
fc80
0380
0e00
0000
0380
0700
f580
f580
0a80
fc80
f580
0a80
f580
f200
0700
f900
ee80
0e00
0e00
f200
0700
0380
ee80
f580
f900
fc80
fc80
0a80
0000
f900
0a80
f900
fc80
1500
fc80
f200
0a80
fc80
ee80
0e00
0a80
eb00
0700
0e00
f900
0a80
0700
ee80
0380
0e00
f200
0000
1880
0700
0380
0a80
0000
0a80
0a80
0000
1180
1180
0380
0000
0700
0380
f200
f900
0000
f200
0000
1c00
0000
f200
1500
0e00
0000
0e00
0700
0000
0e00
0700
f900
0000
0380
0700
0700
0a80
0700
0380
0380
f200
ee80
0700
1180
0000
0000
0a80
0000
0a80
0e00
fc80
fc80
0380
f900
0000
1180
0000
f200
0380
0e00
0000
f900
0380
0540
0380
fe40
0380
08c0
01c0
0700
0540
01c0
fc80
fac0
0540
fc80
fc80
0380
fe40
0700
0e00
fc80
f200
0a80
0a80
ee80
0700
1500
f900
0380
0e00
f200
f900
0a80
f580
f900
0700
f200
0700
1500
eb00
0000
1500
eb00
0000
1500
e400
f900
2300
f200
f200
2300
0000
f900
1500
f200
eb00
0700
f200
f200
1500
0000
f900
1500
f900
f200
1500
fc80
eb00
0a80
0e00
fc80
0700
0000
f200
0700
0000
f580
1180
0000
e780
0380
0380
eb00
0700
0e00
eb00
f900
0e00
e400
dd00
0000
f900
f900
1500
0000
eb00
0e00
0700
eb00
0700
0700
0000
0700
eb00
f200
1c00
0000
eb00
0700
0000
f900
0e00
f900
f200
1c00
0e00
f200
0e00
0700
f900
0700
f900
f200
0700
f900
f900
1500
f200
f900
1c00
f200
eb00
1c00
0000
dd00
0e00
1c00
f200
0000
1500
f200
f200
0700
eb00
f200
1500
f900
f580
0e00
f900
f900
0700
f200
0000
1180
f200
f200
0e00
f580
e780
0a80
0380
ee80
0000
0000
f900
0000
0700
fc80
f200
f900
f900
0000
fc80
ee80
fc80
f200
f200
0700
fc80
eb00
f580
0700
0380
f580
f900
0700
fc80
f900
0700
0380
f900
0380
0a80
f900
eb00
0380
0a80
ee80
0000
0e00
f200
0000
0a80
f580
fc80
1880
0380
eb00
0000
fc80
f580
08c0
0c40
0380
0700
0700
f900
fc80
08c0
01c0
fc80
0380
fac0
fc80
0540
0000
0000
0380
fc80
fc80
0700
fc80
f200
0e00
0700
e780
fc80
1500
fc80
f200
0a80
0000
f900
1180
fc80
f580
0a80
0000
0380
0700
f580
0700
0a80
f200
0e00
1500
f200
0700
0e00
0000
1500
0700
f200
1500
0e00
e400
0000
1500
f200
0000
1500
0000
0700
0e00
0000
0700
1c00
0700
0700
1c00
0000
f200
0e00
0000
f200
0e00
0e00
f200
0000
0e00
f200
0700
1180
ee80
0700
0e00
e780
f900
0700
f200
f900
0380
f200
0000
1180
f580
0000
1500
f900
f580
0a80
f900
f580
0000
f900
0000
0380
ee80
f900
0380
f580
0380
1180
f200
f580
1180
fc80
ee80
0000
0700
0700
0380
f900
0700
0380
f200
0a80
0380
eb00
0380
0e00
f200
f200
0380
f900
fc80
0e00
0000
fc80
0380
f580
0000
0e00
f900
0000
1180
f900
f200
0a80
fc80
f200
1500
0000
e780
0a80
0700
ee80
0a80
1880
f200
0000
1500
eb00
0000
0e00
eb00
0700
0e00
e400
f900
1c00
f900
f200
0e00
f200
f900
2300
0000
eb00
1c00
0700
dd00
f900
0000
f200
0700
0700
f200
0000
0700
f900
0380
f900
f900
1500
0700
f580
0700
0380
f580
0380
fc80
f580
1180
0380
f200
0380
0a80
f580
f200
0380
f900
fc80
0e00
fc80
0000
1880
f580
e780
0e00
0380
eb00
0380
0e00
0380
0e00
0000
f580
1880
0a80
ee80
0e00
0e00
f580
0000
0700
0700
1880
0700
f580
1500
0e00
ee80
f900
0380
fc80
0e00
1500
0700
0380
0380
0380
0000
fc80
f900
0700
0a80
f200
f900
0700
ee80
fc80
1180
ee80
f580
0a80
e780
ee80
0e00
f200
eb00
0e00
f900
e400
0e00
0700
e400
0000
0700
f200
0700
0000
f200
0e00
0700
f900
0700
f900
e400
0700
1500
f900
0000
0e00
f900
f200
0000
0000
0000
0000
eb00
f900
0e00
f580
f200
0a80
0700
fc80
f580
eb00
fc80
0700
eb00
f580
1180
0000
fc80
fc80
ee80
fa18
0176
fdde
0c00
0b3f
fc8b
fcc2
0076
006e
0767
0370
f8b9
fcad
0762
f8eb
eedc
0a80
1180
0000
0380
0e00
fc80
0000
0e00
f200
f900
0e00
f580
f580
0380
0380
0000
f900
0000
0e00
0700
f900
0e00
0700
f200
1500
2300
f900
f200
0700
0700
0000
0000
f900
0700
1880
f900
ee80
0e00
0a80
0000
0700
f200
f580
1180
f900
ee80
0a80
0000
0380
0a80
f580
fc80
1180
0380
f200
0a80
0a80
f200
0380
1180
0380
0000
0700
0a80
0380
f200
fc80
0700
fc80
0700
1880
0700
fc80
1180
0e00
fc80
0000
0700
0380
0380
f900
0a80
0000
f900
0e00
fc80
fc80
1180
f900
f580
0700
f200
f900
0a80
f200
f900
0e00
0000
f900
0700
0700
0e00
0700
f900
0700
1500
f900
f900
0e00
f200
f200
1c00
0380
f200
1880
0a80
e780
0a80
0380
e780
1180
0e00
eb00
0000
0a80
f200
fc80
0a80
f580
0000
1500
f580
eb00
0380
0700
f200
f580
0380
f900
0000
0000
e780
0000
0e00
e400
f200
0700
e400
eb00
0700
eb00
eb00
1500
f900
eb00
1c00
1500
f200
0700
0700
eb00
f580
fc80
f200
0380
0e00
fc80
fc80
0000
f580
fc80
0a80
f900
fc80
1180
0380
f200
0380
0700
f900
0a80
0a80
ee80
f900
1180
fc80
f580
0700
fc80
f900
0000
f200
ee80
0380
fc80
ee80
fc80
f580
ee80
0700
f900
e780
0700
0380
ee80
0700
1880
f200
eb00
0a80
0380
fc80
0700
0380
fc80
0700
0380
fc80
1180
0e00
f900
0e00
0e00
f200
0000
0700
f900
fc80
1180
1500
0000
0a80
1180
0a80
0000
0380
1180
fc80
fc80
1500
f900
ee80
0e00
0700
f580
0e00
0a80
fc80
0700
f580
f200
0a80
0700
f200
0e00
1500
f200
0700
0700
eb00
0e00
1500
eb00
0000
1c00
f900
f900
1500
0000
f900
0e00
f900
f200
0700
eb00
f200
0e00
f200
f900
1c00
0000
f900
2300
0e00
f200
1500
0700
e400
0a80
1180
eb00
1180
1880
f200
0a80
0380
eb00
0e00
0700
f900
1180
fc80
f900
1500
f900
eb00
0a80
f900
e780
fc80
f200
f200
0a80
0000
ee80
0a80
1180
f200
fc80
0a80
0000
0700
0000
f200
0e00
0700
e400
f900
1500
f200
f900
1500
0700
f900
0700
0700
f900
f900
f900
0000
0e00
f900
0000
1c00
f900
0000
1c00
f900
0000
1c00
f900
f200
1500
f900
f200
1c00
0700
f200
0e00
0700
f200
0700
0700
f900
0700
0700
f200
0000
0e00
f580
f900
1180
0700
0380
1180
f900
fc80
1500
f200
ee80
1500
fc80
eb00
0a80
0000
f900
1180
f580
ee80
1500
0a80
f580
0e00
0a80
f200
0000
0700
f900
0380
1180
0268
fec1
0954
fe3f
f75b
fb65
02ae
0983
fe6a
fb03
05d3
faf5
fb45
0d11
f3c0
df84
f900
0a80
f900
f200
f900
fc80
0380
0700
fc80
0000
0a80
fc80
0000
0e00
0000
fc80
1180
0700
f900
0380
0700
f900
0000
0700
f580
0a80
0e00
f900
1180
0e00
f200
fc80
1c00
0000
eb00
0700
f900
f900
1500
0000
f900
0e00
f900
f200
1500
0700
f200
1500
1500
f200
0e00
1c00
f200
f900
0e00
f200
0000
1500
f200
f900
1c00
0700
eb00
f900
f900
f900
0700
f900
f200
0000
f900
f900
0700
f900
f900
1500
f900
e400
0700
f900
eb00
1500
0700
f200
0e00
f900
eb00
0700
f200
f900
2300
0000
e400
1500
0e00
dd00
0000
1500
eb00
0000
0e00
dd00
f900
1c00
eb00
f900
1c00
e400
f900
2300
eb00
f200
1c00
f200
f900
1c00
eb00
f200
1c00
eb00
eb00
2300
f900
e400
1500
0000
e400
0e00
0700
eb00
0e00
0e00
f200
0700
0700
e400
0000
0000
e400
0e00
0700
f200
0700
f200
dd00
0700
0000
d600
0000
0e00
f200
0000
f200
dd00
0700
0700
dd00
f900
0e00
e400
f900
0e00
dd00
f200
1c00
eb00
f200
1c00
eb00
e400
0e00
f200
f200
1500
f200
f200
0e00
eb00
f200
0e00
f200
f200
0700
e400
eb00
1500
e400
dd00
1500
0000
e400
1500
0700
d600
0700
0e00
e400
0000
0000
eb00
0700
f900
dd00
0000
0000
eb00
0700
f900
eb00
1c00
0e00
dd00
0700
1c00
e400
f200
1c00
f900
f200
0700
f200
0000
1c00
f200
f900
2a00
0000
f900
2300
0000
f900
2300
0000
eb00
1c00
0700
e400
1500
1500
eb00
0e00
1c00
f200
0700
2300
0700
0000
0e00
0e00
0000
0000
0000
0700
0e00
0000
f900
f580
fc80
0a80
0380
0380
1500
0a80
f200
f900
0380
f900
0000
0e00
f900
fc80
0700
0000
0000
fc80
f900
0a80
0e00
f580
f580
0a80
fc80
eb00
f900
0a80
0700
f900
0000
0380
0a80
0e00
0380
0e00
0000
f580
0e00
0e00
fc80
0000
0700
0000
0000
0a80
0700
0690
17a7
082c
f9a8
0b8d
0ad4
0a26
0604
fea3
05b8
08dc
04ce
0101
0ef0
0e00
f820
0a80
1180
f580
0380
0e00
eb00
f580
1500
f580
f200
0a80
f580
ee80
0a80
f580
f200
1c00
0000
e400
0700
0000
f200
0e00
f900
eb00
1500
0700
eb00
1500
0700
e400
0e00
0700
e400
0e00
1500
eb00
0700
0e00
eb00
0000
0700
e400
f900
0e00
f200
f900
1500
0000
0000
0e00
0380
0e00
1180
f900
0000
1500
fc80
f580
0a80
0000
0380
0a80
0000
0000
0380
f900
f900
fc80
ee80
f900
0a80
0380
0380
0e00
0380
f900
0a80
0700
f200
0e00
1c00
0000
0700
0e00
f900
0e00
1500
eb00
0000
1c00
f200
f900
1c00
0000
f900
1500
0000
f200
0700
f900
f900
0e00
f900
f900
1c00
0700
eb00
0700
0700
f900
0700
0380
f900
0e00
0380
ee80
0a80
1500
f900
fc80
0a80
f900
f900
0380
ee80
f200
1180
0000
f400
0c00
fa00
e800
0000
f400
f400
0c00
fa00
ee00
0c00
fa00
e200
0600
0600
f400
0600
0000
ee00
0000
fa00
ee00
0600
fa00
e800
0000
0600
f400
fa00
f400
e800
fd00
0300
ee00
fd00
0900
f700
0300
0900
f100
0300
0f00
f700
0300
0600
fa00
0c00
0c00
0000
0600
fa00
ee00
0c00
1200
ee00
fa00
1800
0600
f400
0000
fa00
fa00
1200
0000
f100
1500
1500
fa00
0f00
0f00
f400
0f00
0f00
f400
0c00
1200
f700
0300
0c00
ee00
0000
1800
f400
0000
1e00
0600
fa00
0600
f400
fa00
1800
0000
ee00
1200
0c00
f100
0300
fd00
f100
0900
0c00
0300
0600
0300
0600
0600
f700
0000
0c00
fa00
fd00
0600
ee00
ee00
1200
0300
ee00
0f00
0600
ee00
0000
f700
f400
1500
0900
ee00
0900
1200
f400
0000
0c00
f400
0c00
1800
ee00
0000
1e00
fa00
fa00
0000
f400
0c00
0600
e800
0000
1800
fa00
f400
0c00
f400
fa00
1800
f400
ee00
1200
0000
ee00
0c00
0600
ee00
0c00
0600
e800
0000
0c00
fa00
0000
0c00
fa00
0000
0c00
fa00
0000
0600
0600
0000
fa00
fd00
0600
fa00
ee00
0300
0600
fa00
0000
fd00
fa00
0300
fd00
fa00
0c00
0c00
f700
f400
0300
0000
fa00
0600
0600
0000
0900
0000
eb00
f700
0300
f400
fa00
0660
fffa
fffa
05fa
059a
ff40
f94c
f9b7
fa1b
fa79
eed1
e9e3
0945
02b0
f085
037c
0000
fd00
0600
f400
f400
0f00
0c00
fa00
0300
0600
f700
0300
0000
f400
0600
0f00
0300
0000
0f00
0000
ee00
fd00
0000
fd00
0900
0000
f700
0c00
0300
f400
0000
0300
f400
f400
0300
fd00
f700
0600
fd00
fa00
0c00
0000
f400
0300
fd00
ee00
fa00
0000
f100
f7f0
0171
f559
f004
0003
fd03
ee32
f84e
04c9
f27c
ea54
f7ae
fb33
0780
0408
ee00
0000
0c00
f700
eb00
0600
1200
fa00
0600
0c00
f400
0300
0600
fa00
0f00
0c00
f400
0000
0c00
0000
0c00
1200
f400
0600
1800
ee00
0000
1800
f400
0600
2400
fa00
fa00
1800
fa00
f400
1200
fa00
fa00
1e00
0600
f400
1800
0c00
fa00
0c00
0600
f400
fd00
0000
f100
0000
0900
f700
0300
0f00
fa00
fd00
0c00
f100
ee00
0f00
0600
fd00
0c00
0600
0000
0c00
0000
fa00
1200
0600
ee00
1200
0c00
ee00
0c00
0600
e200
fa00
0600
e800
fa00
0600
f400
0000
fa00
e800
0600
0c00
e200
fa00
1200
e800
fa00
1800
f400
0000
0600
dc00
fa00
1200
e200
ee00
0c00
dc00
dc00
0600
e800
e200
0c00
f400
e800
0c00
f400
e200
0c00
fa00
e200
0c00
0000
dc00
0600
0600
e200
fa00
0c00
fa00
0600
0000
e800
0c00
1e00
ee00
f400
0c00
e800
f400
1200
f400
0600
2400
fa00
fa00
1800
f400
e800
1200
0000
f400
1800
0000
ee00
0c00
0600
f400
0600
fa00
f400
1200
0000
0000
2a00
1200
fa00
1e00
1200
ee00
0c00
1800
fa00
0c00
1800
f400
0600
2400
0300
fa00
0f00
0300
0000
0900
fa00
0000
0f00
0300
0300
0600
0000
0300
0300
f400
fa00
1200
0000
f400
0600
fa00
fa00
0000
f400
0600
1200
f400
f400
1800
0600
e800
fd00
0000
ee00
0000
fd00
eb00
0c00
0f00
f400
0c00
1200
f400
f700
fd00
fa00
fd00
f700
f400
fd00
0300
0000
fd00
0000
f400
f700
0300
f100
f100
0300
fa00
f400
0300
02d0
f0a3
fd98
fdbe
ebe2
ff24
1131
f81e
f89c
0512
f8c0
0b34
1080
f778
1000
2100
f400
f400
1e00
0000
e800
1200
0600
f400
1800
0600
ee00
1200
0c00
ee00
0600
1200
0000
0600
0000
fa00
1200
0c00
0000
0c00
0600
0600
1e00
1800
f400
fa00
1800
0000
fa00
1800
0600
0000
1800
fa00
e800
1200
0c00
fa00
0c00
0600
0000
1200
0000
f400
0900
0300
f700
0900
0300
f400
0300
0600
f100
0000
1500
fa00
fd00
0600
f100
0600
0600
e800
0600
1200
ee00
fa00
0c00
ee00
fa00
0c00
f400
fa00
0c00
f400
f400
1200
f400
e800
1200
f400
e800
1800
0600
ee00
1200
0000
e800
0c00
0600
ee00
0c00
0c00
ee00
0600
0f00
fa00
1200
0f00
f100
fd00
0000
f100
0300
fd00
f100
0f00
0900
ee00
0000
0900
eb00
f400
0f00
0000
0300
0c00
f100
ee00
0300
fd00
f100
fd00
0000
f400
fdc0
09e4
0645
ffe1
fce2
f714
eea2
f2b8
f98c
f3f3
fab4
fe08
f827
f8a4
f919
f688
f400
fa00
fd00
0300
fd00
0000
0c00
fd00
0000
0600
f400
0600
0c00
ee00
0000
1200
ee00
f400
1e00
0000
e800
1200
0c00
ee00
0600
1200
fa00
0000
0600
f400
0000
1200
f400
ee00
0c00
0f00
0600
fd00
fa00
0600
0600
ee00
f700
1200
0000
fa00
0c00
f700
e800
0600
0600
f400
1200
1e00
fa00
0000
1800
fa00
ee00
1200
0000
f400
0c00
0600
f400
0600
0600
ee00
f400
0300
fd00
f700
fd00
fa00
0300
1500
f700
ee00
0300
f100
f100
0900
0000
fd00
0c00
fd00
f100
fd00
0300
0000
f700
0000
0600
f700
0000
0c00
f400
f400
1200
0300
f700
0900
0600
0000
0600
0000
fd00
0c00
0000
f100
0900
0c00
f400
0000
1500
fd00
f400
0900
0000
f100
0000
0000
f400
0300
0600
f400
0000
0900
fd00
fd00
0000
fa00
fd00
0600
0300
0300
0900
fd00
f400
0300
fd00
f400
0600
0000
fa00
0660
f9fa
fa5a
0cb4
f9e8
fa49
00a4
f499
0150
073b
eec6
01da
19bc
0620
05be
0c00
e800
e800
0c00
fa00
ee00
1200
0600
fa00
0600
f400
ee00
0c00
0c00
fa00
0000
0900
fd00
fd00
0300
fd00
f700
fd00
0000
fa00
fd00
0300
fd00
fd00
0c00
0300
fa00
0300
fd00
fa00
fd00
0000
0000
f700
f700
0000
fa00
ee00
fd00
0300
f100
0300
0c00
f700
0000
0c00
f400
fa00
0c00
0000
0000
0300
fd00
0000
0000
0000
0900
0600
0000
0600
0600
fd00
0000
0300
fd00
1200
1500
f700
0600
0f00
f700
0000
0000
f400
0c00
0f00
f700
0000
0600
fa00
0300
0600
0900
0f00
0300
f700
0000
0600
fd00
0300
0600
ffa0
ffa6
f9ab
0010
120f
04ed
f89e
0b13
0a62
f7bb
103f
153b
f5e7
0888
1fff
ffff
f700
0c00
fd00
f700
0900
0900
0600
0900
0c00
0900
fa00
0300
0900
0000
0000
0300
0600
0300
fa00
fa00
0600
fd00
f100
0600
0600
f700
0c00
1200
f400
0000
0f00
ee00
ee00
0600
f400
f100
0900
f400
f400
1200
fd00
f100
0f00
0900
f700
0600
fd00
f400
0900
0000
f100
0600
0300
f100
0300
0000
ee00
0000
0900
0300
0600
0300
fa00
fd00
0c00
0000
ee00
0600
1800
0600
0000
0600
f400
fa00
0600
ee00
f400
1800
0c00
f400
0300
0600
fa00
fa00
f400
ee00
0900
0f00
f100
f700
0f00
fd00
f100
0600
0300
fa00
0300
f400
ee00
fd00
fd00
f700
f700
fa00
fa00
0300
fa00
f100
0600
fd00
ee00
0000
0000
ee00
0300
0c00
f100
fd00
0600
ee00
f100
0600
fa00
f400
0300
0900
0300
f400
f340
fb8c
fd53
fbfe
fc3d
fdf9
fc9a
fcd0
0483
043a
fdf6
0596
053c
fbe8
f7a9
fcae
0300
0000
0300
0600
0000
fa00
f700
0300
0300
fd00
0900
0000
fa00
0000
0000
fd00
0300
0900
f700
fa00
0300
fa00
fd00
0f00
0900
0300
0c00
0300
f700
fd00
0600
f700
ee00
0000
0600
0600
0c00
0000
fa00
1200
0600
ee00
0600
0600
f400
0000
0000
fa00
0660
f9fa
e25a
f634
02d0
f6a3
f738
03c4
f787
f20e
feed
ecfe
f42d
06ea
f47b
f533
0c00
fa00
ee00
0c00
0000
e200
0600
0c00
e800
fa00
0600
ee00
0000
1200
ee00
fa00
1800
f400
ee00
0600
f400
fa00
0c00
ee00
ee00
0c00
fa00
0000
1e00
0000
0000
1e00
f400
e800
1800
0600
ee00
1200
0c00
f400
0c00
0600
fa00
1200
0600
f400
0600
0000
fa00
0c00
fa00
f400
0c00
f400
ee00
1200
0c00
0000
1200
0000
f400
0c00
1200
fa00
0600
1800
0c00
0c00
0c00
0000
0600
0c00
f400
fa00
1200
fa00
f400
0c00
0600
ee00
fa00
0600
f400
fa00
fd00
fa00
0900
0600
f700
fa00
0f00
0c00
0000
0600
0000
fa00
0600
0300
0000
0c00
0000
f100
fa00
fd00
fd00
0300
fa00
0000
0f00
0600
0000
0c00
0c00
0300
fd00
0000
0f00
0300
fa00
0f00
0f00
fd00
fa00
0900
0c00
f400
f400
0300
0300
0300
0300
0000
0000
0c00
0600
f100
0900
0f00
f700
0300
0600
f700
0300
0300
fa00
0c00
1200
0600
1200
1200
f400
0000
1200
fa00
0000
0c00
f400
0c00
1800
f400
0600
1800
fa00
0600
1200
f400
0000
0c00
f400
fa00
0600
ee00
f400
0c00
fa00
fa00
0f00
0c00
0000
0000
fd00
0300
0900
ee00
ee00
0c00
0000
f100
fa00
0300
0f00
fd00
e800
0000
0600
e800
fa00
1800
0000
0600
1200
f400
0000
0c00
ee00
f400
0600
fa00
0300
0c00
fd00
0300
0900
f400
f700
0c00
f700
f400
0f00
fa00
f400
0c00
0600
f400
f4c0
fb74
febc
01d0
f5b3
fc57
0891
f908
fc77
08af
fc24
f661
05fb
ff9b
eaa1
fdf6
0c00
0000
0000
0000
f400
fa00
0000
e800
f400
1200
fa00
fa00
1800
0600
f400
0c00
0000
f100
1500
0c00
ee00
0900
0600
eb00
1200
1500
ee00
0600
1200
f100
0000
1500
f400
0000
1800
f400
f400
1200
0600
fa00
0600
0600
0000
0000
0000
f400
fa00
0c00
0840
fbbc
0200
07e0
0162
014b
f836
feb3
10c7
03ba
fd7e
0ca6
02dc
05ae
1452
010d
0600
1800
fa00
f400
1200
fa00
e800
0600
0600
ee00
0600
1800
f400
0000
1800
fa00
0000
0c00
fa00
0600
0900
f400
0600
1200
fa00
0000
0900
fd00
0600
1200
fd00
f700
1800
0c00
fa00
1200
0600
f400
0c00
0600
fa00
1200
0600
fa00
1e00
1800
ee00
0000
1200
fa00
0000
0600
ee00
fa00
0000
ee00
fa00
0000
fa00
0600
0000
fa00
0000
0000
f880
fef8
0508
fd37
fa63
f63d
f6d9
feeb
007c
04f4
0624
0141
012d
059a
fc40
ff7c
1500
0000
f100
0600
0c00
f400
f400
0000
fd00
0300
fd00
f700
0300
0000
f700
fd00
0630
ffcd
05d0
1173
fb5b
fea5
0aba
fb0e
045d
1017
0615
fcb3
ffe8
f6e9
e87a
f2f2
fd00
0300
0300
f700
0000
1200
0000
ee00
fa00
fa00
f400
0000
fd00
ee00
0300
0c00
ee00
fa00
0900
0000
0900
0000
f400
0300
0000
eb00
fa00
1500
0300
fa00
0000
f700
fd00
0300
f700
fa00
0f00
0c00
fa00
0000
0600
0900
0600
ee00
f100
0000
0000
fd00
f700
0000
0900
fd00
f700
0900
0300
f700
0c00
0900
fd00
1500
1200
fa00
0600
fd00
f700
0600
f400
f700
0900
0300
0300
0900
0600
0600
0300
f400
fd00
0c00
f700
fd00
0c00
f700
fa00
0900
f400
f400
0f00
0000
f700
0900
0300
fd00
0300
0300
fd00
fd00
f400
0000
0c00
f700
f700
0c00
0900
f700
0300
0900
0300
0900
fa00
f100
1200
1200
e800
fa00
1200
ee00
fa00
1200
f400
0600
0c00
ee00
0600
0600
e800
0c00
0c00
e200
0000
0c00
e800
0000
0c00
ee00
0000
0c00
e800
f400
1200
fa00
f400
0c00
fa00
ee00
fd00
f100
ee00
0900
0300
f700
1500
0c00
ee00
0000
0900
f100
ee00
0900
0c00
0300
0000
0300
0600
0000
f400
f700
0c00
0600
f400
fa00
0300
fd00
0000
0000
ee00
f700
fd90
e5b7
ed5b
0084
fa7b
fad3
0126
fb13
0162
fb4b
e996
f6fd
fd8d
f7b4
fe38
f854
fbce
0811
048f
f546
f8f1
0261
f93b
f6a7
f13c
f828
01a5
f88a
f601
f9a1
f706
f796
0900
0600
f700
0300
0f00
fa00
f400
0900
0600
fd00
0600
fd00
fa00
0900
fd00
ee00
0000
0c00
0900
0900
0c00
0900
0900
0600
0000
0900
0300
0300
0900
fd00
fd00
0f00
0600
eb00
0300
1500
0300
0300
1200
0900
0000
1200
0000
eb00
0000
0c00
fa00
f400
fd00
0600
0900
0300
0900
0f00
fd00
0300
0900
f100
fd00
1200
fa00
ee00
0900
0600
ee00
fa00
fd00
f400
0300
0300
f100
f700
0600
f700
eb00
fd00
0600
f700
fd00
0300
fd00
0300
0300
0000
0c00
0300
f100
fd00
0600
fd00
0300
0600
fd00
0300
0300
fa00
0000
f700
f400
0c00
0900
fa00
0900
0900
0000
0f00
0300
f400
0f00
0c00
f100
0600
0600
ee00
0600
0c00
f400
0600
0600
fa00
0c00
fa00
e800
1200
0600
e800
1200
0c00
e800
0c00
0600
e800
0c00
1200
ee00
0600
0c00
f400
0600
fa00
e800
1200
1200
e800
0000
1200
e800
fa00
1200
e800
f400
1800
f400
ee00
0c00
0000
f400
0600
0000
fa00
0000
f700
fd00
0c00
0300
fa00
0300
0900
0300
0600
fd00
f400
0900
0c00
fd00
0300
1200
0300
f700
0900
0300
f700
0000
0900
fa00
0300
1200
0000
0000
fd00
f700
0c00
0000
ee00
0c00
0c00
f400
0000
fa00
ee00
0c00
0c00
ee00
0600
1800
fa00
0600
1200
fa00
0600
1200
f400
0000
1200
f400
fa00
1800
0000
fa00
1200
0000
fa00
0c00
0600
0000
0600
0000
fa00
0c00
0600
f400
0300
0c00
0900
0900
f700
f700
0600
0900
0900
0000
fa00
0000
0600
0000
ee00
ee00
0600
0000
e800
fa00
0c00
ee00
fa00
1200
f400
f400
1200
fa00
f400
0600
ee00
f400
1800
0000
ee00
0c00
0000
fa00
0c00
0000
0000
0f00
0210
f5ef
ff8f
fc96
fccc
ffff
02ff
0bcf
0b12
fe60
fe7a
0792
fe18
0436
0ff3
fff3
02f4
0bc4
fc07
ed46
f472
072a
06b7
f44b
fb06
1056
0650
f3eb
faab
f500
e9b0
fa00
0000
f100
fd00
0600
ee00
fa00
0600
ee00
f400
0000
fa00
fd00
0300
fd00
0300
0c00
0000
0300
0600
f700
f700
0900
fd00
f700
0900
f700
f400
0600
fa00
f100
0c00
0c00
f400
0600
0300
f100
f700
fa00
fd00
fd00
0900
0000
fa00
0900
fa00
fd00
1200
fd00
f400
0900
fd00
f100
0c00
0900
ee00
0600
0c00
fa00
0900
0600
f100
0300
0c00
f400
0000
1500
0600
0300
0900
0000
0900
0900
0000
0f00
0f00
0300
0000
0600
0300
f400
fa00
0000
f400
0000
1800
0000
f400
1200
0c00
0000
0c00
0600
0000
0c00
0600
fa00
0000
0300
0600
0600
0900
0600
0300
0300
f400
f100
0600
0f00
0000
0000
0900
0000
0900
0c00
fd00
fd00
0300
fa00
0000
0f00
0000
f400
0300
0c00
0000
fa00
0300
0480
0300
fe80
0300
0780
0180
0600
0480
0180
fd00
fb80
0480
fd00
fd00
0300
fe80
0600
0c00
fd00
f400
0900
0900
f100
0600
1200
fa00
0300
0c00
f400
fa00
0900
f700
fa00
0600
f400
0600
1200
ee00
0000
1200
ee00
0000
1200
e800
fa00
1e00
f400
f400
1e00
0000
fa00
1200
f400
ee00
0600
f400
f400
1200
0000
fa00
1200
fa00
f400
1200
fd00
ee00
0900
0c00
fd00
0600
0000
f400
0600
0000
f700
0f00
0000
eb00
0300
0300
ee00
0600
0c00
ee00
fa00
0c00
e800
e200
0000
fa00
fa00
1200
0000
ee00
0c00
0600
ee00
0600
0600
0000
0600
ee00
f400
1800
0000
ee00
0600
0000
fa00
0c00
fa00
f400
1800
0c00
f400
0c00
0600
fa00
0600
fa00
f400
0600
fa00
fa00
1200
f400
fa00
1800
f400
ee00
1800
0000
e200
0c00
1800
f400
0000
1200
f400
f400
0600
ee00
f400
1200
fa00
f700
0c00
fa00
fa00
0600
f400
0000
0f00
f400
f400
0c00
f700
eb00
0900
0300
f100
0000
0000
fa00
0000
0600
fd00
f400
fa00
fa00
0000
fd00
f100
fd00
f400
f400
0600
fd00
ee00
f700
0600
0300
f700
fa00
0600
fd00
fa00
0600
0300
fa00
0300
0900
fa00
ee00
0300
0900
f100
0000
0c00
f400
0000
0900
f700
fd00
1500
0300
ee00
0000
fd00
f700
0780
0a80
0300
0600
0600
fa00
fd00
0780
0180
fd00
0300
fb80
fd00
0480
0000
0000
0300
fd00
fd00
0600
fd00
f400
0c00
0600
eb00
fd00
1200
fd00
f400
0900
0000
fa00
0f00
fd00
f700
0900
0000
0300
0600
f700
0600
0900
f400
0c00
1200
f400
0600
0c00
0000
1200
0600
f400
1200
0c00
e800
0000
1200
f400
0000
1200
0000
0600
0c00
0000
0600
1800
0600
0600
1800
0000
f400
0c00
0000
f400
0c00
0c00
f400
0000
0c00
f400
0600
0f00
f100
0600
0c00
eb00
fa00
0600
f400
fa00
0300
f400
0000
0f00
f700
0000
1200
fa00
f700
0900
fa00
f700
0000
fa00
0000
0300
f100
fa00
0300
f700
0300
0f00
f400
f700
0f00
fd00
f100
0000
0600
0600
0300
fa00
0600
0300
f400
0900
0300
ee00
0300
0c00
f400
f400
0300
fa00
fd00
0c00
0000
fd00
0300
f700
0000
0c00
fa00
0000
0f00
fa00
f400
0900
fd00
f400
1200
0000
eb00
0900
0600
f100
0900
1500
f400
0000
1200
ee00
0000
0c00
ee00
0600
0c00
e800
fa00
1800
fa00
f400
0c00
f400
fa00
1e00
0000
ee00
1800
0600
e200
fa00
0000
f400
0600
0600
f400
0000
0600
fa00
0300
fa00
fa00
1200
0600
f700
0600
0300
f700
0300
fd00
f700
0f00
0300
f400
0300
0900
f700
f400
0300
fa00
fd00
0c00
fd00
0000
1500
f700
eb00
0c00
0300
ee00
0300
0c00
0300
0c00
0000
f700
1500
0900
f100
0c00
0c00
f700
0000
0600
0600
1500
0600
f700
1200
0c00
f100
fa00
0300
fd00
0c00
1200
0600
0300
0300
0300
0000
fd00
fa00
0600
0900
f400
fa00
0600
f100
fd00
0f00
f100
f700
0900
eb00
f100
0c00
f400
ee00
0c00
fa00
e800
0c00
0600
e800
0000
0600
f400
0600
0000
f400
0c00
0600
fa00
0600
fa00
e800
0600
1200
fa00
0000
0c00
fa00
f400
0000
0000
0000
0000
ee00
fa00
0c00
f700
f400
0900
0600
fd00
f700
ee00
fd00
0600
ee00
f700
0f00
0000
fd00
fd00
f100
faf0
0141
fe2c
0a49
09a4
fd09
fd39
0065
005e
0658
02f2
f9c3
fd27
0654
f9ee
f14f
0900
0f00
0000
0300
0c00
fd00
0000
0c00
f400
fa00
0c00
f700
f700
0300
0300
0000
fa00
0000
0c00
0600
fa00
0c00
0600
f400
1200
1e00
fa00
f400
0600
0600
0000
0000
fa00
0600
1500
fa00
f100
0c00
0900
0000
0600
f400
f700
0f00
fa00
f100
0900
0000
0300
0900
f700
fd00
0f00
0300
f400
0900
0900
f400
0300
0f00
0300
0000
0600
0900
0300
f400
fd00
0600
fd00
0600
1500
0600
fd00
0f00
0c00
fd00
0000
0600
0300
0300
fa00
0900
0000
fa00
0c00
fd00
fd00
0f00
fa00
f700
0600
f400
fa00
0900
f400
fa00
0c00
0000
fa00
0600
0600
0c00
0600
fa00
0600
1200
fa00
fa00
0c00
f400
f400
1800
0300
f400
1500
0900
eb00
0900
0300
eb00
0f00
0c00
ee00
0000
0900
f400
fd00
0900
f700
0000
1200
f700
ee00
0300
0600
f400
f700
0300
fa00
0000
0000
eb00
0000
0c00
e800
f400
0600
e800
ee00
0600
ee00
ee00
1200
fa00
ee00
1800
1200
f400
0600
0600
ee00
f700
fd00
f400
0300
0c00
fd00
fd00
0000
f700
fd00
0900
fa00
fd00
0f00
0300
f400
0300
0600
fa00
0900
0900
f100
fa00
0f00
fd00
f700
0600
fd00
fa00
0000
f400
f100
0300
fd00
f100
fd00
f700
f100
0600
fa00
eb00
0600
0300
f100
0600
1500
f400
ee00
0900
0300
fd00
0600
0300
fd00
0600
0300
fd00
0f00
0c00
fa00
0c00
0c00
f400
0000
0600
fa00
fd00
0f00
1200
0000
0900
0f00
0900
0000
0300
0f00
fd00
fd00
1200
fa00
f100
0c00
0600
f700
0c00
0900
fd00
0600
f700
f400
0900
0600
f400
0c00
1200
f400
0600
0600
ee00
0c00
1200
ee00
0000
1800
fa00
fa00
1200
0000
fa00
0c00
fa00
f400
0600
ee00
f400
0c00
f400
fa00
1800
0000
fa00
1e00
0c00
f400
1200
0600
e800
0900
0f00
ee00
0f00
1500
f400
0900
0300
ee00
0c00
0600
fa00
0f00
fd00
fa00
1200
fa00
ee00
0900
fa00
eb00
fd00
f400
f400
0900
0000
f100
0900
0f00
f400
fd00
0900
0000
0600
0000
f400
0c00
0600
e800
fa00
1200
f400
fa00
1200
0600
fa00
0600
0600
fa00
fa00
fa00
0000
0c00
fa00
0000
1800
fa00
0000
1800
fa00
0000
1800
fa00
f400
1200
fa00
f400
1800
0600
f400
0c00
0600
f400
0600
0600
fa00
0600
0600
f400
0000
0c00
f700
fa00
0f00
0600
0300
0f00
fa00
fd00
1200
f400
f100
1200
fd00
ee00
0900
0000
fa00
0f00
f700
f100
1200
0900
f700
0c00
0900
f400
0000
0600
fa00
0300
0f00
0210
feef
07ff
fe7f
f897
fc0d
024c
0827
fea4
fbb9
04fe
fbad
fbf2
0b33
f580
e428
fa00
0900
fa00
f400
fa00
fd00
0300
0600
fd00
0000
0900
fd00
0000
0c00
0000
fd00
0f00
0600
fa00
0300
0600
fa00
0000
0600
f700
0900
0c00
fa00
0f00
0c00
f400
fd00
1800
0000
ee00
0600
fa00
fa00
1200
0000
fa00
0c00
fa00
f400
1200
0600
f400
1200
1200
f400
0c00
1800
f400
fa00
0c00
f400
0000
1200
f400
fa00
1800
0600
ee00
fa00
fa00
fa00
0600
fa00
f400
0000
fa00
fa00
0600
fa00
fa00
1200
fa00
e800
0600
fa00
ee00
1200
0600
f400
0c00
fa00
ee00
0600
f400
fa00
1e00
0000
e800
1200
0c00
e200
0000
1200
ee00
0000
0c00
e200
fa00
1800
ee00
fa00
1800
e800
fa00
1e00
ee00
f400
1800
f400
fa00
1800
ee00
f400
1800
ee00
ee00
1e00
fa00
e800
1200
0000
e800
0c00
0600
ee00
0c00
0c00
f400
0600
0600
e800
0000
0000
e800
0c00
0600
f400
0600
f400
e200
0600
0000
dc00
0000
0c00
f400
0000
f400
e200
0600
0600
e200
fa00
0c00
e800
fa00
0c00
e200
f400
1800
ee00
f400
1800
ee00
e800
0c00
f400
f400
1200
f400
f400
0c00
ee00
f400
0c00
f400
f400
0600
e800
ee00
1200
e800
e200
1200
0000
e800
1200
0600
dc00
0600
0c00
e800
0000
0000
ee00
0600
fa00
e200
0000
0000
ee00
0600
fa00
ee00
1800
0c00
e200
0600
1800
e800
f400
1800
fa00
f400
0600
f400
0000
1800
f400
fa00
2400
0000
fa00
1e00
0000
fa00
1e00
0000
ee00
1800
0600
e800
1200
1200
ee00
0c00
1800
f400
0600
1e00
0600
0000
0c00
0c00
0000
0000
0000
0600
0c00
0000
fa00
f700
fd00
0900
0300
0300
1200
0900
f400
fa00
0300
fa00
0000
0c00
fa00
fd00
0600
0000
0000
fd00
fa00
0900
0c00
f700
f700
0900
fd00
ee00
fa00
0900
0600
fa00
0000
0300
0900
0c00
0300
0c00
0000
f700
0c00
0c00
fd00
0000
0600
0000
0000
0900
0600
05a0
1446
0701
fa90
09e7
0948
08b3
0528
fed5
04e7
0798
041e
00dc
0cce
0c00
f940
0900
0f00
f700
0300
0c00
ee00
f700
1200
f700
f400
0900
f700
f100
0900
f700
f400
1800
0000
e800
0600
0000
f400
0c00
fa00
ee00
1200
0600
ee00
1200
0600
e800
0c00
0600
e800
0c00
1200
ee00
0600
0c00
ee00
0000
0600
e800
fa00
0c00
f400
fa00
1200
0000
0000
0c00
0300
0c00
0f00
fa00
0000
1200
fd00
f700
0900
0000
0300
0900
0000
0000
0300
fa00
fa00
fd00
f100
fa00
0900
0300
0300
0c00
0300
fa00
0900
0600
f400
0c00
1800
0000
0600
0c00
fa00
0c00
1200
ee00
0000
1800
f400
fa00
1800
0000
fa00
1200
0000
f400
0600
fa00
fa00
0c00
fa00
fa00
1800
0600
ee00
0600
0600
fa00
0600
0300
fa00
0c00
0300
f100
0900
1200
fa00
fd00
0900
fa00
fa00
0300
f100
f400
0f00
0000
f400
0c00
fa00
e800
0000
f400
f400
0c00
fa00
ee00
0c00
fa00
e200
0600
0600
f400
0600
0000
ee00
0000
fa00
ee00
0600
fa00
e800
0000
0600
f400
fa00
f400
e800
fd00
0300
ee00
fd00
0900
f700
0300
0900
f100
0300
0f00
f700
0300
0600
fa00
0c00
0c00
0000
0600
fa00
ee00
0c00
1200
ee00
fa00
1800
0600
f400
0000
fa00
fa00
1200
0000
f100
1500
1500
fa00
0f00
0f00
f400
0f00
0f00
f400
0c00
1200
f700
0300
0c00
ee00
0000
1800
f400
0000
1e00
0600
fa00
0600
f400
fa00
1800
0000
ee00
1200
0c00
f100
0300
fd00
f100
0900
0c00
0300
0600
0300
0600
0600
f700
0000
0c00
fa00
fd00
0600
ee00
ee00
1200
0300
ee00
0f00
0600
ee00
0000
f700
f400
1500
0900
ee00
0900
1200
f400
0000
0c00
f400
0c00
1800
ee00
0000
1e00
fa00
fa00
0000
f400
0c00
0600
e800
0000
1800
fa00
f400
0c00
f400
fa00
1800
f400
ee00
1200
0000
ee00
0c00
0600
ee00
0c00
0600
e800
0000
0c00
fa00
0000
0c00
fa00
0000
0c00
fa00
0000
0600
0600
0000
fa00
fd00
0600
fa00
ee00
0300
0600
fa00
0000
fd00
fa00
0300
fd00
fa00
0c00
0c00
f700
f400
0300
0000
fa00
0600
0600
0000
0900
0000
eb00
f700
0300
f400
fa00
0660
fffa
fffa
05fa
059a
ff40
f94c
f9b7
fa1b
fa79
eed1
e9e3
0945
02b0
f085
037c
0000
fd00
0600
f400
f400
0f00
0c00
fa00
0300
0600
f700
0300
0000
f400
0600
0f00
0300
0000
0f00
0000
ee00
fd00
0000
fd00
0900
0000
f700
0c00
0300
f400
0000
0300
f400
f400
0300
fd00
f700
0600
fd00
fa00
0c00
0000
f400
0300
fd00
ee00
fa00
0000
f100
f7f0
0171
f559
f004
0003
fd03
ee32
f84e
04c9
f27c
ea54
f7ae
fb33
0780
0408
ee00
0000
0c00
f700
eb00
0600
1200
fa00
0600
0c00
f400
0300
0600
fa00
0f00
0c00
f400
0000
0c00
0000
0c00
1200
f400
0600
1800
ee00
0000
1800
f400
0600
2400
fa00
fa00
1800
fa00
f400
1200
fa00
fa00
1e00
0600
f400
1800
0c00
fa00
0c00
0600
f400
fd00
0000
f100
0000
0900
f700
0300
0f00
fa00
fd00
0c00
f100
ee00
0f00
0600
fd00
0c00
0600
0000
0c00
0000
fa00
1200
0600
ee00
1200
0c00
ee00
0c00
0600
e200
fa00
0600
e800
fa00
0600
f400
0000
fa00
e800
0600
0c00
e200
fa00
1200
e800
fa00
1800
f400
0000
0600
dc00
fa00
1200
e200
ee00
0c00
dc00
dc00
0600
e800
e200
0c00
f400
e800
0c00
f400
e200
0c00
fa00
e200
0c00
0000
dc00
0600
0600
e200
fa00
0c00
fa00
0600
0000
e800
0c00
1e00
ee00
f400
0c00
e800
f400
1200
f400
0600
2400
fa00
fa00
1800
f400
e800
1200
0000
f400
1800
0000
ee00
0c00
0600
f400
0600
fa00
f400
1200
0000
0000
2a00
1200
fa00
1e00
1200
ee00
0c00
1800
fa00
0c00
1800
f400
0600
2400
0300
fa00
0f00
0300
0000
0900
fa00
0000
0f00
0300
0300
0600
0000
0300
0300
f400
fa00
1200
0000
f400
0600
fa00
fa00
0000
f400
0600
1200
f400
f400
1800
0600
e800
fd00
0000
ee00
0000
fd00
eb00
0c00
0f00
f400
0c00
1200
f400
f700
fd00
fa00
fd00
f700
f400
fd00
0300
0000
fd00
0000
f400
f700
0300
f100
f100
0300
fa00
f400
0300
02d0
f0a3
fd98
fdbe
ebe2
ff24
1131
f81e
f89c
0512
f8c0
0b34
1080
f778
1000
2100
f400
f400
1e00
0000
e800
1200
0600
f400
1800
0600
ee00
1200
0c00
ee00
0600
1200
0000
0600
0000
fa00
1200
0c00
0000
0c00
0600
0600
1e00
1800
f400
fa00
1800
0000
fa00
1800
0600
0000
1800
fa00
e800
1200
0c00
fa00
0c00
0600
0000
1200
0000
f400
0900
0300
f700
0900
0300
f400
0300
0600
f100
0000
1500
fa00
fd00
0600
f100
0600
0600
e800
0600
1200
ee00
fa00
0c00
ee00
fa00
0c00
f400
fa00
0c00
f400
f400
1200
f400
e800
1200
f400
e800
1800
0600
ee00
1200
0000
e800
0c00
0600
ee00
0c00
0c00
ee00
0600
0f00
fa00
1200
0f00
f100
fd00
0000
f100
0300
fd00
f100
0f00
0900
ee00
0000
0900
eb00
f400
0f00
0000
0300
0c00
f100
ee00
0300
fd00
f100
fd00
0000
f400
fdc0
09e4
0645
ffe1
fce2
f714
eea2
f2b8
f98c
f3f3
fab4
fe08
f827
f8a4
f919
f688
f400
fa00
fd00
0300
fd00
0000
0c00
fd00
0000
0600
f400
0600
0c00
ee00
0000
1200
ee00
f400
1e00
0000
e800
1200
0c00
ee00
0600
1200
fa00
0000
0600
f400
0000
1200
f400
ee00
0c00
0f00
0600
fd00
fa00
0600
0600
ee00
f700
1200
0000
fa00
0c00
f700
e800
0600
0600
f400
1200
1e00
fa00
0000
1800
fa00
ee00
1200
0000
f400
0c00
0600
f400
0600
0600
ee00
f400
0300
fd00
f700
fd00
fa00
0300
1500
f700
ee00
0300
f100
f100
0900
0000
fd00
0c00
fd00
f100
fd00
0300
0000
f700
0000
0600
f700
0000
0c00
f400
f400
1200
0300
f700
0900
0600
0000
0600
0000
fd00
0c00
0000
f100
0900
0c00
f400
0000
1500
fd00
f400
0900
0000
f100
0000
0000
f400
0300
0600
f400
0000
0900
fd00
fd00
0000
fa00
fd00
0600
0300
0300
0900
fd00
f400
0300
fd00
f400
0600
0000
fa00
0660
f9fa
fa5a
0cb4
f9e8
fa49
00a4
f499
0150
073b
eec6
01da
19bc
0620
05be
0c00
e800
e800
0c00
fa00
ee00
1200
0600
fa00
0600
f400
ee00
0c00
0c00
fa00
0000
0900
fd00
fd00
0300
fd00
f700
fd00
0000
fa00
fd00
0300
fd00
fd00
0c00
0300
fa00
0300
fd00
fa00
fd00
0000
0000
f700
f700
0000
fa00
ee00
fd00
0300
f100
0300
0c00
f700
0000
0c00
f400
fa00
0c00
0000
0000
0300
fd00
0000
0000
0000
0900
0600
0000
0600
0600
fd00
0000
0300
fd00
1200
1500
f700
0600
0f00
f700
0000
0000
f400
0c00
0f00
f700
0000
0600
fa00
0300
0600
0900
0f00
0300
f700
0000
0600
fd00
0300
0600
ffa0
ffa6
f9ab
0010
120f
04ed
f89e
0b13
0a62
f7bb
103f
153b
f5e7
0888
1fff
ffff
f700
0c00
fd00
f700
0900
0900
0600
0900
0c00
0900
fa00
0300
0900
0000
0000
0300
0600
0300
fa00
fa00
0600
fd00
f100
0600
0600
f700
0c00
1200
f400
0000
0f00
ee00
ee00
0600
f400
f100
0900
f400
f400
1200
fd00
f100
0f00
0900
f700
0600
fd00
f400
0900
0000
f100
0600
0300
f100
0300
0000
ee00
0000
0900
0300
0600
0300
fa00
fd00
0c00
0000
ee00
0600
1800
0600
0000
0600
f400
fa00
0600
ee00
f400
1800
0c00
f400
0300
0600
fa00
fa00
f400
ee00
0900
0f00
f100
f700
0f00
fd00
f100
0600
0300
fa00
0300
f400
ee00
fd00
fd00
f700
f700
fa00
fa00
0300
fa00
f100
0600
fd00
ee00
0000
0000
ee00
0300
0c00
f100
fd00
0600
ee00
f100
0600
fa00
f400
0300
0900
0300
f400
f340
fb8c
fd53
fbfe
fc3d
fdf9
fc9a
fcd0
0483
043a
fdf6
0596
053c
fbe8
f7a9
fcae
0300
0000
0300
0600
0000
fa00
f700
0300
0300
fd00
0900
0000
fa00
0000
0000
fd00
0300
0900
f700
fa00
0300
fa00
fd00
0f00
0900
0300
0c00
0300
f700
fd00
0600
f700
ee00
0000
0600
0600
0c00
0000
fa00
1200
0600
ee00
0600
0600
f400
0000
0000
fa00
0660
f9fa
e25a
f634
02d0
f6a3
f738
03c4
f787
f20e
feed
ecfe
f42d
06ea
f47b
f533
0c00
fa00
ee00
0c00
0000
e200
0600
0c00
e800
fa00
0600
ee00
0000
1200
ee00
fa00
1800
f400
ee00
0600
f400
fa00
0c00
ee00
ee00
0c00
fa00
0000
1e00
0000
0000
1e00
f400
e800
1800
0600
ee00
1200
0c00
f400
0c00
0600
fa00
1200
0600
f400
0600
0000
fa00
0c00
fa00
f400
0c00
f400
ee00
1200
0c00
0000
1200
0000
f400
0c00
1200
fa00
0600
1800
0c00
0c00
0c00
0000
0600
0c00
f400
fa00
1200
fa00
f400
0c00
0600
ee00
fa00
0600
f400
fa00
fd00
fa00
0900
0600
f700
fa00
0f00
0c00
0000
0600
0000
fa00
0600
0300
0000
0c00
0000
f100
fa00
fd00
fd00
0300
fa00
0000
0f00
0600
0000
0c00
0c00
0300
fd00
0000
0f00
0300
fa00
0f00
0f00
fd00
fa00
0900
0c00
f400
f400
0300
0300
0300
0300
0000
0000
0c00
0600
f100
0900
0f00
f700
0300
0600
f700
0300
0300
fa00
0c00
1200
0600
1200
1200
f400
0000
1200
fa00
0000
0c00
f400
0c00
1800
f400
0600
1800
fa00
0600
1200
f400
0000
0c00
f400
fa00
0600
ee00
f400
0c00
fa00
fa00
0f00
0c00
0000
0000
fd00
0300
0900
ee00
ee00
0c00
0000
f100
fa00
0300
0f00
fd00
e800
0000
0600
e800
fa00
1800
0000
0600
1200
f400
0000
0c00
ee00
f400
0600
fa00
0300
0c00
fd00
0300
0900
f400
f700
0c00
f700
f400
0f00
fa00
f400
0c00
0600
f400
f4c0
fb74
febc
01d0
f5b3
fc57
0891
f908
fc77
08af
fc24
f661
05fb
ff9b
eaa1
fdf6
0c00
0000
0000
0000
f400
fa00
0000
e800
f400
1200
fa00
fa00
1800
0600
f400
0c00
0000
f100
1500
0c00
ee00
0900
0600
eb00
1200
1500
ee00
0600
1200
f100
0000
1500
f400
0000
1800
f400
f400
1200
0600
fa00
0600
0600
0000
0000
0000
f400
fa00
0c00
0840
fbbc
0200
07e0
0162
014b
f836
feb3
10c7
03ba
fd7e
0ca6
02dc
05ae
1452
010d
0600
1800
fa00
f400
1200
fa00
e800
0600
0600
ee00
0600
1800
f400
0000
1800
fa00
0000
0c00
fa00
0600
0900
f400
0600
1200
fa00
0000
0900
fd00
0600
1200
fd00
f700
1800
0c00
fa00
1200
0600
f400
0c00
0600
fa00
1200
0600
fa00
1e00
1800
ee00
0000
1200
fa00
0000
0600
ee00
fa00
0000
ee00
fa00
0000
fa00
0600
0000
fa00
0000
0000
f880
fef8
0508
fd37
fa63
f63d
f6d9
feeb
007c
04f4
0624
0141
012d
059a
fc40
ff7c
1500
0000
f100
0600
0c00
f400
f400
0000
fd00
0300
fd00
f700
0300
0000
f700
fd00
0630
ffcd
05d0
1173
fb5b
fea5
0aba
fb0e
045d
1017
0615
fcb3
ffe8
f6e9
e87a
f2f2
fd00
0300
0300
f700
0000
1200
0000
ee00
fa00
fa00
f400
0000
fd00
ee00
0300
0c00
ee00
fa00
0900
0000
0900
0000
f400
0300
0000
eb00
fa00
1500
0300
fa00
0000
f700
fd00
0300
f700
fa00
0f00
0c00
fa00
0000
0600
0900
0600
ee00
f100
0000
0000
fd00
f700
0000
0900
fd00
f700
0900
0300
f700
0c00
0900
fd00
1500
1200
fa00
0600
fd00
f700
0600
f400
f700
0900
0300
0300
0900
0600
0600
0300
f400
fd00
0c00
f700
fd00
0c00
f700
fa00
0900
f400
f400
0f00
0000
f700
0900
0300
fd00
0300
0300
fd00
fd00
f400
0000
0c00
f700
f700
0c00
0900
f700
0300
0900
0300
0900
fa00
f100
1200
1200
e800
fa00
1200
ee00
fa00
1200
f400
0600
0c00
ee00
0600
0600
e800
0c00
0c00
e200
0000
0c00
e800
0000
0c00
ee00
0000
0c00
e800
f400
1200
fa00
f400
0c00
fa00
ee00
fd00
f100
ee00
0900
0300
f700
1500
0c00
ee00
0000
0900
f100
ee00
0900
0c00
0300
0000
0300
0600
0000
f400
f700
0c00
0600
f400
fa00
0300
fd00
0000
0000
ee00
f700
fd90
e5b7
ed5b
0084
fa7b
fad3
0126
fb13
0162
fb4b
e996
f6fd
fd8d
f7b4
fe38
f854
fbce
0811
048f
f546
f8f1
0261
f93b
f6a7
f13c
f828
01a5
f88a
f601
f9a1
f706
f796
0900
0600
f700
0300
0f00
fa00
f400
0900
0600
fd00
0600
fd00
fa00
0900
fd00
ee00
0000
0c00
0900
0900
0c00
0900
0900
0600
0000
0900
0300
0300
0900
fd00
fd00
0f00
0600
eb00
0300
1500
0300
0300
1200
0900
0000
1200
0000
eb00
0000
0c00
fa00
f400
fd00
0600
0900
0300
0900
0f00
fd00
0300
0900
f100
fd00
1200
fa00
ee00
0900
0600
ee00
fa00
fd00
f400
0300
0300
f100
f700
0600
f700
eb00
fd00
0600
f700
fd00
0300
fd00
0300
0300
0000
0c00
0300
f100
fd00
0600
fd00
0300
0600
fd00
0300
0300
fa00
0000
f700
f400
0c00
0900
fa00
0900
0900
0000
0f00
0300
f400
0f00
0c00
f100
0600
0600
ee00
0600
0c00
f400
0600
0600
fa00
0c00
fa00
e800
1200
0600
e800
1200
0c00
e800
0c00
0600
e800
0c00
1200
ee00
0600
0c00
f400
0600
fa00
e800
1200
1200
e800
0000
1200
e800
fa00
1200
e800
f400
1800
f400
ee00
0c00
0000
f400
0600
0000
fa00
0000
f700
fd00
0c00
0300
fa00
0300
0900
0300
0600
fd00
f400
0900
0c00
fd00
0300
1200
0300
f700
0900
0300
f700
0000
0900
fa00
0300
1200
0000
0000
fd00
f700
0c00
0000
ee00
0c00
0c00
f400
0000
fa00
ee00
0c00
0c00
ee00
0600
1800
fa00
0600
1200
fa00
0600
1200
f400
0000
1200
f400
fa00
1800
0000
fa00
1200
0000
fa00
0c00
0600
0000
0600
0000
fa00
0c00
0600
f400
0300
0c00
0900
0900
f700
f700
0600
0900
0900
0000
fa00
0000
0600
0000
ee00
ee00
0600
0000
e800
fa00
0c00
ee00
fa00
1200
f400
f400
1200
fa00
f400
0600
ee00
f400
1800
0000
ee00
0c00
0000
fa00
0c00
0000
0000
0f00
0210
f5ef
ff8f
fc96
fccc
ffff
02ff
0bcf
0b12
fe60
fe7a
0792
fe18
0436
0ff3
fff3
02f4
0bc4
fc07
ed46
f472
072a
06b7
f44b
fb06
1056
0650
f3eb
faab
f500
e9b0
fa00
0000
f100
fd00
0600
ee00
fa00
0600
ee00
f400
0000
fa00
fd00
0300
fd00
0300
0c00
0000
0300
0600
f700
f700
0900
fd00
f700
0900
f700
f400
0600
fa00
f100
0c00
0c00
f400
0600
0300
f100
f700
fa00
fd00
fd00
0900
0000
fa00
0900
fa00
fd00
1200
fd00
f400
0900
fd00
f100
0c00
0900
ee00
0600
0c00
fa00
0900
0600
f100
0300
0c00
f400
0000
1500
0600
0300
0900
0000
0900
0900
0000
0f00
0f00
0300
0000
0600
0300
f400
fa00
0000
f400
0000
1800
0000
f400
1200
0c00
0000
0c00
0600
0000
0c00
0600
fa00
0000
0300
0600
0600
0900
0600
0300
0300
f400
f100
0600
0f00
0000
0000
0900
0000
0900
0c00
fd00
fd00
0300
fa00
0000
0f00
0000
f400
0300
0c00
0000
fa00
0300
0480
0300
fe80
0300
0780
0180
0600
0480
0180
fd00
fb80
0480
fd00
fd00
0300
fe80
0600
0c00
fd00
f400
0900
0900
f100
0600
1200
fa00
0300
0c00
f400
fa00
0900
f700
fa00
0600
f400
0600
1200
ee00
0000
1200
ee00
0000
1200
e800
fa00
1e00
f400
f400
1e00
0000
fa00
1200
f400
ee00
0600
f400
f400
1200
0000
fa00
1200
fa00
f400
1200
fd00
ee00
0900
0c00
fd00
0600
0000
f400
0600
0000
f700
0f00
0000
eb00
0300
0300
ee00
0600
0c00
ee00
fa00
0c00
e800
e200
0000
fa00
fa00
1200
0000
ee00
0c00
0600
ee00
0600
0600
0000
0600
ee00
f400
1800
0000
ee00
0600
0000
fa00
0c00
fa00
f400
1800
0c00
f400
0c00
0600
fa00
0600
fa00
f400
0600
fa00
fa00
1200
f400
fa00
1800
f400
ee00
1800
0000
e200
0c00
1800
f400
0000
1200
f400
f400
0600
ee00
f400
1200
fa00
f700
0c00
fa00
fa00
0600
f400
0000
0f00
f400
f400
0c00
f700
eb00
0900
0300
f100
0000
0000
fa00
0000
0600
fd00
f400
fa00
fa00
0000
fd00
f100
fd00
f400
f400
0600
fd00
ee00
f700
0600
0300
f700
fa00
0600
fd00
fa00
0600
0300
fa00
0300
0900
fa00
ee00
0300
0900
f100
0000
0c00
f400
0000
0900
f700
fd00
1500
0300
ee00
0000
fd00
f700
0780
0a80
0300
0600
0600
fa00
fd00
0780
0180
fd00
0300
fb80
fd00
0480
0000
0000
0300
fd00
fd00
0600
fd00
f400
0c00
0600
eb00
fd00
1200
fd00
f400
0900
0000
fa00
0f00
fd00
f700
0900
0000
0300
0600
f700
0600
0900
f400
0c00
1200
f400
0600
0c00
0000
1200
0600
f400
1200
0c00
e800
0000
1200
f400
0000
1200
0000
0600
0c00
0000
0600
1800
0600
0600
1800
0000
f400
0c00
0000
f400
0c00
0c00
f400
0000
0c00
f400
0600
0f00
f100
0600
0c00
eb00
fa00
0600
f400
fa00
0300
f400
0000
0f00
f700
0000
1200
fa00
f700
0900
fa00
f700
0000
fa00
0000
0300
f100
fa00
0300
f700
0300
0f00
f400
f700
0f00
fd00
f100
0000
0600
0600
0300
fa00
0600
0300
f400
0900
0300
ee00
0300
0c00
f400
f400
0300
fa00
fd00
0c00
0000
fd00
0300
f700
0000
0c00
fa00
0000
0f00
fa00
f400
0900
fd00
f400
1200
0000
eb00
0900
0600
f100
0900
1500
f400
0000
1200
ee00
0000
0c00
ee00
0600
0c00
e800
fa00
1800
fa00
f400
0c00
f400
fa00
1e00
0000
ee00
1800
0600
e200
fa00
0000
f400
0600
0600
f400
0000
0600
fa00
0300
fa00
fa00
1200
0600
f700
0600
0300
f700
0300
fd00
f700
0f00
0300
f400
0300
0900
f700
f400
0300
fa00
fd00
0c00
fd00
0000
1500
f700
eb00
0c00
0300
ee00
0300
0c00
0300
0c00
0000
f700
1500
0900
f100
0c00
0c00
f700
0000
0600
0600
1500
0600
f700
1200
0c00
f100
fa00
0300
fd00
0c00
1200
0600
0300
0300
0300
0000
fd00
fa00
0600
0900
f400
fa00
0600
f100
fd00
0f00
f100
f700
0900
eb00
f100
0c00
f400
ee00
0c00
fa00
e800
0c00
0600
e800
0000
0600
f400
0600
0000
f400
0c00
0600
fa00
0600
fa00
e800
0600
1200
fa00
0000
0c00
fa00
f400
0000
0000
0000
0000
ee00
fa00
0c00
f700
f400
0900
0600
fd00
f700
ee00
fd00
0600
ee00
f700
0f00
0000
fd00
fd00
f100
faf0
0141
fe2c
0a49
09a4
fd09
fd39
0065
005e
0658
02f2
f9c3
fd27
0654
f9ee
f14f
0900
0f00
0000
0300
0c00
fd00
0000
0c00
f400
fa00
0c00
f700
f700
0300
0300
0000
fa00
0000
0c00
0600
fa00
0c00
0600
f400
1200
1e00
fa00
f400
0600
0600
0000
0000
fa00
0600
1500
fa00
f100
0c00
0900
0000
0600
f400
f700
0f00
fa00
f100
0900
0000
0300
0900
f700
fd00
0f00
0300
f400
0900
0900
f400
0300
0f00
0300
0000
0600
0900
0300
f400
fd00
0600
fd00
0600
1500
0600
fd00
0f00
0c00
fd00
0000
0600
0300
0300
fa00
0900
0000
fa00
0c00
fd00
fd00
0f00
fa00
f700
0600
f400
fa00
0900
f400
fa00
0c00
0000
fa00
0600
0600
0c00
0600
fa00
0600
1200
fa00
fa00
0c00
f400
f400
1800
0300
f400
1500
0900
eb00
0900
0300
eb00
0f00
0c00
ee00
0000
0900
f400
fd00
0900
f880
0000
0f00
f880
f100
0280
0500
f600
f880
0280
fb00
0000
0000
ee80
0000
0a00
ec00
f600
0500
ec00
f100
0500
f100
f100
0f00
fb00
f100
1400
0f00
f600
0500
0500
f100
f880
fd80
f600
0280
0a00
fd80
fd80
0000
f880
fd80
0780
fb00
fd80
0c80
0280
f600
0280
0500
fb00
0780
0780
f380
fb00
0c80
fd80
f880
0500
fd80
fb00
0000
f600
f380
0280
fd80
f380
fd80
f880
f380
0500
fb00
ee80
0500
0280
f380
0500
1180
f600
f100
0780
0280
fd80
0500
0280
fd80
0500
0280
fd80
0c80
0a00
fb00
0a00
0a00
f600
0000
0500
fb00
fd80
0c80
0f00
0000
0780
0c80
0780
0000
0280
0c80
fd80
fd80
0f00
fb00
f380
0a00
0500
f880
0a00
0780
fd80
0500
f880
f600
0780
0500
f600
0a00
0f00
f600
0500
0500
f100
0a00
0f00
f100
0000
1400
fb00
fb00
0f00
0000
fb00
0a00
fb00
f600
0500
f100
f600
0a00
f600
fb00
1400
0000
fb00
1900
0a00
f600
0f00
0500
ec00
0780
0c80
f100
0c80
1180
f600
0780
0280
f100
0a00
0500
fb00
0c80
fd80
fb00
0f00
fb00
f100
0780
fb00
ee80
fd80
f600
f600
0780
0000
f380
0780
0c80
f600
fd80
0780
0000
0500
0000
f600
0a00
0500
ec00
fb00
0f00
f600
fb00
0f00
0500
fb00
0500
0500
fb00
fb00
fb00
0000
0a00
fb00
0000
1400
fb00
0000
1400
fb00
0000
1400
fb00
f600
0f00
fb00
f600
1400
0500
f600
0a00
0500
f600
0500
0500
fb00
0500
0500
f600
0000
0a00
f880
fb00
0c80
0500
0280
0c80
fb00
fd80
0f00
f600
f380
0f00
fd80
f100
0780
0000
fb00
0c80
f880
f380
0f00
0780
f880
0a00
0780
f600
0000
0500
fb00
0280
0c80
01b8
ff1c
06aa
febf
f9d3
fcb6
01ea
06cb
fede
fc70
0429
fc66
fc9f
0955
f740
e8cc
fb00
0780
fb00
f600
fb00
fd80
0280
0500
fd80
0000
0780
fd80
0000
0a00
0000
fd80
0c80
0500
fb00
0280
0500
fb00
0000
0500
f880
0780
0a00
fb00
0c80
0a00
f600
fd80
1400
0000
f100
0500
fb00
fb00
0f00
0000
fb00
0a00
fb00
f600
0f00
0500
f600
0f00
0f00
f600
0a00
1400
f600
fb00
0a00
f600
0000
0f00
f600
fb00
1400
0500
f100
fb00
fb00
fb00
0500
fb00
f600
0000
fb00
fb00
0500
fb00
fb00
0f00
fb00
ec00
0500
fb00
f100
0f00
0500
f600
0a00
fb00
f100
0500
f600
fb00
1900
0000
ec00
0f00
0a00
e700
0000
0f00
f100
0000
0a00
e700
fb00
1400
f100
fb00
1400
ec00
fb00
1900
f100
f600
1400
f600
fb00
1400
f100
f600
1400
f100
f100
1900
fb00
ec00
0f00
0000
ec00
0a00
0500
f100
0a00
0a00
f600
0500
0500
ec00
0000
0000
ec00
0a00
0500
f600
0500
f600
e700
0500
0000
e200
0000
0a00
f600
0000
f600
e700
0500
0500
e700
fb00
0a00
ec00
fb00
0a00
e700
f600
1400
f100
f600
1400
f100
ec00
0a00
f600
f600
0f00
f600
f600
0a00
f100
f600
0a00
f600
f600
0500
ec00
f100
0f00
ec00
e700
0f00
0000
ec00
0f00
0500
e200
0500
0a00
ec00
0000
0000
f100
0500
fb00
e700
0000
0000
f100
0500
fb00
f100
1400
0a00
e700
0500
1400
ec00
f600
1400
fb00
f600
0500
f600
0000
1400
f600
fb00
1e00
0000
fb00
1900
0000
fb00
1900
0000
f100
1400
0500
ec00
0f00
0f00
f100
0a00
1400
f600
0500
1900
0500
0000
0a00
0a00
0000
0000
0000
0500
0a00
0000
fb00
f880
fd80
0780
0280
0280
0f00
0780
f600
fb00
0280
fb00
0000
0a00
fb00
fd80
0500
0000
0000
fd80
fb00
0780
0a00
f880
f880
0780
fd80
f100
fb00
0780
0500
fb00
0000
0280
0780
0a00
0280
0a00
0000
f880
0a00
0a00
fd80
0000
0500
0000
0000
0780
0500
04b0
10e5
05d6
fb78
0840
07bc
0740
044c
ff07
0416
0654
036e
00b7
0aab
0a00
fa60
0780
0c80
f880
0280
0a00
f100
f880
0f00
f880
f600
0780
f880
f380
0780
f880
f600
1400
0000
ec00
0500
0000
f600
0a00
fb00
f100
0f00
0500
f100
0f00
0500
ec00
0a00
0500
ec00
0a00
0f00
f100
0500
0a00
f100
0000
0500
ec00
fb00
0a00
f600
fb00
0f00
0000
0000
0a00
0280
0a00
0c80
fb00
0000
0f00
fd80
f880
0780
0000
0280
0780
0000
0000
0280
fb00
fb00
fd80
f380
fb00
0780
0280
0280
0a00
0280
fb00
0780
0500
f600
0a00
1400
0000
0500
0a00
fb00
0a00
0f00
f100
0000
1400
f600
fb00
1400
0000
fb00
0f00
0000
f600
0500
fb00
fb00
0a00
fb00
fb00
1400
0500
f100
0500
0500
fb00
0500
0280
fb00
0a00
0280
f380
0780
0f00
fb00
fd80
0780
fb00
fb00
0280
f380
f600
0c80
0000
f600
0a00
fb00
ec00
0000
f600
f600
0a00
fb00
f100
0a00
fb00
e700
0500
0500
f600
0500
0000
f100
0000
fb00
f100
0500
fb00
ec00
0000
0500
f600
fb00
f600
ec00
fd80
0280
f100
fd80
0780
f880
0280
0780
f380
0280
0c80
f880
0280
0500
fb00
0a00
0a00
0000
0500
fb00
f100
0a00
0f00
f100
fb00
1400
0500
f600
0000
fb00
fb00
0f00
0000
f380
1180
1180
fb00
0c80
0c80
f600
0c80
0c80
f600
0a00
0f00
f880
0280
0a00
f100
0000
1400
f600
0000
1900
0500
fb00
0500
f600
fb00
1400
0000
f100
0f00
0a00
f380
0280
fd80
f380
0780
0a00
0280
0500
0280
0500
0500
f880
0000
0a00
fb00
fd80
0500
f100
f100
0f00
0280
f100
0c80
0500
f100
0000
f880
f600
1180
0780
f100
0780
0f00
f600
0000
0a00
f600
0a00
1400
f100
0000
1900
fb00
fb00
0000
f600
0a00
0500
ec00
0000
1400
fb00
f600
0a00
f600
fb00
1400
f600
f100
0f00
0000
f100
0a00
0500
f100
0a00
0500
ec00
0000
0a00
fb00
0000
0a00
fb00
0000
0a00
fb00
0000
0500
0500
0000
fb00
fd80
0500
fb00
f100
0280
0500
fb00
0000
fd80
fb00
0280
fd80
fb00
0a00
0a00
f880
f600
0280
0000
fb00
0500
0500
0000
0780
0000
ee80
f880
0280
f600
fb00
0550
fffb
fffb
04fb
04ab
ff60
fa6a
fac3
fb17
fb65
f1ae
ed93
07b9
023d
f319
02e7
0000
fd80
0500
f600
f600
0c80
0a00
fb00
0280
0500
f880
0280
0000
f600
0500
0c80
0280
0000
0c80
0000
f100
fd80
0000
fd80
0780
0000
f880
0a00
0280
f600
0000
0280
f600
f600
0280
fd80
f880
0500
fd80
fb00
0a00
0000
f600
0280
fd80
f100
fb00
0000
f380
f948
0133
f720
f2ae
0003
fd82
f129
f996
03fd
f4bc
edf0
f911
fc00
0640
035c
f100
0000
0a00
f880
ee80
0500
0f00
fb00
0500
0a00
f600
0280
0500
fb00
0c80
0a00
f600
0000
0a00
0000
0a00
0f00
f600
0500
1400
f100
0000
1400
f600
0500
1e00
fb00
fb00
1400
fb00
f600
0f00
fb00
fb00
1900
0500
f600
1400
0a00
fb00
0a00
0500
f600
fd80
0000
f380
0000
0780
f880
0280
0c80
fb00
fd80
0a00
f380
f100
0c80
0500
fd80
0a00
0500
0000
0a00
0000
fb00
0f00
0500
f100
0f00
0a00
f100
0a00
0500
e700
fb00
0500
ec00
fb00
0500
f600
0000
fb00
ec00
0500
0a00
e700
fb00
0f00
ec00
fb00
1400
f600
0000
0500
e200
fb00
0f00
e700
f100
0a00
e200
e200
0500
ec00
e700
0a00
f600
ec00
0a00
f600
e700
0a00
fb00
e700
0a00
0000
e200
0500
0500
e700
fb00
0a00
fb00
0500
0000
ec00
0a00
1900
f100
f600
0a00
ec00
f600
0f00
f600
0500
1e00
fb00
fb00
1400
f600
ec00
0f00
0000
f600
1400
0000
f100
0a00
0500
f600
0500
fb00
f600
0f00
0000
0000
2300
0f00
fb00
1900
0f00
f100
0a00
1400
fb00
0a00
1400
f600
0500
1e00
0280
fb00
0c80
0280
0000
0780
fb00
0000
0c80
0280
0280
0500
0000
0280
0280
f600
fb00
0f00
0000
f600
0500
fb00
fb00
0000
f600
0500
0f00
f600
f600
1400
0500
ec00
fd80
0000
f100
0000
fd80
ee80
0a00
0c80
f600
0a00
0f00
f600
f880
fd80
fb00
fd80
f880
f600
fd80
0280
0000
fd80
0000
f600
f880
0280
f380
f380
0280
fb00
f600
0280
0258
f332
fdfe
fe1e
ef3c
ff48
0e54
f96e
f9d7
0439
f9f5
0956
0dc0
f8e4
0d55
1b80
f600
f600
1900
0000
ec00
0f00
0500
f600
1400
0500
f100
0f00
0a00
f100
0500
0f00
0000
0500
0000
fb00
0f00
0a00
0000
0a00
0500
0500
1900
1400
f600
fb00
1400
0000
fb00
1400
0500
0000
1400
fb00
ec00
0f00
0a00
fb00
0a00
0500
0000
0f00
0000
f600
0780
0280
f880
0780
0280
f600
0280
0500
f380
0000
1180
fb00
fd80
0500
f380
0500
0500
ec00
0500
0f00
f100
fb00
0a00
f100
fb00
0a00
f600
fb00
0a00
f600
f600
0f00
f600
ec00
0f00
f600
ec00
1400
0500
f100
0f00
0000
ec00
0a00
0500
f100
0a00
0a00
f100
0500
0c80
fb00
0f00
0c80
f380
fd80
0000
f380
0280
fd80
f380
0c80
0780
f100
0000
0780
ee80
f600
0c80
0000
0280
0a00
f380
f100
0280
fd80
f380
fd80
0000
f600
fe20
083e
053a
ffe6
fd67
f890
f187
f4ee
fa9f
f5f5
fb96
fe5c
f976
f9de
fa40
f81c
f600
fb00
fd80
0280
fd80
0000
0a00
fd80
0000
0500
f600
0500
0a00
f100
0000
0f00
f100
f600
1900
0000
ec00
0f00
0a00
f100
0500
0f00
fb00
0000
0500
f600
0000
0f00
f600
f100
0a00
0c80
0500
fd80
fb00
0500
0500
f100
f880
0f00
0000
fb00
0a00
f880
ec00
0500
0500
f600
0f00
1900
fb00
0000
1400
fb00
f100
0f00
0000
f600
0a00
0500
f600
0500
0500
f100
f600
0280
fd80
f880
fd80
fb00
0280
1180
f880
f100
0280
f380
f380
0780
0000
fd80
0a00
fd80
f380
fd80
0280
0000
f880
0000
0500
f880
0000
0a00
f600
f600
0f00
0280
f880
0780
0500
0000
0500
0000
fd80
0a00
0000
f380
0780
0a00
f600
0000
1180
fd80
f600
0780
0000
f380
0000
0000
f600
0280
0500
f600
0000
0780
fd80
fd80
0000
fb00
fd80
0500
0280
0280
0780
fd80
f600
0280
fd80
f600
0500
0000
fb00
0550
fafb
fb4b
0a96
faec
fb3d
0088
f680
0118
0606
f1a5
018b
1572
051a
04c9
0a00
ec00
ec00
0a00
fb00
f100
0f00
0500
fb00
0500
f600
f100
0a00
0a00
fb00
0000
0780
fd80
fd80
0280
fd80
f880
fd80
0000
fb00
fd80
0280
fd80
fd80
0a00
0280
fb00
0280
fd80
fb00
fd80
0000
0000
f880
f880
0000
fb00
f100
fd80
0280
f380
0280
0a00
f880
0000
0a00
f600
fb00
0a00
0000
0000
0280
fd80
0000
0000
0000
0780
0500
0000
0500
0500
fd80
0000
0280
fd80
0f00
1180
f880
0500
0c80
f880
0000
0000
f600
0a00
0c80
f880
0000
0500
fb00
0280
0500
0780
0c80
0280
f880
0000
0500
fd80
0280
0500
ffb0
ffb5
fab9
000d
0f0c
041b
f9d9
093b
08a7
f91c
0d8a
11b1
f796
071c
1aaa
ffff
f880
0a00
fd80
f880
0780
0780
0500
0780
0a00
0780
fb00
0280
0780
0000
0000
0280
0500
0280
fb00
fb00
0500
fd80
f380
0500
0500
f880
0a00
0f00
f600
0000
0c80
f100
f100
0500
f600
f380
0780
f600
f600
0f00
fd80
f380
0c80
0780
f880
0500
fd80
f600
0780
0000
f380
0500
0280
f380
0280
0000
f100
0000
0780
0280
0500
0280
fb00
fd80
0a00
0000
f100
0500
1400
0500
0000
0500
f600
fb00
0500
f100
f600
1400
0a00
f600
0280
0500
fb00
fb00
f600
f100
0780
0c80
f380
f880
0c80
fd80
f380
0500
0280
fb00
0280
f600
f100
fd80
fd80
f880
f880
fb00
fb00
0280
fb00
f380
0500
fd80
f100
0000
0000
f100
0280
0a00
f380
fd80
0500
f100
f380
0500
fb00
f600
0280
0780
0280
f600
f560
fc4a
fdc5
fca9
fcde
fe50
fd2b
fd58
03c2
0385
fe4d
04a7
045c
fc96
f90d
fd3b
0280
0000
0280
0500
0000
fb00
f880
0280
0280
fd80
0780
0000
fb00
0000
0000
fd80
0280
0780
f880
fb00
0280
fb00
fd80
0c80
0780
0280
0a00
0280
f880
fd80
0500
f880
f100
0000
0500
0500
0a00
0000
fb00
0f00
0500
f100
0500
0500
f600
0000
0000
fb00
0550
fafb
e74b
f7d6
0258
f832
f8ae
0323
f8f1
f461
ff1b
f029
f626
05c3
f667
f700
0a00
fb00
f100
0a00
0000
e700
0500
0a00
ec00
fb00
0500
f100
0000
0f00
f100
fb00
1400
f600
f100
0500
f600
fb00
0a00
f100
f100
0a00
fb00
0000
1900
0000
0000
1900
f600
ec00
1400
0500
f100
0f00
0a00
f600
0a00
0500
fb00
0f00
0500
f600
0500
0000
fb00
0a00
fb00
f600
0a00
f600
f100
0f00
0a00
0000
0f00
0000
f600
0a00
0f00
fb00
0500
1400
0a00
0a00
0a00
0000
0500
0a00
f600
fb00
0f00
fb00
f600
0a00
0500
f100
fb00
0500
f600
fb00
fd80
fb00
0780
0500
f880
fb00
0c80
0a00
0000
0500
0000
fb00
0500
0280
0000
0a00
0000
f380
fb00
fd80
fd80
0280
fb00
0000
0c80
0500
0000
0a00
0a00
0280
fd80
0000
0c80
0280
fb00
0c80
0c80
fd80
fb00
0780
0a00
f600
f600
0280
0280
0280
0280
0000
0000
0a00
0500
f380
0780
0c80
f880
0280
0500
f880
0280
0280
fb00
0a00
0f00
0500
0f00
0f00
f600
0000
0f00
fb00
0000
0a00
f600
0a00
1400
f600
0500
1400
fb00
0500
0f00
f600
0000
0a00
f600
fb00
0500
f100
f600
0a00
fb00
fb00
0c80
0a00
0000
0000
fd80
0280
0780
f100
f100
0a00
0000
f380
fb00
0280
0c80
fd80
ec00
0000
0500
ec00
fb00
1400
0000
0500
0f00
f600
0000
0a00
f100
f600
0500
fb00
0280
0a00
fd80
0280
0780
f600
f880
0a00
f880
f600
0c80
fb00
f600
0a00
0500
f600
f6a0
fc36
fef2
0182
f76a
fcf3
0724
fa31
fd0e
073d
fcc8
f7fc
04fc
ffac
ee31
fe4d
0a00
0000
0000
0000
f600
fb00
0000
ec00
f600
0f00
fb00
fb00
1400
0500
f600
0a00
0000
f380
1180
0a00
f100
0780
0500
ee80
0f00
1180
f100
0500
0f00
f380
0000
1180
f600
0000
1400
f600
f600
0f00
0500
fb00
0500
0500
0000
0000
0000
f600
fb00
0a00
06e0
fc72
01aa
0690
0127
0114
f982
feea
0dfb
031b
fde9
0a8a
0262
04bb
10ef
00e0
0500
1400
fb00
f600
0f00
fb00
ec00
0500
0500
f100
0500
1400
f600
0000
1400
fb00
0000
0a00
fb00
0500
0780
f600
0500
0f00
fb00
0000
0780
fd80
0500
0f00
fd80
f880
1400
0a00
fb00
0f00
0500
f600
0a00
0500
fb00
0f00
0500
fb00
1900
1400
f100
0000
0f00
fb00
0000
0500
f100
fb00
0000
f100
fb00
0000
fb00
0500
0000
fb00
0000
0000
f9c0
ff24
0431
fdae
fb53
f7dd
f85f
ff19
0067
0420
051e
010c
00fb
04ab
fce0
ff92
1180
0000
f380
0500
0a00
f600
f600
0000
fd80
0280
fd80
f880
0280
0000
f880
fd80
0528
ffd5
04d8
0e8a
fc21
fedf
08f0
fbe1
03a3
0d68
0511
fd40
ffec
f86d
ec65
f51f
fd80
0280
0280
f880
0000
0f00
0000
f100
fb00
fb00
f600
0000
fd80
f100
0280
0a00
f100
fb00
0780
0000
0780
0000
f600
0280
0000
ee80
fb00
1180
0280
fb00
0000
f880
fd80
0280
f880
fb00
0c80
0a00
fb00
0000
0500
0780
0500
f100
f380
0000
0000
fd80
f880
0000
0780
fd80
f880
0780
0280
f880
0a00
0780
fd80
1180
0f00
fb00
0500
fd80
f880
0500
f600
f880
0780
0280
0280
0780
0500
0500
0280
f600
fd80
0a00
f880
fd80
0a00
f880
fb00
0780
f600
f600
0c80
0000
f880
0780
0280
fd80
0280
0280
fd80
fd80
f600
0000
0a00
f880
f880
0a00
0780
f880
0280
0780
0280
0780
fb00
f380
0f00
0f00
ec00
fb00
0f00
f100
fb00
0f00
f600
0500
0a00
f100
0500
0500
ec00
0a00
0a00
e700
0000
0a00
ec00
0000
0a00
f100
0000
0a00
ec00
f600
0f00
fb00
f600
0a00
fb00
f100
fd80
f380
f100
0780
0280
f880
1180
0a00
f100
0000
0780
f380
f100
0780
0a00
0280
0000
0280
0500
0000
f600
f880
0a00
0500
f600
fb00
0280
fd80
0000
0000
f100
f880
fdf8
ea18
f076
006e
fb67
fbb0
00f5
fbe5
0127
fc14
ed52
f87d
fdf5
f916
fe84
f99b
fc81
06b9
03cd
f70f
fa1e
01fc
fa5c
f836
f3b2
f976
015f
f9c8
f7ac
fab1
f885
f8fd
0780
0500
f880
0280
0c80
fb00
f600
0780
0500
fd80
0500
fd80
fb00
0780
fd80
f100
0000
0a00
0780
0780
0a00
0780
0780
0500
0000
0780
0280
0280
0780
fd80
fd80
0c80
0500
ee80
0280
1180
0280
0280
0f00
0780
0000
0f00
0000
ee80
0000
0a00
fb00
f600
fd80
0500
0780
0280
0780
0c80
fd80
0280
0780
f380
fd80
0f00
fb00
f100
0780
0500
f100
fb00
fd80
f600
0280
0280
f380
f880
0500
f880
ee80
fd80
0500
f880
fd80
0280
fd80
0280
0280
0000
0a00
0280
f380
fd80
0500
fd80
0280
0500
fd80
0280
0280
fb00
0000
f880
f600
0a00
0780
fb00
0780
0780
0000
0c80
0280
f600
0c80
0a00
f380
0500
0500
f100
0500
0a00
f600
0500
0500
fb00
0a00
fb00
ec00
0f00
0500
ec00
0f00
0a00
ec00
0a00
0500
ec00
0a00
0f00
f100
0500
0a00
f600
0500
fb00
ec00
0f00
0f00
ec00
0000
0f00
ec00
fb00
0f00
ec00
f600
1400
f600
f100
0a00
0000
f600
0500
0000
fb00
0000
f880
fd80
0a00
0280
fb00
0280
0780
0280
0500
fd80
f600
0780
0a00
fd80
0280
0f00
0280
f880
0780
0280
f880
0000
0780
fb00
0280
0f00
0000
0000
fd80
f880
0a00
0000
f100
0a00
0a00
f600
0000
fb00
f100
0a00
0a00
f100
0500
1400
fb00
0500
0f00
fb00
0500
0f00
f600
0000
0f00
f600
fb00
1400
0000
fb00
0f00
0000
fb00
0a00
0500
0000
0500
0000
fb00
0a00
0500
f600
0280
0a00
0780
0780
f880
f880
0500
0780
0780
0000
fb00
0000
0500
0000
f100
f100
0500
0000
ec00
fb00
0a00
f100
fb00
0f00
f600
f600
0f00
fb00
f600
0500
f100
f600
1400
0000
f100
0a00
0000
fb00
0a00
0000
0000
0c80
01b8
f79c
ffa2
fd27
fd54
ffff
027f
09d7
0939
fea5
febb
064f
fe69
0382
0d4a
fff5
0276
09ce
fcb1
f065
f65f
05f8
0599
f63f
fbda
0d9d
0542
f5ee
fb8f
f6d5
ed68
fb00
0000
f380
fd80
0500
f100
fb00
0500
f100
f600
0000
fb00
fd80
0280
fd80
0280
0a00
0000
0280
0500
f880
f880
0780
fd80
f880
0780
f880
f600
0500
fb00
f380
0a00
0a00
f600
0500
0280
f380
f880
fb00
fd80
fd80
0780
0000
fb00
0780
fb00
fd80
0f00
fd80
f600
0780
fd80
f380
0a00
0780
f100
0500
0a00
fb00
0780
0500
f380
0280
0a00
f600
0000
1180
0500
0280
0780
0000
0780
0780
0000
0c80
0c80
0280
0000
0500
0280
f600
fb00
0000
f600
0000
1400
0000
f600
0f00
0a00
0000
0a00
0500
0000
0a00
0500
fb00
0000
0280
0500
0500
0780
0500
0280
0280
f600
f380
0500
0c80
0000
0000
0780
0000
0780
0a00
fd80
fd80
0280
fb00
0000
0c80
0000
f600
0280
0a00
0000
fb00
0280
03c0
0280
fec0
0280
0640
0140
0500
03c0
0140
fd80
fc40
03c0
fd80
fd80
0280
fec0
0500
0a00
fd80
f600
0780
0780
f380
0500
0f00
fb00
0280
0a00
f600
fb00
0780
f880
fb00
0500
f600
0500
0f00
f100
0000
0f00
f100
0000
0f00
ec00
fb00
1900
f600
f600
1900
0000
fb00
0f00
f600
f100
0500
f600
f600
0f00
0000
fb00
0f00
fb00
f600
0f00
fd80
f100
0780
0a00
fd80
0500
0000
f600
0500
0000
f880
0c80
0000
ee80
0280
0280
f100
0500
0a00
f100
fb00
0a00
ec00
e700
0000
fb00
fb00
0f00
0000
f100
0a00
0500
f100
0500
0500
0000
0500
f100
f600
1400
0000
f100
0500
0000
fb00
0a00
fb00
f600
1400
0a00
f600
0a00
0500
fb00
0500
fb00
f600
0500
fb00
fb00
0f00
f600
fb00
1400
f600
f100
1400
0000
e700
0a00
1400
f600
0000
0f00
f600
f600
0500
f100
f600
0f00
fb00
f880
0a00
fb00
fb00
0500
f600
0000
0c80
f600
f600
0a00
f880
ee80
0780
0280
f380
0000
0000
fb00
0000
0500
fd80
f600
fb00
fb00
0000
fd80
f380
fd80
f600
f600
0500
fd80
f100
f880
0500
0280
f880
fb00
0500
fd80
fb00
0500
0280
fb00
0280
0780
fb00
f100
0280
0780
f380
0000
0a00
f600
0000
0780
f880
fd80
1180
0280
f100
0000
fd80
f880
0640
08c0
0280
0500
0500
fb00
fd80
0640
0140
fd80
0280
fc40
fd80
03c0
0000
0000
0280
fd80
fd80
0500
fd80
f600
0a00
0500
ee80
fd80
0f00
fd80
f600
0780
0000
fb00
0c80
fd80
f880
0780
0000
0280
0500
f880
0500
0780
f600
0a00
0f00
f600
0500
0a00
0000
0f00
0500
f600
0f00
0a00
ec00
0000
0f00
f600
0000
0f00
0000
0500
0a00
0000
0500
1400
0500
0500
1400
0000
f600
0a00
0000
f600
0a00
0a00
f600
0000
0a00
f600
0500
0c80
f380
0500
0a00
ee80
fb00
0500
f600
fb00
0280
f600
0000
0c80
f880
0000
0f00
fb00
f880
0780
fb00
f880
0000
fb00
0000
0280
f380
fb00
0280
f880
0280
0c80
f600
f880
0c80
fd80
f380
0000
0500
0500
0280
fb00
0500
0280
f600
0780
0280
f100
0280
0a00
f600
f600
0280
fb00
fd80
0a00
0000
fd80
0280
f880
0000
0a00
fb00
0000
0c80
fb00
f600
0780
fd80
f600
0f00
0000
ee80
0780
0500
f380
0780
1180
f600
0000
0f00
f100
0000
0a00
f100
0500
0a00
ec00
fb00
1400
fb00
f600
0a00
f600
fb00
1900
0000
f100
1400
0500
e700
fb00
0000
f600
0500
0500
f600
0000
0500
fb00
0280
fb00
fb00
0f00
0500
f880
0500
0280
f880
0280
fd80
f880
0c80
0280
f600
0280
0780
f880
f600
0280
fb00
fd80
0a00
fd80
0000
1180
f880
ee80
0a00
0280
f100
0280
0a00
0280
0a00
0000
f880
1180
0780
f380
0a00
0a00
f880
0000
0500
0500
1180
0500
f880
0f00
0a00
f380
fb00
0280
fd80
0a00
0f00
0500
0280
0280
0280
0000
fd80
fb00
0500
0780
f600
fb00
0500
f380
fd80
0c80
f380
f880
0780
ee80
f380
0a00
f600
f100
0a00
fb00
ec00
0a00
0500
ec00
0000
0500
f600
0500
0000
f600
0a00
0500
fb00
0500
fb00
ec00
0500
0f00
fb00
0000
0a00
fb00
f600
0000
0000
0000
0000
f100
fb00
0a00
f880
f600
0780
0500
fd80
f880
f100
fd80
0500
f100
f880
0c80
0000
fd80
fd80
f380
fbc8
010b
fe7a
0892
0808
fd88
fdaf
0054
004e
0549
0274
facd
fda0
0546
faf1
f3c2
0780
0c80
0000
0280
0a00
fd80
0000
0a00
f600
fb00
0a00
f880
f880
0280
0280
0000
fb00
0000
0a00
0500
fb00
0a00
0500
f600
0f00
1900
fb00
f600
0500
0500
0000
0000
fb00
0500
1180
fb00
f380
0a00
0780
0000
0500
f600
f880
0c80
fb00
f380
0780
0000
0280
0780
f880
fd80
0c80
0280
f600
0780
0780
f600
0280
0c80
0280
0000
0500
0780
0280
f600
fd80
0500
fd80
0500
1180
0500
fd80
0c80
0a00
fd80
0000
0500
0280
0280
fb00
0780
0000
fb00
0a00
fd80
fd80
0c80
fb00
f880
0500
f600
fb00
0780
f600
fb00
0a00
0000
fb00
0500
0500
0a00
0500
fb00
0500
0f00
fb00
fb00
0a00
f600
f600
1400
0280
f600
1180
0780
ee80
0780
0280
ee80
0c80
0a00
f100
0000
0780
f600
fd80
0780
f880
0000
0f00
f880
f100
0280
0500
f600
f880
0280
fb00
0000
0000
ee80
0000
0a00
ec00
f600
0500
ec00
f100
0500
f100
f100
0f00
fb00
f100
1400
0f00
f600
0500
0500
f100
f880
fd80
f600
0280
0a00
fd80
fd80
0000
f880
fd80
0780
fb00
fd80
0c80
0280
f600
0280
0500
fb00
0780
0780
f380
fb00
0c80
fd80
f880
0500
fd80
fb00
0000
f600
f380
0280
fd80
f380
fd80
f880
f380
0500
fb00
ee80
0500
0280
f380
0500
1180
f600
f100
0780
0280
fd80
0500
0280
fd80
0500
0280
fd80
0c80
0a00
fb00
0a00
0a00
f600
0000
0500
fb00
fd80
0c80
0f00
0000
0780
0c80
0780
0000
0280
0c80
fd80
fd80
0f00
fb00
f380
0a00
0500
f880
0a00
0780
fd80
0500
f880
f600
0780
0500
f600
0a00
0f00
f600
0500
0500
f100
0a00
0f00
f100
0000
1400
fb00
fb00
0f00
0000
fb00
0a00
fb00
f600
0500
f100
f600
0a00
f600
fb00
1400
0000
fb00
1900
0a00
f600
0f00
0500
ec00
0780
0c80
f100
0c80
1180
f600
0780
0280
f100
0a00
0500
fb00
0c80
fd80
fb00
0f00
fb00
f100
0780
fb00
ee80
fd80
f600
f600
0780
0000
f380
0780
0c80
f600
fd80
0780
0000
0500
0000
f600
0a00
0500
ec00
fb00
0f00
f600
fb00
0f00
0500
fb00
0500
0500
fb00
fb00
fb00
0000
0a00
fb00
0000
1400
fb00
0000
1400
fb00
0000
1400
fb00
f600
0f00
fb00
f600
1400
0500
f600
0a00
0500
f600
0500
0500
fb00
0500
0500
f600
0000
0a00
f880
fb00
0c80
0500
0280
0c80
fb00
fd80
0f00
f600
f380
0f00
fd80
f100
0780
0000
fb00
0c80
f880
f380
0f00
0780
f880
0a00
0780
f600
0000
0500
fb00
0280
0c80
01b8
ff1c
06aa
febf
f9d3
fcb6
01ea
06cb
fede
fc70
0429
fc66
fc9f
0955
f740
e8cc
fb00
0780
fb00
f600
fb00
fd80
0280
0500
fd80
0000
0780
fd80
0000
0a00
0000
fd80
0c80
0500
fb00
0280
0500
fb00
0000
0500
f880
0780
0a00
fb00
0c80
0a00
f600
fd80
1400
0000
f100
0500
fb00
fb00
0f00
0000
fb00
0a00
fb00
f600
0f00
0500
f600
0f00
0f00
f600
0a00
1400
f600
fb00
0a00
f600
0000
0f00
f600
fb00
1400
0500
f100
fb00
fb00
fb00
0500
fb00
f600
0000
fb00
fb00
0500
fb00
fb00
0f00
fb00
ec00
0500
fb00
f100
0f00
0500
f600
0a00
fb00
f100
0500
f600
fb00
1900
0000
ec00
0f00
0a00
e700
0000
0f00
f100
0000
0a00
e700
fb00
1400
f100
fb00
1400
ec00
fb00
1900
f100
f600
1400
f600
fb00
1400
f100
f600
1400
f100
f100
1900
fb00
ec00
0f00
0000
ec00
0a00
0500
f100
0a00
0a00
f600
0500
0500
ec00
0000
0000
ec00
0a00
0500
f600
0500
f600
e700
0500
0000
e200
0000
0a00
f600
0000
f600
e700
0500
0500
e700
fb00
0a00
ec00
fb00
0a00
e700
f600
1400
f100
f600
1400
f100
ec00
0a00
f600
f600
0f00
f600
f600
0a00
f100
f600
0a00
f600
f600
0500
ec00
f100
0f00
ec00
e700
0f00
0000
ec00
0f00
0500
e200
0500
0a00
ec00
0000
0000
f100
0500
fb00
e700
0000
0000
f100
0500
fb00
f100
1400
0a00
e700
0500
1400
ec00
f600
1400
fb00
f600
0500
f600
0000
1400
f600
fb00
1e00
0000
fb00
1900
0000
fb00
1900
0000
f100
1400
0500
ec00
0f00
0f00
f100
0a00
1400
f600
0500
1900
0500
0000
0a00
0a00
0000
0000
0000
0500
0a00
0000
fb00
f880
fd80
0780
0280
0280
0f00
0780
f600
fb00
0280
fb00
0000
0a00
fb00
fd80
0500
0000
0000
fd80
fb00
0780
0a00
f880
f880
0780
fd80
f100
fb00
0780
0500
fb00
0000
0280
0780
0a00
0280
0a00
0000
f880
0a00
0a00
fd80
0000
0500
0000
0000
0780
0500
04b0
10e5
05d6
fb78
0840
07bc
0740
044c
ff07
0416
0654
036e
00b7
0aab
0a00
fa60
0780
0c80
f880
0280
0a00
f100
f880
0f00
f880
f600
0780
f880
f380
0780
f880
f600
1400
0000
ec00
0500
0000
f600
0a00
fb00
f100
0f00
0500
f100
0f00
0500
ec00
0a00
0500
ec00
0a00
0f00
f100
0500
0a00
f100
0000
0500
ec00
fb00
0a00
f600
fb00
0f00
0000
0000
0a00
0280
0a00
0c80
fb00
0000
0f00
fd80
f880
0780
0000
0280
0780
0000
0000
0280
fb00
fb00
fd80
f380
fb00
0780
0280
0280
0a00
0280
fb00
0780
0500
f600
0a00
1400
0000
0500
0a00
fb00
0a00
0f00
f100
0000
1400
f600
fb00
1400
0000
fb00
0f00
0000
f600
0500
fb00
fb00
0a00
fb00
fb00
1400
0500
f100
0500
0500
fb00
0500
0280
fb00
0a00
0280
f380
0780
0f00
fb00
fd80
0780
fb00
fb00
0280
f380
f600
0c80
0000
f600
0a00
fb00
ec00
0000
f600
f600
0a00
fb00
f100
0a00
fb00
e700
0500
0500
f600
0500
0000
f100
0000
fb00
f100
0500
fb00
ec00
0000
0500
f600
fb00
f600
ec00
fd80
0280
f100
fd80
0780
f880
0280
0780
f380
0280
0c80
f880
0280
0500
fb00
0a00
0a00
0000
0500
fb00
f100
0a00
0f00
f100
fb00
1400
0500
f600
0000
fb00
fb00
0f00
0000
f380
1180
1180
fb00
0c80
0c80
f600
0c80
0c80
f600
0a00
0f00
f880
0280
0a00
f100
0000
1400
f600
0000
1900
0500
fb00
0500
f600
fb00
1400
0000
f100
0f00
0a00
f380
0280
fd80
f380
0780
0a00
0280
0500
0280
0500
0500
f880
0000
0a00
fb00
fd80
0500
f100
f100
0f00
0280
f100
0c80
0500
f100
0000
f880
f600
1180
0780
f100
0780
0f00
f600
0000
0a00
f600
0a00
1400
f100
0000
1900
fb00
fb00
0000
f600
0a00
0500
ec00
0000
1400
fb00
f600
0a00
f600
fb00
1400
f600
f100
0f00
0000
f100
0a00
0500
f100
0a00
0500
ec00
0000
0a00
fb00
0000
0a00
fb00
0000
0a00
fb00
0000
0500
0500
0000
fb00
fd80
0500
fb00
f100
0280
0500
fb00
0000
fd80
fb00
0280
fd80
fb00
0a00
0a00
f880
f600
0280
0000
fb00
0500
0500
0000
0780
0000
ee80
f880
0280
f600
fb00
0550
fffb
fffb
04fb
04ab
ff60
fa6a
fac3
fb17
fb65
f1ae
ed93
07b9
023d
f319
02e7
0000
fd80
0500
f600
f600
0c80
0a00
fb00
0280
0500
f880
0280
0000
f600
0500
0c80
0280
0000
0c80
0000
f100
fd80
0000
fd80
0780
0000
f880
0a00
0280
f600
0000
0280
f600
f600
0280
fd80
f880
0500
fd80
fb00
0a00
0000
f600
0280
fd80
f100
fb00
0000
f380
f948
0133
f720
f2ae
0003
fd82
f129
f996
03fd
f4bc
edf0
f911
fc00
0640
035c
f100
0000
0a00
f880
ee80
0500
0f00
fb00
0500
0a00
f600
0280
0500
fb00
0c80
0a00
f600
0000
0a00
0000
0a00
0f00
f600
0500
1400
f100
0000
1400
f600
0500
1e00
fb00
fb00
1400
fb00
f600
0f00
fb00
fb00
1900
0500
f600
1400
0a00
fb00
0a00
0500
f600
fd80
0000
f380
0000
0780
f880
0280
0c80
fb00
fd80
0a00
f380
f100
0c80
0500
fd80
0a00
0500
0000
0a00
0000
fb00
0f00
0500
f100
0f00
0a00
f100
0a00
0500
e700
fb00
0500
ec00
fb00
0500
f600
0000
fb00
ec00
0500
0a00
e700
fb00
0f00
ec00
fb00
1400
f600
0000
0500
e200
fb00
0f00
e700
f100
0a00
e200
e200
0500
ec00
e700
0a00
f600
ec00
0a00
f600
e700
0a00
fb00
e700
0a00
0000
e200
0500
0500
e700
fb00
0a00
fb00
0500
0000
ec00
0a00
1900
f100
f600
0a00
ec00
f600
0f00
f600
0500
1e00
fb00
fb00
1400
f600
ec00
0f00
0000
f600
1400
0000
f100
0a00
0500
f600
0500
fb00
f600
0f00
0000
0000
2300
0f00
fb00
1900
0f00
f100
0a00
1400
fb00
0a00
1400
f600
0500
1e00
0280
fb00
0c80
0280
0000
0780
fb00
0000
0c80
0280
0280
0500
0000
0280
0280
f600
fb00
0f00
0000
f600
0500
fb00
fb00
0000
f600
0500
0f00
f600
f600
1400
0500
ec00
fd80
0000
f100
0000
fd80
ee80
0a00
0c80
f600
0a00
0f00
f600
f880
fd80
fb00
fd80
f880
f600
fd80
0280
0000
fd80
0000
f600
f880
0280
f380
f380
0280
fb00
f600
0280
0258
f332
fdfe
fe1e
ef3c
ff48
0e54
f96e
f9d7
0439
f9f5
0956
0dc0
f8e4
0d55
1b80
f600
f600
1900
0000
ec00
0f00
0500
f600
1400
0500
f100
0f00
0a00
f100
0500
0f00
0000
0500
0000
fb00
0f00
0a00
0000
0a00
0500
0500
1900
1400
f600
fb00
1400
0000
fb00
1400
0500
0000
1400
fb00
ec00
0f00
0a00
fb00
0a00
0500
0000
0f00
0000
f600
0780
0280
f880
0780
0280
f600
0280
0500
f380
0000
1180
fb00
fd80
0500
f380
0500
0500
ec00
0500
0f00
f100
fb00
0a00
f100
fb00
0a00
f600
fb00
0a00
f600
f600
0f00
f600
ec00
0f00
f600
ec00
1400
0500
f100
0f00
0000
ec00
0a00
0500
f100
0a00
0a00
f100
0500
0c80
fb00
0f00
0c80
f380
fd80
0000
f380
0280
fd80
f380
0c80
0780
f100
0000
0780
ee80
f600
0c80
0000
0280
0a00
f380
f100
0280
fd80
f380
fd80
0000
f600
fe20
083e
053a
ffe6
fd67
f890
f187
f4ee
fa9f
f5f5
fb96
fe5c
f976
f9de
fa40
f81c
f600
fb00
fd80
0280
fd80
0000
0a00
fd80
0000
0500
f600
0500
0a00
f100
0000
0f00
f100
f600
1900
0000
ec00
0f00
0a00
f100
0500
0f00
fb00
0000
0500
f600
0000
0f00
f600
f100
0a00
0c80
0500
fd80
fb00
0500
0500
f100
f880
0f00
0000
fb00
0a00
f880
ec00
0500
0500
f600
0f00
1900
fb00
0000
1400
fb00
f100
0f00
0000
f600
0a00
0500
f600
0500
0500
f100
f600
0280
fd80
f880
fd80
fb00
0280
1180
f880
f100
0280
f380
f380
0780
0000
fd80
0a00
fd80
f380
fd80
0280
0000
f880
0000
0500
f880
0000
0a00
f600
f600
0f00
0280
f880
0780
0500
0000
0500
0000
fd80
0a00
0000
f380
0780
0a00
f600
0000
1180
fd80
f600
0780
0000
f380
0000
0000
f600
0280
0500
f600
0000
0780
fd80
fd80
0000
fb00
fd80
0500
0280
0280
0780
fd80
f600
0280
fd80
f600
0500
0000
fb00
0550
fafb
fb4b
0a96
faec
fb3d
0088
f680
0118
0606
f1a5
018b
1572
051a
04c9
0a00
ec00
ec00
0a00
fb00
f100
0f00
0500
fb00
0500
f600
f100
0a00
0a00
fb00
0000
0780
fd80
fd80
0280
fd80
f880
fd80
0000
fb00
fd80
0280
fd80
fd80
0a00
0280
fb00
0280
fd80
fb00
fd80
0000
0000
f880
f880
0000
fb00
f100
fd80
0280
f380
0280
0a00
f880
0000
0a00
f600
fb00
0a00
0000
0000
0280
fd80
0000
0000
0000
0780
0500
0000
0500
0500
fd80
0000
0280
fd80
0f00
1180
f880
0500
0c80
f880
0000
0000
f600
0a00
0c80
f880
0000
0500
fb00
0280
0500
0780
0c80
0280
f880
0000
0500
fd80
0280
0500
ffb0
ffb5
fab9
000d
0f0c
041b
f9d9
093b
08a7
f91c
0d8a
11b1
f796
071c
1aaa
ffff
f880
0a00
fd80
f880
0780
0780
0500
0780
0a00
0780
fb00
0280
0780
0000
0000
0280
0500
0280
fb00
fb00
0500
fd80
f380
0500
0500
f880
0a00
0f00
f600
0000
0c80
f100
f100
0500
f600
f380
0780
f600
f600
0f00
fd80
f380
0c80
0780
f880
0500
fd80
f600
0780
0000
f380
0500
0280
f380
0280
0000
f100
0000
0780
0280
0500
0280
fb00
fd80
0a00
0000
f100
0500
1400
0500
0000
0500
f600
fb00
0500
f100
f600
1400
0a00
f600
0280
0500
fb00
fb00
f600
f100
0780
0c80
f380
f880
0c80
fd80
f380
0500
0280
fb00
0280
f600
f100
fd80
fd80
f880
f880
fb00
fb00
0280
fb00
f380
0500
fd80
f100
0000
0000
f100
0280
0a00
f380
fd80
0500
f100
f380
0500
fb00
f600
0280
0780
0280
f600
f560
fc4a
fdc5
fca9
fcde
fe50
fd2b
fd58
03c2
0385
fe4d
04a7
045c
fc96
f90d
fd3b
0280
0000
0280
0500
0000
fb00
f880
0280
0280
fd80
0780
0000
fb00
0000
0000
fd80
0280
0780
f880
fb00
0280
fb00
fd80
0c80
0780
0280
0a00
0280
f880
fd80
0500
f880
f100
0000
0500
0500
0a00
0000
fb00
0f00
0500
f100
0500
0500
f600
0000
0000
fb00
0550
fafb
e74b
f7d6
0258
f832
f8ae
0323
f8f1
f461
ff1b
f029
f626
05c3
f667
f700
0a00
fb00
f100
0a00
0000
e700
0500
0a00
ec00
fb00
0500
f100
0000
0f00
f100
fb00
1400
f600
f100
0500
f600
fb00
0a00
f100
f100
0a00
fb00
0000
1900
0000
0000
1900
f600
ec00
1400
0500
f100
0f00
0a00
f600
0a00
0500
fb00
0f00
0500
f600
0500
0000
fb00
0a00
fb00
f600
0a00
f600
f100
0f00
0a00
0000
0f00
0000
f600
0a00
0f00
fb00
0500
1400
0a00
0a00
0a00
0000
0500
0a00
f600
fb00
0f00
fb00
f600
0a00
0500
f100
fb00
0500
f600
fb00
fd80
fb00
0780
0500
f880
fb00
0c80
0a00
0000
0500
0000
fb00
0500
0280
0000
0a00
0000
f380
fb00
fd80
fd80
0280
fb00
0000
0c80
0500
0000
0a00
0a00
0280
fd80
0000
0c80
0280
fb00
0c80
0c80
fd80
fb00
0780
0a00
f600
f600
0280
0280
0280
0280
0000
0000
0a00
0500
f380
0780
0c80
f880
0280
0500
f880
0280
0280
fb00
0a00
0f00
0500
0f00
0f00
f600
0000
0f00
fb00
0000
0a00
f600
0a00
1400
f600
0500
1400
fb00
0500
0f00
f600
0000
0a00
f600
fb00
0500
f100
f600
0a00
fb00
fb00
0c80
0a00
0000
0000
fd80
0280
0780
f100
f100
0a00
0000
f380
fb00
0280
0c80
fd80
ec00
0000
0500
ec00
fb00
1400
0000
0500
0f00
f600
0000
0a00
f100
f600
0500
fb00
0280
0a00
fd80
0280
0780
f600
f880
0a00
f880
f600
0c80
fb00
f600
0a00
0500
f600
f6a0
fc36
fef2
0182
f76a
fcf3
0724
fa31
fd0e
073d
fcc8
f7fc
04fc
ffac
ee31
fe4d
0a00
0000
0000
0000
f600
fb00
0000
ec00
f600
0f00
fb00
fb00
1400
0500
f600
0a00
0000
f380
1180
0a00
f100
0780
0500
ee80
0f00
1180
f100
0500
0f00
f380
0000
1180
f600
0000
1400
f600
f600
0f00
0500
fb00
0500
0500
0000
0000
0000
f600
fb00
0a00
06e0
fc72
01aa
0690
0127
0114
f982
feea
0dfb
031b
fde9
0a8a
0262
04bb
10ef
00e0
0500
1400
fb00
f600
0f00
fb00
ec00
0500
0500
f100
0500
1400
f600
0000
1400
fb00
0000
0a00
fb00
0500
0780
f600
0500
0f00
fb00
0000
0780
fd80
0500
0f00
fd80
f880
1400
0a00
fb00
0f00
0500
f600
0a00
0500
fb00
0f00
0500
fb00
1900
1400
f100
0000
0f00
fb00
0000
0500
f100
fb00
0000
f100
fb00
0000
fb00
0500
0000
fb00
0000
0000
f9c0
ff24
0431
fdae
fb53
f7dd
f85f
ff19
0067
0420
051e
010c
00fb
04ab
fce0
ff92
1180
0000
f380
0500
0a00
f600
f600
0000
fd80
0280
fd80
f880
0280
0000
f880
fd80
0528
ffd5
04d8
0e8a
fc21
fedf
08f0
fbe1
03a3
0d68
0511
fd40
ffec
f86d
ec65
f51f
fd80
0280
0280
f880
0000
0f00
0000
f100
fb00
fb00
f600
0000
fd80
f100
0280
0a00
f100
fb00
0780
0000
0780
0000
f600
0280
0000
ee80
fb00
1180
0280
fb00
0000
f880
fd80
0280
f880
fb00
0c80
0a00
fb00
0000
0500
0780
0500
f100
f380
0000
0000
fd80
f880
0000
0780
fd80
f880
0780
0280
f880
0a00
0780
fd80
1180
0f00
fb00
0500
fd80
f880
0500
f600
f880
0780
0280
0280
0780
0500
0500
0280
f600
fd80
0a00
f880
fd80
0a00
f880
fb00
0780
f600
f600
0c80
0000
f880
0780
0280
fd80
0280
0280
fd80
fd80
f600
0000
0a00
f880
f880
0a00
0780
f880
0280
0780
0280
0780
fb00
f380
0f00
0f00
ec00
fb00
0f00
f100
fb00
0f00
f600
0500
0a00
f100
0500
0500
ec00
0a00
0a00
e700
0000
0a00
ec00
0000
0a00
f100
0000
0a00
ec00
f600
0f00
fb00
f600
0a00
fb00
f100
fd80
f380
f100
0780
0280
f880
1180
0a00
f100
0000
0780
f380
f100
0780
0a00
0280
0000
0280
0500
0000
f600
f880
0a00
0500
f600
fb00
0280
fd80
0000
0000
f100
f880
fdf8
ea18
f076
006e
fb67
fbb0
00f5
fbe5
0127
fc14
ed52
f87d
fdf5
f916
fe84
f99b
fc81
06b9
03cd
f70f
fa1e
01fc
fa5c
f836
f3b2
f976
015f
f9c8
f7ac
fab1
f885
f8fd
0780
0500
f880
0280
0c80
fb00
f600
0780
0500
fd80
0500
fd80
fb00
0780
fd80
f100
0000
0a00
0780
0780
0a00
0780
0780
0500
0000
0780
0280
0280
0780
fd80
fd80
0c80
0500
ee80
0280
1180
0280
0280
0f00
0780
0000
0f00
0000
ee80
0000
0a00
fb00
f600
fd80
0500
0780
0280
0780
0c80
fd80
0280
0780
f380
fd80
0f00
fb00
f100
0780
0500
f100
fb00
fd80
f600
0280
0280
f380
f880
0500
f880
ee80
fd80
0500
f880
fd80
0280
fd80
0280
0280
0000
0a00
0280
f380
fd80
0500
fd80
0280
0500
fd80
0280
0280
fb00
0000
f880
f600
0a00
0780
fb00
0780
0780
0000
0c80
0280
f600
0c80
0a00
f380
0500
0500
f100
0500
0a00
f600
0500
0500
fb00
0a00
fb00
ec00
0f00
0500
ec00
0f00
0a00
ec00
0a00
0500
ec00
0a00
0f00
f100
0500
0a00
f600
0500
fb00
ec00
0f00
0f00
ec00
0000
0f00
ec00
fb00
0f00
ec00
f600
1400
f600
f100
0a00
0000
f600
0500
0000
fb00
0000
f880
fd80
0a00
0280
fb00
0280
0780
0280
0500
fd80
f600
0780
0a00
fd80
0280
0f00
0280
f880
0780
0280
f880
0000
0780
fb00
0280
0f00
0000
0000
fd80
f880
0a00
0000
f100
0a00
0a00
f600
0000
fb00
f100
0a00
0a00
f100
0500
1400
fb00
0500
0f00
fb00
0500
0f00
f600
0000
0f00
f600
fb00
1400
0000
fb00
0f00
0000
fb00
0a00
0500
0000
0500
0000
fb00
0a00
0500
f600
0280
0a00
0780
0780
f880
f880
0500
0780
0780
0000
fb00
0000
0500
0000
f100
f100
0500
0000
ec00
fb00
0a00
f100
fb00
0f00
f600
f600
0f00
fb00
f600
0500
f100
f600
1400
0000
f100
0a00
0000
fb00
0a00
0000
0000
0c80
01b8
f79c
ffa2
fd27
fd54
ffff
027f
09d7
0939
fea5
febb
064f
fe69
0382
0d4a
fff5
0276
09ce
fcb1
f065
f65f
05f8
0599
f63f
fbda
0d9d
0542
f5ee
fb8f
f6d5
ed68
fb00
0000
f380
fd80
0500
f100
fb00
0500
f100
f600
0000
fb00
fd80
0280
fd80
0280
0a00
0000
0280
0500
f880
f880
0780
fd80
f880
0780
f880
f600
0500
fb00
f380
0a00
0a00
f600
0500
0280
f380
f880
fb00
fd80
fd80
0780
0000
fb00
0780
fb00
fd80
0f00
fd80
f600
0780
fd80
f380
0a00
0780
f100
0500
0a00
fb00
0780
0500
f380
0280
0a00
f600
0000
1180
0500
0280
0780
0000
0780
0780
0000
0c80
0c80
0280
0000
0500
0280
f600
fb00
0000
f600
0000
1400
0000
f600
0f00
0a00
0000
0a00
0500
0000
0a00
0500
fb00
0000
0280
0500
0500
0780
0500
0280
0280
f600
f380
0500
0c80
0000
0000
0780
0000
0780
0a00
fd80
fd80
0280
fb00
0000
0c80
0000
f600
0280
0a00
0000
fb00
0280
03c0
0280
fec0
0280
0640
0140
0500
03c0
0140
fd80
fc40
03c0
fd80
fd80
0280
fec0
0500
0a00
fd80
f600
0780
0780
f380
0500
0f00
fb00
0280
0a00
f600
fb00
0780
f880
fb00
0500
f600
0500
0f00
f100
0000
0f00
f100
0000
0f00
ec00
fb00
1900
f600
f600
1900
0000
fb00
0f00
f600
f100
0500
f600
f600
0f00
0000
fb00
0f00
fb00
f600
0f00
fd80
f100
0780
0a00
fd80
0500
0000
f600
0500
0000
f880
0c80
0000
ee80
0280
0280
f100
0500
0a00
f100
fb00
0a00
ec00
e700
0000
fb00
fb00
0f00
0000
f100
0a00
0500
f100
0500
0500
0000
0500
f100
f600
1400
0000
f100
0500
0000
fb00
0a00
fb00
f600
1400
0a00
f600
0a00
0500
fb00
0500
fb00
f600
0500
fb00
fb00
0f00
f600
fb00
1400
f600
f100
1400
0000
e700
0a00
1400
f600
0000
0f00
f600
f600
0500
f100
f600
0f00
fb00
f880
0a00
fb00
fb00
0500
f600
0000
0c80
f600
f600
0a00
f880
ee80
0780
0280
f380
0000
0000
fb00
0000
0500
fd80
f600
fb00
fb00
0000
fd80
f380
fd80
f600
f600
0500
fd80
f100
f880
0500
0280
f880
fb00
0500
fd80
fb00
0500
0280
fb00
0280
0780
fb00
f100
0280
0780
f380
0000
0a00
f600
0000
0780
f880
fd80
1180
0280
f100
0000
fd80
f880
0640
08c0
0280
0500
0500
fb00
fd80
0640
0140
fd80
0280
fc40
fd80
03c0
0000
0000
0280
fd80
fd80
0500
fd80
f600
0a00
0500
ee80
fd80
0f00
fd80
f600
0780
0000
fb00
0c80
fd80
f880
0780
0000
0280
0500
f880
0500
0780
f600
0a00
0f00
f600
0500
0a00
0000
0f00
0500
f600
0f00
0a00
ec00
0000
0f00
f600
0000
0f00
0000
0500
0a00
0000
0500
1400
0500
0500
1400
0000
f600
0a00
0000
f600
0a00
0a00
f600
0000
0a00
f600
0500
0c80
f380
0500
0a00
ee80
fb00
0500
f600
fb00
0280
f600
0000
0c80
f880
0000
0f00
fb00
f880
0780
fb00
f880
0000
fb00
0000
0280
f380
fb00
0280
f880
0280
0c80
f600
f880
0c80
fd80
f380
0000
0500
0500
0280
fb00
0500
0280
f600
0780
0280
f100
0280
0a00
f600
f600
0280
fb00
fd80
0a00
0000
fd80
0280
f880
0000
0a00
fb00
0000
0c80
fb00
f600
0780
fd80
f600
0f00
0000
ee80
0780
0500
f380
0780
1180
f600
0000
0f00
f100
0000
0a00
f100
0500
0a00
ec00
fb00
1400
fb00
f600
0a00
f600
fb00
1900
0000
f100
1400
0500
e700
fb00
0000
f600
0500
0500
f600
0000
0500
fb00
0280
fb00
fb00
0f00
0500
f880
0500
0280
f880
0280
fd80
f880
0c80
0280
f600
0280
0780
f880
f600
0280
fb00
fd80
0a00
fd80
0000
1180
f880
ee80
0a00
0280
f100
0280
0a00
0280
0a00
0000
f880
1180
0780
f380
0a00
0a00
f880
0000
0500
0500
1180
0500
f880
0f00
0a00
f380
fb00
0280
fd80
0a00
0f00
0500
0280
0280
0280
0000
fd80
fb00
0500
0780
f600
fb00
0500
f380
fd80
0c80
f380
f880
0780
ee80
f380
0a00
f600
f100
0a00
fb00
ec00
0a00
0500
ec00
0000
0500
f600
0500
0000
f600
0a00
0500
fb00
0500
fb00
ec00
0500
0f00
fb00
0000
0a00
fb00
f600
0000
0000
0000
0000
f100
fb00
0a00
f880
f600
0780
0500
fd80
f880
f100
fd80
0500
f100
f880
0c80
0000
fd80
fd80
f380
fbc8
010b
fe7a
0892
0808
fd88
fdaf
0054
004e
0549
0274
facd
fda0
0546
faf1
f3c2
0780
0c80
0000
0280
0a00
fd80
0000
0a00
f600
fb00
0a00
f880
f880
0280
0280
0000
fb00
0000
0a00
0500
fb00
0a00
0500
f600
0f00
1900
fb00
f600
0500
0500
0000
0000
fb00
0500
1180
fb00
f380
0a00
0780
0000
0500
f600
f880
0c80
fb00
f380
0780
0000
0280
0780
f880
fd80
0c80
0280
f600
0780
0780
f600
0280
0c80
0280
0000
0500
0780
0280
f600
fd80
0500
fd80
0500
1180
0500
fd80
0c80
0a00
fd80
0000
0500
0280
0280
fb00
0780
0000
fb00
0a00
fd80
fd80
0c80
fb00
f880
0500
f600
fb00
0780
f600
fb00
0a00
0000
fb00
0500
0500
0a00
0500
fb00
0500
0f00
fb00
fb00
0a00
f600
f600
1400
0280
f600
1180
0780
ee80
0780
0280
ee80
0c80
0a00
f100
0000
0780
f600
fd80
0780
f880
0000
0f00
f880
f100
0280
0500
f600
f880
0280
fb00
0000
0000
ee80
0000
0a00
ec00
f600
0500
ec00
f100
0500
f100
f100
0f00
fb00
f100
1400
0f00
f600
0500
0500
f100
f880
fd80
f600
0280
0a00
fd80
fd80
0000
f880
fd80
0780
fb00
fd80
0c80
0280
f600
0280
0500
fb00
0780
0780
f380
fb00
0c80
fd80
f880
0500
fd80
fb00
0000
f600
f380
0280
fd80
f380
fd80
f880
f380
0500
fb00
ee80
0500
0280
f380
0500
1180
f600
f100
0780
0280
fd80
0500
0280
fd80
0500
0280
fd80
0c80
0a00
fb00
0a00
0a00
f600
0000
0500
fb00
fd80
0c80
0f00
0000
0780
0c80
0780
0000
0280
0c80
fd80
fd80
0f00
fb00
f380
0a00
0500
f880
0a00
0780
fd80
0500
f880
f600
0780
0500
f600
0a00
0f00
f600
0500
0500
f100
0a00
0f00
f100
0000
1400
fb00
fb00
0f00
0000
fb00
0a00
fb00
f600
0500
f100
f600
0a00
f600
fb00
1400
0000
fb00
1900
0a00
f600
0f00
0500
ec00
0780
0c80
f100
0c80
1180
f600
0780
0280
f100
0a00
0500
fb00
0c80
fd80
fb00
0f00
fb00
f100
0780
fb00
ee80
fd80
f600
f600
0780
0000
f380
0780
0c80
f600
fd80
0780
0000
0500
0000
f600
0a00
0500
ec00
fb00
0f00
f600
fb00
0f00
0500
fb00
0500
0500
fb00
fb00
fb00
0000
0a00
fb00
0000
1400
fb00
0000
1400
fb00
0000
1400
fb00
f600
0f00
fb00
f600
1400
0500
f600
0a00
0500
f600
0500
0500
fb00
0500
0500
f600
0000
0a00
f880
fb00
0c80
0500
0280
0c80
fb00
fd80
0f00
f600
f380
0f00
fd80
f100
0780
0000
fb00
0c80
f880
f380
0f00
0780
f880
0a00
0780
f600
0000
0500
fb00
0280
0c80
01b8
ff1c
06aa
febf
f9d3
fcb6
01ea
06cb
fede
fc70
0429
fc66
fc9f
0955
f740
e8cc
fb00
0780
fb00
f600
fb00
fd80
0280
0500
fd80
0000
0780
fd80
0000
0a00
0000
fd80
0c80
0500
fb00
0280
0500
fb00
0000
0500
f880
0780
0a00
fb00
0c80
0a00
f600
fd80
1400
0000
f100
0500
fb00
fb00
0f00
0000
fb00
0a00
fb00
f600
0f00
0500
f600
0f00
0f00
f600
0a00
1400
f600
fb00
0a00
f600
0000
0f00
f600
fb00
1400
0500
f100
fb00
fb00
fb00
0500
fb00
f600
0000
fb00
fb00
0500
fb00
fb00
0f00
fb00
ec00
0500
fb00
f100
0f00
0500
f600
0a00
fb00
f100
0500
f600
fb00
1900
0000
ec00
0f00
0a00
e700
0000
0f00
f100
0000
0a00
e700
fb00
1400
f100
fb00
1400
ec00
fb00
1900
f100
f600
1400
f600
fb00
1400
f100
f600
1400
f100
f100
1900
fb00
ec00
0f00
0000
ec00
0a00
0500
f100
0a00
0a00
f600
0500
0500
ec00
0000
0000
ec00
0a00
0500
f600
0500
f600
ec00
0400
0000
e800
0000
0800
f800
0000
f800
ec00
0400
0400
ec00
fc00
0800
f000
fc00
0800
ec00
f800
1000
f400
f800
1000
f400
f000
0800
f800
f800
0c00
f800
f800
0800
f400
f800
0800
f800
f800
0400
f000
f400
0c00
f000
ec00
0c00
0000
f000
0c00
0400
e800
0400
0800
f000
0000
0000
f400
0400
fc00
ec00
0000
0000
f400
0400
fc00
f400
1000
0800
ec00
0400
1000
f000
f800
1000
fc00
f800
0400
f800
0000
1000
f800
fc00
1800
0000
fc00
1400
0000
fc00
1400
0000
f400
1000
0400
f000
0c00
0c00
f400
0800
1000
f800
0400
1400
0400
0000
0800
0800
0000
0000
0000
0400
0800
0000
fc00
fa00
fe00
0600
0200
0200
0c00
0600
f800
fc00
0200
fc00
0000
0800
fc00
fe00
0400
0000
0000
fe00
fc00
0600
0800
fa00
fa00
0600
fe00
f400
fc00
0600
0400
fc00
0000
0200
0600
0800
0200
0800
0000
fa00
0800
0800
fe00
0000
0400
0000
0000
0600
0400
03c0
0d84
04ab
fc60
069a
0630
05cd
0370
ff39
0345
0510
02bf
0093
0889
0800
fb80
0600
0a00
fa00
0200
0800
f400
fa00
0c00
fa00
f800
0600
fa00
f600
0600
fa00
f800
1000
0000
f000
0400
0000
f800
0800
fc00
f400
0c00
0400
f400
0c00
0400
f000
0800
0400
f000
0800
0c00
f400
0400
0800
f400
0000
0400
f000
fc00
0800
f800
fc00
0c00
0000
0000
0800
0200
0800
0a00
fc00
0000
0c00
fe00
fa00
0600
0000
0200
0600
0000
0000
0200
fc00
fc00
fe00
f600
fc00
0600
0200
0200
0800
0200
fc00
0600
0400
f800
0800
1000
0000
0400
0800
fc00
0800
0c00
f400
0000
1000
f800
fc00
1000
0000
fc00
0c00
0000
f800
0400
fc00
fc00
0800
fc00
fc00
1000
0400
f400
0400
0400
fc00
0400
0200
fc00
0800
0200
f600
0600
0c00
fc00
fe00
0600
fc00
fc00
0200
f600
f800
0a00
0000
f800
0800
fc00
f000
0000
f800
f800
0800
fc00
f400
0800
fc00
ec00
0400
0400
f800
0400
0000
f400
0000
fc00
f400
0400
fc00
f000
0000
0400
f800
fc00
f800
f000
fe00
0200
f400
fe00
0600
fa00
0200
0600
f600
0200
0a00
fa00
0200
0400
fc00
0800
0800
0000
0400
fc00
f400
0800
0c00
f400
fc00
1000
0400
f800
0000
fc00
fc00
0c00
0000
f600
0e00
0e00
fc00
0a00
0a00
f800
0a00
0a00
f800
0800
0c00
fa00
0200
0800
f400
0000
1000
f800
0000
1400
0400
fc00
0400
f800
fc00
1000
0000
f400
0c00
0800
f600
0200
fe00
f600
0600
0800
0200
0400
0200
0400
0400
fa00
0000
0800
fc00
fe00
0400
f400
f400
0c00
0200
f400
0a00
0400
f400
0000
fa00
f800
0e00
0600
f400
0600
0c00
f800
0000
0800
f800
0800
1000
f400
0000
1400
fc00
fc00
0000
f800
0800
0400
f000
0000
1000
fc00
f800
0800
f800
fc00
1000
f800
f400
0c00
0000
f400
0800
0400
f400
0800
0400
f000
0000
0800
fc00
0000
0800
fc00
0000
0800
fc00
0000
0400
0400
0000
fc00
fe00
0400
fc00
f400
0200
0400
fc00
0000
fe00
fc00
0200
fe00
fc00
0800
0800
fa00
f800
0200
0000
fc00
0400
0400
0000
0600
0000
f200
fa00
0200
f800
fc00
0440
fffc
fffc
03fc
03bc
ff80
fb88
fbcf
fc12
fc51
f48b
f142
062e
01cb
f5ae
0253
0000
fe00
0400
f800
f800
0a00
0800
fc00
0200
0400
fa00
0200
0000
f800
0400
0a00
0200
0000
0a00
0000
f400
fe00
0000
fe00
0600
0000
fa00
0800
0200
f800
0000
0200
f800
f800
0200
fe00
fa00
0400
fe00
fc00
0800
0000
f800
0200
fe00
f400
fc00
0000
f600
faa0
00f6
f8e6
f558
0002
fe02
f421
fadf
0331
f6fd
f18d
fa74
fccd
0500
02b0
f400
0000
0800
fa00
f200
0400
0c00
fc00
0400
0800
f800
0200
0400
fc00
0a00
0800
f800
0000
0800
0000
0800
0c00
f800
0400
1000
f400
0000
1000
f800
0400
1800
fc00
fc00
1000
fc00
f800
0c00
fc00
fc00
1400
0400
f800
1000
0800
fc00
0800
0400
f800
fe00
0000
f600
0000
0600
fa00
0200
0a00
fc00
fe00
0800
f600
f400
0a00
0400
fe00
0800
0400
0000
0800
0000
fc00
0c00
0400
f400
0c00
0800
f400
0800
0400
ec00
fc00
0400
f000
fc00
0400
f800
0000
fc00
f000
0400
0800
ec00
fc00
0c00
f000
fc00
1000
f800
0000
0400
e800
fc00
0c00
ec00
f400
0800
e800
e800
0400
f000
ec00
0800
f800
f000
0800
f800
ec00
0800
fc00
ec00
0800
0000
e800
0400
0400
ec00
fc00
0800
fc00
0400
0000
f000
0800
1400
f400
f800
0800
f000
f800
0c00
f800
0400
1800
fc00
fc00
1000
f800
f000
0c00
0000
f800
1000
0000
f400
0800
0400
f800
0400
fc00
f800
0c00
0000
0000
1c00
0c00
fc00
1400
0c00
f400
0800
1000
fc00
0800
1000
f800
0400
1800
0200
fc00
0a00
0200
0000
0600
fc00
0000
0a00
0200
0200
0400
0000
0200
0200
f800
fc00
0c00
0000
f800
0400
fc00
fc00
0000
f800
0400
0c00
f800
f800
1000
0400
f000
fe00
0000
f400
0000
fe00
f200
0800
0a00
f800
0800
0c00
f800
fa00
fe00
fc00
fe00
fa00
f800
fe00
0200
0000
fe00
0000
f800
fa00
0200
f600
f600
0200
fc00
f800
0200
01e0
f5c2
fe65
fe7f
f297
ff6d
0b76
fabf
fb13
0361
fb2b
0778
0b00
fa50
0aab
1600
f800
f800
1400
0000
f000
0c00
0400
f800
1000
0400
f400
0c00
0800
f400
0400
0c00
0000
0400
0000
fc00
0c00
0800
0000
0800
0400
0400
1400
1000
f800
fc00
1000
0000
fc00
1000
0400
0000
1000
fc00
f000
0c00
0800
fc00
0800
0400
0000
0c00
0000
f800
0600
0200
fa00
0600
0200
f800
0200
0400
f600
0000
0e00
fc00
fe00
0400
f600
0400
0400
f000
0400
0c00
f400
fc00
0800
f400
fc00
0800
f800
fc00
0800
f800
f800
0c00
f800
f000
0c00
f800
f000
1000
0400
f400
0c00
0000
f000
0800
0400
f400
0800
0800
f400
0400
0a00
fc00
0c00
0a00
f600
fe00
0000
f600
0200
fe00
f600
0a00
0600
f400
0000
0600
f200
f800
0a00
0000
0200
0800
f600
f400
0200
fe00
f600
fe00
0000
f800
fe80
0698
042e
ffeb
fdec
fa0d
f46c
f725
fbb3
f7f7
fc78
feb0
fac5
fb18
fb66
f9b0
f800
fc00
fe00
0200
fe00
0000
0800
fe00
0000
0400
f800
0400
0800
f400
0000
0c00
f400
f800
1400
0000
f000
0c00
0800
f400
0400
0c00
fc00
0000
0400
f800
0000
0c00
f800
f400
0800
0a00
0400
fe00
fc00
0400
0400
f400
fa00
0c00
0000
fc00
0800
fa00
f000
0400
0400
f800
0c00
1400
fc00
0000
1000
fc00
f400
0c00
0000
f800
0800
0400
f800
0400
0400
f400
f800
0200
fe00
fa00
fe00
fc00
0200
0e00
fa00
f400
0200
f600
f600
0600
0000
fe00
0800
fe00
f600
fe00
0200
0000
fa00
0000
0400
fa00
0000
0800
f800
f800
0c00
0200
fa00
0600
0400
0000
0400
0000
fe00
0800
0000
f600
0600
0800
f800
0000
0e00
fe00
f800
0600
0000
f600
0000
0000
f800
0200
0400
f800
0000
0600
fe00
fe00
0000
fc00
fe00
0400
0200
0200
0600
fe00
f800
0200
fe00
f800
0400
0000
fc00
0440
fbfc
fc3c
0878
fbf0
fc31
006d
f866
00e0
04d2
f484
013c
1128
0415
03d4
0800
f000
f000
0800
fc00
f400
0c00
0400
fc00
0400
f800
f400
0800
0800
fc00
0000
0600
fe00
fe00
0200
fe00
fa00
fe00
0000
fc00
fe00
0200
fe00
fe00
0800
0200
fc00
0200
fe00
fc00
fe00
0000
0000
fa00
fa00
0000
fc00
f400
fe00
0200
f600
0200
0800
fa00
0000
0800
f800
fc00
0800
0000
0000
0200
fe00
0000
0000
0000
0600
0400
0000
0400
0400
fe00
0000
0200
fe00
0c00
0e00
fa00
0400
0a00
fa00
0000
0000
f800
0800
0a00
fa00
0000
0400
fc00
0200
0400
0600
0a00
0200
fa00
0000
0400
fe00
0200
0400
ffc0
ffc4
fbc7
000b
0c0a
0349
fb14
0762
06ec
fa7d
0ad5
0e27
f945
05b0
1555
ffff
fa00
0800
fe00
fa00
0600
0600
0400
0600
0800
0600
fc00
0200
0600
0000
0000
0200
0400
0200
fc00
fc00
0400
fe00
f600
0400
0400
fa00
0800
0c00
f800
0000
0a00
f400
f400
0400
f800
f600
0600
f800
f800
0c00
fe00
f600
0a00
0600
fa00
0400
fe00
f800
0600
0000
f600
0400
0200
f600
0200
0000
f400
0000
0600
0200
0400
0200
fc00
fe00
0800
0000
f400
0400
1000
0400
0000
0400
f800
fc00
0400
f400
f800
1000
0800
f800
0200
0400
fc00
fc00
f800
f400
0600
0a00
f600
fa00
0a00
fe00
f600
0400
0200
fc00
0200
f800
f400
fe00
fe00
fa00
fa00
fc00
fc00
0200
fc00
f600
0400
fe00
f400
0000
0000
f400
0200
0800
f600
fe00
0400
f400
f600
0400
fc00
f800
0200
0600
0200
f800
f780
fd08
fe37
fd54
fd7e
fea6
fdbc
fde0
0302
02d1
fea4
03b9
037d
fd45
fa71
fdc9
0200
0000
0200
0400
0000
fc00
fa00
0200
0200
fe00
0600
0000
fc00
0000
0000
fe00
0200
0600
fa00
fc00
0200
fc00
fe00
0a00
0600
0200
0800
0200
fa00
fe00
0400
fa00
f400
0000
0400
0400
0800
0000
fc00
0c00
0400
f400
0400
0400
f800
0000
0000
fc00
0440
fbfc
ec3c
f978
01e0
f9c2
fa25
0283
fa5a
f6b4
ff49
f354
f81e
049c
f852
f8cd
0800
fc00
f400
0800
0000
ec00
0400
0800
f000
fc00
0400
f400
0000
0c00
f400
fc00
1000
f800
f400
0400
f800
fc00
0800
f400
f400
0800
fc00
0000
1400
0000
0000
1400
f800
f000
1000
0400
f400
0c00
0800
f800
0800
0400
fc00
0c00
0400
f800
0400
0000
fc00
0800
fc00
f800
0800
f800
f400
0c00
0800
0000
0c00
0000
f800
0800
0c00
fc00
0400
1000
0800
0800
0800
0000
0400
0800
f800
fc00
0c00
fc00
f800
0800
0400
f400
fc00
0400
f800
fc00
fe00
fc00
0600
0400
fa00
fc00
0a00
0800
0000
0400
0000
fc00
0400
0200
0000
0800
0000
f600
fc00
fe00
fe00
0200
fc00
0000
0a00
0400
0000
0800
0800
0200
fe00
0000
0a00
0200
fc00
0a00
0a00
fe00
fc00
0600
0800
f800
f800
0200
0200
0200
0200
0000
0000
0800
0400
f600
0600
0a00
fa00
0200
0400
fa00
0200
0200
fc00
0800
0c00
0400
0c00
0c00
f800
0000
0c00
fc00
0000
0800
f800
0800
1000
f800
0400
1000
fc00
0400
0c00
f800
0000
0800
f800
fc00
0400
f400
f800
0800
fc00
fc00
0a00
0800
0000
0000
fe00
0200
0600
f400
f400
0800
0000
f600
fc00
0200
0a00
fe00
f000
0000
0400
f000
fc00
1000
0000
0400
0c00
f800
0000
0800
f400
f800
0400
fc00
0200
0800
fe00
0200
0600
f800
fa00
0800
fa00
f800
0a00
fc00
f800
0800
0400
f800
f880
fcf8
ff28
0135
f922
fd8f
05b6
fb5b
fda5
05ca
fd6d
f996
03fd
ffbd
f1c1
fea4
0800
0000
0000
0000
f800
fc00
0000
f000
f800
0c00
fc00
fc00
1000
0400
f800
0800
0000
f600
0e00
0800
f400
0600
0400
f200
0c00
0e00
f400
0400
0c00
f600
0000
0e00
f800
0000
1000
f800
f800
0c00
0400
fc00
0400
0400
0000
0000
0000
f800
fc00
0800
0580
fd28
0155
0540
00ec
00dd
facf
ff22
0b2f
027c
fe54
086f
01e8
03c9
0d8c
00b3
0400
1000
fc00
f800
0c00
fc00
f000
0400
0400
f400
0400
1000
f800
0000
1000
fc00
0000
0800
fc00
0400
0600
f800
0400
0c00
fc00
0000
0600
fe00
0400
0c00
fe00
fa00
1000
0800
fc00
0c00
0400
f800
0800
0400
fc00
0c00
0400
fc00
1400
1000
f400
0000
0c00
fc00
0000
0400
f400
fc00
0000
f400
fc00
0000
fc00
0400
0000
fc00
0000
0000
fb00
ff50
035b
fe25
fc42
f97e
f9e6
ff47
0053
034d
0418
00d6
00c9
03bc
fd80
ffa8
0e00
0000
f600
0400
0800
f800
f800
0000
fe00
0200
fe00
fa00
0200
0000
fa00
fe00
0420
ffde
03e0
0ba2
fce7
ff19
0727
fcb4
02e9
0aba
040e
fdcd
fff0
f9f1
f051
f74c
fe00
0200
0200
fa00
0000
0c00
0000
f400
fc00
fc00
f800
0000
fe00
f400
0200
0800
f400
fc00
0600
0000
0600
0000
f800
0200
0000
f200
fc00
0e00
0200
fc00
0000
fa00
fe00
0200
fa00
fc00
0a00
0800
fc00
0000
0400
0600
0400
f400
f600
0000
0000
fe00
fa00
0000
0600
fe00
fa00
0600
0200
fa00
0800
0600
fe00
0e00
0c00
fc00
0400
fe00
fa00
0400
f800
fa00
0600
0200
0200
0600
0400
0400
0200
f800
fe00
0800
fa00
fe00
0800
fa00
fc00
0600
f800
f800
0a00
0000
fa00
0600
0200
fe00
0200
0200
fe00
fe00
f800
0000
0800
fa00
fa00
0800
0600
fa00
0200
0600
0200
0600
fc00
f600
0c00
0c00
f000
fc00
0c00
f400
fc00
0c00
f800
0400
0800
f400
0400
0400
f000
0800
0800
ec00
0000
0800
f000
0000
0800
f400
0000
0800
f000
f800
0c00
fc00
f800
0800
fc00
f400
fe00
f600
f400
0600
0200
fa00
0e00
0800
f400
0000
0600
f600
f400
0600
0800
0200
0000
0200
0400
0000
f800
fa00
0800
0400
f800
fc00
0200
fe00
0000
0000
f400
fa00
fe60
ee7a
f392
0058
fc52
fc8d
00c4
fcb7
00ec
fcdd
f10f
f9fe
fe5e
fa78
fed0
fae3
fd34
0561
030a
f8d9
fb4b
0196
fb7d
f9c5
f628
fac5
0119
fb07
f956
fbc1
fa04
fa64
0600
0400
fa00
0200
0a00
fc00
f800
0600
0400
fe00
0400
fe00
fc00
0600
fe00
f400
0000
0800
0600
0600
0800
0600
0600
0400
0000
0600
0200
0200
0600
fe00
fe00
0a00
0400
f200
0200
0e00
0200
0200
0c00
0600
0000
0c00
0000
f200
0000
0800
fc00
f800
fe00
0400
0600
0200
0600
0a00
fe00
0200
0600
f600
fe00
0c00
fc00
f400
0600
0400
f400
fc00
fe00
f800
0200
0200
f600
fa00
0400
fa00
f200
fe00
0400
fa00
fe00
0200
fe00
0200
0200
0000
0800
0200
f600
fe00
0400
fe00
0200
0400
fe00
0200
0200
fc00
0000
fa00
f800
0800
0600
fc00
0600
0600
0000
0a00
0200
f800
0a00
0800
f600
0400
0400
f400
0400
0800
f800
0400
0400
fc00
0800
fc00
f000
0c00
0400
f000
0c00
0800
f000
0800
0400
f000
0800
0c00
f400
0400
0800
f800
0400
fc00
f000
0c00
0c00
f000
0000
0c00
f000
fc00
0c00
f000
f800
1000
f800
f400
0800
0000
f800
0400
0000
fc00
0000
fa00
fe00
0800
0200
fc00
0200
0600
0200
0400
fe00
f800
0600
0800
fe00
0200
0c00
0200
fa00
0600
0200
fa00
0000
0600
fc00
0200
0c00
0000
0000
fe00
fa00
0800
0000
f400
0800
0800
f800
0000
fc00
f400
0800
0800
f400
0400
1000
fc00
0400
0c00
fc00
0400
0c00
f800
0000
0c00
f800
fc00
1000
0000
fc00
0c00
0000
fc00
0800
0400
0000
0400
0000
fc00
0800
0400
f800
0200
0800
0600
0600
fa00
fa00
0400
0600
0600
0000
fc00
0000
0400
0000
f400
f400
0400
0000
f000
fc00
0800
f400
fc00
0c00
f800
f800
0c00
fc00
f800
0400
f400
f800
1000
0000
f400
0800
0000
fc00
0800
0000
0000
0a00
0160
f94a
ffb5
fdb9
fddd
ffff
01ff
07df
0761
feeb
fefc
050c
febb
02cf
0aa2
fff7
01f8
07d8
fd5a
f384
f84c
04c7
047a
f832
fcaf
0ae4
0435
f7f2
fc72
f8ab
f120
fc00
0000
f600
fe00
0400
f400
fc00
0400
f400
f800
0000
fc00
fe00
0200
fe00
0200
0800
0000
0200
0400
fa00
fa00
0600
fe00
fa00
0600
fa00
f800
0400
fc00
f600
0800
0800
f800
0400
0200
f600
fa00
fc00
fe00
fe00
0600
0000
fc00
0600
fc00
fe00
0c00
fe00
f800
0600
fe00
f600
0800
0600
f400
0400
0800
fc00
0600
0400
f600
0200
0800
f800
0000
0e00
0400
0200
0600
0000
0600
0600
0000
0a00
0a00
0200
0000
0400
0200
f800
fc00
0000
f800
0000
1000
0000
f800
0c00
0800
0000
0800
0400
0000
0800
0400
fc00
0000
0200
0400
0400
0600
0400
0200
0200
f800
f600
0400
0a00
0000
0000
0600
0000
0600
0800
fe00
fe00
0200
fc00
0000
0a00
0000
f800
0200
0800
0000
fc00
0200
0300
0200
ff00
0200
0500
0100
0400
0300
0100
fe00
fd00
0300
fe00
fe00
0200
ff00
0400
0800
fe00
f800
0600
0600
f600
0400
0c00
fc00
0200
0800
f800
fc00
0600
fa00
fc00
0400
f800
0400
0c00
f400
0000
0c00
f400
0000
0c00
f000
fc00
1400
f800
f800
1400
0000
fc00
0c00
f800
f400
0400
f800
f800
0c00
0000
fc00
0c00
fc00
f800
0c00
fe00
f400
0600
0800
fe00
0400
0000
f800
0400
0000
fa00
0a00
0000
f200
0200
0200
f400
0400
0800
f400
fc00
0800
f000
ec00
0000
fc00
fc00
0c00
0000
f400
0800
0400
f400
0400
0400
0000
0400
f400
f800
1000
0000
f400
0400
0000
fc00
0800
fc00
f800
1000
0800
f800
0800
0400
fc00
0400
fc00
f800
0400
fc00
fc00
0c00
f800
fc00
1000
f800
f400
1000
0000
ec00
0800
1000
f800
0000
0c00
f800
f800
0400
f400
f800
0c00
fc00
fa00
0800
fc00
fc00
0400
f800
0000
0a00
f800
f800
0800
fa00
f200
0600
0200
f600
0000
0000
fc00
0000
0400
fe00
f800
fc00
fc00
0000
fe00
f600
fe00
f800
f800
0400
fe00
f400
fa00
0400
0200
fa00
fc00
0400
fe00
fc00
0400
0200
fc00
0200
0600
fc00
f400
0200
0600
f600
0000
0800
f800
0000
0600
fa00
fe00
0e00
0200
f400
0000
fe00
fa00
0500
0700
0200
0400
0400
fc00
fe00
0500
0100
fe00
0200
fd00
fe00
0300
0000
0000
0200
fe00
fe00
0400
fe00
f800
0800
0400
f200
fe00
0c00
fe00
f800
0600
0000
fc00
0a00
fe00
fa00
0600
0000
0200
0400
fa00
0400
0600
f800
0800
0c00
f800
0400
0800
0000
0c00
0400
f800
0c00
0800
f000
0000
0c00
f800
0000
0c00
0000
0400
0800
0000
0400
1000
0400
0400
1000
0000
f800
0800
0000
f800
0800
0800
f800
0000
0800
f800
0400
0a00
f600
0400
0800
f200
fc00
0400
f800
fc00
0200
f800
0000
0a00
fa00
0000
0c00
fc00
fa00
0600
fc00
fa00
0000
fc00
0000
0200
f600
fc00
0200
fa00
0200
0a00
f800
fa00
0a00
fe00
f600
0000
0400
0400
0200
fc00
0400
0200
f800
0600
0200
f400
0200
0800
f800
f800
0200
fc00
fe00
0800
0000
fe00
0200
fa00
0000
0800
fc00
0000
0a00
fc00
f800
0600
fe00
f800
0c00
0000
f200
0600
0400
f600
0600
0e00
f800
0000
0c00
f400
0000
0800
f400
0400
0800
f000
fc00
1000
fc00
f800
0800
f800
fc00
1400
0000
f400
1000
0400
ec00
fc00
0000
f800
0400
0400
f800
0000
0400
fc00
0200
fc00
fc00
0c00
0400
fa00
0400
0200
fa00
0200
fe00
fa00
0a00
0200
f800
0200
0600
fa00
f800
0200
fc00
fe00
0800
fe00
0000
0e00
fa00
f200
0800
0200
f400
0200
0800
0200
0800
0000
fa00
0e00
0600
f600
0800
0800
fa00
0000
0400
0400
0e00
0400
fa00
0c00
0800
f600
fc00
0200
fe00
0800
0c00
0400
0200
0200
0200
0000
fe00
fc00
0400
0600
f800
fc00
0400
f600
fe00
0a00
f600
fa00
0600
f200
f600
0800
f800
f400
0800
fc00
f000
0800
0400
f000
0000
0400
f800
0400
0000
f800
0800
0400
fc00
0400
fc00
f000
0400
0c00
fc00
0000
0800
fc00
f800
0000
0000
0000
0000
f400
fc00
0800
fa00
f800
0600
0400
fe00
fa00
f400
fe00
0400
f400
fa00
0a00
0000
fe00
fe00
f600
fca0
00d6
fec8
06db
066d
fe06
fe26
0043
003f
043b
01f7
fbd7
fe1a
0438
fbf4
f635
0600
0a00
0000
0200
0800
fe00
0000
0800
f800
fc00
0800
fa00
fa00
0200
0200
0000
fc00
0000
0800
0400
fc00
0800
0400
f800
0c00
1400
fc00
f800
0400
0400
0000
0000
fc00
0400
0e00
fc00
f600
0800
0600
0000
0400
f800
fa00
0a00
fc00
f600
0600
0000
0200
0600
fa00
fe00
0a00
0200
f800
0600
0600
f800
0200
0a00
0200
0000
0400
0600
0200
f800
fe00
0400
fe00
0400
0e00
0400
fe00
0a00
0800
fe00
0000
0400
0200
0200
fc00
0600
0000
fc00
0800
fe00
fe00
0a00
fc00
fa00
0400
f800
fc00
0600
f800
fc00
0800
0000
fc00
0400
0400
0800
0400
fc00
0400
0c00
fc00
fc00
0800
f800
f800
1000
0200
f800
0e00
0600
f200
0600
0200
f200
0a00
0800
f400
0000
0600
f800
fe00
0600
fa00
0000
0c00
fa00
f400
0200
0400
f800
fa00
0200
fc00
0000
0000
f200
0000
0800
f000
f800
0400
f000
f400
0400
f400
f400
0c00
fc00
f400
1000
0c00
f800
0400
0400
f400
fa00
fe00
f800
0200
0800
fe00
fe00
0000
fa00
fe00
0600
fc00
fe00
0a00
0200
f800
0200
0400
fc00
0600
0600
f600
fc00
0a00
fe00
fa00
0400
fe00
fc00
0000
f800
f600
0200
fe00
f600
fe00
fa00
f600
0400
fc00
f200
0400
0200
f600
0400
0e00
f800
f400
0600
0200
fe00
0400
0200
fe00
0400
0200
fe00
0a00
0800
fc00
0800
0800
f800
0000
0400
fc00
fe00
0a00
0c00
0000
0600
0a00
0600
0000
0200
0a00
fe00
fe00
0c00
fc00
f600
0800
0400
fa00
0800
0600
fe00
0400
fa00
f800
0600
0400
f800
0800
0c00
f800
0400
0400
f400
0800
0c00
f400
0000
1000
fc00
fc00
0c00
0000
fc00
0800
fc00
f800
0400
f400
f800
0800
f800
fc00
1000
0000
fc00
1400
0800
f800
0c00
0400
f000
0600
0a00
f400
0a00
0e00
f800
0600
0200
f400
0800
0400
fc00
0a00
fe00
fc00
0c00
fc00
f400
0600
fc00
f200
fe00
f800
f800
0600
0000
f600
0600
0a00
f800
fe00
0600
0000
0400
0000
f800
0800
0400
f000
fc00
0c00
f800
fc00
0c00
0400
fc00
0400
0400
fc00
fc00
fc00
0000
0800
fc00
0000
1000
fc00
0000
1000
fc00
0000
1000
fc00
f800
0c00
fc00
f800
1000
0400
f800
0800
0400
f800
0400
0400
fc00
0400
0400
f800
0000
0800
fa00
fc00
0a00
0400
0200
0a00
fc00
fe00
0c00
f800
f600
0c00
fe00
f400
0600
0000
fc00
0a00
fa00
f600
0c00
0600
fa00
0800
0600
f800
0000
0400
fc00
0200
0a00
0160
ff4a
0555
feff
fb0f
fd5e
0188
056f
ff18
fd26
0354
fd1e
fd4c
0777
f900
ed70
fc00
0600
fc00
f800
fc00
fe00
0200
0400
fe00
0000
0600
fe00
0000
0800
0000
fe00
0a00
0400
fc00
0200
0400
fc00
0000
0400
fa00
0600
0800
fc00
0a00
0800
f800
fe00
1000
0000
f400
0400
fc00
fc00
0c00
0000
fc00
0800
fc00
f800
0c00
0400
f800
0c00
0c00
f800
0800
1000
f800
fc00
0800
f800
0000
0c00
f800
fc00
1000
0400
f400
fc00
fc00
fc00
0400
fc00
f800
0000
fc00
fc00
0400
fc00
fc00
0c00
fc00
f000
0400
fc00
f400
0c00
0400
f800
0800
fc00
f400
0400
f800
fc00
1400
0000
f000
0c00
0800
ec00
0000
0c00
f400
0000
0800
ec00
fc00
1000
f400
fc00
1000
f000
fc00
1400
f400
f800
1000
f800
fc00
1000
f400
f800
1000
f400
f400
1400
fc00
f000
0c00
0000
f000
0800
0400
f400
0800
0800
f800
0400
0400
f000
0000
0000
f000
0800
0400
f800
0400
f800
ec00
0400
0000
e800
0000
0800
f800
0000
f800
ec00
0400
0400
ec00
fc00
0800
f000
fc00
0800
ec00
f800
1000
f400
f800
1000
f400
f000
0800
f800
f800
0c00
f800
f800
0800
f400
f800
0800
f800
f800
0400
f000
f400
0c00
f000
ec00
0c00
0000
f000
0c00
0400
e800
0400
0800
f000
0000
0000
f400
0400
fc00
ec00
0000
0000
f400
0400
fc00
f400
1000
0800
ec00
0400
1000
f000
f800
1000
fc00
f800
0400
f800
0000
1000
f800
fc00
1800
0000
fc00
1400
0000
fc00
1400
0000
f400
1000
0400
f000
0c00
0c00
f400
0800
1000
f800
0400
1400
0400
0000
0800
0800
0000
0000
0000
0400
0800
0000
fc00
fa00
fe00
0600
0200
0200
0c00
0600
f800
fc00
0200
fc00
0000
0800
fc00
fe00
0400
0000
0000
fe00
fc00
0600
0800
fa00
fa00
0600
fe00
f400
fc00
0600
0400
fc00
0000
0200
0600
0800
0200
0800
0000
fa00
0800
0800
fe00
0000
0400
0000
0000
0600
0400
03c0
0d84
04ab
fc60
069a
0630
05cd
0370
ff39
0345
0510
02bf
0093
0889
0800
fb80
0600
0a00
fa00
0200
0800
f400
fa00
0c00
fa00
f800
0600
fa00
f600
0600
fa00
f800
1000
0000
f000
0400
0000
f800
0800
fc00
f400
0c00
0400
f400
0c00
0400
f000
0800
0400
f000
0800
0c00
f400
0400
0800
f400
0000
0400
f000
fc00
0800
f800
fc00
0c00
0000
0000
0800
0200
0800
0a00
fc00
0000
0c00
fe00
fa00
0600
0000
0200
0600
0000
0000
0200
fc00
fc00
fe00
f600
fc00
0600
0200
0200
0800
0200
fc00
0600
0400
f800
0800
1000
0000
0400
0800
fc00
0800
0c00
f400
0000
1000
f800
fc00
1000
0000
fc00
0c00
0000
f800
0400
fc00
fc00
0800
fc00
fc00
1000
0400
f400
0400
0400
fc00
0400
0200
fc00
0800
0200
f600
0600
0c00
fc00
fe00
0600
fc00
fc00
0200
f600
f800
0a00
0000
f800
0800
fc00
f000
0000
f800
f800
0800
fc00
f400
0800
fc00
ec00
0400
0400
f800
0400
0000
f400
0000
fc00
f400
0400
fc00
f000
0000
0400
f800
fc00
f800
f000
fe00
0200
f400
fe00
0600
fa00
0200
0600
f600
0200
0a00
fa00
0200
0400
fc00
0800
0800
0000
0400
fc00
f400
0800
0c00
f400
fc00
1000
0400
f800
0000
fc00
fc00
0c00
0000
f600
0e00
0e00
fc00
0a00
0a00
f800
0a00
0a00
f800
0800
0c00
fa00
0200
0800
f400
0000
1000
f800
0000
1400
0400
fc00
0400
f800
fc00
1000
0000
f400
0c00
0800
f600
0200
fe00
f600
0600
0800
0200
0400
0200
0400
0400
fa00
0000
0800
fc00
fe00
0400
f400
f400
0c00
0200
f400
0a00
0400
f400
0000
fa00
f800
0e00
0600
f400
0600
0c00
f800
0000
0800
f800
0800
1000
f400
0000
1400
fc00
fc00
0000
f800
0800
0400
f000
0000
1000
fc00
f800
0800
f800
fc00
1000
f800
f400
0c00
0000
f400
0800
0400
f400
0800
0400
f000
0000
0800
fc00
0000
0800
fc00
0000
0800
fc00
0000
0400
0400
0000
fc00
fe00
0400
fc00
f400
0200
0400
fc00
0000
fe00
fc00
0200
fe00
fc00
0800
0800
fa00
f800
0200
0000
fc00
0400
0400
0000
0600
0000
f200
fa00
0200
f800
fc00
0440
fffc
fffc
03fc
03bc
ff80
fb88
fbcf
fc12
fc51
f48b
f142
062e
01cb
f5ae
0253
0000
fe00
0400
f800
f800
0a00
0800
fc00
0200
0400
fa00
0200
0000
f800
0400
0a00
0200
0000
0a00
0000
f400
fe00
0000
fe00
0600
0000
fa00
0800
0200
f800
0000
0200
f800
f800
0200
fe00
fa00
0400
fe00
fc00
0800
0000
f800
0200
fe00
f400
fc00
0000
f600
faa0
00f6
f8e6
f558
0002
fe02
f421
fadf
0331
f6fd
f18d
fa74
fccd
0500
02b0
f400
0000
0800
fa00
f200
0400
0c00
fc00
0400
0800
f800
0200
0400
fc00
0a00
0800
f800
0000
0800
0000
0800
0c00
f800
0400
1000
f400
0000
1000
f800
0400
1800
fc00
fc00
1000
fc00
f800
0c00
fc00
fc00
1400
0400
f800
1000
0800
fc00
0800
0400
f800
fe00
0000
f600
0000
0600
fa00
0200
0a00
fc00
fe00
0800
f600
f400
0a00
0400
fe00
0800
0400
0000
0800
0000
fc00
0c00
0400
f400
0c00
0800
f400
0800
0400
ec00
fc00
0400
f000
fc00
0400
f800
0000
fc00
f000
0400
0800
ec00
fc00
0c00
f000
fc00
1000
f800
0000
0400
e800
fc00
0c00
ec00
f400
0800
e800
e800
0400
f000
ec00
0800
f800
f000
0800
f800
ec00
0800
fc00
ec00
0800
0000
e800
0400
0400
ec00
fc00
0800
fc00
0400
0000
f000
0800
1400
f400
f800
0800
f000
f800
0c00
f800
0400
1800
fc00
fc00
1000
f800
f000
0c00
0000
f800
1000
0000
f400
0800
0400
f800
0400
fc00
f800
0c00
0000
0000
1c00
0c00
fc00
1400
0c00
f400
0800
1000
fc00
0800
1000
f800
0400
1800
0200
fc00
0a00
0200
0000
0600
fc00
0000
0a00
0200
0200
0400
0000
0200
0200
f800
fc00
0c00
0000
f800
0400
fc00
fc00
0000
f800
0400
0c00
f800
f800
1000
0400
f000
fe00
0000
f400
0000
fe00
f200
0800
0a00
f800
0800
0c00
f800
fa00
fe00
fc00
fe00
fa00
f800
fe00
0200
0000
fe00
0000
f800
fa00
0200
f600
f600
0200
fc00
f800
0200
01e0
f5c2
fe65
fe7f
f297
ff6d
0b76
fabf
fb13
0361
fb2b
0778
0b00
fa50
0aab
1600
f800
f800
1400
0000
f000
0c00
0400
f800
1000
0400
f400
0c00
0800
f400
0400
0c00
0000
0400
0000
fc00
0c00
0800
0000
0800
0400
0400
1400
1000
f800
fc00
1000
0000
fc00
1000
0400
0000
1000
fc00
f000
0c00
0800
fc00
0800
0400
0000
0c00
0000
f800
0600
0200
fa00
0600
0200
f800
0200
0400
f600
0000
0e00
fc00
fe00
0400
f600
0400
0400
f000
0400
0c00
f400
fc00
0800
f400
fc00
0800
f800
fc00
0800
f800
f800
0c00
f800
f000
0c00
f800
f000
1000
0400
f400
0c00
0000
f000
0800
0400
f400
0800
0800
f400
0400
0a00
fc00
0c00
0a00
f600
fe00
0000
f600
0200
fe00
f600
0a00
0600
f400
0000
0600
f200
f800
0a00
0000
0200
0800
f600
f400
0200
fe00
f600
fe00
0000
f800
fe80
0698
042e
ffeb
fdec
fa0d
f46c
f725
fbb3
f7f7
fc78
feb0
fac5
fb18
fb66
f9b0
f800
fc00
fe00
0200
fe00
0000
0800
fe00
0000
0400
f800
0400
0800
f400
0000
0c00
f400
f800
1400
0000
f000
0c00
0800
f400
0400
0c00
fc00
0000
0400
f800
0000
0c00
f800
f400
0800
0a00
0400
fe00
fc00
0400
0400
f400
fa00
0c00
0000
fc00
0800
fa00
f000
0400
0400
f800
0c00
1400
fc00
0000
1000
fc00
f400
0c00
0000
f800
0800
0400
f800
0400
0400
f400
f800
0200
fe00
fa00
fe00
fc00
0200
0e00
fa00
f400
0200
f600
f600
0600
0000
fe00
0800
fe00
f600
fe00
0200
0000
fa00
0000
0400
fa00
0000
0800
f800
f800
0c00
0200
fa00
0600
0400
0000
0400
0000
fe00
0800
0000
f600
0600
0800
f800
0000
0e00
fe00
f800
0600
0000
f600
0000
0000
f800
0200
0400
f800
0000
0600
fe00
fe00
0000
fc00
fe00
0400
0200
0200
0600
fe00
f800
0200
fe00
f800
0400
0000
fc00
0440
fbfc
fc3c
0878
fbf0
fc31
006d
f866
00e0
04d2
f484
013c
1128
0415
03d4
0800
f000
f000
0800
fc00
f400
0c00
0400
fc00
0400
f800
f400
0800
0800
fc00
0000
0600
fe00
fe00
0200
fe00
fa00
fe00
0000
fc00
fe00
0200
fe00
fe00
0800
0200
fc00
0200
fe00
fc00
fe00
0000
0000
fa00
fa00
0000
fc00
f400
fe00
0200
f600
0200
0800
fa00
0000
0800
f800
fc00
0800
0000
0000
0200
fe00
0000
0000
0000
0600
0400
0000
0400
0400
fe00
0000
0200
fe00
0c00
0e00
fa00
0400
0a00
fa00
0000
0000
f800
0800
0a00
fa00
0000
0400
fc00
0200
0400
0600
0a00
0200
fa00
0000
0400
fe00
0200
0400
ffc0
ffc4
fbc7
000b
0c0a
0349
fb14
0762
06ec
fa7d
0ad5
0e27
f945
05b0
1555
ffff
fa00
0800
fe00
fa00
0600
0600
0400
0600
0800
0600
fc00
0200
0600
0000
0000
0200
0400
0200
fc00
fc00
0400
fe00
f600
0400
0400
fa00
0800
0c00
f800
0000
0a00
f400
f400
0400
f800
f600
0600
f800
f800
0c00
fe00
f600
0a00
0600
fa00
0400
fe00
f800
0600
0000
f600
0400
0200
f600
0200
0000
f400
0000
0600
0200
0400
0200
fc00
fe00
0800
0000
f400
0400
1000
0400
0000
0400
f800
fc00
0400
f400
f800
1000
0800
f800
0200
0400
fc00
fc00
f800
f400
0600
0a00
f600
fa00
0a00
fe00
f600
0400
0200
fc00
0200
f800
f400
fe00
fe00
fa00
fa00
fc00
fc00
0200
fc00
f600
0400
fe00
f400
0000
0000
f400
0200
0800
f600
fe00
0400
f400
f600
0400
fc00
f800
0200
0600
0200
f800
f780
fd08
fe37
fd54
fd7e
fea6
fdbc
fde0
0302
02d1
fea4
03b9
037d
fd45
fa71
fdc9
0200
0000
0200
0400
0000
fc00
fa00
0200
0200
fe00
0600
0000
fc00
0000
0000
fe00
0200
0600
fa00
fc00
0200
fc00
fe00
0a00
0600
0200
0800
0200
fa00
fe00
0400
fa00
f400
0000
0400
0400
0800
0000
fc00
0c00
0400
f400
0400
0400
f800
0000
0000
fc00
0440
fbfc
ec3c
f978
01e0
f9c2
fa25
0283
fa5a
f6b4
ff49
f354
f81e
049c
f852
f8cd
0800
fc00
f400
0800
0000
ec00
0400
0800
f000
fc00
0400
f400
0000
0c00
f400
fc00
1000
f800
f400
0400
f800
fc00
0800
f400
f400
0800
fc00
0000
1400
0000
0000
1400
f800
f000
1000
0400
f400
0c00
0800
f800
0800
0400
fc00
0c00
0400
f800
0400
0000
fc00
0800
fc00
f800
0800
f800
f400
0c00
0800
0000
0c00
0000
f800
0800
0c00
fc00
0400
1000
0800
0800
0800
0000
0400
0800
f800
fc00
0c00
fc00
f800
0800
0400
f400
fc00
0400
f800
fc00
fe00
fc00
0600
0400
fa00
fc00
0a00
0800
0000
0400
0000
fc00
0400
0200
0000
0800
0000
f600
fc00
fe00
fe00
0200
fc00
0000
0a00
0400
0000
0800
0800
0200
fe00
0000
0a00
0200
fc00
0a00
0a00
fe00
fc00
0600
0800
f800
f800
0200
0200
0200
0200
0000
0000
0800
0400
f600
0600
0a00
fa00
0200
0400
fa00
0200
0200
fc00
0800
0c00
0400
0c00
0c00
f800
0000
0c00
fc00
0000
0800
f800
0800
1000
f800
0400
1000
fc00
0400
0c00
f800
0000
0800
f800
fc00
0400
f400
f800
0800
fc00
fc00
0a00
0800
0000
0000
fe00
0200
0600
f400
f400
0800
0000
f600
fc00
0200
0a00
fe00
f000
0000
0400
f000
fc00
1000
0000
0400
0c00
f800
0000
0800
f400
f800
0400
fc00
0200
0800
fe00
0200
0600
f800
fa00
0800
fa00
f800
0a00
fc00
f800
0800
0400
f800
f880
fcf8
ff28
0135
f922
fd8f
05b6
fb5b
fda5
05ca
fd6d
f996
03fd
ffbd
f1c1
fea4
0800
0000
0000
0000
f800
fc00
0000
f000
f800
0c00
fc00
fc00
1000
0400
f800
0800
0000
f600
0e00
0800
f400
0600
0400
f200
0c00
0e00
f400
0400
0c00
f600
0000
0e00
f800
0000
1000
f800
f800
0c00
0400
fc00
0400
0400
0000
0000
0000
f800
fc00
0800
0580
fd28
0155
0540
00ec
00dd
facf
ff22
0b2f
027c
fe54
086f
01e8
03c9
0d8c
00b3
0400
1000
fc00
f800
0c00
fc00
f000
0400
0400
f400
0400
1000
f800
0000
1000
fc00
0000
0800
fc00
0400
0600
f800
0400
0c00
fc00
0000
0600
fe00
0400
0c00
fe00
fa00
1000
0800
fc00
0c00
0400
f800
0800
0400
fc00
0c00
0400
fc00
1400
1000
f400
0000
0c00
fc00
0000
0400
f400
fc00
0000
f400
fc00
0000
fc00
0400
0000
fc00
0000
0000
fb00
ff50
035b
fe25
fc42
f97e
f9e6
ff47
0053
034d
0418
00d6
00c9
03bc
fd80
ffa8
0e00
0000
f600
0400
0800
f800
f800
0000
fe00
0200
fe00
fa00
0200
0000
fa00
fe00
0420
ffde
03e0
0ba2
fce7
ff19
0727
fcb4
02e9
0aba
040e
fdcd
fff0
f9f1
f051
f74c
fe00
0200
0200
fa00
0000
0c00
0000
f400
fc00
fc00
f800
0000
fe00
f400
0200
0800
f400
fc00
0600
0000
0600
0000
f800
0200
0000
f200
fc00
0e00
0200
fc00
0000
fa00
fe00
0200
fa00
fc00
0a00
0800
fc00
0000
0400
0600
0400
f400
f600
0000
0000
fe00
fa00
0000
0600
fe00
fa00
0600
0200
fa00
0800
0600
fe00
0e00
0c00
fc00
0400
fe00
fa00
0400
f800
fa00
0600
0200
0200
0600
0400
0400
0200
f800
fe00
0800
fa00
fe00
0800
fa00
fc00
0600
f800
f800
0a00
0000
fa00
0600
0200
fe00
0200
0200
fe00
fe00
f800
0000
0800
fa00
fa00
0800
0600
fa00
0200
0600
0200
0600
fc00
f600
0c00
0c00
f000
fc00
0c00
f400
fc00
0c00
f800
0400
0800
f400
0400
0400
f000
0800
0800
ec00
0000
0800
f000
0000
0800
f400
0000
0800
f000
f800
0c00
fc00
f800
0800
fc00
f400
fe00
f600
f400
0600
0200
fa00
0e00
0800
f400
0000
0600
f600
f400
0600
0800
0200
0000
0200
0400
0000
f800
fa00
0800
0400
f800
fc00
0200
fe00
0000
0000
f400
fa00
fe60
ee7a
f392
0058
fc52
fc8d
00c4
fcb7
00ec
fcdd
f10f
f9fe
fe5e
fa78
fed0
fae3
fd34
0561
030a
f8d9
fb4b
0196
fb7d
f9c5
f628
fac5
0119
fb07
f956
fbc1
fa04
fa64
0600
0400
fa00
0200
0a00
fc00
f800
0600
0400
fe00
0400
fe00
fc00
0600
fe00
f400
0000
0800
0600
0600
0800
0600
0600
0400
0000
0600
0200
0200
0600
fe00
fe00
0a00
0400
f200
0200
0e00
0200
0200
0c00
0600
0000
0c00
0000
f200
0000
0800
fc00
f800
fe00
0400
0600
0200
0600
0a00
fe00
0200
0600
f600
fe00
0c00
fc00
f400
0600
0400
f400
fc00
fe00
f800
0200
0200
f600
fa00
0400
fa00
f200
fe00
0400
fa00
fe00
0200
fe00
0200
0200
0000
0800
0200
f600
fe00
0400
fe00
0200
0400
fe00
0200
0200
fc00
0000
fa00
f800
0800
0600
fc00
0600
0600
0000
0a00
0200
f800
0a00
0800
f600
0400
0400
f400
0400
0800
f800
0400
0400
fc00
0800
fc00
f000
0c00
0400
f000
0c00
0800
f000
0800
0400
f000
0800
0c00
f400
0400
0800
f800
0400
fc00
f000
0c00
0c00
f000
0000
0c00
f000
fc00
0c00
f000
f800
1000
f800
f400
0800
0000
f800
0400
0000
fc00
0000
fa00
fe00
0800
0200
fc00
0200
0600
0200
0400
fe00
f800
0600
0800
fe00
0200
0c00
0200
fa00
0600
0200
fa00
0000
0600
fc00
0200
0c00
0000
0000
fe00
fa00
0800
0000
f400
0800
0800
f800
0000
fc00
f400
0800
0800
f400
0400
1000
fc00
0400
0c00
fc00
0400
0c00
f800
0000
0c00
f800
fc00
1000
0000
fc00
0c00
0000
fc00
0800
0400
0000
0400
0000
fc00
0800
0400
f800
0200
0800
0600
0600
fa00
fa00
0400
0600
0600
0000
fc00
0000
0400
0000
f400
f400
0400
0000
f000
fc00
0800
f400
fc00
0c00
f800
f800
0c00
fc00
f800
0400
f400
f800
1000
0000
f400
0800
0000
fc00
0800
0000
0000
0a00
0160
f94a
ffb5
fdb9
fddd
ffff
01ff
07df
0761
feeb
fefc
050c
febb
02cf
0aa2
fff7
01f8
07d8
fd5a
f384
f84c
04c7
047a
f832
fcaf
0ae4
0435
f7f2
fc72
f8ab
f120
fc00
0000
f600
fe00
0400
f400
fc00
0400
f400
f800
0000
fc00
fe00
0200
fe00
0200
0800
0000
0200
0400
fa00
fa00
0600
fe00
fa00
0600
fa00
f800
0400
fc00
f600
0800
0800
f800
0400
0200
f600
fa00
fc00
fe00
fe00
0600
0000
fc00
0600
fc00
fe00
0c00
fe00
f800
0600
fe00
f600
0800
0600
f400
0400
0800
fc00
0600
0400
f600
0200
0800
f800
0000
0e00
0400
0200
0600
0000
0600
0600
0000
0a00
0a00
0200
0000
0400
0200
f800
fc00
0000
f800
0000
1000
0000
f800
0c00
0800
0000
0800
0400
0000
0800
0400
fc00
0000
0200
0400
0400
0600
0400
0200
0200
f800
f600
0400
0a00
0000
0000
0600
0000
0600
0800
fe00
fe00
0200
fc00
0000
0a00
0000
f800
0200
0800
0000
fc00
0200
0300
0200
ff00
0200
0500
0100
0400
0300
0100
fe00
fd00
0300
fe00
fe00
0200
ff00
0400
0800
fe00
f800
0600
0600
f600
0400
0c00
fc00
0200
0800
f800
fc00
0600
fa00
fc00
0400
f800
0400
0c00
f400
0000
0c00
f400
0000
0c00
f000
fc00
1400
f800
f800
1400
0000
fc00
0c00
f800
f400
0400
f800
f800
0c00
0000
fc00
0c00
fc00
f800
0c00
fe00
f400
0600
0800
fe00
0400
0000
f800
0400
0000
fa00
0a00
0000
f200
0200
0200
f400
0400
0800
f400
fc00
0800
f000
ec00
0000
fc00
fc00
0c00
0000
f400
0800
0400
f400
0400
0400
0000
0400
f400
f800
1000
0000
f400
0400
0000
fc00
0800
fc00
f800
1000
0800
f800
0800
0400
fc00
0400
fc00
f800
0400
fc00
fc00
0c00
f800
fc00
1000
f800
f400
1000
0000
ec00
0800
1000
f800
0000
0c00
f800
f800
0400
f400
f800
0c00
fc00
fa00
0800
fc00
fc00
0400
f800
0000
0a00
f800
f800
0800
fa00
f200
0600
0200
f600
0000
0000
fc00
0000
0400
fe00
f800
fc00
fc00
0000
fe00
f600
fe00
f800
f800
0400
fe00
f400
fa00
0400
0200
fa00
fc00
0400
fe00
fc00
0400
0200
fc00
0200
0600
fc00
f400
0200
0600
f600
0000
0800
f800
0000
0600
fa00
fe00
0e00
0200
f400
0000
fe00
fa00
0500
0700
0200
0400
0400
fc00
fe00
0500
0100
fe00
0200
fd00
fe00
0300
0000
0000
0200
fe00
fe00
0400
fe00
f800
0800
0400
f200
fe00
0c00
fe00
f800
0600
0000
fc00
0a00
fe00
fa00
0600
0000
0200
0400
fa00
0400
0600
f800
0800
0c00
f800
0400
0800
0000
0c00
0400
f800
0c00
0800
f000
0000
0c00
f800
0000
0c00
0000
0400
0800
0000
0400
1000
0400
0400
1000
0000
f800
0800
0000
f800
0800
0800
f800
0000
0800
f800
0400
0a00
f600
0400
0800
f200
fc00
0400
f800
fc00
0200
f800
0000
0a00
fa00
0000
0c00
fc00
fa00
0600
fc00
fa00
0000
fc00
0000
0200
f600
fc00
0200
fa00
0200
0a00
f800
fa00
0a00
fe00
f600
0000
0400
0400
0200
fc00
0400
0200
f800
0600
0200
f400
0200
0800
f800
f800
0200
fc00
fe00
0800
0000
fe00
0200
fa00
0000
0800
fc00
0000
0a00
fc00
f800
0600
fe00
f800
0c00
0000
f200
0600
0400
f600
0600
0e00
f800
0000
0c00
f400
0000
0800
f400
0400
0800
f000
fc00
1000
fc00
f800
0800
f800
fc00
1400
0000
f400
1000
0400
ec00
fc00
0000
f800
0400
0400
f800
0000
0400
fc00
0200
fc00
fc00
0c00
0400
fa00
0400
0200
fa00
0200
fe00
fa00
0a00
0200
f800
0200
0600
fa00
f800
0200
fc00
fe00
0800
fe00
0000
0e00
fa00
f200
0800
0200
f400
0200
0800
0200
0800
0000
fa00
0e00
0600
f600
0800
0800
fa00
0000
0400
0400
0e00
0400
fa00
0c00
0800
f600
fc00
0200
fe00
0800
0c00
0400
0200
0200
0200
0000
fe00
fc00
0400
0600
f800
fc00
0400
f600
fe00
0a00
f600
fa00
0600
f200
f600
0800
f800
f400
0800
fc00
f000
0800
0400
f000
0000
0400
f800
0400
0000
f800
0800
0400
fc00
0400
fc00
f000
0400
0c00
fc00
0000
0800
fc00
f800
0000
0000
0000
0000
f400
fc00
0800
fa00
f800
0600
0400
fe00
fa00
f400
fe00
0400
f400
fa00
0a00
0000
fe00
fe00
f600
fca0
00d6
fec8
06db
066d
fe06
fe26
0043
003f
043b
01f7
fbd7
fe1a
0438
fbf4
f635
0600
0a00
0000
0200
0800
fe00
0000
0800
f800
fc00
0800
fa00
fa00
0200
0200
0000
fc00
0000
0800
0400
fc00
0800
0400
f800
0c00
1400
fc00
f800
0400
0400
0000
0000
fc00
0400
0e00
fc00
f600
0800
0600
0000
0400
f800
fa00
0a00
fc00
f600
0600
0000
0200
0600
fa00
fe00
0a00
0200
f800
0600
0600
f800
0200
0a00
0200
0000
0400
0600
0200
f800
fe00
0400
fe00
0400
0e00
0400
fe00
0a00
0800
fe00
0000
0400
0200
0200
fc00
0600
0000
fc00
0800
fe00
fe00
0a00
fc00
fa00
0400
f800
fc00
0600
f800
fc00
0800
0000
fc00
0400
0400
0800
0400
fc00
0400
0c00
fc00
fc00
0800
f800
f800
1000
0200
f800
0e00
0600
f200
0600
0200
f200
0a00
0800
f400
0000
0600
f800
fe00
0600
fa00
0000
0c00
fa00
f400
0200
0400
f800
fa00
0200
fc00
0000
0000
f200
0000
0800
f000
f800
0400
f000
f400
0400
f400
f400
0c00
fc00
f400
1000
0c00
f800
0400
0400
f400
fa00
fe00
f800
0200
0800
fe00
fe00
0000
fa00
fe00
0600
fc00
fe00
0a00
0200
f800
0200
0400
fc00
0600
0600
f600
fc00
0a00
fe00
fa00
0400
fe00
fc00
0000
f800
f600
0200
fe00
f600
fe00
fa00
f600
0400
fc00
f200
0400
0200
f600
0400
0e00
f800
f400
0600
0200
fe00
0400
0200
fe00
0400
0200
fe00
0a00
0800
fc00
0800
0800
f800
0000
0400
fc00
fe00
0a00
0c00
0000
0600
0a00
0600
0000
0200
0a00
fe00
fe00
0c00
fc00
f600
0800
0400
fa00
0800
0600
fe00
0400
fa00
f800
0600
0400
f800
0800
0c00
f800
0400
0400
f400
0800
0c00
f400
0000
1000
fc00
fc00
0c00
0000
fc00
0800
fc00
f800
0400
f400
f800
0800
f800
fc00
1000
0000
fc00
1400
0800
f800
0c00
0400
f000
0600
0a00
f400
0a00
0e00
f800
0600
0200
f400
0800
0400
fc00
0a00
fe00
fc00
0c00
fc00
f400
0600
fc00
f200
fe00
f800
f800
0600
0000
f600
0600
0a00
f800
fe00
0600
0000
0400
0000
f800
0800
0400
f000
fc00
0c00
f800
fc00
0c00
0400
fc00
0400
0400
fc00
fc00
fc00
0000
0800
fc00
0000
1000
fc00
0000
1000
fc00
0000
1000
fc00
f800
0c00
fc00
f800
1000
0400
f800
0800
0400
f800
0400
0400
fc00
0400
0400
f800
0000
0800
fa00
fc00
0a00
0400
0200
0a00
fc00
fe00
0c00
f800
f600
0c00
fe00
f400
0600
0000
fc00
0a00
fa00
f600
0c00
0600
fa00
0800
0600
f800
0000
0400
fc00
0200
0a00
0160
ff4a
0555
feff
fb0f
fd5e
0188
056f
ff18
fd26
0354
fd1e
fd4c
0777
f900
ed70
fc00
0600
fc00
f800
fc00
fe00
0200
0400
fe00
0000
0600
fe00
0000
0800
0000
fe00
0a00
0400
fc00
0200
0400
fc00
0000
0400
fa00
0600
0800
fc00
0a00
0800
f800
fe00
1000
0000
f400
0400
fc00
fc00
0c00
0000
fc00
0800
fc00
f800
0c00
0400
f800
0c00
0c00
f800
0800
1000
f800
fc00
0800
f800
0000
0c00
f800
fc00
1000
0400
f400
fc00
fc00
fc00
0400
fc00
f800
0000
fc00
fc00
0400
fc00
fc00
0c00
fc00
f000
0400
fc00
f400
0c00
0400
f800
0800
fc00
f400
0400
f800
fc00
1400
0000
f000
0c00
0800
ec00
0000
0c00
f400
0000
0800
ec00
fc00
1000
f400
fc00
1000
f000
fc00
1400
f400
f800
1000
f800
fc00
1000
f400
f800
1000
f400
f400
1400
fc00
f000
0c00
0000
f000
0800
0400
f400
0800
0800
f800
0400
0400
f000
0000
0000
f000
0800
0400
f800
0400
f800
ec00
0400
0000
e800
0000
0800
f800
0000
f800
ec00
0400
0400
ec00
fc00
0800
f000
fc00
0800
ec00
f800
1000
f400
f800
1000
f400
f000
0800
f800
f800
0c00
f800
f800
0800
f400
f800
0800
f800
f800
0400
f000
f400
0c00
f000
ec00
0c00
0000
f000
0c00
0400
e800
0400
0800
f000
0000
0000
f400
0400
fc00
ec00
0000
0000
f400
0400
fc00
f400
1000
0800
ec00
0400
1000
f000
f800
1000
fc00
f800
0400
f800
0000
1000
f800
fc00
1800
0000
fc00
1400
0000
fc00
1400
0000
f400
1000
0400
f000
0c00
0c00
f400
0800
1000
f800
0400
1400
0400
0000
0800
0800
0000
0000
0000
0400
0800
0000
fc00
fa00
fe00
0600
0200
0200
0c00
0600
f800
fc00
0200
fc00
0000
0800
fc00
fe00
0400
0000
0000
fe00
fc00
0600
0800
fa00
fa00
0600
fe00
f400
fc00
0600
0400
fc00
0000
0200
0600
0800
0200
0800
0000
fa00
0800
0800
fe00
0000
0400
0000
0000
0600
0400
03c0
0d84
04ab
fc60
069a
0630
05cd
0370
ff39
0345
0510
02bf
0093
0889
0800
fb80
0600
0a00
fa00
0200
0800
f400
fa00
0c00
fa00
f800
0600
fa00
f600
0600
fa00
f800
1000
0000
f000
0400
0000
f800
0800
fc00
f400
0c00
0400
f400
0c00
0400
f000
0800
0400
f000
0800
0c00
f400
0400
0800
f400
0000
0400
f000
fc00
0800
f800
fc00
0c00
0000
0000
0800
0200
0800
0a00
fc00
0000
0c00
fe00
fa00
0600
0000
0200
0600
0000
0000
0200
fc00
fc00
fe00
f600
fc00
0600
0200
0200
0800
0200
fc00
0600
0400
f800
0800
1000
0000
0400
0800
fc00
0800
0c00
f400
0000
1000
f800
fc00
1000
0000
fc00
0c00
0000
f800
0400
fc00
fc00
0800
fc00
fc00
1000
0400
f400
0400
0400
fc00
0400
0200
fc00
0800
0200
f600
0600
0c00
fc00
fe00
0600
fc00
fc00
0200
f600
f800
0a00
0000
f800
0800
fc00
f000
0000
f800
f800
0800
fc00
f400
0800
fc00
ec00
0400
0400
f800
0400
0000
f400
0000
fc00
f400
0400
fc00
f000
0000
0400
f800
fc00
f800
f000
fe00
0200
f400
fe00
0600
fa00
0200
0600
f600
0200
0a00
fa00
0200
0400
fc00
0800
0800
0000
0400
fc00
f400
0800
0c00
f400
fc00
1000
0400
f800
0000
fc00
fc00
0c00
0000
f600
0e00
0e00
fc00
0a00
0a00
f800
0a00
0a00
f800
0800
0c00
fa00
0200
0800
f400
0000
1000
f800
0000
1400
0400
fc00
0400
f800
fc00
1000
0000
f400
0c00
0800
f600
0200
fe00
f600
0600
0800
0200
0400
0200
0400
0400
fa00
0000
0800
fc00
fe00
0400
f400
f400
0c00
0200
f400
0a00
0400
f400
0000
fa00
f800
0e00
0600
f400
0600
0c00
f800
0000
0800
f800
0800
1000
f400
0000
1400
fc00
fc00
0000
f800
0800
0400
f000
0000
1000
fc00
f800
0800
f800
fc00
1000
f800
f400
0c00
0000
f400
0800
0400
f400
0800
0400
f000
0000
0800
fc00
0000
0800
fc00
0000
0800
fc00
0000
0400
0400
0000
fc00
fe00
0400
fc00
f400
0200
0400
fc00
0000
fe00
fc00
0200
fe00
fc00
0800
0800
fa00
f800
0200
0000
fc00
0400
0400
0000
0600
0000
f200
fa00
0200
f800
fc00
0440
fffc
fffc
03fc
03bc
ff80
fb88
fbcf
fc12
fc51
f48b
f142
062e
01cb
f5ae
0253
0000
fe00
0400
f800
f800
0a00
0800
fc00
0200
0400
fa00
0200
0000
f800
0400
0a00
0200
0000
0a00
0000
f400
fe00
0000
fe00
0600
0000
fa00
0800
0200
f800
0000
0200
f800
f800
0200
fe00
fa00
0400
fe00
fc00
0800
0000
f800
0200
fe00
f400
fc00
0000
f600
faa0
00f6
f8e6
f558
0002
fe02
f421
fadf
0331
f6fd
f18d
fa74
fccd
0500
02b0
f400
0000
0800
fa00
f200
0400
0c00
fc00
0400
0800
f800
0200
0400
fc00
0a00
0800
f800
0000
0800
0000
0800
0c00
f800
0400
1000
f400
0000
1000
f800
0400
1800
fc00
fc00
1000
fc00
f800
0c00
fc00
fc00
1400
0400
f800
1000
0800
fc00
0800
0400
f800
fe00
0000
f600
0000
0600
fa00
0200
0a00
fc00
fe00
0800
f600
f400
0a00
0400
fe00
0800
0400
0000
0800
0000
fc00
0c00
0400
f400
0c00
0800
f400
0800
0400
ec00
fc00
0400
f000
fc00
0400
f800
0000
fc00
f000
0400
0800
ec00
fc00
0c00
f000
fc00
1000
f800
0000
0400
e800
fc00
0c00
ec00
f400
0800
e800
e800
0400
f000
ec00
0800
f800
f000
0800
f800
ec00
0800
fc00
ec00
0800
0000
e800
0400
0400
ec00
fc00
0800
fc00
0400
0000
f000
0800
1400
f400
f800
0800
f000
f800
0c00
f800
0400
1800
fc00
fc00
1000
f800
f000
0c00
0000
f800
1000
0000
f400
0800
0400
f800
0400
fc00
f800
0c00
0000
0000
1c00
0c00
fc00
1400
0c00
f400
0800
1000
fc00
0800
1000
f800
0400
1800
0200
fc00
0a00
0200
0000
0600
fc00
0000
0a00
0200
0200
0400
0000
0200
0200
f800
fc00
0c00
0000
f800
0400
fc00
fc00
0000
f800
0400
0c00
f800
f800
1000
0400
f000
fe00
0000
f400
0000
fe00
f200
0800
0a00
f800
0800
0c00
f800
fa00
fe00
fc00
fe00
fa00
f800
fe00
0200
0000
fe00
0000
f800
fa00
0200
f600
f600
0200
fc00
f800
0200
01e0
f5c2
fe65
fe7f
f297
ff6d
0b76
fabf
fb13
0361
fb2b
0778
0b00
fa50
0aab
1600
f800
f800
1400
0000
f000
0c00
0400
f800
1000
0400
f400
0c00
0800
f400
0400
0c00
0000
0400
0000
fc00
0c00
0800
0000
0800
0400
0400
1400
1000
f800
fc00
1000
0000
fc00
1000
0400
0000
1000
fc00
f000
0c00
0800
fc00
0800
0400
0000
0c00
0000
f800
0600
0200
fa00
0600
0200
f800
0200
0400
f600
0000
0e00
fc00
fe00
0400
f600
0400
0400
f000
0400
0c00
f400
fc00
0800
f400
fc00
0800
f800
fc00
0800
f800
f800
0c00
f800
f000
0c00
f800
f000
1000
0400
f400
0c00
0000
f000
0800
0400
f400
0800
0800
f400
0400
0a00
fc00
0c00
0a00
f600
fe00
0000
f600
0200
fe00
f600
0a00
0600
f400
0000
0600
f200
f800
0a00
0000
0200
0800
f600
f400
0200
fe00
f600
fe00
0000
f800
fe80
0698
042e
ffeb
fdec
fa0d
f46c
f725
fbb3
f7f7
fc78
feb0
fac5
fb18
fb66
f9b0
f800
fc00
fe00
0200
fe00
0000
0800
fe00
0000
0400
f800
0400
0800
f400
0000
0c00
f400
f800
1400
0000
f000
0c00
0800
f400
0400
0c00
fc00
0000
0400
f800
0000
0c00
f800
f400
0800
0a00
0400
fe00
fc00
0400
0400
f400
fa00
0c00
0000
fc00
0800
fa00
f000
0400
0400
f800
0c00
1400
fc00
0000
1000
fc00
f400
0c00
0000
f800
0800
0400
f800
0400
0400
f400
f800
0200
fe00
fa00
fe00
fc00
0200
0e00
fa00
f400
0200
f600
f600
0600
0000
fe00
0800
fe00
f600
fe00
0200
0000
fa00
0000
0400
fa00
0000
0800
f800
f800
0c00
0200
fa00
0600
0400
0000
0400
0000
fe00
0800
0000
f600
0600
0800
f800
0000
0e00
fe00
f800
0600
0000
f600
0000
0000
f800
0200
0400
f800
0000
0600
fe00
fe00
0000
fc00
fe00
0400
0200
0200
0600
fe00
f800
0200
fe00
f800
0400
0000
fc00
0440
fbfc
fc3c
0878
fbf0
fc31
006d
f866
00e0
04d2
f484
013c
1128
0415
03d4
0800
f000
f000
0800
fc00
f400
0c00
0400
fc00
0400
f800
f400
0800
0800
fc00
0000
0600
fe00
fe00
0200
fe00
fa00
fe00
0000
fc00
fe00
0200
fe00
fe00
0800
0200
fc00
0200
fe00
fc00
fe00
0000
0000
fa00
fa00
0000
fc00
f400
fe00
0200
f600
0200
0800
fa00
0000
0800
f800
fc00
0800
0000
0000
0200
fe00
0000
0000
0000
0600
0400
0000
0400
0400
fe00
0000
0200
fe00
0c00
0e00
fa00
0400
0a00
fa00
0000
0000
f800
0800
0a00
fa00
0000
0400
fc00
0200
0400
0600
0a00
0200
fa00
0000
0400
fe00
0200
0400
ffc0
ffc4
fbc7
000b
0c0a
0349
fb14
0762
06ec
fa7d
0ad5
0e27
f945
05b0
1555
ffff
fa00
0800
fe00
fa00
0600
0600
0400
0600
0800
0600
fc00
0200
0600
0000
0000
0200
0400
0200
fc00
fc00
0400
fe00
f600
0400
0400
fa00
0800
0c00
f800
0000
0a00
f400
f400
0400
f800
f600
0600
f800
f800
0c00
fe00
f600
0a00
0600
fa00
0400
fe00
f800
0600
0000
f600
0400
0200
f600
0200
0000
f400
0000
0600
0200
0400
0200
fc00
fe00
0800
0000
f400
0400
1000
0400
0000
0400
f800
fc00
0400
f400
f800
1000
0800
f800
0200
0400
fc00
fc00
f800
f400
0600
0a00
f600
fa00
0a00
fe00
f600
0400
0200
fc00
0200
f800
f400
fe00
fe00
fa00
fa00
fc00
fc00
0200
fc00
f600
0400
fe00
f400
0000
0000
f400
0200
0800
f600
fe00
0400
f400
f600
0400
fc00
f800
0200
0600
0200
f800
f780
fd08
fe37
fd54
fd7e
fea6
fdbc
fde0
0302
02d1
fea4
03b9
037d
fd45
fa71
fdc9
0200
0000
0200
0400
0000
fc00
fa00
0200
0200
fe00
0600
0000
fc00
0000
0000
fe00
0200
0600
fa00
fc00
0200
fc00
fe00
0a00
0600
0200
0800
0200
fa00
fe00
0400
fa00
f400
0000
0400
0400
0800
0000
fc00
0c00
0400
f400
0400
0400
f800
0000
0000
fc00
0440
fbfc
ec3c
f978
01e0
f9c2
fa25
0283
fa5a
f6b4
ff49
f354
f81e
049c
f852
f8cd
0800
fc00
f400
0800
0000
ec00
0400
0800
f000
fc00
0400
f400
0000
0c00
f400
fc00
1000
f800
f400
0400
f800
fc00
0800
f400
f400
0800
fc00
0000
1400
0000
0000
1400
f800
f000
1000
0400
f400
0c00
0800
f800
0800
0400
fc00
0c00
0400
f800
0400
0000
fc00
0800
fc00
f800
0800
f800
f400
0c00
0800
0000
0c00
0000
f800
0800
0c00
fc00
0400
1000
0800
0800
0800
0000
0400
0800
f800
fc00
0c00
fc00
f800
0800
0400
f400
fc00
0400
f800
fc00
fe00
fc00
0600
0400
fa00
fc00
0a00
0800
0000
0400
0000
fc00
0400
0200
0000
0800
0000
f600
fc00
fe00
fe00
0200
fc00
0000
0a00
0400
0000
0800
0800
0200
fe00
0000
0a00
0200
fc00
0a00
0a00
fe00
fc00
0600
0800
f800
f800
0200
0200
0200
0200
0000
0000
0800
0400
f600
0600
0a00
fa00
0200
0400
fa00
0200
0200
fc00
0800
0c00
0400
0c00
0c00
f800
0000
0c00
fc00
0000
0800
f800
0800
1000
f800
0400
1000
fc00
0400
0c00
f800
0000
0800
f800
fc00
0400
f400
f800
0800
fc00
fc00
0a00
0800
0000
0000
fe00
0200
0600
f400
f400
0800
0000
f600
fc00
0200
0a00
fe00
f000
0000
0400
f000
fc00
1000
0000
0400
0c00
f800
0000
0800
f400
f800
0400
fc00
0200
0800
fe00
0200
0600
f800
fa00
0800
fa00
f800
0a00
fc00
f800
0800
0400
f800
f880
fcf8
ff28
0135
f922
fd8f
05b6
fb5b
fda5
05ca
fd6d
f996
03fd
ffbd
f1c1
fea4
0800
0000
0000
0000
f800
fc00
0000
f000
f800
0c00
fc00
fc00
1000
0400
f800
0800
0000
f600
0e00
0800
f400
0600
0400
f200
0c00
0e00
f400
0400
0c00
f600
0000
0e00
f800
0000
1000
f800
f800
0c00
0400
fc00
0400
0400
0000
0000
0000
f800
fc00
0800
0580
fd28
0155
0540
00ec
00dd
facf
ff22
0b2f
027c
fe54
086f
01e8
03c9
0d8c
00b3
0400
1000
fc00
f800
0c00
fc00
f000
0400
0400
f400
0400
1000
f800
0000
1000
fc00
0000
0800
fc00
0400
0600
f800
0400
0c00
fc00
0000
0600
fe00
0400
0c00
fe00
fa00
1000
0800
fc00
0c00
0400
f800
0800
0400
fc00
0c00
0400
fc00
1400
1000
f400
0000
0c00
fc00
0000
0400
f400
fc00
0000
f400
fc00
0000
fc00
0400
0000
fc00
0000
0000
fb00
ff50
035b
fe25
fc42
f97e
f9e6
ff47
0053
034d
0418
00d6
00c9
03bc
fd80
ffa8
0a80
0000
f880
0300
0600
fa00
fa00
0000
fe80
0180
fe80
fb80
0180
0000
fb80
fe80
0318
ffe6
02e8
08b9
fdad
ff52
055d
fd87
022e
080b
030a
fe59
fff4
fb74
f43d
f979
fe80
0180
0180
fb80
0000
0900
0000
f700
fd00
fd00
fa00
0000
fe80
f700
0180
0600
f700
fd00
0480
0000
0480
0000
fa00
0180
0000
f580
fd00
0a80
0180
fd00
0000
fb80
fe80
0180
fb80
fd00
0780
0600
fd00
0000
0300
0480
0300
f700
f880
0000
0000
fe80
fb80
0000
0480
fe80
fb80
0480
0180
fb80
0600
0480
fe80
0a80
0900
fd00
0300
fe80
fb80
0300
fa00
fb80
0480
0180
0180
0480
0300
0300
0180
fa00
fe80
0600
fb80
fe80
0600
fb80
fd00
0480
fa00
fa00
0780
0000
fb80
0480
0180
fe80
0180
0180
fe80
fe80
fa00
0000
0600
fb80
fb80
0600
0480
fb80
0180
0480
0180
0480
fd00
f880
0900
0900
f400
fd00
0900
f700
fd00
0900
fa00
0300
0600
f700
0300
0300
f400
0600
0600
f100
0000
0600
f400
0000
0600
f700
0000
0600
f400
fa00
0900
fd00
fa00
0600
fd00
f700
fe80
f880
f700
0480
0180
fb80
0a80
0600
f700
0000
0480
f880
f700
0480
0600
0180
0000
0180
0300
0000
fa00
fb80
0600
0300
fa00
fd00
0180
fe80
0000
0000
f700
fb80
fec8
f2db
f6ad
0042
fd3d
fd69
0093
fd89
00b1
fda5
f4cb
fb7e
fec6
fbda
ff1c
fc2a
fde7
0408
0247
faa3
fc78
0130
fc9d
fb53
f89e
fc14
00d2
fc45
fb00
fcd0
fb83
fbcb
0480
0300
fb80
0180
0780
fd00
fa00
0480
0300
fe80
0300
fe80
fd00
0480
fe80
f700
0000
0600
0480
0480
0600
0480
0480
0300
0000
0480
0180
0180
0480
fe80
fe80
0780
0300
f580
0180
0a80
0180
0180
0900
0480
0000
0900
0000
f580
0000
0600
fd00
fa00
fe80
0300
0480
0180
0480
0780
fe80
0180
0480
f880
fe80
0900
fd00
f700
0480
0300
f700
fd00
fe80
fa00
0180
0180
f880
fb80
0300
fb80
f580
fe80
0300
fb80
fe80
0180
fe80
0180
0180
0000
0600
0180
f880
fe80
0300
fe80
0180
0300
fe80
0180
0180
fd00
0000
fb80
fa00
0600
0480
fd00
0480
0480
0000
0780
0180
fa00
0780
0600
f880
0300
0300
f700
0300
0600
fa00
0300
0300
fd00
0600
fd00
f400
0900
0300
f400
0900
0600
f400
0600
0300
f400
0600
0900
f700
0300
0600
fa00
0300
fd00
f400
0900
0900
f400
0000
0900
f400
fd00
0900
f400
fa00
0c00
fa00
f700
0600
0000
fa00
0300
0000
fd00
0000
fb80
fe80
0600
0180
fd00
0180
0480
0180
0300
fe80
fa00
0480
0600
fe80
0180
0900
0180
fb80
0480
0180
fb80
0000
0480
fd00
0180
0900
0000
0000
fe80
fb80
0600
0000
f700
0600
0600
fa00
0000
fd00
f700
0600
0600
f700
0300
0c00
fd00
0300
0900
fd00
0300
0900
fa00
0000
0900
fa00
fd00
0c00
0000
fd00
0900
0000
fd00
0600
0300
0000
0300
0000
fd00
0600
0300
fa00
0180
0600
0480
0480
fb80
fb80
0300
0480
0480
0000
fd00
0000
0300
0000
f700
f700
0300
0000
f400
fd00
0600
f700
fd00
0900
fa00
fa00
0900
fd00
fa00
0300
f700
fa00
0c00
0000
f700
0600
0000
fd00
0600
0000
0000
0780
0108
faf7
ffc7
fe4b
fe66
ffff
017f
05e7
0589
ff30
ff3d
03c9
ff0c
021b
07f9
fff9
017a
05e2
fe03
f6a3
fa39
0395
035b
fa25
fd83
082b
0328
f9f5
fd55
fa80
f4d8
fd00
0000
f880
fe80
0300
f700
fd00
0300
f700
fa00
0000
fd00
fe80
0180
fe80
0180
0600
0000
0180
0300
fb80
fb80
0480
fe80
fb80
0480
fb80
fa00
0300
fd00
f880
0600
0600
fa00
0300
0180
f880
fb80
fd00
fe80
fe80
0480
0000
fd00
0480
fd00
fe80
0900
fe80
fa00
0480
fe80
f880
0600
0480
f700
0300
0600
fd00
0480
0300
f880
0180
0600
fa00
0000
0a80
0300
0180
0480
0000
0480
0480
0000
0780
0780
0180
0000
0300
0180
fa00
fd00
0000
fa00
0000
0c00
0000
fa00
0900
0600
0000
0600
0300
0000
0600
0300
fd00
0000
0180
0300
0300
0480
0300
0180
0180
fa00
f880
0300
0780
0000
0000
0480
0000
0480
0600
fe80
fe80
0180
fd00
0000
0780
0000
fa00
0180
0600
0000
fd00
0180
0240
0180
ff40
0180
03c0
00c0
0300
0240
00c0
fe80
fdc0
0240
fe80
fe80
0180
ff40
0300
0600
fe80
fa00
0480
0480
f880
0300
0900
fd00
0180
0600
fa00
fd00
0480
fb80
fd00
0300
fa00
0300
0900
f700
0000
0900
f700
0000
0900
f400
fd00
0f00
fa00
fa00
0f00
0000
fd00
0900
fa00
f700
0300
fa00
fa00
0900
0000
fd00
0900
fd00
fa00
0900
fe80
f700
0480
0600
fe80
0300
0000
fa00
0300
0000
fb80
0780
0000
f580
0180
0180
f700
0300
0600
f700
fd00
0600
f400
f100
0000
fd00
fd00
0900
0000
f700
0600
0300
f700
0300
0300
0000
0300
f700
fa00
0c00
0000
f700
0300
0000
fd00
0600
fd00
fa00
0c00
0600
fa00
0600
0300
fd00
0300
fd00
fa00
0300
fd00
fd00
0900
fa00
fd00
0c00
fa00
f700
0c00
0000
f100
0600
0c00
fa00
0000
0900
fa00
fa00
0300
f700
fa00
0900
fd00
fb80
0600
fd00
fd00
0300
fa00
0000
0780
fa00
fa00
0600
fb80
f580
0480
0180
f880
0000
0000
fd00
0000
0300
fe80
fa00
fd00
fd00
0000
fe80
f880
fe80
fa00
fa00
0300
fe80
f700
fb80
0300
0180
fb80
fd00
0300
fe80
fd00
0300
0180
fd00
0180
0480
fd00
f700
0180
0480
f880
0000
0600
fa00
0000
0480
fb80
fe80
0a80
0180
f700
0000
fe80
fb80
03c0
0540
0180
0300
0300
fd00
fe80
03c0
00c0
fe80
0180
fdc0
fe80
0240
0000
0000
0180
fe80
fe80
0300
fe80
fa00
0600
0300
f580
fe80
0900
fe80
fa00
0480
0000
fd00
0780
fe80
fb80
0480
0000
0180
0300
fb80
0300
0480
fa00
0600
0900
fa00
0300
0600
0000
0900
0300
fa00
0900
0600
f400
0000
0900
fa00
0000
0900
0000
0300
0600
0000
0300
0c00
0300
0300
0c00
0000
fa00
0600
0000
fa00
0600
0600
fa00
0000
0600
fa00
0300
0780
f880
0300
0600
f580
fd00
0300
fa00
fd00
0180
fa00
0000
0780
fb80
0000
0900
fd00
fb80
0480
fd00
fb80
0000
fd00
0000
0180
f880
fd00
0180
fb80
0180
0780
fa00
fb80
0780
fe80
f880
0000
0300
0300
0180
fd00
0300
0180
fa00
0480
0180
f700
0180
0600
fa00
fa00
0180
fd00
fe80
0600
0000
fe80
0180
fb80
0000
0600
fd00
0000
0780
fd00
fa00
0480
fe80
fa00
0900
0000
f580
0480
0300
f880
0480
0a80
fa00
0000
0900
f700
0000
0600
f700
0300
0600
f400
fd00
0c00
fd00
fa00
0600
fa00
fd00
0f00
0000
f700
0c00
0300
f100
fd00
0000
fa00
0300
0300
fa00
0000
0300
fd00
0180
fd00
fd00
0900
0300
fb80
0300
0180
fb80
0180
fe80
fb80
0780
0180
fa00
0180
0480
fb80
fa00
0180
fd00
fe80
0600
fe80
0000
0a80
fb80
f580
0600
0180
f700
0180
0600
0180
0600
0000
fb80
0a80
0480
f880
0600
0600
fb80
0000
0300
0300
0a80
0300
fb80
0900
0600
f880
fd00
0180
fe80
0600
0900
0300
0180
0180
0180
0000
fe80
fd00
0300
0480
fa00
fd00
0300
f880
fe80
0780
f880
fb80
0480
f580
f880
0600
fa00
f700
0600
fd00
f400
0600
0300
f400
0000
0300
fa00
0300
0000
fa00
0600
0300
fd00
0300
fd00
f400
0300
0900
fd00
0000
0600
fd00
fa00
0000
0000
0000
0000
f700
fd00
0600
fb80
fa00
0480
0300
fe80
fb80
f700
fe80
0300
f700
fb80
0780
0000
fe80
fe80
f880
fd78
00a0
ff16
0524
04d2
fe84
fe9c
0032
002f
032c
0179
fce1
fe93
032a
fcf7
f8a7
0480
0780
0000
0180
0600
fe80
0000
0600
fa00
fd00
0600
fb80
fb80
0180
0180
0000
fd00
0000
0600
0300
fd00
0600
0300
fa00
0900
0f00
fd00
fa00
0300
0300
0000
0000
fd00
0300
0a80
fd00
f880
0600
0480
0000
0300
fa00
fb80
0780
fd00
f880
0480
0000
0180
0480
fb80
fe80
0780
0180
fa00
0480
0480
fa00
0180
0780
0180
0000
0300
0480
0180
fa00
fe80
0300
fe80
0300
0a80
0300
fe80
0780
0600
fe80
0000
0300
0180
0180
fd00
0480
0000
fd00
0600
fe80
fe80
0780
fd00
fb80
0300
fa00
fd00
0480
fa00
fd00
0600
0000
fd00
0300
0300
0600
0300
fd00
0300
0900
fd00
fd00
0600
fa00
fa00
0c00
0180
fa00
0a80
0480
f580
0480
0180
f580
0780
0600
f700
0000
0480
fa00
fe80
0480
fb80
0000
0900
fb80
f700
0180
0300
fa00
fb80
0180
fd00
0000
0000
f580
0000
0600
f400
fa00
0300
f400
f700
0300
f700
f700
0900
fd00
f700
0c00
0900
fa00
0300
0300
f700
fb80
fe80
fa00
0180
0600
fe80
fe80
0000
fb80
fe80
0480
fd00
fe80
0780
0180
fa00
0180
0300
fd00
0480
0480
f880
fd00
0780
fe80
fb80
0300
fe80
fd00
0000
fa00
f880
0180
fe80
f880
fe80
fb80
f880
0300
fd00
f580
0300
0180
f880
0300
0a80
fa00
f700
0480
0180
fe80
0300
0180
fe80
0300
0180
fe80
0780
0600
fd00
0600
0600
fa00
0000
0300
fd00
fe80
0780
0900
0000
0480
0780
0480
0000
0180
0780
fe80
fe80
0900
fd00
f880
0600
0300
fb80
0600
0480
fe80
0300
fb80
fa00
0480
0300
fa00
0600
0900
fa00
0300
0300
f700
0600
0900
f700
0000
0c00
fd00
fd00
0900
0000
fd00
0600
fd00
fa00
0300
f700
fa00
0600
fa00
fd00
0c00
0000
fd00
0f00
0600
fa00
0900
0300
f400
0480
0780
f700
0780
0a80
fa00
0480
0180
f700
0600
0300
fd00
0780
fe80
fd00
0900
fd00
f700
0480
fd00
f580
fe80
fa00
fa00
0480
0000
f880
0480
0780
fa00
fe80
0480
0000
0300
0000
fa00
0600
0300
f400
fd00
0900
fa00
fd00
0900
0300
fd00
0300
0300
fd00
fd00
fd00
0000
0600
fd00
0000
0c00
fd00
0000
0c00
fd00
0000
0c00
fd00
fa00
0900
fd00
fa00
0c00
0300
fa00
0600
0300
fa00
0300
0300
fd00
0300
0300
fa00
0000
0600
fb80
fd00
0780
0300
0180
0780
fd00
fe80
0900
fa00
f880
0900
fe80
f700
0480
0000
fd00
0780
fb80
f880
0900
0480
fb80
0600
0480
fa00
0000
0300
fd00
0180
0780
0108
ff77
03ff
ff3f
fc4b
fe06
0126
0413
ff52
fddc
027f
fdd6
fdf9
0599
fac0
f214
fd00
0480
fd00
fa00
fd00
fe80
0180
0300
fe80
0000
0480
fe80
0000
0600
0000
fe80
0780
0300
fd00
0180
0300
fd00
0000
0300
fb80
0480
0600
fd00
0780
0600
fa00
fe80
0c00
0000
f700
0300
fd00
fd00
0900
0000
fd00
0600
fd00
fa00
0900
0300
fa00
0900
0900
fa00
0600
0c00
fa00
fd00
0600
fa00
0000
0900
fa00
fd00
0c00
0300
f700
fd00
fd00
fd00
0300
fd00
fa00
0000
fd00
fd00
0300
fd00
fd00
0900
fd00
f400
0300
fd00
f700
0900
0300
fa00
0600
fd00
f700
0300
fa00
fd00
0f00
0000
f400
0900
0600
f100
0000
0900
f700
0000
0600
f100
fd00
0c00
f700
fd00
0c00
f400
fd00
0f00
f700
fa00
0c00
fa00
fd00
0c00
f700
fa00
0c00
f700
f700
0f00
fd00
f400
0900
0000
f400
0600
0300
f700
0600
0600
fa00
0300
0300
f400
0000
0000
f400
0600
0300
fa00
0300
fa00
f100
0300
0000
ee00
0000
0600
fa00
0000
fa00
f100
0300
0300
f100
fd00
0600
f400
fd00
0600
f100
fa00
0c00
f700
fa00
0c00
f700
f400
0600
fa00
fa00
0900
fa00
fa00
0600
f700
fa00
0600
fa00
fa00
0300
f400
f700
0900
f400
f100
0900
0000
f400
0900
0300
ee00
0300
0600
f400
0000
0000
f700
0300
fd00
f100
0000
0000
f700
0300
fd00
f700
0c00
0600
f100
0300
0c00
f400
fa00
0c00
fd00
fa00
0300
fa00
0000
0c00
fa00
fd00
1200
0000
fd00
0f00
0000
fd00
0f00
0000
f700
0c00
0300
f400
0900
0900
f700
0600
0c00
fa00
0300
0f00
0300
0000
0600
0600
0000
0000
0000
0300
0600
0000
fd00
fb80
fe80
0480
0180
0180
0900
0480
fa00
fd00
0180
fd00
0000
0600
fd00
fe80
0300
0000
0000
fe80
fd00
0480
0600
fb80
fb80
0480
fe80
f700
fd00
0480
0300
fd00
0000
0180
0480
0600
0180
0600
0000
fb80
0600
0600
fe80
0000
0300
0000
0000
0480
0300
02d0
0a23
0380
fd48
04f3
04a4
0459
0294
ff6a
0273
03cc
020f
006e
0667
0600
fca0
0480
0780
fb80
0180
0600
f700
fb80
0900
fb80
fa00
0480
fb80
f880
0480
fb80
fa00
0c00
0000
f400
0300
0000
fa00
0600
fd00
f700
0900
0300
f700
0900
0300
f400
0600
0300
f400
0600
0900
f700
0300
0600
f700
0000
0300
f400
fd00
0600
fa00
fd00
0900
0000
0000
0600
0180
0600
0780
fd00
0000
0900
fe80
fb80
0480
0000
0180
0480
0000
0000
0180
fd00
fd00
fe80
f880
fd00
0480
0180
0180
0600
0180
fd00
0480
0300
fa00
0600
0c00
0000
0300
0600
fd00
0600
0900
f700
0000
0c00
fa00
fd00
0c00
0000
fd00
0900
0000
fa00
0300
fd00
fd00
0600
fd00
fd00
0c00
0300
f700
0300
0300
fd00
0300
0180
fd00
0600
0180
f880
0480
0900
fd00
fe80
0480
fd00
fd00
0180
f880
fa00
0780
0000
fa00
0600
fd00
f400
0000
fa00
fa00
0600
fd00
f700
0600
fd00
f100
0300
0300
fa00
0300
0000
f700
0000
fd00
f700
0300
fd00
f400
0000
0300
fa00
fd00
fa00
f400
fe80
0180
f700
fe80
0480
fb80
0180
0480
f880
0180
0780
fb80
0180
0300
fd00
0600
0600
0000
0300
fd00
f700
0600
0900
f700
fd00
0c00
0300
fa00
0000
fd00
fd00
0900
0000
f880
0a80
0a80
fd00
0780
0780
fa00
0780
0780
fa00
0600
0900
fb80
0180
0600
f700
0000
0c00
fa00
0000
0f00
0300
fd00
0300
fa00
fd00
0c00
0000
f700
0900
0600
f880
0180
fe80
f880
0480
0600
0180
0300
0180
0300
0300
fb80
0000
0600
fd00
fe80
0300
f700
f700
0900
0180
f700
0780
0300
f700
0000
fb80
fa00
0a80
0480
f700
0480
0900
fa00
0000
0600
fa00
0600
0c00
f700
0000
0f00
fd00
fd00
0000
fa00
0600
0300
f400
0000
0c00
fd00
fa00
0600
fa00
fd00
0c00
fa00
f700
0900
0000
f700
0600
0300
f700
0600
0300
f400
0000
0600
fd00
0000
0600
fd00
0000
0600
fd00
0000
0300
0300
0000
fd00
fe80
0300
fd00
f700
0180
0300
fd00
0000
fe80
fd00
0180
fe80
fd00
0600
0600
fb80
fa00
0180
0000
fd00
0300
0300
0000
0480
0000
f580
fb80
0180
fa00
fd00
0330
fffd
fffd
02fd
02cd
ffa0
fca6
fcdb
fd0d
fd3c
f768
f4f1
04a2
0158
f842
01be
0000
fe80
0300
fa00
fa00
0780
0600
fd00
0180
0300
fb80
0180
0000
fa00
0300
0780
0180
0000
0780
0000
f700
fe80
0000
fe80
0480
0000
fb80
0600
0180
fa00
0000
0180
fa00
fa00
0180
fe80
fb80
0300
fe80
fd00
0600
0000
fa00
0180
fe80
f700
fd00
0000
f880
fbf8
00b8
faac
f802
0001
fe81
f719
fc27
0264
f93e
f52a
fbd7
fd99
03c0
0204
f700
0000
0600
fb80
f580
0300
0900
fd00
0300
0600
fa00
0180
0300
fd00
0780
0600
fa00
0000
0600
0000
0600
0900
fa00
0300
0c00
f700
0000
0c00
fa00
0300
1200
fd00
fd00
0c00
fd00
fa00
0900
fd00
fd00
0f00
0300
fa00
0c00
0600
fd00
0600
0300
fa00
fe80
0000
f880
0000
0480
fb80
0180
0780
fd00
fe80
0600
f880
f700
0780
0300
fe80
0600
0300
0000
0600
0000
fd00
0900
0300
f700
0900
0600
f700
0600
0300
f100
fd00
0300
f400
fd00
0300
fa00
0000
fd00
f400
0300
0600
f100
fd00
0900
f400
fd00
0c00
fa00
0000
0300
ee00
fd00
0900
f100
f700
0600
ee00
ee00
0300
f400
f100
0600
fa00
f400
0600
fa00
f100
0600
fd00
f100
0600
0000
ee00
0300
0300
f100
fd00
0600
fd00
0300
0000
f400
0600
0f00
f700
fa00
0600
f400
fa00
0900
fa00
0300
1200
fd00
fd00
0c00
fa00
f400
0900
0000
fa00
0c00
0000
f700
0600
0300
fa00
0300
fd00
fa00
0900
0000
0000
1500
0900
fd00
0f00
0900
f700
0600
0c00
fd00
0600
0c00
fa00
0300
1200
0180
fd00
0780
0180
0000
0480
fd00
0000
0780
0180
0180
0300
0000
0180
0180
fa00
fd00
0900
0000
fa00
0300
fd00
fd00
0000
fa00
0300
0900
fa00
fa00
0c00
0300
f400
fe80
0000
f700
0000
fe80
f580
0600
0780
fa00
0600
0900
fa00
fb80
fe80
fd00
fe80
fb80
fa00
fe80
0180
0000
fe80
0000
fa00
fb80
0180
f880
f880
0180
fd00
fa00
0180
0168
f851
fecc
fedf
f5f1
ff92
0898
fc0f
fc4e
0289
fc60
059a
0840
fbbc
0800
1080
fa00
fa00
0f00
0000
f400
0900
0300
fa00
0c00
0300
f700
0900
0600
f700
0300
0900
0000
0300
0000
fd00
0900
0600
0000
0600
0300
0300
0f00
0c00
fa00
fd00
0c00
0000
fd00
0c00
0300
0000
0c00
fd00
f400
0900
0600
fd00
0600
0300
0000
0900
0000
fa00
0480
0180
fb80
0480
0180
fa00
0180
0300
f880
0000
0a80
fd00
fe80
0300
f880
0300
0300
f400
0300
0900
f700
fd00
0600
f700
fd00
0600
fa00
fd00
0600
fa00
fa00
0900
fa00
f400
0900
fa00
f400
0c00
0300
f700
0900
0000
f400
0600
0300
f700
0600
0600
f700
0300
0780
fd00
0900
0780
f880
fe80
0000
f880
0180
fe80
f880
0780
0480
f700
0000
0480
f580
fa00
0780
0000
0180
0600
f880
f700
0180
fe80
f880
fe80
0000
fa00
fee0
04f2
0322
fff0
fe71
fb8a
f751
f95c
fcc6
f9f9
fd5a
ff04
fc13
fc52
fc8c
fb44
fa00
fd00
fe80
0180
fe80
0000
0600
fe80
0000
0300
fa00
0300
0600
f700
0000
0900
f700
fa00
0f00
0000
f400
0900
0600
f700
0300
0900
fd00
0000
0300
fa00
0000
0900
fa00
f700
0600
0780
0300
fe80
fd00
0300
0300
f700
fb80
0900
0000
fd00
0600
fb80
f400
0300
0300
fa00
0900
0f00
fd00
0000
0c00
fd00
f700
0900
0000
fa00
0600
0300
fa00
0300
0300
f700
fa00
0180
fe80
fb80
fe80
fd00
0180
0a80
fb80
f700
0180
f880
f880
0480
0000
fe80
0600
fe80
f880
fe80
0180
0000
fb80
0000
0300
fb80
0000
0600
fa00
fa00
0900
0180
fb80
0480
0300
0000
0300
0000
fe80
0600
0000
f880
0480
0600
fa00
0000
0a80
fe80
fa00
0480
0000
f880
0000
0000
fa00
0180
0300
fa00
0000
0480
fe80
fe80
0000
fd00
fe80
0300
0180
0180
0480
fe80
fa00
0180
fe80
fa00
0300
0000
fd00
0330
fcfd
fd2d
065a
fcf4
fd24
0052
fa4c
00a8
039d
f763
00ed
0cde
0310
02df
0600
f400
f400
0600
fd00
f700
0900
0300
fd00
0300
fa00
f700
0600
0600
fd00
0000
0480
fe80
fe80
0180
fe80
fb80
fe80
0000
fd00
fe80
0180
fe80
fe80
0600
0180
fd00
0180
fe80
fd00
fe80
0000
0000
fb80
fb80
0000
fd00
f700
fe80
0180
f880
0180
0600
fb80
0000
0600
fa00
fd00
0600
0000
0000
0180
fe80
0000
0000
0000
0480
0300
0000
0300
0300
fe80
0000
0180
fe80
0900
0a80
fb80
0300
0780
fb80
0000
0000
fa00
0600
0780
fb80
0000
0300
fd00
0180
0300
0480
0780
0180
fb80
0000
0300
fe80
0180
0300
ffd0
ffd3
fcd5
0008
0907
0276
fc4f
0589
0531
fbdd
081f
0a9d
faf3
0444
0fff
ffff
fb80
0600
fe80
fb80
0480
0480
0300
0480
0600
0480
fd00
0180
0480
0000
0000
0180
0300
0180
fd00
fd00
0300
fe80
f880
0300
0300
fb80
0600
0900
fa00
0000
0780
f700
f700
0300
fa00
f880
0480
fa00
fa00
0900
fe80
f880
0780
0480
fb80
0300
fe80
fa00
0480
0000
f880
0300
0180
f880
0180
0000
f700
0000
0480
0180
0300
0180
fd00
fe80
0600
0000
f700
0300
0c00
0300
0000
0300
fa00
fd00
0300
f700
fa00
0c00
0600
fa00
0180
0300
fd00
fd00
fa00
f700
0480
0780
f880
fb80
0780
fe80
f880
0300
0180
fd00
0180
fa00
f700
fe80
fe80
fb80
fb80
fd00
fd00
0180
fd00
f880
0300
fe80
f700
0000
0000
f700
0180
0600
f880
fe80
0300
f700
f880
0300
fd00
fa00
0180
0480
0180
fa00
f9a0
fdc6
fea9
fdff
fe1e
fefc
fe4d
fe68
0241
021d
fefb
02cb
029e
fdf4
fbd4
fe57
0180
0000
0180
0300
0000
fd00
fb80
0180
0180
fe80
0480
0000
fd00
0000
0000
fe80
0180
0480
fb80
fd00
0180
fd00
fe80
0780
0480
0180
0600
0180
fb80
fe80
0300
fb80
f700
0000
0300
0300
0600
0000
fd00
0900
0300
f700
0300
0300
fa00
0000
0000
fd00
0330
fcfd
f12d
fb1a
0168
fb51
fb9c
01e2
fbc3
f907
ff76
f67f
fa16
0375
fa3d
fa99
0600
fd00
f700
0600
0000
f100
0300
0600
f400
fd00
0300
f700
0000
0900
f700
fd00
0c00
fa00
f700
0300
fa00
fd00
0600
f700
f700
0600
fd00
0000
0f00
0000
0000
0f00
fa00
f400
0c00
0300
f700
0900
0600
fa00
0600
0300
fd00
0900
0300
fa00
0300
0000
fd00
0600
fd00
fa00
0600
fa00
f700
0900
0600
0000
0900
0000
fa00
0600
0900
fd00
0300
0c00
0600
0600
0600
0000
0300
0600
fa00
fd00
0900
fd00
fa00
0600
0300
f700
fd00
0300
fa00
fd00
fe80
fd00
0480
0300
fb80
fd00
0780
0600
0000
0300
0000
fd00
0300
0180
0000
0600
0000
f880
fd00
fe80
fe80
0180
fd00
0000
0780
0300
0000
0600
0600
0180
fe80
0000
0780
0180
fd00
0780
0780
fe80
fd00
0480
0600
fa00
fa00
0180
0180
0180
0180
0000
0000
0600
0300
f880
0480
0780
fb80
0180
0300
fb80
0180
0180
fd00
0600
0900
0300
0900
0900
fa00
0000
0900
fd00
0000
0600
fa00
0600
0c00
fa00
0300
0c00
fd00
0300
0900
fa00
0000
0600
fa00
fd00
0300
f700
fa00
0600
fd00
fd00
0780
0600
0000
0000
fe80
0180
0480
f700
f700
0600
0000
f880
fd00
0180
0780
fe80
f400
0000
0300
f400
fd00
0c00
0000
0300
0900
fa00
0000
0600
f700
fa00
0300
fd00
0180
0600
fe80
0180
0480
fa00
fb80
0600
fb80
fa00
0780
fd00
fa00
0600
0300
fa00
fa60
fdba
ff5e
00e8
fad9
fe2b
0448
fc84
fe3b
0457
fe12
fb30
02fd
ffcd
f550
fefb
0600
0000
0000
0000
fa00
fd00
0000
f400
fa00
0900
fd00
fd00
0c00
0300
fa00
0600
0000
f880
0a80
0600
f700
0480
0300
f580
0900
0a80
f700
0300
0900
f880
0000
0a80
fa00
0000
0c00
fa00
fa00
0900
0300
fd00
0300
0300
0000
0000
0000
fa00
fd00
0600
0420
fdde
0100
03f0
00b1
00a5
fc1b
ff59
0863
01dd
febf
0653
016e
02d7
0a29
0086
0300
0c00
fd00
fa00
0900
fd00
f400
0300
0300
f700
0300
0c00
fa00
0000
0c00
fd00
0000
0600
fd00
0300
0480
fa00
0300
0900
fd00
0000
0480
fe80
0300
0900
fe80
fb80
0c00
0600
fd00
0900
0300
fa00
0600
0300
fd00
0900
0300
fd00
0f00
0c00
f700
0000
0900
fd00
0000
0300
f700
fd00
0000
f700
fd00
0000
fd00
0300
0000
fd00
0000
0000
fc40
ff7c
0284
fe9b
fd31
fb1e
fb6c
ff75
003e
027a
0312
00a0
0096
02cd
fe20
ffbe
0a80
0000
f880
0300
0600
fa00
fa00
0000
fe80
0180
fe80
fb80
0180
0000
fb80
fe80
0318
ffe6
02e8
08b9
fdad
ff52
055d
fd87
022e
080b
030a
fe59
fff4
fb74
f43d
f979
fe80
0180
0180
fb80
0000
0900
0000
f700
fd00
fd00
fa00
0000
fe80
f700
0180
0600
f700
fd00
0480
0000
0480
0000
fa00
0180
0000
f580
fd00
0a80
0180
fd00
0000
fb80
fe80
0180
fb80
fd00
0780
0600
fd00
0000
0300
0480
0300
f700
f880
0000
0000
fe80
fb80
0000
0480
fe80
fb80
0480
0180
fb80
0600
0480
fe80
0a80
0900
fd00
0300
fe80
fb80
0300
fa00
fb80
0480
0180
0180
0480
0300
0300
0180
fa00
fe80
0600
fb80
fe80
0600
fb80
fd00
0480
fa00
fa00
0780
0000
fb80
0480
0180
fe80
0180
0180
fe80
fe80
fa00
0000
0600
fb80
fb80
0600
0480
fb80
0180
0480
0180
0480
fd00
f880
0900
0900
f400
fd00
0900
f700
fd00
0900
fa00
0300
0600
f700
0300
0300
f400
0600
0600
f100
0000
0600
f400
0000
0600
f700
0000
0600
f400
fa00
0900
fd00
fa00
0600
fd00
f700
fe80
f880
f700
0480
0180
fb80
0a80
0600
f700
0000
0480
f880
f700
0480
0600
0180
0000
0180
0300
0000
fa00
fb80
0600
0300
fa00
fd00
0180
fe80
0000
0000
f700
fb80
fec8
f2db
f6ad
0042
fd3d
fd69
0093
fd89
00b1
fda5
f4cb
fb7e
fec6
fbda
ff1c
fc2a
fde7
0408
0247
faa3
fc78
0130
fc9d
fb53
f89e
fc14
00d2
fc45
fb00
fcd0
fb83
fbcb
0480
0300
fb80
0180
0780
fd00
fa00
0480
0300
fe80
0300
fe80
fd00
0480
fe80
f700
0000
0600
0480
0480
0600
0480
0480
0300
0000
0480
0180
0180
0480
fe80
fe80
0780
0300
f580
0180
0a80
0180
0180
0900
0480
0000
0900
0000
f580
0000
0600
fd00
fa00
fe80
0300
0480
0180
0480
0780
fe80
0180
0480
f880
fe80
0900
fd00
f700
0480
0300
f700
fd00
fe80
fa00
0180
0180
f880
fb80
0300
fb80
f580
fe80
0300
fb80
fe80
0180
fe80
0180
0180
0000
0600
0180
f880
fe80
0300
fe80
0180
0300
fe80
0180
0180
fd00
0000
fb80
fa00
0600
0480
fd00
0480
0480
0000
0780
0180
fa00
0780
0600
f880
0300
0300
f700
0300
0600
fa00
0300
0300
fd00
0600
fd00
f400
0900
0300
f400
0900
0600
f400
0600
0300
f400
0600
0900
f700
0300
0600
fa00
0300
fd00
f400
0900
0900
f400
0000
0900
f400
fd00
0900
f400
fa00
0c00
fa00
f700
0600
0000
fa00
0300
0000
fd00
0000
fb80
fe80
0600
0180
fd00
0180
0480
0180
0300
fe80
fa00
0480
0600
fe80
0180
0900
0180
fb80
0480
0180
fb80
0000
0480
fd00
0180
0900
0000
0000
fe80
fb80
0600
0000
f700
0600
0600
fa00
0000
fd00
f700
0600
0600
f700
0300
0c00
fd00
0300
0900
fd00
0300
0900
fa00
0000
0900
fa00
fd00
0c00
0000
fd00
0900
0000
fd00
0600
0300
0000
0300
0000
fd00
0600
0300
fa00
0180
0600
0480
0480
fb80
fb80
0300
0480
0480
0000
fd00
0000
0300
0000
f700
f700
0300
0000
f400
fd00
0600
f700
fd00
0900
fa00
fa00
0900
fd00
fa00
0300
f700
fa00
0c00
0000
f700
0600
0000
fd00
0600
0000
0000
0780
0108
faf7
ffc7
fe4b
fe66
ffff
017f
05e7
0589
ff30
ff3d
03c9
ff0c
021b
07f9
fff9
017a
05e2
fe03
f6a3
fa39
0395
035b
fa25
fd83
082b
0328
f9f5
fd55
fa80
f4d8
fd00
0000
f880
fe80
0300
f700
fd00
0300
f700
fa00
0000
fd00
fe80
0180
fe80
0180
0600
0000
0180
0300
fb80
fb80
0480
fe80
fb80
0480
fb80
fa00
0300
fd00
f880
0600
0600
fa00
0300
0180
f880
fb80
fd00
fe80
fe80
0480
0000
fd00
0480
fd00
fe80
0900
fe80
fa00
0480
fe80
f880
0600
0480
f700
0300
0600
fd00
0480
0300
f880
0180
0600
fa00
0000
0a80
0300
0180
0480
0000
0480
0480
0000
0780
0780
0180
0000
0300
0180
fa00
fd00
0000
fa00
0000
0c00
0000
fa00
0900
0600
0000
0600
0300
0000
0600
0300
fd00
0000
0180
0300
0300
0480
0300
0180
0180
fa00
f880
0300
0780
0000
0000
0480
0000
0480
0600
fe80
fe80
0180
fd00
0000
0780
0000
fa00
0180
0600
0000
fd00
0180
0240
0180
ff40
0180
03c0
00c0
0300
0240
00c0
fe80
fdc0
0240
fe80
fe80
0180
ff40
0300
0600
fe80
fa00
0480
0480
f880
0300
0900
fd00
0180
0600
fa00
fd00
0480
fb80
fd00
0300
fa00
0300
0900
f700
0000
0900
f700
0000
0900
f400
fd00
0f00
fa00
fa00
0f00
0000
fd00
0900
fa00
f700
0300
fa00
fa00
0900
0000
fd00
0900
fd00
fa00
0900
fe80
f700
0480
0600
fe80
0300
0000
fa00
0300
0000
fb80
0780
0000
f580
0180
0180
f700
0300
0600
f700
fd00
0600
f400
f100
0000
fd00
fd00
0900
0000
f700
0600
0300
f700
0300
0300
0000
0300
f700
fa00
0c00
0000
f700
0300
0000
fd00
0600
fd00
fa00
0c00
0600
fa00
0600
0300
fd00
0300
fd00
fa00
0300
fd00
fd00
0900
fa00
fd00
0c00
fa00
f700
0c00
0000
f100
0600
0c00
fa00
0000
0900
fa00
fa00
0300
f700
fa00
0900
fd00
fb80
0600
fd00
fd00
0300
fa00
0000
0780
fa00
fa00
0600
fb80
f580
0480
0180
f880
0000
0000
fd00
0000
0300
fe80
fa00
fd00
fd00
0000
fe80
f880
fe80
fa00
fa00
0300
fe80
f700
fb80
0300
0180
fb80
fd00
0300
fe80
fd00
0300
0180
fd00
0180
0480
fd00
f700
0180
0480
f880
0000
0600
fa00
0000
0480
fb80
fe80
0a80
0180
f700
0000
fe80
fb80
03c0
0540
0180
0300
0300
fd00
fe80
03c0
00c0
fe80
0180
fdc0
fe80
0240
0000
0000
0180
fe80
fe80
0300
fe80
fa00
0600
0300
f580
fe80
0900
fe80
fa00
0480
0000
fd00
0780
fe80
fb80
0480
0000
0180
0300
fb80
0300
0480
fa00
0600
0900
fa00
0300
0600
0000
0900
0300
fa00
0900
0600
f400
0000
0900
fa00
0000
0900
0000
0300
0600
0000
0300
0c00
0300
0300
0c00
0000
fa00
0600
0000
fa00
0600
0600
fa00
0000
0600
fa00
0300
0780
f880
0300
0600
f580
fd00
0300
fa00
fd00
0180
fa00
0000
0780
fb80
0000
0900
fd00
fb80
0480
fd00
fb80
0000
fd00
0000
0180
f880
fd00
0180
fb80
0180
0780
fa00
fb80
0780
fe80
f880
0000
0300
0300
0180
fd00
0300
0180
fa00
0480
0180
f700
0180
0600
fa00
fa00
0180
fd00
fe80
0600
0000
fe80
0180
fb80
0000
0600
fd00
0000
0780
fd00
fa00
0480
fe80
fa00
0900
0000
f580
0480
0300
f880
0480
0a80
fa00
0000
0900
f700
0000
0600
f700
0300
0600
f400
fd00
0c00
fd00
fa00
0600
fa00
fd00
0f00
0000
f700
0c00
0300
f100
fd00
0000
fa00
0300
0300
fa00
0000
0300
fd00
0180
fd00
fd00
0900
0300
fb80
0300
0180
fb80
0180
fe80
fb80
0780
0180
fa00
0180
0480
fb80
fa00
0180
fd00
fe80
0600
fe80
0000
0a80
fb80
f580
0600
0180
f700
0180
0600
0180
0600
0000
fb80
0a80
0480
f880
0600
0600
fb80
0000
0300
0300
0a80
0300
fb80
0900
0600
f880
fd00
0180
fe80
0600
0900
0300
0180
0180
0180
0000
fe80
fd00
0300
0480
fa00
fd00
0300
f880
fe80
0780
f880
fb80
0480
f580
f880
0600
fa00
f700
0600
fd00
f400
0600
0300
f400
0000
0300
fa00
0300
0000
fa00
0600
0300
fd00
0300
fd00
f400
0300
0900
fd00
0000
0600
fd00
fa00
0000
0000
0000
0000
f700
fd00
0600
fb80
fa00
0480
0300
fe80
fb80
f700
fe80
0300
f700
fb80
0780
0000
fe80
fe80
f880
fd78
00a0
ff16
0524
04d2
fe84
fe9c
0032
002f
032c
0179
fce1
fe93
032a
fcf7
f8a7
0480
0780
0000
0180
0600
fe80
0000
0600
fa00
fd00
0600
fb80
fb80
0180
0180
0000
fd00
0000
0600
0300
fd00
0600
0300
fa00
0900
0f00
fd00
fa00
0300
0300
0000
0000
fd00
0300
0a80
fd00
f880
0600
0480
0000
0300
fa00
fb80
0780
fd00
f880
0480
0000
0180
0480
fb80
fe80
0780
0180
fa00
0480
0480
fa00
0180
0780
0180
0000
0300
0480
0180
fa00
fe80
0300
fe80
0300
0a80
0300
fe80
0780
0600
fe80
0000
0300
0180
0180
fd00
0480
0000
fd00
0600
fe80
fe80
0780
fd00
fb80
0300
fa00
fd00
0480
fa00
fd00
0600
0000
fd00
0300
0300
0600
0300
fd00
0300
0900
fd00
fd00
0600
fa00
fa00
0c00
0180
fa00
0a80
0480
f580
0480
0180
f580
0780
0600
f700
0000
0480
fa00
fe80
0480
fb80
0000
0900
fb80
f700
0180
0300
fa00
fb80
0180
fd00
0000
0000
f580
0000
0600
f400
fa00
0300
f400
f700
0300
f700
f700
0900
fd00
f700
0c00
0900
fa00
0300
0300
f700
fb80
fe80
fa00
0180
0600
fe80
fe80
0000
fb80
fe80
0480
fd00
fe80
0780
0180
fa00
0180
0300
fd00
0480
0480
f880
fd00
0780
fe80
fb80
0300
fe80
fd00
0000
fa00
f880
0180
fe80
f880
fe80
fb80
f880
0300
fd00
f580
0300
0180
f880
0300
0a80
fa00
f700
0480
0180
fe80
0300
0180
fe80
0300
0180
fe80
0780
0600
fd00
0600
0600
fa00
0000
0300
fd00
fe80
0780
0900
0000
0480
0780
0480
0000
0180
0780
fe80
fe80
0900
fd00
f880
0600
0300
fb80
0600
0480
fe80
0300
fb80
fa00
0480
0300
fa00
0600
0900
fa00
0300
0300
f700
0600
0900
f700
0000
0c00
fd00
fd00
0900
0000
fd00
0600
fd00
fa00
0300
f700
fa00
0600
fa00
fd00
0c00
0000
fd00
0f00
0600
fa00
0900
0300
f400
0480
0780
f700
0780
0a80
fa00
0480
0180
f700
0600
0300
fd00
0780
fe80
fd00
0900
fd00
f700
0480
fd00
f580
fe80
fa00
fa00
0480
0000
f880
0480
0780
fa00
fe80
0480
0000
0300
0000
fa00
0600
0300
f400
fd00
0900
fa00
fd00
0900
0300
fd00
0300
0300
fd00
fd00
fd00
0000
0600
fd00
0000
0c00
fd00
0000
0c00
fd00
0000
0c00
fd00
fa00
0900
fd00
fa00
0c00
0300
fa00
0600
0300
fa00
0300
0300
fd00
0300
0300
fa00
0000
0600
fb80
fd00
0780
0300
0180
0780
fd00
fe80
0900
fa00
f880
0900
fe80
f700
0480
0000
fd00
0780
fb80
f880
0900
0480
fb80
0600
0480
fa00
0000
0300
fd00
0180
0780
0108
ff77
03ff
ff3f
fc4b
fe06
0126
0413
ff52
fddc
027f
fdd6
fdf9
0599
fac0
f214
fd00
0480
fd00
fa00
fd00
fe80
0180
0300
fe80
0000
0480
fe80
0000
0600
0000
fe80
0780
0300
fd00
0180
0300
fd00
0000
0300
fb80
0480
0600
fd00
0780
0600
fa00
fe80
0c00
0000
f700
0300
fd00
fd00
0900
0000
fd00
0600
fd00
fa00
0900
0300
fa00
0900
0900
fa00
0600
0c00
fa00
fd00
0600
fa00
0000
0900
fa00
fd00
0c00
0300
f700
fd00
fd00
fd00
0300
fd00
fa00
0000
fd00
fd00
0300
fd00
fd00
0900
fd00
f400
0300
fd00
f700
0900
0300
fa00
0600
fd00
f700
0300
fa00
fd00
0f00
0000
f400
0900
0600
f100
0000
0900
f700
0000
0600
f100
fd00
0c00
f700
fd00
0c00
f400
fd00
0f00
f700
fa00
0c00
fa00
fd00
0c00
f700
fa00
0c00
f700
f700
0f00
fd00
f400
0900
0000
f400
0600
0300
f700
0600
0600
fa00
0300
0300
f400
0000
0000
f400
0600
0300
fa00
0300
fa00
f100
0300
0000
ee00
0000
0600
fa00
0000
fa00
f100
0300
0300
f100
fd00
0600
f400
fd00
0600
f100
fa00
0c00
f700
fa00
0c00
f700
f400
0600
fa00
fa00
0900
fa00
fa00
0600
f700
fa00
0600
fa00
fa00
0300
f400
f700
0900
f400
f100
0900
0000
f400
0900
0300
ee00
0300
0600
f400
0000
0000
f700
0300
fd00
f100
0000
0000
f700
0300
fd00
f700
0c00
0600
f100
0300
0c00
f400
fa00
0c00
fd00
fa00
0300
fa00
0000
0c00
fa00
fd00
1200
0000
fd00
0f00
0000
fd00
0f00
0000
f700
0c00
0300
f400
0900
0900
f700
0600
0c00
fa00
0300
0f00
0300
0000
0600
0600
0000
0000
0000
0300
0600
0000
fd00
fb80
fe80
0480
0180
0180
0900
0480
fa00
fd00
0180
fd00
0000
0600
fd00
fe80
0300
0000
0000
fe80
fd00
0480
0600
fb80
fb80
0480
fe80
f700
fd00
0480
0300
fd00
0000
0180
0480
0600
0180
0600
0000
fb80
0600
0600
fe80
0000
0300
0000
0000
0480
0300
02d0
0a23
0380
fd48
04f3
04a4
0459
0294
ff6a
0273
03cc
020f
006e
0667
0600
fca0
0480
0780
fb80
0180
0600
f700
fb80
0900
fb80
fa00
0480
fb80
f880
0480
fb80
fa00
0c00
0000
f400
0300
0000
fa00
0600
fd00
f700
0900
0300
f700
0900
0300
f400
0600
0300
f400
0600
0900
f700
0300
0600
f700
0000
0300
f400
fd00
0600
fa00
fd00
0900
0000
0000
0600
0180
0600
0780
fd00
0000
0900
fe80
fb80
0480
0000
0180
0480
0000
0000
0180
fd00
fd00
fe80
f880
fd00
0480
0180
0180
0600
0180
fd00
0480
0300
fa00
0600
0c00
0000
0300
0600
fd00
0600
0900
f700
0000
0c00
fa00
fd00
0c00
0000
fd00
0900
0000
fa00
0300
fd00
fd00
0600
fd00
fd00
0c00
0300
f700
0300
0300
fd00
0300
0180
fd00
0600
0180
f880
0480
0900
fd00
fe80
0480
fd00
fd00
0180
f880
fa00
0780
0000
fa00
0600
fd00
f400
0000
fa00
fa00
0600
fd00
f700
0600
fd00
f100
0300
0300
fa00
0300
0000
f700
0000
fd00
f700
0300
fd00
f400
0000
0300
fa00
fd00
fa00
f400
fe80
0180
f700
fe80
0480
fb80
0180
0480
f880
0180
0780
fb80
0180
0300
fd00
0600
0600
0000
0300
fd00
f700
0600
0900
f700
fd00
0c00
0300
fa00
0000
fd00
fd00
0900
0000
f880
0a80
0a80
fd00
0780
0780
fa00
0780
0780
fa00
0600
0900
fb80
0180
0600
f700
0000
0c00
fa00
0000
0f00
0300
fd00
0300
fa00
fd00
0c00
0000
f700
0900
0600
f880
0180
fe80
f880
0480
0600
0180
0300
0180
0300
0300
fb80
0000
0600
fd00
fe80
0300
f700
f700
0900
0180
f700
0780
0300
f700
0000
fb80
fa00
0a80
0480
f700
0480
0900
fa00
0000
0600
fa00
0600
0c00
f700
0000
0f00
fd00
fd00
0000
fa00
0600
0300
f400
0000
0c00
fd00
fa00
0600
fa00
fd00
0c00
fa00
f700
0900
0000
f700
0600
0300
f700
0600
0300
f400
0000
0600
fd00
0000
0600
fd00
0000
0600
fd00
0000
0300
0300
0000
fd00
fe80
0300
fd00
f700
0180
0300
fd00
0000
fe80
fd00
0180
fe80
fd00
0600
0600
fb80
fa00
0180
0000
fd00
0300
0300
0000
0480
0000
f580
fb80
0180
fa00
fd00
0330
fffd
fffd
02fd
02cd
ffa0
fca6
fcdb
fd0d
fd3c
f768
f4f1
04a2
0158
f842
01be
0000
fe80
0300
fa00
fa00
0780
0600
fd00
0180
0300
fb80
0180
0000
fa00
0300
0780
0180
0000
0780
0000
f700
fe80
0000
fe80
0480
0000
fb80
0600
0180
fa00
0000
0180
fa00
fa00
0180
fe80
fb80
0300
fe80
fd00
0600
0000
fa00
0180
fe80
f700
fd00
0000
f880
fbf8
00b8
faac
f802
0001
fe81
f719
fc27
0264
f93e
f52a
fbd7
fd99
03c0
0204
f700
0000
0600
fb80
f580
0300
0900
fd00
0300
0600
fa00
0180
0300
fd00
0780
0600
fa00
0000
0600
0000
0600
0900
fa00
0300
0c00
f700
0000
0c00
fa00
0300
1200
fd00
fd00
0c00
fd00
fa00
0900
fd00
fd00
0f00
0300
fa00
0c00
0600
fd00
0600
0300
fa00
fe80
0000
f880
0000
0480
fb80
0180
0780
fd00
fe80
0600
f880
f700
0780
0300
fe80
0600
0300
0000
0600
0000
fd00
0900
0300
f700
0900
0600
f700
0600
0300
f100
fd00
0300
f400
fd00
0300
fa00
0000
fd00
f400
0300
0600
f100
fd00
0900
f400
fd00
0c00
fa00
0000
0300
ee00
fd00
0900
f100
f700
0600
ee00
ee00
0300
f400
f100
0600
fa00
f400
0600
fa00
f100
0600
fd00
f100
0600
0000
ee00
0300
0300
f100
fd00
0600
fd00
0300
0000
f400
0600
0f00
f700
fa00
0600
f400
fa00
0900
fa00
0300
1200
fd00
fd00
0c00
fa00
f400
0900
0000
fa00
0c00
0000
f700
0600
0300
fa00
0300
fd00
fa00
0900
0000
0000
1500
0900
fd00
0f00
0900
f700
0600
0c00
fd00
0600
0c00
fa00
0300
1200
0180
fd00
0780
0180
0000
0480
fd00
0000
0780
0180
0180
0300
0000
0180
0180
fa00
fd00
0900
0000
fa00
0300
fd00
fd00
0000
fa00
0300
0900
fa00
fa00
0c00
0300
f400
fe80
0000
f700
0000
fe80
f580
0600
0780
fa00
0600
0900
fa00
fb80
fe80
fd00
fe80
fb80
fa00
fe80
0180
0000
fe80
0000
fa00
fb80
0180
f880
f880
0180
fd00
fa00
0180
0168
f851
fecc
fedf
f5f1
ff92
0898
fc0f
fc4e
0289
fc60
059a
0840
fbbc
0800
1080
fa00
fa00
0f00
0000
f400
0900
0300
fa00
0c00
0300
f700
0900
0600
f700
0300
0900
0000
0300
0000
fd00
0900
0600
0000
0600
0300
0300
0f00
0c00
fa00
fd00
0c00
0000
fd00
0c00
0300
0000
0c00
fd00
f400
0900
0600
fd00
0600
0300
0000
0900
0000
fa00
0480
0180
fb80
0480
0180
fa00
0180
0300
f880
0000
0a80
fd00
fe80
0300
f880
0300
0300
f400
0300
0900
f700
fd00
0600
f700
fd00
0600
fa00
fd00
0600
fa00
fa00
0900
fa00
f400
0900
fa00
f400
0c00
0300
f700
0900
0000
f400
0600
0300
f700
0600
0600
f700
0300
0780
fd00
0900
0780
f880
fe80
0000
f880
0180
fe80
f880
0780
0480
f700
0000
0480
f580
fa00
0780
0000
0180
0600
f880
f700
0180
fe80
f880
fe80
0000
fa00
fee0
04f2
0322
fff0
fe71
fb8a
f751
f95c
fcc6
f9f9
fd5a
ff04
fc13
fc52
fc8c
fb44
fa00
fd00
fe80
0180
fe80
0000
0600
fe80
0000
0300
fa00
0300
0600
f700
0000
0900
f700
fa00
0f00
0000
f400
0900
0600
f700
0300
0900
fd00
0000
0300
fa00
0000
0900
fa00
f700
0600
0780
0300
fe80
fd00
0300
0300
f700
fb80
0900
0000
fd00
0600
fb80
f400
0300
0300
fa00
0900
0f00
fd00
0000
0c00
fd00
f700
0900
0000
fa00
0600
0300
fa00
0300
0300
f700
fa00
0180
fe80
fb80
fe80
fd00
0180
0a80
fb80
f700
0180
f880
f880
0480
0000
fe80
0600
fe80
f880
fe80
0180
0000
fb80
0000
0300
fb80
0000
0600
fa00
fa00
0900
0180
fb80
0480
0300
0000
0300
0000
fe80
0600
0000
f880
0480
0600
fa00
0000
0a80
fe80
fa00
0480
0000
f880
0000
0000
fa00
0180
0300
fa00
0000
0480
fe80
fe80
0000
fd00
fe80
0300
0180
0180
0480
fe80
fa00
0180
fe80
fa00
0300
0000
fd00
0330
fcfd
fd2d
065a
fcf4
fd24
0052
fa4c
00a8
039d
f763
00ed
0cde
0310
02df
0600
f400
f400
0600
fd00
f700
0900
0300
fd00
0300
fa00
f700
0600
0600
fd00
0000
0480
fe80
fe80
0180
fe80
fb80
fe80
0000
fd00
fe80
0180
fe80
fe80
0600
0180
fd00
0180
fe80
fd00
fe80
0000
0000
fb80
fb80
0000
fd00
f700
fe80
0180
f880
0180
0600
fb80
0000
0600
fa00
fd00
0600
0000
0000
0180
fe80
0000
0000
0000
0480
0300
0000
0300
0300
fe80
0000
0180
fe80
0900
0a80
fb80
0300
0780
fb80
0000
0000
fa00
0600
0780
fb80
0000
0300
fd00
0180
0300
0480
0780
0180
fb80
0000
0300
fe80
0180
0300
ffd0
ffd3
fcd5
0008
0907
0276
fc4f
0589
0531
fbdd
081f
0a9d
faf3
0444
0fff
ffff
fb80
0600
fe80
fb80
0480
0480
0300
0480
0600
0480
fd00
0180
0480
0000
0000
0180
0300
0180
fd00
fd00
0300
fe80
f880
0300
0300
fb80
0600
0900
fa00
0000
0780
f700
f700
0300
fa00
f880
0480
fa00
fa00
0900
fe80
f880
0780
0480
fb80
0300
fe80
fa00
0480
0000
f880
0300
0180
f880
0180
0000
f700
0000
0480
0180
0300
0180
fd00
fe80
0600
0000
f700
0300
0c00
0300
0000
0300
fa00
fd00
0300
f700
fa00
0c00
0600
fa00
0180
0300
fd00
fd00
fa00
f700
0480
0780
f880
fb80
0780
fe80
f880
0300
0180
fd00
0180
fa00
f700
fe80
fe80
fb80
fb80
fd00
fd00
0180
fd00
f880
0300
fe80
f700
0000
0000
f700
0180
0600
f880
fe80
0300
f700
f880
0300
fd00
fa00
0180
0480
0180
fa00
f9a0
fdc6
fea9
fdff
fe1e
fefc
fe4d
fe68
0241
021d
fefb
02cb
029e
fdf4
fbd4
fe57
0180
0000
0180
0300
0000
fd00
fb80
0180
0180
fe80
0480
0000
fd00
0000
0000
fe80
0180
0480
fb80
fd00
0180
fd00
fe80
0780
0480
0180
0600
0180
fb80
fe80
0300
fb80
f700
0000
0300
0300
0600
0000
fd00
0900
0300
f700
0300
0300
fa00
0000
0000
fd00
0330
fcfd
f12d
fb1a
0168
fb51
fb9c
01e2
fbc3
f907
ff76
f67f
fa16
0375
fa3d
fa99
0600
fd00
f700
0600
0000
f100
0300
0600
f400
fd00
0300
f700
0000
0900
f700
fd00
0c00
fa00
f700
0300
fa00
fd00
0600
f700
f700
0600
fd00
0000
0f00
0000
0000
0f00
fa00
f400
0c00
0300
f700
0900
0600
fa00
0600
0300
fd00
0900
0300
fa00
0300
0000
fd00
0600
fd00
fa00
0600
fa00
f700
0900
0600
0000
0900
0000
fa00
0600
0900
fd00
0300
0c00
0600
0600
0600
0000
0300
0600
fa00
fd00
0900
fd00
fa00
0600
0300
f700
fd00
0300
fa00
fd00
fe80
fd00
0480
0300
fb80
fd00
0780
0600
0000
0300
0000
fd00
0300
0180
0000
0600
0000
f880
fd00
fe80
fe80
0180
fd00
0000
0780
0300
0000
0600
0600
0180
fe80
0000
0780
0180
fd00
0780
0780
fe80
fd00
0480
0600
fa00
fa00
0180
0180
0180
0180
0000
0000
0600
0300
f880
0480
0780
fb80
0180
0300
fb80
0180
0180
fd00
0600
0900
0300
0900
0900
fa00
0000
0900
fd00
0000
0600
fa00
0600
0c00
fa00
0300
0c00
fd00
0300
0900
fa00
0000
0600
fa00
fd00
0300
f700
fa00
0600
fd00
fd00
0780
0600
0000
0000
fe80
0180
0480
f700
f700
0600
0000
f880
fd00
0180
0780
fe80
f400
0000
0300
f400
fd00
0c00
0000
0300
0900
fa00
0000
0600
f700
fa00
0300
fd00
0180
0600
fe80
0180
0480
fa00
fb80
0600
fb80
fa00
0780
fd00
fa00
0600
0300
fa00
fa60
fdba
ff5e
00e8
fad9
fe2b
0448
fc84
fe3b
0457
fe12
fb30
02fd
ffcd
f550
fefb
0600
0000
0000
0000
fa00
fd00
0000
f400
fa00
0900
fd00
fd00
0c00
0300
fa00
0600
0000
f880
0a80
0600
f700
0480
0300
f580
0900
0a80
f700
0300
0900
f880
0000
0a80
fa00
0000
0c00
fa00
fa00
0900
0300
fd00
0300
0300
0000
0000
0000
fa00
fd00
0600
0420
fdde
0100
03f0
00b1
00a5
fc1b
ff59
0863
01dd
febf
0653
016e
02d7
0a29
0086
0300
0c00
fd00
fa00
0900
fd00
f400
0300
0300
f700
0300
0c00
fa00
0000
0c00
fd00
0000
0600
fd00
0300
0480
fa00
0300
0900
fd00
0000
0480
fe80
0300
0900
fe80
fb80
0c00
0600
fd00
0900
0300
fa00
0600
0300
fd00
0900
0300
fd00
0f00
0c00
f700
0000
0900
fd00
0000
0300
f700
fd00
0000
f700
fd00
0000
fd00
0300
0000
fd00
0000
0000
fc40
ff7c
0284
fe9b
fd31
fb1e
fb6c
ff75
003e
027a
0312
00a0
0096
02cd
fe20
ffbe
0a80
0000
f880
0300
0600
fa00
fa00
0000
fe80
0180
fe80
fb80
0180
0000
fb80
fe80
0318
ffe6
02e8
08b9
fdad
ff52
055d
fd87
022e
080b
030a
fe59
fff4
fb74
f43d
f979
fe80
0180
0180
fb80
0000
0900
0000
f700
fd00
fd00
fa00
0000
fe80
f700
0180
0600
f700
fd00
0480
0000
0480
0000
fa00
0180
0000
f580
fd00
0a80
0180
fd00
0000
fb80
fe80
0180
fb80
fd00
0780
0600
fd00
0000
0300
0480
0300
f700
f880
0000
0000
fe80
fb80
0000
0480
fe80
fb80
0480
0180
fb80
0600
0480
fe80
0a80
0900
fd00
0300
fe80
fb80
0300
fa00
fb80
0480
0180
0180
0480
0300
0300
0180
fa00
fe80
0600
fb80
fe80
0600
fb80
fd00
0480
fa00
fa00
0780
0000
fb80
0480
0180
fe80
0180
0180
fe80
fe80
fa00
0000
0600
fb80
fb80
0600
0480
fb80
0180
0480
0180
0480
fd00
f880
0900
0900
f400
fd00
0900
f700
fd00
0900
fa00
0300
0600
f700
0300
0300
f400
0600
0600
f100
0000
0600
f400
0000
0600
f700
0000
0600
f400
fa00
0900
fd00
fa00
0600
fd00
f700
fe80
f880
f700
0480
0180
fb80
0a80
0600
f700
0000
0480
f880
f700
0480
0600
0180
0000
0180
0300
0000
fa00
fb80
0600
0300
fa00
fd00
0180
fe80
0000
0000
f700
fb80
fec8
f2db
f6ad
0042
fd3d
fd69
0093
fd89
00b1
fda5
f4cb
fb7e
fec6
fbda
ff1c
fc2a
fde7
0408
0247
faa3
fc78
0130
fc9d
fb53
f89e
fc14
00d2
fc45
fb00
fcd0
fb83
fbcb
0480
0300
fb80
0180
0780
fd00
fa00
0480
0300
fe80
0300
fe80
fd00
0480
fe80
f700
0000
0600
0480
0480
0600
0480
0480
0300
0000
0480
0180
0180
0480
fe80
fe80
0780
0300
f580
0180
0a80
0180
0180
0900
0480
0000
0900
0000
f580
0000
0600
fd00
fa00
fe80
0300
0480
0180
0480
0780
fe80
0180
0480
f880
fe80
0900
fd00
f700
0480
0300
f700
fd00
fe80
fa00
0180
0180
f880
fb80
0300
fb80
f580
fe80
0300
fb80
fe80
0180
fe80
0180
0180
0000
0600
0180
f880
fe80
0300
fe80
0180
0300
fe80
0180
0180
fd00
0000
fb80
fa00
0600
0480
fd00
0480
0480
0000
0780
0180
fa00
0780
0600
f880
0300
0300
f700
0300
0600
fa00
0300
0300
fd00
0600
fd00
f400
0900
0300
f400
0900
0600
f400
0600
0300
f400
0600
0900
f700
0300
0600
fa00
0300
fd00
f400
0900
0900
f400
0000
0900
f400
fd00
0900
f400
fa00
0c00
fa00
f700
0600
0000
fa00
0300
0000
fd00
0000
fb80
fe80
0600
0180
fd00
0180
0480
0180
0300
fe80
fa00
0480
0600
fe80
0180
0900
0180
fb80
0480
0180
fb80
0000
0480
fd00
0180
0900
0000
0000
fe80
fb80
0600
0000
f700
0600
0600
fa00
0000
fd00
f700
0600
0600
f700
0300
0c00
fd00
0300
0900
fd00
0300
0900
fa00
0000
0900
fa00
fd00
0c00
0000
fd00
0900
0000
fd00
0600
0300
0000
0300
0000
fd00
0600
0300
fa00
0180
0600
0480
0480
fb80
fb80
0300
0480
0480
0000
fd00
0000
0300
0000
f700
f700
0300
0000
f400
fd00
0600
f700
fd00
0900
fa00
fa00
0900
fd00
fa00
0300
f700
fa00
0c00
0000
f700
0600
0000
fd00
0600
0000
0000
0780
0108
faf7
ffc7
fe4b
fe66
ffff
017f
05e7
0589
ff30
ff3d
03c9
ff0c
021b
07f9
fff9
017a
05e2
fe03
f6a3
fa39
0395
035b
fa25
fd83
082b
0328
f9f5
fd55
fa80
f4d8
fd00
0000
f880
fe80
0300
f700
fd00
0300
f700
fa00
0000
fd00
fe80
0180
fe80
0180
0600
0000
0180
0300
fb80
fb80
0480
fe80
fb80
0480
fb80
fa00
0300
fd00
f880
0600
0600
fa00
0300
0180
f880
fb80
fd00
fe80
fe80
0480
0000
fd00
0480
fd00
fe80
0900
fe80
fa00
0480
fe80
f880
0600
0480
f700
0300
0600
fd00
0480
0300
f880
0180
0600
fa00
0000
0a80
0300
0180
0480
0000
0480
0480
0000
0780
0780
0180
0000
0300
0180
fa00
fd00
0000
fa00
0000
0c00
0000
fa00
0900
0600
0000
0600
0300
0000
0600
0300
fd00
0000
0180
0300
0300
0480
0300
0180
0180
fa00
f880
0300
0780
0000
0000
0480
0000
0480
0600
fe80
fe80
0180
fd00
0000
0780
0000
fa00
0180
0600
0000
fd00
0180
0240
0180
ff40
0180
03c0
00c0
0300
0240
00c0
fe80
fdc0
0240
fe80
fe80
0180
ff40
0300
0600
fe80
fa00
0480
0480
f880
0300
0900
fd00
0180
0600
fa00
fd00
0480
fb80
fd00
0300
fa00
0300
0900
f700
0000
0900
f700
0000
0900
f400
fd00
0f00
fa00
fa00
0f00
0000
fd00
0900
fa00
f700
0300
fa00
fa00
0900
0000
fd00
0900
fd00
fa00
0900
fe80
f700
0480
0600
fe80
0300
0000
fa00
0300
0000
fb80
0780
0000
f580
0180
0180
f700
0300
0600
f700
fd00
0600
f400
f100
0000
fd00
fd00
0900
0000
f700
0600
0300
f700
0300
0300
0000
0300
f700
fa00
0c00
0000
f700
0300
0000
fd00
0600
fd00
fa00
0c00
0600
fa00
0600
0300
fd00
0300
fd00
fa00
0300
fd00
fd00
0900
fa00
fd00
0c00
fa00
f700
0c00
0000
f100
0600
0c00
fa00
0000
0900
fa00
fa00
0300
f700
fa00
0900
fd00
fb80
0600
fd00
fd00
0300
fa00
0000
0780
fa00
fa00
0600
fb80
f580
0480
0180
f880
0000
0000
fd00
0000
0300
fe80
fa00
fd00
fd00
0000
fe80
f880
fe80
fa00
fa00
0300
fe80
f700
fb80
0300
0180
fb80
fd00
0300
fe80
fd00
0300
0180
fd00
0180
0480
fd00
f700
0180
0480
f880
0000
0600
fa00
0000
0480
fb80
fe80
0a80
0180
f700
0000
fe80
fb80
03c0
0540
0180
0300
0300
fd00
fe80
03c0
00c0
fe80
0180
fdc0
fe80
0240
0000
0000
0180
fe80
fe80
0300
fe80
fa00
0600
0300
f580
fe80
0900
fe80
fa00
0480
0000
fd00
0780
fe80
fb80
0480
0000
0180
0300
fb80
0300
0480
fa00
0600
0900
fa00
0300
0600
0000
0900
0300
fa00
0900
0600
f400
0000
0900
fa00
0000
0900
0000
0300
0600
0000
0300
0c00
0300
0300
0c00
0000
fa00
0600
0000
fa00
0600
0600
fa00
0000
0600
fa00
0300
0780
f880
0300
0600
f580
fd00
0300
fa00
fd00
0180
fa00
0000
0780
fb80
0000
0900
fd00
fb80
0480
fd00
fb80
0000
fd00
0000
0180
f880
fd00
0180
fb80
0180
0780
fa00
fb80
0780
fe80
f880
0000
0300
0300
0180
fd00
0300
0180
fa00
0480
0180
f700
0180
0600
fa00
fa00
0180
fd00
fe80
0600
0000
fe80
0180
fb80
0000
0600
fd00
0000
0780
fd00
fa00
0480
fe80
fa00
0900
0000
f580
0480
0300
f880
0480
0a80
fa00
0000
0900
f700
0000
0600
f700
0300
0600
f400
fd00
0c00
fd00
fa00
0600
fa00
fd00
0f00
0000
f700
0c00
0300
f100
fd00
0000
fa00
0300
0300
fa00
0000
0300
fd00
0180
fd00
fd00
0900
0300
fb80
0300
0180
fb80
0180
fe80
fb80
0780
0180
fa00
0180
0480
fb80
fa00
0180
fd00
fe80
0600
fe80
0000
0a80
fb80
f580
0600
0180
f700
0180
0600
0180
0600
0000
fb80
0a80
0480
f880
0600
0600
fb80
0000
0300
0300
0a80
0300
fb80
0900
0600
f880
fd00
0180
fe80
0600
0900
0300
0180
0180
0180
0000
fe80
fd00
0300
0480
fa00
fd00
0300
f880
fe80
0780
f880
fb80
0480
f580
f880
0600
fa00
f700
0600
fd00
f400
0600
0300
f400
0000
0300
fa00
0300
0000
fa00
0600
0300
fd00
0300
fd00
f400
0300
0900
fd00
0000
0600
fd00
fa00
0000
0000
0000
0000
f700
fd00
0600
fb80
fa00
0480
0300
fe80
fb80
f700
fe80
0300
f700
fb80
0780
0000
fe80
fe80
f880
fd78
00a0
ff16
0524
04d2
fe84
fe9c
0032
002f
032c
0179
fce1
fe93
032a
fcf7
f8a7
0480
0780
0000
0180
0600
fe80
0000
0600
fa00
fd00
0600
fb80
fb80
0180
0180
0000
fd00
0000
0600
0300
fd00
0600
0300
fa00
0900
0f00
fd00
fa00
0300
0300
0000
0000
fd00
0300
0a80
fd00
f880
0600
0480
0000
0300
fa00
fb80
0780
fd00
f880
0480
0000
0180
0480
fb80
fe80
0780
0180
fa00
0480
0480
fa00
0180
0780
0180
0000
0300
0480
0180
fa00
fe80
0300
fe80
0300
0a80
0300
fe80
0780
0600
fe80
0000
0300
0180
0180
fd00
0480
0000
fd00
0600
fe80
fe80
0780
fd00
fb80
0300
fa00
fd00
0480
fa00
fd00
0600
0000
fd00
0300
0300
0600
0300
fd00
0300
0900
fd00
fd00
0600
fa00
fa00
0c00
0180
fa00
0a80
0480
f580
0480
0180
f580
0780
0600
f700
0000
0480
fa00
fe80
0480
fb80
0000
0900
fb80
f700
0180
0300
fa00
fb80
0180
fd00
0000
0000
f580
0000
0600
f400
fa00
0300
f400
f700
0300
f700
f700
0900
fd00
f700
0c00
0900
fa00
0300
0300
f700
fb80
fe80
fa00
0180
0600
fe80
fe80
0000
fb80
fe80
0480
fd00
fe80
0780
0180
fa00
0180
0300
fd00
0480
0480
f880
fd00
0780
fe80
fb80
0300
fe80
fd00
0000
fa00
f880
0180
fe80
f880
fe80
fb80
f880
0300
fd00
f580
0300
0180
f880
0300
0a80
fa00
f700
0480
0180
fe80
0300
0180
fe80
0300
0180
fe80
0780
0600
fd00
0600
0600
fa00
0000
0300
fd00
fe80
0780
0900
0000
0480
0780
0480
0000
0180
0780
fe80
fe80
0900
fd00
f880
0600
0300
fb80
0600
0480
fe80
0300
fb80
fa00
0480
0300
fa00
0600
0900
fa00
0300
0300
f700
0600
0900
f700
0000
0c00
fd00
fd00
0900
0000
fd00
0600
fd00
fa00
0300
f700
fa00
0600
fa00
fd00
0c00
0000
fd00
0f00
0600
fa00
0900
0300
f400
0480
0780
f700
0780
0a80
fa00
0480
0180
f700
0600
0300
fd00
0780
fe80
fd00
0900
fd00
f700
0480
fd00
f580
fe80
fa00
fa00
0480
0000
f880
0480
0780
fa00
fe80
0480
0000
0300
0000
fa00
0600
0300
f400
fd00
0900
fa00
fd00
0900
0300
fd00
0300
0300
fd00
fd00
fd00
0000
0600
fd00
0000
0c00
fd00
0000
0c00
fd00
0000
0c00
fd00
fa00
0900
fd00
fa00
0c00
0300
fa00
0600
0300
fa00
0300
0300
fd00
0300
0300
fa00
0000
0600
fb80
fd00
0780
0300
0180
0780
fd00
fe80
0900
fa00
f880
0900
fe80
f700
0480
0000
fd00
0780
fb80
f880
0900
0480
fb80
0600
0480
fa00
0000
0300
fd00
0180
0780
0108
ff77
03ff
ff3f
fc4b
fe06
0126
0413
ff52
fddc
027f
fdd6
fdf9
0599
fac0
f214
fd00
0480
fd00
fa00
fd00
fe80
0180
0300
fe80
0000
0480
fe80
0000
0600
0000
fe80
0780
0300
fd00
0180
0300
fd00
0000
0300
fb80
0480
0600
fd00
0780
0600
fa00
fe80
0c00
0000
f700
0300
fd00
fd00
0900
0000
fd00
0600
fd00
fa00
0900
0300
fa00
0900
0900
fa00
0600
0c00
fa00
fd00
0600
fa00
0000
0900
fa00
fd00
0c00
0300
f700
fd00
fd00
fd00
0300
fd00
fa00
0000
fd00
fd00
0300
fd00
fd00
0900
fd00
f400
0300
fd00
f700
0900
0300
fa00
0600
fd00
f700
0300
fa00
fd00
0f00
0000
f400
0900
0600
f100
0000
0900
f700
0000
0600
f100
fd00
0c00
f700
fd00
0c00
f400
fd00
0f00
f700
fa00
0c00
fa00
fd00
0c00
f700
fa00
0c00
f700
f700
0f00
fd00
f400
0900
0000
f400
0600
0300
f700
0600
0600
fa00
0300
0300
f400
0000
0000
f400
0600
0300
fa00
0300
fa00
f100
0300
0000
ee00
0000
0600
fa00
0000
fa00
f100
0300
0300
f100
fd00
0600
f400
fd00
0600
f100
fa00
0c00
f700
fa00
0c00
f700
f400
0600
fa00
fa00
0900
fa00
fa00
0600
f700
fa00
0600
fa00
fa00
0300
f400
f700
0900
f400
f100
0900
0000
f400
0900
0300
ee00
0300
0600
f400
0000
0000
f700
0300
fd00
f100
0000
0000
f700
0300
fd00
f700
0c00
0600
f100
0300
0c00
f400
fa00
0c00
fd00
fa00
0300
fa00
0000
0c00
fa00
fd00
1200
0000
fd00
0f00
0000
fd00
0f00
0000
f700
0c00
0300
f400
0900
0900
f700
0600
0c00
fa00
0300
0f00
0300
0000
0600
0600
0000
0000
0000
0300
0600
0000
fd00
fb80
fe80
0480
0180
0180
0900
0480
fa00
fd00
0180
fd00
0000
0600
fd00
fe80
0300
0000
0000
fe80
fd00
0480
0600
fb80
fb80
0480
fe80
f700
fd00
0480
0300
fd00
0000
0180
0480
0600
0180
0600
0000
fb80
0600
0600
fe80
0000
0300
0000
0000
0480
0300
02d0
0a23
0380
fd48
04f3
04a4
0459
0294
ff6a
0273
03cc
020f
006e
0667
0600
fca0
0480
0780
fb80
0180
0600
f700
fb80
0900
fb80
fa00
0480
fb80
f880
0480
fb80
fa00
0c00
0000
f400
0300
0000
fa00
0600
fd00
f700
0900
0300
f700
0900
0300
f400
0600
0300
f400
0600
0900
f700
0300
0600
f700
0000
0300
f400
fd00
0600
fa00
fd00
0900
0000
0000
0600
0180
0600
0780
fd00
0000
0900
fe80
fb80
0480
0000
0180
0480
0000
0000
0180
fd00
fd00
fe80
f880
fd00
0480
0180
0180
0600
0180
fd00
0480
0300
fa00
0600
0c00
0000
0300
0600
fd00
0600
0900
f700
0000
0c00
fa00
fd00
0c00
0000
fd00
0900
0000
fa00
0300
fd00
fd00
0600
fd00
fd00
0c00
0300
f700
0300
0300
fd00
0300
0180
fd00
0600
0180
f880
0480
0900
fd00
fe80
0480
fd00
fd00
0180
f880
fa00
0780
0000
fa00
0600
fd00
f400
0000
fa00
fa00
0600
fd00
f700
0600
fd00
f100
0300
0300
fa00
0300
0000
f700
0000
fd00
f700
0300
fd00
f400
0000
0300
fa00
fd00
fa00
f400
fe80
0180
f700
fe80
0480
fb80
0180
0480
f880
0180
0780
fb80
0180
0300
fd00
0600
0600
0000
0300
fd00
f700
0600
0900
f700
fd00
0c00
0300
fa00
0000
fd00
fd00
0900
0000
f880
0a80
0a80
fd00
0780
0780
fa00
0780
0780
fa00
0600
0900
fb80
0180
0600
f700
0000
0c00
fa00
0000
0f00
0300
fd00
0300
fa00
fd00
0c00
0000
f700
0900
0600
f880
0180
fe80
f880
0480
0600
0180
0300
0180
0300
0300
fb80
0000
0600
fd00
fe80
0300
f700
f700
0900
0180
f700
0780
0300
f700
0000
fb80
fa00
0a80
0480
f700
0480
0900
fa00
0000
0600
fa00
0600
0c00
f700
0000
0f00
fd00
fd00
0000
fa00
0600
0300
f400
0000
0c00
fd00
fa00
0600
fa00
fd00
0c00
fa00
f700
0900
0000
f700
0600
0300
f700
0600
0300
f400
0000
0600
fd00
0000
0600
fd00
0000
0600
fd00
0000
0300
0300
0000
fd00
fe80
0300
fd00
f700
0180
0300
fd00
0000
fe80
fd00
0180
fe80
fd00
0600
0600
fb80
fa00
0180
0000
fd00
0300
0300
0000
0480
0000
f580
fb80
0180
fa00
fd00
0330
fffd
fffd
02fd
02cd
ffa0
fca6
fcdb
fd0d
fd3c
f768
f4f1
04a2
0158
f842
01be
0000
fe80
0300
fa00
fa00
0780
0600
fd00
0180
0300
fb80
0180
0000
fa00
0300
0780
0180
0000
0780
0000
f700
fe80
0000
fe80
0480
0000
fb80
0600
0180
fa00
0000
0180
fa00
fa00
0180
fe80
fb80
0300
fe80
fd00
0600
0000
fa00
0180
fe80
f700
fd00
0000
f880
fbf8
00b8
faac
f802
0001
fe81
f719
fc27
0264
f93e
f52a
fbd7
fd99
03c0
0204
f700
0000
0600
fb80
f580
0300
0900
fd00
0300
0600
fa00
0180
0300
fd00
0780
0600
fa00
0000
0600
0000
0600
0900
fa00
0300
0c00
f700
0000
0c00
fa00
0300
1200
fd00
fd00
0c00
fd00
fa00
0900
fd00
fd00
0f00
0300
fa00
0c00
0600
fd00
0600
0300
fa00
fe80
0000
f880
0000
0480
fb80
0180
0780
fd00
fe80
0600
f880
f700
0780
0300
fe80
0600
0300
0000
0600
0000
fd00
0900
0300
f700
0900
0600
f700
0600
0300
f100
fd00
0300
f400
fd00
0300
fa00
0000
fd00
f400
0300
0600
f100
fd00
0900
f400
fd00
0c00
fa00
0000
0300
ee00
fd00
0900
f100
f700
0600
ee00
ee00
0300
f400
f100
0600
fa00
f400
0600
fa00
f100
0600
fd00
f100
0600
0000
ee00
0300
0300
f100
fd00
0600
fd00
0300
0000
f400
0600
0f00
f700
fa00
0600
f400
fa00
0900
fa00
0300
1200
fd00
fd00
0c00
fa00
f400
0900
0000
fa00
0c00
0000
f700
0600
0300
fa00
0300
fd00
fa00
0900
0000
0000
1500
0900
fd00
0f00
0900
f700
0600
0c00
fd00
0600
0c00
fa00
0300
1200
0180
fd00
0780
0180
0000
0480
fd00
0000
0780
0180
0180
0300
0000
0180
0180
fa00
fd00
0900
0000
fa00
0300
fd00
fd00
0000
fa00
0300
0900
fa00
fa00
0c00
0300
f400
fe80
0000
f700
0000
fe80
f580
0600
0780
fa00
0600
0900
fa00
fb80
fe80
fd00
fe80
fb80
fa00
fe80
0180
0000
fe80
0000
fa00
fb80
0180
f880
f880
0180
fd00
fa00
0180
0168
f851
fecc
fedf
f5f1
ff92
0898
fc0f
fc4e
0289
fc60
059a
0840
fbbc
0800
1080
fa00
fa00
0f00
0000
f400
0900
0300
fa00
0c00
0300
f700
0900
0600
f700
0300
0900
0000
0300
0000
fd00
0900
0600
0000
0600
0300
0300
0f00
0c00
fa00
fd00
0c00
0000
fd00
0c00
0300
0000
0c00
fd00
f400
0900
0600
fd00
0600
0300
0000
0900
0000
fa00
0480
0180
fb80
0480
0180
fa00
0180
0300
f880
0000
0a80
fd00
fe80
0300
f880
0300
0300
f400
0300
0900
f700
fd00
0600
f700
fd00
0600
fa00
fd00
0600
fa00
fa00
0900
fa00
f400
0900
fa00
f400
0c00
0300
f700
0900
0000
f400
0600
0300
f700
0600
0600
f700
0300
0780
fd00
0900
0780
f880
fe80
0000
f880
0180
fe80
f880
0780
0480
f700
0000
0480
f580
fa00
0780
0000
0180
0600
f880
f700
0180
fe80
f880
fe80
0000
fa00
fee0
04f2
0322
fff0
fe71
fb8a
f751
f95c
fcc6
f9f9
fd5a
ff04
fc13
fc52
fc8c
fb44
fa00
fd00
fe80
0180
fe80
0000
0600
fe80
0000
0300
fa00
0300
0600
f700
0000
0900
f700
fa00
0f00
0000
f400
0900
0600
f700
0300
0900
fd00
0000
0300
fa00
0000
0900
fa00
f700
0600
0780
0300
fe80
fd00
0300
0300
f700
fb80
0900
0000
fd00
0600
fb80
f400
0300
0300
fa00
0900
0f00
fd00
0000
0c00
fd00
f700
0900
0000
fa00
0600
0300
fa00
0300
0300
f700
fa00
0180
fe80
fb80
fe80
fd00
0180
0a80
fb80
f700
0180
f880
f880
0480
0000
fe80
0600
fe80
f880
fe80
0180
0000
fb80
0000
0300
fb80
0000
0600
fa00
fa00
0900
0180
fb80
0480
0300
0000
0300
0000
fe80
0600
0000
f880
0480
0600
fa00
0000
0a80
fe80
fa00
0480
0000
f880
0000
0000
fa00
0180
0300
fa00
0000
0480
fe80
fe80
0000
fd00
fe80
0300
0180
0180
0480
fe80
fa00
0180
fe80
fa00
0300
0000
fd00
0330
fcfd
fd2d
065a
fcf4
fd24
0052
fa4c
00a8
039d
f763
00ed
0cde
0310
02df
0600
f400
f400
0600
fd00
f700
0900
0300
fd00
0300
fa00
f700
0600
0600
fd00
0000
0480
fe80
fe80
0180
fe80
fb80
fe80
0000
fd00
fe80
0180
fe80
fe80
0600
0180
fd00
0180
fe80
fd00
fe80
0000
0000
fb80
fb80
0000
fd00
f700
fe80
0180
f880
0180
0600
fb80
0000
0600
fa00
fd00
0600
0000
0000
0180
fe80
0000
0000
0000
0480
0300
0000
0300
0300
fe80
0000
0180
fe80
0900
0a80
fb80
0300
0780
fb80
0000
0000
fa00
0600
0780
fb80
0000
0300
fd00
0180
0300
0480
0780
0180
fb80
0000
0300
fe80
0180
0300
ffd0
ffd3
fcd5
0008
0907
0276
fc4f
0589
0531
fbdd
081f
0a9d
faf3
0444
0fff
ffff
fb80
0600
fe80
fb80
0480
0480
0300
0480
0600
0480
fd00
0180
0480
0000
0000
0180
0300
0180
fd00
fd00
0300
fe80
f880
0300
0300
fb80
0600
0900
fa00
0000
0780
f700
f700
0300
fa00
f880
0480
fa00
fa00
0900
fe80
f880
0780
0480
fb80
0300
fe80
fa00
0480
0000
f880
0300
0180
f880
0180
0000
f700
0000
0480
0180
0300
0180
fd00
fe80
0600
0000
f700
0300
0c00
0300
0000
0300
fa00
fd00
0300
f700
fa00
0c00
0600
fa00
0180
0300
fd00
fd00
fa00
f700
0480
0780
f880
fb80
0780
fe80
f880
0300
0180
fd00
0180
fa00
f700
fe80
fe80
fb80
fb80
fd00
fd00
0180
fd00
f880
0300
fe80
f700
0000
0000
f700
0180
0600
f880
fe80
0300
f700
f880
0300
fd00
fa00
0180
0480
0180
fa00
f9a0
fdc6
fea9
fdff
fe1e
fefc
fe4d
fe68
0241
021d
fefb
02cb
029e
fdf4
fbd4
fe57
0180
0000
0180
0300
0000
fd00
fb80
0180
0180
fe80
0480
0000
fd00
0000
0000
fe80
0180
0480
fb80
fd00
0180
fd00
fe80
0780
0480
0180
0600
0180
fb80
fe80
0300
fb80
f700
0000
0300
0300
0600
0000
fd00
0900
0300
f700
0300
0300
fa00
0000
0000
fd00
0330
fcfd
f12d
fb1a
0168
fb51
fb9c
01e2
fbc3
f907
ff76
f67f
fa16
0375
fa3d
fa99
0600
fd00
f700
0600
0000
f100
0300
0600
f400
fd00
0300
f700
0000
0900
f700
fd00
0c00
fa00
f700
0300
fa00
fd00
0600
f700
f700
0600
fd00
0000
0f00
0000
0000
0f00
fa00
f400
0c00
0300
f700
0900
0600
fa00
0600
0300
fd00
0900
0300
fa00
0300
0000
fd00
0600
fd00
fa00
0600
fa00
f700
0900
0600
0000
0900
0000
fa00
0600
0900
fd00
0300
0c00
0600
0600
0600
0000
0300
0600
fa00
fd00
0900
fd00
fa00
0600
0300
f700
fd00
0300
fa00
fd00
fe80
fd00
0480
0300
fb80
fd00
0780
0600
0000
0300
0000
fd00
0300
0180
0000
0600
0000
f880
fd00
fe80
fe80
0180
fd00
0000
0780
0300
0000
0600
0600
0180
fe80
0000
0780
0180
fd00
0780
0780
fe80
fd00
0480
0600
fa00
fa00
0180
0180
0180
0180
0000
0000
0600
0300
f880
0480
0780
fb80
0180
0300
fb80
0180
0180
fd00
0600
0900
0300
0900
0900
fa00
0000
0900
fd00
0000
0600
fa00
0600
0c00
fa00
0300
0c00
fd00
0300
0900
fa00
0000
0600
fa00
fd00
0300
f700
fa00
0600
fd00
fd00
0780
0600
0000
0000
fe80
0180
0480
f700
f700
0600
0000
f880
fd00
0180
0780
fe80
f400
0000
0300
f400
fd00
0c00
0000
0300
0900
fa00
0000
0600
f700
fa00
0300
fd00
0180
0600
fe80
0180
0480
fa00
fb80
0600
fb80
fa00
0780
fd00
fa00
0600
0300
fa00
fa60
fdba
ff5e
00e8
fad9
fe2b
0448
fc84
fe3b
0457
fe12
fb30
02fd
ffcd
f550
fefb
0600
0000
0000
0000
fa00
fd00
0000
f400
fa00
0900
fd00
fd00
0c00
0300
fa00
0600
0000
f880
0a80
0600
f700
0480
0300
f580
0900
0a80
f700
0300
0900
f880
0000
0a80
fa00
0000
0c00
fa00
fa00
0900
0300
fd00
0300
0300
0000
0000
0000
fa00
fd00
0600
02c0
fe94
00aa
02a0
0076
006e
fd67
ff91
0597
013e
ff2a
0437
00f4
01e4
06c6
0059
0200
0800
fe00
fc00
0600
fe00
f800
0200
0200
fa00
0200
0800
fc00
0000
0800
fe00
0000
0400
fe00
0200
0300
fc00
0200
0600
fe00
0000
0300
ff00
0200
0600
ff00
fd00
0800
0400
fe00
0600
0200
fc00
0400
0200
fe00
0600
0200
fe00
0a00
0800
fa00
0000
0600
fe00
0000
0200
fa00
fe00
0000
fa00
fe00
0000
fe00
0200
0000
fe00
0000
0000
fd80
ffa8
01ad
ff12
fe21
fcbf
fcf3
ffa3
0029
01a6
020c
006b
0064
01de
fec0
ffd4
0700
0000
fb00
0200
0400
fc00
fc00
0000
ff00
0100
ff00
fd00
0100
0000
fd00
ff00
0210
ffef
01f0
05d1
fe73
ff8c
0393
fe5a
0174
055d
0207
fee6
fff8
fcf8
f828
fba6
ff00
0100
0100
fd00
0000
0600
0000
fa00
fe00
fe00
fc00
0000
ff00
fa00
0100
0400
fa00
fe00
0300
0000
0300
0000
fc00
0100
0000
f900
fe00
0700
0100
fe00
0000
fd00
ff00
0100
fd00
fe00
0500
0400
fe00
0000
0200
0300
0200
fa00
fb00
0000
0000
ff00
fd00
0000
0300
ff00
fd00
0300
0100
fd00
0400
0300
ff00
0700
0600
fe00
0200
ff00
fd00
0200
fc00
fd00
0300
0100
0100
0300
0200
0200
0100
fc00
ff00
0400
fd00
ff00
0400
fd00
fe00
0300
fc00
fc00
0500
0000
fd00
0300
0100
ff00
0100
0100
ff00
ff00
fc00
0000
0400
fd00
fd00
0400
0300
fd00
0100
0300
0100
0300
fe00
fb00
0600
0600
f800
fe00
0600
fa00
fe00
0600
fc00
0200
0400
fa00
0200
0200
f800
0400
0400
f600
0000
0400
f800
0000
0400
fa00
0000
0400
f800
fc00
0600
fe00
fc00
0400
fe00
fa00
ff00
fb00
fa00
0300
0100
fd00
0700
0400
fa00
0000
0300
fb00
fa00
0300
0400
0100
0000
0100
0200
0000
fc00
fd00
0400
0200
fc00
fe00
0100
ff00
0000
0000
fa00
fd00
ff30
f73d
f9c9
002c
fe29
fe46
0062
fe5b
0076
fe6e
f887
fcff
ff2f
fd3c
ff68
fd71
fe9a
02b0
0185
fc6c
fda5
00cb
fdbe
fce2
fb14
fd62
008c
fd83
fcab
fde0
fd02
fd32
0300
0200
fd00
0100
0500
fe00
fc00
0300
0200
ff00
0200
ff00
fe00
0300
ff00
fa00
0000
0400
0300
0300
0400
0300
0300
0200
0000
0300
0100
0100
0300
ff00
ff00
0500
0200
f900
0100
0700
0100
0100
0600
0300
0000
0600
0000
f900
0000
0400
fe00
fc00
ff00
0200
0300
0100
0300
0500
ff00
0100
0300
fb00
ff00
0600
fe00
fa00
0300
0200
fa00
fe00
ff00
fc00
0100
0100
fb00
fd00
0200
fd00
f900
ff00
0200
fd00
ff00
0100
ff00
0100
0100
0000
0400
0100
fb00
ff00
0200
ff00
0100
0200
ff00
0100
0100
fe00
0000
fd00
fc00
0400
0300
fe00
0300
0300
0000
0500
0100
fc00
0500
0400
fb00
0200
0200
fa00
0200
0400
fc00
0200
0200
fe00
0400
fe00
f800
0600
0200
f800
0600
0400
f800
0400
0200
f800
0400
0600
fa00
0200
0400
fc00
0200
fe00
f800
0600
0600
f800
0000
0600
f800
fe00
0600
f800
fc00
0800
fc00
fa00
0400
0000
fc00
0200
0000
fe00
0000
fd00
ff00
0400
0100
fe00
0100
0300
0100
0200
ff00
fc00
0300
0400
ff00
0100
0600
0100
fd00
0300
0100
fd00
0000
0300
fe00
0100
0600
0000
0000
ff00
fd00
0400
0000
fa00
0400
0400
fc00
0000
fe00
fa00
0400
0400
fa00
0200
0800
fe00
0200
0600
fe00
0200
0600
fc00
0000
0600
fc00
fe00
0800
0000
fe00
0600
0000
fe00
0400
0200
0000
0200
0000
fe00
0400
0200
fc00
0100
0400
0300
0300
fd00
fd00
0200
0300
0300
0000
fe00
0000
0200
0000
fa00
fa00
0200
0000
f800
fe00
0400
fa00
fe00
0600
fc00
fc00
0600
fe00
fc00
0200
fa00
fc00
0800
0000
fa00
0400
0000
fe00
0400
0000
0000
0500
00b0
fca5
ffda
fedc
feee
ffff
00ff
03ef
03b0
ff75
ff7e
0286
ff5d
0167
0551
fffb
00fc
03ec
fead
f9c2
fc26
0263
023d
fc19
fe57
0572
021a
fbf9
fe39
fc55
f890
fe00
0000
fb00
ff00
0200
fa00
fe00
0200
fa00
fc00
0000
fe00
ff00
0100
ff00
0100
0400
0000
0100
0200
fd00
fd00
0300
ff00
fd00
0300
fd00
fc00
0200
fe00
fb00
0400
0400
fc00
0200
0100
fb00
fd00
fe00
ff00
ff00
0300
0000
fe00
0300
fe00
ff00
0600
ff00
fc00
0300
ff00
fb00
0400
0300
fa00
0200
0400
fe00
0300
0200
fb00
0100
0400
fc00
0000
0700
0200
0100
0300
0000
0300
0300
0000
0500
0500
0100
0000
0200
0100
fc00
fe00
0000
fc00
0000
0800
0000
fc00
0600
0400
0000
0400
0200
0000
0400
0200
fe00
0000
0100
0200
0200
0300
0200
0100
0100
fc00
fb00
0200
0500
0000
0000
0300
0000
0300
0400
ff00
ff00
0100
fe00
0000
0500
0000
fc00
0100
0400
0000
fe00
0100
0180
0100
ff80
0100
0280
0080
0200
0180
0080
ff00
fe80
0180
ff00
ff00
0100
ff80
0200
0400
ff00
fc00
0300
0300
fb00
0200
0600
fe00
0100
0400
fc00
fe00
0300
fd00
fe00
0200
fc00
0200
0600
fa00
0000
0600
fa00
0000
0600
f800
fe00
0a00
fc00
fc00
0a00
0000
fe00
0600
fc00
fa00
0200
fc00
fc00
0600
0000
fe00
0600
fe00
fc00
0600
ff00
fa00
0300
0400
ff00
0200
0000
fc00
0200
0000
fd00
0500
0000
f900
0100
0100
fa00
0200
0400
fa00
fe00
0400
f800
f600
0000
fe00
fe00
0600
0000
fa00
0400
0200
fa00
0200
0200
0000
0200
fa00
fc00
0800
0000
fa00
0200
0000
fe00
0400
fe00
fc00
0800
0400
fc00
0400
0200
fe00
0200
fe00
fc00
0200
fe00
fe00
0600
fc00
fe00
0800
fc00
fa00
0800
0000
f600
0400
0800
fc00
0000
0600
fc00
fc00
0200
fa00
fc00
0600
fe00
fd00
0400
fe00
fe00
0200
fc00
0000
0500
fc00
fc00
0400
fd00
f900
0300
0100
fb00
0000
0000
fe00
0000
0200
ff00
fc00
fe00
fe00
0000
ff00
fb00
ff00
fc00
fc00
0200
ff00
fa00
fd00
0200
0100
fd00
fe00
0200
ff00
fe00
0200
0100
fe00
0100
0300
fe00
fa00
0100
0300
fb00
0000
0400
fc00
0000
0300
fd00
ff00
0700
0100
fa00
0000
ff00
fd00
0280
0380
0100
0200
0200
fe00
ff00
0280
0080
ff00
0100
fe80
ff00
0180
0000
0000
0100
ff00
ff00
0200
ff00
fc00
0400
0200
f900
ff00
0600
ff00
fc00
0300
0000
fe00
0500
ff00
fd00
0300
0000
0100
0200
fd00
0200
0300
fc00
0400
0600
fc00
0200
0400
0000
0600
0200
fc00
0600
0400
f800
0000
0600
fc00
0000
0600
0000
0200
0400
0000
0200
0800
0200
0200
0800
0000
fc00
0400
0000
fc00
0400
0400
fc00
0000
0400
fc00
0200
0500
fb00
0200
0400
f900
fe00
0200
fc00
fe00
0100
fc00
0000
0500
fd00
0000
0600
fe00
fd00
0300
fe00
fd00
0000
fe00
0000
0100
fb00
fe00
0100
fd00
0100
0500
fc00
fd00
0500
ff00
fb00
0000
0200
0200
0100
fe00
0200
0100
fc00
0300
0100
fa00
0100
0400
fc00
fc00
0100
fe00
ff00
0400
0000
ff00
0100
fd00
0000
0400
fe00
0000
0500
fe00
fc00
0300
ff00
fc00
0600
0000
f900
0300
0200
fb00
0300
0700
fc00
0000
0600
fa00
0000
0400
fa00
0200
0400
f800
fe00
0800
fe00
fc00
0400
fc00
fe00
0a00
0000
fa00
0800
0200
f600
fe00
0000
fc00
0200
0200
fc00
0000
0200
fe00
0100
fe00
fe00
0600
0200
fd00
0200
0100
fd00
0100
ff00
fd00
0500
0100
fc00
0100
0300
fd00
fc00
0100
fe00
ff00
0400
ff00
0000
0700
fd00
f900
0400
0100
fa00
0100
0400
0100
0400
0000
fd00
0700
0300
fb00
0400
0400
fd00
0000
0200
0200
0700
0200
fd00
0600
0400
fb00
fe00
0100
ff00
0400
0600
0200
0100
0100
0100
0000
ff00
fe00
0200
0300
fc00
fe00
0200
fb00
ff00
0500
fb00
fd00
0300
f900
fb00
0400
fc00
fa00
0400
fe00
f800
0400
0200
f800
0000
0200
fc00
0200
0000
fc00
0400
0200
fe00
0200
fe00
f800
0200
0600
fe00
0000
0400
fe00
fc00
0000
0000
0000
0000
fa00
fe00
0400
fd00
fc00
0300
0200
ff00
fd00
fa00
ff00
0200
fa00
fd00
0500
0000
ff00
ff00
fb00
fe50
006b
ff64
036d
0336
ff03
ff13
0021
001f
021d
00fb
fdeb
ff0d
021c
fdfa
fb1a
0300
0500
0000
0100
0400
ff00
0000
0400
fc00
fe00
0400
fd00
fd00
0100
0100
0000
fe00
0000
0400
0200
fe00
0400
0200
fc00
0600
0a00
fe00
fc00
0200
0200
0000
0000
fe00
0200
0700
fe00
fb00
0400
0300
0000
0200
fc00
fd00
0500
fe00
fb00
0300
0000
0100
0300
fd00
ff00
0500
0100
fc00
0300
0300
fc00
0100
0500
0100
0000
0200
0300
0100
fc00
ff00
0200
ff00
0200
0700
0200
ff00
0500
0400
ff00
0000
0200
0100
0100
fe00
0300
0000
fe00
0400
ff00
ff00
0500
fe00
fd00
0200
fc00
fe00
0300
fc00
fe00
0400
0000
fe00
0200
0200
0400
0200
fe00
0200
0600
fe00
fe00
0400
fc00
fc00
0800
0100
fc00
0700
0300
f900
0300
0100
f900
0500
0400
fa00
0000
0300
fc00
ff00
0300
fd00
0000
0600
fd00
fa00
0100
0200
fc00
fd00
0100
fe00
0000
0000
f900
0000
0400
f800
fc00
0200
f800
fa00
0200
fa00
fa00
0600
fe00
fa00
0800
0600
fc00
0200
0200
fa00
fd00
ff00
fc00
0100
0400
ff00
ff00
0000
fd00
ff00
0300
fe00
ff00
0500
0100
fc00
0100
0200
fe00
0300
0300
fb00
fe00
0500
ff00
fd00
0200
ff00
fe00
0000
fc00
fb00
0100
ff00
fb00
ff00
fd00
fb00
0200
fe00
f900
0200
0100
fb00
0200
0700
fc00
fa00
0300
0100
ff00
0200
0100
ff00
0200
0100
ff00
0500
0400
fe00
0400
0400
fc00
0000
0200
fe00
ff00
0500
0600
0000
0300
0500
0300
0000
0100
0500
ff00
ff00
0600
fe00
fb00
0400
0200
fd00
0400
0300
ff00
0200
fd00
fc00
0300
0200
fc00
0400
0600
fc00
0200
0200
fa00
0400
0600
fa00
0000
0800
fe00
fe00
0600
0000
fe00
0400
fe00
fc00
0200
fa00
fc00
0400
fc00
fe00
0800
0000
fe00
0a00
0400
fc00
0600
0200
f800
0300
0500
fa00
0500
0700
fc00
0300
0100
fa00
0400
0200
fe00
0500
ff00
fe00
0600
fe00
fa00
0300
fe00
f900
ff00
fc00
fc00
0300
0000
fb00
0300
0500
fc00
ff00
0300
0000
0200
0000
fc00
0400
0200
f800
fe00
0600
fc00
fe00
0600
0200
fe00
0200
0200
fe00
fe00
fe00
0000
0400
fe00
0000
0800
fe00
0000
0800
fe00
0000
0800
fe00
fc00
0600
fe00
fc00
0800
0200
fc00
0400
0200
fc00
0200
0200
fe00
0200
0200
fc00
0000
0400
fd00
fe00
0500
0200
0100
0500
fe00
ff00
0600
fc00
fb00
0600
ff00
fa00
0300
0000
fe00
0500
fd00
fb00
0600
0300
fd00
0400
0300
fc00
0000
0200
fe00
0100
0500
00b0
ffa5
02aa
ff7f
fd87
feaf
00c4
02b7
ff8c
fe93
01aa
fe8f
fea6
03bb
fc80
f6b8
fe00
0300
fe00
fc00
fe00
ff00
0100
0200
ff00
0000
0300
ff00
0000
0400
0000
ff00
0500
0200
fe00
0100
0200
fe00
0000
0200
fd00
0300
0400
fe00
0500
0400
fc00
ff00
0800
0000
fa00
0200
fe00
fe00
0600
0000
fe00
0400
fe00
fc00
0600
0200
fc00
0600
0600
fc00
0400
0800
fc00
fe00
0400
fc00
0000
0600
fc00
fe00
0800
0200
fa00
fe00
fe00
fe00
0200
fe00
fc00
0000
fe00
fe00
0200
fe00
fe00
0600
fe00
f800
0200
fe00
fa00
0600
0200
fc00
0400
fe00
fa00
0200
fc00
fe00
0a00
0000
f800
0600
0400
f600
0000
0600
fa00
0000
0400
f600
fe00
0800
fa00
fe00
0800
f800
fe00
0a00
fa00
fc00
0800
fc00
fe00
0800
fa00
fc00
0800
fa00
fa00
0a00
fe00
f800
0600
0000
f800
0400
0200
fa00
0400
0400
fc00
0200
0200
f800
0000
0000
f800
0400
0200
fc00
0200
fc00
f600
0200
0000
f400
0000
0400
fc00
0000
fc00
f600
0200
0200
f600
fe00
0400
f800
fe00
0400
f600
fc00
0800
fa00
fc00
0800
fa00
f800
0400
fc00
fc00
0600
fc00
fc00
0400
fa00
fc00
0400
fc00
fc00
0200
f800
fa00
0600
f800
f600
0600
0000
f800
0600
0200
f400
0200
0400
f800
0000
0000
fa00
0200
fe00
f600
0000
0000
fa00
0200
fe00
fa00
0800
0400
f600
0200
0800
f800
fc00
0800
fe00
fc00
0200
fc00
0000
0800
fc00
fe00
0c00
0000
fe00
0a00
0000
fe00
0a00
0000
fa00
0800
0200
f800
0600
0600
fa00
0400
0800
fc00
0200
0a00
0200
0000
0400
0400
0000
0000
0000
0200
0400
0000
fe00
fd00
ff00
0300
0100
0100
0600
0300
fc00
fe00
0100
fe00
0000
0400
fe00
ff00
0200
0000
0000
ff00
fe00
0300
0400
fd00
fd00
0300
ff00
fa00
fe00
0300
0200
fe00
0000
0100
0300
0400
0100
0400
0000
fd00
0400
0400
ff00
0000
0200
0000
0000
0300
0200
01e0
06c2
0255
fe30
034d
0318
02e6
01b8
ff9c
01a2
0288
015f
0049
0444
0400
fdc0
0300
0500
fd00
0100
0400
fa00
fd00
0600
fd00
fc00
0300
fd00
fb00
0300
fd00
fc00
0800
0000
f800
0200
0000
fc00
0400
fe00
fa00
0600
0200
fa00
0600
0200
f800
0400
0200
f800
0400
0600
fa00
0200
0400
fa00
0000
0200
f800
fe00
0400
fc00
fe00
0600
0000
0000
0400
0100
0400
0500
fe00
0000
0600
ff00
fd00
0300
0000
0100
0300
0000
0000
0100
fe00
fe00
ff00
fb00
fe00
0300
0100
0100
0400
0100
fe00
0300
0200
fc00
0400
0800
0000
0200
0400
fe00
0400
0600
fa00
0000
0800
fc00
fe00
0800
0000
fe00
0600
0000
fc00
0200
fe00
fe00
0400
fe00
fe00
0800
0200
fa00
0200
0200
fe00
0200
0100
fe00
0400
0100
fb00
0300
0600
fe00
ff00
0300
fe00
fe00
0100
fb00
fc00
0500
0000
fc00
0400
fe00
f800
0000
fc00
fc00
0400
fe00
fa00
0400
fe00
f600
0200
0200
fc00
0200
0000
fa00
0000
fe00
fa00
0200
fe00
f800
0000
0200
fc00
fe00
fc00
f800
ff00
0100
fa00
ff00
0300
fd00
0100
0300
fb00
0100
0500
fd00
0100
0200
fe00
0400
0400
0000
0200
fe00
fa00
0400
0600
fa00
fe00
0800
0200
fc00
0000
fe00
fe00
0600
0000
fb00
0700
0700
fe00
0500
0500
fc00
0500
0500
fc00
0400
0600
fd00
0100
0400
fa00
0000
0800
fc00
0000
0a00
0200
fe00
0200
fc00
fe00
0800
0000
fa00
0600
0400
fb00
0100
ff00
fb00
0300
0400
0100
0200
0100
0200
0200
fd00
0000
0400
fe00
ff00
0200
fa00
fa00
0600
0100
fa00
0500
0200
fa00
0000
fd00
fc00
0700
0300
fa00
0300
0600
fc00
0000
0400
fc00
0400
0800
fa00
0000
0a00
fe00
fe00
0000
fc00
0400
0200
f800
0000
0800
fe00
fc00
0400
fc00
fe00
0800
fc00
fa00
0600
0000
fa00
0400
0200
fa00
0400
0200
f800
0000
0400
fe00
0000
0400
fe00
0000
0400
fe00
0000
0200
0200
0000
fe00
ff00
0200
fe00
fa00
0100
0200
fe00
0000
ff00
fe00
0100
ff00
fe00
0400
0400
fd00
fc00
0100
0000
fe00
0200
0200
0000
0300
0000
f900
fd00
0100
fc00
fe00
0220
fffe
fffe
01fe
01de
ffc0
fdc4
fde7
fe09
fe28
fa45
f8a1
0317
00e5
fad7
0129
0000
ff00
0200
fc00
fc00
0500
0400
fe00
0100
0200
fd00
0100
0000
fc00
0200
0500
0100
0000
0500
0000
fa00
ff00
0000
ff00
0300
0000
fd00
0400
0100
fc00
0000
0100
fc00
fc00
0100
ff00
fd00
0200
ff00
fe00
0400
0000
fc00
0100
ff00
fa00
fe00
0000
fb00
fd50
007b
fc73
faac
0001
ff01
fa10
fd6f
0198
fb7e
f8c6
fd3a
fe66
0280
0158
fa00
0000
0400
fd00
f900
0200
0600
fe00
0200
0400
fc00
0100
0200
fe00
0500
0400
fc00
0000
0400
0000
0400
0600
fc00
0200
0800
fa00
0000
0800
fc00
0200
0c00
fe00
fe00
0800
fe00
fc00
0600
fe00
fe00
0a00
0200
fc00
0800
0400
fe00
0400
0200
fc00
ff00
0000
fb00
0000
0300
fd00
0100
0500
fe00
ff00
0400
fb00
fa00
0500
0200
ff00
0400
0200
0000
0400
0000
fe00
0600
0200
fa00
0600
0400
fa00
0400
0200
f600
fe00
0200
f800
fe00
0200
fc00
0000
fe00
f800
0200
0400
f600
fe00
0600
f800
fe00
0800
fc00
0000
0200
f400
fe00
0600
f600
fa00
0400
f400
f400
0200
f800
f600
0400
fc00
f800
0400
fc00
f600
0400
fe00
f600
0400
0000
f400
0200
0200
f600
fe00
0400
fe00
0200
0000
f800
0400
0a00
fa00
fc00
0400
f800
fc00
0600
fc00
0200
0c00
fe00
fe00
0800
fc00
f800
0600
0000
fc00
0800
0000
fa00
0400
0200
fc00
0200
fe00
fc00
0600
0000
0000
0e00
0600
fe00
0a00
0600
fa00
0400
0800
fe00
0400
0800
fc00
0200
0c00
0100
fe00
0500
0100
0000
0300
fe00
0000
0500
0100
0100
0200
0000
0100
0100
fc00
fe00
0600
0000
fc00
0200
fe00
fe00
0000
fc00
0200
0600
fc00
fc00
0800
0200
f800
ff00
0000
fa00
0000
ff00
f900
0400
0500
fc00
0400
0600
fc00
fd00
ff00
fe00
ff00
fd00
fc00
ff00
0100
0000
ff00
0000
fc00
fd00
0100
fb00
fb00
0100
fe00
fc00
0100
00f0
fae1
ff32
ff3f
f94b
ffb6
05bb
fd5f
fd89
01b0
fd95
03bc
0580
fd28
0555
0b00
fc00
fc00
0a00
0000
f800
0600
0200
fc00
0800
0200
fa00
0600
0400
fa00
0200
0600
0000
0200
0000
fe00
0600
0400
0000
0400
0200
0200
0a00
0800
fc00
fe00
0800
0000
fe00
0800
0200
0000
0800
fe00
f800
0600
0400
fe00
0400
0200
0000
0600
0000
fc00
0300
0100
fd00
0300
0100
fc00
0100
0200
fb00
0000
0700
fe00
ff00
0200
fb00
0200
0200
f800
0200
0600
fa00
fe00
0400
fa00
fe00
0400
fc00
fe00
0400
fc00
fc00
0600
fc00
f800
0600
fc00
f800
0800
0200
fa00
0600
0000
f800
0400
0200
fa00
0400
0400
fa00
0200
0500
fe00
0600
0500
fb00
ff00
0000
fb00
0100
ff00
fb00
0500
0300
fa00
0000
0300
f900
fc00
0500
0000
0100
0400
fb00
fa00
0100
ff00
fb00
ff00
0000
fc00
ff40
034c
0217
fff5
fef6
fd06
fa36
fb92
fdd9
fbfb
fe3c
ff58
fd62
fd8c
fdb3
fcd8
fc00
fe00
ff00
0100
ff00
0000
0400
ff00
0000
0200
fc00
0200
0400
fa00
0000
0600
fa00
fc00
0a00
0000
f800
0600
0400
fa00
0200
0600
fe00
0000
0200
fc00
0000
0600
fc00
fa00
0400
0500
0200
ff00
fe00
0200
0200
fa00
fd00
0600
0000
fe00
0400
fd00
f800
0200
0200
fc00
0600
0a00
fe00
0000
0800
fe00
fa00
0600
0000
fc00
0400
0200
fc00
0200
0200
fa00
fc00
0100
ff00
fd00
ff00
fe00
0100
0700
fd00
fa00
0100
fb00
fb00
0300
0000
ff00
0400
ff00
fb00
ff00
0100
0000
fd00
0000
0200
fd00
0000
0400
fc00
fc00
0600
0100
fd00
0300
0200
0000
0200
0000
ff00
0400
0000
fb00
0300
0400
fc00
0000
0700
ff00
fc00
0300
0000
fb00
0000
0000
fc00
0100
0200
fc00
0000
0300
ff00
ff00
0000
fe00
ff00
0200
0100
0100
0300
ff00
fc00
0100
ff00
fc00
0200
0000
fe00
0220
fdfe
fe1e
043c
fdf8
fe18
0036
fc33
0070
0269
fa42
009e
0894
020a
01ea
0400
f800
f800
0400
fe00
fa00
0600
0200
fe00
0200
fc00
fa00
0400
0400
fe00
0000
0300
ff00
ff00
0100
ff00
fd00
ff00
0000
fe00
ff00
0100
ff00
ff00
0400
0100
fe00
0100
ff00
fe00
ff00
0000
0000
fd00
fd00
0000
fe00
fa00
ff00
0100
fb00
0100
0400
fd00
0000
0400
fc00
fe00
0400
0000
0000
0100
ff00
0000
0000
0000
0300
0200
0000
0200
0200
ff00
0000
0100
ff00
0600
0700
fd00
0200
0500
fd00
0000
0000
fc00
0400
0500
fd00
0000
0200
fe00
0100
0200
0300
0500
0100
fd00
0000
0200
ff00
0100
0200
ffe0
ffe2
fde3
0005
0605
01a4
fd8a
03b1
0376
fd3e
056a
0713
fca2
02d8
0aaa
ffff
fd00
0400
ff00
fd00
0300
0300
0200
0300
0400
0300
fe00
0100
0300
0000
0000
0100
0200
0100
fe00
fe00
0200
ff00
fb00
0200
0200
fd00
0400
0600
fc00
0000
0500
fa00
fa00
0200
fc00
fb00
0300
fc00
fc00
0600
ff00
fb00
0500
0300
fd00
0200
ff00
fc00
0300
0000
fb00
0200
0100
fb00
0100
0000
fa00
0000
0300
0100
0200
0100
fe00
ff00
0400
0000
fa00
0200
0800
0200
0000
0200
fc00
fe00
0200
fa00
fc00
0800
0400
fc00
0100
0200
fe00
fe00
fc00
fa00
0300
0500
fb00
fd00
0500
ff00
fb00
0200
0100
fe00
0100
fc00
fa00
ff00
ff00
fd00
fd00
fe00
fe00
0100
fe00
fb00
0200
ff00
fa00
0000
0000
fa00
0100
0400
fb00
ff00
0200
fa00
fb00
0200
fe00
fc00
0100
0300
0100
fc00
fbc0
fe84
ff1b
feaa
febf
ff53
fede
fef0
0181
0168
ff52
01dc
01be
fea2
fd38
fee4
0100
0000
0100
0200
0000
fe00
fd00
0100
0100
ff00
0300
0000
fe00
0000
0000
ff00
0100
0300
fd00
fe00
0100
fe00
ff00
0500
0300
0100
0400
0100
fd00
ff00
0200
fd00
fa00
0000
0200
0200
0400
0000
fe00
0600
0200
fa00
0200
0200
fc00
0000
0000
fe00
0220
fdfe
f61e
fcbc
00f0
fce1
fd12
0141
fd2d
fb5a
ffa4
f9aa
fc0f
024e
fc29
fc66
0400
fe00
fa00
0400
0000
f600
0200
0400
f800
fe00
0200
fa00
0000
0600
fa00
fe00
0800
fc00
fa00
0200
fc00
fe00
0400
fa00
fa00
0400
fe00
0000
0a00
0000
0000
0a00
fc00
f800
0800
0200
fa00
0600
0400
fc00
0400
0200
fe00
0600
0200
fc00
0200
0000
fe00
0400
fe00
fc00
0400
fc00
fa00
0600
0400
0000
0600
0000
fc00
0400
0600
fe00
0200
0800
0400
0400
0400
0000
0200
0400
fc00
fe00
0600
fe00
fc00
0400
0200
fa00
fe00
0200
fc00
fe00
ff00
fe00
0300
0200
fd00
fe00
0500
0400
0000
0200
0000
fe00
0200
0100
0000
0400
0000
fb00
fe00
ff00
ff00
0100
fe00
0000
0500
0200
0000
0400
0400
0100
ff00
0000
0500
0100
fe00
0500
0500
ff00
fe00
0300
0400
fc00
fc00
0100
0100
0100
0100
0000
0000
0400
0200
fb00
0300
0500
fd00
0100
0200
fd00
0100
0100
fe00
0400
0600
0200
0600
0600
fc00
0000
0600
fe00
0000
0400
fc00
0400
0800
fc00
0200
0800
fe00
0200
0600
fc00
0000
0400
fc00
fe00
0200
fa00
fc00
0400
fe00
fe00
0500
0400
0000
0000
ff00
0100
0300
fa00
fa00
0400
0000
fb00
fe00
0100
0500
ff00
f800
0000
0200
f800
fe00
0800
0000
0200
0600
fc00
0000
0400
fa00
fc00
0200
fe00
0100
0400
ff00
0100
0300
fc00
fd00
0400
fd00
fc00
0500
fe00
fc00
0400
0200
fc00
fc40
fe7c
ff94
009a
fc91
fec7
02db
fdad
fed2
02e5
feb6
fccb
01fe
ffde
f8e0
ff52
0400
0000
0000
0000
fc00
fe00
0000
f800
fc00
0600
fe00
fe00
0800
0200
fc00
0400
0000
fb00
0700
0400
fa00
0300
0200
f900
0600
0700
fa00
0200
0600
fb00
0000
0700
fc00
0000
0800
fc00
fc00
0600
0200
fe00
0200
0200
0000
0000
0000
fc00
fe00
0400
02c0
fe94
00aa
02a0
0076
006e
fd67
ff91
0597
013e
ff2a
0437
00f4
01e4
06c6
0059
0200
0800
fe00
fc00
0600
fe00
f800
0200
0200
fa00
0200
0800
fc00
0000
0800
fe00
0000
0400
fe00
0200
0300
fc00
0200
0600
fe00
0000
0300
ff00
0200
0600
ff00
fd00
0800
0400
fe00
0600
0200
fc00
0400
0200
fe00
0600
0200
fe00
0a00
0800
fa00
0000
0600
fe00
0000
0200
fa00
fe00
0000
fa00
fe00
0000
fe00
0200
0000
fe00
0000
0000
fd80
ffa8
01ad
ff12
fe21
fcbf
fcf3
ffa3
0029
01a6
020c
006b
0064
01de
fec0
ffd4
0700
0000
fb00
0200
0400
fc00
fc00
0000
ff00
0100
ff00
fd00
0100
0000
fd00
ff00
0210
ffef
01f0
05d1
fe73
ff8c
0393
fe5a
0174
055d
0207
fee6
fff8
fcf8
f828
fba6
ff00
0100
0100
fd00
0000
0600
0000
fa00
fe00
fe00
fc00
0000
ff00
fa00
0100
0400
fa00
fe00
0300
0000
0300
0000
fc00
0100
0000
f900
fe00
0700
0100
fe00
0000
fd00
ff00
0100
fd00
fe00
0500
0400
fe00
0000
0200
0300
0200
fa00
fb00
0000
0000
ff00
fd00
0000
0300
ff00
fd00
0300
0100
fd00
0400
0300
ff00
0700
0600
fe00
0200
ff00
fd00
0200
fc00
fd00
0300
0100
0100
0300
0200
0200
0100
fc00
ff00
0400
fd00
ff00
0400
fd00
fe00
0300
fc00
fc00
0500
0000
fd00
0300
0100
ff00
0100
0100
ff00
ff00
fc00
0000
0400
fd00
fd00
0400
0300
fd00
0100
0300
0100
0300
fe00
fb00
0600
0600
f800
fe00
0600
fa00
fe00
0600
fc00
0200
0400
fa00
0200
0200
f800
0400
0400
f600
0000
0400
f800
0000
0400
fa00
0000
0400
f800
fc00
0600
fe00
fc00
0400
fe00
fa00
ff00
fb00
fa00
0300
0100
fd00
0700
0400
fa00
0000
0300
fb00
fa00
0300
0400
0100
0000
0100
0200
0000
fc00
fd00
0400
0200
fc00
fe00
0100
ff00
0000
0000
fa00
fd00
ff30
f73d
f9c9
002c
fe29
fe46
0062
fe5b
0076
fe6e
f887
fcff
ff2f
fd3c
ff68
fd71
fe9a
02b0
0185
fc6c
fda5
00cb
fdbe
fce2
fb14
fd62
008c
fd83
fcab
fde0
fd02
fd32
0300
0200
fd00
0100
0500
fe00
fc00
0300
0200
ff00
0200
ff00
fe00
0300
ff00
fa00
0000
0400
0300
0300
0400
0300
0300
0200
0000
0300
0100
0100
0300
ff00
ff00
0500
0200
f900
0100
0700
0100
0100
0600
0300
0000
0600
0000
f900
0000
0400
fe00
fc00
ff00
0200
0300
0100
0300
0500
ff00
0100
0300
fb00
ff00
0600
fe00
fa00
0300
0200
fa00
fe00
ff00
fc00
0100
0100
fb00
fd00
0200
fd00
f900
ff00
0200
fd00
ff00
0100
ff00
0100
0100
0000
0400
0100
fb00
ff00
0200
ff00
0100
0200
ff00
0100
0100
fe00
0000
fd00
fc00
0400
0300
fe00
0300
0300
0000
0500
0100
fc00
0500
0400
fb00
0200
0200
fa00
0200
0400
fc00
0200
0200
fe00
0400
fe00
f800
0600
0200
f800
0600
0400
f800
0400
0200
f800
0400
0600
fa00
0200
0400
fc00
0200
fe00
f800
0600
0600
f800
0000
0600
f800
fe00
0600
f800
fc00
0800
fc00
fa00
0400
0000
fc00
0200
0000
fe00
0000
fd00
ff00
0400
0100
fe00
0100
0300
0100
0200
ff00
fc00
0300
0400
ff00
0100
0600
0100
fd00
0300
0100
fd00
0000
0300
fe00
0100
0600
0000
0000
ff00
fd00
0400
0000
fa00
0400
0400
fc00
0000
fe00
fa00
0400
0400
fa00
0200
0800
fe00
0200
0600
fe00
0200
0600
fc00
0000
0600
fc00
fe00
0800
0000
fe00
0600
0000
fe00
0400
0200
0000
0200
0000
fe00
0400
0200
fc00
0100
0400
0300
0300
fd00
fd00
0200
0300
0300
0000
fe00
0000
0200
0000
fa00
fa00
0200
0000
f800
fe00
0400
fa00
fe00
0600
fc00
fc00
0600
fe00
fc00
0200
fa00
fc00
0800
0000
fa00
0400
0000
fe00
0400
0000
0000
0500
00b0
fca5
ffda
fedc
feee
ffff
00ff
03ef
03b0
ff75
ff7e
0286
ff5d
0167
0551
fffb
00fc
03ec
fead
f9c2
fc26
0263
023d
fc19
fe57
0572
021a
fbf9
fe39
fc55
f890
fe00
0000
fb00
ff00
0200
fa00
fe00
0200
fa00
fc00
0000
fe00
ff00
0100
ff00
0100
0400
0000
0100
0200
fd00
fd00
0300
ff00
fd00
0300
fd00
fc00
0200
fe00
fb00
0400
0400
fc00
0200
0100
fb00
fd00
fe00
ff00
ff00
0300
0000
fe00
0300
fe00
ff00
0600
ff00
fc00
0300
ff00
fb00
0400
0300
fa00
0200
0400
fe00
0300
0200
fb00
0100
0400
fc00
0000
0700
0200
0100
0300
0000
0300
0300
0000
0500
0500
0100
0000
0200
0100
fc00
fe00
0000
fc00
0000
0800
0000
fc00
0600
0400
0000
0400
0200
0000
0400
0200
fe00
0000
0100
0200
0200
0300
0200
0100
0100
fc00
fb00
0200
0500
0000
0000
0300
0000
0300
0400
ff00
ff00
0100
fe00
0000
0500
0000
fc00
0100
0400
0000
fe00
0100
0180
0100
ff80
0100
0280
0080
0200
0180
0080
ff00
fe80
0180
ff00
ff00
0100
ff80
0200
0400
ff00
fc00
0300
0300
fb00
0200
0600
fe00
0100
0400
fc00
fe00
0300
fd00
fe00
0200
fc00
0200
0600
fa00
0000
0600
fa00
0000
0600
f800
fe00
0a00
fc00
fc00
0a00
0000
fe00
0600
fc00
fa00
0200
fc00
fc00
0600
0000
fe00
0600
fe00
fc00
0600
ff00
fa00
0300
0400
ff00
0200
0000
fc00
0200
0000
fd00
0500
0000
f900
0100
0100
fa00
0200
0400
fa00
fe00
0400
f800
f600
0000
fe00
fe00
0600
0000
fa00
0400
0200
fa00
0200
0200
0000
0200
fa00
fc00
0800
0000
fa00
0200
0000
fe00
0400
fe00
fc00
0800
0400
fc00
0400
0200
fe00
0200
fe00
fc00
0200
fe00
fe00
0600
fc00
fe00
0800
fc00
fa00
0800
0000
f600
0400
0800
fc00
0000
0600
fc00
fc00
0200
fa00
fc00
0600
fe00
fd00
0400
fe00
fe00
0200
fc00
0000
0500
fc00
fc00
0400
fd00
f900
0300
0100
fb00
0000
0000
fe00
0000
0200
ff00
fc00
fe00
fe00
0000
ff00
fb00
ff00
fc00
fc00
0200
ff00
fa00
fd00
0200
0100
fd00
fe00
0200
ff00
fe00
0200
0100
fe00
0100
0300
fe00
fa00
0100
0300
fb00
0000
0400
fc00
0000
0300
fd00
ff00
0700
0100
fa00
0000
ff00
fd00
0280
0380
0100
0200
0200
fe00
ff00
0280
0080
ff00
0100
fe80
ff00
0180
0000
0000
0100
ff00
ff00
0200
ff00
fc00
0400
0200
f900
ff00
0600
ff00
fc00
0300
0000
fe00
0500
ff00
fd00
0300
0000
0100
0200
fd00
0200
0300
fc00
0400
0600
fc00
0200
0400
0000
0600
0200
fc00
0600
0400
f800
0000
0600
fc00
0000
0600
0000
0200
0400
0000
0200
0800
0200
0200
0800
0000
fc00
0400
0000
fc00
0400
0400
fc00
0000
0400
fc00
0200
0500
fb00
0200
0400
f900
fe00
0200
fc00
fe00
0100
fc00
0000
0500
fd00
0000
0600
fe00
fd00
0300
fe00
fd00
0000
fe00
0000
0100
fb00
fe00
0100
fd00
0100
0500
fc00
fd00
0500
ff00
fb00
0000
0200
0200
0100
fe00
0200
0100
fc00
0300
0100
fa00
0100
0400
fc00
fc00
0100
fe00
ff00
0400
0000
ff00
0100
fd00
0000
0400
fe00
0000
0500
fe00
fc00
0300
ff00
fc00
0600
0000
f900
0300
0200
fb00
0300
0700
fc00
0000
0600
fa00
0000
0400
fa00
0200
0400
f800
fe00
0800
fe00
fc00
0400
fc00
fe00
0a00
0000
fa00
0800
0200
f600
fe00
0000
fc00
0200
0200
fc00
0000
0200
fe00
0100
fe00
fe00
0600
0200
fd00
0200
0100
fd00
0100
ff00
fd00
0500
0100
fc00
0100
0300
fd00
fc00
0100
fe00
ff00
0400
ff00
0000
0700
fd00
f900
0400
0100
fa00
0100
0400
0100
0400
0000
fd00
0700
0300
fb00
0400
0400
fd00
0000
0200
0200
0700
0200
fd00
0600
0400
fb00
fe00
0100
ff00
0400
0600
0200
0100
0100
0100
0000
ff00
fe00
0200
0300
fc00
fe00
0200
fb00
ff00
0500
fb00
fd00
0300
f900
fb00
0400
fc00
fa00
0400
fe00
f800
0400
0200
f800
0000
0200
fc00
0200
0000
fc00
0400
0200
fe00
0200
fe00
f800
0200
0600
fe00
0000
0400
fe00
fc00
0000
0000
0000
0000
fa00
fe00
0400
fd00
fc00
0300
0200
ff00
fd00
fa00
ff00
0200
fa00
fd00
0500
0000
ff00
ff00
fb00
fe50
006b
ff64
036d
0336
ff03
ff13
0021
001f
021d
00fb
fdeb
ff0d
021c
fdfa
fb1a
0300
0500
0000
0100
0400
ff00
0000
0400
fc00
fe00
0400
fd00
fd00
0100
0100
0000
fe00
0000
0400
0200
fe00
0400
0200
fc00
0600
0a00
fe00
fc00
0200
0200
0000
0000
fe00
0200
0700
fe00
fb00
0400
0300
0000
0200
fc00
fd00
0500
fe00
fb00
0300
0000
0100
0300
fd00
ff00
0500
0100
fc00
0300
0300
fc00
0100
0500
0100
0000
0200
0300
0100
fc00
ff00
0200
ff00
0200
0700
0200
ff00
0500
0400
ff00
0000
0200
0100
0100
fe00
0300
0000
fe00
0400
ff00
ff00
0500
fe00
fd00
0200
fc00
fe00
0300
fc00
fe00
0400
0000
fe00
0200
0200
0400
0200
fe00
0200
0600
fe00
fe00
0400
fc00
fc00
0800
0100
fc00
0700
0300
f900
0300
0100
f900
0500
0400
fa00
0000
0300
fc00
ff00
0300
fd00
0000
0600
fd00
fa00
0100
0200
fc00
fd00
0100
fe00
0000
0000
f900
0000
0400
f800
fc00
0200
f800
fa00
0200
fa00
fa00
0600
fe00
fa00
0800
0600
fc00
0200
0200
fa00
fd00
ff00
fc00
0100
0400
ff00
ff00
0000
fd00
ff00
0300
fe00
ff00
0500
0100
fc00
0100
0200
fe00
0300
0300
fb00
fe00
0500
ff00
fd00
0200
ff00
fe00
0000
fc00
fb00
0100
ff00
fb00
ff00
fd00
fb00
0200
fe00
f900
0200
0100
fb00
0200
0700
fc00
fa00
0300
0100
ff00
0200
0100
ff00
0200
0100
ff00
0500
0400
fe00
0400
0400
fc00
0000
0200
fe00
ff00
0500
0600
0000
0300
0500
0300
0000
0100
0500
ff00
ff00
0600
fe00
fb00
0400
0200
fd00
0400
0300
ff00
0200
fd00
fc00
0300
0200
fc00
0400
0600
fc00
0200
0200
fa00
0400
0600
fa00
0000
0800
fe00
fe00
0600
0000
fe00
0400
fe00
fc00
0200
fa00
fc00
0400
fc00
fe00
0800
0000
fe00
0a00
0400
fc00
0600
0200
f800
0300
0500
fa00
0500
0700
fc00
0300
0100
fa00
0400
0200
fe00
0500
ff00
fe00
0600
fe00
fa00
0300
fe00
f900
ff00
fc00
fc00
0300
0000
fb00
0300
0500
fc00
ff00
0300
0000
0200
0000
fc00
0400
0200
f800
fe00
0600
fc00
fe00
0600
0200
fe00
0200
0200
fe00
fe00
fe00
0000
0400
fe00
0000
0800
fe00
0000
0800
fe00
0000
0800
fe00
fc00
0600
fe00
fc00
0800
0200
fc00
0400
0200
fc00
0200
0200
fe00
0200
0200
fc00
0000
0400
fd00
fe00
0500
0200
0100
0500
fe00
ff00
0600
fc00
fb00
0600
ff00
fa00
0300
0000
fe00
0500
fd00
fb00
0600
0300
fd00
0400
0300
fc00
0000
0200
fe00
0100
0500
00b0
ffa5
02aa
ff7f
fd87
feaf
00c4
02b7
ff8c
fe93
01aa
fe8f
fea6
03bb
fc80
f6b8
fe00
0300
fe00
fc00
fe00
ff00
0100
0200
ff00
0000
0300
ff00
0000
0400
0000
ff00
0500
0200
fe00
0100
0200
fe00
0000
0200
fd00
0300
0400
fe00
0500
0400
fc00
ff00
0800
0000
fa00
0200
fe00
fe00
0600
0000
fe00
0400
fe00
fc00
0600
0200
fc00
0600
0600
fc00
0400
0800
fc00
fe00
0400
fc00
0000
0600
fc00
fe00
0800
0200
fa00
fe00
fe00
fe00
0200
fe00
fc00
0000
fe00
fe00
0200
fe00
fe00
0600
fe00
f800
0200
fe00
fa00
0600
0200
fc00
0400
fe00
fa00
0200
fc00
fe00
0a00
0000
f800
0600
0400
f600
0000
0600
fa00
0000
0400
f600
fe00
0800
fa00
fe00
0800
f800
fe00
0a00
fa00
fc00
0800
fc00
fe00
0800
fa00
fc00
0800
fa00
fa00
0a00
fe00
f800
0600
0000
f800
0400
0200
fa00
0400
0400
fc00
0200
0200
f800
0000
0000
f800
0400
0200
fc00
0200
fc00
f600
0200
0000
f400
0000
0400
fc00
0000
fc00
f600
0200
0200
f600
fe00
0400
f800
fe00
0400
f600
fc00
0800
fa00
fc00
0800
fa00
f800
0400
fc00
fc00
0600
fc00
fc00
0400
fa00
fc00
0400
fc00
fc00
0200
f800
fa00
0600
f800
f600
0600
0000
f800
0600
0200
f400
0200
0400
f800
0000
0000
fa00
0200
fe00
f600
0000
0000
fa00
0200
fe00
fa00
0800
0400
f600
0200
0800
f800
fc00
0800
fe00
fc00
0200
fc00
0000
0800
fc00
fe00
0c00
0000
fe00
0a00
0000
fe00
0a00
0000
fa00
0800
0200
f800
0600
0600
fa00
0400
0800
fc00
0200
0a00
0200
0000
0400
0400
0000
0000
0000
0200
0400
0000
fe00
fd00
ff00
0300
0100
0100
0600
0300
fc00
fe00
0100
fe00
0000
0400
fe00
ff00
0200
0000
0000
ff00
fe00
0300
0400
fd00
fd00
0300
ff00
fa00
fe00
0300
0200
fe00
0000
0100
0300
0400
0100
0400
0000
fd00
0400
0400
ff00
0000
0200
0000
0000
0300
0200
01e0
06c2
0255
fe30
034d
0318
02e6
01b8
ff9c
01a2
0288
015f
0049
0444
0400
fdc0
0300
0500
fd00
0100
0400
fa00
fd00
0600
fd00
fc00
0300
fd00
fb00
0300
fd00
fc00
0800
0000
f800
0200
0000
fc00
0400
fe00
fa00
0600
0200
fa00
0600
0200
f800
0400
0200
f800
0400
0600
fa00
0200
0400
fa00
0000
0200
f800
fe00
0400
fc00
fe00
0600
0000
0000
0400
0100
0400
0500
fe00
0000
0600
ff00
fd00
0300
0000
0100
0300
0000
0000
0100
fe00
fe00
ff00
fb00
fe00
0300
0100
0100
0400
0100
fe00
0300
0200
fc00
0400
0800
0000
0200
0400
fe00
0400
0600
fa00
0000
0800
fc00
fe00
0800
0000
fe00
0600
0000
fc00
0200
fe00
fe00
0400
fe00
fe00
0800
0200
fa00
0200
0200
fe00
0200
0100
fe00
0400
0100
fb00
0300
0600
fe00
ff00
0300
fe00
fe00
0100
fb00
fc00
0500
0000
fc00
0400
fe00
f800
0000
fc00
fc00
0400
fe00
fa00
0400
fe00
f600
0200
0200
fc00
0200
0000
fa00
0000
fe00
fa00
0200
fe00
f800
0000
0200
fc00
fe00
fc00
f800
ff00
0100
fa00
ff00
0300
fd00
0100
0300
fb00
0100
0500
fd00
0100
0200
fe00
0400
0400
0000
0200
fe00
fa00
0400
0600
fa00
fe00
0800
0200
fc00
0000
fe00
fe00
0600
0000
fb00
0700
0700
fe00
0500
0500
fc00
0500
0500
fc00
0400
0600
fd00
0100
0400
fa00
0000
0800
fc00
0000
0a00
0200
fe00
0200
fc00
fe00
0800
0000
fa00
0600
0400
fb00
0100
ff00
fb00
0300
0400
0100
0200
0100
0200
0200
fd00
0000
0400
fe00
ff00
0200
fa00
fa00
0600
0100
fa00
0500
0200
fa00
0000
fd00
fc00
0700
0300
fa00
0300
0600
fc00
0000
0400
fc00
0400
0800
fa00
0000
0a00
fe00
fe00
0000
fc00
0400
0200
f800
0000
0800
fe00
fc00
0400
fc00
fe00
0800
fc00
fa00
0600
0000
fa00
0400
0200
fa00
0400
0200
f800
0000
0400
fe00
0000
0400
fe00
0000
0400
fe00
0000
0200
0200
0000
fe00
ff00
0200
fe00
fa00
0100
0200
fe00
0000
ff00
fe00
0100
ff00
fe00
0400
0400
fd00
fc00
0100
0000
fe00
0200
0200
0000
0300
0000
f900
fd00
0100
fc00
fe00
0220
fffe
fffe
01fe
01de
ffc0
fdc4
fde7
fe09
fe28
fa45
f8a1
0317
00e5
fad7
0129
0000
ff00
0200
fc00
fc00
0500
0400
fe00
0100
0200
fd00
0100
0000
fc00
0200
0500
0100
0000
0500
0000
fa00
ff00
0000
ff00
0300
0000
fd00
0400
0100
fc00
0000
0100
fc00
fc00
0100
ff00
fd00
0200
ff00
fe00
0400
0000
fc00
0100
ff00
fa00
fe00
0000
fb00
fd50
007b
fc73
faac
0001
ff01
fa10
fd6f
0198
fb7e
f8c6
fd3a
fe66
0280
0158
fa00
0000
0400
fd00
f900
0200
0600
fe00
0200
0400
fc00
0100
0200
fe00
0500
0400
fc00
0000
0400
0000
0400
0600
fc00
0200
0800
fa00
0000
0800
fc00
0200
0c00
fe00
fe00
0800
fe00
fc00
0600
fe00
fe00
0a00
0200
fc00
0800
0400
fe00
0400
0200
fc00
ff00
0000
fb00
0000
0300
fd00
0100
0500
fe00
ff00
0400
fb00
fa00
0500
0200
ff00
0400
0200
0000
0400
0000
fe00
0600
0200
fa00
0600
0400
fa00
0400
0200
f600
fe00
0200
f800
fe00
0200
fc00
0000
fe00
f800
0200
0400
f600
fe00
0600
f800
fe00
0800
fc00
0000
0200
f400
fe00
0600
f600
fa00
0400
f400
f400
0200
f800
f600
0400
fc00
f800
0400
fc00
f600
0400
fe00
f600
0400
0000
f400
0200
0200
f600
fe00
0400
fe00
0200
0000
f800
0400
0a00
fa00
fc00
0400
f800
fc00
0600
fc00
0200
0c00
fe00
fe00
0800
fc00
f800
0600
0000
fc00
0800
0000
fa00
0400
0200
fc00
0200
fe00
fc00
0600
0000
0000
0e00
0600
fe00
0a00
0600
fa00
0400
0800
fe00
0400
0800
fc00
0200
0c00
0100
fe00
0500
0100
0000
0300
fe00
0000
0500
0100
0100
0200
0000
0100
0100
fc00
fe00
0600
0000
fc00
0200
fe00
fe00
0000
fc00
0200
0600
fc00
fc00
0800
0200
f800
ff00
0000
fa00
0000
ff00
f900
0400
0500
fc00
0400
0600
fc00
fd00
ff00
fe00
ff00
fd00
fc00
ff00
0100
0000
ff00
0000
fc00
fd00
0100
fb00
fb00
0100
fe00
fc00
0100
00f0
fae1
ff32
ff3f
f94b
ffb6
05bb
fd5f
fd89
01b0
fd95
03bc
0580
fd28
0555
0b00
fc00
fc00
0a00
0000
f800
0600
0200
fc00
0800
0200
fa00
0600
0400
fa00
0200
0600
0000
0200
0000
fe00
0600
0400
0000
0400
0200
0200
0a00
0800
fc00
fe00
0800
0000
fe00
0800
0200
0000
0800
fe00
f800
0600
0400
fe00
0400
0200
0000
0600
0000
fc00
0300
0100
fd00
0300
0100
fc00
0100
0200
fb00
0000
0700
fe00
ff00
0200
fb00
0200
0200
f800
0200
0600
fa00
fe00
0400
fa00
fe00
0400
fc00
fe00
0400
fc00
fc00
0600
fc00
f800
0600
fc00
f800
0800
0200
fa00
0600
0000
f800
0400
0200
fa00
0400
0400
fa00
0200
0500
fe00
0600
0500
fb00
ff00
0000
fb00
0100
ff00
fb00
0500
0300
fa00
0000
0300
f900
fc00
0500
0000
0100
0400
fb00
fa00
0100
ff00
fb00
ff00
0000
fc00
ff40
034c
0217
fff5
fef6
fd06
fa36
fb92
fdd9
fbfb
fe3c
ff58
fd62
fd8c
fdb3
fcd8
fc00
fe00
ff00
0100
ff00
0000
0400
ff00
0000
0200
fc00
0200
0400
fa00
0000
0600
fa00
fc00
0a00
0000
f800
0600
0400
fa00
0200
0600
fe00
0000
0200
fc00
0000
0600
fc00
fa00
0400
0500
0200
ff00
fe00
0200
0200
fa00
fd00
0600
0000
fe00
0400
fd00
f800
0200
0200
fc00
0600
0a00
fe00
0000
0800
fe00
fa00
0600
0000
fc00
0400
0200
fc00
0200
0200
fa00
fc00
0100
ff00
fd00
ff00
fe00
0100
0700
fd00
fa00
0100
fb00
fb00
0300
0000
ff00
0400
ff00
fb00
ff00
0100
0000
fd00
0000
0200
fd00
0000
0400
fc00
fc00
0600
0100
fd00
0300
0200
0000
0200
0000
ff00
0400
0000
fb00
0300
0400
fc00
0000
0700
ff00
fc00
0300
0000
fb00
0000
0000
fc00
0100
0200
fc00
0000
0300
ff00
ff00
0000
fe00
ff00
0200
0100
0100
0300
ff00
fc00
0100
ff00
fc00
0200
0000
fe00
0220
fdfe
fe1e
043c
fdf8
fe18
0036
fc33
0070
0269
fa42
009e
0894
020a
01ea
0400
f800
f800
0400
fe00
fa00
0600
0200
fe00
0200
fc00
fa00
0400
0400
fe00
0000
0300
ff00
ff00
0100
ff00
fd00
ff00
0000
fe00
ff00
0100
ff00
ff00
0400
0100
fe00
0100
ff00
fe00
ff00
0000
0000
fd00
fd00
0000
fe00
fa00
ff00
0100
fb00
0100
0400
fd00
0000
0400
fc00
fe00
0400
0000
0000
0100
ff00
0000
0000
0000
0300
0200
0000
0200
0200
ff00
0000
0100
ff00
0600
0700
fd00
0200
0500
fd00
0000
0000
fc00
0400
0500
fd00
0000
0200
fe00
0100
0200
0300
0500
0100
fd00
0000
0200
ff00
0100
0200
ffe0
ffe2
fde3
0005
0605
01a4
fd8a
03b1
0376
fd3e
056a
0713
fca2
02d8
0aaa
ffff
fd00
0400
ff00
fd00
0300
0300
0200
0300
0400
0300
fe00
0100
0300
0000
0000
0100
0200
0100
fe00
fe00
0200
ff00
fb00
0200
0200
fd00
0400
0600
fc00
0000
0500
fa00
fa00
0200
fc00
fb00
0300
fc00
fc00
0600
ff00
fb00
0500
0300
fd00
0200
ff00
fc00
0300
0000
fb00
0200
0100
fb00
0100
0000
fa00
0000
0300
0100
0200
0100
fe00
ff00
0400
0000
fa00
0200
0800
0200
0000
0200
fc00
fe00
0200
fa00
fc00
0800
0400
fc00
0100
0200
fe00
fe00
fc00
fa00
0300
0500
fb00
fd00
0500
ff00
fb00
0200
0100
fe00
0100
fc00
fa00
ff00
ff00
fd00
fd00
fe00
fe00
0100
fe00
fb00
0200
ff00
fa00
0000
0000
fa00
0100
0400
fb00
ff00
0200
fa00
fb00
0200
fe00
fc00
0100
0300
0100
fc00
fbc0
fe84
ff1b
feaa
febf
ff53
fede
fef0
0181
0168
ff52
01dc
01be
fea2
fd38
fee4
0100
0000
0100
0200
0000
fe00
fd00
0100
0100
ff00
0300
0000
fe00
0000
0000
ff00
0100
0300
fd00
fe00
0100
fe00
ff00
0500
0300
0100
0400
0100
fd00
ff00
0200
fd00
fa00
0000
0200
0200
0400
0000
fe00
0600
0200
fa00
0200
0200
fc00
0000
0000
fe00
0220
fdfe
f61e
fcbc
00f0
fce1
fd12
0141
fd2d
fb5a
ffa4
f9aa
fc0f
024e
fc29
fc66
0400
fe00
fa00
0400
0000
f600
0200
0400
f800
fe00
0200
fa00
0000
0600
fa00
fe00
0800
fc00
fa00
0200
fc00
fe00
0400
fa00
fa00
0400
fe00
0000
0a00
0000
0000
0a00
fc00
f800
0800
0200
fa00
0600
0400
fc00
0400
0200
fe00
0600
0200
fc00
0200
0000
fe00
0400
fe00
fc00
0400
fc00
fa00
0600
0400
0000
0600
0000
fc00
0400
0600
fe00
0200
0800
0400
0400
0400
0000
0200
0400
fc00
fe00
0600
fe00
fc00
0400
0200
fa00
fe00
0200
fc00
fe00
ff00
fe00
0300
0200
fd00
fe00
0500
0400
0000
0200
0000
fe00
0200
0100
0000
0400
0000
fb00
fe00
ff00
ff00
0100
fe00
0000
0500
0200
0000
0400
0400
0100
ff00
0000
0500
0100
fe00
0500
0500
ff00
fe00
0300
0400
fc00
fc00
0100
0100
0100
0100
0000
0000
0400
0200
fb00
0300
0500
fd00
0100
0200
fd00
0100
0100
fe00
0400
0600
0200
0600
0600
fc00
0000
0600
fe00
0000
0400
fc00
0400
0800
fc00
0200
0800
fe00
0200
0600
fc00
0000
0400
fc00
fe00
0200
fa00
fc00
0400
fe00
fe00
0500
0400
0000
0000
ff00
0100
0300
fa00
fa00
0400
0000
fb00
fe00
0100
0500
ff00
f800
0000
0200
f800
fe00
0800
0000
0200
0600
fc00
0000
0400
fa00
fc00
0200
fe00
0100
0400
ff00
0100
0300
fc00
fd00
0400
fd00
fc00
0500
fe00
fc00
0400
0200
fc00
fc40
fe7c
ff94
009a
fc91
fec7
02db
fdad
fed2
02e5
feb6
fccb
01fe
ffde
f8e0
ff52
0400
0000
0000
0000
fc00
fe00
0000
f800
fc00
0600
fe00
fe00
0800
0200
fc00
0400
0000
fb00
0700
0400
fa00
0300
0200
f900
0600
0700
fa00
0200
0600
fb00
0000
0700
fc00
0000
0800
fc00
fc00
0600
0200
fe00
0200
0200
0000
0000
0000
fc00
fe00
0400
02c0
fe94
00aa
02a0
0076
006e
fd67
ff91
0597
013e
ff2a
0437
00f4
01e4
06c6
0059
0200
0800
fe00
fc00
0600
fe00
f800
0200
0200
fa00
0200
0800
fc00
0000
0800
fe00
0000
0400
fe00
0200
0300
fc00
0200
0600
fe00
0000
0300
ff00
0200
0600
ff00
fd00
0800
0400
fe00
0600
0200
fc00
0400
0200
fe00
0600
0200
fe00
0a00
0800
fa00
0000
0600
fe00
0000
0200
fa00
fe00
0000
fa00
fe00
0000
fe00
0200
0000
fe00
0000
0000
fd80
ffa8
01ad
ff12
fe21
fcbf
fcf3
ffa3
0029
01a6
020c
006b
0064
01de
fec0
ffd4
0700
0000
fb00
0200
0400
fc00
fc00
0000
ff00
0100
ff00
fd00
0100
0000
fd00
ff00
0210
ffef
01f0
05d1
fe73
ff8c
0393
fe5a
0174
055d
0207
fee6
fff8
fcf8
f828
fba6
ff00
0100
0100
fd00
0000
0600
0000
fa00
fe00
fe00
fc00
0000
ff00
fa00
0100
0400
fa00
fe00
0300
0000
0300
0000
fc00
0100
0000
f900
fe00
0700
0100
fe00
0000
fd00
ff00
0100
fd00
fe00
0500
0400
fe00
0000
0200
0300
0200
fa00
fb00
0000
0000
ff00
fd00
0000
0300
ff00
fd00
0300
0100
fd00
0400
0300
ff00
0700
0600
fe00
0200
ff00
fd00
0200
fc00
fd00
0300
0100
0100
0300
0200
0200
0100
fc00
ff00
0400
fd00
ff00
0400
fd00
fe00
0300
fc00
fc00
0500
0000
fd00
0300
0100
ff00
0100
0100
ff00
ff00
fc00
0000
0400
fd00
fd00
0400
0300
fd00
0100
0300
0100
0300
fe00
fb00
0600
0600
f800
fe00
0600
fa00
fe00
0600
fc00
0200
0400
fa00
0200
0200
f800
0400
0400
f600
0000
0400
f800
0000
0400
fa00
0000
0400
f800
fc00
0600
fe00
fc00
0400
fe00
fa00
ff00
fb00
fa00
0300
0100
fd00
0700
0400
fa00
0000
0300
fb00
fa00
0300
0400
0100
0000
0100
0200
0000
fc00
fd00
0400
0200
fc00
fe00
0100
ff00
0000
0000
fa00
fd00
ff30
f73d
f9c9
002c
fe29
fe46
0062
fe5b
0076
fe6e
f887
fcff
ff2f
fd3c
ff68
fd71
fe9a
02b0
0185
fc6c
fda5
00cb
fdbe
fce2
fb14
fd62
008c
fd83
fcab
fde0
fd02
fd32
0300
0200
fd00
0100
0500
fe00
fc00
0300
0200
ff00
0200
ff00
fe00
0300
ff00
fa00
0000
0400
0300
0300
0400
0300
0300
0200
0000
0300
0100
0100
0300
ff00
ff00
0500
0200
f900
0100
0700
0100
0100
0600
0300
0000
0600
0000
f900
0000
0400
fe00
fc00
ff00
0200
0300
0100
0300
0500
ff00
0100
0300
fb00
ff00
0600
fe00
fa00
0300
0200
fa00
fe00
ff00
fc00
0100
0100
fb00
fd00
0200
fd00
f900
ff00
0200
fd00
ff00
0100
ff00
0100
0100
0000
0400
0100
fb00
ff00
0200
ff00
0100
0200
ff00
0100
0100
fe00
0000
fd00
fc00
0400
0300
fe00
0300
0300
0000
0500
0100
fc00
0500
0400
fb00
0200
0200
fa00
0200
0400
fc00
0200
0200
fe00
0400
fe00
f800
0600
0200
f800
0600
0400
f800
0400
0200
f800
0400
0600
fa00
0200
0400
fc00
0200
fe00
f800
0600
0600
f800
0000
0600
f800
fe00
0600
f800
fc00
0800
fc00
fa00
0400
0000
fc00
0200
0000
fe00
0000
fd00
ff00
0400
0100
fe00
0100
0300
0100
0200
ff00
fc00
0300
0400
ff00
0100
0600
0100
fd00
0300
0100
fd00
0000
0300
fe00
0100
0600
0000
0000
ff00
fd00
0400
0000
fa00
0400
0400
fc00
0000
fe00
fa00
0400
0400
fa00
0200
0800
fe00
0200
0600
fe00
0200
0600
fc00
0000
0600
fc00
fe00
0800
0000
fe00
0600
0000
fe00
0400
0200
0000
0200
0000
fe00
0400
0200
fc00
0100
0400
0300
0300
fd00
fd00
0200
0300
0300
0000
fe00
0000
0200
0000
fa00
fa00
0200
0000
f800
fe00
0400
fa00
fe00
0600
fc00
fc00
0600
fe00
fc00
0200
fa00
fc00
0800
0000
fa00
0400
0000
fe00
0400
0000
0000
0500
00b0
fca5
ffda
fedc
feee
ffff
00ff
03ef
03b0
ff75
ff7e
0286
ff5d
0167
0551
fffb
00fc
03ec
fead
f9c2
fc26
0263
023d
fc19
fe57
0572
021a
fbf9
fe39
fc55
f890
fe00
0000
fb00
ff00
0200
fa00
fe00
0200
fa00
fc00
0000
fe00
ff00
0100
ff00
0100
0400
0000
0100
0200
fd00
fd00
0300
ff00
fd00
0300
fd00
fc00
0200
fe00
fb00
0400
0400
fc00
0200
0100
fb00
fd00
fe00
ff00
ff00
0300
0000
fe00
0300
fe00
ff00
0600
ff00
fc00
0300
ff00
fb00
0400
0300
fa00
0200
0400
fe00
0300
0200
fb00
0100
0400
fc00
0000
0700
0200
0100
0300
0000
0300
0300
0000
0500
0500
0100
0000
0200
0100
fc00
fe00
0000
fc00
0000
0800
0000
fc00
0600
0400
0000
0400
0200
0000
0400
0200
fe00
0000
0100
0200
0200
0300
0200
0100
0100
fc00
fb00
0200
0500
0000
0000
0300
0000
0300
0400
ff00
ff00
0100
fe00
0000
0500
0000
fc00
0100
0400
0000
fe00
0100
0180
0100
ff80
0100
0280
0080
0200
0180
0080
ff00
fe80
0180
ff00
ff00
0100
ff80
0200
0400
ff00
fc00
0300
0300
fb00
0200
0600
fe00
0100
0400
fc00
fe00
0300
fd00
fe00
0200
fc00
0200
0600
fa00
0000
0600
fa00
0000
0600
f800
fe00
0a00
fc00
fc00
0a00
0000
fe00
0600
fc00
fa00
0200
fc00
fc00
0600
0000
fe00
0600
fe00
fc00
0600
ff00
fa00
0300
0400
ff00
0200
0000
fc00
0200
0000
fd00
0500
0000
f900
0100
0100
fa00
0200
0400
fa00
fe00
0400
f800
f600
0000
fe00
fe00
0600
0000
fa00
0400
0200
fa00
0200
0200
0000
0200
fa00
fc00
0800
0000
fa00
0200
0000
fe00
0400
fe00
fc00
0800
0400
fc00
0400
0200
fe00
0200
fe00
fc00
0200
fe00
fe00
0600
fc00
fe00
0800
fc00
fa00
0800
0000
f600
0400
0800
fc00
0000
0600
fc00
fc00
0200
fa00
fc00
0600
fe00
fd00
0400
fe00
fe00
0200
fc00
0000
0500
fc00
fc00
0400
fd00
f900
0300
0100
fb00
0000
0000
fe00
0000
0200
ff00
fc00
fe00
fe00
0000
ff00
fb00
ff00
fc00
fc00
0200
ff00
fa00
fd00
0200
0100
fd00
fe00
0200
ff00
fe00
0200
0100
fe00
0100
0300
fe00
fa00
0100
0300
fb00
0000
0400
fc00
0000
0300
fd00
ff00
0700
0100
fa00
0000
ff00
fd00
0280
0380
0100
0200
0200
fe00
ff00
0280
0080
ff00
0100
fe80
ff00
0180
0000
0000
0100
ff00
ff00
0200
ff00
fc00
0400
0200
f900
ff00
0600
ff00
fc00
0300
0000
fe00
0500
ff00
fd00
0300
0000
0100
0200
fd00
0200
0300
fc00
0400
0600
fc00
0200
0400
0000
0600
0200
fc00
0600
0400
f800
0000
0600
fc00
0000
0600
0000
0200
0400
0000
0200
0800
0200
0200
0800
0000
fc00
0400
0000
fc00
0400
0400
fc00
0000
0400
fc00
0200
0500
fb00
0200
0400
f900
fe00
0200
fc00
fe00
0100
fc00
0000
0500
fd00
0000
0600
fe00
fd00
0300
fe00
fd00
0000
fe00
0000
0100
fb00
fe00
0100
fd00
0100
0500
fc00
fd00
0500
ff00
fb00
0000
0200
0200
0100
fe00
0200
0100
fc00
0300
0100
fa00
0100
0400
fc00
fc00
0100
fe00
ff00
0400
0000
ff00
0100
fd00
0000
0400
fe00
0000
0500
fe00
fc00
0300
ff00
fc00
0600
0000
f900
0300
0200
fb00
0300
0700
fc00
0000
0600
fa00
0000
0400
fa00
0200
0400
f800
fe00
0800
fe00
fc00
0400
fc00
fe00
0a00
0000
fa00
0800
0200
f600
fe00
0000
fc00
0200
0200
fc00
0000
0200
fe00
0100
fe00
fe00
0600
0200
fd00
0200
0100
fd00
0100
ff00
fd00
0500
0100
fc00
0100
0300
fd00
fc00
0100
fe00
ff00
0400
ff00
0000
0700
fd00
f900
0400
0100
fa00
0100
0400
0100
0400
0000
fd00
0700
0300
fb00
0400
0400
fd00
0000
0200
0200
0700
0200
fd00
0600
0400
fb00
fe00
0100
ff00
0400
0600
0200
0100
0100
0100
0000
ff00
fe00
0200
0300
fc00
fe00
0200
fb00
ff00
0500
fb00
fd00
0300
f900
fb00
0400
fc00
fa00
0400
fe00
f800
0400
0200
f800
0000
0200
fc00
0200
0000
fc00
0400
0200
fe00
0200
fe00
f800
0200
0600
fe00
0000
0400
fe00
fc00
0000
0000
0000
0000
fa00
fe00
0400
fd00
fc00
0300
0200
ff00
fd00
fa00
ff00
0200
fa00
fd00
0500
0000
ff00
ff00
fb00
fe50
006b
ff64
036d
0336
ff03
ff13
0021
001f
021d
00fb
fdeb
ff0d
021c
fdfa
fb1a
0300
0500
0000
0100
0400
ff00
0000
0400
fc00
fe00
0400
fd00
fd00
0100
0100
0000
fe00
0000
0400
0200
fe00
0400
0200
fc00
0600
0a00
fe00
fc00
0200
0200
0000
0000
fe00
0200
0700
fe00
fb00
0400
0300
0000
0200
fc00
fd00
0500
fe00
fb00
0300
0000
0100
0300
fd00
ff00
0500
0100
fc00
0300
0300
fc00
0100
0500
0100
0000
0200
0300
0100
fc00
ff00
0200
ff00
0200
0700
0200
ff00
0500
0400
ff00
0000
0200
0100
0100
fe00
0300
0000
fe00
0400
ff00
ff00
0500
fe00
fd00
0200
fc00
fe00
0300
fc00
fe00
0400
0000
fe00
0200
0200
0400
0200
fe00
0200
0600
fe00
fe00
0400
fc00
fc00
0800
0100
fc00
0700
0300
f900
0300
0100
f900
0500
0400
fa00
0000
0300
fc00
ff00
0300
fd00
0000
0600
fd00
fa00
0100
0200
fc00
fd00
0100
fe00
0000
0000
f900
0000
0400
f800
fc00
0200
f800
fa00
0200
fa00
fa00
0600
fe00
fa00
0800
0600
fc00
0200
0200
fa00
fd00
ff00
fc00
0100
0400
ff00
ff00
0000
fd00
ff00
0300
fe00
ff00
0500
0100
fc00
0100
0200
fe00
0300
0300
fb00
fe00
0500
ff00
fd00
0200
ff00
fe00
0000
fc00
fb00
0100
ff00
fb00
ff00
fd00
fb00
0200
fe00
f900
0200
0100
fb00
0200
0700
fc00
fa00
0300
0100
ff00
0200
0100
ff00
0200
0100
ff00
0500
0400
fe00
0400
0400
fc00
0000
0200
fe00
ff00
0500
0600
0000
0300
0500
0300
0000
0100
0500
ff00
ff00
0600
fe00
fb00
0400
0200
fd00
0400
0300
ff00
0200
fd00
fc00
0300
0200
fc00
0400
0600
fc00
0200
0200
fa00
0400
0600
fa00
0000
0800
fe00
fe00
0600
0000
fe00
0400
fe00
fc00
0200
fa00
fc00
0400
fc00
fe00
0800
0000
fe00
0a00
0400
fc00
0600
0200
f800
0300
0500
fa00
0500
0700
fc00
0300
0100
fa00
0400
0200
fe00
0500
ff00
fe00
0600
fe00
fa00
0300
fe00
f900
ff00
fc00
fc00
0300
0000
fb00
0300
0500
fc00
ff00
0300
0000
0200
0000
fc00
0400
0200
f800
fe00
0600
fc00
fe00
0600
0200
fe00
0200
0200
fe00
fe00
fe00
0000
0400
fe00
0000
0800
fe00
0000
0800
fe00
0000
0800
fe00
fc00
0600
fe00
fc00
0800
0200
fc00
0400
0200
fc00
0200
0200
fe00
0200
0200
fc00
0000
0400
fd00
fe00
0500
0200
0100
0500
fe00
ff00
0600
fc00
fb00
0600
ff00
fa00
0300
0000
fe00
0500
fd00
fb00
0600
0300
fd00
0400
0300
fc00
0000
0200
fe00
0100
0500
00b0
ffa5
02aa
ff7f
fd87
feaf
00c4
02b7
ff8c
fe93
01aa
fe8f
fea6
03bb
fc80
f6b8
fe00
0300
fe00
fc00
fe00
ff00
0100
0200
ff00
0000
0300
ff00
0000
0400
0000
ff00
0500
0200
fe00
0100
0200
fe00
0000
0200
fd00
0300
0400
fe00
0500
0400
fc00
ff00
0800
0000
fa00
0200
fe00
fe00
0600
0000
fe00
0400
fe00
fc00
0600
0200
fc00
0600
0600
fc00
0400
0800
fc00
fe00
0400
fc00
0000
0600
fc00
fe00
0800
0200
fa00
fe00
fe00
fe00
0200
fe00
fc00
0000
fe00
fe00
0200
fe00
fe00
0600
fe00
f800
0200
fe00
fa00
0600
0200
fc00
0400
fe00
fa00
0200
fc00
fe00
0a00
0000
f800
0600
0400
f600
0000
0600
fa00
0000
0400
f600
fe00
0800
fa00
fe00
0800
f800
fe00
0a00
fa00
fc00
0800
fc00
fe00
0800
fa00
fc00
0800
fa00
fa00
0a00
fe00
f800
0600
0000
f800
0400
0200
fa00
0400
0400
fc00
0200
0200
f800
0000
0000
f800
0400
0200
fc00
0200
fc00
f600
0200
0000
f400
0000
0400
fc00
0000
fc00
f600
0200
0200
f600
fe00
0400
f800
fe00
0400
f600
fc00
0800
fa00
fc00
0800
fa00
f800
0400
fc00
fc00
0600
fc00
fc00
0400
fa00
fc00
0400
fc00
fc00
0200
f800
fa00
0600
f800
f600
0600
0000
f800
0600
0200
f400
0200
0400
f800
0000
0000
fa00
0200
fe00
f600
0000
0000
fa00
0200
fe00
fa00
0800
0400
f600
0200
0800
f800
fc00
0800
fe00
fc00
0200
fc00
0000
0800
fc00
fe00
0c00
0000
fe00
0a00
0000
fe00
0a00
0000
fa00
0800
0200
f800
0600
0600
fa00
0400
0800
fc00
0200
0a00
0200
0000
0400
0400
0000
0000
0000
0200
0400
0000
fe00
fd00
ff00
0300
0100
0100
0600
0300
fc00
fe00
0100
fe00
0000
0400
fe00
ff00
0200
0000
0000
ff00
fe00
0300
0400
fd00
fd00
0300
ff00
fa00
fe00
0300
0200
fe00
0000
0100
0300
0400
0100
0400
0000
fd00
0400
0400
ff00
0000
0200
0000
0000
0300
0200
01e0
06c2
0255
fe30
034d
0318
02e6
01b8
ff9c
01a2
0288
015f
0049
0444
0400
fdc0
0300
0500
fd00
0100
0400
fa00
fd00
0600
fd00
fc00
0300
fd00
fb00
0300
fd00
fc00
0800
0000
f800
0200
0000
fc00
0400
fe00
fa00
0600
0200
fa00
0600
0200
f800
0400
0200
f800
0400
0600
fa00
0200
0400
fa00
0000
0200
f800
fe00
0400
fc00
fe00
0600
0000
0000
0400
0100
0400
0500
fe00
0000
0600
ff00
fd00
0300
0000
0100
0300
0000
0000
0100
fe00
fe00
ff00
fb00
fe00
0300
0100
0100
0400
0100
fe00
0300
0200
fc00
0400
0800
0000
0200
0400
fe00
0400
0600
fa00
0000
0800
fc00
fe00
0800
0000
fe00
0600
0000
fc00
0200
fe00
fe00
0400
fe00
fe00
0800
0200
fa00
0200
0200
fe00
0200
0100
fe00
0400
0100
fb00
0300
0600
fe00
ff00
0300
fe00
fe00
0100
fb00
fc00
0500
0000
fc00
0400
fe00
f800
0000
fc00
fc00
0400
fe00
fa00
0400
fe00
f600
0200
0200
fc00
0200
0000
fa00
0000
fe00
fa00
0200
fe00
f800
0000
0200
fc00
fe00
fc00
f800
ff00
0100
fa00
ff00
0300
fd00
0100
0300
fb00
0100
0500
fd00
0100
0200
fe00
0400
0400
0000
0200
fe00
fa00
0400
0600
fa00
fe00
0800
0200
fc00
0000
fe00
fe00
0600
0000
fb00
0700
0700
fe00
0500
0500
fc00
0500
0500
fc00
0400
0600
fd00
0100
0400
fa00
0000
0800
fc00
0000
0a00
0200
fe00
0200
fc00
fe00
0800
0000
fa00
0600
0400
fb00
0100
ff00
fb00
0300
0400
0100
0200
0100
0200
0200
fd00
0000
0400
fe00
ff00
0200
fa00
fa00
0600
0100
fa00
0500
0200
fa00
0000
fd00
fc00
0700
0300
fa00
0300
0600
fc00
0000
0400
fc00
0400
0800
fa00
0000
0a00
fe00
fe00
0000
fc00
0400
0200
f800
0000
0800
fe00
fc00
0400
fc00
fe00
0800
fc00
fa00
0600
0000
fa00
0400
0200
fa00
0400
0200
f800
0000
0400
fe00
0000
0400
fe00
0000
0400
fe00
0000
0200
0200
0000
fe00
ff00
0200
fe00
fa00
0100
0200
fe00
0000
ff00
fe00
0100
ff00
fe00
0400
0400
fd00
fc00
0100
0000
fe00
0200
0200
0000
0300
0000
f900
fd00
0100
fc00
fe00
0220
fffe
fffe
01fe
01de
ffc0
fdc4
fde7
fe09
fe28
fa45
f8a1
0317
00e5
fad7
0129
0000
ff00
0200
fc00
fc00
0500
0400
fe00
0100
0200
fd00
0100
0000
fc00
0200
0500
0100
0000
0500
0000
fa00
ff00
0000
ff00
0300
0000
fd00
0400
0100
fc00
0000
0100
fc00
fc00
0100
ff00
fd00
0200
ff00
fe00
0400
0000
fc00
0100
ff00
fa00
fe00
0000
fb00
fd50
007b
fc73
faac
0001
ff01
fa10
fd6f
0198
fb7e
f8c6
fd3a
fe66
0280
0158
fa00
0000
0400
fd00
f900
0200
0600
fe00
0200
0400
fc00
0100
0200
fe00
0500
0400
fc00
0000
0400
0000
0400
0600
fc00
0200
0800
fa00
0000
0800
fc00
0200
0c00
fe00
fe00
0800
fe00
fc00
0600
fe00
fe00
0a00
0200
fc00
0800
0400
fe00
0400
0200
fc00
ff00
0000
fb00
0000
0300
fd00
0100
0500
fe00
ff00
0400
fb00
fa00
0500
0200
ff00
0400
0200
0000
0400
0000
fe00
0600
0200
fa00
0600
0400
fa00
0400
0200
f600
fe00
0200
f800
fe00
0200
fc00
0000
fe00
f800
0200
0400
f600
fe00
0600
f800
fe00
0800
fc00
0000
0200
f400
fe00
0600
f600
fa00
0400
f400
f400
0200
f800
f600
0400
fc00
f800
0400
fc00
f600
0400
fe00
f600
0400
0000
f400
0200
0200
f600
fe00
0400
fe00
0200
0000
f800
0400
0a00
fa00
fc00
0400
f800
fc00
0600
fc00
0200
0c00
fe00
fe00
0800
fc00
f800
0600
0000
fc00
0800
0000
fa00
0400
0200
fc00
0200
fe00
fc00
0600
0000
0000
0e00
0600
fe00
0a00
0600
fa00
0400
0800
fe00
0400
0800
fc00
0200
0c00
0100
fe00
0500
0100
0000
0300
fe00
0000
0500
0100
0100
0200
0000
0100
0100
fc00
fe00
0600
0000
fc00
0200
fe00
fe00
0000
fc00
0200
0600
fc00
fc00
0800
0200
f800
ff00
0000
fa00
0000
ff00
f900
0400
0500
fc00
0400
0600
fc00
fd00
ff00
fe00
ff00
fd00
fc00
ff00
0100
0000
ff00
0000
fc00
fd00
0100
fb00
fb00
0100
fe00
fc00
0100
00f0
fae1
ff32
ff3f
f94b
ffb6
05bb
fd5f
fd89
01b0
fd95
03bc
0580
fd28
0555
0b00
fc00
fc00
0a00
0000
f800
0600
0200
fc00
0800
0200
fa00
0600
0400
fa00
0200
0600
0000
0200
0000
fe00
0600
0400
0000
0400
0200
0200
0a00
0800
fc00
fe00
0800
0000
fe00
0800
0200
0000
0800
fe00
f800
0600
0400
fe00
0400
0200
0000
0600
0000
fc00
0300
0100
fd00
0300
0100
fc00
0100
0200
fb00
0000
0700
fe00
ff00
0200
fb00
0200
0200
f800
0200
0600
fa00
fe00
0400
fa00
fe00
0400
fc00
fe00
0400
fc00
fc00
0600
fc00
f800
0600
fc00
f800
0800
0200
fa00
0600
0000
f800
0400
0200
fa00
0400
0400
fa00
0200
0500
fe00
0600
0500
fb00
ff00
0000
fb00
0100
ff00
fb00
0500
0300
fa00
0000
0300
f900
fc00
0500
0000
0100
0400
fb00
fa00
0100
ff00
fb00
ff00
0000
fc00
ff40
034c
0217
fff5
fef6
fd06
fa36
fb92
fdd9
fbfb
fe3c
ff58
fd62
fd8c
fdb3
fcd8
fc00
fe00
ff00
0100
ff00
0000
0400
ff00
0000
0200
fc00
0200
0400
fa00
0000
0600
fa00
fc00
0a00
0000
f800
0600
0400
fa00
0200
0600
fe00
0000
0200
fc00
0000
0600
fc00
fa00
0400
0500
0200
ff00
fe00
0200
0200
fa00
fd00
0600
0000
fe00
0400
fd00
f800
0200
0200
fc00
0600
0a00
fe00
0000
0800
fe00
fa00
0600
0000
fc00
0400
0200
fc00
0200
0200
fa00
fc00
0100
ff00
fd00
ff00
fe00
0100
0700
fd00
fa00
0100
fb00
fb00
0300
0000
ff00
0400
ff00
fb00
ff00
0100
0000
fd00
0000
0200
fd00
0000
0400
fc00
fc00
0600
0100
fd00
0300
0200
0000
0200
0000
ff00
0400
0000
fb00
0300
0400
fc00
0000
0700
ff00
fc00
0300
0000
fb00
0000
0000
fc00
0100
0200
fc00
0000
0300
ff00
ff00
0000
fe00
ff00
0200
0100
0100
0300
ff00
fc00
0100
ff00
fc00
0200
0000
fe00
0220
fdfe
fe1e
043c
fdf8
fe18
0036
fc33
0070
0269
fa42
009e
0894
020a
01ea
0400
f800
f800
0400
fe00
fa00
0600
0200
fe00
0200
fc00
fa00
0400
0400
fe00
0000
0300
ff00
ff00
0100
ff00
fd00
ff00
0000
fe00
ff00
0100
ff00
ff00
0400
0100
fe00
0100
ff00
fe00
ff00
0000
0000
fd00
fd00
0000
fe00
fa00
ff00
0100
fb00
0100
0400
fd00
0000
0400
fc00
fe00
0400
0000
0000
0100
ff00
0000
0000
0000
0300
0200
0000
0200
0200
ff00
0000
0100
ff00
0600
0700
fd00
0200
0500
fd00
0000
0000
fc00
0400
0500
fd00
0000
0200
fe00
0100
0200
0300
0500
0100
fd00
0000
0200
ff00
0100
0200
ffe0
ffe2
fde3
0005
0605
01a4
fd8a
03b1
0376
fd3e
056a
0713
fca2
02d8
0aaa
ffff
fd00
0400
ff00
fd00
0300
0300
0200
0300
0400
0300
fe00
0100
0300
0000
0000
0100
0200
0100
fe00
fe00
0200
ff00
fb00
0200
0200
fd00
0400
0600
fc00
0000
0500
fa00
fa00
0200
fc00
fb00
0300
fc00
fc00
0600
ff00
fb00
0500
0300
fd00
0200
ff00
fc00
0300
0000
fb00
0200
0100
fb00
0100
0000
fa00
0000
0300
0100
0200
0100
fe00
ff00
0400
0000
fa00
0200
0800
0200
0000
0200
fc00
fe00
0200
fa00
fc00
0800
0400
fc00
0100
0200
fe00
fe00
fc00
fa00
0300
0500
fb00
fd00
0500
ff00
fb00
0200
0100
fe00
0100
fc00
fa00
ff00
ff00
fd00
fd00
fe00
fe00
0100
fe00
fb00
0200
ff00
fa00
0000
0000
fa00
0100
0400
fb00
ff00
0200
fa00
fb00
0200
fe00
fc00
0100
0300
0100
fc00
fbc0
fe84
ff1b
feaa
febf
ff53
fede
fef0
0181
0168
ff52
01dc
01be
fea2
fd38
fee4
0100
0000
0100
0200
0000
fe00
fd00
0100
0100
ff00
0300
0000
fe00
0000
0000
ff00
0100
0300
fd00
fe00
0100
fe00
ff00
0500
0300
0100
0400
0100
fd00
ff00
0200
fd00
fa00
0000
0200
0200
0400
0000
fe00
0600
0200
fa00
0200
0200
fc00
0000
0000
fe00
0220
fdfe
f61e
fcbc
00f0
fce1
fd12
0141
fd2d
fb5a
ffa4
f9aa
fc0f
024e
fc29
fc66
0400
fe00
fa00
0400
0000
f600
0200
0400
f800
fe00
0200
fa00
0000
0600
fa00
fe00
0800
fc00
fa00
0200
fc00
fe00
0400
fa00
fa00
0400
fe00
0000
0a00
0000
0000
0a00
fc00
f800
0800
0200
fa00
0600
0400
fc00
0400
0200
fe00
0600
0200
fc00
0200
0000
fe00
0400
fe00
fc00
0400
fc00
fa00
0600
0400
0000
0600
0000
fc00
0400
0600
fe00
0200
0800
0400
0400
0400
0000
0200
0400
fc00
fe00
0600
fe00
fc00
0400
0200
fa00
fe00
0200
fc00
fe00
ff00
fe00
0300
0200
fd00
fe00
0500
0400
0000
0200
0000
fe00
0200
0100
0000
0400
0000
fb00
fe00
ff00
ff00
0100
fe00
0000
0500
0200
0000
0400
0400
0100
ff00
0000
0500
0100
fe00
0500
0500
ff00
fe00
0300
0400
fc00
fc00
0100
0100
0100
0100
0000
0000
0400
0200
fb00
0300
0500
fd00
0100
0200
fd00
0100
0100
fe00
0400
0600
0200
0600
0600
fc00
0000
0600
fe00
0000
0400
fc00
0400
0800
fc00
0200
0800
fe00
0200
0600
fc00
0000
0400
fc00
fe00
0200
fa00
fc00
0400
fe00
fe00
0500
0400
0000
0000
ff00
0100
0300
fa00
fa00
0400
0000
fb00
fe00
0100
0500
ff00
f800
0000
0200
f800
fe00
0800
0000
0200
0600
fc00
0000
0400
fa00
fc00
0200
fe00
0100
0400
ff00
0100
0300
fc00
fd00
0400
fd00
fc00
0500
fe00
fc00
0400
0200
fc00
fc40
fe7c
ff94
009a
fc91
fec7
02db
fdad
fed2
02e5
feb6
fccb
01fe
ffde
f8e0
ff52
0400
0000
0000
0000
fc00
fe00
0000
f800
fc00
0600
fe00
fe00
0800
0200
fc00
0400
0000
fb00
0700
0400
fa00
0300
0200
f900
0600
0700
fa00
0200
0600
fb00
0000
0700
fc00
0000
0800
fc00
fc00
0600
0200
fe00
0200
0200
0000
0000
0000
fc00
fe00
0400
02c0
fe94
00aa
02a0
0076
006e
fd67
ff91
0597
013e
ff2a
0437
00f4
01e4
06c6
0059
0200
0800
fe00
fc00
0600
fe00
f800
0200
0200
fa00
0200
0800
fc00
0000
0800
fe00
0000
0400
fe00
0200
0300
fc00
0200
0600
fe00
0000
0300
ff00
0200
0600
ff00
fd00
0800
0400
fe00
0600
0200
fc00
0400
0200
fe00
0600
0200
fe00
0a00
0800
fa00
0000
0600
fe00
0000
0200
fa00
fe00
0000
fa00
fe00
0000
fe00
0200
0000
fe00
0000
0000
fd80
ffa8
01ad
ff12
fe21
fcbf
fcf3
ffa3
0029
01a6
020c
006b
0064
01de
fec0
ffd4
0700
0000
fb00
0200
0400
fc00
fc00
0000
ff00
0100
ff00
fd00
0100
0000
fd00
ff00
0210
ffef
01f0
05d1
fe73
ff8c
0393
fe5a
0174
055d
0207
fee6
fff8
fcf8
f828
fba6
ff00
0100
0100
fd00
0000
0600
0000
fa00
fe00
fe00
fc00
0000
ff00
fa00
0100
0400
fa00
fe00
0300
0000
0300
0000
fc00
0100
0000
f900
fe00
0700
0100
fe00
0000
fd00
ff00
0100
fd00
fe00
0500
0400
fe00
0000
0200
0300
0200
fa00
fb00
0000
0000
ff00
fd00
0000
0300
ff00
fd00
0300
0100
fd00
0400
0300
ff00
0700
0600
fe00
0200
ff00
fd00
0200
fc00
fd00
0300
0100
0100
0300
0200
0200
0100
fc00
ff00
0400
fd00
ff00
0400
fd00
fe00
0300
fc00
fc00
0500
0000
fd00
0300
0100
ff00
0100
0100
ff00
ff00
fc00
0000
0400
fd00
fd00
0400
0300
fd00
0100
0300
0100
0300
fe00
fb00
0600
0600
f800
fe00
0600
fa00
fe00
0600
fc00
0200
0400
fa00
0200
0200
f800
0400
0400
f600
0000
0400
f800
0000
0400
fa00
0000
0400
f800
fc00
0600
fe00
fc00
0400
fe00
fa00
ff00
fb00
fa00
0300
0100
fd00
0700
0400
fa00
0000
0300
fb00
fa00
0300
0400
0100
0000
0100
0200
0000
fc00
fd00
0400
0200
fc00
fe00
0100
ff00
0000
0000
fa00
fd00
ff30
f73d
f9c9
002c
fe29
fe46
0062
fe5b
0076
fe6e
f887
fcff
ff2f
fd3c
ff68
fd71
fe9a
02b0
0185
fc6c
fda5
00cb
fdbe
fce2
fb14
fd62
008c
fd83
fcab
fde0
fd02
fd32
0300
0200
fd00
0100
0500
fe00
fc00
0300
0200
ff00
0200
ff00
fe00
0300
ff00
fa00
0000
0400
0300
0300
0400
0300
0300
0200
0000
0300
0100
0100
0300
ff00
ff00
0500
0200
f900
0100
0700
0100
0100
0600
0300
0000
0600
0000
f900
0000
0400
fe00
fc00
ff00
0200
0300
0100
0300
0500
ff00
0100
0300
fb00
ff00
0600
fe00
fa00
0300
0200
fa00
fe00
ff00
fc00
0100
0100
fb00
fd00
0200
fd00
f900
ff00
0200
fd00
ff00
0100
ff00
0100
0100
0000
0400
0100
fb00
ff00
0200
ff00
0100
0200
ff00
0100
0100
fe00
0000
fd00
fc00
0400
0300
fe00
0300
0300
0000
0500
0100
fc00
0500
0400
fb00
0200
0200
fa00
0200
0400
fc00
0200
0200
fe00
0400
fe00
f800
0600
0200
f800
0600
0400
f800
0400
0200
f800
0400
0600
fa00
0200
0400
fc00
0200
fe00
f800
0600
0600
f800
0000
0600
f800
fe00
0600
f800
fc00
0800
fc00
fa00
0400
0000
fc00
0200
0000
fe00
0000
fd00
ff00
0400
0100
fe00
0100
0300
0100
0200
ff00
fc00
0300
0400
ff00
0100
0600
0100
fd00
0300
0100
fd00
0000
0300
fe00
0100
0600
0000
0000
ff00
fd00
0400
0000
fa00
0400
0400
fc00
0000
fe00
fa00
0400
0400
fa00
0200
0800
fe00
0200
0600
fe00
0200
0600
fc00
0000
0600
fc00
fe00
0800
0000
fe00
0600
0000
fe00
0400
0200
0000
0200
0000
fe00
0400
0200
fc00
0100
0400
0300
0300
fd00
fd00
0200
0300
0300
0000
fe00
0000
0200
0000
fa00
fa00
0200
0000
f800
fe00
0400
fa00
fe00
0600
fc00
fc00
0600
fe00
fc00
0200
fa00
fc00
0800
0000
fa00
0400
0000
fe00
0400
0000
0000
0500
00b0
fca5
ffda
fedc
feee
ffff
00ff
03ef
03b0
ff75
ff7e
0286
ff5d
0167
0551
fffb
00fc
03ec
fead
f9c2
fc26
0263
023d
fc19
fe57
0572
021a
fbf9
fe39
fc55
f890
fe00
0000
fb00
ff00
0200
fa00
fe00
0200
fa00
fc00
0000
fe00
ff00
0100
ff00
0100
0400
0000
0100
0200
fd00
fd00
0300
ff00
fd00
0300
fd00
fc00
0200
fe00
fb00
0400
0400
fc00
0200
0100
fb00
fd00
fe00
ff00
ff00
0300
0000
fe00
0300
fe00
ff00
0600
ff00
fc00
0300
ff00
fb00
0400
0300
fa00
0200
0400
fe00
0300
0200
fb00
0100
0400
fc00
0000
0700
0200
0100
0300
0000
0300
0300
0000
0500
0500
0100
0000
0200
0100
fc00
fe00
0000
fc00
0000
0800
0000
fc00
0600
0400
0000
0400
0200
0000
0400
0200
fe00
0000
0100
0200
0200
0300
0200
0100
0100
fc00
fb00
0200
0500
0000
0000
0300
0000
0300
0400
ff00
ff00
0100
fe00
0000
0500
0000
fc00
0100
0400
0000
fe00
0100
0180
0100
ff80
0100
0280
0080
0200
0180
0080
ff00
fe80
0180
ff00
ff00
0100
ff80
0200
0400
ff00
fc00
0300
0300
fb00
0200
0600
fe00
0100
0400
fc00
fe00
0300
fd00
fe00
0200
fc00
0200
0600
fa00
0000
0600
fa00
0000
0600
f800
fe00
0a00
fc00
fc00
0a00
0000
fe00
0600
fc00
fa00
0200
fc00
fc00
0600
0000
fe00
0600
fe00
fc00
0600
ff00
fa00
0300
0400
ff00
0200
0000
fc00
0200
0000
fd00
0500
0000
f900
0100
0100
fa00
0200
0400
fa00
fe00
0400
f800
f600
0000
fe00
fe00
0600
0000
fa00
0400
0200
fa00
0200
0200
0000
0200
fa00
fc00
0800
0000
fa00
0200
0000
fe00
0400
fe00
fc00
0800
0400
fc00
0400
0200
fe00
0200
fe00
fc00
0200
fe00
fe00
0600
fc00
fe00
0800
fc00
fa00
0800
0000
f600
0400
0800
fc00
0000
0600
fc00
fc00
0200
fa00
fc00
0600
fe00
fd00
0400
fe00
fe00
0200
fc00
0000
0500
fc00
fc00
0400
fd00
f900
0300
0100
fb00
0000
0000
fe00
0000
0200
ff00
fc00
fe00
fe00
0000
ff00
fb00
ff00
fc00
fc00
0200
ff00
fa00
fd00
0200
0100
fd00
fe00
0200
ff00
fe00
0200
0100
fe00
0100
0300
fe00
fa00
0100
0300
fb00
0000
0400
fc00
0000
0300
fd00
ff00
0700
0100
fa00
0000
ff00
fd00
0280
0380
0100
0200
0200
fe00
ff00
0280
0080
ff00
0100
fe80
ff00
0180
0000
0000
0100
ff00
ff00
0200
ff00
fc00
0400
0200
f900
ff00
0600
ff00
fc00
0300
0000
fe00
0500
ff00
fd00
0300
0000
0100
0200
fd00
0200
0300
fc00
0400
0600
fc00
0200
0400
0000
0600
0200
fc00
0600
0400
f800
0000
0600
fc00
0000
0600
0000
0200
0400
0000
0200
0800
0200
0200
0800
0000
fc00
0400
0000
fc00
0400
0400
fc00
0000
0400
fc00
0200
0500
fb00
0200
0400
f900
fe00
0200
fc00
fe00
0100
fc00
0000
0500
fd00
0000
0600
fe00
fd00
0300
fe00
fd00
0000
fe00
0000
0100
fb00
fe00
0100
fd00
0100
0500
fc00
fd00
0500
ff00
fb00
0000
0200
0200
0100
fe00
0200
0100
fc00
0300
0100
fa00
0100
0400
fc00
fc00
0100
fe00
ff00
0400
0000
ff00
0100
fd00
0000
0400
fe00
0000
0500
fe00
fc00
0300
ff00
fc00
0600
0000
f900
0300
0200
fb00
0300
0700
fc00
0000
0600
fa00
0000
0400
fa00
0200
0400
f800
fe00
0800
fe00
fc00
0400
fc00
fe00
0a00
0000
fa00
0800
0200
f600
fe00
0000
fc00
0200
0200
fc00
0000
0200
fe00
0100
fe00
fe00
0600
0200
fd00
0200
0100
fd00
0100
ff00
fd00
0500
0100
fc00
0100
0300
fd00
fc00
0100
fe00
ff00
0400
ff00
0000
0700
fd00
f900
0400
0100
fa00
0100
0400
0100
0400
0000
fd00
0700
0300
fb00
0400
0400
fd00
0000
0200
0200
0700
0200
fd00
0600
0400
fb00
fe00
0100
ff00
0400
0600
0200
0100
0100
0100
0000
ff00
fe00
0200
0300
fc00
fe00
0200
fb00
ff00
0500
fb00
fd00
0300
f900
fb00
0400
fc00
fa00
0400
fe00
f800
0400
0200
f800
0000
0200
fc00
0200
0000
fc00
0400
0200
fe00
0200
fe00
f800
0200
0600
fe00
0000
0400
fe00
fc00
0000
0000
0000
0000
fa00
fe00
0400
fd00
fc00
0300
0200
ff00
fd00
fa00
ff00
0200
fa00
fd00
0500
0000
ff00
ff00
fb00
fe50
006b
ff64
036d
0336
ff03
ff13
0021
001f
021d
00fb
fdeb
ff0d
021c
fdfa
fb1a
0300
0500
0000
0100
0400
ff00
0000
0400
fc00
fe00
0400
fd00
fd00
0100
0100
0000
fe00
0000
0400
0200
fe00
0400
0200
fc00
0600
0a00
fe00
fc00
0200
0200
0000
0000
fe00
0200
0700
fe00
fb00
0400
0300
0000
0200
fc00
fd00
0500
fe00
fb00
0300
0000
0100
0300
fd00
ff00
0500
0100
fc00
0300
0300
fc00
0100
0500
0100
0000
0200
0300
0100
fc00
ff00
0200
ff00
0200
0700
0200
ff00
0500
0400
ff00
0000
0200
0100
0100
fe00
0300
0000
fe00
0400
ff00
ff00
0500
fe00
fd00
0200
fc00
fe00
0300
fc00
fe00
0400
0000
fe00
0200
0200
0400
0200
fe00
0200
0600
fe00
fe00
0400
fc00
fc00
0800
0100
fc00
0700
0300
f900
0300
0100
f900
0500
0400
fa00
0000
0300
fc00
ff00
0300
fd00
0000
0600
fd00
fa00
0100
0200
fc00
fd00
0100
fe00
0000
0000
f900
0000
0400
f800
fc00
0200
f800
fa00
0200
fa00
fa00
0600
fe00
fa00
0800
0600
fc00
0200
0200
fa00
fd00
ff00
fc00
0100
0400
ff00
ff00
0000
fd00
ff00
0300
fe00
ff00
0500
0100
fc00
0100
0200
fe00
0300
0300
fb00
fe00
0500
ff00
fd00
0200
ff00
fe00
0000
fc00
fb00
0100
ff00
fb00
ff00
fd00
fb00
0200
fe00
f900
0200
0100
fb00
0200
0700
fc00
fa00
0300
0100
ff00
0200
0100
ff00
0200
0100
ff00
0500
0400
fe00
0400
0400
fc00
0000
0200
fe00
ff00
0500
0600
0000
0300
0500
0300
0000
0100
0500
ff00
ff00
0600
fe00
fb00
0400
0200
fd00
0400
0300
ff00
0200
fd00
fc00
0300
0200
fc00
0400
0600
fc00
0200
0200
fa00
0400
0600
fa00
0000
0800
fe00
fe00
0600
0000
fe00
0400
fe00
fc00
0200
fa00
fc00
0400
fc00
fe00
0800
0000
fe00
0a00
0400
fc00
0600
0200
f800
0300
0500
fa00
0500
0700
fc00
0300
0100
fa00
0400
0200
fe00
0500
ff00
fe00
0600
fe00
fa00
0300
fe00
f900
ff00
fc00
fc00
0300
0000
fb00
0300
0500
fc00
ff00
0300
0000
0200
0000
fc00
0400
0200
f800
fe00
0600
fc00
fe00
0600
0200
fe00
0200
0200
fe00
fe00
fe00
0000
0400
fe00
0000
0800
fe00
0000
0800
fe00
0000
0800
fe00
fc00
0600
fe00
fc00
0800
0200
fc00
0400
0200
fc00
0200
0200
fe00
0200
0200
fc00
0000
0400
fd00
fe00
0500
0200
0100
0500
fe00
ff00
0600
fc00
fb00
0600
ff00
fa00
0300
0000
fe00
0500
fd00
fb00
0600
0300
fd00
0400
0300
fc00
0000
0200
fe00
0100
0500
00b0
ffa5
02aa
ff7f
fd87
feaf
00c4
02b7
ff8c
fe93
01aa
fe8f
fea6
03bb
fc80
f6b8
fe00
0300
fe00
fc00
fe00
ff00
0100
0200
ff00
0000
0300
ff00
0000
0400
0000
ff00
0500
0200
fe00
0100
0200
fe00
0000
0200
fd00
0300
0400
fe00
0500
0400
fc00
ff00
0800
0000
fa00
0200
fe00
fe00
0600
0000
fe00
0400
fe00
fc00
0600
0200
fc00
0600
0600
fc00
0400
0800
fc00
fe00
0400
fc00
0000
0600
fc00
fe00
0800
0200
fa00
fe00
fe00
fe00
0200
fe00
fc00
0000
fe00
fe00
0200
fe00
fe00
0600
fe00
f800
0200
fe00
fa00
0600
0200
fc00
0400
fe00
fa00
0200
fc00
fe00
0a00
0000
f800
0600
0400
f600
0000
0600
fa00
0000
0400
f600
fe00
0800
fa00
fe00
0800
f800
fe00
0a00
fa00
fc00
0800
fc00
fe00
0800
fa00
fc00
0800
fa00
fa00
0a00
fe00
f800
0600
0000
f800
0400
0100
fd00
0200
0200
fe00
0100
0100
fc00
0000
0000
fc00
0200
0100
fe00
0100
fe00
fb00
0100
0000
fa00
0000
0200
fe00
0000
fe00
fb00
0100
0100
fb00
ff00
0200
fc00
ff00
0200
fb00
fe00
0400
fd00
fe00
0400
fd00
fc00
0200
fe00
fe00
0300
fe00
fe00
0200
fd00
fe00
0200
fe00
fe00
0100
fc00
fd00
0300
fc00
fb00
0300
0000
fc00
0300
0100
fa00
0100
0200
fc00
0000
0000
fd00
0100
ff00
fb00
0000
0000
fd00
0100
ff00
fd00
0400
0200
fb00
0100
0400
fc00
fe00
0400
ff00
fe00
0100
fe00
0000
0400
fe00
ff00
0600
0000
ff00
0500
0000
ff00
0500
0000
fd00
0400
0100
fc00
0300
0300
fd00
0200
0400
fe00
0100
0500
0100
0000
0200
0200
0000
0000
0000
0100
0200
0000
ff00
fe80
ff80
0180
0080
0080
0300
0180
fe00
ff00
0080
ff00
0000
0200
ff00
ff80
0100
0000
0000
ff80
ff00
0180
0200
fe80
fe80
0180
ff80
fd00
ff00
0180
0100
ff00
0000
0080
0180
0200
0080
0200
0000
fe80
0200
0200
ff80
0000
0100
0000
0000
0180
0100
00f0
0361
012a
ff18
01a6
018c
0173
00dc
ffce
00d1
0144
00af
0024
0222
0200
fee0
0180
0280
fe80
0080
0200
fd00
fe80
0300
fe80
fe00
0180
fe80
fd80
0180
fe80
fe00
0400
0000
fc00
0100
0000
fe00
0200
ff00
fd00
0300
0100
fd00
0300
0100
fc00
0200
0100
fc00
0200
0300
fd00
0100
0200
fd00
0000
0100
fc00
ff00
0200
fe00
ff00
0300
0000
0000
0200
0080
0200
0280
ff00
0000
0300
ff80
fe80
0180
0000
0080
0180
0000
0000
0080
ff00
ff00
ff80
fd80
ff00
0180
0080
0080
0200
0080
ff00
0180
0100
fe00
0200
0400
0000
0100
0200
ff00
0200
0300
fd00
0000
0400
fe00
ff00
0400
0000
ff00
0300
0000
fe00
0100
ff00
ff00
0200
ff00
ff00
0400
0100
fd00
0100
0100
ff00
0100
0080
ff00
0200
0080
fd80
0180
0300
ff00
ff80
0180
ff00
ff00
0080
fd80
fe00
0280
0000
fe00
0200
ff00
fc00
0000
fe00
fe00
0200
ff00
fd00
0200
ff00
fb00
0100
0100
fe00
0100
0000
fd00
0000
ff00
fd00
0100
ff00
fc00
0000
0100
fe00
ff00
fe00
fc00
ff80
0080
fd00
ff80
0180
fe80
0080
0180
fd80
0080
0280
fe80
0080
0100
ff00
0200
0200
0000
0100
ff00
fd00
0200
0300
fd00
ff00
0400
0100
fe00
0000
ff00
ff00
0300
0000
fd80
0380
0380
ff00
0280
0280
fe00
0280
0280
fe00
0200
0300
fe80
0080
0200
fd00
0000
0400
fe00
0000
0500
0100
ff00
0100
fe00
ff00
0400
0000
fd00
0300
0200
fd80
0080
ff80
fd80
0180
0200
0080
0100
0080
0100
0100
fe80
0000
0200
ff00
ff80
0100
fd00
fd00
0300
0080
fd00
0280
0100
fd00
0000
fe80
fe00
0380
0180
fd00
0180
0300
fe00
0000
0200
fe00
0200
0400
fd00
0000
0500
ff00
ff00
0000
fe00
0200
0100
fc00
0000
0400
ff00
fe00
0200
fe00
ff00
0400
fe00
fd00
0300
0000
fd00
0200
0100
fd00
0200
0100
fc00
0000
0200
ff00
0000
0200
ff00
0000
0200
ff00
0000
0100
0100
0000
ff00
ff80
0100
ff00
fd00
0080
0100
ff00
0000
ff80
ff00
0080
ff80
ff00
0200
0200
fe80
fe00
0080
0000
ff00
0100
0100
0000
0180
0000
fc80
fe80
0080
fe00
ff00
0110
ffff
ffff
00ff
00ef
ffe0
fee2
fef3
ff04
ff14
fd22
fc50
018b
0072
fd6b
0094
0000
ff80
0100
fe00
fe00
0280
0200
ff00
0080
0100
fe80
0080
0000
fe00
0100
0280
0080
0000
0280
0000
fd00
ff80
0000
ff80
0180
0000
fe80
0200
0080
fe00
0000
0080
fe00
fe00
0080
ff80
fe80
0100
ff80
ff00
0200
0000
fe00
0080
ff80
fd00
ff00
0000
fd80
fea8
003d
fe39
fd56
0000
ff80
fd08
feb7
00cc
fdbf
fc63
fe9d
ff33
0140
00ac
fd00
0000
0200
fe80
fc80
0100
0300
ff00
0100
0200
fe00
0080
0100
ff00
0280
0200
fe00
0000
0200
0000
0200
0300
fe00
0100
0400
fd00
0000
0400
fe00
0100
0600
ff00
ff00
0400
ff00
fe00
0300
ff00
ff00
0500
0100
fe00
0400
0200
ff00
0200
0100
fe00
ff80
0000
fd80
0000
0180
fe80
0080
0280
ff00
ff80
0200
fd80
fd00
0280
0100
ff80
0200
0100
0000
0200
0000
ff00
0300
0100
fd00
0300
0200
fd00
0200
0100
fb00
ff00
0100
fc00
ff00
0100
fe00
0000
ff00
fc00
0100
0200
fb00
ff00
0300
fc00
ff00
0400
fe00
0000
0100
fa00
ff00
0300
fb00
fd00
0200
fa00
fa00
0100
fc00
fb00
0200
fe00
fc00
0200
fe00
fb00
0200
ff00
fb00
0200
0000
fa00
0100
0100
fb00
ff00
0200
ff00
0100
0000
fc00
0200
0500
fd00
fe00
0200
fc00
fe00
0300
fe00
0100
0600
ff00
ff00
0400
fe00
fc00
0300
0000
fe00
0400
0000
fd00
0200
0100
fe00
0100
ff00
fe00
0300
0000
0000
0700
0300
ff00
0500
0300
fd00
0200
0400
ff00
0200
0400
fe00
0100
0600
0080
ff00
0280
0080
0000
0180
ff00
0000
0280
0080
0080
0100
0000
0080
0080
fe00
ff00
0300
0000
fe00
0100
ff00
ff00
0000
fe00
0100
0300
fe00
fe00
0400
0100
fc00
ff80
0000
fd00
0000
ff80
fc80
0200
0280
fe00
0200
0300
fe00
fe80
ff80
ff00
ff80
fe80
fe00
ff80
0080
0000
ff80
0000
fe00
fe80
0080
fd80
fd80
0080
ff00
fe00
0080
0078
fd70
ff99
ff9f
fca5
ffdb
02dd
feaf
fec4
00d8
feca
01de
02c0
fe94
02aa
0580
fe00
fe00
0500
0000
fc00
0300
0100
fe00
0400
0100
fd00
0300
0200
fd00
0100
0300
0000
0100
0000
ff00
0300
0200
0000
0200
0100
0100
0500
0400
fe00
ff00
0400
0000
ff00
0400
0100
0000
0400
ff00
fc00
0300
0200
ff00
0200
0100
0000
0300
0000
fe00
0180
0080
fe80
0180
0080
fe00
0080
0100
fd80
0000
0380
ff00
ff80
0100
fd80
0100
0100
fc00
0100
0300
fd00
ff00
0200
fd00
ff00
0200
fe00
ff00
0200
fe00
fe00
0300
fe00
fc00
0300
fe00
fc00
0400
0100
fd00
0300
0000
fc00
0200
0100
fd00
0200
0200
fd00
0100
0280
ff00
0300
0280
fd80
ff80
0000
fd80
0080
ff80
fd80
0280
0180
fd00
0000
0180
fc80
fe00
0280
0000
0080
0200
fd80
fd00
0080
ff80
fd80
ff80
0000
fe00
ffa0
01a6
010b
fffa
ff7b
fe83
fd1b
fdc9
feec
fdfd
ff1e
ffac
feb1
fec6
fed9
fe6c
fe00
ff00
ff80
0080
ff80
0000
0200
ff80
0000
0100
fe00
0100
0200
fd00
0000
0300
fd00
fe00
0500
0000
fc00
0300
0200
fd00
0100
0300
ff00
0000
0100
fe00
0000
0300
fe00
fd00
0200
0280
0100
ff80
ff00
0100
0100
fd00
fe80
0300
0000
ff00
0200
fe80
fc00
0100
0100
fe00
0300
0500
ff00
0000
0400
ff00
fd00
0300
0000
fe00
0200
0100
fe00
0100
0100
fd00
fe00
0080
ff80
fe80
ff80
ff00
0080
0380
fe80
fd00
0080
fd80
fd80
0180
0000
ff80
0200
ff80
fd80
ff80
0080
0000
fe80
0000
0100
fe80
0000
0200
fe00
fe00
0300
0080
fe80
0180
0100
0000
0100
0000
ff80
0200
0000
fd80
0180
0200
fe00
0000
0380
ff80
fe00
0180
0000
fd80
0000
0000
fe00
0080
0100
fe00
0000
0180
ff80
ff80
0000
ff00
ff80
0100
0080
0080
0180
ff80
fe00
0080
ff80
fe00
0100
0000
ff00
0110
feff
ff0f
021e
fefc
ff0c
001b
fe19
0038
0134
fd21
004f
044a
0105
00f5
0200
fc00
fc00
0200
ff00
fd00
0300
0100
ff00
0100
fe00
fd00
0200
0200
ff00
0000
0180
ff80
ff80
0080
ff80
fe80
ff80
0000
ff00
ff80
0080
ff80
ff80
0200
0080
ff00
0080
ff80
ff00
ff80
0000
0000
fe80
fe80
0000
ff00
fd00
ff80
0080
fd80
0080
0200
fe80
0000
0200
fe00
ff00
0200
0000
0000
0080
ff80
0000
0000
0000
0180
0100
0000
0100
0100
ff80
0000
0080
ff80
0300
0380
fe80
0100
0280
fe80
0000
0000
fe00
0200
0280
fe80
0000
0100
ff00
0080
0100
0180
0280
0080
fe80
0000
0100
ff80
0080
0100
fff0
fff1
fef1
0002
0302
00d2
fec5
01d8
01bb
fe9f
02b5
0389
fe51
016c
0555
ffff
fe80
0200
ff80
fe80
0180
0180
0100
0180
0200
0180
ff00
0080
0180
0000
0000
0080
0100
0080
ff00
ff00
0100
ff80
fd80
0100
0100
fe80
0200
0300
fe00
0000
0280
fd00
fd00
0100
fe00
fd80
0180
fe00
fe00
0300
ff80
fd80
0280
0180
fe80
0100
ff80
fe00
0180
0000
fd80
0100
0080
fd80
0080
0000
fd00
0000
0180
0080
0100
0080
ff00
ff80
0200
0000
fd00
0100
0400
0100
0000
0100
fe00
ff00
0100
fd00
fe00
0400
0200
fe00
0080
0100
ff00
ff00
fe00
fd00
0180
0280
fd80
fe80
0280
ff80
fd80
0100
0080
ff00
0080
fe00
fd00
ff80
ff80
fe80
fe80
ff00
ff00
0080
ff00
fd80
0100
ff80
fd00
0000
0000
fd00
0080
0200
fd80
ff80
0100
fd00
fd80
0100
ff00
fe00
0080
0180
0080
fe00
fde0
ff42
ff8d
ff55
ff5f
ffa9
ff6f
ff78
00c0
00b4
ffa9
00ee
00df
ff51
fe9c
ff72
0080
0000
0080
0100
0000
ff00
fe80
0080
0080
ff80
0180
0000
ff00
0000
0000
ff80
0080
0180
fe80
ff00
0080
ff00
ff80
0280
0180
0080
0200
0080
fe80
ff80
0100
fe80
fd00
0000
0100
0100
0200
0000
ff00
0300
0100
fd00
0100
0100
fe00
0000
0000
ff00
0110
feff
fb0f
fe5e
0078
fe70
fe89
00a0
fe96
fdad
ffd2
fcd5
fe07
0127
fe14
fe33
0200
ff00
fd00
0200
0000
fb00
0100
0200
fc00
ff00
0100
fd00
0000
0300
fd00
ff00
0400
fe00
fd00
0100
fe00
ff00
0200
fd00
fd00
0200
ff00
0000
0500
0000
0000
0500
fe00
fc00
0400
0100
fd00
0300
0200
fe00
0200
0100
ff00
0300
0100
fe00
0100
0000
ff00
0200
ff00
fe00
0200
fe00
fd00
0300
0200
0000
0300
0000
fe00
0200
0300
ff00
0100
0400
0200
0200
0200
0000
0100
0200
fe00
ff00
0300
ff00
fe00
0200
0100
fd00
ff00
0100
fe00
ff00
ff80
ff00
0180
0100
fe80
ff00
0280
0200
0000
0100
0000
ff00
0100
0080
0000
0200
0000
fd80
ff00
ff80
ff80
0080
ff00
0000
0280
0100
0000
0200
0200
0080
ff80
0000
0280
0080
ff00
0280
0280
ff80
ff00
0180
0200
fe00
fe00
0080
0080
0080
0080
0000
0000
0200
0100
fd80
0180
0280
fe80
0080
0100
fe80
0080
0080
ff00
0200
0300
0100
0300
0300
fe00
0000
0300
ff00
0000
0200
fe00
0200
0400
fe00
0100
0400
ff00
0100
0300
fe00
0000
0200
fe00
ff00
0100
fd00
fe00
0200
ff00
ff00
0280
0200
0000
0000
ff80
0080
0180
fd00
fd00
0200
0000
fd80
ff00
0080
0280
ff80
fc00
0000
0100
fc00
ff00
0400
0000
0100
0300
fe00
0000
0200
fd00
fe00
0100
ff00
0080
0200
ff80
0080
0180
fe00
fe80
0200
fe80
fe00
0280
ff00
fe00
0200
0100
fe00
fe20
ff3e
ffca
004d
fe48
ff63
016d
fed6
ff69
0172
ff5b
fe65
00ff
ffef
fc70
ffa9
0200
0000
0000
0000
fe00
ff00
0000
fc00
fe00
0300
ff00
ff00
0400
0100
fe00
0200
0000
fd80
0380
0200
fd00
0180
0100
fc80
0300
0380
fd00
0100
0300
fd80
0000
0380
fe00
0000
0400
fe00
fe00
0300
0100
ff00
0100
0100
0000
0000
0000
fe00
ff00
0200
0160
ff4a
0055
0150
003b
0037
feb3
ffc8
02cb
009f
ff95
021b
007a
00f2
0363
002c
0100
0400
ff00
fe00
0300
ff00
fc00
0100
0100
fd00
0100
0400
fe00
0000
0400
ff00
0000
0200
ff00
0100
0180
fe00
0100
0300
ff00
0000
0180
ff80
0100
0300
ff80
fe80
0400
0200
ff00
0300
0100
fe00
0200
0100
ff00
0300
0100
ff00
0500
0400
fd00
0000
0300
ff00
0000
0100
fd00
ff00
0000
fd00
ff00
0000
ff00
0100
0000
ff00
0000
0000
fec0
ffd4
00d6
ff89
ff10
fe5f
fe79
ffd1
0014
00d3
0106
0035
0032
00ef
ff60
ffea
0380
0000
fd80
0100
0200
fe00
fe00
0000
ff80
0080
ff80
fe80
0080
0000
fe80
ff80
0108
fff7
00f8
02e8
ff39
ffc6
01c9
ff2d
00ba
02ae
0103
ff73
fffc
fe7c
fc14
fdd3
ff80
0080
0080
fe80
0000
0300
0000
fd00
ff00
ff00
fe00
0000
ff80
fd00
0080
0200
fd00
ff00
0180
0000
0180
0000
fe00
0080
0000
fc80
ff00
0380
0080
ff00
0000
fe80
ff80
0080
fe80
ff00
0280
0200
ff00
0000
0100
0180
0100
fd00
fd80
0000
0000
ff80
fe80
0000
0180
ff80
fe80
0180
0080
fe80
0200
0180
ff80
0380
0300
ff00
0100
ff80
fe80
0100
fe00
fe80
0180
0080
0080
0180
0100
0100
0080
fe00
ff80
0200
fe80
ff80
0200
fe80
ff00
0180
fe00
fe00
0280
0000
fe80
0180
0080
ff80
0080
0080
ff80
ff80
fe00
0000
0200
fe80
fe80
0200
0180
fe80
0080
0180
0080
0180
ff00
fd80
0300
0300
fc00
ff00
0300
fd00
ff00
0300
fe00
0100
0200
fd00
0100
0100
fc00
0200
0200
fb00
0000
0200
fc00
0000
0200
fd00
0000
0200
fc00
fe00
0300
ff00
fe00
0200
ff00
fd00
ff80
fd80
fd00
0180
0080
fe80
0380
0200
fd00
0000
0180
fd80
fd00
0180
0200
0080
0000
0080
0100
0000
fe00
fe80
0200
0100
fe00
ff00
0080
ff80
0000
0000
fd00
fe80
ff98
fb9e
fce4
0016
ff14
ff23
0031
ff2d
003b
ff37
fc43
fe7f
ff97
fe9e
ffb4
feb8
ff4d
0158
00c2
fe36
fed2
0065
fedf
fe71
fd8a
feb1
0046
fec1
fe55
fef0
fe81
fe99
0180
0100
fe80
0080
0280
ff00
fe00
0180
0100
ff80
0100
ff80
ff00
0180
ff80
fd00
0000
0200
0180
0180
0200
0180
0180
0100
0000
0180
0080
0080
0180
ff80
ff80
0280
0100
fc80
0080
0380
0080
0080
0300
0180
0000
0300
0000
fc80
0000
0200
ff00
fe00
ff80
0100
0180
0080
0180
0280
ff80
0080
0180
fd80
ff80
0300
ff00
fd00
0180
0100
fd00
ff00
ff80
fe00
0080
0080
fd80
fe80
0100
fe80
fc80
ff80
0100
fe80
ff80
0080
ff80
0080
0080
0000
0200
0080
fd80
ff80
0100
ff80
0080
0100
ff80
0080
0080
ff00
0000
fe80
fe00
0200
0180
ff00
0180
0180
0000
0280
0080
fe00
0280
0200
fd80
0100
0100
fd00
0100
0200
fe00
0100
0100
ff00
0200
ff00
fc00
0300
0100
fc00
0300
0200
fc00
0200
0100
fc00
0200
0300
fd00
0100
0200
fe00
0100
ff00
fc00
0300
0300
fc00
0000
0300
fc00
ff00
0300
fc00
fe00
0400
fe00
fd00
0200
0000
fe00
0100
0000
ff00
0000
fe80
ff80
0200
0080
ff00
0080
0180
0080
0100
ff80
fe00
0180
0200
ff80
0080
0300
0080
fe80
0180
0080
fe80
0000
0180
ff00
0080
0300
0000
0000
ff80
fe80
0200
0000
fd00
0200
0200
fe00
0000
ff00
fd00
0200
0200
fd00
0100
0400
ff00
0100
0300
ff00
0100
0300
fe00
0000
0300
fe00
ff00
0400
0000
ff00
0300
0000
ff00
0200
0100
0000
0100
0000
ff00
0200
0100
fe00
0080
0200
0180
0180
fe80
fe80
0100
0180
0180
0000
ff00
0000
0100
0000
fd00
fd00
0100
0000
fc00
ff00
0200
fd00
ff00
0300
fe00
fe00
0300
ff00
fe00
0100
fd00
fe00
0400
0000
fd00
0200
0000
ff00
0200
0000
0000
0280
0058
fe52
ffed
ff6e
ff77
ffff
007f
01f7
01d8
ffba
ffbf
0143
ffae
00b3
02a8
fffd
007e
01f6
ff56
fce1
fe13
0131
011e
fe0c
ff2b
02b9
010d
fdfc
ff1c
fe2a
fc48
ff00
0000
fd80
ff80
0100
fd00
ff00
0100
fd00
fe00
0000
ff00
ff80
0080
ff80
0080
0200
0000
0080
0100
fe80
fe80
0180
ff80
fe80
0180
fe80
fe00
0100
ff00
fd80
0200
0200
fe00
0100
0080
fd80
fe80
ff00
ff80
ff80
0180
0000
ff00
0180
ff00
ff80
0300
ff80
fe00
0180
ff80
fd80
0200
0180
fd00
0100
0200
ff00
0180
0100
fd80
0080
0200
fe00
0000
0380
0100
0080
0180
0000
0180
0180
0000
0280
0280
0080
0000
0100
0080
fe00
ff00
0000
fe00
0000
0400
0000
fe00
0300
0200
0000
0200
0100
0000
0200
0100
ff00
0000
0080
0100
0100
0180
0100
0080
0080
fe00
fd80
0100
0280
0000
0000
0180
0000
0180
0200
ff80
ff80
0080
ff00
0000
0280
0000
fe00
0080
0200
0000
ff00
0080
00c0
0080
ffc0
0080
0140
0040
0100
00c0
0040
ff80
ff40
00c0
ff80
ff80
0080
ffc0
0100
0200
ff80
fe00
0180
0180
fd80
0100
0300
ff00
0080
0200
fe00
ff00
0180
fe80
ff00
0100
fe00
0100
0300
fd00
0000
0300
fd00
0000
0300
fc00
ff00
0500
fe00
fe00
0500
0000
ff00
0300
fe00
fd00
0100
fe00
fe00
0300
0000
ff00
0300
ff00
fe00
0300
ff80
fd00
0180
0200
ff80
0100
0000
fe00
0100
0000
fe80
0280
0000
fc80
0080
0080
fd00
0100
0200
fd00
ff00
0200
fc00
fb00
0000
ff00
ff00
0300
0000
fd00
0200
0100
fd00
0100
0100
0000
0100
fd00
fe00
0400
0000
fd00
0100
0000
ff00
0200
ff00
fe00
0400
0200
fe00
0200
0100
ff00
0100
ff00
fe00
0100
ff00
ff00
0300
fe00
ff00
0400
fe00
fd00
0400
0000
fb00
0200
0400
fe00
0000
0300
fe00
fe00
0100
fd00
fe00
0300
ff00
fe80
0200
ff00
ff00
0100
fe00
0000
0280
fe00
fe00
0200
fe80
fc80
0180
0080
fd80
0000
0000
ff00
0000
0100
ff80
fe00
ff00
ff00
0000
ff80
fd80
ff80
fe00
fe00
0100
ff80
fd00
fe80
0100
0080
fe80
ff00
0100
ff80
ff00
0100
0080
ff00
0080
0180
ff00
fd00
0080
0180
fd80
0000
0200
fe00
0000
0180
fe80
ff80
0380
0080
fd00
0000
ff80
fe80
0140
01c0
0080
0100
0100
ff00
ff80
0140
0040
ff80
0080
ff40
ff80
00c0
0000
0000
0080
ff80
ff80
0100
ff80
fe00
0200
0100
fc80
ff80
0300
ff80
fe00
0180
0000
ff00
0280
ff80
fe80
0180
0000
0080
0100
fe80
0100
0180
fe00
0200
0300
fe00
0100
0200
0000
0300
0100
fe00
0300
0200
fc00
0000
0300
fe00
0000
0300
0000
0100
0200
0000
0100
0400
0100
0100
0400
0000
fe00
0200
0000
fe00
0200
0200
fe00
0000
0200
fe00
0100
0280
fd80
0100
0200
fc80
ff00
0100
fe00
ff00
0080
fe00
0000
0280
fe80
0000
0300
ff00
fe80
0180
ff00
fe80
0000
ff00
0000
0080
fd80
ff00
0080
fe80
0080
0280
fe00
fe80
0280
ff80
fd80
0000
0100
0100
0080
ff00
0100
0080
fe00
0180
0080
fd00
0080
0200
fe00
fe00
0080
ff00
ff80
0200
0000
ff80
0080
fe80
0000
0200
ff00
0000
0280
ff00
fe00
0180
ff80
fe00
0300
0000
fc80
0180
0100
fd80
0180
0380
fe00
0000
0300
fd00
0000
0200
fd00
0100
0200
fc00
ff00
0400
ff00
fe00
0200
fe00
ff00
0500
0000
fd00
0400
0100
fb00
ff00
0000
fe00
0100
0100
fe00
0000
0100
ff00
0080
ff00
ff00
0300
0100
fe80
0100
0080
fe80
0080
ff80
fe80
0280
0080
fe00
0080
0180
fe80
fe00
0080
ff00
ff80
0200
ff80
0000
0380
fe80
fc80
0200
0080
fd00
0080
0200
0080
0200
0000
fe80
0380
0180
fd80
0200
0200
fe80
0000
0100
0100
0380
0100
fe80
0300
0200
fd80
ff00
0080
ff80
0200
0300
0100
0080
0080
0080
0000
ff80
ff00
0100
0180
fe00
ff00
0100
fd80
ff80
0280
fd80
fe80
0180
fc80
fd80
0200
fe00
fd00
0200
ff00
fc00
0200
0100
fc00
0000
0100
fe00
0100
0000
fe00
0200
0100
ff00
0100
ff00
fc00
0100
0300
ff00
0000
0200
ff00
fe00
0000
0000
0000
0000
fd00
ff00
0200
fe80
fe00
0180
0100
ff80
fe80
fd00
ff80
0100
fd00
fe80
0280
0000
ff80
ff80
fd80
ff28
0035
ffb2
01b6
019b
ff81
ff89
0010
000f
010e
007d
fef5
ff86
010e
fefd
fd8d
0180
0280
0000
0080
0200
ff80
0000
0200
fe00
ff00
0200
fe80
fe80
0080
0080
0000
ff00
0000
0200
0100
ff00
0200
0100
fe00
0300
0500
ff00
fe00
0100
0100
0000
0000
ff00
0100
0380
ff00
fd80
0200
0180
0000
0100
fe00
fe80
0280
ff00
fd80
0180
0000
0080
0180
fe80
ff80
0280
0080
fe00
0180
0180
fe00
0080
0280
0080
0000
0100
0180
0080
fe00
ff80
0100
ff80
0100
0380
0100
ff80
0280
0200
ff80
0000
0100
0080
0080
ff00
0180
0000
ff00
0200
ff80
ff80
0280
ff00
fe80
0100
fe00
ff00
0180
fe00
ff00
0200
0000
ff00
0100
0100
0200
0100
ff00
0100
0300
ff00
ff00
0200
fe00
fe00
0400
0080
fe00
0380
0180
fc80
0180
0080
fc80
0280
0200
fd00
0000
0180
fe00
ff80
0180
fe80
0000
0300
fe80
fd00
0080
0100
fe00
fe80
0080
ff00
0000
0000
fc80
0000
0200
fc00
fe00
0100
fc00
fd00
0100
fd00
fd00
0300
ff00
fd00
0400
0300
fe00
0100
0100
fd00
fe80
ff80
fe00
0080
0200
ff80
ff80
0000
fe80
ff80
0180
ff00
ff80
0280
0080
fe00
0080
0100
ff00
0180
0180
fd80
ff00
0280
ff80
fe80
0100
ff80
ff00
0000
fe00
fd80
0080
ff80
fd80
ff80
fe80
fd80
0100
ff00
fc80
0100
0080
fd80
0100
0380
fe00
fd00
0180
0080
ff80
0100
0080
ff80
0100
0080
ff80
0280
0200
ff00
0200
0200
fe00
0000
0100
ff00
ff80
0280
0300
0000
0180
0280
0180
0000
0080
0280
ff80
ff80
0300
ff00
fd80
0200
0100
fe80
0200
0180
ff80
0100
fe80
fe00
0180
0100
fe00
0200
0300
fe00
0100
0100
fd00
0200
0300
fd00
0000
0400
ff00
ff00
0300
0000
ff00
0200
ff00
fe00
0100
fd00
fe00
0200
fe00
ff00
0400
0000
ff00
0500
0200
fe00
0300
0100
fc00
0180
0280
fd00
0280
0380
fe00
0180
0080
fd00
0200
0100
ff00
0280
ff80
ff00
0300
ff00
fd00
0180
ff00
fc80
ff80
fe00
fe00
0180
0000
fd80
0180
0280
fe00
ff80
0180
0000
0100
0000
fe00
0200
0100
fc00
ff00
0300
fe00
ff00
0300
0100
ff00
0100
0100
ff00
ff00
ff00
0000
0200
ff00
0000
0400
ff00
0000
0400
ff00
0000
0400
ff00
fe00
0300
ff00
fe00
0400
0100
fe00
0200
0100
fe00
0100
0100
ff00
0100
0100
fe00
0000
0200
fe80
ff00
0280
0100
0080
0280
ff00
ff80
0300
fe00
fd80
0300
ff80
fd00
0180
0000
ff00
0280
fe80
fd80
0300
0180
fe80
0200
0180
fe00
0000
0100
ff00
0080
0280
0058
ffd2
0155
ffbf
fec3
ff57
0062
015b
ffc6
ff49
00d5
ff47
ff53
01dd
fe40
fb5c
ff00
0180
ff00
fe00
ff00
ff80
0080
0100
ff80
0000
0180
ff80
0000
0200
0000
ff80
0280
0100
ff00
0080
0100
ff00
0000
0100
fe80
0180
0200
ff00
0280
0200
fe00
ff80
0400
0000
fd00
0100
ff00
ff00
0300
0000
ff00
0200
ff00
fe00
0300
0100
fe00
0300
0300
fe00
0200
0400
fe00
ff00
0200
fe00
0000
0300
fe00
ff00
0400
0100
fd00
ff00
ff00
ff00
0100
ff00
fe00
0000
ff00
ff00
0100
ff00
ff00
0300
ff00
fc00
0100
ff00
fd00
0300
0100
fe00
0200
ff00
fd00
0100
fe00
ff00
0500
0000
fc00
0300
0200
fb00
0000
0300
fd00
0000
0200
fb00
ff00
0400
fd00
ff00
0400
fc00
ff00
0500
fd00
fe00
0400
fe00
ff00
0400
fd00
fe00
0400
fd00
fd00
0500
ff00
fc00
0300
0000
fc00
0200
0100
fd00
0200
0200
fe00
0100
0100
fc00
0000
0000
fc00
0200
0100
fe00
0100
fe00
fb00
0100
0000
fa00
0000
0200
fe00
0000
fe00
fb00
0100
0100
fb00
ff00
0200
fc00
ff00
0200
fb00
fe00
0400
fd00
fe00
0400
fd00
fc00
0200
fe00
fe00
0300
fe00
fe00
0200
fd00
fe00
0200
fe00
fe00
0100
fc00
fd00
0300
fc00
fb00
0300
0000
fc00
0300
0100
fa00
0100
0200
fc00
0000
0000
fd00
0100
ff00
fb00
0000
0000
fd00
0100
ff00
fd00
0400
0200
fb00
0100
0400
fc00
fe00
0400
ff00
fe00
0100
fe00
0000
0400
fe00
ff00
0600
0000
ff00
0500
0000
ff00
0500
0000
fd00
0400
0100
fc00
0300
0300
fd00
0200
0400
fe00
0100
0500
0100
0000
0200
0200
0000
0000
0000
0100
0200
0000
ff00
fe80
ff80
0180
0080
0080
0300
0180
fe00
ff00
0080
ff00
0000
0200
ff00
ff80
0100
0000
0000
ff80
ff00
0180
0200
fe80
fe80
0180
ff80
fd00
ff00
0180
0100
ff00
0000
0080
0180
0200
0080
0200
0000
fe80
0200
0200
ff80
0000
0100
0000
0000
0180
0100
00f0
0361
012a
ff18
01a6
018c
0173
00dc
ffce
00d1
0144
00af
0024
0222
0200
fee0
0180
0280
fe80
0080
0200
fd00
fe80
0300
fe80
fe00
0180
fe80
fd80
0180
fe80
fe00
0400
0000
fc00
0100
0000
fe00
0200
ff00
fd00
0300
0100
fd00
0300
0100
fc00
0200
0100
fc00
0200
0300
fd00
0100
0200
fd00
0000
0100
fc00
ff00
0200
fe00
ff00
0300
0000
0000
0200
0080
0200
0280
ff00
0000
0300
ff80
fe80
0180
0000
0080
0180
0000
0000
0080
ff00
ff00
ff80
fd80
ff00
0180
0080
0080
0200
0080
ff00
0180
0100
fe00
0200
0400
0000
0100
0200
ff00
0200
0300
fd00
0000
0400
fe00
ff00
0400
0000
ff00
0300
0000
fe00
0100
ff00
ff00
0200
ff00
ff00
0400
0100
fd00
0100
0100
ff00
0100
0080
ff00
0200
0080
fd80
0180
0300
ff00
ff80
0180
ff00
ff00
0080
fd80
fe00
0280
0000
fe00
0200
ff00
fc00
0000
fe00
fe00
0200
ff00
fd00
0200
ff00
fb00
0100
0100
fe00
0100
0000
fd00
0000
ff00
fd00
0100
ff00
fc00
0000
0100
fe00
ff00
fe00
fc00
ff80
0080
fd00
ff80
0180
fe80
0080
0180
fd80
0080
0280
fe80
0080
0100
ff00
0200
0200
0000
0100
ff00
fd00
0200
0300
fd00
ff00
0400
0100
fe00
0000
ff00
ff00
0300
0000
fd80
0380
0380
ff00
0280
0280
fe00
0280
0280
fe00
0200
0300
fe80
0080
0200
fd00
0000
0400
fe00
0000
0500
0100
ff00
0100
fe00
ff00
0400
0000
fd00
0300
0200
fd80
0080
ff80
fd80
0180
0200
0080
0100
0080
0100
0100
fe80
0000
0200
ff00
ff80
0100
fd00
fd00
0300
0080
fd00
0280
0100
fd00
0000
fe80
fe00
0380
0180
fd00
0180
0300
fe00
0000
0200
fe00
0200
0400
fd00
0000
0500
ff00
ff00
0000
fe00
0200
0100
fc00
0000
0400
ff00
fe00
0200
fe00
ff00
0400
fe00
fd00
0300
0000
fd00
0200
0100
fd00
0200
0100
fc00
0000
0200
ff00
0000
0200
ff00
0000
0200
ff00
0000
0100
0100
0000
ff00
ff80
0100
ff00
fd00
0080
0100
ff00
0000
ff80
ff00
0080
ff80
ff00
0200
0200
fe80
fe00
0080
0000
ff00
0100
0100
0000
0180
0000
fc80
fe80
0080
fe00
ff00
0110
ffff
ffff
00ff
00ef
ffe0
fee2
fef3
ff04
ff14
fd22
fc50
018b
0072
fd6b
0094
0000
ff80
0100
fe00
fe00
0280
0200
ff00
0080
0100
fe80
0080
0000
fe00
0100
0280
0080
0000
0280
0000
fd00
ff80
0000
ff80
0180
0000
fe80
0200
0080
fe00
0000
0080
fe00
fe00
0080
ff80
fe80
0100
ff80
ff00
0200
0000
fe00
0080
ff80
fd00
ff00
0000
fd80
fea8
003d
fe39
fd56
0000
ff80
fd08
feb7
00cc
fdbf
fc63
fe9d
ff33
0140
00ac
fd00
0000
0200
fe80
fc80
0100
0300
ff00
0100
0200
fe00
0080
0100
ff00
0280
0200
fe00
0000
0200
0000
0200
0300
fe00
0100
0400
fd00
0000
0400
fe00
0100
0600
ff00
ff00
0400
ff00
fe00
0300
ff00
ff00
0500
0100
fe00
0400
0200
ff00
0200
0100
fe00
ff80
0000
fd80
0000
0180
fe80
0080
0280
ff00
ff80
0200
fd80
fd00
0280
0100
ff80
0200
0100
0000
0200
0000
ff00
0300
0100
fd00
0300
0200
fd00
0200
0100
fb00
ff00
0100
fc00
ff00
0100
fe00
0000
ff00
fc00
0100
0200
fb00
ff00
0300
fc00
ff00
0400
fe00
0000
0100
fa00
ff00
0300
fb00
fd00
0200
fa00
fa00
0100
fc00
fb00
0200
fe00
fc00
0200
fe00
fb00
0200
ff00
fb00
0200
0000
fa00
0100
0100
fb00
ff00
0200
ff00
0100
0000
fc00
0200
0500
fd00
fe00
0200
fc00
fe00
0300
fe00
0100
0600
ff00
ff00
0400
fe00
fc00
0300
0000
fe00
0400
0000
fd00
0200
0100
fe00
0100
ff00
fe00
0300
0000
0000
0700
0300
ff00
0500
0300
fd00
0200
0400
ff00
0200
0400
fe00
0100
0600
0080
ff00
0280
0080
0000
0180
ff00
0000
0280
0080
0080
0100
0000
0080
0080
fe00
ff00
0300
0000
fe00
0100
ff00
ff00
0000
fe00
0100
0300
fe00
fe00
0400
0100
fc00
ff80
0000
fd00
0000
ff80
fc80
0200
0280
fe00
0200
0300
fe00
fe80
ff80
ff00
ff80
fe80
fe00
ff80
0080
0000
ff80
0000
fe00
fe80
0080
fd80
fd80
0080
ff00
fe00
0080
0078
fd70
ff99
ff9f
fca5
ffdb
02dd
feaf
fec4
00d8
feca
01de
02c0
fe94
02aa
0580
fe00
fe00
0500
0000
fc00
0300
0100
fe00
0400
0100
fd00
0300
0200
fd00
0100
0300
0000
0100
0000
ff00
0300
0200
0000
0200
0100
0100
0500
0400
fe00
ff00
0400
0000
ff00
0400
0100
0000
0400
ff00
fc00
0300
0200
ff00
0200
0100
0000
0300
0000
fe00
0180
0080
fe80
0180
0080
fe00
0080
0100
fd80
0000
0380
ff00
ff80
0100
fd80
0100
0100
fc00
0100
0300
fd00
ff00
0200
fd00
ff00
0200
fe00
ff00
0200
fe00
fe00
0300
fe00
fc00
0300
fe00
fc00
0400
0100
fd00
0300
0000
fc00
0200
0100
fd00
0200
0200
fd00
0100
0280
ff00
0300
0280
fd80
ff80
0000
fd80
0080
ff80
fd80
0280
0180
fd00
0000
0180
fc80
fe00
0280
0000
0080
0200
fd80
fd00
0080
ff80
fd80
ff80
0000
fe00
ffa0
01a6
010b
fffa
ff7b
fe83
fd1b
fdc9
feec
fdfd
ff1e
ffac
feb1
fec6
fed9
fe6c
fe00
ff00
ff80
0080
ff80
0000
0200
ff80
0000
0100
fe00
0100
0200
fd00
0000
0300
fd00
fe00
0500
0000
fc00
0300
0200
fd00
0100
0300
ff00
0000
0100
fe00
0000
0300
fe00
fd00
0200
0280
0100
ff80
ff00
0100
0100
fd00
fe80
0300
0000
ff00
0200
fe80
fc00
0100
0100
fe00
0300
0500
ff00
0000
0400
ff00
fd00
0300
0000
fe00
0200
0100
fe00
0100
0100
fd00
fe00
0080
ff80
fe80
ff80
ff00
0080
0380
fe80
fd00
0080
fd80
fd80
0180
0000
ff80
0200
ff80
fd80
ff80
0080
0000
fe80
0000
0100
fe80
0000
0200
fe00
fe00
0300
0080
fe80
0180
0100
0000
0100
0000
ff80
0200
0000
fd80
0180
0200
fe00
0000
0380
ff80
fe00
0180
0000
fd80
0000
0000
fe00
0080
0100
fe00
0000
0180
ff80
ff80
0000
ff00
ff80
0100
0080
0080
0180
ff80
fe00
0080
ff80
fe00
0100
0000
ff00
0110
feff
ff0f
021e
fefc
ff0c
001b
fe19
0038
0134
fd21
004f
044a
0105
00f5
0200
fc00
fc00
0200
ff00
fd00
0300
0100
ff00
0100
fe00
fd00
0200
0200
ff00
0000
0180
ff80
ff80
0080
ff80
fe80
ff80
0000
ff00
ff80
0080
ff80
ff80
0200
0080
ff00
0080
ff80
ff00
ff80
0000
0000
fe80
fe80
0000
ff00
fd00
ff80
0080
fd80
0080
0200
fe80
0000
0200
fe00
ff00
0200
0000
0000
0080
ff80
0000
0000
0000
0180
0100
0000
0100
0100
ff80
0000
0080
ff80
0300
0380
fe80
0100
0280
fe80
0000
0000
fe00
0200
0280
fe80
0000
0100
ff00
0080
0100
0180
0280
0080
fe80
0000
0100
ff80
0080
0100
fff0
fff1
fef1
0002
0302
00d2
fec5
01d8
01bb
fe9f
02b5
0389
fe51
016c
0555
ffff
fe80
0200
ff80
fe80
0180
0180
0100
0180
0200
0180
ff00
0080
0180
0000
0000
0080
0100
0080
ff00
ff00
0100
ff80
fd80
0100
0100
fe80
0200
0300
fe00
0000
0280
fd00
fd00
0100
fe00
fd80
0180
fe00
fe00
0300
ff80
fd80
0280
0180
fe80
0100
ff80
fe00
0180
0000
fd80
0100
0080
fd80
0080
0000
fd00
0000
0180
0080
0100
0080
ff00
ff80
0200
0000
fd00
0100
0400
0100
0000
0100
fe00
ff00
0100
fd00
fe00
0400
0200
fe00
0080
0100
ff00
ff00
fe00
fd00
0180
0280
fd80
fe80
0280
ff80
fd80
0100
0080
ff00
0080
fe00
fd00
ff80
ff80
fe80
fe80
ff00
ff00
0080
ff00
fd80
0100
ff80
fd00
0000
0000
fd00
0080
0200
fd80
ff80
0100
fd00
fd80
0100
ff00
fe00
0080
0180
0080
fe00
fde0
ff42
ff8d
ff55
ff5f
ffa9
ff6f
ff78
00c0
00b4
ffa9
00ee
00df
ff51
fe9c
ff72
0080
0000
0080
0100
0000
ff00
fe80
0080
0080
ff80
0180
0000
ff00
0000
0000
ff80
0080
0180
fe80
ff00
0080
ff00
ff80
0280
0180
0080
0200
0080
fe80
ff80
0100
fe80
fd00
0000
0100
0100
0200
0000
ff00
0300
0100
fd00
0100
0100
fe00
0000
0000
ff00
0110
feff
fb0f
fe5e
0078
fe70
fe89
00a0
fe96
fdad
ffd2
fcd5
fe07
0127
fe14
fe33
0200
ff00
fd00
0200
0000
fb00
0100
0200
fc00
ff00
0100
fd00
0000
0300
fd00
ff00
0400
fe00
fd00
0100
fe00
ff00
0200
fd00
fd00
0200
ff00
0000
0500
0000
0000
0500
fe00
fc00
0400
0100
fd00
0300
0200
fe00
0200
0100
ff00
0300
0100
fe00
0100
0000
ff00
0200
ff00
fe00
0200
fe00
fd00
0300
0200
0000
0300
0000
fe00
0200
0300
ff00
0100
0400
0200
0200
0200
0000
0100
0200
fe00
ff00
0300
ff00
fe00
0200
0100
fd00
ff00
0100
fe00
ff00
ff80
ff00
0180
0100
fe80
ff00
0280
0200
0000
0100
0000
ff00
0100
0080
0000
0200
0000
fd80
ff00
ff80
ff80
0080
ff00
0000
0280
0100
0000
0200
0200
0080
ff80
0000
0280
0080
ff00
0280
0280
ff80
ff00
0180
0200
fe00
fe00
0080
0080
0080
0080
0000
0000
0200
0100
fd80
0180
0280
fe80
0080
0100
fe80
0080
0080
ff00
0200
0300
0100
0300
0300
fe00
0000
0300
ff00
0000
0200
fe00
0200
0400
fe00
0100
0400
ff00
0100
0300
fe00
0000
0200
fe00
ff00
0100
fd00
fe00
0200
ff00
ff00
0280
0200
0000
0000
ff80
0080
0180
fd00
fd00
0200
0000
fd80
ff00
0080
0280
ff80
fc00
0000
0100
fc00
ff00
0400
0000
0100
0300
fe00
0000
0200
fd00
fe00
0100
ff00
0080
0200
ff80
0080
0180
fe00
fe80
0200
fe80
fe00
0280
ff00
fe00
0200
0100
fe00
fe20
ff3e
ffca
004d
fe48
ff63
016d
fed6
ff69
0172
ff5b
fe65
00ff
ffef
fc70
ffa9
0200
0000
0000
0000
fe00
ff00
0000
fc00
fe00
0300
ff00
ff00
0400
0100
fe00
0200
0000
fd80
0380
0200
fd00
0180
0100
fc80
0300
0380
fd00
0100
0300
fd80
0000
0380
fe00
0000
0400
fe00
fe00
0300
0100
ff00
0100
0100
0000
0000
0000
fe00
ff00
0200
0160
ff4a
0055
0150
003b
0037
feb3
ffc8
02cb
009f
ff95
021b
007a
00f2
0363
002c
0100
0400
ff00
fe00
0300
ff00
fc00
0100
0100
fd00
0100
0400
fe00
0000
0400
ff00
0000
0200
ff00
0100
0180
fe00
0100
0300
ff00
0000
0180
ff80
0100
0300
ff80
fe80
0400
0200
ff00
0300
0100
fe00
0200
0100
ff00
0300
0100
ff00
0500
0400
fd00
0000
0300
ff00
0000
0100
fd00
ff00
0000
fd00
ff00
0000
ff00
0100
0000
ff00
0000
0000
fec0
ffd4
00d6
ff89
ff10
fe5f
fe79
ffd1
0014
00d3
0106
0035
0032
00ef
ff60
ffea
0380
0000
fd80
0100
0200
fe00
fe00
0000
ff80
0080
ff80
fe80
0080
0000
fe80
ff80
0108
fff7
00f8
02e8
ff39
ffc6
01c9
ff2d
00ba
02ae
0103
ff73
fffc
fe7c
fc14
fdd3
ff80
0080
0080
fe80
0000
0300
0000
fd00
ff00
ff00
fe00
0000
ff80
fd00
0080
0200
fd00
ff00
0180
0000
0180
0000
fe00
0080
0000
fc80
ff00
0380
0080
ff00
0000
fe80
ff80
0080
fe80
ff00
0280
0200
ff00
0000
0100
0180
0100
fd00
fd80
0000
0000
ff80
fe80
0000
0180
ff80
fe80
0180
0080
fe80
0200
0180
ff80
0380
0300
ff00
0100
ff80
fe80
0100
fe00
fe80
0180
0080
0080
0180
0100
0100
0080
fe00
ff80
0200
fe80
ff80
0200
fe80
ff00
0180
fe00
fe00
0280
0000
fe80
0180
0080
ff80
0080
0080
ff80
ff80
fe00
0000
0200
fe80
fe80
0200
0180
fe80
0080
0180
0080
0180
ff00
fd80
0300
0300
fc00
ff00
0300
fd00
ff00
0300
fe00
0100
0200
fd00
0100
0100
fc00
0200
0200
fb00
0000
0200
fc00
0000
0200
fd00
0000
0200
fc00
fe00
0300
ff00
fe00
0200
ff00
fd00
ff80
fd80
fd00
0180
0080
fe80
0380
0200
fd00
0000
0180
fd80
fd00
0180
0200
0080
0000
0080
0100
0000
fe00
fe80
0200
0100
fe00
ff00
0080
ff80
0000
0000
fd00
fe80
ff98
fb9e
fce4
0016
ff14
ff23
0031
ff2d
003b
ff37
fc43
fe7f
ff97
fe9e
ffb4
feb8
ff4d
0158
00c2
fe36
fed2
0065
fedf
fe71
fd8a
feb1
0046
fec1
fe55
fef0
fe81
fe99
0180
0100
fe80
0080
0280
ff00
fe00
0180
0100
ff80
0100
ff80
ff00
0180
ff80
fd00
0000
0200
0180
0180
0200
0180
0180
0100
0000
0180
0080
0080
0180
ff80
ff80
0280
0100
fc80
0080
0380
0080
0080
0300
0180
0000
0300
0000
fc80
0000
0200
ff00
fe00
ff80
0100
0180
0080
0180
0280
ff80
0080
0180
fd80
ff80
0300
ff00
fd00
0180
0100
fd00
ff00
ff80
fe00
0080
0080
fd80
fe80
0100
fe80
fc80
ff80
0100
fe80
ff80
0080
ff80
0080
0080
0000
0200
0080
fd80
ff80
0100
ff80
0080
0100
ff80
0080
0080
ff00
0000
fe80
fe00
0200
0180
ff00
0180
0180
0000
0280
0080
fe00
0280
0200
fd80
0100
0100
fd00
0100
0200
fe00
0100
0100
ff00
0200
ff00
fc00
0300
0100
fc00
0300
0200
fc00
0200
0100
fc00
0200
0300
fd00
0100
0200
fe00
0100
ff00
fc00
0300
0300
fc00
0000
0300
fc00
ff00
0300
fc00
fe00
0400
fe00
fd00
0200
0000
fe00
0100
0000
ff00
0000
fe80
ff80
0200
0080
ff00
0080
0180
0080
0100
ff80
fe00
0180
0200
ff80
0080
0300
0080
fe80
0180
0080
fe80
0000
0180
ff00
0080
0300
0000
0000
ff80
fe80
0200
0000
fd00
0200
0200
fe00
0000
ff00
fd00
0200
0200
fd00
0100
0400
ff00
0100
0300
ff00
0100
0300
fe00
0000
0300
fe00
ff00
0400
0000
ff00
0300
0000
ff00
0200
0100
0000
0100
0000
ff00
0200
0100
fe00
0080
0200
0180
0180
fe80
fe80
0100
0180
0180
0000
ff00
0000
0100
0000
fd00
fd00
0100
0000
fc00
ff00
0200
fd00
ff00
0300
fe00
fe00
0300
ff00
fe00
0100
fd00
fe00
0400
0000
fd00
0200
0000
ff00
0200
0000
0000
0280
0058
fe52
ffed
ff6e
ff77
ffff
007f
01f7
01d8
ffba
ffbf
0143
ffae
00b3
02a8
fffd
007e
01f6
ff56
fce1
fe13
0131
011e
fe0c
ff2b
02b9
010d
fdfc
ff1c
fe2a
fc48
ff00
0000
fd80
ff80
0100
fd00
ff00
0100
fd00
fe00
0000
ff00
ff80
0080
ff80
0080
0200
0000
0080
0100
fe80
fe80
0180
ff80
fe80
0180
fe80
fe00
0100
ff00
fd80
0200
0200
fe00
0100
0080
fd80
fe80
ff00
ff80
ff80
0180
0000
ff00
0180
ff00
ff80
0300
ff80
fe00
0180
ff80
fd80
0200
0180
fd00
0100
0200
ff00
0180
0100
fd80
0080
0200
fe00
0000
0380
0100
0080
0180
0000
0180
0180
0000
0280
0280
0080
0000
0100
0080
fe00
ff00
0000
fe00
0000
0400
0000
fe00
0300
0200
0000
0200
0100
0000
0200
0100
ff00
0000
0080
0100
0100
0180
0100
0080
0080
fe00
fd80
0100
0280
0000
0000
0180
0000
0180
0200
ff80
ff80
0080
ff00
0000
0280
0000
fe00
0080
0200
0000
ff00
0080
00c0
0080
ffc0
0080
0140
0040
0100
00c0
0040
ff80
ff40
00c0
ff80
ff80
0080
ffc0
0100
0200
ff80
fe00
0180
0180
fd80
0100
0300
ff00
0080
0200
fe00
ff00
0180
fe80
ff00
0100
fe00
0100
0300
fd00
0000
0300
fd00
0000
0300
fc00
ff00
0500
fe00
fe00
0500
0000
ff00
0300
fe00
fd00
0100
fe00
fe00
0300
0000
ff00
0300
ff00
fe00
0300
ff80
fd00
0180
0200
ff80
0100
0000
fe00
0100
0000
fe80
0280
0000
fc80
0080
0080
fd00
0100
0200
fd00
ff00
0200
fc00
fb00
0000
ff00
ff00
0300
0000
fd00
0200
0100
fd00
0100
0100
0000
0100
fd00
fe00
0400
0000
fd00
0100
0000
ff00
0200
ff00
fe00
0400
0200
fe00
0200
0100
ff00
0100
ff00
fe00
0100
ff00
ff00
0300
fe00
ff00
0400
fe00
fd00
0400
0000
fb00
0200
0400
fe00
0000
0300
fe00
fe00
0100
fd00
fe00
0300
ff00
fe80
0200
ff00
ff00
0100
fe00
0000
0280
fe00
fe00
0200
fe80
fc80
0180
0080
fd80
0000
0000
ff00
0000
0100
ff80
fe00
ff00
ff00
0000
ff80
fd80
ff80
fe00
fe00
0100
ff80
fd00
fe80
0100
0080
fe80
ff00
0100
ff80
ff00
0100
0080
ff00
0080
0180
ff00
fd00
0080
0180
fd80
0000
0200
fe00
0000
0180
fe80
ff80
0380
0080
fd00
0000
ff80
fe80
0140
01c0
0080
0100
0100
ff00
ff80
0140
0040
ff80
0080
ff40
ff80
00c0
0000
0000
0080
ff80
ff80
0100
ff80
fe00
0200
0100
fc80
ff80
0300
ff80
fe00
0180
0000
ff00
0280
ff80
fe80
0180
0000
0080
0100
fe80
0100
0180
fe00
0200
0300
fe00
0100
0200
0000
0300
0100
fe00
0300
0200
fc00
0000
0300
fe00
0000
0300
0000
0100
0200
0000
0100
0400
0100
0100
0400
0000
fe00
0200
0000
fe00
0200
0200
fe00
0000
0200
fe00
0100
0280
fd80
0100
0200
fc80
ff00
0100
fe00
ff00
0080
fe00
0000
0280
fe80
0000
0300
ff00
fe80
0180
ff00
fe80
0000
ff00
0000
0080
fd80
ff00
0080
fe80
0080
0280
fe00
fe80
0280
ff80
fd80
0000
0100
0100
0080
ff00
0100
0080
fe00
0180
0080
fd00
0080
0200
fe00
fe00
0080
ff00
ff80
0200
0000
ff80
0080
fe80
0000
0200
ff00
0000
0280
ff00
fe00
0180
ff80
fe00
0300
0000
fc80
0180
0100
fd80
0180
0380
fe00
0000
0300
fd00
0000
0200
fd00
0100
0200
fc00
ff00
0400
ff00
fe00
0200
fe00
ff00
0500
0000
fd00
0400
0100
fb00
ff00
0000
fe00
0100
0100
fe00
0000
0100
ff00
0080
ff00
ff00
0300
0100
fe80
0100
0080
fe80
0080
ff80
fe80
0280
0080
fe00
0080
0180
fe80
fe00
0080
ff00
ff80
0200
ff80
0000
0380
fe80
fc80
0200
0080
fd00
0080
0200
0080
0200
0000
fe80
0380
0180
fd80
0200
0200
fe80
0000
0100
0100
0380
0100
fe80
0300
0200
fd80
ff00
0080
ff80
0200
0300
0100
0080
0080
0080
0000
ff80
ff00
0100
0180
fe00
ff00
0100
fd80
ff80
0280
fd80
fe80
0180
fc80
fd80
0200
fe00
fd00
0200
ff00
fc00
0200
0100
fc00
0000
0100
fe00
0100
0000
fe00
0200
0100
ff00
0100
ff00
fc00
0100
0300
ff00
0000
0200
ff00
fe00
0000
0000
0000
0000
fd00
ff00
0200
fe80
fe00
0180
0100
ff80
fe80
fd00
ff80
0100
fd00
fe80
0280
0000
ff80
ff80
fd80
ff28
0035
ffb2
01b6
019b
ff81
ff89
0010
000f
010e
007d
fef5
ff86
010e
fefd
fd8d
0180
0280
0000
0080
0200
ff80
0000
0200
fe00
ff00
0200
fe80
fe80
0080
0080
0000
ff00
0000
0200
0100
ff00
0200
0100
fe00
0300
0500
ff00
fe00
0100
0100
0000
0000
ff00
0100
0380
ff00
fd80
0200
0180
0000
0100
fe00
fe80
0280
ff00
fd80
0180
0000
0080
0180
fe80
ff80
0280
0080
fe00
0180
0180
fe00
0080
0280
0080
0000
0100
0180
0080
fe00
ff80
0100
ff80
0100
0380
0100
ff80
0280
0200
ff80
0000
0100
0080
0080
ff00
0180
0000
ff00
0200
ff80
ff80
0280
ff00
fe80
0100
fe00
ff00
0180
fe00
ff00
0200
0000
ff00
0100
0100
0200
0100
ff00
0100
0300
ff00
ff00
0200
fe00
fe00
0400
0080
fe00
0380
0180
fc80
0180
0080
fc80
0280
0200
fd00
0000
0180
fe00
ff80
0180
fe80
0000
0300
fe80
fd00
0080
0100
fe00
fe80
0080
ff00
0000
0000
fc80
0000
0200
fc00
fe00
0100
fc00
fd00
0100
fd00
fd00
0300
ff00
fd00
0400
0300
fe00
0100
0100
fd00
fe80
ff80
fe00
0080
0200
ff80
ff80
0000
fe80
ff80
0180
ff00
ff80
0280
0080
fe00
0080
0100
ff00
0180
0180
fd80
ff00
0280
ff80
fe80
0100
ff80
ff00
0000
fe00
fd80
0080
ff80
fd80
ff80
fe80
fd80
0100
ff00
fc80
0100
0080
fd80
0100
0380
fe00
fd00
0180
0080
ff80
0100
0080
ff80
0100
0080
ff80
0280
0200
ff00
0200
0200
fe00
0000
0100
ff00
ff80
0280
0300
0000
0180
0280
0180
0000
0080
0280
ff80
ff80
0300
ff00
fd80
0200
0100
fe80
0200
0180
ff80
0100
fe80
fe00
0180
0100
fe00
0200
0300
fe00
0100
0100
fd00
0200
0300
fd00
0000
0400
ff00
ff00
0300
0000
ff00
0200
ff00
fe00
0100
fd00
fe00
0200
fe00
ff00
0400
0000
ff00
0500
0200
fe00
0300
0100
fc00
0180
0280
fd00
0280
0380
fe00
0180
0080
fd00
0200
0100
ff00
0280
ff80
ff00
0300
ff00
fd00
0180
ff00
fc80
ff80
fe00
fe00
0180
0000
fd80
0180
0280
fe00
ff80
0180
0000
0100
0000
fe00
0200
0100
fc00
ff00
0300
fe00
ff00
0300
0100
ff00
0100
0100
ff00
ff00
ff00
0000
0200
ff00
0000
0400
ff00
0000
0400
ff00
0000
0400
ff00
fe00
0300
ff00
fe00
0400
0100
fe00
0200
0100
fe00
0100
0100
ff00
0100
0100
fe00
0000
0200
fe80
ff00
0280
0100
0080
0280
ff00
ff80
0300
fe00
fd80
0300
ff80
fd00
0180
0000
ff00
0280
fe80
fd80
0300
0180
fe80
0200
0180
fe00
0000
0100
ff00
0080
0280
0058
ffd2
0155
ffbf
fec3
ff57
0062
015b
ffc6
ff49
00d5
ff47
ff53
01dd
fe40
fb5c
ff00
0180
ff00
fe00
ff00
ff80
0080
0100
ff80
0000
0180
ff80
0000
0200
0000
ff80
0280
0100
ff00
0080
0100
ff00
0000
0100
fe80
0180
0200
ff00
0280
0200
fe00
ff80
0400
0000
fd00
0100
ff00
ff00
0300
0000
ff00
0200
ff00
fe00
0300
0100
fe00
0300
0300
fe00
0200
0400
fe00
ff00
0200
fe00
0000
0300
fe00
ff00
0400
0100
fd00
ff00
ff00
ff00
0100
ff00
fe00
0000
ff00
ff00
0100
ff00
ff00
0300
ff00
fc00
0100
ff00
fd00
0300
0100
fe00
0200
ff00
fd00
0100
fe00
ff00
0500
0000
fc00
0300
0200
fb00
0000
0300
fd00
0000
0200
fb00
ff00
0400
fd00
ff00
0400
fc00
ff00
0500
fd00
fe00
0400
fe00
ff00
0400
fd00
fe00
0400
fd00
fd00
0500
ff00
fc00
0300
0000
fc00
0200
0100
fd00
0200
0200
fe00
0100
0100
fc00
0000
0000
fc00
0200
0100
fe00
0100
fe00
fb00
0100
0000
fa00
0000
0200
fe00
0000
fe00
fb00
0100
0100
fb00
ff00
0200
fc00
ff00
0200
fb00
fe00
0400
fd00
fe00
0400
fd00
fc00
0200
fe00
fe00
0300
fe00
fe00
0200
fd00
fe00
0200
fe00
fe00
0100
fc00
fd00
0300
fc00
fb00
0300
0000
fc00
0300
0100
fa00
0100
0200
fc00
0000
0000
fd00
0100
ff00
fb00
0000
0000
fd00
0100
ff00
fd00
0400
0200
fb00
0100
0400
fc00
fe00
0400
ff00
fe00
0100
fe00
0000
0400
fe00
ff00
0600
0000
ff00
0500
0000
ff00
0500
0000
fd00
0400
0100
fc00
0300
0300
fd00
0200
0400
fe00
0100
0500
0100
0000
0200
0200
0000
0000
0000
0100
0200
0000
ff00
fe80
ff80
0180
0080
0080
0300
0180
fe00
ff00
0080
ff00
0000
0200
ff00
ff80
0100
0000
0000
ff80
ff00
0180
0200
fe80
fe80
0180
ff80
fd00
ff00
0180
0100
ff00
0000
0080
0180
0200
0080
0200
0000
fe80
0200
0200
ff80
0000
0100
0000
0000
0180
0100
00f0
0361
012a
ff18
01a6
018c
0173
00dc
ffce
00d1
0144
00af
0024
0222
0200
fee0
0180
0280
fe80
0080
0200
fd00
fe80
0300
fe80
fe00
0180
fe80
fd80
0180
fe80
fe00
0400
0000
fc00
0100
0000
fe00
0200
ff00
fd00
0300
0100
fd00
0300
0100
fc00
0200
0100
fc00
0200
0300
fd00
0100
0200
fd00
0000
0100
fc00
ff00
0200
fe00
ff00
0300
0000
0000
0200
0080
0200
0280
ff00
0000
0300
ff80
fe80
0180
0000
0080
0180
0000
0000
0080
ff00
ff00
ff80
fd80
ff00
0180
0080
0080
0200
0080
ff00
0180
0100
fe00
0200
0400
0000
0100
0200
ff00
0200
0300
fd00
0000
0400
fe00
ff00
0400
0000
ff00
0300
0000
fe00
0100
ff00
ff00
0200
ff00
ff00
0400
0100
fd00
0100
0100
ff00
0100
0080
ff00
0200
0080
fd80
0180
0300
ff00
ff80
0180
ff00
ff00
0080
fd80
fe00
0280
0000
fe00
0200
ff00
fc00
0000
fe00
fe00
0200
ff00
fd00
0200
ff00
fb00
0100
0100
fe00
0100
0000
fd00
0000
ff00
fd00
0100
ff00
fc00
0000
0100
fe00
ff00
fe00
fc00
ff80
0080
fd00
ff80
0180
fe80
0080
0180
fd80
0080
0280
fe80
0080
0100
ff00
0200
0200
0000
0100
ff00
fd00
0200
0300
fd00
ff00
0400
0100
fe00
0000
ff00
ff00
0300
0000
fd80
0380
0380
ff00
0280
0280
fe00
0280
0280
fe00
0200
0300
fe80
0080
0200
fd00
0000
0400
fe00
0000
0500
0100
ff00
0100
fe00
ff00
0400
0000
fd00
0300
0200
fd80
0080
ff80
fd80
0180
0200
0080
0100
0080
0100
0100
fe80
0000
0200
ff00
ff80
0100
fd00
fd00
0300
0080
fd00
0280
0100
fd00
0000
fe80
fe00
0380
0180
fd00
0180
0300
fe00
0000
0200
fe00
0200
0400
fd00
0000
0500
ff00
ff00
0000
fe00
0200
0100
fc00
0000
0400
ff00
fe00
0200
fe00
ff00
0400
fe00
fd00
0300
0000
fd00
0200
0100
fd00
0200
0100
fc00
0000
0200
ff00
0000
0200
ff00
0000
0200
ff00
0000
0100
0100
0000
ff00
ff80
0100
ff00
fd00
0080
0100
ff00
0000
ff80
ff00
0080
ff80
ff00
0200
0200
fe80
fe00
0080
0000
ff00
0100
0100
0000
0180
0000
fc80
fe80
0080
fe00
ff00
0110
ffff
ffff
00ff
00ef
ffe0
fee2
fef3
ff04
ff14
fd22
fc50
018b
0072
fd6b
0094
0000
ff80
0100
fe00
fe00
0280
0200
ff00
0080
0100
fe80
0080
0000
fe00
0100
0280
0080
0000
0280
0000
fd00
ff80
0000
ff80
0180
0000
fe80
0200
0080
fe00
0000
0080
fe00
fe00
0080
ff80
fe80
0100
ff80
ff00
0200
0000
fe00
0080
ff80
fd00
ff00
0000
fd80
fea8
003d
fe39
fd56
0000
ff80
fd08
feb7
00cc
fdbf
fc63
fe9d
ff33
0140
00ac
fd00
0000
0200
fe80
fc80
0100
0300
ff00
0100
0200
fe00
0080
0100
ff00
0280
0200
fe00
0000
0200
0000
0200
0300
fe00
0100
0400
fd00
0000
0400
fe00
0100
0600
ff00
ff00
0400
ff00
fe00
0300
ff00
ff00
0500
0100
fe00
0400
0200
ff00
0200
0100
fe00
ff80
0000
fd80
0000
0180
fe80
0080
0280
ff00
ff80
0200
fd80
fd00
0280
0100
ff80
0200
0100
0000
0200
0000
ff00
0300
0100
fd00
0300
0200
fd00
0200
0100
fb00
ff00
0100
fc00
ff00
0100
fe00
0000
ff00
fc00
0100
0200
fb00
ff00
0300
fc00
ff00
0400
fe00
0000
0100
fa00
ff00
0300
fb00
fd00
0200
fa00
fa00
0100
fc00
fb00
0200
fe00
fc00
0200
fe00
fb00
0200
ff00
fb00
0200
0000
fa00
0100
0100
fb00
ff00
0200
ff00
0100
0000
fc00
0200
0500
fd00
fe00
0200
fc00
fe00
0300
fe00
0100
0600
ff00
ff00
0400
fe00
fc00
0300
0000
fe00
0400
0000
fd00
0200
0100
fe00
0100
ff00
fe00
0300
0000
0000
0700
0300
ff00
0500
0300
fd00
0200
0400
ff00
0200
0400
fe00
0100
0600
0080
ff00
0280
0080
0000
0180
ff00
0000
0280
0080
0080
0100
0000
0080
0080
fe00
ff00
0300
0000
fe00
0100
ff00
ff00
0000
fe00
0100
0300
fe00
fe00
0400
0100
fc00
ff80
0000
fd00
0000
ff80
fc80
0200
0280
fe00
0200
0300
fe00
fe80
ff80
ff00
ff80
fe80
fe00
ff80
0080
0000
ff80
0000
fe00
fe80
0080
fd80
fd80
0080
ff00
fe00
0080
0078
fd70
ff99
ff9f
fca5
ffdb
02dd
feaf
fec4
00d8
feca
01de
02c0
fe94
02aa
0580
fe00
fe00
0500
0000
fc00
0300
0100
fe00
0400
0100
fd00
0300
0200
fd00
0100
0300
0000
0100
0000
ff00
0300
0200
0000
0200
0100
0100
0500
0400
fe00
ff00
0400
0000
ff00
0400
0100
0000
0400
ff00
fc00
0300
0200
ff00
0200
0100
0000
0300
0000
fe00
0180
0080
fe80
0180
0080
fe00
0080
0100
fd80
0000
0380
ff00
ff80
0100
fd80
0100
0100
fc00
0100
0300
fd00
ff00
0200
fd00
ff00
0200
fe00
ff00
0200
fe00
fe00
0300
fe00
fc00
0300
fe00
fc00
0400
0100
fd00
0300
0000
fc00
0200
0100
fd00
0200
0200
fd00
0100
0280
ff00
0300
0280
fd80
ff80
0000
fd80
0080
ff80
fd80
0280
0180
fd00
0000
0180
fc80
fe00
0280
0000
0080
0200
fd80
fd00
0080
ff80
fd80
ff80
0000
fe00
ffa0
01a6
010b
fffa
ff7b
fe83
fd1b
fdc9
feec
fdfd
ff1e
ffac
feb1
fec6
fed9
fe6c
fe00
ff00
ff80
0080
ff80
0000
0200
ff80
0000
0100
fe00
0100
0200
fd00
0000
0300
fd00
fe00
0500
0000
fc00
0300
0200
fd00
0100
0300
ff00
0000
0100
fe00
0000
0300
fe00
fd00
0200
0280
0100
ff80
ff00
0100
0100
fd00
fe80
0300
0000
ff00
0200
fe80
fc00
0100
0100
fe00
0300
0500
ff00
0000
0400
ff00
fd00
0300
0000
fe00
0200
0100
fe00
0100
0100
fd00
fe00
0080
ff80
fe80
ff80
ff00
0080
0380
fe80
fd00
0080
fd80
fd80
0180
0000
ff80
0200
ff80
fd80
ff80
0080
0000
fe80
0000
0100
fe80
0000
0200
fe00
fe00
0300
0080
fe80
0180
0100
0000
0100
0000
ff80
0200
0000
fd80
0180
0200
fe00
0000
0380
ff80
fe00
0180
0000
fd80
0000
0000
fe00
0080
0100
fe00
0000
0180
ff80
ff80
0000
ff00
ff80
0100
0080
0080
0180
ff80
fe00
0080
ff80
fe00
0100
0000
ff00
0110
feff
ff0f
021e
fefc
ff0c
001b
fe19
0038
0134
fd21
004f
044a
0105
00f5
0200
fc00
fc00
0200
ff00
fd00
0300
0100
ff00
0100
fe00
fd00
0200
0200
ff00
0000
0180
ff80
ff80
0080
ff80
fe80
ff80
0000
ff00
ff80
0080
ff80
ff80
0200
0080
ff00
0080
ff80
ff00
ff80
0000
0000
fe80
fe80
0000
ff00
fd00
ff80
0080
fd80
0080
0200
fe80
0000
0200
fe00
ff00
0200
0000
0000
0080
ff80
0000
0000
0000
0180
0100
0000
0100
0100
ff80
0000
0080
ff80
0300
0380
fe80
0100
0280
fe80
0000
0000
fe00
0200
0280
fe80
0000
0100
ff00
0080
0100
0180
0280
0080
fe80
0000
0100
ff80
0080
0100
fff0
fff1
fef1
0002
0302
00d2
fec5
01d8
01bb
fe9f
02b5
0389
fe51
016c
0555
ffff
fe80
0200
ff80
fe80
0180
0180
0100
0180
0200
0180
ff00
0080
0180
0000
0000
0080
0100
0080
ff00
ff00
0100
ff80
fd80
0100
0100
fe80
0200
0300
fe00
0000
0280
fd00
fd00
0100
fe00
fd80
0180
fe00
fe00
0300
ff80
fd80
0280
0180
fe80
0100
ff80
fe00
0180
0000
fd80
0100
0080
fd80
0080
0000
fd00
0000
0180
0080
0100
0080
ff00
ff80
0200
0000
fd00
0100
0400
0100
0000
0100
fe00
ff00
0100
fd00
fe00
0400
0200
fe00
0080
0100
ff00
ff00
fe00
fd00
0180
0280
fd80
fe80
0280
ff80
fd80
0100
0080
ff00
0080
fe00
fd00
ff80
ff80
fe80
fe80
ff00
ff00
0080
ff00
fd80
0100
ff80
fd00
0000
0000
fd00
0080
0200
fd80
ff80
0100
fd00
fd80
0100
ff00
fe00
0080
0180
0080
fe00
fde0
ff42
ff8d
ff55
ff5f
ffa9
ff6f
ff78
00c0
00b4
ffa9
00ee
00df
ff51
fe9c
ff72
0080
0000
0080
0100
0000
ff00
fe80
0080
0080
ff80
0180
0000
ff00
0000
0000
ff80
0080
0180
fe80
ff00
0080
ff00
ff80
0280
0180
0080
0200
0080
fe80
ff80
0100
fe80
fd00
0000
0100
0100
0200
0000
ff00
0300
0100
fd00
0100
0100
fe00
0000
0000
ff00
0110
feff
fb0f
fe5e
0078
fe70
fe89
00a0
fe96
fdad
ffd2
fcd5
fe07
0127
fe14
fe33
0200
ff00
fd00
0200
0000
fb00
0100
0200
fc00
ff00
0100
fd00
0000
0300
fd00
ff00
0400
fe00
fd00
0100
fe00
ff00
0200
fd00
fd00
0200
ff00
0000
0500
0000
0000
0500
fe00
fc00
0400
0100
fd00
0300
0200
fe00
0200
0100
ff00
0300
0100
fe00
0100
0000
ff00
0200
ff00
fe00
0200
fe00
fd00
0300
0200
0000
0300
0000
fe00
0200
0300
ff00
0100
0400
0200
0200
0200
0000
0100
0200
fe00
ff00
0300
ff00
fe00
0200
0100
fd00
ff00
0100
fe00
ff00
ff80
ff00
0180
0100
fe80
ff00
0280
0200
0000
0100
0000
ff00
0100
0080
0000
0200
0000
fd80
ff00
ff80
ff80
0080
ff00
0000
0280
0100
0000
0200
0200
0080
ff80
0000
0280
0080
ff00
0280
0280
ff80
ff00
0180
0200
fe00
fe00
0080
0080
0080
0080
0000
0000
0200
0100
fd80
0180
0280
fe80
0080
0100
fe80
0080
0080
ff00
0200
0300
0100
0300
0300
fe00
0000
0300
ff00
0000
0200
fe00
0200
0400
fe00
0100
0400
ff00
0100
0300
fe00
0000
0200
fe00
ff00
0100
fd00
fe00
0200
ff00
ff00
0280
0200
0000
0000
ff80
0080
0180
fd00
fd00
0200
0000
fd80
ff00
0080
0280
ff80
fc00
0000
0100
fc00
ff00
0400
0000
0100
0300
fe00
0000
0200
fd00
fe00
0100
ff00
0080
0200
ff80
0080
0180
fe00
fe80
0200
fe80
fe00
0280
ff00
fe00
0200
0100
fe00
fe20
ff3e
ffca
004d
fe48
ff63
016d
fed6
ff69
0172
ff5b
fe65
00ff
ffef
fc70
ffa9
0200
0000
0000
0000
fe00
ff00
0000
fc00
fe00
0300
ff00
ff00
0400
0100
fe00
0200
0000
fd80
0380
0200
fd00
0180
0100
fc80
0300
0380
fd00
0100
0300
fd80
0000
0380
fe00
0000
0400
fe00
fe00
0300
0100
ff00
0100
0100
0000
0000
0000
fe00
ff00
0200
0160
ff4a
0055
0150
003b
0037
feb3
ffc8
02cb
009f
ff95
021b
007a
00f2
0363
002c
0100
0400
ff00
fe00
0300
ff00
fc00
0100
0100
fd00
0100
0400
fe00
0000
0400
ff00
0000
0200
ff00
0100
0180
fe00
0100
0300
ff00
0000
0180
ff80
0100
0300
ff80
fe80
0400
0200
ff00
0300
0100
fe00
0200
0100
ff00
0300
0100
ff00
0500
0400
fd00
0000
0300
ff00
0000
0100
fd00
ff00
0000
fd00
ff00
0000
ff00
0100
0000
ff00
0000
0000
fec0
ffd4
00d6
ff89
ff10
fe5f
fe79
ffd1
0014
00d3
0106
0035
0032
00ef
ff60
ffea
0380
0000
fd80
0100
0200
fe00
fe00
0000
ff80
0080
ff80
fe80
0080
0000
fe80
ff80
0108
fff7
00f8
02e8
ff39
ffc6
01c9
ff2d
00ba
02ae
0103
ff73
fffc
fe7c
fc14
fdd3
ff80
0080
0080
fe80
0000
0300
0000
fd00
ff00
ff00
fe00
0000
ff80
fd00
0080
0200
fd00
ff00
0180
0000
0180
0000
fe00
0080
0000
fc80
ff00
0380
0080
ff00
0000
fe80
ff80
0080
fe80
ff00
0280
0200
ff00
0000
0100
0180
0100
fd00
fd80
0000
0000
ff80
fe80
0000
0180
ff80
fe80
0180
0080
fe80
0200
0180
ff80
0380
0300
ff00
0100
ff80
fe80
0100
fe00
fe80
0180
0080
0080
0180
0100
0100
0080
fe00
ff80
0200
fe80
ff80
0200
fe80
ff00
0180
fe00
fe00
0280
0000
fe80
0180
0080
ff80
0080
0080
ff80
ff80
fe00
0000
0200
fe80
fe80
0200
0180
fe80
0080
0180
0080
0180
ff00
fd80
0300
0300
fc00
ff00
0300
fd00
ff00
0300
fe00
0100
0200
fd00
0100
0100
fc00
0200
0200
fb00
0000
0200
fc00
0000
0200
fd00
0000
0200
fc00
fe00
0300
ff00
fe00
0200
ff00
fd00
ff80
fd80
fd00
0180
0080
fe80
0380
0200
fd00
0000
0180
fd80
fd00
0180
0200
0080
0000
0080
0100
0000
fe00
fe80
0200
0100
fe00
ff00
0080
ff80
0000
0000
fd00
fe80
ff98
fb9e
fce4
0016
ff14
ff23
0031
ff2d
003b
ff37
fc43
fe7f
ff97
fe9e
ffb4
feb8
ff4d
0158
00c2
fe36
fed2
0065
fedf
fe71
fd8a
feb1
0046
fec1
fe55
fef0
fe81
fe99
0180
0100
fe80
0080
0280
ff00
fe00
0180
0100
ff80
0100
ff80
ff00
0180
ff80
fd00
0000
0200
0180
0180
0200
0180
0180
0100
0000
0180
0080
0080
0180
ff80
ff80
0280
0100
fc80
0080
0380
0080
0080
0300
0180
0000
0300
0000
fc80
0000
0200
ff00
fe00
ff80
0100
0180
0080
0180
0280
ff80
0080
0180
fd80
ff80
0300
ff00
fd00
0180
0100
fd00
ff00
ff80
fe00
0080
0080
fd80
fe80
0100
fe80
fc80
ff80
0100
fe80
ff80
0080
ff80
0080
0080
0000
0200
0080
fd80
ff80
0100
ff80
0080
0100
ff80
0080
0080
ff00
0000
fe80
fe00
0200
0180
ff00
0180
0180
0000
0280
0080
fe00
0280
0200
fd80
0100
0100
fd00
0100
0200
fe00
0100
0100
ff00
0200
ff00
fc00
0300
0100
fc00
0300
0200
fc00
0200
0100
fc00
0200
0300
fd00
0100
0200
fe00
0100
ff00
fc00
0300
0300
fc00
0000
0300
fc00
ff00
0300
fc00
fe00
0400
fe00
fd00
0200
0000
fe00
0100
0000
ff00
0000
fe80
ff80
0200
0080
ff00
0080
0180
0080
0100
ff80
fe00
0180
0200
ff80
0080
0300
0080
fe80
0180
0080
fe80
0000
0180
ff00
0080
0300
0000
0000
ff80
fe80
0200
0000
fd00
0200
0200
fe00
0000
ff00
fd00
0200
0200
fd00
0100
0400
ff00
0100
0300
ff00
0100
0300
fe00
0000
0300
fe00
ff00
0400
0000
ff00
0300
0000
ff00
0200
0100
0000
0100
0000
ff00
0200
0100
fe00
0080
0200
0180
0180
fe80
fe80
0100
0180
0180
0000
ff00
0000
0100
0000
fd00
fd00
0100
0000
fc00
ff00
0200
fd00
ff00
0300
fe00
fe00
0300
ff00
fe00
0100
fd00
fe00
0400
0000
fd00
0200
0000
ff00
0200
0000
0000
0280
0058
fe52
ffed
ff6e
ff77
ffff
007f
01f7
01d8
ffba
ffbf
0143
ffae
00b3
02a8
fffd
007e
01f6
ff56
fce1
fe13
0131
011e
fe0c
ff2b
02b9
010d
fdfc
ff1c
fe2a
fc48
ff00
0000
fd80
ff80
0100
fd00
ff00
0100
fd00
fe00
0000
ff00
ff80
0080
ff80
0080
0200
0000
0080
0100
fe80
fe80
0180
ff80
fe80
0180
fe80
fe00
0100
ff00
fd80
0200
0200
fe00
0100
0080
fd80
fe80
ff00
ff80
ff80
0180
0000
ff00
0180
ff00
ff80
0300
ff80
fe00
0180
ff80
fd80
0200
0180
fd00
0100
0200
ff00
0180
0100
fd80
0080
0200
fe00
0000
0380
0100
0080
0180
0000
0180
0180
0000
0280
0280
0080
0000
0100
0080
fe00
ff00
0000
fe00
0000
0400
0000
fe00
0300
0200
0000
0200
0100
0000
0200
0100
ff00
0000
0080
0100
0100
0180
0100
0080
0080
fe00
fd80
0100
0280
0000
0000
0180
0000
0180
0200
ff80
ff80
0080
ff00
0000
0280
0000
fe00
0080
0200
0000
ff00
0080
00c0
0080
ffc0
0080
0140
0040
0100
00c0
0040
ff80
ff40
00c0
ff80
ff80
0080
ffc0
0100
0200
ff80
fe00
0180
0180
fd80
0100
0300
ff00
0080
0200
fe00
ff00
0180
fe80
ff00
0100
fe00
0100
0300
fd00
0000
0300
fd00
0000
0300
fc00
ff00
0500
fe00
fe00
0500
0000
ff00
0300
fe00
fd00
0100
fe00
fe00
0300
0000
ff00
0300
ff00
fe00
0300
ff80
fd00
0180
0200
ff80
0100
0000
fe00
0100
0000
fe80
0280
0000
fc80
0080
0080
fd00
0100
0200
fd00
ff00
0200
fc00
fb00
0000
ff00
ff00
0300
0000
fd00
0200
0100
fd00
0100
0100
0000
0100
fd00
fe00
0400
0000
fd00
0100
0000
ff00
0200
ff00
fe00
0400
0200
fe00
0200
0100
ff00
0100
ff00
fe00
0100
ff00
ff00
0300
fe00
ff00
0400
fe00
fd00
0400
0000
fb00
0200
0400
fe00
0000
0300
fe00
fe00
0100
fd00
fe00
0300
ff00
fe80
0200
ff00
ff00
0100
fe00
0000
0280
fe00
fe00
0200
fe80
fc80
0180
0080
fd80
0000
0000
ff00
0000
0100
ff80
fe00
ff00
ff00
0000
ff80
fd80
ff80
fe00
fe00
0100
ff80
fd00
fe80
0100
0080
fe80
ff00
0100
ff80
ff00
0100
0080
ff00
0080
0180
ff00
fd00
0080
0180
fd80
0000
0200
fe00
0000
0180
fe80
ff80
0380
0080
fd00
0000
ff80
fe80
0140
01c0
0080
0100
0100
ff00
ff80
0140
0040
ff80
0080
ff40
ff80
00c0
0000
0000
0080
ff80
ff80
0100
ff80
fe00
0200
0100
fc80
ff80
0300
ff80
fe00
0180
0000
ff00
0280
ff80
fe80
0180
0000
0080
0100
fe80
0100
0180
fe00
0200
0300
fe00
0100
0200
0000
0300
0100
fe00
0300
0200
fc00
0000
0300
fe00
0000
0300
0000
0100
0200
0000
0100
0400
0100
0100
0400
0000
fe00
0200
0000
fe00
0200
0200
fe00
0000
0200
fe00
0100
0280
fd80
0100
0200
fc80
ff00
0100
fe00
ff00
0080
fe00
0000
0280
fe80
0000
0300
ff00
fe80
0180
ff00
fe80
0000
ff00
0000
0080
fd80
ff00
0080
fe80
0080
0280
fe00
fe80
0280
ff80
fd80
0000
0100
0100
0080
ff00
0100
0080
fe00
0180
0080
fd00
0080
0200
fe00
fe00
0080
ff00
ff80
0200
0000
ff80
0080
fe80
0000
0200
ff00
0000
0280
ff00
fe00
0180
ff80
fe00
0300
0000
fc80
0180
0100
fd80
0180
0380
fe00
0000
0300
fd00
0000
0200
fd00
0100
0200
fc00
ff00
0400
ff00
fe00
0200
fe00
ff00
0500
0000
fd00
0400
0100
fb00
ff00
0000
fe00
0100
0100
fe00
0000
0100
ff00
0080
ff00
ff00
0300
0100
fe80
0100
0080
fe80
0080
ff80
fe80
0280
0080
fe00
0080
0180
fe80
fe00
0080
ff00
ff80
0200
ff80
0000
0380
fe80
fc80
0200
0080
fd00
0080
0200
0080
0200
0000
fe80
0380
0180
fd80
0200
0200
fe80
0000
0100
0100
0380
0100
fe80
0300
0200
fd80
ff00
0080
ff80
0200
0300
0100
0080
0080
0080
0000
ff80
ff00
0100
0180
fe00
ff00
0100
fd80
ff80
0280
fd80
fe80
0180
fc80
fd80
0200
fe00
fd00
0200
ff00
fc00
0200
0100
fc00
0000
0100
fe00
0100
0000
fe00
0200
0100
ff00
0100
ff00
fc00
0100
0300
ff00
0000
0200
ff00
fe00
0000
0000
0000
0000
fd00
ff00
0200
fe80
fe00
0180
0100
ff80
fe80
fd00
ff80
0100
fd00
fe80
0280
0000
ff80
ff80
fd80
ff28
0035
ffb2
01b6
019b
ff81
ff89
0010
000f
010e
007d
fef5
ff86
010e
fefd
fd8d
0180
0280
0000
0080
0200
ff80
0000
0200
fe00
ff00
0200
fe80
fe80
0080
0080
0000
ff00
0000
0200
0100
ff00
0200
0100
fe00
0300
0500
ff00
fe00
0100
0100
0000
0000
ff00
0100
0380
ff00
fd80
0200
0180
0000
0100
fe00
fe80
0280
ff00
fd80
0180
0000
0080
0180
fe80
ff80
0280
0080
fe00
0180
0180
fe00
0080
0280
0080
0000
0100
0180
0080
fe00
ff80
0100
ff80
0100
0380
0100
ff80
0280
0200
ff80
0000
0100
0080
0080
ff00
0180
0000
ff00
0200
ff80
ff80
0280
ff00
fe80
0100
fe00
ff00
0180
fe00
ff00
0200
0000
ff00
0100
0100
0200
0100
ff00
0100
0300
ff00
ff00
0200
fe00
fe00
0400
0080
fe00
0380
0180
fc80
0180
0080
fc80
0280
0200
fd00
0000
0180
fe00
ff80
0180
fe80
0000
0300
fe80
fd00
0080
0100
fe00
fe80
0080
ff00
0000
0000
fc80
0000
0200
fc00
fe00
0100
fc00
fd00
0100
fd00
fd00
0300
ff00
fd00
0400
0300
fe00
0100
0100
fd00
fe80
ff80
fe00
0080
0200
ff80
ff80
0000
fe80
ff80
0180
ff00
ff80
0280
0080
fe00
0080
0100
ff00
0180
0180
fd80
ff00
0280
ff80
fe80
0100
ff80
ff00
0000
fe00
fd80
0080
ff80
fd80
ff80
fe80
fd80
0100
ff00
fc80
0100
0080
fd80
0100
0380
fe00
fd00
0180
0080
ff80
0100
0080
ff80
0100
0080
ff80
0280
0200
ff00
0200
0200
fe00
0000
0100
ff00
ff80
0280
0300
0000
0180
0280
0180
0000
0080
0280
ff80
ff80
0300
ff00
fd80
0200
0100
fe80
0200
0180
ff80
0100
fe80
fe00
0180
0100
fe00
0200
0300
fe00
0100
0100
fd00
0200
0300
fd00
0000
0400
ff00
ff00
0300
0000
ff00
0200
ff00
fe00
0100
fd00
fe00
0200
fe00
ff00
0400
0000
ff00
0500
0200
fe00
0300
0100
fc00
0180
0280
fd00
0280
0380
fe00
0180
0080
fd00
0200
0100
ff00
0280
ff80
ff00
0300
ff00
fd00
0180
ff00
fc80
ff80
fe00
fe00
0180
0000
fd80
0180
0280
fe00
ff80
0180
0000
0100
0000
fe00
0200
0100
fc00
ff00
0300
fe00
ff00
0300
0100
ff00
0100
0100
ff00
ff00
ff00
0000
0200
ff00
0000
0400
ff00
0000
0400
ff00
0000
0400
ff00
fe00
0300
ff00
fe00
0400
0100
fe00
0200
0100
fe00
0100
0100
ff00
0100
0100
fe00
0000
0200
fe80
ff00
0280
0100
0080
0280
ff00
ff80
0300
fe00
fd80
0300
ff80
fd00
0180
0000
ff00
0280
fe80
fd80
0300
0180
fe80
0200
0180
fe00
0000
0100
ff00
0080
0280
0058
ffd2
0155
ffbf
fec3
ff57
0062
015b
ffc6
ff49
00d5
ff47
ff53
01dd
fe40
fb5c
ff00
0180
ff00
fe00
ff00
ff80
0080
0100
ff80
0000
0180
ff80
0000
0200
0000
ff80
0280
0100
ff00
0080
0100
ff00
0000
0100
fe80
0180
0200
ff00
0280
0200
fe00
ff80
0400
0000
fd00
0100
ff00
ff00
0300
0000
ff00
0200
ff00
fe00
0300
0100
fe00
0300
0300
fe00
0200
0400
fe00
ff00
0200
fe00
0000
0300
fe00
ff00
0400
0100
fd00
ff00
ff00
ff00
0100
ff00
fe00
0000
ff00
ff00
0100
ff00
ff00
0300
ff00
fc00
0100
ff00
fd00
0300
0100
fe00
0200
ff00
fd00
0100
fe00
ff00
0500
0000
fc00
0300
0200
fb00
0000
0300
fd00
0000
0200
fb00
ff00
0400
fd00
ff00
0400
fc00
ff00
0500
fd00
fe00
0400
fe00
ff00
0400
fd00
fe00
0400
fd00
fd00
0500
ff00
fc00
0300
0000
fc00
0200
0100
fd00
0200
0200
fe00
0100
0100
fc00
0000
0000
fc00
0200
0100
fe00
0100
fe00
fb00
0100
0000
fa00
0000
0200
fe00
0000
fe00
fb00
0100
0100
fb00
ff00
0200
fc00
ff00
0200
fb00
fe00
0400
fd00
fe00
0400
fd00
fc00
0200
fe00
fe00
0300
fe00
fe00
0200
fd00
fe00
0200
fe00
fe00
0100
fc00
fd00
0300
fc00
fb00
0300
0000
fc00
0300
0100
fa00
0100
0200
fc00
0000
0000
fd00
0100
ff00
fb00
0000
0000
fd00
0100
ff00
fd00
0400
0200
fb00
0100
0400
fc00
fe00
0400
ff00
fe00
0100
fe00
0000
0400
fe00
ff00
0600
0000
ff00
0500
0000
ff00
0500
0000
fd00
0400
0100
fc00
0300
0300
fd00
0200
0400
fe00
0100
0500
0100
0000
0200
0200
0000
0000
0000
0100
0200
0000
ff00
fe80
ff80
0180
0080
0080
0300
0180
fe00
ff00
0080
ff00
0000
0200
ff00
ff80
0100
0000
0000
ff80
ff00
0180
0200
fe80
fe80
0180
ff80
fd00
ff00
0180
0100
ff00
0000
0080
0180
0200
0080
0200
0000
fe80
0200
0200
ff80
0000
0100
0000
0000
0180
0100
00f0
0361
012a
ff18
01a6
018c
0173
00dc
ffce
00d1
0144
00af
0024
0222
0200
fee0
0180
0280
fe80
0080
0200
fd00
fe80
0300
fe80
fe00
0180
fe80
fd80
0180
fe80
fe00
0400
0000
fc00
0100
0000
fe00
0200
ff00
fd00
0300
0100
fd00
0300
0100
fc00
0200
0100
fc00
0200
0300
fd00
0100
0200
fd00
0000
0100
fc00
ff00
0200
fe00
ff00
0300
0000
0000
0200
0080
0200
0280
ff00
0000
0300
ff80
fe80
0180
0000
0080
0180
0000
0000
0080
ff00
ff00
ff80
fd80
ff00
0180
0080
0080
0200
0080
ff00
0180
0100
fe00
0200
0400
0000
0100
0200
ff00
0200
0300
fd00
0000
0400
fe00
ff00
0400
0000
ff00
0300
0000
fe00
0100
ff00
ff00
0200
ff00
ff00
0400
0100
fd00
0100
0100
ff00
0100
0080
ff00
0200
0080
fd80
0180
0300
ff00
ff80
0180
ff00
ff00
0080
fd80
fe00
0280
0000
fe00
0200
ff00
fc00
0000
fe00
fe00
0200
ff00
fd00
0200
ff00
fb00
0100
0100
fe00
0100
0000
fd00
0000
ff00
fd00
0100
ff00
fc00
0000
0100
fe00
ff00
fe00
fc00
ff80
0080
fd00
ff80
0180
fe80
0080
0180
fd80
0080
0280
fe80
0080
0100
ff00
0200
0200
0000
0100
ff00
fd00
0200
0300
fd00
ff00
0400
0100
fe00
0000
ff00
ff00
0300
0000
fd80
0380
0380
ff00
0280
0280
fe00
0280
0280
fe00
0200
0300
fe80
0080
0200
fd00
0000
0400
fe00
0000
0500
0100
ff00
0100
fe00
ff00
0400
0000
fd00
0300
0200
fd80
0080
ff80
fd80
0180
0200
0080
0100
0080
0100
0100
fe80
0000
0200
ff00
ff80
0100
fd00
fd00
0300
0080
fd00
0280
0100
fd00
0000
fe80
fe00
0380
0180
fd00
0180
0300
fe00
0000
0200
fe00
0200
0400
fd00
0000
0500
ff00
ff00
0000
fe00
0200
0100
fc00
0000
0400
ff00
fe00
0200
fe00
ff00
0400
fe00
fd00
0300
0000
fd00
0200
0100
fd00
0200
0100
fc00
0000
0200
ff00
0000
0200
ff00
0000
0200
ff00
0000
0100
0100
0000
ff00
ff80
0100
ff00
fd00
0080
0100
ff00
0000
ff80
ff00
0080
ff80
ff00
0200
0200
fe80
fe00
0080
0000
ff00
0100
0100
0000
0180
0000
fc80
fe80
0080
fe00
ff00
0110
ffff
ffff
00ff
00ef
ffe0
fee2
fef3
ff04
ff14
fd22
fc50
018b
0072
fd6b
0094
0000
ff80
0100
fe00
fe00
0280
0200
ff00
0080
0100
fe80
0080
0000
fe00
0100
0280
0080
0000
0280
0000
fd00
ff80
0000
ff80
0180
0000
fe80
0200
0080
fe00
0000
0080
fe00
fe00
0080
ff80
fe80
0100
ff80
ff00
0200
0000
fe00
0080
ff80
fd00
ff00
0000
fd80
fea8
003d
fe39
fd56
0000
ff80
fd08
feb7
00cc
fdbf
fc63
fe9d
ff33
0140
00ac
fd00
0000
0200
fe80
fc80
0100
0300
ff00
0100
0200
fe00
0080
0100
ff00
0280
0200
fe00
0000
0200
0000
0200
0300
fe00
0100
0400
fd00
0000
0400
fe00
0100
0600
ff00
ff00
0400
ff00
fe00
0300
ff00
ff00
0500
0100
fe00
0400
0200
ff00
0200
0100
fe00
ff80
0000
fd80
0000
0180
fe80
0080
0280
ff00
ff80
0200
fd80
fd00
0280
0100
ff80
0200
0100
0000
0200
0000
ff00
0300
0100
fd00
0300
0200
fd00
0200
0100
fb00
ff00
0100
fc00
ff00
0100
fe00
0000
ff00
fc00
0100
0200
fb00
ff00
0300
fc00
ff00
0400
fe00
0000
0100
fa00
ff00
0300
fb00
fd00
0200
fa00
fa00
0100
fc00
fb00
0200
fe00
fc00
0200
fe00
fb00
0200
ff00
fb00
0200
0000
fa00
0100
0100
fb00
ff00
0200
ff00
0100
0000
fc00
0200
0500
fd00
fe00
0200
fc00
fe00
0300
fe00
0100
0600
ff00
ff00
0400
fe00
fc00
0300
0000
fe00
0400
0000
fd00
0200
0100
fe00
0100
ff00
fe00
0300
0000
0000
0700
0300
ff00
0500
0300
fd00
0200
0400
ff00
0200
0400
fe00
0100
0600
0080
ff00
0280
0080
0000
0180
ff00
0000
0280
0080
0080
0100
0000
0080
0080
fe00
ff00
0300
0000
fe00
0100
ff00
ff00
0000
fe00
0100
0300
fe00
fe00
0400
0100
fc00
ff80
0000
fd00
0000
ff80
fc80
0200
0280
fe00
0200
0300
fe00
fe80
ff80
ff00
ff80
fe80
fe00
ff80
0080
0000
ff80
0000
fe00
fe80
0080
fd80
fd80
0080
ff00
fe00
0080
0078
fd70
ff99
ff9f
fca5
ffdb
02dd
feaf
fec4
00d8
feca
01de
02c0
fe94
02aa
0580
fe00
fe00
0500
0000
fc00
0300
0100
fe00
0400
0100
fd00
0300
0200
fd00
0100
0300
0000
0100
0000
ff00
0300
0200
0000
0200
0100
0100
0500
0400
fe00
ff00
0400
0000
ff00
0400
0100
0000
0400
ff00
fc00
0300
0200
ff00
0200
0100
0000
0300
0000
fe00
0180
0080
fe80
0180
0080
fe00
0080
0100
fd80
0000
0380
ff00
ff80
0100
fd80
0100
0100
fc00
0100
0300
fd00
ff00
0200
fd00
ff00
0200
fe00
ff00
0200
fe00
fe00
0300
fe00
fc00
0300
fe00
fc00
0400
0100
fd00
0300
0000
fc00
0200
0100
fd00
0200
0200
fd00
0100
0280
ff00
0300
0280
fd80
ff80
0000
fd80
0080
ff80
fd80
0280
0180
fd00
0000
0180
fc80
fe00
0280
0000
0080
0200
fd80
fd00
0080
ff80
fd80
ff80
0000
fe00
ffa0
01a6
010b
fffa
ff7b
fe83
fd1b
fdc9
feec
fdfd
ff1e
ffac
feb1
fec6
fed9
fe6c
fe00
ff00
ff80
0080
ff80
0000
0200
ff80
0000
0100
fe00
0100
0200
fd00
0000
0300
fd00
fe00
0500
0000
fc00
0300
0200
fd00
0100
0300
ff00
0000
0100
fe00
0000
0300
fe00
fd00
0200
0280
0100
ff80
ff00
0100
0100
fd00
fe80
0300
0000
ff00
0200
fe80
fc00
0100
0100
fe00
0300
0500
ff00
0000
0400
ff00
fd00
0300
0000
fe00
0200
0100
fe00
0100
0100
fd00
fe00
0080
ff80
fe80
ff80
ff00
0080
0380
fe80
fd00
0080
fd80
fd80
0180
0000
ff80
0200
ff80
fd80
ff80
0080
0000
fe80
0000
0100
fe80
0000
0200
fe00
fe00
0300
0080
fe80
0180
0100
0000
0100
0000
ff80
0200
0000
fd80
0180
0200
fe00
0000
0380
ff80
fe00
0180
0000
fd80
0000
0000
fe00
0080
0100
fe00
0000
0180
ff80
ff80
0000
ff00
ff80
0100
0080
0080
0180
ff80
fe00
0080
ff80
fe00
0100
0000
ff00
0110
feff
ff0f
021e
fefc
ff0c
001b
fe19
0038
0134
fd21
004f
044a
0105
00f5
0200
fc00
fc00
0200
ff00
fd00
0300
0100
ff00
0100
fe00
fd00
0200
0200
ff00
0000
0180
ff80
ff80
0080
ff80
fe80
ff80
0000
ff00
ff80
0080
ff80
ff80
0200
0080
ff00
0080
ff80
ff00
ff80
0000
0000
fe80
fe80
0000
ff00
fd00
ff80
0080
fd80
0080
0200
fe80
0000
0200
fe00
ff00
0200
0000
0000
0080
ff80
0000
0000
0000
0180
0100
0000
0100
0100
ff80
0000
0080
ff80
0300
0380
fe80
0100
0280
fe80
0000
0000
fe00
0200
0280
fe80
0000
0100
ff00
0080
0100
0180
0280
0080
fe80
0000
0100
ff80
0080
0100
fff0
fff1
fef1
0002
0302
00d2
fec5
01d8
01bb
fe9f
02b5
0389
fe51
016c
0555
ffff
fe80
0200
ff80
fe80
0180
0180
0100
0180
0200
0180
ff00
0080
0180
0000
0000
0080
0100
0080
ff00
ff00
0100
ff80
fd80
0100
0100
fe80
0200
0300
fe00
0000
0280
fd00
fd00
0100
fe00
fd80
0180
fe00
fe00
0300
ff80
fd80
0280
0180
fe80
0100
ff80
fe00
0180
0000
fd80
0100
0080
fd80
0080
0000
fd00
0000
0180
0080
0100
0080
ff00
ff80
0200
0000
fd00
0100
0400
0100
0000
0100
fe00
ff00
0100
fd00
fe00
0400
0200
fe00
0080
0100
ff00
ff00
fe00
fd00
0180
0280
fd80
fe80
0280
ff80
fd80
0100
0080
ff00
0080
fe00
fd00
ff80
ff80
fe80
fe80
ff00
ff00
0080
ff00
fd80
0100
ff80
fd00
0000
0000
fd00
0080
0200
fd80
ff80
0100
fd00
fd80
0100
ff00
fe00
0080
0180
0080
fe00
fde0
ff42
ff8d
ff55
ff5f
ffa9
ff6f
ff78
00c0
00b4
ffa9
00ee
00df
ff51
fe9c
ff72
0080
0000
0080
0100
0000
ff00
fe80
0080
0080
ff80
0180
0000
ff00
0000
0000
ff80
0080
0180
fe80
ff00
0080
ff00
ff80
0280
0180
0080
0200
0080
fe80
ff80
0100
fe80
fd00
0000
0100
0100
0200
0000
ff00
0300
0100
fd00
0100
0100
fe00
0000
0000
ff00
0110
feff
fb0f
fe5e
0078
fe70
fe89
00a0
fe96
fdad
ffd2
fcd5
fe07
0127
fe14
fe33
0200
ff00
fd00
0200
0000
fb00
0100
0200
fc00
ff00
0100
fd00
0000
0300
fd00
ff00
0400
fe00
fd00
0100
fe00
ff00
0200
fd00
fd00
0200
ff00
0000
0500
0000
0000
0500
fe00
fc00
0400
0100
fd00
0300
0200
fe00
0200
0100
ff00
0300
0100
fe00
0100
0000
ff00
0200
ff00
fe00
0200
fe00
fd00
0300
0200
0000
0300
0000
fe00
0200
0300
ff00
0100
0400
0200
0200
0200
0000
0100
0200
fe00
ff00
0300
ff00
fe00
0200
0100
fd00
ff00
0100
fe00
ff00
ff80
ff00
0180
0100
fe80
ff00
0280
0200
0000
0100
0000
ff00
0100
0080
0000
0200
0000
fd80
ff00
ff80
ff80
0080
ff00
0000
0280
0100
0000
0200
0200
0080
ff80
0000
0280
0080
ff00
0280
0280
ff80
ff00
0180
0200
fe00
fe00
0080
0080
0080
0080
0000
0000
0200
0100
fd80
0180
0280
fe80
0080
0100
fe80
0080
0080
ff00
0200
0300
0100
0300
0300
fe00
0000
0300
ff00
0000
0200
fe00
0200
0400
fe00
0100
0400
ff00
0100
0300
fe00
0000
0200
fe00
ff00
0100
fd00
fe00
0200
ff00
ff00
0280
0200
0000
0000
ff80
0080
0180
fd00
fd00
0200
0000
fd80
ff00
0080
0280
ff80
fc00
0000
0100
fc00
ff00
0400
0000
0100
0300
fe00
0000
0200
fd00
fe00
0100
ff00
0080
0200
ff80
0080
0180
fe00
fe80
0200
fe80
fe00
0280
ff00
fe00
0200
0100
fe00
fe20
ff3e
ffca
004d
fe48
ff63
016d
fed6
ff69
0172
ff5b
fe65
00ff
ffef
fc70
ffa9
0200
0000
0000
0000
fe00
ff00
0000
fc00
fe00
0300
ff00
ff00
0400
0100
fe00
0200
0000
fd80
0380
0200
fd00
0180
0100
fc80
0300
0380
fd00
0100
0300
fd80
0000
0380
fe00
0000
0400
fe00
fe00
0300
0100
ff00
0100
0100
0000
0000
0000
fe00
ff00
0200
0160
ff4a
0055
0150
003b
0037
feb3
ffc8
02cb
009f
ff95
021b
007a
00f2
0363
002c
0100
0400
ff00
fe00
0300
ff00
fc00
0100
0100
fd00
0100
0400
fe00
0000
0400
ff00
0000
0200
ff00
0100
0180
fe00
0100
0300
ff00
0000
0180
ff80
0100
0300
ff80
fe80
0400
0200
ff00
0300
0100
fe00
0200
0100
ff00
0300
0100
ff00
0500
0400
fd00
0000
0300
ff00
0000
0100
fd00
ff00
0000
fd00
ff00
0000
ff00
0100
0000
ff00
0000
0000
fec0
ffd4
00d6
ff89
ff10
fe5f
fe79
ffd1
0014
00d3
0106
0035
0032
00ef
ff60
ffea
0380
0000
fd80
0100
0200
fe00
fe00
0000
ff80
0080
ff80
fe80
0080
0000
fe80
ff80
0108
fff7
00f8
02e8
ff39
ffc6
01c9
ff2d
00ba
02ae
0103
ff73
fffc
fe7c
fc14
fdd3
ff80
0080
0080
fe80
0000
0300
0000
fd00
ff00
ff00
fe00
0000
ff80
fd00
0080
0200
fd00
ff00
0180
0000
0180
0000
fe00
0080
0000
fc80
ff00
0380
0080
ff00
0000
fe80
ff80
0080
fe80
ff00
0280
0200
ff00
0000
0100
0180
0100
fd00
fd80
0000
0000
ff80
fe80
0000
0180
ff80
fe80
0180
0080
fe80
0200
0180
ff80
0380
0300
ff00
0100
ff80
fe80
0100
fe00
fe80
0180
0080
0080
0180
0100
0100
0080
fe00
ff80
0200
fe80
ff80
0200
fe80
ff00
0180
fe00
fe00
0280
0000
fe80
0180
0080
ff80
0080
0080
ff80
ff80
fe00
0000
0200
fe80
fe80
0200
0180
fe80
0080
0180
0080
0180
ff00
fd80
0300
0300
fc00
ff00
0300
fd00
ff00
0300
fe00
0100
0200
fd00
0100
0100
fc00
0200
0200
fb00
0000
0200
fc00
0000
0200
fd00
0000
0200
fc00
fe00
0300
ff00
fe00
0200
ff00
fd00
ff80
fd80
fd00
0180
0080
fe80
0380
0200
fd00
0000
0180
fd80
fd00
0180
0200
0080
0000
0080
0100
0000
fe00
fe80
0200
0100
fe00
ff00
0080
ff80
0000
0000
fd00
fe80
ff98
fb9e
fce4
0016
ff14
ff23
0031
ff2d
003b
ff37
fc43
fe7f
ff97
fe9e
ffb4
feb8
ff4d
0158
00c2
fe36
fed2
0065
fedf
fe71
fd8a
feb1
0046
fec1
fe55
fef0
fe81
fe99
0180
0100
fe80
0080
0280
ff00
fe00
0180
0100
ff80
0100
ff80
ff00
0180
ff80
fd00
0000
0200
0180
0180
0200
0180
0180
0100
0000
0180
0080
0080
0180
ff80
ff80
0280
0100
fc80
0080
0380
0080
0080
0300
0180
0000
0300
0000
fc80
0000
0200
ff00
fe00
ff80
0100
0180
0080
0180
0280
ff80
0080
0180
fd80
ff80
0300
ff00
fd00
0180
0100
fd00
ff00
ff80
fe00
0080
0080
fd80
fe80
0100
fe80
fc80
ff80
0100
fe80
ff80
0080
ff80
0080
0080
0000
0200
0080
fd80
ff80
0100
ff80
0080
0100
ff80
0080
0080
ff00
0000
fe80
fe00
0200
0180
ff00
0180
0180
0000
0280
0080
fe00
0280
0200
fd80
0100
0100
fd00
0100
0200
fe00
0100
0100
ff00
0200
ff00
fc00
0300
0100
fc00
0300
0200
fc00
0200
0100
fc00
0200
0300
fd00
0100
0200
fe00
0100
ff00
fc00
0300
0300
fc00
0000
0300
fc00
ff00
0300
fc00
fe00
0400
fe00
fd00
0200
0000
fe00
0100
0000
ff00
0000
fe80
ff80
0200
0080
ff00
0080
0180
0080
0100
ff80
fe00
0180
0200
ff80
0080
0300
0080
fe80
0180
0080
fe80
0000
0180
ff00
0080
0300
0000
0000
ff80
fe80
0200
0000
fd00
0200
0200
fe00
0000
ff00
fd00
0200
0200
fd00
0100
0400
ff00
0100
0300
ff00
0100
0300
fe00
0000
0300
fe00
ff00
0400
0000
ff00
0300
0000
ff00
0200
0100
0000
0100
0000
ff00
0200
0100
fe00
0080
0200
0180
0180
fe80
fe80
0100
0180
0180
0000
ff00
0000
0100
0000
fd00
fd00
0100
0000
fc00
ff00
0200
fd00
ff00
0300
fe00
fe00
0300
ff00
fe00
0100
fd00
fe00
0400
0000
fd00
0200
0000
ff00
0200
0000
0000
0280
0058
fe52
ffed
ff6e
ff77
ffff
007f
01f7
01d8
ffba
ffbf
0143
ffae
00b3
02a8
fffd
007e
01f6
ff56
fce1
fe13
0131
011e
fe0c
ff2b
02b9
010d
fdfc
ff1c
fe2a
fc48
ff00
0000
fd80
ff80
0100
fd00
ff00
0100
fd00
fe00
0000
ff00
ff80
0080
ff80
0080
0200
0000
0080
0100
fe80
fe80
0180
ff80
fe80
0180
fe80
fe00
0100
ff00
fd80
0200
0200
fe00
0100
0080
fd80
fe80
ff00
ff80
ff80
0180
0000
ff00
0180
ff00
ff80
0300
ff80
fe00
0180
ff80
fd80
0200
0180
fd00
0100
0200
ff00
0180
0100
fd80
0080
0200
fe00
0000
0380
0100
0080
0180
0000
0180
0180
0000
0280
0280
0080
0000
0100
0080
fe00
ff00
0000
fe00
0000
0400
0000
fe00
0300
0200
0000
0200
0100
0000
0200
0100
ff00
0000
0080
0100
0100
0180
0100
0080
0080
fe00
fd80
0100
0280
0000
0000
0180
0000
0180
0200
ff80
ff80
0080
ff00
0000
0280
0000
fe00
0080
0200
0000
ff00
0080
00c0
0080
ffc0
0080
0140
0040
0100
00c0
0040
ff80
ff40
00c0
ff80
ff80
0080
ffc0
0100
0200
ff80
fe00
0180
0180
fd80
0100
0300
ff00
0080
0200
fe00
ff00
0180
fe80
ff00
0100
fe00
0100
0300
fd00
0000
0300
fd00
0000
0300
fc00
ff00
0500
fe00
fe00
0500
0000
ff00
0300
fe00
fd00
0100
fe00
fe00
0300
0000
ff00
0300
ff00
fe00
0300
ff80
fd00
0180
0200
ff80
0100
0000
fe00
0100
0000
fe80
0280
0000
fc80
0080
0080
fd00
0100
0200
fd00
ff00
0200
fc00
fb00
0000
ff00
ff00
0300
0000
fd00
0200
0100
fd00
0100
0100
0000
0100
fd00
fe00
0400
0000
fd00
0100
0000
ff00
0200
ff00
fe00
0400
0200
fe00
0200
0100
ff00
0100
ff00
fe00
0100
ff00
ff00
0300
fe00
ff00
0400
fe00
fd00
0400
0000
fb00
0200
0400
fe00
0000
0300
fe00
fe00
0100
fd00
fe00
0300
ff00
fe80
0200
ff00
ff00
0100
fe00
0000
0280
fe00
fe00
0200
fe80
fc80
0180
0080
fd80
0000
0000
ff00
0000
0100
ff80
fe00
ff00
ff00
0000
ff80
fd80
ff80
fe00
fe00
0100
ff80
fd00
fe80
0100
0080
fe80
ff00
0100
ff80
ff00
0100
0080
ff00
0080
0180
ff00
fd00
0080
0180
fd80
0000
0200
fe00
0000
0180
fe80
ff80
0380
0080
fd00
0000
ff80
fe80
0140
01c0
0080
0100
0100
ff00
ff80
0140
0040
ff80
0080
ff40
ff80
00c0
0000
0000
0080
ff80
ff80
0100
ff80
fe00
0200
0100
fc80
ff80
0300
ff80
fe00
0180
