0000
0000
0000
0000
0000
0000
0000
0000
0000
0000
0000
0000
0000
0000
0000
0000
0000
0000
0000
0000
0000
0000
0000
0000
0000
0000
0000
0000
0000
0000
0000
0000
0000
0000
0000
0000
0000
0000
0000
0000
0000
0000
0000
0000
0000
0000
0000
0000
0000
0000
0000
0000
0000
0000
0000
0000
0000
0000
0000
0000
0000
0000
0000
0000
0000
0000
0000
0000
0000
0000
0000
0000
0000
0000
0000
0000
0000
0000
0000
0000
0000
0000
0000
0000
0000
0000
0000
0000
0000
0000
0000
0000
0000
0000
0000
0000
0000
0000
0000
0000
0000
0000
0000
0000
0000
0000
0000
0000
0000
0000
0000
0000
0000
0000
0000
0000
0000
0000
0000
0000
0000
0000
0000
0000
0000
0000
0000
0000
0000
0000
0000
0000
0000
0000
0000
0000
0000
0000
0000
0000
0000
0000
0000
0000
0000
0000
0000
0000
0000
0000
0000
0000
0000
0000
0000
0000
0000
0000
0000
0000
0000
0000
0000
0000
0000
0000
0000
0000
0000
0000
0000
0000
0000
0000
0000
0000
0000
0000
0000
0000
0000
0000
0000
0000
0000
0000
0000
0000
0000
0000
0000
0000
0000
0000
0000
0000
0000
0000
0000
0000
0000
0000
0000
0000
0000
0000
0000
0000
0000
0000
0000
0000
0000
0000
0000
0000
0000
0000
0000
0000
0000
0000
0000
0000
0000
0000
0000
0000
0000
0000
0000
0000
0000
0000
0000
0000
0000
0000
0000
0000
0000
0000
0000
0000
0000
0000
0000
0000
0000
0000
0000
0000
0000
0000
0000
0000
0000
0000
0000
0000
0000
0000
0000
0000
0000
0000
0000
0000
0000
0000
0000
0000
0000
0000
0000
0000
0000
0000
0000
0000
0000
0000
0000
0000
0000
0000
0000
0000
0000
0000
0000
0000
0000
0000
0000
0000
0000
0000
0000
0000
0000
0000
0000
0000
0000
0000
0000
0000
0000
0000
0000
0000
0000
0000
0000
0000
0000
0000
0000
0000
0000
0000
0000
0000
0000
0000
0000
0000
0000
0000
0000
0000
0000
0000
0000
0000
0000
0000
0000
0000
0000
0000
0000
0000
0000
0000
0000
0000
0000
0000
0000
0000
0000
0000
0000
0000
0000
0000
0000
0000
0000
0000
0000
0000
0000
0000
0000
0000
0000
0000
0000
0000
0000
0000
0000
0000
0000
0000
0000
0000
0000
0000
0000
0000
0000
0000
0000
0000
0000
0000
0000
0000
0000
0000
0000
0000
0000
0000
0000
0000
0000
0000
0000
0000
0000
0000
0000
0000
0000
0000
0000
0000
0000
0000
0000
0000
0000
0000
0000
0000
0000
0000
0000
0000
0000
0000
0000
0000
0000
0000
0000
0000
0000
0000
0000
0000
0000
0000
0000
0000
0000
0000
0000
0000
0000
0000
0000
0000
0000
0000
0000
0000
0000
0000
0000
0000
0000
0000
0000
0000
0000
0000
0000
0000
0000
0000
0000
0000
0000
0000
0000
0000
0000
0000
0000
0000
0000
0000
0000
0000
0000
0000
0000
0000
0000
0000
0000
0000
0000
0000
0000
0000
0000
0000
0000
0000
0000
0000
0000
0000
0000
0000
0000
0000
0000
0000
0000
0000
0000
0000
0000
0000
0000
0000
0000
0000
0000
0000
0000
0000
0000
0000
0000
0000
0000
0000
0000
0000
0000
0000
0000
0000
0000
0000
0000
0000
0000
0000
0000
0000
0000
0000
0000
0000
0000
0000
0000
0000
0000
0000
0000
0000
0000
0000
0000
0000
0000
0000
0000
0000
0000
0000
0000
0000
0000
0000
0000
0000
0000
0000
0000
0000
0000
0000
0000
0000
0000
0000
0000
0000
0000
0000
0000
0000
0000
0000
0000
0000
0000
0000
0000
0000
0000
0000
0000
0000
0000
0000
0000
0000
0000
0000
0000
0000
0000
0000
0000
0000
0000
0000
0000
0000
0000
0000
0000
0000
0000
0000
0000
0000
0000
0000
0000
0000
0000
0000
0000
0000
0000
0000
0000
0000
0000
0000
0000
0000
0000
0000
0000
0000
0000
0000
0000
0000
0000
0000
0000
0000
0000
0000
0000
0000
0000
0000
0000
0000
0000
0000
0000
0000
0000
0000
0000
0000
0000
0000
0000
0000
0000
0000
0000
0000
0000
0000
0000
0000
0000
0000
0000
0000
0000
0000
0000
0000
0000
0000
0000
0000
0000
0000
0000
0000
0000
0000
0000
0000
0000
0000
0000
0000
0000
0000
0000
0000
0000
0000
0000
0000
0000
0000
0000
0000
0000
0000
0000
0000
0000
0000
0000
0000
0000
0000
0000
0000
0000
0000
0000
0000
0000
0000
0000
0000
0000
0000
0000
0000
0000
0000
0000
0000
0000
0000
0000
0000
0000
0000
0000
0000
0000
0000
0000
0000
0000
0000
0000
0000
0000
0000
0000
0000
0000
0000
0000
0000
0000
0000
0000
0000
0000
0000
0000
0000
0000
0000
0000
0000
0000
0000
0000
0000
0000
0000
0000
0000
0000
0000
0000
0000
0000
0000
0000
0000
0000
0000
0000
0000
0000
0000
0000
0000
0000
0000
0000
0000
0000
0000
0000
0000
0000
0000
0000
0000
0000
0000
0000
0000
0000
0000
0000
0000
0000
0000
0000
0000
0000
0000
0000
0000
0000
0000
0000
0000
0000
0000
0000
0000
0000
0000
0000
0000
0000
0000
0000
0000
0000
0000
0000
0000
0000
0000
0000
0000
0000
0000
0000
0000
0000
0000
0000
0000
0000
0000
0000
0000
0000
0000
0000
0000
0000
0000
0000
0000
0000
0000
0000
0000
0000
0000
0000
0000
0000
0000
0000
0000
0000
0000
0000
0000
0000
0000
0000
0000
0000
0000
0000
0000
0000
0000
0000
0000
0000
0000
0000
0000
0000
0000
0000
0000
0000
0000
0000
0000
0000
0000
0000
0000
0000
0000
0000
0000
0000
0000
0000
0000
0000
0000
0000
0000
0000
0000
0000
0000
0000
0000
0000
0000
0000
0000
0000
0000
0000
0000
0000
0000
0000
0000
0000
0000
0000
0000
0000
0000
0000
0000
0000
0000
0000
0000
0000
0000
0000
0000
0000
0000
0000
0000
0000
0000
0000
0000
0000
0000
0000
0000
0000
0000
0000
0000
0000
0000
0000
0000
0000
0000
0000
0000
0000
0000
0000
0000
0000
0000
0000
0000
0000
0000
0000
0000
0000
0000
0000
0000
0000
0000
0000
0000
0000
0000
0000
0000
0000
0000
0000
0000
0000
0000
0000
0000
0000
0000
0000
0000
0000
0000
0000
0000
0000
0000
0000
0000
0000
0000
0000
0000
0000
0000
0000
0000
0000
0000
0000
0000
0000
0000
0000
0000
0000
0000
0000
0000
0000
0000
0000
0000
0000
0000
0000
0000
0000
0000
0000
0000
0000
0000
0000
0000
0000
0000
0000
0000
0000
0000
0000
0000
0000
0000
0000
0000
0000
0000
0000
0000
0000
0000
0000
0000
0000
0000
0000
0000
0000
0000
0000
0000
0000
0000
0000
0000
0000
0000
0000
0000
0000
0000
0000
0000
0000
0000
0000
0000
0000
0000
0000
0000
0000
0000
0000
0000
0000
0000
0000
0000
0000
0000
0000
0000
0000
0000
0000
0000
0000
0000
0000
0000
0000
0000
0000
0000
0000
0000
0000
0000
0000
0000
0000
0000
0000
0000
0000
0000
0000
0000
0000
0000
0000
0000
0000
0000
0000
0000
0000
0000
0000
0000
0000
0000
0000
0000
0000
0000
0000
0000
0000
0000
0000
0000
0000
0000
0000
0000
0000
0000
0000
0000
0000
0000
0000
0000
0000
0000
0000
0000
0000
0000
0000
0000
0000
0000
0000
0000
0000
0000
0000
0000
0000
0000
0000
0000
0000
0000
0000
0000
0000
0000
0000
0000
0000
0000
0000
0000
0000
0000
0000
0000
0000
0000
0000
0000
0000
0000
0000
0000
0000
0000
0000
0000
0000
0000
0000
0000
0000
0000
0000
0000
0000
0000
0000
0000
0000
0000
0000
0000
0000
0000
0000
0000
0000
0000
0000
0000
0000
0000
0000
0000
0000
0000
0000
0000
0000
0000
0000
0000
0000
0000
0000
0000
0000
0000
0000
0000
0000
0000
0000
0000
0000
0000
0000
0000
0000
0000
0000
0000
0000
0000
0000
0000
0000
0000
0000
0000
0000
0000
0000
0000
0000
0000
0000
0000
0000
0000
0000
0000
0000
0000
0000
0000
0000
0000
0000
0000
0000
0000
0000
0000
0000
0000
0000
0000
0000
0000
0000
0000
0000
0000
0000
0000
0000
0000
0000
0000
0000
0000
0000
0000
0000
0000
0000
0000
0000
0000
0000
0000
0000
0000
0000
0000
0000
0000
0000
0000
0000
0000
0000
0000
0000
0000
0000
0000
0000
0000
0000
0000
0000
0000
0000
0000
0000
0000
0000
0000
0000
0000
0000
0000
0000
0000
0000
0000
0000
0000
0000
0000
0000
0000
0000
0000
0000
0000
0000
0000
0000
0000
0000
0000
0000
0000
0000
0000
0000
0000
0000
0000
0000
0000
0000
0000
0000
0000
0000
0000
0000
0000
0000
0000
0000
0000
0000
0000
0000
0000
0000
0000
0000
0000
0000
0000
0000
0000
0000
0000
0000
0000
0000
0000
0000
0000
0000
0000
0000
0000
0000
0000
0000
0000
0000
0000
0000
0000
0000
0000
0000
0000
0000
0000
0000
0000
0000
0000
0000
0000
0000
0000
0000
0000
0000
0000
0000
0000
0000
0000
0000
0000
0000
0000
0000
0000
0000
0000
0000
0000
0000
0000
0000
0000
0000
0000
0000
0000
0000
0000
0000
0000
0000
0000
0000
0000
0000
0000
0000
0000
0000
0000
0000
0000
0000
0000
0000
0000
0000
0000
0000
0000
0000
0000
0000
0000
0000
0000
0000
0000
0000
0000
0000
0000
0000
0000
0000
0000
0000
0000
0000
0000
0000
0000
0000
0000
0000
0000
0000
0000
0000
0000
0000
0000
0000
0000
0000
0000
0000
0000
0000
0000
0000
0000
0000
0000
0000
0000
0000
0000
0000
0000
0000
0000
0000
0000
0000
0000
0000
0000
0000
0000
0000
0000
0000
0000
0000
0000
0000
0000
0000
0000
0000
0000
0000
0000
0000
0000
0000
0000
0000
0000
0000
0000
0000
0000
0000
0000
0000
0000
0000
0000
0000
0000
0000
0000
0000
0000
0000
0000
0000
0000
0000
0000
0000
0000
0000
0000
0000
0000
0000
0000
0000
0000
0000
0000
0000
0000
0000
0000
0000
0000
0000
0000
0000
0000
0000
0000
0000
0000
0000
0000
0000
0000
0000
0000
0000
0000
0000
0000
0000
0000
0000
0000
0000
0000
0000
0000
0000
0000
0000
0000
0000
0000
0000
0000
0000
0000
0000
0000
0000
0000
0000
0000
0000
0000
0000
0000
0000
0000
0000
0000
0000
0000
0000
0000
0000
0000
0000
0000
0000
0000
0000
0000
0000
0000
0000
0000
0000
0000
0000
0000
0000
0000
0000
0000
0000
0000
0000
0000
0000
0000
0000
0000
0000
0000
0000
0000
0000
0000
0000
0000
0000
0000
0000
0000
0000
0000
0000
0000
0000
0000
0000
0000
0000
0000
0000
0000
0000
0000
0000
0000
0000
0000
0000
0000
0000
0000
0000
0000
0000
0000
0000
0000
0000
0000
0000
0000
0000
0000
0000
0000
0000
0000
0000
0000
0000
0000
0000
0000
0000
0000
0000
0000
0000
0000
0000
0000
0000
0000
0000
0000
0000
0000
0000
0000
0000
0000
0000
0000
0000
0000
0000
0000
0000
0000
0000
0000
0000
0000
0000
0000
0000
0000
0000
0000
0000
0000
0000
0000
0000
0000
0000
0000
0000
0000
0000
0000
0000
0000
0000
0000
0000
0000
0000
0000
0000
0000
0000
0000
0000
0000
0000
0000
0000
0000
0000
0000
0000
0000
0000
0000
0000
0000
0000
0000
0000
0000
0000
0000
0000
0000
0000
0000
0000
0000
0000
0000
0000
0000
0000
0000
0000
0000
0000
0000
0000
0000
0000
0000
0000
0000
0000
0000
0000
0000
0000
0000
0000
0000
0000
0000
0000
0000
0000
0000
0000
0000
0000
0000
0000
0000
0000
0000
0000
0000
0000
0000
0000
0000
0000
0000
0000
0000
0000
0000
0000
0000
0000
0000
0000
0000
0000
0000
0000
0000
0000
0000
0000
0000
0000
0000
0000
0000
0000
0000
0000
0000
0000
0000
0000
0000
0000
0000
0000
0000
0000
0000
0000
0000
0000
0000
0000
0000
0000
0000
0000
0000
0000
0000
0000
0000
0000
0000
0000
0000
0000
0000
0000
0000
0000
0000
0000
0000
0000
0000
0000
0000
0000
0000
0000
0000
0000
0000
0000
0000
0000
0000
0000
0000
0000
0000
0000
0000
0000
0000
0000
0000
0000
0000
0000
0000
0000
0000
0000
0000
0000
0000
0000
0000
0000
0000
0000
0000
0000
0000
0000
0000
0000
0000
0000
0000
0000
0000
0000
0000
0000
0000
0000
0000
0000
0000
0000
0000
0000
0000
0000
0000
0000
0000
0000
0000
0000
0000
0000
0000
0000
0000
0000
0000
0000
0000
0000
0000
0000
0000
0000
0000
0000
0000
0000
0000
0000
0000
0000
0000
0000
0000
0000
0000
0000
0000
0000
0000
0000
0000
0000
0000
0000
0000
0000
0000
0000
0000
0000
0000
0000
0000
0000
0000
0000
0000
0000
0000
0000
0000
0000
0000
0000
0000
0000
0000
0000
0000
0000
0000
0000
0000
0000
0000
0000
0000
0000
0000
0000
0000
0000
0000
0000
0000
0000
0000
0000
0000
0000
0000
0000
0000
0000
0000
0000
0000
0000
0000
0000
0000
0000
0000
0000
0000
0000
0000
0000
0000
0000
0000
0000
0000
0000
0000
0000
0000
0000
0000
0000
0000
0000
0000
0000
0000
0000
0000
0000
0000
0000
0000
0000
0000
0000
0000
0000
0000
0000
0000
0000
0000
0000
0000
0000
0000
0000
0000
0000
0000
0000
0000
0000
0000
0000
0000
0000
0000
0000
0000
0000
0000
0000
0000
0000
0000
0000
0000
0000
0000
0000
0000
0000
0000
0000
0000
0000
0000
0000
0000
0000
0000
0000
0000
0000
0000
0000
0000
0000
0000
0000
0000
0000
0000
0000
0000
0000
0000
0000
0000
0000
0000
0000
0000
0000
0000
0000
0000
0000
0000
0000
0000
0000
0000
0000
0000
0000
0000
0000
0000
0000
0000
0000
0000
0000
0000
0000
0000
0000
0000
0000
0000
0000
0000
0000
0000
0000
0000
0000
0000
0000
0000
0000
0000
0000
0000
0000
0000
0000
0000
0000
0000
0000
0000
0000
0000
0000
0000
0000
0000
0000
0000
0000
0000
0000
0000
0000
0000
0000
0000
0000
0000
0000
0000
0000
0000
0000
0000
0000
0000
0000
0000
0000
0000
0000
0000
0000
0000
0000
0000
0000
0000
0000
0000
0000
0000
0000
0000
0000
0000
0000
0000
0000
0000
0000
0000
0000
0000
0000
0000
0000
0000
0000
0000
0000
0000
0000
0000
0000
0000
0000
0000
0000
0000
0000
0000
0000
0000
0000
0000
0000
0000
0000
0000
0000
0000
0000
0000
0000
0000
0000
0000
0000
0000
0000
0000
0000
0000
0000
0000
0000
0000
0000
0000
0000
0000
0000
0000
0000
0000
0000
0000
0000
0000
0000
0000
0000
0000
0000
0000
0000
0000
0000
0000
0000
0000
0000
0000
0000
0000
0000
0000
0000
0000
0000
0000
0000
0000
0000
0000
0000
0000
0000
0000
0000
0000
0000
0000
0000
0000
0000
0000
0000
0000
0000
0000
0000
0000
0000
0000
0000
0000
0000
0000
0000
0000
0000
0000
0000
0000
0000
0000
0000
0000
0000
0000
0000
0000
0000
0000
0000
0000
0000
0000
0000
0000
0000
0000
0000
0000
0000
0000
0000
0000
0000
0000
0000
0000
0000
0000
0000
0000
0000
0000
0000
0000
0000
0000
0000
0000
0000
0000
0000
0000
0000
0000
0000
0000
0000
0000
0000
0000
0000
0000
0000
0000
0000
0000
0000
0000
0000
0000
0000
0000
0000
0000
0000
0000
0000
0000
0000
0000
0000
0000
0000
0000
0000
0000
0000
0000
0000
0000
0000
0000
0000
0000
0000
0000
0000
0000
0000
0000
0000
0000
0000
0000
0000
0000
0000
0000
0000
0000
0000
0000
0000
0000
0000
0000
0000
0000
0000
0000
0000
0000
0000
0000
0000
0000
0000
0000
0000
0000
0000
0000
0000
0000
0000
0000
0000
0000
0000
0000
0000
0000
0000
0000
0000
0000
0000
0000
0000
0000
0000
0000
0000
0000
0000
0000
0000
0000
0000
0000
0000
0000
0000
0000
0000
0000
0000
0000
0000
0000
0000
0000
0000
0000
0000
0000
0000
0000
0000
0000
0000
0000
0000
0000
0000
0000
0000
0000
0000
0000
0000
0000
0000
0000
0000
0000
0000
0000
0000
0000
0000
0000
0000
0000
0000
0000
0000
0000
0000
0000
0000
0000
0000
0000
0000
0000
0000
0000
0000
0000
0000
0000
0000
0000
0000
0000
0000
0000
0000
0000
0000
0000
0000
0000
0000
0000
0000
0000
0000
0000
0000
0000
0000
0000
0000
0000
0000
0000
0000
0000
0000
0000
0000
0000
0000
0000
0000
0000
0000
0000
0000
0000
0000
0000
0000
0000
0000
0000
0000
0000
0000
0000
0000
0000
0000
0000
0000
0000
0000
0000
0000
0000
0000
0000
0000
0000
0000
0000
0000
0000
0000
0000
0000
0000
0000
0000
0000
0000
0000
0000
0000
0000
0000
0000
0000
0000
0000
0000
0000
0000
0000
0000
0000
0000
0000
0000
0000
0000
0000
0000
0000
0000
0000
0000
0000
0000
0000
0000
0000
0000
0000
0000
0000
0000
0000
0000
0000
0000
0000
0000
0000
0000
0000
0000
0000
0000
0000
0000
0000
0000
0000
0000
0000
0000
0000
0000
0000
0000
0000
0000
0000
0000
0000
0000
0000
0000
0000
0000
0000
0000
0000
0000
0000
0000
0000
0000
0000
0000
0000
0000
0000
0000
0000
0000
0000
0000
0000
0000
0000
0000
0000
0000
0000
0000
0000
0000
0000
0000
0000
0000
0000
0000
0000
0000
0000
0000
0000
0000
0000
0000
0000
0000
0000
0000
0000
0000
0000
0000
0000
0000
0000
0000
0000
0000
0000
0000
0000
0000
0000
0000
0000
0000
0000
0000
0000
0000
0000
0000
0000
0000
0000
0000
0000
0000
0000
0000
0000
0000
0000
0000
0000
0000
0000
0000
0000
0000
0000
0000
0000
0000
0000
0000
0000
0000
0000
0000
0000
0000
0000
0000
0000
0000
0000
0000
0000
0000
0000
0000
0000
0000
0000
0000
0000
0000
0000
0000
0000
0000
0000
0000
0000
0000
0000
0000
0000
0000
0000
0000
0000
0000
0000
0000
0000
0000
0000
0000
0000
0000
0000
0000
0000
0000
0000
0000
0000
0000
0000
0000
0000
0000
0000
0000
0000
0000
0000
0000
0000
0000
0000
0000
0000
0000
0000
0000
0000
0000
0000
0000
0000
0000
0000
0000
0000
0000
0000
0000
0000
0000
0000
0000
0000
0000
0000
0000
0000
0000
0000
0000
0000
0000
0000
0000
0000
0000
0000
0000
0000
0000
0000
0000
0000
0000
0000
0000
0000
0000
0000
0000
0000
0000
0000
0000
0000
0000
0000
0000
0000
0000
0000
0000
0000
0000
0000
0000
0000
0000
0000
0000
0000
0000
0000
0000
0000
0000
0000
0000
0000
0000
0000
0000
0000
0000
0000
0000
0000
0000
0000
0000
0000
0000
0000
0000
0000
0000
0000
0000
0000
0000
0000
0000
0000
0000
0000
0000
0000
0000
0000
0000
0000
0000
0000
0000
0000
0000
0000
0000
0000
0000
0000
0000
0000
0000
0000
0000
0000
0000
0000
0000
0000
0000
0000
0000
0000
0000
0000
0000
0000
0000
0000
0000
0000
0000
0000
0000
0000
0000
0000
0000
0000
0000
0000
0000
0000
0000
0000
0000
0000
0000
0000
0000
0000
0000
0000
0000
0000
0000
0000
0000
0000
0000
0000
0000
0000
0000
0000
0000
0000
0000
0000
0000
0000
0000
0000
0000
0000
0000
0000
0000
0000
0000
0000
0000
0000
0000
0000
0000
0000
0000
0000
0000
0000
0000
0000
0000
0000
0000
0000
0000
0000
0000
0000
0000
0000
0000
0000
0000
0000
0000
0000
0000
0000
0000
0000
0000
c1ec
c1cc
c220
c2dd
c438
c65b
c929
cc7f
d03b
d439
d895
dd64
e2b9
e861
ee29
f3e2
f99c
ffaa
05d8
0bf2
11c8
176e
1cbb
21ca
26b5
2b58
2f92
3348
3667
38dc
3ade
3c65
3d6c
3db6
3d4a
3c77
3b0a
3918
367b
3350
2fba
2bdd
275e
2269
1d2e
17dc
121d
0c27
0594
ffab
f9e6
f435
ee86
e908
e3e3
df01
da83
d64b
d277
cf1e
cc53
c9e9
c7ed
c667
c598
c57c
c5cb
c67d
c7c3
c9c5
cc68
cf8c
d310
d6d2
daec
df73
e477
e9cb
ef3e
f4a2
fa09
ffc2
0598
0b5a
10da
162d
1b2c
1ff0
2493
28f1
2ceb
3069
3357
35a6
378a
38f9
3612
364f
35ed
3530
33ed
3234
2fe2
2d17
29ec
2685
228e
1e31
1996
14e7
0fda
0a9d
0525
ffa3
fa42
f4f2
efa6
ea87
e5bc
e12f
dcfe
d910
d57e
d260
cfc7
cd87
cbaf
ca45
c984
c96a
c9b3
ca58
cb85
cd61
cfd3
d2bf
d603
d981
dd52
e18a
e637
eb2d
f041
f548
fabb
ffb0
04bf
09bc
0e82
1321
1777
1b9b
1fa3
236e
26e4
29ed
2c77
2e77
3018
3155
322a
3263
3206
3157
302a
2e91
2c6b
29d3
26e4
23bb
200c
1bfe
17b7
135c
0eab
09ce
04bc
ffa0
faa2
f5b7
f0cf
ec11
e7a1
e369
df88
dbe3
d894
d5b1
d347
d131
cf78
ce26
d157
d141
d180
d20e
d313
d4ad
d6c6
d945
dc10
df0c
e24e
e5e8
e9e9
ee28
f281
f6ce
fb20
ffb2
045c
08f7
0d5f
11a4
15a6
197a
1d32
20b3
23e5
26b2
290a
2ae2
2c64
2d88
2e4d
2e81
2e2c
2d8a
2c74
2afa
28ff
269b
23e8
20fe
1d9b
19e0
15f0
11ef
0d9f
0927
041b
ffca
fb91
f766
f33e
ef38
eb73
e7dc
e48f
e174
dea2
dc2b
da1c
d855
d6df
d5c0
d527
d511
d54b
d5ce
d6bd
d837
da26
dc74
df08
e1c9
e4cb
e81d
ebcb
efb2
f3b0
f7a3
fb97
ffc4
0408
083e
0c45
102c
13d4
1752
1ab7
1dea
20d5
2365
258c
273f
28a1
29af
268a
26b8
2675
25f0
250b
23d3
222f
2032
1df2
1b86
18b3
1597
124f
0ef8
0b5e
07a0
03b8
ffc7
fbee
f823
f459
f0b0
ed42
ea00
e702
e432
e1a4
df69
dd8d
dbf0
da9e
d99a
d910
d8fd
d932
d9a9
da82
dbd9
dd9b
dfb3
e20b
e48c
e748
ea4d
eda5
f132
f4d4
f86c
fc06
ffd6
03bb
0791
0b3c
0ec9
121d
154b
1862
1b4b
1df2
2046
223a
23c4
2506
25fb
269f
26cb
2685
25fe
2517
23dc
2234
2035
1df2
1b83
18ae
1591
1246
0eee
0b52
0795
03ad
ffbd
fbe6
f81a
f452
f0a9
ed3d
e9fd
e6fe
e430
e1a3
df69
dd8e
dbf3
daa1
d99f
d915
d902
d937
d9ac
da83
dbd7
dd97
dfad
e202
e481
e73a
ea3e
ed95
f120
f4c1
f858
fc5a
ffc8
0349
06bd
0a0b
0d3e
103f
131c
15e7
1887
1aec
1d06
1ec8
202b
214c
2227
22ba
22e2
22a2
2228
2158
203d
1ec0
1cf4
1aec
18bc
1630
1361
106b
0d67
0a27
06ca
0347
ffbd
fc49
f8e1
f57b
f233
ef21
ec35
e985
e6ff
e4b5
e2b5
e10a
df98
de67
dd7d
dd01
dcf0
dd20
dd8a
de4e
df81
e114
e2f3
e50c
e749
e9ba
ec6e
ef6e
f29e
f5e1
f91a
fc58
ffc5
0345
06b9
0a07
0d3b
103c
131b
15e5
1886
1aeb
1d05
1ec7
2029
214b
2226
22b9
22e1
22a1
2227
2157
203b
1ebf
1cf4
1aee
18be
1634
1368
1074
0d73
0a37
06dd
02fd
ffd9
fcc7
f9bf
f6b9
f3cc
f10e
ee72
ec0b
e9c9
e7bc
e5f1
e472
e327
e217
e146
e0d7
e0c7
e0f1
e150
e1fe
e311
e479
e626
e806
ea07
ec37
eea1
f14e
f425
f70c
f9eb
fccb
ffd5
02ef
05ff
08ed
0bc3
0e6c
10f6
136e
15c2
17e1
19be
1b4f
1c8b
1d8d
1e51
1ed5
1efa
1ec4
1e5a
1da3
1ca9
1b59
19c2
17f5
1605
13c3
1146
0ea6
0bfa
0918
061a
02fa
ffd3
fcbf
f9b6
f6ae
f3c0
f102
ee67
ec02
e9c2
e7b7
e5ee
e471
e327
e218
e148
e0da
e0cb
e0f5
e154
e202
e314
e47c
e629
e809
ea0a
ec3a
eea4
f151
f428
f710
f9f0
fcd2
ffdf
02fc
060e
08fd
0bd4
0e7e
1109
1382
15d6
17f5
19d2
1b62
1c9d
1d9f
1e63
1ee6
1f09
1ed1
1e65
1dac
1cb0
1b5d
19c4
17f5
1603
13bf
1141
0e9f
0bf2
090f
0611
02f1
ffcb
fcb8
f9af
f6a8
f3bb
f0fe
ee64
ebff
e9c0
e7b6
e5ee
e472
e329
e21b
e14c
e0de
e0cf
e0f9
e157
e203
e313
e479
e624
e802
ea01
ec2f
ee98
f144
f41a
f701
f9e0
fcc2
ffcf
02ec
05fe
08ee
0bc6
0e71
10fd
1378
15ce
17ef
19cd
1b5d
1c98
1d99
1e5c
1edf
1f02
1ec9
1e5d
1da4
1ca8
1b56
19bd
17ef
15fd
13b9
113a
0e98
0bea
0907
0609
02ea
ffc5
fcb3
f9ac
f6a7
f3bc
f101
ee68
ec05
e9c7
e7be
e5f7
e47b
e332
e223
e153
e0e5
e0d6
e100
e15f
e20d
e31e
e484
e62e
e80b
ea08
ec34
ee9b
f146
f41b
f701
f9df
fcc0
ffcc
02e8
05fa
08ea
0bc3
0e6f
10fc
1377
15cd
17ee
19cc
1b5c
1c97
1d98
1e5b
1ede
1f01
1ec8
1e5c
1da3
1ca7
1b55
19bd
17f0
15ff
13bd
1140
0ea0
0bf5
0915
061a
02fd
ffd9
fcc7
f9bf
f6b9
f3cc
f10e
ee72
ec0b
e9c9
e7bc
e5f1
e472
e327
e217
e146
e0d7
e0c7
e0f1
e150
e1fe
e311
e479
e626
e806
ea07
ec37
eea1
f14e
f425
f70c
f9eb
fccb
ffd5
02ef
05ff
08ed
0bc3
0e6c
10f6
136e
15c2
17e1
19be
1b4f
1c8b
1d8d
1e51
1ed5
1efa
1ec4
1e5a
1da3
1ca9
1b59
19c2
17f5
1605
13c3
1146
0ea6
0bfa
0918
061a
02fa
ffd3
fcbf
f9b6
f6ae
f3c0
f102
ee67
ec02
e9c2
e7b7
e5ee
e471
e327
e218
e148
e0da
e0cb
e0f5
e154
e202
e314
e47c
e629
e809
ea0a
ec3a
eea4
f151
f428
f710
f9f0
fcd2
ffdf
02fc
060e
08fd
0bd4
0e7e
1109
1382
15d6
17f5
19d2
1b62
1c9d
1d9f
1e63
1ee6
1f09
1ed1
1e65
1dac
1cb0
1b5d
19c4
17f5
1603
13bf
1141
0e9f
0bf2
090f
0611
02f1
ffcb
fcb8
f9af
f6a8
f3bb
f0fe
ee64
ebff
e9c0
e7b6
e5ee
e472
e329
e21b
e14c
e0de
e0cf
e0f9
e157
e203
e313
e479
e624
e802
ea01
ec2f
ee98
f144
f41a
f701
f9e0
fcc2
ffcf
02ec
05fe
08ee
0bc6
0e71
10fd
1378
15ce
17ef
19cd
1b5d
1c98
1d99
1e5c
1edf
1f02
1ec9
1e5d
1da4
1ca8
1b56
19bd
17ef
15fd
13b9
113a
0e98
0bea
0907
0609
02ea
ffc5
fcb3
f9ac
f6a7
f3bc
f101
ee68
ec05
e9c7
e7be
e5f7
e47b
e332
e223
e153
e0e5
e0d6
e100
e15f
e20d
e31e
e484
e62e
e80b
ea08
ec34
ee9b
f146
f41b
f701
f9df
fcc0
ffcc
02e8
05fa
08ea
0bc3
0e6f
10fc
1377
15cd
17ee
19cc
1b5c
1c97
1d98
1e5b
1ede
1f01
1ec8
1e5c
1da3
1ca7
1b55
19bd
17f0
15ff
13bd
1140
0ea0
0bf5
0915
061a
02fd
ffd9
fcc7
f9bf
f6b9
f3cc
f10e
ee72
ec0b
e9c9
e7bc
e5f1
e472
e327
e217
e146
e0d7
e0c7
e0f1
e150
e1fe
e311
e479
e626
e806
ea07
ec37
eea1
f14e
f425
f70c
f9eb
fccb
ffd5
02ef
05ff
08ed
0bc3
0e6c
10f6
136e
15c2
17e1
19be
1b4f
1c8b
1d8d
1e51
1ed5
1efa
1ec4
1e5a
1da3
1ca9
1b59
19c2
17f5
1605
13c3
1146
0ea6
0bfa
0918
061a
02fa
ffd3
fcbf
f9b6
f6ae
f3c0
f102
ee67
ec02
e9c2
e7b7
e5ee
e471
e327
e218
e148
e0da
e0cb
e0f5
e154
e202
e314
e47c
e629
e809
ea0a
ec3a
eea4
f151
f428
f710
f9f0
fcd2
ffdf
02fc
060e
08fd
0bd4
0e7e
1109
1382
15d6
17f5
19d2
1b62
1c9d
1d9f
1e63
1ee6
1f09
1ed1
1e65
1dac
1cb0
1b5d
19c4
17f5
1603
13bf
1141
0e9f
0bf2
090f
0611
02f1
ffcb
fcb8
f9af
f6a8
f3bb
f0fe
ee64
ebff
e9c0
e7b6
e5ee
e472
e329
e21b
e14c
e0de
e0cf
e0f9
e157
e203
e313
e479
e624
e802
ea01
ec2f
ee98
f144
f41a
f701
f9e0
fcc2
ffcf
02ec
05fe
08ee
0bc6
0e71
10fd
1378
15ce
17ef
19cd
1b5d
1c98
1d99
1e5c
1edf
1f02
1ec9
1e5d
1da4
1ca8
1b56
19bd
17ef
15fd
13b9
113a
0e98
0bea
0907
0609
02ea
ffc5
fcb3
f9ac
f6a7
f3bc
f101
ee68
ec05
e9c7
e7be
e5f7
e47b
e332
e223
e153
e0e5
e0d6
e100
e15f
e20d
e31e
e484
e62e
e80b
ea08
ec34
ee9b
f146
f41b
f701
f9df
fcc0
ffcc
02e8
05fa
08ea
0bc3
0e6f
10fc
1377
15cd
17ee
19cc
1b5c
1c97
1d98
1e5b
1ede
1f01
1ec8
1e5c
1da3
1ca7
1b55
19bd
17f0
15ff
13bd
1140
0ea0
0bf5
0915
061a
02fd
ffd9
fcc7
f9bf
f6b9
f3cc
f10e
ee72
ec0b
e9c9
e7bc
e5f1
e472
e327
e217
e146
e0d7
e0c7
e0f1
e150
e1fe
e311
e479
e626
e806
ea07
ec37
eea1
f14e
f425
f70c
f9eb
fccb
ffd5
02ef
05ff
08ed
0bc3
0e6c
10f6
136e
15c2
17e1
19be
1b4f
1c8b
1d8d
1e51
1ed5
1efa
1ec4
1e5a
1da3
1ca9
1b59
19c2
17f5
1605
13c3
1146
0ea6
0bfa
0918
061a
02fa
ffd3
fcbf
f9b6
f6ae
f3c0
f102
ee67
ec02
e9c2
e7b7
e5ee
e471
e327
e218
e148
e0da
e0cb
e0f5
e154
e202
e314
e47c
e629
e809
ea0a
ec3a
eea4
f151
f428
f710
f9f0
fcd2
ffdf
02fc
060e
08fd
0bd4
0e7e
1109
1382
15d6
17f5
19d2
1b62
1c9d
1d9f
1e63
1ee6
1f09
1ed1
1e65
1dac
1cb0
1b5d
19c4
17f5
1603
13bf
1141
0e9f
0bf2
090f
0611
02f1
ffcb
fcb8
f9af
f6a8
f3bb
f0fe
ee64
ebff
e9c0
e7b6
e5ee
e472
e329
e21b
e14c
e0de
e0cf
e0f9
e157
e203
e313
e479
e624
e802
ea01
ec2f
ee98
f144
f41a
f701
f9e0
fcc2
ffcf
02ec
05fe
08ee
0bc6
0e71
10fd
1378
15ce
17ef
19cd
1b5d
1c98
1d99
1e5c
1edf
1f02
1ec9
1e5d
1da4
1ca8
1b56
19bd
17ef
15fd
13b9
113a
0e98
0bea
0907
0609
02ea
ffc5
fcb3
f9ac
f6a7
f3bc
f101
ee68
ec05
e9c7
e7be
e5f7
e47b
e332
e223
e153
e0e5
e0d6
e100
e15f
e20d
e31e
e484
e62e
e80b
ea08
ec34
ee9b
f146
f41b
f701
f9df
fcc0
ffcc
02e8
05fa
08ea
0bc3
0e6f
10fc
1377
15cd
17ee
19cc
1b5c
1c97
1d98
1e5b
1ede
1f01
1ec8
1e5c
1da3
1ca7
1b55
19bd
17f0
15ff
13bd
1140
0ea0
0bf5
0915
061a
02fd
ffd9
fcc7
f9bf
f6b9
f3cc
f10e
ee72
ec0b
e9c9
e7bc
e5f1
e472
e327
e217
e146
e0d7
e0c7
e0f1
e150
e1fe
e311
e479
e626
e806
ea07
ec37
eea1
f14e
f425
f70c
f9eb
fccb
ffd5
02ef
05ff
08ed
0bc3
0e6c
10f6
136e
15c2
17e1
19be
1b4f
1c8b
1d8d
1e51
1ed5
1efa
1ec4
1e5a
1da3
1ca9
1b59
19c2
17f5
1605
13c3
1146
0ea6
0bfa
0918
061a
02fa
ffd3
fcbf
f9b6
f6ae
f3c0
f102
ee67
ec02
e9c2
e7b7
e5ee
e471
e327
e218
e148
e0da
e0cb
e0f5
e154
e202
e314
e47c
e629
e809
ea0a
ec3a
eea4
f151
f428
f710
f9f0
fcd2
ffdf
02fc
060e
08fd
0bd4
0e7e
1109
1382
15d6
17f5
19d2
1b62
1c9d
1d9f
1e63
1ee6
1f09
1ed1
1e65
1dac
1cb0
1b5d
19c4
17f5
1603
13bf
1141
0e9f
0bf2
090f
0611
02f1
ffcb
fcb8
f9af
f6a8
f3bb
f0fe
ee64
ebff
e9c0
e7b6
e5ee
e472
e329
e21b
e14c
e0de
e0cf
e0f9
e157
e203
e313
e479
e624
e802
ea01
ec2f
ee98
f144
f41a
f701
f9e0
fcc2
ffcf
02ec
05fe
08ee
0bc6
0e71
10fd
1378
15ce
17ef
19cd
1b5d
1c98
1d99
1e5c
1edf
1f02
1ec9
1e5d
1da4
1ca8
1b56
19bd
17ef
15fd
13b9
113a
0e98
0bea
0907
0609
02ea
ffc5
fcb3
f9ac
f6a7
f3bc
f101
ee68
ec05
e9c7
e7be
e5f7
e47b
e332
e223
e153
e0e5
e0d6
e100
e15f
e20d
e31e
e484
e62e
e80b
ea08
ec34
ee9b
f146
f41b
f701
f9df
fd28
ffd2
028b
053a
07cc
0a4a
0ca1
0edc
1108
1313
14f0
1692
17f0
1904
19e5
1a8f
1b02
1b20
1aef
1a90
19ee
1912
17ea
1685
14f2
133f
1145
0f18
0ccc
0a76
07f2
0556
029d
ffdd
fd2e
fa87
f7e1
f552
f2ec
f0a3
ee89
ec8f
eac4
e932
e7e3
e6c2
e5d4
e51d
e4bc
e4ae
e4d2
e526
e5be
e6ae
e7e9
e961
eb05
ecc6
eeb0
f0cc
f324
f5a0
f82a
faad
fd31
ffda
0291
053f
07cf
0a4a
0c9e
0ed7
1100
1309
14e4
1686
17e5
18f9
19db
1a86
1afa
1b1a
1aeb
1a8e
19ee
1913
17ed
1689
14f6
1344
114a
0f1d
0cd1
0a7a
07f5
0556
029a
ffd8
fd27
fa7f
f7d8
f548
f2e1
f09a
ee81
ec89
eac0
e930
e7e2
e6c2
e5d5
e51f
e4be
e4b1
e4d6
e529
e5c1
e6b1
e7ec
e963
eb07
ecc8
eeb2
f0cf
f326
f5a3
f82e
fab2
fd37
ffe3
029c
054c
07dd
0a59
0cae
0ee7
1111
131b
14f6
1697
17f5
1909
19eb
1a96
1b09
1b27
1af6
1a98
19f6
191a
17f1
168b
14f6
1342
1147
0f18
0ccb
0a73
07ed
054e
0292
ffd1
fd21
fa79
f7d3
f543
f2de
f097
ee7f
ec88
eabf
e930
e7e3
e6c3
e5d7
e522
e4c2
e4b5
e4d9
e52c
e5c2
e6b0
e7e9
e95f
eb01
ecc0
eea9
f0c5
f31b
f596
f820
faa4
fd29
ffd5
028e
053e
07d0
0a4d
0ca2
0edd
1109
1314
14f1
1693
17f1
1905
19e5
1a90
1b03
1b21
1aef
1a91
19ef
1913
17eb
1685
14f1
133d
1141
0f12
0cc5
0a6c
07e6
0547
028c
ffcc
fd1c
fa76
f7d2
f544
f2e0
f09b
ee84
ec8e
eac6
e938
e7eb
e6cb
e5de
e528
e4c8
e4bb
e4e0
e533
e5cb
e6ba
e7f3
e968
eb09
ecc7
eead
f0c7
f31d
f597
f820
faa3
fd28
ffd2
028b
053a
07cc
0a4a
0ca1
0edc
1108
1313
14f0
1692
17f0
1904
19e5
1a8f
1b02
1b20
1aef
1a90
19ee
1912
17ea
1685
14f2
133f
1145
0f18
0ccc
0a76
07f2
0556
029d
ffdd
fd2e
fa87
f7e1
f552
f2ec
f0a3
ee89
ec8f
eac4
e932
e7e3
e6c2
e5d4
e51d
e4bc
e4ae
e4d2
e526
e5be
e6ae
e7e9
e961
eb05
ecc6
eeb0
f0cc
f324
f5a0
f82a
faad
fd31
ffda
0291
053f
07cf
0a4a
0c9e
0ed7
1100
1309
14e4
1686
17e5
18f9
19db
1a86
1afa
1b1a
1aeb
1a8e
19ee
1913
17ed
1689
14f6
1344
114a
0f1d
0cd1
0a7a
07f5
0556
029a
ffd8
fd27
fa7f
f7d8
f548
f2e1
f09a
ee81
ec89
eac0
e930
e7e2
e6c2
e5d5
e51f
e4be
e4b1
e4d6
e529
e5c1
e6b1
e7ec
e963
eb07
ecc8
eeb2
f0cf
f326
f5a3
f82e
fab2
fd37
ffe3
029c
054c
07dd
0a59
0cae
0ee7
1111
131b
14f6
1697
17f5
1909
19eb
1a96
1b09
1b27
1af6
1a98
19f6
191a
17f1
168b
14f6
1342
1147
0f18
0ccb
0a73
07ed
054e
0292
ffd1
fd21
fa79
f7d3
f543
f2de
f097
ee7f
ec88
eabf
e930
e7e3
e6c3
e5d7
e522
e4c2
e4b5
e4d9
e52c
e5c2
e6b0
e7e9
e95f
eb01
ecc0
eea9
f0c5
f31b
f596
f820
faa4
fd29
ffd5
028e
053e
07d0
0a4d
0ca2
0edd
1109
1314
14f1
1693
17f1
1905
19e5
1a90
1b03
1b21
1aef
1a91
19ef
1913
17eb
1685
14f1
133d
1141
0f12
0cc5
0a6c
07e6
0547
028c
ffcc
fd1c
fa76
f7d2
f544
f2e0
f09b
ee84
ec8e
eac6
e938
e7eb
e6cb
e5de
e528
e4c8
e4bb
e4e0
e533
e5cb
e6ba
e7f3
e968
eb09
ecc7
eead
f0c7
f31d
f597
f820
faa3
fd28
ffd2
028b
053a
07cc
0a4a
0ca1
0edc
1108
1313
14f0
1692
17f0
1904
19e5
1a8f
1b02
1b20
1aef
1a90
19ee
1912
17ea
1685
14f2
133f
1145
0f18
0ccc
0a76
07f2
0556
029d
ffdd
fd2e
fa87
f7e1
f552
f2ec
f0a3
ee89
ec8f
eac4
e932
e7e3
e6c2
e5d4
e51d
e4bc
e4ae
e4d2
e526
e5be
e6ae
e7e9
e961
eb05
ecc6
eeb0
f0cc
f324
f5a0
f82a
faad
fd31
ffda
0291
053f
07cf
0a4a
0c9e
0ed7
1100
1309
14e4
1686
17e5
18f9
19db
1a86
1afa
1b1a
1aeb
1a8e
19ee
1913
17ed
1689
14f6
1344
114a
0f1d
0cd1
0a7a
07f5
0556
029a
ffd8
fd27
fa7f
f7d8
f548
f2e1
f09a
ee81
ec89
eac0
e930
e7e2
e6c2
e5d5
e51f
e4be
e4b1
e4d6
e529
e5c1
e6b1
e7ec
e963
eb07
ecc8
eeb2
f0cf
f326
f5a3
f82e
fab2
fd37
ffe3
029c
054c
07dd
0a59
0cae
0ee7
1111
131b
14f6
1697
17f5
1909
19eb
1a96
1b09
1b27
1af6
1a98
19f6
191a
17f1
168b
14f6
1342
1147
0f18
0ccb
0a73
07ed
054e
0292
ffd1
fd21
fa79
f7d3
f543
f2de
f097
ee7f
ec88
eabf
e930
e7e3
e6c3
e5d7
e522
e4c2
e4b5
e4d9
e52c
e5c2
e6b0
e7e9
e95f
eb01
ecc0
eea9
f0c5
f31b
f596
f820
faa4
fd29
ffd5
028e
053e
07d0
0a4d
0ca2
0edd
1109
1314
14f1
1693
17f1
1905
19e5
1a90
1b03
1b21
1aef
1a91
19ef
1913
17eb
1685
14f1
133d
1141
0f12
0cc5
0a6c
07e6
0547
028c
ffcc
fd1c
fa76
f7d2
f544
f2e0
f09b
ee84
ec8e
eac6
e938
e7eb
e6cb
e5de
e528
e4c8
e4bb
e4e0
e533
e5cb
e6ba
e7f3
e968
eb09
ecc7
eead
f0c7
f31d
f597
f820
faa3
fd28
ffd2
028b
053a
07cc
0a4a
0ca1
0edc
1108
1313
14f0
1692
17f0
1904
19e5
1a8f
1b02
1b20
1aef
1a90
19ee
1912
17ea
1685
14f2
133f
1145
0f18
0ccc
0a76
07f2
0556
029d
ffdd
fd2e
fa87
f7e1
f552
f2ec
f0a3
ee89
ec8f
eac4
e932
e7e3
e6c2
e5d4
e51d
e4bc
e4ae
e4d2
e526
e5be
e6ae
e7e9
e961
eb05
ecc6
eeb0
f0cc
f324
f5a0
f82a
faad
fd31
ffda
0291
053f
07cf
0a4a
0c9e
0ed7
1100
1309
14e4
1686
17e5
18f9
19db
1a86
1afa
1b1a
1aeb
1a8e
19ee
1913
17ed
1689
14f6
1344
114a
0f1d
0cd1
0a7a
07f5
0556
029a
ffd8
fd27
fa7f
f7d8
f548
f2e1
f09a
ee81
ec89
eac0
e930
e7e2
e6c2
e5d5
e51f
e4be
e4b1
e4d6
e529
e5c1
e6b1
e7ec
e963
eb07
ecc8
eeb2
f0cf
f326
f5a3
f82e
fab2
fd37
ffe3
029c
054c
07dd
0a59
0cae
0ee7
1111
131b
14f6
1697
17f5
1909
19eb
1a96
1b09
1b27
1af6
1a98
19f6
191a
17f1
168b
14f6
1342
1147
0f18
0ccb
0a73
07ed
054e
0292
ffd1
fd21
fa79
f7d3
f543
f2de
f097
ee7f
ec88
eabf
e930
e7e3
e6c3
e5d7
e522
e4c2
e4b5
e4d9
e52c
e5c2
e6b0
e7e9
e95f
eb01
ecc0
eea9
f0c5
f31b
f596
f820
faa4
fd29
ffd5
028e
053e
07d0
0a4d
0ca2
0edd
1109
1314
14f1
1693
17f1
1905
19e5
1a90
1b03
1b21
1aef
1a91
19ef
1913
17eb
1685
14f1
133d
1141
0f12
0cc5
0a6c
07e6
0547
028c
ffcc
fd1c
fa76
f7d2
f544
f2e0
f09b
ee84
ec8e
eac6
e938
e7eb
e6cb
e5de
e528
e4c8
e4bb
e4e0
e533
e5cb
e6ba
e7f3
e968
eb09
ecc7
eead
f0c7
f31d
f597
f820
faa3
fd28
ffd2
028b
053a
07cc
0a4a
0ca1
0edc
1108
1313
14f0
1692
17f0
1904
19e5
1a8f
1b02
1b20
1aef
1a90
19ee
1912
17ea
1685
14f2
133f
1145
0f18
0ccc
0a76
07f2
0556
029d
ffdd
fd2e
fa87
f7e1
f552
f2ec
f0a3
ee89
ec8f
eac4
e932
e7e3
e6c2
e5d4
e51d
e4bc
e4ae
e4d2
e526
e5be
e6ae
e7e9
e961
eb05
ecc6
eeb0
f0cc
f324
f5a0
f82a
faad
fd31
ffda
0291
053f
07cf
0a4a
0c9e
0ed7
1100
1309
14e4
1686
17e5
18f9
19db
1a86
1afa
1b1a
1aeb
1a8e
19ee
1913
17ed
1689
14f6
1344
114a
0f1d
0cd1
0a7a
07f5
0556
029a
ffd8
fd27
fa7f
f7d8
f548
f2e1
f09a
ee81
ec89
eac0
e930
e7e2
e6c2
e5d5
e51f
e4be
e4b1
e4d6
e529
e5c1
e6b1
e7ec
e963
eb07
ecc8
eeb2
f0cf
f326
f5a3
f82e
fab2
fd37
ffe3
029c
054c
07dd
0a59
0cae
0ee7
1111
131b
14f6
1697
17f5
1909
19eb
1a96
1b09
1b27
1af6
1a98
19f6
191a
17f1
168b
14f6
1342
1147
0f18
0ccb
0a73
07ed
054e
0292
ffd1
fd21
fa79
f7d3
f543
f2de
f097
ee7f
ec88
eabf
e930
e7e3
e6c3
e5d7
e522
e4c2
e4b5
e4d9
e52c
e5c2
e6b0
e7e9
e95f
eb01
ecc0
eea9
f0c5
f31b
f596
f820
faa4
fd29
ffd5
028e
053e
07d0
0a4d
0ca2
0edd
1109
1314
14f1
1693
17f1
1905
19e5
1a90
1b03
1b21
1aef
1a91
19ef
1913
17eb
1685
14f1
133d
1141
0f12
0cc5
0a6c
07e6
0547
028c
ffcc
fd1c
fa76
f7d2
f544
f2e0
f09b
ee84
ec8e
eac6
e938
e7eb
e6cb
e5de
e528
e4c8
e4bb
e4e0
e533
e5cb
e6ba
e7f3
e968
eb09
ecc7
eead
f0c7
f31d
f597
f820
faa3
fd28
ffd2
028b
053a
07cc
0a4a
0ca1
0edc
1108
1313
14f0
1692
17f0
1904
19e5
1a8f
1b02
1b20
1aef
1a90
19ee
1912
17ea
1685
14f2
133f
1145
0f18
0ccc
0a76
07f2
0556
029d
ffdd
fd2e
fa87
f7e1
f552
f2ec
f0a3
ee89
ec8f
eac4
e932
e7e3
e6c2
e5d4
e51d
e4bc
e4ae
e4d2
e526
e5be
e6ae
e7e9
e961
eb05
ecc6
eeb0
f0cc
f324
f5a0
f82a
faad
fd31
ffda
0291
053f
07cf
0a4a
0c9e
0ed7
1100
1309
14e4
1686
17e5
18f9
19db
1a86
1afa
1b1a
1aeb
1a8e
19ee
1913
17ed
1689
14f6
1344
114a
0f1d
0cd1
0a7a
07f5
0556
029a
ffd8
fd27
fa7f
f7d8
f548
f2e1
f09a
ee81
ec89
eac0
e930
e7e2
e6c2
e5d5
e51f
e4be
e4b1
e4d6
e529
e5c1
e6b1
e7ec
e963
eb07
ecc8
eeb2
f0cf
f326
f5a3
f82e
fab2
fd37
ffe3
029c
054c
07dd
0a59
0cae
0ee7
1111
131b
14f6
1697
17f5
1909
19eb
1a96
1b09
1b27
1af6
1a98
19f6
191a
17f1
168b
14f6
1342
1147
0f18
0ccb
0a73
07ed
054e
0292
ffd1
fd21
fa79
f7d3
f543
f2de
f097
ee7f
ec88
eabf
e930
e7e3
e6c3
e5d7
e522
e4c2
e4b5
e4d9
e52c
e5c2
e6b0
e7e9
e95f
eb01
ecc0
eea9
f0c5
f31b
f596
f820
faa4
fd29
ffd5
028e
053e
07d0
0a4d
0ca2
0edd
1109
1314
14f1
1693
17f1
1905
19e5
1a90
1b03
1b21
1aef
1a91
19ef
1913
17eb
1685
14f1
133d
1141
0f12
0cc5
0a6c
07e6
0547
028c
ffcc
fd1c
fa76
f7d2
f544
f2e0
f09b
ee84
ec8e
eac6
e938
e7eb
e6cb
e5de
e528
e4c8
e4bb
e4e0
e533
e5cb
e6ba
e7f3
e968
eb09
ecc7
eead
f0c7
f31d
f597
f820
faa3
fd28
ffd2
028b
053a
07cc
0a4a
0ca1
0edc
1108
1313
14f0
1692
17f0
1904
19e5
1a8f
1b02
1b20
1aef
1a90
19ee
1912
17ea
1685
14f2
133f
1145
0f18
0ccc
0a76
07f2
0556
029d
ffdd
fd2e
fa87
f7e1
f552
f2ec
f0a3
ee89
ec8f
eac4
e932
e7e3
e6c2
e5d4
e51d
e4bc
e4ae
e4d2
e526
e5be
e6ae
e7e9
e961
eb05
ecc6
eeb0
f0cc
f324
f5a0
f82a
faad
fd31
ffda
0291
053f
07cf
0a4a
0c9e
0ed7
1100
1309
14e4
1686
17e5
18f9
19db
1a86
1afa
1b1a
1aeb
1a8e
19ee
1913
17ed
1689
14f6
1344
114a
0f1d
0cd1
0a7a
07f5
0556
029a
ffd8
fd27
fa7f
f7d8
f548
f2e1
f09a
ee81
ec89
eac0
e930
e7e2
e6c2
e5d5
e51f
e4be
e4b1
e4d6
e529
e5c1
e6b1
e7ec
e963
eb07
ecc8
eeb2
f0cf
f326
f5a3
f82e
fab2
fd37
ffe3
029c
054c
07dd
0a59
0cae
0ee7
1111
131b
14f6
1697
17f5
1909
19eb
1a96
1b09
1b27
1af6
1a98
19f6
191a
17f1
168b
14f6
1342
1147
0f18
0ccb
0a73
07ed
054e
0292
ffd1
fd21
fa79
f7d3
f543
f2de
f097
ee7f
ec88
eabf
e930
e7e3
e6c3
e5d7
e522
e4c2
e4b5
e4d9
e52c
e5c2
e6b0
e7e9
e95f
eb01
ecc0
eea9
f0c5
f31b
f596
f820
faa4
fd29
ffd5
028e
053e
07d0
0a4d
0ca2
0edd
1109
1314
14f1
1693
17f1
1905
19e5
1a90
1b03
1b21
1aef
1a91
19ef
1913
17eb
1685
14f1
133d
1141
0f12
0cc5
0a6c
07e6
0547
028c
ffcc
fd1c
fa76
f7d2
f544
f2e0
f09b
ee84
ec8e
eac6
e938
e7eb
e6cb
e5de
e528
e4c8
e4bb
e4e0
e533
e5cb
e6ba
e7f3
e968
eb09
ecc7
eead
f0c7
f31d
f597
f820
faa3
fd28
ffd2
028b
053a
07cc
0a4a
0ca1
0edc
1108
1313
14f0
1692
17f0
1904
19e5
1a8f
1b02
1b20
1aef
1a90
19ee
1912
17ea
1685
14f2
133f
1145
0f18
0ccc
0a76
07f2
0556
029d
ffdd
fd2e
fa87
f7e1
f552
f2ec
f0a3
ee89
ec8f
eac4
e932
e7e3
e6c2
e5d4
e51d
e4bc
e4ae
e4d2
e526
e5be
e6ae
e7e9
e961
eb05
ecc6
eeb0
f0cc
f324
f5a0
f82a
faad
fd31
ffda
0291
053f
07cf
0a4a
0c9e
0ed7
1100
1309
14e4
1686
17e5
18f9
19db
1a86
1afa
1b1a
1aeb
1a8e
19ee
1913
17ed
1689
14f6
1344
114a
0f1d
0cd1
0a7a
07f5
0556
029a
ffd8
fd27
fa7f
f7d8
f548
f2e1
f09a
ee81
ec89
eac0
e930
e7e2
e6c2
e5d5
e51f
e4be
e4b1
e4d6
e529
e5c1
e6b1
e7ec
e963
eb07
ecc8
eeb2
f0cf
f326
f5a3
f82e
fab2
fd37
ffe3
029c
054c
07dd
0a59
0cae
0ee7
1111
131b
14f6
1697
17f5
1909
19eb
1a96
1b09
1b27
1af6
1a98
19f6
191a
17f1
168b
14f6
1342
1147
0f18
0ccb
0a73
07ed
054e
0292
ffd1
fd21
fa79
f7d3
f543
f2de
f097
ee7f
ec88
eabf
e930
e7e3
e6c3
e5d7
e522
e4c2
e4b5
e4d9
e52c
e5c2
e6b0
e7e9
e95f
eb01
ecc0
eea9
f0c5
f31b
f596
f820
faa4
fd29
ffd5
028e
053e
07d0
0a4d
0ca2
0edd
1109
1314
14f1
1693
17f1
1905
19e5
1a90
1b03
1b21
1aef
1a91
19ef
1913
17eb
1685
14f1
133d
1141
0f12
0cc5
0a6c
07e6
0547
028c
ffcc
fd1c
fa76
f7d2
f544
f2e0
f09b
ee84
ec8e
eac6
e938
e7eb
e6cb
e5de
e528
e4c8
e4bb
e4e0
e533
e5cb
e6ba
e7f3
e968
eb09
ecc7
eead
f0c7
f31d
f597
f820
faa3
fd28
ffd2
028b
053a
07cc
0a4a
0ca1
0edc
1108
1313
14f0
1692
17f0
1904
19e5
1a8f
1b02
1b20
1aef
1a90
19ee
1912
17ea
1685
14f2
133f
1145
0f18
0ccc
0a76
07f2
0556
029d
ffdd
fd2e
fa87
f7e1
f552
f2ec
f0a3
ee89
ec8f
eac4
e932
e7e3
e6c2
e5d4
e51d
e4bc
e4ae
e4d2
e526
e5be
e6ae
e7e9
e961
eb05
ecc6
eeb0
f0cc
f324
f5a0
f82a
faad
fd31
ffda
0291
053f
07cf
0a4a
0c9e
0ed7
1100
1309
14e4
1686
17e5
18f9
19db
1a86
1afa
1b1a
1aeb
1a8e
19ee
1913
17ed
1689
14f6
1344
114a
0f1d
0cd1
0a7a
07f5
0556
029a
ffd8
fd27
fa7f
f7d8
f548
f2e1
f09a
ee81
ec89
eac0
e930
e7e2
e6c2
e5d5
e51f
e4be
e4b1
e4d6
e529
e5c1
e6b1
e7ec
e963
eb07
ecc8
eeb2
f0cf
f326
f5a3
f82e
fab2
fd37
ffe3
029c
054c
07dd
0a59
0cae
0ee7
1111
131b
14f6
1697
17f5
1909
19eb
1a96
1b09
1b27
1af6
1a98
19f6
191a
17f1
168b
14f6
1342
1147
0f18
0ccb
0a73
07ed
054e
0292
ffd1
fd21
fa79
f7d3
f543
f2de
f097
ee7f
ec88
eabf
e930
e7e3
e6c3
e5d7
e522
e4c2
e4b5
e4d9
e52c
e5c2
e6b0
e7e9
e95f
eb01
ecc0
eea9
f0c5
f31b
f596
f820
faa4
fd29
ffd5
028e
053e
07d0
0a4d
0ca2
0edd
1109
1314
14f1
1693
17f1
1905
19e5
1a90
1b03
1b21
1aef
1a91
19ef
1913
17eb
1685
14f1
133d
1141
0f12
0cc5
0a6c
07e6
0547
028c
ffcc
fd1c
fa76
f7d2
f544
f2e0
f09b
ee84
ec8e
eac6
e938
e7eb
e6cb
e5de
e528
e4c8
e4bb
e4e0
e533
e5cb
e6ba
e7f3
e968
eb09
ecc7
eead
f0c7
f31d
f597
f820
faa3
fd28
ffd2
028b
053a
07cc
0a4a
0ca1
0edc
1108
1313
14f0
1692
17f0
1904
19e5
1a8f
1b02
1b20
1aef
1a90
19ee
1912
17ea
1685
14f2
133f
1145
0f18
0ccc
0a76
07f2
0556
029d
ffdd
fd2e
fa87
f7e1
f552
f2ec
f0a3
ee89
ec8f
eac4
e932
e7e3
e6c2
e5d4
e51d
e4bc
e4ae
e4d2
e526
e5be
e6ae
e7e9
e961
eb05
ecc6
eeb0
f0cc
f324
f5a0
f82a
faad
fd31
ffda
0291
053f
07cf
0a4a
0c9e
0ed7
1100
1309
14e4
1686
17e5
18f9
19db
1a86
1afa
1b1a
1aeb
1a8e
19ee
1913
17ed
1689
14f6
1344
114a
0f1d
0cd1
0a7a
07f5
0556
029a
ffd8
fd27
fa7f
f7d8
f548
f2e1
f09a
ee81
ec89
eac0
e930
e7e2
e6c2
e5d5
e51f
e4be
e4b1
e4d6
e529
e5c1
e6b1
e7ec
e963
eb07
ecc8
eeb2
f0cf
f326
f5a3
f82e
fab2
fd37
ffe3
029c
054c
07dd
0a59
0cae
0ee7
1111
131b
14f6
1697
17f5
1909
19eb
1a96
1b09
1b27
1af6
1a98
19f6
191a
17f1
168b
14f6
1342
1147
0f18
0ccb
0a73
07ed
054e
0292
ffd1
fd21
fa79
f7d3
f543
f2de
f097
ee7f
ec88
eabf
e930
e7e3
e6c3
e5d7
e522
e4c2
e4b5
e4d9
e52c
e5c2
e6b0
e7e9
e95f
eb01
ecc0
eea9
f0c5
f31b
f596
f820
faa4
fd29
ffd5
028e
053e
07d0
0a4d
0ca2
0edd
1109
1314
14f1
1693
17f1
1905
19e5
1a90
1b03
1b21
1aef
1a91
19ef
1913
17eb
1685
14f1
133d
1141
0f12
0cc5
0a6c
07e6
0547
022f
ffd3
fd86
fb41
f8fd
f6cd
f4c0
f2ce
f103
ef55
edce
ec79
eb5c
ea65
e99a
e8fe
e8ab
e8a0
e8c0
e907
e989
ea56
eb63
eca2
ee08
ef86
f127
f2f4
f4f4
f714
f940
fb67
fd90
ffd9
022e
047b
06af
08d2
0ad3
0cbd
0e99
1059
11f2
1359
1485
1571
1632
16c4
1726
1740
1716
16c5
163a
157d
147f
134d
11f4
107f
0ecd
0cf0
0af8
08f7
06cf
0493
023d
ffe2
fd95
fb4f
f90a
f6d9
f4ca
f2d5
f108
ef56
edcd
ec74
eb55
ea5d
e991
e8f4
e8a1
e895
e8b4
e8fc
e97e
ea4c
eb5a
ec9c
ee04
ef85
f129
f2f8
f4fa
f71b
f949
fb70
fd98
ffdf
0233
047f
06b1
08d2
0ad1
0cb8
0e92
1051
11e8
134e
147b
1568
1629
16bc
171f
173b
1713
16c3
163a
157e
1482
1351
11f7
1083
0ed2
0cf4
0afc
08fb
06d2
0493
023b
ffde
fd8f
fb48
f902
f6d0
f4c1
f2cd
f101
ef51
edc9
ec72
eb54
ea5d
e992
e8f6
e8a3
e898
e8b7
e8ff
e981
ea4f
eb5d
ec9e
ee06
ef87
f12b
f2fb
f4fc
f71e
f94c
fb74
fd9d
ffe7
023d
048a
06bd
08df
0ade
0cc6
0ea1
1060
11f7
135d
1489
1575
1637
16ca
172c
1746
171c
16cb
1641
1584
1485
1353
11f7
1082
0ecf
0cf0
0af7
08f5
06cb
048c
0234
ffd8
fd8a
fb43
f8fe
f6cc
f4be
f2cb
f0ff
ef50
edc8
ec72
eb55
ea5e
e994
e8f9
e8a6
e89b
e8ba
e901
e982
ea4e
eb5a
ec9b
ee01
ef80
f123
f2f2
f4f3
f713
f940
fb68
fd91
ffdb
0231
047e
06b2
08d4
0ad4
0cbd
0e9a
105a
11f3
1359
1485
1572
1632
16c5
1727
1741
1716
16c5
163b
157e
1480
134d
11f3
107d
0eca
0ceb
0af2
08ef
06c5
0486
022f
ffd3
fd86
fb41
f8fd
f6cd
f4c0
f2ce
f103
ef55
edce
ec79
eb5c
ea65
e99a
e8fe
e8ab
e8a0
e8c0
e907
e989
ea56
eb63
eca2
ee08
ef86
f127
f2f4
f4f4
f714
f940
fb67
fd90
ffd9
022e
047b
06af
08d2
0ad3
0cbd
0e99
1059
11f2
1359
1485
1571
1632
16c4
1726
1740
1716
16c5
163a
157d
147f
134d
11f4
107f
0ecd
0cf0
0af8
08f7
06cf
0493
023d
ffe2
fd95
fb4f
f90a
f6d9
f4ca
f2d5
f108
ef56
edcd
ec74
eb55
ea5d
e991
e8f4
e8a1
e895
e8b4
e8fc
e97e
ea4c
eb5a
ec9c
ee04
ef85
f129
f2f8
f4fa
f71b
f949
fb70
fd98
ffdf
0233
047f
06b1
08d2
0ad1
0cb8
0e92
1051
11e8
134e
147b
1568
1629
16bc
171f
173b
1713
16c3
163a
157e
1482
1351
11f7
1083
0ed2
0cf4
0afc
08fb
06d2
0493
023b
ffde
fd8f
fb48
f902
f6d0
f4c1
f2cd
f101
ef51
edc9
ec72
eb54
ea5d
e992
e8f6
e8a3
e898
e8b7
e8ff
e981
ea4f
eb5d
ec9e
ee06
ef87
f12b
f2fb
f4fc
f71e
f94c
fb74
fd9d
ffe7
023d
048a
06bd
08df
0ade
0cc6
0ea1
1060
11f7
135d
1489
1575
1637
16ca
172c
1746
171c
16cb
1641
1584
1485
1353
11f7
1082
0ecf
0cf0
0af7
08f5
06cb
048c
0234
ffd8
fd8a
fb43
f8fe
f6cc
f4be
f2cb
f0ff
ef50
edc8
ec72
eb55
ea5e
e994
e8f9
e8a6
e89b
e8ba
e901
e982
ea4e
eb5a
ec9b
ee01
ef80
f123
f2f2
f4f3
f713
f940
fb68
fd91
ffdb
0231
047e
06b2
08d4
0ad4
0cbd
0e9a
105a
11f3
1359
1485
1572
1632
16c5
1727
1741
1716
16c5
163b
157e
1480
134d
11f3
107d
0eca
0ceb
0af2
08ef
06c5
0486
022f
ffd3
fd86
fb41
f8fd
f6cd
f4c0
f2ce
f103
ef55
edce
ec79
eb5c
ea65
e99a
e8fe
e8ab
e8a0
e8c0
e907
e989
ea56
eb63
eca2
ee08
ef86
f127
f2f4
f4f4
f714
f940
fb67
fd90
ffd9
022e
047b
06af
08d2
0ad3
0cbd
0e99
1059
11f2
1359
1485
1571
1632
16c4
1726
1740
1716
16c5
163a
157d
147f
134d
11f4
107f
0ecd
0cf0
0af8
08f7
06cf
0493
023d
ffe2
fd95
fb4f
f90a
f6d9
f4ca
f2d5
f108
ef56
edcd
ec74
eb55
ea5d
e991
e8f4
e8a1
e895
e8b4
e8fc
e97e
ea4c
eb5a
ec9c
ee04
ef85
f129
f2f8
f4fa
f71b
f949
fb70
fd98
ffdf
0233
047f
06b1
08d2
0ad1
0cb8
0e92
1051
11e8
134e
147b
1568
1629
16bc
171f
173b
1713
16c3
163a
157e
1482
1351
11f7
1083
0ed2
0cf4
0afc
08fb
06d2
0493
023b
ffde
fd8f
fb48
f902
f6d0
f4c1
f2cd
f101
ef51
edc9
ec72
eb54
ea5d
e992
e8f6
e8a3
e898
e8b7
e8ff
e981
ea4f
eb5d
ec9e
ee06
ef87
f12b
f2fb
f4fc
f71e
f94c
fb74
fd9d
ffe7
023d
048a
06bd
08df
0ade
0cc6
0ea1
1060
11f7
135d
1489
1575
1637
16ca
172c
1746
171c
16cb
1641
1584
1485
1353
11f7
1082
0ecf
0cf0
0af7
08f5
06cb
048c
0178
ffe5
fe5c
fcd7
fb54
f9dd
f87f
f732
f5ff
f4e0
f3db
f2f7
f239
f194
f10d
f0a6
f06f
f067
f07c
f0ab
f101
f189
f23c
f312
f401
f500
f617
f74c
f8a2
fa0d
fb80
fcf0
fe61
ffe7
0176
02ff
0477
05e3
0738
087e
09bc
0ae7
0bf7
0ce6
0dae
0e4c
0ecc
0f2e
07b7
07c0
07b2
0797
0769
072a
06d5
066f
05fb
057f
04ee
044e
03a6
02fa
0241
0182
00ba
fff1
ff2c
fe6b
fda9
fcef
fc40
fb9a
fb01
fa71
f9ef
f97d
f91e
f8cc
f888
f854
f839
f835
f840
f857
f883
f8c7
f921
f98b
fa02
fa82
fb0d
fba6
fc51
fd06
fdc0
fe77
0000
0000
0000
0000
0000
0000
0000
0000
0000
0000
0000
0000
0000
0000
0000
0000
0000
0000
0000
0000
0000
0000
0000
0000
0000
0000
0000
0000
0000
0000
0000
0000
0000
0000
0000
0000
0000
0000
0000
0000
0000
0000
0000
0000
0000
0000
0000
0000
0000
0000
0000
0000
0000
0000
0000
0000
0000
0000
0000
0000
0000
0000
0000
0000
fd98
ffdf
0233
047f
06b1
08d2
0ad1
0cb8
0e92
1051
11e8
134e
147b
1568
1629
16bc
171f
173b
1713
16c3
163a
157e
1482
1351
11f7
1083
0ed2
0cf4
0afc
08fb
06d2
0493
023b
ffde
fd8f
fb48
f902
f6d0
f4c1
f2cd
f101
ef51
edc9
ec72
eb54
ea5d
e992
e8f6
e8a3
e898
e8b7
e8ff
e981
ea4f
eb5d
ec9e
ee06
ef87
f12b
f2fb
f4fc
f71e
f94c
fb74
fd9d
ffe7
023d
048a
06bd
08df
0ade
0cc6
0ea1
1060
11f7
135d
1489
1575
1637
16ca
172c
1746
171c
16cb
1641
1584
1485
1353
11f7
1082
0ecf
0cf0
0af7
08f5
06cb
048c
0234
ffd8
fd8a
fb43
f8fe
f6cc
f4be
f2cb
f0ff
ef50
edc8
ec72
eb55
ea5e
e994
e8f9
e8a6
e89b
e8ba
e901
e982
ea4e
eb5a
ec9b
ee01
ef80
f123
f2f2
f4f3
f713
f940
fb68
fd91
ffdb
0231
047e
06b2
08d4
0ad4
0cbd
0e9a
105a
11f3
1359
1485
1572
1632
16c5
1727
1741
1716
16c5
163b
157e
1480
134d
11f3
107d
0eca
0ceb
0af2
08ef
06c5
0486
022f
ffd3
fd86
fb41
f8fd
f6cd
f4c0
f2ce
f103
ef55
edce
ec79
eb5c
ea65
e99a
e8fe
e8ab
e8a0
e8c0
e907
e989
ea56
eb63
eca2
ee08
ef86
f127
f2f4
f4f4
f714
f940
fb67
fd90
ffd9
022e
047b
06af
08d2
0ad3
0cbd
0e99
1059
11f2
1359
1485
1571
1632
16c4
1726
1740
1716
16c5
163a
157d
147f
134d
11f4
107f
0ecd
0cf0
0af8
08f7
06cf
0493
023d
ffe2
fd95
fb4f
f90a
f6d9
f4ca
f2d5
f108
ef56
edcd
ec74
eb55
ea5d
e991
e8f4
e8a1
e895
e8b4
e8fc
e97e
ea4c
eb5a
ec9c
ee04
ef85
f129
f2f8
f4fa
f71b
f949
fb70
fd98
ffdf
0233
047f
06b1
08d2
0ad1
0cb8
0e92
1051
11e8
134e
147b
1568
1629
16bc
171f
173b
1713
16c3
163a
157e
1482
1351
11f7
1083
0ed2
0cf4
0afc
08fb
06d2
0493
023b
ffde
fd8f
fb48
f902
f6d0
f4c1
f2cd
f101
ef51
edc9
ec72
eb54
ea5d
e992
e8f6
e8a3
e898
e8b7
e8ff
e981
ea4f
eb5d
ec9e
ee06
ef87
f12b
f2fb
f4fc
f71e
f94c
fb74
fd9d
ffe7
023d
048a
06bd
08df
0ade
0cc6
0ea1
1060
11f7
135d
1489
1575
1637
16ca
172c
1746
171c
16cb
1641
1584
1485
1353
11f7
1082
0ecf
0cf0
0af7
08f5
06cb
048c
0234
ffd8
fd8a
fb43
f8fe
f6cc
f4be
f2cb
f0ff
ef50
edc8
ec72
eb55
ea5e
e994
e8f9
e8a6
e89b
e8ba
e901
e982
ea4e
eb5a
ec9b
ee01
ef80
f123
f2f2
f4f3
f713
f940
fb68
fd91
ffdb
0231
047e
06b2
08d4
0ad4
0cbd
0e9a
105a
11f3
1359
1485
1572
1632
16c5
1727
1741
1716
16c5
163b
157e
1480
134d
11f3
107d
0eca
0ceb
0af2
08ef
06c5
0486
022f
ffd3
fd86
fb41
f8fd
f6cd
f4c0
f2ce
f103
ef55
edce
ec79
eb5c
ea65
e99a
e8fe
e8ab
e8a0
e8c0
e907
e989
ea56
eb63
eca2
ee08
ef86
f127
f2f4
f4f4
f714
f940
fb67
fdf8
ffdf
01d1
03bc
0592
0759
0905
0a9d
0c2a
0da0
0ef4
101f
1119
11de
127f
12f8
134a
1360
133d
12f9
1285
11e8
1115
1016
0ef6
0dbf
0c56
0ac8
0924
0779
05ad
03d0
01de
ffe7
fdfc
fc17
fa33
f85f
f6a8
f507
f386
f21d
f0d5
efb6
eec7
edf8
ed4e
eccb
f450
f44a
f45a
f47e
f4bf
f526
f5ad
f64e
f702
f7c2
f894
f97c
fa7d
fb8d
fca4
fdb8
fecc
ffef
0119
023f
0358
0469
0568
065c
0749
0828
08f4
09a7
0a3d
0ab4
0b14
0b5e
0b8f
0b9d
0b89
0b61
0b1d
0abf
0a41
09a8
08fb
0841
0769
067a
057e
047d
0369
0249
005f
fffa
ff97
ff36
fed5
fe78
fe20
fdcc
fd80
fd38
fcf6
fcbd
fc8e
fc64
fc43
fc29
fc1b
fc19
fc1e
fc2a
fc40
fc62
fc8f
fcc5
fd01
fd41
fd87
fdd4
fe2a
fe85
fee2
ff3e
ff9a
fffb
005f
00c1
011f
017a
01cf
0221
0270
02ba
02fe
033a
036c
0393
03b3
03cc
0000
0000
0000
0000
0000
0000
0000
0000
0000
0000
0000
0000
0000
0000
0000
0000
0000
0000
0000
0000
0000
0000
0000
0000
0000
0000
0000
0000
0000
0000
0000
0000
0000
0000
0000
0000
0000
0000
0000
0000
0000
0000
0000
0000
0000
0000
0000
0000
0000
0000
0000
0000
0000
0000
0000
0000
0000
0000
0000
0000
0000
0000
0000
0000
0000
0000
0000
0000
0000
0000
0000
0000
0000
0000
0000
0000
0000
0000
0000
0000
0000
0000
0000
0000
0000
0000
0000
0000
0000
0000
0000
0000
0000
0000
0000
0000
0000
0000
0000
0000
0000
0000
0000
0000
0000
0000
0000
0000
0000
0000
0000
0000
0000
0000
0000
0000
0000
0000
0000
0000
0000
0000
0000
0000
0000
0000
0000
0000
0000
0000
0000
0000
0000
0000
0000
0000
0000
0000
0000
0000
0000
0000
0000
0000
0000
0000
0000
0000
0000
0000
0000
0000
0000
0000
0000
0000
0000
0000
0000
0000
0000
0000
0000
0000
0000
0000
0000
0000
0000
0000
0000
0000
0000
0000
0000
0000
0000
0000
0000
0000
0000
0000
0000
0000
0000
0000
0000
0000
0000
0000
0000
0000
0000
0000
0000
0000
0000
0000
0000
0000
0000
0000
0000
0000
0000
0000
0000
0000
0000
0000
0000
0000
0000
0000
0000
0000
0000
0000
0000
0000
0000
0000
0000
0000
0000
0000
0000
0000
0000
0000
0000
0000
0000
0000
0000
0000
0000
0000
0000
0000
0000
0000
0000
0000
0000
0000
0000
0000
0000
0000
0000
0000
0000
0000
0000
0000
0000
0000
0000
0000
0000
0000
0000
0000
0000
0000
0000
0000
0000
0000
0000
0000
0000
0000
0000
0000
0000
0000
0000
0000
0000
0000
0000
0000
0000
0000
0000
0000
0000
0000
0000
0000
0000
0000
0000
0000
0000
0000
0000
0000
0000
0000
0000
0000
0000
0000
0000
0000
0000
0000
0000
0000
0000
0000
0000
0000
0000
0000
0000
0000
0000
0000
0000
0000
0000
0000
0000
0000
0000
0000
0000
0000
0000
0000
0000
0000
0000
0000
0000
0000
0000
0000
0000
0000
0000
0000
0000
0000
0000
0000
0000
0000
0000
0000
0000
0000
0000
0000
0000
0000
0000
0000
0000
0000
0000
0000
0000
0000
0000
0000
0000
0000
0000
0000
0000
0000
0000
0000
0000
0000
0000
0000
0000
0000
0000
0000
0000
0000
0000
0000
0000
0000
0000
0000
0000
0000
0000
0000
0000
0000
0000
0000
0000
0000
0000
0000
0000
0000
0000
0000
0000
0000
0000
0000
0000
0000
0000
0000
0000
0000
0000
0000
0000
0000
0000
0000
0000
0000
0000
0000
0000
0000
0000
0000
0000
0000
0000
0000
0000
0000
0000
0000
0000
0000
0000
0000
0000
0000
0000
0000
0000
0000
0000
0000
0000
0000
0000
0000
0000
0000
0000
0000
0000
0000
0000
0000
0000
0000
0000
0000
0000
0000
0000
0000
0000
0000
0000
0000
0000
0000
0000
0000
0000
0000
0000
0000
0000
0000
0000
0000
0000
0000
0000
0000
0000
0000
0000
0000
0000
0000
0000
0000
0000
0000
0000
0000
0000
0000
0000
0000
0000
0000
0000
0000
0000
0000
0000
0000
0000
0000
0000
0000
0000
0000
0000
0000
0000
0000
0000
0000
0000
0000
0000
0000
0000
0000
0000
0000
0000
0000
0000
0000
0000
0000
0000
0000
0000
0000
0000
0000
0000
0000
0000
0000
0000
0000
0000
0000
0000
0000
f9eb
ffa4
057a
0b3c
10be
1613
1b13
1fda
2481
28e2
2ce0
3060
334e
359d
377e
38ec
39e2
3a23
39b8
38ee
3793
35bb
3341
3042
2ce0
293a
24fa
204c
1b5d
1656
10ed
0b50
0576
ff91
f9cf
f422
ee79
e900
e3e1
df03
da89
d655
d284
cf2f
cc66
c9fd
c801
c67b
c990
c976
c9c0
ca66
cb96
cd74
cfe7
d2d0
d613
d98e
dd5b
e18f
e63a
eb2f
f041
f546
fa50
ffa5
0516
0a75
0f99
1495
1942
1db9
2210
2626
29e0
2d25
2fe1
3208
33ca
351f
3604
3641
35de
3521
33dd
3224
2fd4
2d0a
29e4
267e
228a
1e30
1998
14ec
0fe4
0aad
04db
ffc0
fac3
f5d6
f0ec
ec2b
e7b6
e379
df91
dbe6
d891
d5a7
d339
d11f
cf65
ce11
cd5d
cd43
cd87
ce22
cf3c
d0fb
d344
d5fd
d909
dc4b
dfd9
e3c5
e81e
ecbc
f173
f61d
fac9
ffba
04c4
09be
0e81
131c
176f
1b8f
1f92
235b
26cd
29d4
2c60
2e61
3005
3143
2e3f
2e77
2e26
2d87
2c74
2afd
2905
26a3
23ef
2107
1da4
19e9
15f9
11f7
0da4
0927
0477
ffbc
fb1e
f691
f205
eda0
e983
e59a
e203
dea3
db92
d8e5
d6a9
d4ba
d324
d1ec
d147
d130
d16f
d1fe
d303
d49e
d6ba
d93d
dc0d
df0f
e257
e5f6
e9f9
ee3c
f298
f6e8
fb3b
ffce
047a
0915
0d7b
11be
15bd
198d
1d43
20c1
23ef
26bb
2913
2aeb
2c6e
2d94
2e59
2e8d
2e39
2d97
2c82
2b08
290b
26a6
23ef
2104
1d9e
19e1
15ee
11eb
0d96
0919
0469
ffb0
fb14
f686
f1fc
ed98
e97d
e596
e1fe
dea0
db91
d8e5
d6ab
d4bd
d328
d1f2
d531
d51c
d556
d5d7
d6c4
d83a
da26
dc71
df02
e1c1
e4c0
e811
ebbd
efa3
f3a1
f794
fb8a
ffbc
0404
083d
0c47
1030
13db
175b
1ac5
1dfb
20e8
2379
259f
2751
28b2
29be
2a72
2aa2
2a54
29bf
28c1
2767
2596
2363
20e8
1e3b
1b1e
17af
1411
1061
0c69
084c
03a4
ffb6
fbdf
f817
f450
f0ab
ed41
ea02
e706
e438
e1ad
df74
dd99
dbfe
daab
d9a7
d91e
d90b
d940
d9b6
da90
dbe5
dda5
dfb9
e20d
e48a
e741
ea41
ed97
f121
f4c1
f856
fbf0
ffbf
03a2
0778
0b24
0eb3
120a
153b
1854
1b40
1de9
203f
2233
23bc
24fe
25f1
2695
26c1
267a
25f3
250b
23d0
222a
202c
1dec
1b7e
18ac
1590
1248
0ef2
0b5a
07a0
035c
ffd4
fc5f
f8f6
f590
f245
ef2f
ec40
e98c
e702
e4b3
e2af
e100
df8b
de59
dd6e
dcf1
dcdf
dd0f
dd7a
de3d
df73
e108
e2ea
e506
e747
e9bd
ec75
ef77
f2a9
f5ed
f928
fc64
ffcf
034c
06be
0a0a
0d3b
1039
1314
15db
187a
1add
1cf5
1eb8
201c
213e
221b
22af
22d9
229c
2225
2157
203e
1ec4
1cfa
1af3
18c5
163b
136e
107a
0d79
0a3b
06dd
0359
ffcd
fc56
f8ec
f583
f238
ef22
ec33
e982
e6fa
e4ad
e2ab
e0ff
df8b
de5b
dd71
dcf5
dce4
dd13
dd7e
de42
df76
e10b
e2ee
e50a
e74b
e9c1
ec78
ef7b
f2ad
f5f2
f92e
fcd2
ffdf
02fc
060e
08fd
0bd4
0e7e
1109
1382
15d6
17f5
19d2
1b62
1c9d
1d9f
1e63
1ee6
1f09
1ed1
1e65
1dac
1cb0
1b5d
19c4
17f5
1603
13bf
1141
0e9f
0bf2
090f
0611
02f1
ffcb
fcb8
f9af
f6a8
f3bb
f0fe
ee64
ebff
e9c0
e7b6
e5ee
e472
e329
e21b
e14c
e0de
e0cf
e0f9
e157
e203
e313
e479
e624
e802
ea01
ec2f
ee98
f144
f41a
f701
f9e0
fcc2
ffcf
02ec
05fe
08ee
0bc6
0e71
10fd
1378
15ce
17ef
19cd
1b5d
1c98
1d99
1e5c
1edf
1f02
1ec9
1e5d
1da4
1ca8
1b56
19bd
17ef
15fd
13b9
113a
0e98
0bea
0907
0609
02ea
ffc5
fcb3
f9ac
f6a7
f3bc
f101
ee68
ec05
e9c7
e7be
e5f7
e47b
e332
e223
e153
e0e5
e0d6
e100
e15f
e20d
e31e
e484
e62e
e80b
ea08
ec34
ee9b
f146
f41b
f701
f9df
fcc0
ffcc
02e8
05fa
08ea
0bc3
0e6f
10fc
1377
15cd
17ee
19cc
1b5c
1c97
1d98
1e5b
1ede
1f01
1ec8
1e5c
1da3
1ca7
1b55
19bd
17f0
15ff
13bd
1140
0ea0
0bf5
0915
061a
02fd
ffd9
fcc7
f9bf
f6b9
f3cc
f10e
ee72
ec0b
e9c9
e7bc
e5f1
e472
e327
e217
e146
e0d7
e0c7
e0f1
e150
e1fe
e311
e479
e626
e806
ea07
ec37
eea1
f14e
f425
f70c
f9eb
fccb
ffd5
02ef
05ff
08ed
0bc3
0e6c
10f6
136e
15c2
17e1
19be
1b4f
1c8b
1d8d
1e51
1ed5
1efa
1ec4
1e5a
1da3
1ca9
1b59
19c2
17f5
1605
13c3
1146
0ea6
0bfa
0918
061a
02fa
ffd3
fcbf
f9b6
f6ae
f3c0
f102
ee67
ec02
e9c2
e7b7
e5ee
e471
e327
e218
e148
e0da
e0cb
e0f5
e154
e202
e314
e47c
e629
e809
ea0a
ec3a
eea4
f151
f428
f710
f9f0
fcd2
ffdf
02fc
060e
08fd
0bd4
0e7e
1109
1382
15d6
17f5
19d2
1b62
1c9d
1d9f
1e63
1ee6
1f09
1ed1
1e65
1dac
1cb0
1b5d
19c4
17f5
1603
13bf
1141
0e9f
0bf2
090f
0611
02f1
ffcb
fcb8
f9af
f6a8
f3bb
f0fe
ee64
ebff
e9c0
e7b6
e5ee
e472
e329
e21b
e14c
e0de
e0cf
e0f9
e157
e203
e313
e479
e624
e802
ea01
ec2f
ee98
f144
f41a
f701
f9e0
fcc2
ffcf
02ec
05fe
08ee
0bc6
0e71
10fd
1378
15ce
17ef
19cd
1b5d
1c98
1d99
1e5c
1edf
1f02
1ec9
1e5d
1da4
1ca8
1b56
19bd
17ef
15fd
13b9
113a
0e98
0bea
0907
0609
02ea
ffc5
fcb3
f9ac
f6a7
f3bc
f101
ee68
ec05
e9c7
e7be
e5f7
e47b
e332
e223
e153
e0e5
e0d6
e100
e15f
e20d
e31e
e484
e62e
e80b
ea08
ec34
ee9b
f146
f41b
f701
f9df
fcc0
ffcc
02e8
05fa
08ea
0bc3
0e6f
10fc
1377
15cd
17ee
19cc
1b5c
1c97
1d98
1e5b
1ede
1f01
1ec8
1e5c
1da3
1ca7
1b55
19bd
17f0
15ff
13bd
1140
0ea0
0bf5
0915
061a
02fd
ffd9
fcc7
f9bf
f6b9
f3cc
f10e
ee72
ec0b
e9c9
e7bc
e5f1
e472
e327
e217
e146
e0d7
e0c7
e0f1
e150
e1fe
e311
e479
e626
e806
ea07
ec37
eea1
f14e
f425
f70c
f9eb
fccb
ffd5
02ef
05ff
08ed
0bc3
0e6c
10f6
136e
15c2
17e1
19be
1b4f
1c8b
1d8d
1e51
1ed5
1efa
1ec4
1e5a
1da3
1ca9
1b59
19c2
17f5
1605
13c3
1146
0ea6
0bfa
0918
061a
02fa
ffd3
fcbf
f9b6
f6ae
f3c0
f102
ee67
ec02
e9c2
e7b7
e5ee
e471
e327
e218
e148
e0da
e0cb
e0f5
e154
e202
e314
e47c
e629
e809
ea0a
ec3a
eea4
f151
f428
f710
f9f0
fcd2
ffdf
02fc
060e
08fd
0bd4
0e7e
1109
1382
15d6
17f5
19d2
1b62
1c9d
1d9f
1e63
1ee6
1f09
1ed1
1e65
1dac
1cb0
1b5d
19c4
17f5
1603
13bf
1141
0e9f
0bf2
090f
0611
02f1
ffcb
fcb8
f9af
f6a8
f3bb
f0fe
ee64
ebff
e9c0
e7b6
e5ee
e472
e329
e21b
e14c
e0de
e0cf
e0f9
e157
e203
e313
e479
e624
e802
ea01
ec2f
ee98
f144
f41a
f701
f9e0
fcc2
ffcf
02ec
05fe
08ee
0bc6
0e71
10fd
1378
15ce
17ef
19cd
1b5d
1c98
1d99
1e5c
1edf
1f02
1ec9
1e5d
1da4
1ca8
1b56
19bd
17ef
15fd
13b9
113a
0e98
0bea
0907
0609
02ea
ffc5
fcb3
f9ac
f6a7
f3bc
f101
ee68
ec05
e9c7
e7be
e5f7
e47b
e332
e223
e153
e0e5
e0d6
e100
e15f
e20d
e31e
e484
e62e
e80b
ea08
ec34
ee9b
f146
f41b
f701
f9df
fcc0
ffcc
02e8
05fa
08ea
0bc3
0e6f
10fc
1377
15cd
17ee
19cc
1b5c
1c97
1d98
1e5b
1ede
1f01
1ec8
1e5c
1da3
1ca7
1b55
19bd
17f0
15ff
13bd
1140
0ea0
0bf5
0915
061a
02fd
ffd9
fcc7
f9bf
f6b9
f3cc
f10e
ee72
ec0b
e9c9
e7bc
e5f1
e472
e327
e217
e146
e0d7
e0c7
e0f1
e150
e1fe
e311
e479
e626
e806
ea07
ec37
eea1
f14e
f425
f70c
f9eb
fccb
ffd5
02ef
05ff
08ed
0bc3
0e6c
10f6
136e
15c2
17e1
19be
1b4f
1c8b
1d8d
1e51
1ed5
1efa
1ec4
1e5a
1da3
1ca9
1b59
19c2
17f5
1605
13c3
1146
0ea6
0bfa
0918
061a
02fa
ffd3
fcbf
f9b6
f6ae
f3c0
f102
ee67
ec02
e9c2
e7b7
e5ee
e471
e327
e218
e148
e0da
e0cb
e0f5
e154
e202
e314
e47c
e629
e809
ea0a
ec3a
eea4
f151
f428
f710
f9f0
fcd2
ffdf
02fc
060e
08fd
0bd4
0e7e
1109
1382
15d6
17f5
19d2
1b62
1c9d
1d9f
1e63
1ee6
1f09
1ed1
1e65
1dac
1cb0
1b5d
19c4
17f5
1603
13bf
1141
0e9f
0bf2
090f
0611
02f1
ffcb
fcb8
f9af
f6a8
f3bb
f0fe
ee64
ebff
e9c0
e7b6
e5ee
e472
e329
e21b
e14c
e0de
e0cf
e0f9
e157
e203
e313
e479
e624
e802
ea01
ec2f
ee98
f144
f41a
f701
f9e0
fcc2
ffcf
02ec
05fe
08ee
0bc6
0e71
10fd
1378
15ce
17ef
19cd
1b5d
1c98
1d99
1e5c
1edf
1f02
1ec9
1e5d
1da4
1ca8
1b56
19bd
17ef
15fd
13b9
113a
0e98
0bea
0907
0609
02ea
ffc5
fcb3
f9ac
f6a7
f3bc
f101
ee68
ec05
e9c7
e7be
e5f7
e47b
e332
e223
e153
e0e5
e0d6
e100
e15f
e20d
e31e
e484
e62e
e80b
ea08
ec34
ee9b
f146
f41b
f701
f9df
fcc0
ffcc
02e8
05fa
08ea
0bc3
0e6f
10fc
1377
15cd
17ee
19cc
1b5c
1c97
1d98
1e5b
1ede
1f01
1ec8
1e5c
1da3
1ca7
1b55
19bd
17f0
15ff
13bd
1140
0ea0
0bf5
0915
061a
02fd
ffd9
fcc7
f9bf
f6b9
f3cc
f10e
ee72
ec0b
e9c9
e7bc
e5f1
e472
e327
e217
e146
e0d7
e0c7
e0f1
e150
e1fe
e311
e479
e626
e806
ea07
ec37
eea1
f14e
f425
f70c
f9eb
fccb
ffd5
02ef
05ff
08ed
0bc3
0e6c
10f6
136e
15c2
17e1
19be
1b4f
1c8b
1d8d
1e51
1ed5
1efa
1ec4
1e5a
1da3
1ca9
1b59
19c2
17f5
1605
13c3
1146
0ea6
0bfa
0918
061a
02fa
ffd3
fcbf
f9b6
f6ae
f3c0
f102
ee67
ec02
e9c2
e7b7
e5ee
e471
e327
e218
e148
e0da
e0cb
e0f5
e154
e202
e314
e47c
e629
e809
ea0a
ec3a
eea4
f151
f428
f710
f9f0
fcd2
ffdf
02fc
060e
08fd
0bd4
0e7e
1109
1382
15d6
17f5
19d2
1b62
1c9d
1d9f
1e63
1ee6
1f09
1ed1
1e65
1dac
1cb0
1b5d
19c4
17f5
1603
13bf
1141
0e9f
0bf2
090f
0611
02f1
ffcb
fcb8
f9af
f6a8
f3bb
f0fe
ee64
ebff
e9c0
e7b6
e5ee
e472
e329
e21b
e14c
e0de
e0cf
e0f9
e157
e203
e313
e479
e624
e802
ea01
ec2f
ee98
f144
f41a
f701
f9e0
fcc2
ffcf
02ec
05fe
08ee
0bc6
0e71
10fd
1378
15ce
17ef
19cd
1b5d
1c98
1d99
1e5c
1edf
1f02
1ec9
1e5d
1da4
1ca8
1b56
19bd
17ef
15fd
13b9
113a
0e98
0bea
0907
0609
02ea
ffc5
fcb3
f9ac
f6a7
f3bc
f101
ee68
ec05
e9c7
e7be
e5f7
e47b
e332
e223
e153
e0e5
e0d6
e100
e15f
e20d
e31e
e484
e62e
e80b
ea08
ec34
ee9b
f146
f41b
f701
f9df
fcc0
ffcc
02e8
05fa
08ea
0bc3
0e6f
10fc
1377
15cd
17ee
19cc
1b5c
1c97
1d98
1e5b
1ede
1f01
1ec8
1e5c
1da3
1ca7
1b55
19bd
17f0
15ff
13bd
1140
0ea0
0bf5
0915
061a
02fd
ffd9
fcc7
f9bf
f6b9
f3cc
f10e
ee72
ec0b
e9c9
e7bc
e5f1
e472
e327
e217
e146
e0d7
e0c7
e0f1
e150
e1fe
e311
e479
e626
e806
ea07
ec37
eea1
f14e
f425
f70c
f9eb
fccb
ffd5
02ef
05ff
08ed
0bc3
0e6c
10f6
136e
15c2
17e1
19be
1b4f
1c8b
1d8d
1e51
1ed5
1efa
1ec4
1e5a
1da3
1ca9
1b59
19c2
17f5
1605
13c3
1146
0ea6
0bfa
0918
061a
02fa
ffd3
fcbf
f9b6
f6ae
f3c0
f102
ee67
ec02
e9c2
e7b7
e5ee
e471
e327
e218
e148
e0da
e0cb
e0f5
e154
e202
e314
e47c
e629
e809
ea0a
ec3a
eea4
f151
f428
f710
f9f0
fcd2
ffdf
02fc
060e
08fd
0bd4
0e7e
1109
1382
15d6
17f5
19d2
1b62
1c9d
1d9f
1e63
1ee6
1f09
1ed1
1e65
1dac
1cb0
1b5d
19c4
17f5
1603
13bf
1141
0e9f
0bf2
090f
0611
02f1
ffcb
fcb8
f9af
f6a8
f3bb
f0fe
ee64
ebff
e9c0
e7b6
e5ee
e472
e329
e21b
e14c
e0de
e0cf
e0f9
e157
e203
e313
e479
e624
e802
ea01
ec2f
ee98
f144
f41a
f701
f9e0
fcc2
ffcf
02ec
05fe
08ee
0bc6
0e71
10fd
1378
15ce
17ef
19cd
1b5d
1c98
1d99
1e5c
1edf
1f02
1ec9
1e5d
1da4
1ca8
1b56
19bd
17ef
15fd
13b9
113a
0e98
0bea
0907
0609
02ea
ffc5
fcb3
f9ac
f6a7
f3bc
f101
ee68
ec05
e9c7
e7be
e5f7
e47b
e332
e223
e153
e4c8
e4bb
e4e0
e533
e5cb
e6ba
e7f3
e968
eb09
ecc7
eead
f0c7
f31d
f597
f820
faa3
fd28
ffd2
028b
053a
07cc
0a4a
0ca1
0edc
1108
1313
14f0
1692
17f0
1904
19e5
1a8f
1b02
1b20
1aef
1a90
19ee
1912
17ea
1685
14f2
133f
1145
0f18
0ccc
0a76
07f2
0556
029d
ffdd
fd2e
fa87
f7e1
f552
f2ec
f0a3
ee89
ec8f
eac4
e932
e7e3
e6c2
e5d4
e51d
e4bc
e4ae
e4d2
e526
e5be
e6ae
e7e9
e961
eb05
ecc6
eeb0
f0cc
f324
f5a0
f82a
faad
fd31
ffda
0291
053f
07cf
0a4a
0c9e
0ed7
1100
1309
14e4
1686
17e5
18f9
19db
1a86
1afa
1b1a
1aeb
1a8e
19ee
1913
17ed
1689
14f6
1344
114a
0f1d
0cd1
0a7a
07f5
0556
029a
ffd8
fd27
fa7f
f7d8
f548
f2e1
f09a
ee81
ec89
eac0
e930
e7e2
e6c2
e5d5
e51f
e4be
e4b1
e4d6
e529
e5c1
e6b1
e7ec
e963
eb07
ecc8
eeb2
f0cf
f326
f5a3
f82e
fab2
fd37
ffe3
029c
054c
07dd
0a59
0cae
0ee7
1111
131b
14f6
1697
17f5
1909
19eb
1a96
1b09
1b27
1af6
1a98
19f6
191a
17f1
168b
14f6
1342
1147
0f18
0ccb
0a73
07ed
054e
0292
ffd1
fd21
fa79
f7d3
f543
f2de
f097
ee7f
ec88
eabf
e930
e7e3
e6c3
e5d7
e522
e4c2
e4b5
e4d9
e52c
e5c2
e6b0
e7e9
e95f
eb01
ecc0
eea9
f0c5
f31b
f596
f820
faa4
fd29
ffd5
028e
053e
07d0
0a4d
0ca2
0edd
1109
1314
14f1
1693
17f1
1905
19e5
1a90
1b03
1b21
1aef
1a91
19ef
1913
17eb
1685
14f1
133d
1141
0f12
0cc5
0a6c
07e6
0547
028c
ffcc
fd1c
fa76
f7d2
f544
f2e0
f09b
ee84
ec8e
eac6
e938
e7eb
e6cb
e5de
e528
e4c8
e4bb
e4e0
e533
e5cb
e6ba
e7f3
e968
eb09
ecc7
eead
f0c7
f31d
f597
f820
faa3
fd28
ffd2
028b
053a
07cc
0a4a
0ca1
0edc
1108
1313
14f0
1692
17f0
1904
19e5
1a8f
1b02
1b20
1aef
1a90
19ee
1912
17ea
1685
14f2
133f
1145
0f18
0ccc
0a76
07f2
0556
029d
ffdd
fd2e
fa87
f7e1
f552
f2ec
f0a3
ee89
ec8f
eac4
e932
e7e3
e6c2
e5d4
e51d
e4bc
e4ae
e4d2
e526
e5be
e6ae
e7e9
e961
eb05
ecc6
eeb0
f0cc
f324
f5a0
f82a
faad
fd31
ffda
0291
053f
07cf
0a4a
0c9e
0ed7
1100
1309
14e4
1686
17e5
18f9
19db
1a86
1afa
1b1a
1aeb
1a8e
19ee
1913
17ed
1689
14f6
1344
114a
0f1d
0cd1
0a7a
07f5
0556
029a
ffd8
fd27
fa7f
f7d8
f548
f2e1
f09a
ee81
ec89
eac0
e930
e7e2
e6c2
e5d5
e51f
e4be
e4b1
e4d6
e529
e5c1
e6b1
e7ec
e963
eb07
ecc8
eeb2
f0cf
f326
f5a3
f82e
fab2
fd37
ffe3
029c
054c
07dd
0a59
0cae
0ee7
1111
131b
14f6
1697
17f5
1909
19eb
1a96
1b09
1b27
1af6
1a98
19f6
191a
17f1
168b
14f6
1342
1147
0f18
0ccb
0a73
07ed
054e
0292
ffd1
fd21
fa79
f7d3
f543
f2de
f097
ee7f
ec88
eabf
e930
e7e3
e6c3
e5d7
e522
e4c2
e4b5
e4d9
e52c
e5c2
e6b0
e7e9
e95f
eb01
ecc0
eea9
f0c5
f31b
f596
f820
faa4
fd29
ffd5
028e
053e
07d0
0a4d
0ca2
0edd
1109
1314
14f1
1693
17f1
1905
19e5
1a90
1b03
1b21
1aef
1a91
19ef
1913
17eb
1685
14f1
133d
1141
0f12
0cc5
0a6c
07e6
0547
028c
ffcc
fd1c
fa76
f7d2
f544
f2e0
f09b
ee84
ec8e
eac6
e938
e7eb
e6cb
e5de
e528
e4c8
e4bb
e4e0
e533
e5cb
e6ba
e7f3
e968
eb09
ecc7
eead
f0c7
f31d
f597
f820
faa3
fd28
ffd2
028b
053a
07cc
0a4a
0ca1
0edc
1108
1313
14f0
1692
17f0
1904
19e5
1a8f
1b02
1b20
1aef
1a90
19ee
1912
17ea
1685
14f2
133f
1145
0f18
0ccc
0a76
07f2
0556
029d
ffdd
fd2e
fa87
f7e1
f552
f2ec
f0a3
ee89
ec8f
eac4
e932
e7e3
e6c2
e5d4
e51d
e4bc
e4ae
e4d2
e526
e5be
e6ae
e7e9
e961
eb05
ecc6
eeb0
f0cc
f324
f5a0
f82a
faad
fd31
ffda
0291
053f
07cf
0a4a
0c9e
0ed7
1100
1309
14e4
1686
17e5
18f9
19db
1a86
1afa
1b1a
1aeb
1a8e
19ee
1913
17ed
1689
14f6
1344
114a
0f1d
0cd1
0a7a
07f5
0556
029a
ffd8
fd27
fa7f
f7d8
f548
f2e1
f09a
ee81
ec89
eac0
e930
e7e2
e6c2
e5d5
e51f
e4be
e4b1
e4d6
e529
e5c1
e6b1
e7ec
e963
eb07
ecc8
eeb2
f0cf
f326
f5a3
f82e
fab2
fd37
ffe3
029c
054c
07dd
0a59
0cae
0ee7
1111
131b
14f6
1697
17f5
1909
19eb
1a96
1b09
1b27
1af6
1a98
19f6
191a
17f1
168b
14f6
1342
1147
0f18
0ccb
0a73
07ed
054e
0292
ffd1
fd21
fa79
f7d3
f543
f2de
f097
ee7f
ec88
eabf
e930
e7e3
e6c3
e5d7
e522
e4c2
e4b5
e4d9
e52c
e5c2
e6b0
e7e9
e95f
eb01
ecc0
eea9
f0c5
f31b
f596
f820
faa4
fd29
ffd5
028e
053e
07d0
0a4d
0ca2
0edd
1109
1314
14f1
1693
17f1
1905
19e5
1a90
1b03
1b21
1aef
1a91
19ef
1913
17eb
1685
14f1
133d
1141
0f12
0cc5
0a6c
07e6
0547
028c
ffcc
fd1c
fa76
f7d2
f544
f2e0
f09b
ee84
ec8e
eac6
e938
e7eb
e6cb
e5de
e528
e4c8
e4bb
e4e0
e533
e5cb
e6ba
e7f3
e968
eb09
ecc7
eead
f0c7
f31d
f597
f820
faa3
fd28
ffd2
028b
053a
07cc
0a4a
0ca1
0edc
1108
1313
14f0
1692
17f0
1904
19e5
1a8f
1b02
1b20
1aef
1a90
19ee
1912
17ea
1685
14f2
133f
1145
0f18
0ccc
0a76
07f2
0556
029d
ffdd
fd2e
fa87
f7e1
f552
f2ec
f0a3
ee89
ec8f
eac4
e932
e7e3
e6c2
e5d4
e51d
e4bc
e4ae
e4d2
e526
e5be
e6ae
e7e9
e961
eb05
ecc6
eeb0
f0cc
f324
f5a0
f82a
faad
fd31
ffda
0291
053f
07cf
0a4a
0c9e
0ed7
1100
1309
14e4
1686
17e5
18f9
19db
1a86
1afa
1b1a
1aeb
1a8e
19ee
1913
17ed
1689
14f6
1344
114a
0f1d
0cd1
0a7a
07f5
0556
029a
ffd8
fd27
fa7f
f7d8
f548
f2e1
f09a
ee81
ec89
eac0
e930
e7e2
e6c2
e5d5
e51f
e4be
e4b1
e4d6
e529
e5c1
e6b1
e7ec
e963
eb07
ecc8
eeb2
f0cf
f326
f5a3
f82e
fab2
fd37
ffe3
029c
054c
07dd
0a59
0cae
0ee7
1111
131b
14f6
1697
17f5
1909
19eb
1a96
1b09
1b27
1af6
1a98
19f6
191a
17f1
168b
14f6
1342
1147
0f18
0ccb
0a73
07ed
054e
0292
ffd1
fd21
fa79
f7d3
f543
f2de
f097
ee7f
ec88
eabf
e930
e7e3
e6c3
e5d7
e522
e4c2
e4b5
e4d9
e52c
e5c2
e6b0
e7e9
e95f
eb01
ecc0
eea9
f0c5
f31b
f596
f820
faa4
fd29
ffd5
028e
053e
07d0
0a4d
0ca2
0edd
1109
1314
14f1
1693
17f1
1905
19e5
1a90
1b03
1b21
1aef
1a91
19ef
1913
17eb
1685
14f1
133d
1141
0f12
0cc5
0a6c
07e6
0547
028c
ffcc
fd1c
fa76
f7d2
f544
f2e0
f09b
ee84
ec8e
eac6
e938
e7eb
e6cb
e5de
e528
e4c8
e4bb
e4e0
e533
e5cb
e6ba
e7f3
e968
eb09
ecc7
eead
f0c7
f31d
f597
f820
faa3
fd28
ffd2
028b
053a
07cc
0a4a
0ca1
0edc
1108
1313
14f0
1692
17f0
1904
19e5
1a8f
1b02
1b20
1aef
1a90
19ee
1912
17ea
1685
14f2
133f
1145
0f18
0ccc
0a76
07f2
0556
029d
ffdd
fd2e
fa87
f7e1
f552
f2ec
f0a3
ee89
ec8f
eac4
e932
e7e3
e6c2
e5d4
e51d
e4bc
e4ae
e4d2
e526
e5be
e6ae
e7e9
e961
eb05
ecc6
eeb0
f0cc
f324
f5a0
f82a
faad
fd31
ffda
0291
053f
07cf
0a4a
0c9e
0ed7
1100
1309
14e4
1686
17e5
18f9
19db
1a86
1afa
1b1a
1aeb
1a8e
19ee
1913
17ed
1689
14f6
1344
114a
0f1d
0cd1
0a7a
07f5
0556
029a
ffd8
fd27
fa7f
f7d8
f548
f2e1
f09a
ee81
ec89
eac0
e930
e7e2
e6c2
e5d5
e51f
e4be
e4b1
e4d6
e529
e5c1
e6b1
e7ec
e963
eb07
ecc8
eeb2
f0cf
f326
f5a3
f82e
fab2
fd37
ffe3
029c
054c
07dd
0a59
0cae
0ee7
1111
131b
14f6
1697
17f5
1909
19eb
1a96
1b09
1b27
1af6
1a98
19f6
191a
17f1
168b
14f6
1342
1147
0f18
0ccb
0a73
07ed
054e
0292
ffd1
fd21
fa79
f7d3
f543
f2de
f097
ee7f
ec88
eabf
e930
e7e3
e6c3
e5d7
e522
e4c2
e4b5
e4d9
e52c
e5c2
e6b0
e7e9
e95f
eb01
ecc0
eea9
f0c5
f31b
f596
f820
faa4
fd29
ffd5
028e
053e
07d0
0a4d
0ca2
0edd
1109
1314
14f1
1693
17f1
1905
19e5
1a90
1b03
1b21
1aef
1a91
19ef
1913
17eb
1685
14f1
133d
1141
0f12
0cc5
0a6c
07e6
0547
028c
ffcc
fd1c
fa76
f7d2
f544
f2e0
f09b
ee84
ec8e
eac6
e938
e7eb
e6cb
e5de
e528
e4c8
e4bb
e4e0
e533
e5cb
e6ba
e7f3
e968
eb09
ecc7
eead
f0c7
f31d
f597
f820
faa3
fd28
ffd2
028b
053a
07cc
0a4a
0ca1
0edc
1108
1313
14f0
1692
17f0
1904
19e5
1a8f
1b02
1b20
1aef
1a90
19ee
1912
17ea
1685
14f2
133f
1145
0f18
0ccc
0a76
07f2
0556
029d
ffdd
fd2e
fa87
f7e1
f552
f2ec
f0a3
ee89
ec8f
eac4
e932
e7e3
e6c2
e5d4
e51d
e4bc
e4ae
e4d2
e526
e5be
e6ae
e7e9
e961
eb05
ecc6
eeb0
f0cc
f324
f5a0
f82a
faad
fd31
ffda
0291
053f
07cf
0a4a
0c9e
0ed7
1100
1309
14e4
1686
17e5
18f9
19db
1a86
1afa
1b1a
1aeb
1a8e
19ee
1913
17ed
1689
14f6
1344
114a
0f1d
0cd1
0a7a
07f5
0556
029a
ffd8
fd27
fa7f
f7d8
f548
f2e1
f09a
ee81
ec89
eac0
e930
e7e2
e6c2
e5d5
e51f
e4be
e4b1
e4d6
e529
e5c1
e6b1
e7ec
e963
eb07
ecc8
eeb2
f0cf
f326
f5a3
f82e
fab2
fd37
ffe3
029c
054c
07dd
0a59
0cae
0ee7
1111
131b
14f6
1697
17f5
1909
19eb
1a96
1b09
1b27
1af6
1a98
19f6
191a
17f1
168b
14f6
1342
1147
0f18
0ccb
0a73
07ed
054e
0292
ffd1
fd21
fa79
f7d3
f543
f2de
f097
ee7f
ec88
eabf
e930
e7e3
e6c3
e5d7
e522
e4c2
e4b5
e4d9
e52c
e5c2
e6b0
e7e9
e95f
eb01
ecc0
eea9
f0c5
f31b
f596
f820
faa4
fd29
ffd5
028e
053e
07d0
0a4d
0ca2
0edd
1109
1314
14f1
1693
17f1
1905
19e5
1a90
1b03
1b21
1aef
1a91
19ef
1913
17eb
1685
14f1
133d
1141
0f12
0cc5
0a6c
07e6
0547
028c
ffcc
fd1c
fa76
f7d2
f544
f2e0
f09b
ee84
ec8e
eac6
e938
e7eb
e6cb
e5de
e528
e4c8
e4bb
e4e0
e533
e5cb
e6ba
e7f3
e968
eb09
ecc7
eead
f0c7
f31d
f597
f820
faa3
fd28
ffd2
028b
053a
07cc
0a4a
0ca1
0edc
1108
1313
14f0
1692
17f0
1904
19e5
1a8f
1b02
1b20
1aef
1a90
19ee
1912
17ea
1685
14f2
133f
1145
0f18
0ccc
0a76
07f2
0556
029d
ffdd
fd2e
fa87
f7e1
f552
f2ec
f0a3
ee89
ec8f
eac4
e932
e7e3
e6c2
e5d4
e51d
e4bc
e4ae
e4d2
e526
e5be
e6ae
e7e9
e961
eb05
ecc6
eeb0
f0cc
f324
f5a0
f82a
faad
fd31
ffda
0291
053f
07cf
0a4a
0c9e
0ed7
1100
1309
14e4
1686
17e5
18f9
19db
1a86
1afa
1b1a
1aeb
1a8e
19ee
1913
17ed
1689
14f6
1344
114a
0f1d
0cd1
0a7a
07f5
0556
029a
ffd8
fd27
fa7f
f7d8
f548
f2e1
f09a
ee81
ec89
eac0
e930
e7e2
e6c2
e5d5
e51f
e4be
e4b1
e4d6
e529
e5c1
e6b1
e7ec
e963
eb07
ecc8
eeb2
f0cf
f326
f5a3
f82e
fab2
fd37
ffe3
029c
054c
07dd
0a59
0cae
0ee7
1111
131b
14f6
1697
17f5
1909
19eb
1a96
1b09
1b27
1af6
1a98
19f6
191a
17f1
168b
14f6
1342
1147
0f18
0ccb
0a73
07ed
054e
0292
ffd1
fd21
fa79
f7d3
f543
f2de
f097
ee7f
ec88
eabf
e930
e7e3
e6c3
e5d7
e522
e4c2
e4b5
e4d9
e52c
e5c2
e6b0
e7e9
e95f
eb01
ecc0
eea9
f0c5
f31b
f596
f820
faa4
fd29
ffd5
028e
053e
07d0
0a4d
0ca2
0edd
1109
1314
14f1
1693
17f1
1905
19e5
1a90
1b03
1b21
1aef
1a91
19ef
1913
17eb
1685
14f1
133d
1141
0f12
0cc5
0a6c
07e6
0547
028c
ffcc
fd1c
fa76
f7d2
f544
f2e0
f09b
ee84
ec8e
eac6
e938
e7eb
e6cb
e5de
e528
e4c8
e4bb
e4e0
e533
e5cb
e6ba
e7f3
e968
eb09
ecc7
eead
f0c7
f31d
f597
f820
faa3
fd28
ffd2
028b
053a
07cc
0a4a
0ca1
0edc
1108
1313
14f0
1692
17f0
1904
19e5
1a8f
1b02
1b20
1aef
1a90
19ee
1912
17ea
1685
14f2
133f
1145
0f18
0ccc
0a76
07f2
0556
029d
ffdd
fd2e
fa87
f7e1
f552
f2ec
f0a3
ee89
ec8f
eac4
e932
e7e3
e6c2
e5d4
e51d
e4bc
e4ae
e4d2
e526
e5be
e6ae
e7e9
e961
eb05
ecc6
eeb0
f0cc
f324
f5a0
f82a
faad
fd31
ffda
0291
053f
07cf
0a4a
0c9e
0ed7
1100
1309
14e4
1686
17e5
18f9
19db
1a86
1afa
1b1a
1aeb
1a8e
19ee
1913
17ed
1689
14f6
1344
114a
0f1d
0cd1
0a7a
07f5
0556
029a
ffd8
fd27
fa7f
f7d8
f548
f2e1
f09a
ee81
ec89
eac0
e930
e7e2
e6c2
e5d5
e51f
e4be
e4b1
e4d6
e529
e5c1
e6b1
e7ec
e963
eb07
ecc8
eeb2
f0cf
f326
f5a3
f82e
fab2
fd37
ffe3
029c
054c
07dd
0a59
0cae
0ee7
1111
131b
14f6
1697
17f5
1909
19eb
1a96
1b09
1b27
1af6
1a98
19f6
191a
17f1
168b
14f6
1342
1147
0f18
0ccb
0a73
07ed
054e
0292
ffd1
fd21
fa79
f7d3
f543
f2de
f097
ee7f
ec88
eabf
e930
e7e3
e6c3
e5d7
e522
e4c2
e4b5
e4d9
e52c
e5c2
e6b0
e7e9
e95f
eb01
ecc0
eea9
f0c5
f31b
f596
f820
faa4
fd29
ffd5
028e
053e
07d0
0a4d
0ca2
0edd
1109
1314
14f1
1693
17f1
1905
19e5
1a90
1b03
1b21
1aef
1a91
19ef
1913
17eb
1685
14f1
133d
1141
0f12
0cc5
0a6c
07e6
0547
028c
ffcc
fd1c
fa76
f7d2
f544
f2e0
f09b
ee84
ec8e
eac6
e938
e7eb
e6cb
e5de
e528
e4c8
e4bb
e4e0
e533
e5cb
e6ba
e7f3
e968
eb09
ecc7
eead
f0c7
f31d
f597
f820
faa3
fd28
ffd2
028b
053a
07cc
0a4a
0ca1
0edc
1108
1313
14f0
1692
17f0
1904
19e5
1a8f
1b02
1b20
1aef
1a90
19ee
1912
17ea
1685
14f2
133f
1145
0f18
0ccc
0a76
07f2
0556
029d
ffdd
fd2e
fa87
f7e1
f552
f2ec
f0a3
ee89
ec8f
eac4
e932
e7e3
e6c2
e5d4
e51d
e4bc
e4ae
e4d2
e526
e5be
e6ae
e7e9
e961
eb05
ecc6
eeb0
f0cc
f324
f5a0
f82a
faad
fd31
ffda
0291
053f
07cf
0a4a
0c9e
0ed7
1100
1309
14e4
1686
17e5
18f9
19db
1a86
1afa
1b1a
1aeb
1a8e
19ee
1913
17ed
1689
14f6
1344
114a
0f1d
0cd1
0a7a
07f5
0556
029a
ffd8
fd27
fa7f
f7d8
f548
f2e1
f09a
ee81
ec89
eac0
e930
e7e2
e6c2
e5d5
e51f
e4be
e4b1
e4d6
e529
e5c1
e6b1
e7ec
e963
eb07
ecc8
eeb2
f0cf
f326
f5a3
f82e
fab2
fd37
ffe3
029c
054c
07dd
0a59
0cae
0ee7
1111
131b
14f6
1697
17f5
1909
19eb
1a96
1b09
1b27
1af6
1a98
19f6
191a
17f1
168b
14f6
1342
1147
0f18
0ccb
0a73
07ed
054e
0292
ffd1
fd21
fa79
f7d3
f543
f2de
f097
ee7f
ec88
eabf
e930
e7e3
e6c3
e5d7
e522
e4c2
e4b5
e4d9
e52c
e5c2
e6b0
e7e9
e95f
eb01
ecc0
eea9
f0c5
f31b
f596
f820
faa4
fd29
ffd5
028e
053e
07d0
0a4d
0ca2
0edd
1109
1314
14f1
1693
17f1
1905
19e5
1a90
1b03
1b21
1aef
1a91
19ef
1913
17eb
1685
14f1
133d
1141
0f12
0cc5
0a6c
07e6
0547
028c
ffcc
fd1c
fa76
f7d2
f544
f2e0
f09b
ee84
ec8e
eac6
e938
e7eb
e6cb
e5de
e528
e4c8
e4bb
e4e0
e533
e5cb
e6ba
e7f3
e968
eb09
ecc7
eead
f0c7
f31d
f597
f820
faa3
fd28
ffd2
028b
053a
07cc
0a4a
0ca1
0edc
1108
1313
14f0
1692
17f0
1904
19e5
1a8f
1b02
1b20
1aef
1a90
19ee
1912
17ea
1685
14f2
133f
1145
0f18
0ccc
0a76
07f2
0556
029d
ffdd
fd2e
fa87
f7e1
f552
f2ec
f0a3
ee89
ec8f
eac4
e932
e7e3
e6c2
e5d4
e51d
e4bc
e4ae
e4d2
e526
e5be
e6ae
e7e9
e961
eb05
ecc6
eeb0
f0cc
f324
f5a0
f82a
faad
fd31
ffda
0291
053f
07cf
0a4a
0c9e
0ed7
1100
1309
14e4
1686
17e5
18f9
19db
1a86
1afa
1b1a
1aeb
1a8e
19ee
1913
17ed
1689
14f6
1344
114a
0f1d
0cd1
0a7a
07f5
0556
029a
ffd8
fd27
fa7f
f7d8
f548
f2e1
f09a
ee81
ec89
eac0
e930
e7e2
e6c2
e5d5
e51f
e8a3
e898
e8b7
e8ff
e981
ea4f
eb5d
ec9e
ee06
ef87
f12b
f2fb
f4fc
f71e
f94c
fb74
fd9d
ffe7
023d
048a
06bd
08df
0ade
0cc6
0ea1
1060
11f7
135d
1489
1575
1637
16ca
172c
1746
171c
16cb
1641
1584
1485
1353
11f7
1082
0ecf
0cf0
0af7
08f5
06cb
048c
0234
ffd8
fd8a
fb43
f8fe
f6cc
f4be
f2cb
f0ff
ef50
edc8
ec72
eb55
ea5e
e994
e8f9
e8a6
e89b
e8ba
e901
e982
ea4e
eb5a
ec9b
ee01
ef80
f123
f2f2
f4f3
f713
f940
fb68
fd91
ffdb
0231
047e
06b2
08d4
0ad4
0cbd
0e9a
105a
11f3
1359
1485
1572
1632
16c5
1727
1741
1716
16c5
163b
157e
1480
134d
11f3
107d
0eca
0ceb
0af2
08ef
06c5
0486
022f
ffd3
fd86
fb41
f8fd
f6cd
f4c0
f2ce
f103
ef55
edce
ec79
eb5c
ea65
e99a
e8fe
e8ab
e8a0
e8c0
e907
e989
ea56
eb63
eca2
ee08
ef86
f127
f2f4
f4f4
f714
f940
fb67
fd90
ffd9
022e
047b
06af
08d2
0ad3
0cbd
0e99
1059
11f2
1359
1485
1571
1632
16c4
1726
1740
1716
16c5
163a
157d
147f
134d
11f4
107f
0ecd
0cf0
0af8
08f7
06cf
0493
023d
ffe2
fd95
fb4f
f90a
f6d9
f4ca
f2d5
f108
ef56
edcd
ec74
eb55
ea5d
e991
e8f4
e8a1
e895
e8b4
e8fc
e97e
ea4c
eb5a
ec9c
ee04
ef85
f129
f2f8
f4fa
f71b
f949
fb70
fd98
ffdf
0233
047f
06b1
08d2
0ad1
0cb8
0e92
1051
11e8
134e
147b
1568
1629
16bc
171f
173b
1713
16c3
163a
157e
1482
1351
11f7
1083
0ed2
0cf4
0afc
08fb
06d2
0493
023b
ffde
fd8f
fb48
f902
f6d0
f4c1
f2cd
f101
ef51
edc9
ec72
eb54
ea5d
e992
e8f6
e8a3
e898
e8b7
e8ff
e981
ea4f
eb5d
ec9e
ee06
ef87
f12b
f2fb
f4fc
f71e
f94c
fb74
fd9d
ffe7
023d
048a
06bd
08df
0ade
0cc6
0ea1
1060
11f7
135d
1489
1575
1637
16ca
172c
1746
171c
16cb
1641
1584
1485
1353
11f7
1082
0ecf
0cf0
0af7
08f5
06cb
048c
0234
ffd8
fd8a
fb43
f8fe
f6cc
f4be
f2cb
f0ff
ef50
edc8
ec72
eb55
ea5e
e994
e8f9
e8a6
e89b
e8ba
e901
e982
ea4e
eb5a
ec9b
ee01
ef80
f123
f2f2
f4f3
f713
f940
fb68
fd91
ffdb
0231
047e
06b2
08d4
0ad4
0cbd
0e9a
105a
11f3
1359
1485
1572
1632
16c5
1727
1741
1716
16c5
163b
157e
1480
134d
11f3
107d
0eca
0ceb
0af2
08ef
06c5
0486
022f
ffd3
fd86
fb41
f8fd
f6cd
f4c0
f2ce
f103
ef55
edce
ec79
eb5c
ea65
e99a
e8fe
e8ab
e8a0
e8c0
e907
e989
ea56
eb63
eca2
ee08
ef86
f127
f2f4
f4f4
f714
f940
fb67
fd90
ffd9
022e
047b
06af
08d2
0ad3
0cbd
0e99
1059
11f2
1359
1485
1571
1632
16c4
1726
1740
1716
16c5
163a
157d
147f
134d
11f4
107f
0ecd
0cf0
0af8
08f7
06cf
0493
023d
ffe2
fd95
fb4f
f90a
f6d9
f4ca
f2d5
f108
ef56
edcd
ec74
eb55
ea5d
e991
e8f4
e8a1
e895
e8b4
e8fc
e97e
ea4c
eb5a
ec9c
ee04
ef85
f129
f2f8
f4fa
f71b
f949
fb70
fd98
ffdf
0233
047f
06b1
08d2
0ad1
0cb8
0e92
1051
11e8
134e
147b
1568
1629
16bc
171f
173b
1713
16c3
163a
157e
1482
1351
11f7
1083
0ed2
0cf4
0afc
08fb
06d2
0493
023b
ffde
fd8f
fb48
f902
f6d0
f4c1
f2cd
f101
ef51
edc9
ec72
eb54
ea5d
e992
e8f6
e8a3
e898
e8b7
e8ff
e981
ea4f
eb5d
ec9e
ee06
ef87
f12b
f2fb
f4fc
f71e
f94c
fb74
fd9d
ffe7
023d
048a
06bd
08df
0ade
0cc6
0ea1
1060
11f7
135d
1489
1575
1637
16ca
172c
1746
171c
16cb
1641
1584
1485
1353
11f7
1082
0ecf
0cf0
0af7
08f5
06cb
048c
0234
ffd8
fd8a
fb43
f8fe
f6cc
f4be
f2cb
f0ff
ef50
edc8
ec72
eb55
ea5e
e994
e8f9
e8a6
e89b
e8ba
e901
e982
ea4e
eb5a
ec9b
ee01
ef80
f123
f2f2
f4f3
f713
f940
fb68
fd91
ffdb
0231
047e
06b2
08d4
0ad4
0cbd
0e9a
105a
11f3
1359
1485
1572
1632
16c5
1727
1741
1716
16c5
163b
157e
1480
134d
11f3
107d
0eca
0ceb
0af2
08ef
06c5
0486
022f
ffd3
fd86
fb41
f8fd
f6cd
f4c0
f2ce
f103
ef55
edce
ec79
eb5c
ea65
e99a
e8fe
e8ab
e8a0
e8c0
e907
e989
ea56
eb63
eca2
ee08
ef86
f127
f2f4
f4f4
f714
f940
fb67
fd90
ffd9
022e
047b
06af
08d2
0ad3
0cbd
0e99
1059
11f2
1359
1485
1571
1632
16c4
1726
1740
1716
16c5
163a
157d
147f
134d
11f4
107f
0ecd
0cf0
0af8
08f7
06cf
0493
023d
ffe2
fd95
fb4f
f90a
f6d9
f4ca
f2d5
f108
ef56
edcd
ec74
eb55
ea5d
e991
e8f4
ec86
ec7c
ec96
ecd2
ed3e
edea
eecb
efd7
f103
f244
f3a2
f524
f6d0
f897
fa67
fc32
fdfe
ffe5
01d5
03bf
0594
0759
0903
0a99
0c24
0d99
0eec
1016
1111
11d6
1278
12f2
1345
135c
133a
12f8
1285
11e9
1117
1019
0ef9
0dc3
0c59
0acb
0927
077c
05af
03d0
011d
ffef
fec7
fda4
fc81
fb68
fa60
f966
f880
f7a8
f6e4
f639
f5aa
f52e
f4c9
f47b
f451
f44c
f45b
f47f
f4c0
f527
f5ae
f64f
f703
f7c3
f895
f97d
fa7e
fb8f
fca6
fdba
fece
fff3
011e
0245
035e
046f
056f
0663
0750
0830
08fb
09ae
0a44
0aba
0b1b
0b65
0b96
0ba3
0b8e
0b65
0b20
0ac2
0a42
09a9
08fb
0841
0767
0678
057b
047a
0365
0246
005e
fff9
ff97
ff35
fed5
fe77
fe1f
fdcc
fd7f
fd38
fcf6
fcbd
fc8e
fc65
fc43
fc29
fc1b
fc19
fc1f
fc2a
fc40
fc62
fc8f
fcc4
fd00
fd40
fd85
fdd3
fe28
fe83
fee0
ff3c
ff98
fff9
005d
00bf
011d
0178
01ce
021f
026f
02b9
02fd
0339
036b
0393
03b3
03cb
1727
1741
1716
16c5
163b
157e
1480
134d
11f3
107d
0eca
0ceb
0af2
08ef
06c5
0486
022f
ffd3
fd86
fb41
f8fd
f6cd
f4c0
f2ce
f103
ef55
edce
ec79
eb5c
ea65
e99a
e8fe
e8ab
e8a0
e8c0
e907
e989
ea56
eb63
eca2
ee08
ef86
f127
f2f4
f4f4
f714
f940
fb67
fd90
ffd9
022e
047b
06af
08d2
0ad3
0cbd
0e99
1059
11f2
1359
1485
1571
1632
16c4
1726
1740
1716
16c5
163a
157d
147f
134d
11f4
107f
0ecd
0cf0
0af8
08f7
06cf
0493
023d
ffe2
fd95
fb4f
f90a
f6d9
f4ca
f2d5
f108
ef56
edcd
ec74
eb55
ea5d
e991
e8f4
e8a1
e895
e8b4
e8fc
e97e
ea4c
eb5a
ec9c
ee04
ef85
f129
f2f8
f4fa
f71b
f949
fb70
fd98
ffdf
0233
047f
06b1
08d2
0ad1
0cb8
0e92
1051
11e8
134e
147b
1568
1629
16bc
171f
173b
1713
16c3
163a
157e
1482
1351
11f7
1083
0ed2
0cf4
0afc
08fb
06d2
0493
023b
ffde
fd8f
fb48
f902
f6d0
f4c1
f2cd
f101
ef51
edc9
ec72
eb54
ea5d
e992
e8f6
e8a3
e898
e8b7
e8ff
e981
ea4f
eb5d
ec9e
ee06
ef87
f12b
f2fb
f4fc
f71e
f94c
fb74
fd9d
ffe7
023d
048a
06bd
08df
0ade
0cc6
0ea1
1060
11f7
135d
1489
1575
1637
16ca
172c
1746
171c
16cb
1641
1584
1485
1353
11f7
1082
0ecf
0cf0
0af7
08f5
06cb
048c
0234
ffd8
fd8a
fb43
f8fe
f6cc
f4be
f2cb
f0ff
ef50
edc8
ec72
eb55
ea5e
e994
e8f9
e8a6
e89b
e8ba
e901
e982
ea4e
eb5a
ec9b
ee01
ef80
f123
f2f2
f4f3
f713
f940
fb68
fd91
ffdb
0231
047e
06b2
08d4
0ad4
0cbd
0e9a
105a
11f3
1359
1485
1572
1632
16c5
1727
1741
1716
16c5
163b
157e
1480
134d
11f3
107d
0eca
0ceb
0af2
08ef
06c5
0486
022f
ffd3
fd86
fb41
f8fd
f6cd
f4c0
f2ce
f103
ef55
edce
ec79
eb5c
ea65
e99a
e8fe
e8ab
e8a0
e8c0
e907
e989
ea56
eb63
eca2
ee08
ef86
f127
f2f4
f4f4
f714
f940
fb67
fd90
ffd9
022e
047b
06af
08d2
0ad3
0cbd
0e99
1059
11f2
1359
1485
1571
1632
16c4
1726
1740
1716
16c5
163a
157d
147f
134d
11f4
107f
0ecd
0cf0
0af8
08f7
06cf
0493
023d
ffe2
fd95
fb4f
f90a
f6d9
f4ca
f2d5
f108
ef56
edcd
ec74
eb55
ea5d
e991
e8f4
e8a1
e895
e8b4
e8fc
e97e
ea4c
eb5a
ec9c
ee04
ef85
f129
f2f8
f4fa
f71b
f949
fb70
fd98
ffdf
0233
047f
06b1
08d2
0ad1
0cb8
0e92
1051
11e8
134e
147b
1568
1629
16bc
171f
173b
1713
16c3
163a
157e
1482
1351
11f7
1083
0ed2
0cf4
0afc
08fb
06d2
0493
023b
ffde
fd8f
fb48
f902
f6d0
f4c1
f2cd
f101
ef51
edc9
ec72
eb54
ea5d
e992
e8f6
e8a3
e898
e8b7
e8ff
e981
ea4f
eb5d
ec9e
ee06
ef87
f12b
f2fb
f4fc
f71e
f94c
fb74
fd9d
ffe7
023d
048a
06bd
08df
0ade
0cc6
0ea1
1060
11f7
135d
1489
1575
1637
16ca
172c
1746
171c
16cb
1641
1584
1485
1353
11f7
1082
0ecf
0cf0
0af7
08f5
06cb
048c
0234
ffd8
fd8a
fb43
f8fe
f6cc
f4be
f2cb
f0ff
ef50
edc8
ec72
eb55
ea5e
e994
e8f9
e8a6
e89b
e8ba
e901
e982
ea4e
eb5a
ec9b
ee01
ef80
f123
f2f2
f4f3
f713
f940
fb68
fe61
ffe7
0176
02ff
0477
05e3
0738
087e
09bc
0ae7
0bf7
0ce6
0dae
0e4c
0ecc
0f2e
0f6f
0f81
0f64
0f2e
0ed2
0e54
0dab
0cde
0bf7
0afe
09dc
089d
074c
05f5
0483
0304
0175
ffe2
fe59
fcd6
fb53
f9de
f880
f734
f602
f4e3
f3df
f2fb
f23d
f199
f111
f0a9
f839
f835
f840
f857
f883
f8c7
f921
f98b
fa02
fa82
fb0d
fba6
fc51
fd06
fdc0
fe77
ff30
fff3
00ba
017e
023a
02f0
039b
043f
04dd
0573
05fb
0673
06d7
0725
0766
0796
07b7
07c0
07b2
0797
0768
0729
06d5
066f
05fc
057f
04ef
0450
03a8
02fd
0245
0186
0000
0000
0000
0000
0000
0000
0000
0000
0000
0000
0000
0000
0000
0000
0000
0000
0000
0000
0000
0000
0000
0000
0000
0000
0000
0000
0000
0000
0000
0000
0000
0000
0000
0000
0000
0000
0000
0000
0000
0000
0000
0000
0000
0000
0000
0000
0000
0000
0000
0000
0000
0000
0000
0000
0000
0000
0000
0000
0000
0000
0000
0000
0000
0000
0000
0000
0000
0000
0000
0000
0000
0000
0000
0000
0000
0000
0000
0000
0000
0000
0000
0000
0000
0000
0000
0000
0000
0000
0000
0000
0000
0000
0000
0000
0000
0000
0000
0000
0000
0000
0000
0000
0000
0000
0000
0000
0000
0000
0000
0000
0000
0000
0000
0000
0000
0000
0000
0000
0000
0000
0000
0000
0000
0000
0000
0000
0000
0000
0000
0000
0000
0000
0000
0000
0000
0000
0000
0000
0000
0000
0000
0000
0000
0000
0000
0000
0000
0000
0000
0000
0000
0000
0000
0000
0000
0000
0000
0000
0000
0000
0000
0000
0000
0000
0000
0000
0000
0000
0000
0000
0000
0000
0000
0000
0000
0000
0000
0000
0000
0000
0000
0000
0000
0000
0000
0000
0000
0000
0000
0000
0000
0000
0000
0000
0000
0000
0000
0000
0000
0000
0000
0000
0000
0000
0000
0000
0000
0000
0000
0000
0000
0000
0000
0000
0000
0000
0000
0000
0000
0000
0000
0000
0000
0000
0000
0000
0000
0000
0000
0000
0000
0000
0000
0000
0000
0000
0000
0000
0000
0000
0000
0000
0000
0000
0000
0000
0000
0000
0000
0000
0000
0000
0000
0000
0000
0000
0000
0000
0000
0000
0000
0000
0000
0000
0000
0000
0000
0000
0000
0000
0000
0000
0000
0000
0000
0000
0000
0000
0000
0000
0000
0000
0000
0000
0000
0000
0000
0000
0000
0000
0000
0000
0000
0000
0000
0000
0000
0000
0000
0000
0000
0000
0000
0000
0000
0000
0000
0000
0000
0000
0000
0000
0000
0000
0000
0000
0000
0000
0000
0000
0000
0000
0000
0000
0000
0000
0000
0000
0000
0000
0000
0000
0000
0000
0000
0000
0000
0000
0000
0000
0000
0000
0000
0000
0000
0000
0000
0000
0000
0000
0000
0000
0000
0000
0000
0000
0000
0000
0000
0000
0000
0000
0000
0000
0000
0000
0000
0000
0000
0000
0000
0000
0000
0000
0000
0000
0000
0000
0000
0000
0000
0000
0000
0000
0000
0000
0000
0000
0000
0000
0000
0000
0000
0000
0000
0000
0000
0000
0000
0000
0000
0000
0000
0000
0000
0000
0000
0000
0000
0000
0000
0000
0000
0000
0000
0000
0000
0000
0000
0000
0000
0000
0000
0000
0000
0000
0000
0000
0000
0000
0000
0000
0000
0000
0000
0000
0000
0000
0000
0000
0000
0000
0000
0000
0000
0000
0000
0000
0000
0000
0000
0000
0000
0000
0000
0000
0000
0000
0000
0000
0000
0000
0000
0000
0000
0000
0000
0000
0000
0000
0000
0000
0000
0000
0000
0000
0000
0000
0000
0000
0000
0000
0000
0000
0000
0000
0000
0000
0000
0000
0000
0000
0000
0000
0000
0000
0000
0000
0000
0000
0000
0000
0000
0000
0000
0000
0000
0000
0000
0000
0000
0000
0000
0000
0000
0000
0000
0000
0000
0000
0000
0000
0000
0000
0000
0000
0000
0000
0000
0000
0000
0000
0000
0000
0000
0000
0000
0000
0000
0000
0000
0000
0000
0000
0000
0000
0000
0000
0000
0000
0000
0000
0000
0000
0000
0000
0000
0000
0000
0000
39cf
3a14
39af
38e8
3791
35bc
3346
304b
2ceb
2949
250d
2063
1b77
1674
110d
0b70
0594
ffab
f9e6
f435
ee86
e908
e3e3
df01
da83
d64b
d277
cf1e
cc53
c9e9
c7ed
c667
c598
c57c
c5cb
c67d
c7c3
c9c5
cc68
cf8c
d310
d6d2
daec
df73
e477
e9cb
ef3e
f4a2
fa6f
ffc6
0539
0a98
0fba
14b3
195c
1dcf
2223
2636
29ec
2d2f
2feb
3212
33d6
352d
3612
364f
35ed
3530
33ed
3234
2fe2
2d17
29ec
2685
228e
1e31
1996
14e7
0fda
0a9d
0525
ffa3
fa42
f4f2
efa6
ea87
e5bc
e12f
dcfe
d910
d57e
d260
cfc7
cd87
cbaf
ca45
cd68
cd50
cd94
ce2d
cf44
d0fe
d344
d5fa
d903
dc41
dfcc
e3b7
e80e
ecaa
f161
f60c
fabb
ffb0
04bf
09bc
0e82
1321
1777
1b9b
1fa3
236e
26e4
29ed
2c77
2e77
3018
3155
322a
3263
3206
3157
302a
2e91
2c6b
29d3
26e4
23bb
200c
1bfe
17b7
135c
0eab
09ce
04bc
ffa0
faa2
f5b7
f0cf
ec11
e7a1
e369
df88
dbe3
d894
d5b1
d347
d131
cf78
ce26
cd74
cd5b
cda0
ce3a
cf55
d110
d356
d60a
d911
dc4d
dfd4
e3bb
e811
ecab
f161
f60a
fab8
ffab
04b9
09b6
0e7c
131c
1774
1b99
1fa1
236d
26e2
29eb
2c75
2e75
3017
3153
2e4d
2e81
2e2c
2d8a
2c74
2afa
28ff
269b
23e8
20fe
1d9b
19e0
15f0
11ef
0d9f
0927
047b
ffc5
fb2a
f69e
f215
edb2
e995
e5ab
e210
dead
db9a
d8e9
d6ab
d4ba
d322
d1e9
d142
d12a
d169
d1f8
d2fd
d499
d6b5
d939
dc09
df0a
e252
e5f1
e9f5
ee37
f292
f6e0
fb30
ffbf
0466
08fe
0d63
11a4
15a2
1971
1d25
20a3
23d1
269d
28f6
2ad0
2c53
2d79
2a64
2a97
2a4d
29bb
28c0
2768
259a
236a
20f0
1e46
1b2c
17c0
1424
1077
0c81
0863
0417
ffc2
fb86
f75a
f32f
ef28
eb62
e7cd
e482
e16a
de9b
dc27
da1b
d855
d6e1
d5c3
d52b
d517
d550
d5d3
d6c2
d83b
da2a
dc78
df0c
e1cd
e4cf
e821
ebcf
efb7
f3b6
f7aa
fc06
ffd6
03bb
0791
0b3c
0ec9
121d
154b
1862
1b4b
1df2
2046
223a
23c4
2506
25fb
269f
26cb
2685
25fe
2517
23dc
2234
2035
1df2
1b83
18ae
1591
1246
0eee
0b52
0795
03ad
ffbd
fbe6
f81a
f452
f0a9
ed3d
e9fd
e6fe
e430
e1a3
df69
dd8e
dbf3
daa1
d99f
d915
d902
d937
d9ac
da83
dbd7
dd97
dfad
e202
e481
e73a
ea3e
ed95
f120
f4c1
f858
fbf2
ffc2
03a7
077d
0b29
0eb7
120d
153c
1856
1b41
1dea
2040
2234
23be
24ff
25f3
2696
26c2
267b
25f4
250d
23d2
222b
202c
1dea
1b7c
18a7
1588
123e
0ee4
0b48
078b
0347
ffbd
fc49
f8e1
f57b
f233
ef21
ec35
e985
e6ff
e4b5
e2b5
e10a
df98
de67
dd7d
dd01
dcf0
dd20
dd8a
de4e
df81
e114
e2f3
e50c
e749
e9ba
ec6e
ef6e
f29e
f5e1
f91a
fc58
ffc5
0345
06b9
0a07
0d3b
103c
131b
15e5
1886
1aeb
1d05
1ec7
2029
214b
2226
1ede
1f01
1ec8
1e5c
1da3
1ca7
1b55
19bd
17f0
15ff
13bd
1140
0ea0
0bf5
0915
061a
02fd
ffd9
fcc7
f9bf
f6b9
f3cc
f10e
ee72
ec0b
e9c9
e7bc
e5f1
e472
e327
e217
e146
e0d7
e0c7
e0f1
e150
e1fe
e311
e479
e626
e806
ea07
ec37
eea1
f14e
f425
f70c
f9eb
fccb
ffd5
02ef
05ff
08ed
0bc3
0e6c
10f6
136e
15c2
17e1
19be
1b4f
1c8b
1d8d
1e51
1ed5
1efa
1ec4
1e5a
1da3
1ca9
1b59
19c2
17f5
1605
13c3
1146
0ea6
0bfa
0918
061a
02fa
ffd3
fcbf
f9b6
f6ae
f3c0
f102
ee67
ec02
e9c2
e7b7
e5ee
e471
e327
e218
e148
e0da
e0cb
e0f5
e154
e202
e314
e47c
e629
e809
ea0a
ec3a
eea4
f151
f428
f710
f9f0
fcd2
ffdf
02fc
060e
08fd
0bd4
0e7e
1109
1382
15d6
17f5
19d2
1b62
1c9d
1d9f
1e63
1ee6
1f09
1ed1
1e65
1dac
1cb0
1b5d
19c4
17f5
1603
13bf
1141
0e9f
0bf2
090f
0611
02f1
ffcb
fcb8
f9af
f6a8
f3bb
f0fe
ee64
ebff
e9c0
e7b6
e5ee
e472
e329
e21b
e14c
e0de
e0cf
e0f9
e157
e203
e313
e479
e624
e802
ea01
ec2f
ee98
f144
f41a
f701
f9e0
fcc2
ffcf
02ec
05fe
08ee
0bc6
0e71
10fd
1378
15ce
17ef
19cd
1b5d
1c98
1d99
1e5c
1edf
1f02
1ec9
1e5d
1da4
1ca8
1b56
19bd
17ef
15fd
13b9
113a
0e98
0bea
0907
0609
02ea
ffc5
fcb3
f9ac
f6a7
f3bc
f101
ee68
ec05
e9c7
e7be
e5f7
e47b
e332
e223
e153
e0e5
e0d6
e100
e15f
e20d
e31e
e484
e62e
e80b
ea08
ec34
ee9b
f146
f41b
f701
f9df
fcc0
ffcc
02e8
05fa
08ea
0bc3
0e6f
10fc
1377
15cd
17ee
19cc
1b5c
1c97
1d98
1e5b
1ede
1f01
1ec8
1e5c
1da3
1ca7
1b55
19bd
17f0
15ff
13bd
1140
0ea0
0bf5
0915
061a
02fd
ffd9
fcc7
f9bf
f6b9
f3cc
f10e
ee72
ec0b
e9c9
e7bc
e5f1
e472
e327
e217
e146
e0d7
e0c7
e0f1
e150
e1fe
e311
e479
e626
e806
ea07
ec37
eea1
f14e
f425
f70c
f9eb
fccb
ffd5
02ef
05ff
08ed
0bc3
0e6c
10f6
136e
15c2
17e1
19be
1b4f
1c8b
1d8d
1e51
1ed5
1efa
1ec4
1e5a
1da3
1ca9
1b59
19c2
17f5
1605
13c3
1146
0ea6
0bfa
0918
061a
02fa
ffd3
fcbf
f9b6
f6ae
f3c0
f102
ee67
ec02
e9c2
e7b7
e5ee
e471
e327
e218
e148
e0da
e0cb
e0f5
e154
e202
e314
e47c
e629
e809
ea0a
ec3a
eea4
f151
f428
f710
f9f0
fcd2
ffdf
02fc
060e
08fd
0bd4
0e7e
1109
1382
15d6
17f5
19d2
1b62
1c9d
1d9f
1e63
1ee6
1f09
1ed1
1e65
1dac
1cb0
1b5d
19c4
17f5
1603
13bf
1141
0e9f
0bf2
090f
0611
02f1
ffcb
fcb8
f9af
f6a8
f3bb
f0fe
ee64
ebff
e9c0
e7b6
e5ee
e472
e329
e21b
e14c
e0de
e0cf
e0f9
e157
e203
e313
e479
e624
e802
ea01
ec2f
ee98
f144
f41a
f701
f9e0
fcc2
ffcf
02ec
05fe
08ee
0bc6
0e71
10fd
1378
15ce
17ef
19cd
1b5d
1c98
1d99
1e5c
1edf
1f02
1ec9
1e5d
1da4
1ca8
1b56
19bd
17ef
15fd
13b9
113a
0e98
0bea
0907
0609
02ea
ffc5
fcb3
f9ac
f6a7
f3bc
f101
ee68
ec05
e9c7
e7be
e5f7
e47b
e332
e223
e153
e0e5
e0d6
e100
e15f
e20d
e31e
e484
e62e
e80b
ea08
ec34
ee9b
f146
f41b
f701
f9df
fcc0
ffcc
02e8
05fa
08ea
0bc3
0e6f
10fc
1377
15cd
17ee
19cc
1b5c
1c97
1d98
1e5b
1ede
1f01
1ec8
1e5c
1da3
1ca7
1b55
19bd
17f0
15ff
13bd
1140
0ea0
0bf5
0915
061a
02fd
ffd9
fcc7
f9bf
f6b9
f3cc
f10e
ee72
ec0b
e9c9
e7bc
e5f1
e472
e327
e217
e146
e0d7
e0c7
e0f1
e150
e1fe
e311
e479
e626
e806
ea07
ec37
eea1
f14e
f425
f70c
f9eb
fccb
ffd5
02ef
05ff
08ed
0bc3
0e6c
10f6
136e
15c2
17e1
19be
1b4f
1c8b
1d8d
1e51
1ed5
1efa
1ec4
1e5a
1da3
1ca9
1b59
19c2
17f5
1605
13c3
1146
0ea6
0bfa
0918
061a
02fa
ffd3
fcbf
f9b6
f6ae
f3c0
f102
ee67
ec02
e9c2
e7b7
e5ee
e471
e327
e218
e148
e0da
e0cb
e0f5
e154
e202
e314
e47c
e629
e809
ea0a
ec3a
eea4
f151
f428
f710
f9f0
fcd2
ffdf
02fc
060e
08fd
0bd4
0e7e
1109
1382
15d6
17f5
19d2
1b62
1c9d
1d9f
1e63
1ee6
1f09
1ed1
1e65
1dac
1cb0
1b5d
19c4
17f5
1603
13bf
1141
0e9f
0bf2
090f
0611
02f1
ffcb
fcb8
f9af
f6a8
f3bb
f0fe
ee64
ebff
e9c0
e7b6
e5ee
e472
e329
e21b
e14c
e0de
e0cf
e0f9
e157
e203
e313
e479
e624
e802
ea01
ec2f
ee98
f144
f41a
f701
f9e0
fcc2
ffcf
02ec
05fe
08ee
0bc6
0e71
10fd
1378
15ce
17ef
19cd
1b5d
1c98
1d99
1e5c
1edf
1f02
1ec9
1e5d
1da4
1ca8
1b56
19bd
17ef
15fd
13b9
113a
0e98
0bea
0907
0609
02ea
ffc5
fcb3
f9ac
f6a7
f3bc
f101
ee68
ec05
e9c7
e7be
e5f7
e47b
e332
e223
e153
e0e5
e0d6
e100
e15f
e20d
e31e
e484
e62e
e80b
ea08
ec34
ee9b
f146
f41b
f701
f9df
fcc0
ffcc
02e8
05fa
08ea
0bc3
0e6f
10fc
1377
15cd
17ee
19cc
1b5c
1c97
1d98
1e5b
1ede
1f01
1ec8
1e5c
1da3
1ca7
1b55
19bd
17f0
15ff
13bd
1140
0ea0
0bf5
0915
061a
02fd
ffd9
fcc7
f9bf
f6b9
f3cc
f10e
ee72
ec0b
e9c9
e7bc
e5f1
e472
e327
e217
e146
e0d7
e0c7
e0f1
e150
e1fe
e311
e479
e626
e806
ea07
ec37
eea1
f14e
f425
f70c
f9eb
fccb
ffd5
02ef
05ff
08ed
0bc3
0e6c
10f6
136e
15c2
17e1
19be
1b4f
1c8b
1d8d
1e51
1ed5
1efa
1ec4
1e5a
1da3
1ca9
1b59
19c2
17f5
1605
13c3
1146
0ea6
0bfa
0918
061a
02fa
ffd3
fcbf
f9b6
f6ae
f3c0
f102
ee67
ec02
e9c2
e7b7
e5ee
e471
e327
e218
e148
e0da
e0cb
e0f5
e154
e202
e314
e47c
e629
e809
ea0a
ec3a
eea4
f151
f428
f710
f9f0
fcd2
ffdf
02fc
060e
08fd
0bd4
0e7e
1109
1382
15d6
17f5
19d2
1b62
1c9d
1d9f
1e63
1ee6
1f09
1ed1
1e65
1dac
1cb0
1b5d
19c4
17f5
1603
13bf
1141
0e9f
0bf2
090f
0611
02f1
ffcb
fcb8
f9af
f6a8
f3bb
f0fe
ee64
ebff
e9c0
e7b6
e5ee
e472
e329
e21b
e14c
e0de
e0cf
e0f9
e157
e203
e313
e479
e624
e802
ea01
ec2f
ee98
f144
f41a
f701
f9e0
fcc2
ffcf
02ec
05fe
08ee
0bc6
0e71
10fd
1378
15ce
17ef
19cd
1b5d
1c98
1d99
1e5c
1edf
1f02
1ec9
1e5d
1da4
1ca8
1b56
19bd
17ef
15fd
13b9
113a
0e98
0bea
0907
0609
02ea
ffc5
fcb3
f9ac
f6a7
f3bc
f101
ee68
ec05
e9c7
e7be
e5f7
e47b
e332
e223
e153
e0e5
e0d6
e100
e15f
e20d
e31e
e484
e62e
e80b
ea08
ec34
ee9b
f146
f41b
f701
f9df
fcc0
ffcc
02e8
05fa
08ea
0bc3
0e6f
10fc
1377
15cd
17ee
19cc
1b5c
1c97
1d98
1e5b
1ede
1f01
1ec8
1e5c
1da3
1ca7
1b55
19bd
17f0
15ff
13bd
1140
0ea0
0bf5
0915
061a
02fd
ffd9
fcc7
f9bf
f6b9
f3cc
f10e
ee72
ec0b
e9c9
e7bc
e5f1
e472
e327
e217
e146
e0d7
e0c7
e0f1
e150
e1fe
e311
e479
e626
e806
ea07
ec37
eea1
f14e
f425
f70c
f9eb
fccb
ffd5
02ef
05ff
08ed
0bc3
0e6c
10f6
136e
15c2
17e1
19be
1b4f
1c8b
1d8d
1e51
1ed5
1efa
1ec4
1e5a
1da3
1ca9
1b59
19c2
17f5
1605
13c3
1146
0ea6
0bfa
0918
061a
02fa
ffd3
fcbf
f9b6
f6ae
f3c0
f102
ee67
ec02
e9c2
e7b7
e5ee
e471
e327
e218
e148
e0da
e0cb
e0f5
e154
e202
e314
e47c
e629
e809
ea0a
ec3a
eea4
f151
f428
f710
f9f0
fcd2
ffdf
02fc
060e
08fd
0bd4
0e7e
1109
1382
15d6
17f5
19d2
1b62
1c9d
1d9f
1e63
1ee6
1f09
1ed1
1e65
1dac
1cb0
1b5d
19c4
17f5
1603
13bf
1141
0e9f
0bf2
090f
0611
02f1
ffcb
fcb8
f9af
f6a8
f3bb
f0fe
ee64
ebff
e9c0
e7b6
e5ee
e472
e329
e21b
e14c
e0de
e0cf
e0f9
e157
e203
e313
e479
e624
e802
ea01
ec2f
ee98
f144
f41a
f701
f9e0
fcc2
ffcf
02ec
05fe
08ee
0bc6
0e71
10fd
1378
15ce
17ef
19cd
1b5d
1c98
1d99
1e5c
1edf
1f02
1ec9
1e5d
1da4
1ca8
1b56
19bd
17ef
15fd
13b9
113a
0e98
0bea
0907
0609
02ea
ffc5
fcb3
f9ac
f6a7
f3bc
f101
ee68
ec05
e9c7
e7be
e5f7
e47b
e332
e223
e153
e0e5
e0d6
e100
e15f
e20d
e31e
e484
e62e
e80b
ea08
ec34
ee9b
f146
f41b
f701
f9df
fcc0
ffcc
02e8
05fa
08ea
0bc3
0e6f
10fc
1377
15cd
17ee
19cc
1b5c
1c97
1d98
1e5b
1ede
1f01
1ec8
1e5c
1da3
1ca7
1b55
19bd
17f0
15ff
13bd
1140
0ea0
0bf5
0915
061a
02fd
ffd9
fcc7
f9bf
f6b9
f3cc
f10e
ee72
ec0b
e9c9
e7bc
e5f1
e472
e327
e217
e146
e0d7
e0c7
e0f1
e150
e1fe
e311
e479
e626
e806
ea07
ec37
eea1
f14e
f425
f70c
f9eb
fccb
ffd5
02ef
05ff
08ed
0bc3
0e6c
10f6
136e
15c2
17e1
19be
1b4f
1c8b
1d8d
1e51
1ed5
1efa
1ec4
1e5a
1da3
1ca9
1b59
19c2
17f5
1605
13c3
1146
0ea6
0bfa
0918
061a
02fa
ffd3
fcbf
f9b6
f6ae
f3c0
f102
ee67
ec02
e9c2
e7b7
e5ee
e471
e327
e218
e148
e0da
e0cb
e0f5
e154
e202
e314
e47c
e629
e809
ea0a
ec3a
eea4
f151
f428
f710
f9f0
fcd2
ffdf
02fc
060e
08fd
0bd4
0e7e
1109
1382
15d6
17f5
19d2
1b62
1c9d
1d9f
1e63
1ee6
1f09
1ed1
1e65
1dac
1cb0
1b5d
19c4
17f5
1603
13bf
1141
0e9f
0bf2
090f
0611
0292
ffd1
fd21
fa79
f7d3
f543
f2de
f097
ee7f
ec88
eabf
e930
e7e3
e6c3
e5d7
e522
e4c2
e4b5
e4d9
e52c
e5c2
e6b0
e7e9
e95f
eb01
ecc0
eea9
f0c5
f31b
f596
f820
faa4
fd29
ffd5
028e
053e
07d0
0a4d
0ca2
0edd
1109
1314
14f1
1693
17f1
1905
19e5
1a90
1b03
1b21
1aef
1a91
19ef
1913
17eb
1685
14f1
133d
1141
0f12
0cc5
0a6c
07e6
0547
028c
ffcc
fd1c
fa76
f7d2
f544
f2e0
f09b
ee84
ec8e
eac6
e938
e7eb
e6cb
e5de
e528
e4c8
e4bb
e4e0
e533
e5cb
e6ba
e7f3
e968
eb09
ecc7
eead
f0c7
f31d
f597
f820
faa3
fd28
ffd2
028b
053a
07cc
0a4a
0ca1
0edc
1108
1313
14f0
1692
17f0
1904
19e5
1a8f
1b02
1b20
1aef
1a90
19ee
1912
17ea
1685
14f2
133f
1145
0f18
0ccc
0a76
07f2
0556
029d
ffdd
fd2e
fa87
f7e1
f552
f2ec
f0a3
ee89
ec8f
eac4
e932
e7e3
e6c2
e5d4
e51d
e4bc
e4ae
e4d2
e526
e5be
e6ae
e7e9
e961
eb05
ecc6
eeb0
f0cc
f324
f5a0
f82a
faad
fd31
ffda
0291
053f
07cf
0a4a
0c9e
0ed7
1100
1309
14e4
1686
17e5
18f9
19db
1a86
1afa
1b1a
1aeb
1a8e
19ee
1913
17ed
1689
14f6
1344
114a
0f1d
0cd1
0a7a
07f5
0556
029a
ffd8
fd27
fa7f
f7d8
f548
f2e1
f09a
ee81
ec89
eac0
e930
e7e2
e6c2
e5d5
e51f
e4be
e4b1
e4d6
e529
e5c1
e6b1
e7ec
e963
eb07
ecc8
eeb2
f0cf
f326
f5a3
f82e
fab2
fd37
ffe3
029c
054c
07dd
0a59
0cae
0ee7
1111
131b
14f6
1697
17f5
1909
19eb
1a96
1b09
1b27
1af6
1a98
19f6
191a
17f1
168b
14f6
1342
1147
0f18
0ccb
0a73
07ed
054e
0292
ffd1
fd21
fa79
f7d3
f543
f2de
f097
ee7f
ec88
eabf
e930
e7e3
e6c3
e5d7
e522
e4c2
e4b5
e4d9
e52c
e5c2
e6b0
e7e9
e95f
eb01
ecc0
eea9
f0c5
f31b
f596
f820
faa4
fd29
ffd5
028e
053e
07d0
0a4d
0ca2
0edd
1109
1314
14f1
1693
17f1
1905
19e5
1a90
1b03
1b21
1aef
1a91
19ef
1913
17eb
1685
14f1
133d
1141
0f12
0cc5
0a6c
07e6
0547
028c
ffcc
fd1c
fa76
f7d2
f544
f2e0
f09b
ee84
ec8e
eac6
e938
e7eb
e6cb
e5de
e528
e4c8
e4bb
e4e0
e533
e5cb
e6ba
e7f3
e968
eb09
ecc7
eead
f0c7
f31d
f597
f820
faa3
fd28
ffd2
028b
053a
07cc
0a4a
0ca1
0edc
1108
1313
14f0
1692
17f0
1904
19e5
1a8f
1b02
1b20
1aef
1a90
19ee
1912
17ea
1685
14f2
133f
1145
0f18
0ccc
0a76
07f2
0556
029d
ffdd
fd2e
fa87
f7e1
f552
f2ec
f0a3
ee89
ec8f
eac4
e932
e7e3
e6c2
e5d4
e51d
e4bc
e4ae
e4d2
e526
e5be
e6ae
e7e9
e961
eb05
ecc6
eeb0
f0cc
f324
f5a0
f82a
faad
fd31
ffda
0291
053f
07cf
0a4a
0c9e
0ed7
1100
1309
14e4
1686
17e5
18f9
19db
1a86
1afa
1b1a
1aeb
1a8e
19ee
1913
17ed
1689
14f6
1344
114a
0f1d
0cd1
0a7a
07f5
0556
029a
ffd8
fd27
fa7f
f7d8
f548
f2e1
f09a
ee81
ec89
eac0
e930
e7e2
e6c2
e5d5
e51f
e4be
e4b1
e4d6
e529
e5c1
e6b1
e7ec
e963
eb07
ecc8
eeb2
f0cf
f326
f5a3
f82e
fab2
fd37
ffe3
029c
054c
07dd
0a59
0cae
0ee7
1111
131b
14f6
1697
17f5
1909
19eb
1a96
1b09
1b27
1af6
1a98
19f6
191a
17f1
168b
14f6
1342
1147
0f18
0ccb
0a73
07ed
054e
0292
ffd1
fd21
fa79
f7d3
f543
f2de
f097
ee7f
ec88
eabf
e930
e7e3
e6c3
e5d7
e522
e4c2
e4b5
e4d9
e52c
e5c2
e6b0
e7e9
e95f
eb01
ecc0
eea9
f0c5
f31b
f596
f820
faa4
fd29
ffd5
028e
053e
07d0
0a4d
0ca2
0edd
1109
1314
14f1
1693
17f1
1905
19e5
1a90
1b03
1b21
1aef
1a91
19ef
1913
17eb
1685
14f1
133d
1141
0f12
0cc5
0a6c
07e6
0547
028c
ffcc
fd1c
fa76
f7d2
f544
f2e0
f09b
ee84
ec8e
eac6
e938
e7eb
e6cb
e5de
e528
e4c8
e4bb
e4e0
e533
e5cb
e6ba
e7f3
e968
eb09
ecc7
eead
f0c7
f31d
f597
f820
faa3
fd28
ffd2
028b
053a
07cc
0a4a
0ca1
0edc
1108
1313
14f0
1692
17f0
1904
19e5
1a8f
1b02
1b20
1aef
1a90
19ee
1912
17ea
1685
14f2
133f
1145
0f18
0ccc
0a76
07f2
0556
029d
ffdd
fd2e
fa87
f7e1
f552
f2ec
f0a3
ee89
ec8f
eac4
e932
e7e3
e6c2
e5d4
e51d
e4bc
e4ae
e4d2
e526
e5be
e6ae
e7e9
e961
eb05
ecc6
eeb0
f0cc
f324
f5a0
f82a
faad
fd31
ffda
0291
053f
07cf
0a4a
0c9e
0ed7
1100
1309
14e4
1686
17e5
18f9
19db
1a86
1afa
1b1a
1aeb
1a8e
19ee
1913
17ed
1689
14f6
1344
114a
0f1d
0cd1
0a7a
07f5
0556
029a
ffd8
fd27
fa7f
f7d8
f548
f2e1
f09a
ee81
ec89
eac0
e930
e7e2
e6c2
e5d5
e51f
e4be
e4b1
e4d6
e529
e5c1
e6b1
e7ec
e963
eb07
ecc8
eeb2
f0cf
f326
f5a3
f82e
fab2
fd37
ffe3
029c
054c
07dd
0a59
0cae
0ee7
1111
131b
14f6
1697
17f5
1909
19eb
1a96
1b09
1b27
1af6
1a98
19f6
191a
17f1
168b
14f6
1342
1147
0f18
0ccb
0a73
07ed
054e
0292
ffd1
fd21
fa79
f7d3
f543
f2de
f097
ee7f
ec88
eabf
e930
e7e3
e6c3
e5d7
e522
e4c2
e4b5
e4d9
e52c
e5c2
e6b0
e7e9
e95f
eb01
ecc0
eea9
f0c5
f31b
f596
f820
faa4
fd29
ffd5
028e
053e
07d0
0a4d
0ca2
0edd
1109
1314
14f1
1693
17f1
1905
19e5
1a90
1b03
1b21
1aef
1a91
19ef
1913
17eb
1685
14f1
133d
1141
0f12
0cc5
0a6c
07e6
0547
028c
ffcc
fd1c
fa76
f7d2
f544
f2e0
f09b
ee84
ec8e
eac6
e938
e7eb
e6cb
e5de
e528
e4c8
e4bb
e4e0
e533
e5cb
e6ba
e7f3
e968
eb09
ecc7
eead
f0c7
f31d
f597
f820
faa3
fd28
ffd2
028b
053a
07cc
0a4a
0ca1
0edc
1108
1313
14f0
1692
17f0
1904
19e5
1a8f
1b02
1b20
1aef
1a90
19ee
1912
17ea
1685
14f2
133f
1145
0f18
0ccc
0a76
07f2
0556
029d
ffdd
fd2e
fa87
f7e1
f552
f2ec
f0a3
ee89
ec8f
eac4
e932
e7e3
e6c2
e5d4
e51d
e4bc
e4ae
e4d2
e526
e5be
e6ae
e7e9
e961
eb05
ecc6
eeb0
f0cc
f324
f5a0
f82a
faad
fd31
ffda
0291
053f
07cf
0a4a
0c9e
0ed7
1100
1309
14e4
1686
17e5
18f9
19db
1a86
1afa
1b1a
1aeb
1a8e
19ee
1913
17ed
1689
14f6
1344
114a
0f1d
0cd1
0a7a
07f5
0556
029a
ffd8
fd27
fa7f
f7d8
f548
f2e1
f09a
ee81
ec89
eac0
e930
e7e2
e6c2
e5d5
e51f
e4be
e4b1
e4d6
e529
e5c1
e6b1
e7ec
e963
eb07
ecc8
eeb2
f0cf
f326
f5a3
f82e
fab2
fd37
ffe3
029c
054c
07dd
0a59
0cae
0ee7
1111
131b
14f6
1697
17f5
1909
19eb
1a96
1b09
1b27
1af6
1a98
19f6
191a
17f1
168b
14f6
1342
1147
0f18
0ccb
0a73
07ed
054e
0292
ffd1
fd21
fa79
f7d3
f543
f2de
f097
ee7f
ec88
eabf
e930
e7e3
e6c3
e5d7
e522
e4c2
e4b5
e4d9
e52c
e5c2
e6b0
e7e9
e95f
eb01
ecc0
eea9
f0c5
f31b
f596
f820
faa4
fd29
ffd5
028e
053e
07d0
0a4d
0ca2
0edd
1109
1314
14f1
1693
17f1
1905
19e5
1a90
1b03
1b21
1aef
1a91
19ef
1913
17eb
1685
14f1
133d
1141
0f12
0cc5
0a6c
07e6
0547
028c
ffcc
fd1c
fa76
f7d2
f544
f2e0
f09b
ee84
ec8e
eac6
e938
e7eb
e6cb
e5de
e528
e4c8
e4bb
e4e0
e533
e5cb
e6ba
e7f3
e968
eb09
ecc7
eead
f0c7
f31d
f597
f820
faa3
fd28
ffd2
028b
053a
07cc
0a4a
0ca1
0edc
1108
1313
14f0
1692
17f0
1904
19e5
1a8f
1b02
1b20
1aef
1a90
19ee
1912
17ea
1685
14f2
133f
1145
0f18
0ccc
0a76
07f2
0556
029d
ffdd
fd2e
fa87
f7e1
f552
f2ec
f0a3
ee89
ec8f
eac4
e932
e7e3
e6c2
e5d4
e51d
e4bc
e4ae
e4d2
e526
e5be
e6ae
e7e9
e961
eb05
ecc6
eeb0
f0cc
f324
f5a0
f82a
faad
fd31
ffda
0291
053f
07cf
0a4a
0c9e
0ed7
1100
1309
14e4
1686
17e5
18f9
19db
1a86
1afa
1b1a
1aeb
1a8e
19ee
1913
17ed
1689
14f6
1344
114a
0f1d
0cd1
0a7a
07f5
0556
029a
ffd8
fd27
fa7f
f7d8
f548
f2e1
f09a
ee81
ec89
eac0
e930
e7e2
e6c2
e5d5
e51f
e4be
e4b1
e4d6
e529
e5c1
e6b1
e7ec
e963
eb07
ecc8
eeb2
f0cf
f326
f5a3
f82e
fab2
fd37
ffe3
029c
054c
07dd
0a59
0cae
0ee7
1111
131b
14f6
1697
17f5
1909
19eb
1a96
1b09
1b27
1af6
1a98
19f6
191a
17f1
168b
14f6
1342
1147
0f18
0ccb
0a73
07ed
054e
0292
ffd1
fd21
fa79
f7d3
f543
f2de
f097
ee7f
ec88
eabf
e930
e7e3
e6c3
e5d7
e522
e4c2
e4b5
e4d9
e52c
e5c2
e6b0
e7e9
e95f
eb01
ecc0
eea9
f0c5
f31b
f596
f820
faa4
fd29
ffd5
028e
053e
07d0
0a4d
0ca2
0edd
1109
1314
14f1
1693
17f1
1905
19e5
1a90
1b03
1b21
1aef
1a91
19ef
1913
17eb
1685
14f1
133d
1141
0f12
0cc5
0a6c
07e6
0547
028c
ffcc
fd1c
fa76
f7d2
f544
f2e0
f09b
ee84
ec8e
eac6
e938
e7eb
e6cb
e5de
e528
e4c8
e4bb
e4e0
e533
e5cb
e6ba
e7f3
e968
eb09
ecc7
eead
f0c7
f31d
f597
f820
faa3
fd28
ffd2
028b
053a
07cc
0a4a
0ca1
0edc
1108
1313
14f0
1692
17f0
1904
19e5
1a8f
1b02
1b20
1aef
1a90
19ee
1912
17ea
1685
14f2
133f
1145
0f18
0ccc
0a76
07f2
0556
029d
ffdd
fd2e
fa87
f7e1
f552
f2ec
f0a3
ee89
ec8f
eac4
e932
e7e3
e6c2
e5d4
e51d
e4bc
e4ae
e4d2
e526
e5be
e6ae
e7e9
e961
eb05
ecc6
eeb0
f0cc
f324
f5a0
f82a
faad
fd31
ffda
0291
053f
07cf
0a4a
0c9e
0ed7
1100
1309
14e4
1686
17e5
18f9
19db
1a86
1afa
1b1a
1aeb
1a8e
19ee
1913
17ed
1689
14f6
1344
114a
0f1d
0cd1
0a7a
07f5
0556
029a
ffd8
fd27
fa7f
f7d8
f548
f2e1
f09a
ee81
ec89
eac0
e930
e7e2
e6c2
e5d5
e51f
e4be
e4b1
e4d6
e529
e5c1
e6b1
e7ec
e963
eb07
ecc8
eeb2
f0cf
f326
f5a3
f82e
fab2
fd37
ffe3
029c
054c
07dd
0a59
0cae
0ee7
1111
131b
14f6
1697
17f5
1909
19eb
1a96
1b09
1b27
1af6
1a98
19f6
191a
17f1
168b
14f6
1342
1147
0f18
0ccb
0a73
07ed
054e
0292
ffd1
fd21
fa79
f7d3
f543
f2de
f097
ee7f
ec88
eabf
e930
e7e3
e6c3
e5d7
e522
e4c2
e4b5
e4d9
e52c
e5c2
e6b0
e7e9
e95f
eb01
ecc0
eea9
f0c5
f31b
f596
f820
faa4
fd29
ffd5
028e
053e
07d0
0a4d
0ca2
0edd
1109
1314
14f1
1693
17f1
1905
19e5
1a90
1b03
1b21
1aef
1a91
19ef
1913
17eb
1685
14f1
133d
1141
0f12
0cc5
0a6c
07e6
0547
028c
ffcc
fd1c
fa76
f7d2
f544
f2e0
f09b
ee84
ec8e
eac6
e938
e7eb
e6cb
e5de
e528
e4c8
e4bb
e4e0
e533
e5cb
e6ba
e7f3
e968
eb09
ecc7
eead
f0c7
f31d
f597
f820
faa3
fd28
ffd2
028b
053a
07cc
0a4a
0ca1
0edc
1108
1313
14f0
1692
17f0
1904
19e5
1a8f
1b02
1b20
1aef
1a90
19ee
1912
17ea
1685
14f2
133f
1145
0f18
0ccc
0a76
07f2
0556
029d
ffdd
fd2e
fa87
f7e1
f552
f2ec
f0a3
ee89
ec8f
eac4
e932
e7e3
e6c2
e5d4
e51d
e4bc
e4ae
e4d2
e526
e5be
e6ae
e7e9
e961
eb05
ecc6
eeb0
f0cc
f324
f5a0
f82a
faad
fd31
ffda
0291
053f
07cf
0a4a
0c9e
0ed7
1100
1309
14e4
1686
17e5
18f9
19db
1a86
1afa
1b1a
1aeb
1a8e
19ee
1913
17ed
1689
14f6
1344
114a
0f1d
0cd1
0a7a
07f5
0556
029a
ffd8
fd27
fa7f
f7d8
f548
f2e1
f09a
ee81
ec89
eac0
e930
e7e2
e6c2
e5d5
e51f
e4be
e4b1
e4d6
e529
e5c1
e6b1
e7ec
e963
eb07
ecc8
eeb2
f0cf
f326
f5a3
f82e
fab2
fd37
ffe3
029c
054c
07dd
0a59
0cae
0ee7
1111
131b
14f6
1697
17f5
1909
19eb
1a96
1b09
1b27
1af6
1a98
19f6
191a
17f1
168b
14f6
1342
1147
0f18
0ccb
0a73
07ed
054e
0292
ffd1
fd21
fa79
f7d3
f543
f2de
f097
ee7f
ec88
eabf
e930
e7e3
e6c3
e5d7
e522
e4c2
e4b5
e4d9
e52c
e5c2
e6b0
e7e9
e95f
eb01
ecc0
eea9
f0c5
f31b
f596
f820
faa4
fd29
ffd5
028e
053e
07d0
0a4d
0ca2
0edd
1109
1314
14f1
1693
17f1
1905
19e5
1a90
1b03
1b21
1aef
1a91
19ef
1913
17eb
1685
14f1
133d
1141
0f12
0cc5
0a6c
07e6
0547
028c
ffcc
fd1c
fa76
f7d2
f544
f2e0
f09b
ee84
ec8e
eac6
e938
e7eb
e6cb
e5de
e528
e4c8
e4bb
e4e0
e533
e5cb
e6ba
e7f3
e968
eb09
ecc7
eead
f0c7
f31d
f597
f820
faa3
fd28
ffd2
028b
053a
07cc
0a4a
0ca1
0edc
1108
1313
14f0
1692
17f0
1904
19e5
1a8f
1b02
1b20
1aef
1a90
19ee
1912
17ea
1685
14f2
133f
1145
0f18
0ccc
0a76
07f2
0556
029d
ffdd
fd2e
fa87
f7e1
f552
f2ec
f0a3
ee89
ec8f
eac4
e932
e7e3
e6c2
e5d4
e51d
e4bc
e4ae
e4d2
e526
e5be
e6ae
e7e9
e961
eb05
ecc6
eeb0
f0cc
f324
f5a0
f82a
faad
fd31
ffda
0291
053f
07cf
0a4a
0c9e
0ed7
1100
1309
14e4
1686
17e5
18f9
19db
1a86
1afa
1b1a
1aeb
1a8e
19ee
1913
17ed
1689
14f6
1344
114a
0f1d
0cd1
0a7a
07f5
0556
029a
ffd8
fd27
fa7f
f7d8
f548
f2e1
f09a
ee81
ec89
eac0
e930
e7e2
e6c2
e5d5
e51f
e4be
e4b1
e4d6
e529
e5c1
e6b1
e7ec
e963
eb07
ecc8
eeb2
f0cf
f326
f5a3
f82e
fab2
fd37
ffe3
029c
054c
07dd
0a59
0cae
0ee7
1111
131b
14f6
1697
17f5
1909
19eb
1a96
1b09
1b27
1af6
1a98
19f6
191a
17f1
168b
14f6
1342
1147
0f18
0ccb
0a73
07ed
054e
0292
ffd1
fd21
fa79
f7d3
f543
f2de
f097
ee7f
ec88
eabf
e930
e7e3
e6c3
e5d7
e522
e4c2
e4b5
e4d9
e52c
e5c2
e6b0
e7e9
e95f
eb01
ecc0
eea9
f0c5
f31b
f596
f820
faa4
fd29
ffd5
028e
053e
07d0
0a4d
0ca2
0edd
1109
1314
14f1
1693
17f1
1905
19e5
1a90
1b03
1b21
1aef
1a91
19ef
1913
17eb
1685
14f1
133d
1141
0f12
0cc5
0a6c
07e6
0547
028c
ffcc
fd1c
fa76
f7d2
f544
f2e0
f09b
ee84
ec8e
eac6
e938
e7eb
e6cb
e5de
e528
e4c8
e4bb
e4e0
e533
e5cb
e6ba
e7f3
e968
eb09
ecc7
eead
f0c7
f31d
f597
f820
faa3
fd28
ffd2
028b
053a
07cc
0a4a
0ca1
0edc
1108
1313
14f0
1692
17f0
1904
19e5
1a8f
1b02
1b20
1aef
1a90
19ee
1912
17ea
1685
14f2
133f
1145
0f18
0ccc
0a76
07f2
0556
029d
ffdd
fd2e
fa87
f7e1
f552
f2ec
f0a3
ee89
ec8f
eac4
e932
e7e3
e6c2
e5d4
e51d
e4bc
e4ae
e4d2
e526
e5be
e6ae
e7e9
e961
eb05
ecc6
eeb0
f0cc
f324
f5a0
f82a
faad
fd31
ffda
0291
053f
07cf
0a4a
0c9e
0ed7
1100
1309
14e4
1686
17e5
18f9
19db
1a86
1afa
1b1a
1aeb
1a8e
19ee
1913
17ed
1689
14f6
1344
114a
0f1d
0cd1
0a7a
07f5
0556
029a
ffd8
fd27
fa7f
f7d8
f548
f2e1
f09a
ee81
ec89
eac0
e930
e7e2
e6c2
e5d5
e51f
e4be
e4b1
e4d6
e529
e5c1
e6b1
e7ec
e963
eb07
ecc8
eeb2
f0cf
f326
f5a3
f82e
fab2
fd37
ffe3
029c
054c
07dd
0a59
0cae
0ee7
1111
131b
14f6
1697
17f5
1909
19eb
1a96
1b09
1b27
1af6
1a98
19f6
191a
17f1
168b
14f6
1342
1147
0f18
0ccb
0a73
07ed
054e
0292
ffd1
fd21
fa79
f7d3
f543
f2de
f097
ee7f
ec88
eabf
e930
e7e3
e6c3
e5d7
e522
e4c2
e4b5
e4d9
e52c
e5c2
e6b0
e7e9
e95f
eb01
ecc0
eea9
f0c5
f31b
f596
f820
faa4
fd29
ffd5
028e
053e
07d0
0a4d
0ca2
0edd
1109
1314
14f1
1693
17f1
1905
19e5
1a90
1b03
1b21
1aef
1a91
19ef
1913
17eb
1685
14f1
133d
1141
0f12
0cc5
0a6c
07e6
0547
028c
ffcc
fd1c
fa76
f7d2
f544
f2e0
f09b
ee84
ec8e
eac6
e938
e7eb
e6cb
e5de
e528
e4c8
e4bb
e4e0
e533
e5cb
e6ba
e7f3
e968
eb09
ecc7
eead
f0c7
f31d
f597
f820
faa3
fd28
ffd2
028b
053a
07cc
0a4a
0ca1
0edc
1108
1313
14f0
1692
17f0
1904
19e5
1a8f
1b02
1b20
1aef
1a90
19ee
1912
17ea
1685
14f2
133f
1145
0f18
0ccc
0a76
07f2
0556
029d
ffdd
fd2e
fa87
f7e1
f552
f2ec
f0a3
ee89
ec8f
eac4
e932
e7e3
e6c2
e5d4
e51d
e4bc
e4ae
e4d2
e526
e5be
e6ae
e7e9
e961
eb05
ecc6
eeb0
f0cc
f324
f5a0
f82a
faad
fd31
ffda
0291
053f
07cf
0a4a
0c9e
0ed7
1100
1309
14e4
1686
17e5
18f9
19db
1a86
1afa
1b1a
1aeb
1a8e
19ee
1913
17ed
1689
14f6
1344
114a
0f1d
0cd1
0a7a
07f5
0556
029a
ffd8
fd27
fa7f
f7d8
f548
f2e1
f09a
ee81
ec89
eac0
e930
e7e2
e6c2
e5d5
e51f
e4be
e4b1
e4d6
e529
e5c1
e6b1
e7ec
e963
eb07
ecc8
eeb2
f0cf
f326
f5a3
f82e
fab2
fd37
ffe3
029c
054c
07dd
0a59
0cae
0ee7
1111
131b
14f6
1697
17f5
1909
19eb
1a96
1b09
1b27
1af6
1a98
19f6
191a
17f1
168b
14f6
1342
1147
0f18
0ccb
0a73
07ed
054e
0234
ffd8
fd8a
fb43
f8fe
f6cc
f4be
f2cb
f0ff
ef50
edc8
ec72
eb55
ea5e
e994
e8f9
e8a6
e89b
e8ba
e901
e982
ea4e
eb5a
ec9b
ee01
ef80
f123
f2f2
f4f3
f713
f940
fb68
fd91
ffdb
0231
047e
06b2
08d4
0ad4
0cbd
0e9a
105a
11f3
1359
1485
1572
1632
16c5
1727
1741
1716
16c5
163b
157e
1480
134d
11f3
107d
0eca
0ceb
0af2
08ef
06c5
0486
022f
ffd3
fd86
fb41
f8fd
f6cd
f4c0
f2ce
f103
ef55
edce
ec79
eb5c
ea65
e99a
e8fe
e8ab
e8a0
e8c0
e907
e989
ea56
eb63
eca2
ee08
ef86
f127
f2f4
f4f4
f714
f940
fb67
fd90
ffd9
022e
047b
06af
08d2
0ad3
0cbd
0e99
1059
11f2
1359
1485
1571
1632
16c4
1726
1740
1716
16c5
163a
157d
147f
134d
11f4
107f
0ecd
0cf0
0af8
08f7
06cf
0493
023d
ffe2
fd95
fb4f
f90a
f6d9
f4ca
f2d5
f108
ef56
edcd
ec74
eb55
ea5d
e991
e8f4
e8a1
e895
e8b4
e8fc
e97e
ea4c
eb5a
ec9c
ee04
ef85
f129
f2f8
f4fa
f71b
f949
fb70
fd98
ffdf
0233
047f
06b1
08d2
0ad1
0cb8
0e92
1051
11e8
134e
147b
1568
1629
16bc
171f
173b
1713
16c3
163a
157e
1482
1351
11f7
1083
0ed2
0cf4
0afc
08fb
06d2
0493
023b
ffde
fd8f
fb48
f902
f6d0
f4c1
f2cd
f101
ef51
edc9
ec72
eb54
ea5d
e992
e8f6
e8a3
e898
e8b7
e8ff
e981
ea4f
eb5d
ec9e
ee06
ef87
f12b
f2fb
f4fc
f71e
f94c
fb74
fd9d
ffe7
023d
048a
06bd
08df
0ade
0cc6
0ea1
1060
11f7
135d
1489
1575
1637
16ca
172c
1746
171c
16cb
1641
1584
1485
1353
11f7
1082
0ecf
0cf0
0af7
08f5
06cb
048c
0234
ffd8
fd8a
fb43
f8fe
f6cc
f4be
f2cb
f0ff
ef50
edc8
ec72
eb55
ea5e
e994
e8f9
e8a6
e89b
e8ba
e901
e982
ea4e
eb5a
ec9b
ee01
ef80
f123
f2f2
f4f3
f713
f940
fb68
fd91
ffdb
0231
047e
06b2
08d4
0ad4
0cbd
0e9a
105a
11f3
1359
1485
1572
1632
16c5
1727
1741
1716
16c5
163b
157e
1480
134d
11f3
107d
0eca
0ceb
0af2
08ef
06c5
0486
022f
ffd3
fd86
fb41
f8fd
f6cd
f4c0
f2ce
f103
ef55
edce
ec79
eb5c
ea65
e99a
e8fe
e8ab
e8a0
e8c0
e907
e989
ea56
eb63
eca2
ee08
ef86
f127
f2f4
f4f4
f714
f940
fb67
fd90
ffd9
022e
047b
06af
08d2
0ad3
0cbd
0e99
1059
11f2
1359
1485
1571
1632
16c4
1726
1740
1716
16c5
163a
157d
147f
134d
11f4
107f
0ecd
0cf0
0af8
08f7
06cf
0493
023d
ffe2
fd95
fb4f
f90a
f6d9
f4ca
f2d5
f108
ef56
edcd
ec74
eb55
ea5d
e991
e8f4
e8a1
e895
e8b4
e8fc
e97e
ea4c
eb5a
ec9c
ee04
ef85
f129
f2f8
f4fa
f71b
f949
fb70
fd98
ffdf
0233
047f
06b1
08d2
0ad1
0cb8
0e92
1051
11e8
134e
147b
1568
1629
16bc
171f
173b
1713
16c3
163a
157e
1482
1351
11f7
1083
0ed2
0cf4
0afc
08fb
06d2
0493
023b
ffde
fd8f
fb48
f902
f6d0
f4c1
f2cd
f101
ef51
edc9
ec72
eb54
ea5d
e992
e8f6
e8a3
e898
e8b7
e8ff
e981
ea4f
eb5d
ec9e
ee06
ef87
f12b
f2fb
f4fc
f71e
f94c
fb74
fd9d
ffe7
023d
048a
06bd
08df
0ade
0cc6
0ea1
1060
11f7
135d
1489
1575
1637
16ca
172c
1746
171c
16cb
1641
1584
1485
1353
11f7
1082
0ecf
0cf0
0af7
08f5
06cb
048c
0234
ffd8
fd8a
fb43
f8fe
f6cc
f4be
f2cb
f0ff
ef50
edc8
ec72
eb55
ea5e
e994
e8f9
e8a6
e89b
e8ba
e901
e982
ea4e
eb5a
ec9b
ee01
ef80
f123
f2f2
f4f3
f713
f940
fb68
fd91
ffdb
0231
047e
06b2
08d4
0ad4
0cbd
0e9a
105a
11f3
1359
1485
1572
1632
16c5
1727
1741
1716
16c5
163b
157e
1480
134d
11f3
107d
0eca
0ceb
0af2
08ef
06c5
0486
022f
ffd3
fd86
fb41
f8fd
f6cd
f4c0
f2ce
f103
ef55
edce
ec79
eb5c
ea65
e99a
e8fe
e8ab
e8a0
e8c0
e907
e989
ea56
eb63
eca2
ee08
ef86
f127
f2f4
f4f4
f714
f940
fb67
fd90
ffd9
022e
047b
06af
08d2
0ad3
0cbd
0e99
1059
11f2
1359
1485
1571
1632
16c4
1726
1740
1716
16c5
163a
157d
147f
134d
11f4
107f
0ecd
0cf0
0af8
08f7
06cf
0493
023d
ffe2
fd95
fb4f
f90a
f6d9
f4ca
f2d5
f108
ef56
edcd
ec74
eb55
ea5d
e991
e8f4
e8a1
e895
e8b4
e8fc
e97e
ea4c
eb5a
ec9c
ee04
ef85
f129
f2f8
f4fa
f71b
f949
fb70
fd98
ffdf
0233
047f
06b1
08d2
0ad1
0cb8
0e92
1051
11e8
134e
147b
1568
1629
16bc
171f
173b
1713
16c3
163a
157e
1482
1351
11f7
1083
0ed2
0cf4
0afc
08fb
06d2
0493
023b
ffde
fd8f
fb48
f902
f6d0
f4c1
f2cd
f101
ef51
edc9
ec72
eb54
ea5d
e992
e8f6
e8a3
e898
e8b7
e8ff
e981
ea4f
eb5d
ec9e
ee06
ef87
f12b
f2fb
f4fc
f71e
f94c
fb74
fd9d
ffe7
023d
048a
06bd
08df
0ade
0cc6
0ea1
1060
11f7
135d
1489
1575
1637
16ca
172c
1746
171c
16cb
1641
1584
1485
1353
11f7
1082
0ecf
0cf0
0af7
08f5
06cb
048c
0234
ffd8
fd8a
fb43
f8fe
f6cc
f4be
f2cb
f0ff
ef50
edc8
ec72
eb55
ea5e
e994
e8f9
e8a6
e89b
e8ba
e901
e982
ea4e
eb5a
ec9b
ee01
ef80
f123
f2f2
f4f3
f713
f940
fb68
fd91
ffdb
0231
047e
06b2
08d4
0ad4
0cbd
0e9a
105a
11f3
1359
1485
1572
1632
16c5
1727
1741
1716
16c5
163b
157e
1480
134d
11f3
107d
0eca
0ceb
0af2
08ef
06c5
0486
022f
ffd3
fd86
fb41
f8fd
f6cd
f4c0
f2ce
f103
ef55
edce
ec79
eb5c
ea65
e99a
e8fe
ec8f
ec85
eca0
ecdb
ed48
edf2
eed2
efdc
f106
f245
f3a0
f520
f6cb
f890
fa60
fc2b
fdf8
ffdf
01d1
03bc
0592
0759
0905
0a9d
0c2a
0da0
0ef4
101f
1119
11de
127f
12f8
134a
1360
133d
12f9
1285
11e8
1115
1016
0ef6
0dbf
0c56
0ac8
0924
0779
05ad
03d0
011e
fff1
feca
fda7
fc85
fb6c
fa65
f96a
f884
f7ab
f6e6
f63a
f5aa
f52e
f4c8
f47a
f450
f44a
f45a
f47e
f4bf
f526
f5ad
f64e
f702
f7c2
f894
f97c
fa7d
fb8d
fca4
fdb8
fecc
ffef
0119
023f
0358
0469
0568
065c
0749
0828
08f4
09a7
0a3d
0ab4
0b14
0b5e
03da
03df
03d8
03cb
03b4
0395
036b
0338
02fe
02c0
0278
0228
01d4
017f
0123
00c3
005f
fffa
ff97
ff36
fed5
fe78
fe20
fdcc
fd80
fd38
fcf6
fcbd
fc8e
fc64
fc43
fc29
fc1b
fc19
fc1e
fc2a
fc40
fc62
fc8f
fcc5
fd01
fd41
fd87
fdd4
fe2a
fe85
fee2
ff3e
ff9a
fffb
005f
00c1
011f
017a
01cf
0221
0270
02ba
02fe
033a
036c
0393
03b3
03cc
172c
1746
171c
16cb
1641
1584
1485
1353
11f7
1082
0ecf
0cf0
0af7
08f5
06cb
048c
0234
ffd8
fd8a
fb43
f8fe
f6cc
f4be
f2cb
f0ff
ef50
edc8
ec72
eb55
ea5e
e994
e8f9
e8a6
e89b
e8ba
e901
e982
ea4e
eb5a
ec9b
ee01
ef80
f123
f2f2
f4f3
f713
f940
fb68
fd91
ffdb
0231
047e
06b2
08d4
0ad4
0cbd
0e9a
105a
11f3
1359
1485
1572
1632
16c5
1727
1741
1716
16c5
163b
157e
1480
134d
11f3
107d
0eca
0ceb
0af2
08ef
06c5
0486
022f
ffd3
fd86
fb41
f8fd
f6cd
f4c0
f2ce
f103
ef55
edce
ec79
eb5c
ea65
e99a
e8fe
e8ab
e8a0
e8c0
e907
e989
ea56
eb63
eca2
ee08
ef86
f127
f2f4
f4f4
f714
f940
fb67
fd90
ffd9
022e
047b
06af
08d2
0ad3
0cbd
0e99
1059
11f2
1359
1485
1571
1632
16c4
1726
1740
1716
16c5
163a
157d
147f
134d
11f4
107f
0ecd
0cf0
0af8
08f7
06cf
0493
023d
ffe2
fd95
fb4f
f90a
f6d9
f4ca
f2d5
f108
ef56
edcd
ec74
eb55
ea5d
e991
e8f4
e8a1
e895
e8b4
e8fc
e97e
ea4c
eb5a
ec9c
ee04
ef85
f129
f2f8
f4fa
f71b
f949
fb70
fd98
ffdf
0233
047f
06b1
08d2
0ad1
0cb8
0e92
1051
11e8
134e
147b
1568
1629
16bc
171f
173b
1713
16c3
163a
157e
1482
1351
11f7
1083
0ed2
0cf4
0afc
08fb
06d2
0493
023b
ffde
fd8f
fb48
f902
f6d0
f4c1
f2cd
f101
ef51
edc9
ec72
eb54
ea5d
e992
e8f6
e8a3
e898
e8b7
e8ff
e981
ea4f
eb5d
ec9e
ee06
ef87
f12b
f2fb
f4fc
f71e
f94c
fb74
fd9d
ffe7
023d
048a
06bd
08df
0ade
0cc6
0ea1
1060
11f7
135d
1489
1575
1637
16ca
172c
1746
171c
16cb
1641
1584
1485
1353
11f7
1082
0ecf
0cf0
0af7
08f5
06cb
048c
0234
ffd8
fd8a
fb43
f8fe
f6cc
f4be
f2cb
f0ff
ef50
edc8
ec72
eb55
ea5e
e994
e8f9
e8a6
e89b
e8ba
e901
e982
ea4e
eb5a
ec9b
ee01
ef80
f123
f2f2
f4f3
f713
f940
fb68
fd91
ffdb
0231
047e
06b2
08d4
0ad4
0cbd
0e9a
105a
11f3
1359
1485
1572
1632
16c5
1727
1741
1716
16c5
163b
157e
1480
134d
11f3
107d
0eca
0ceb
0af2
08ef
06c5
0486
022f
ffd3
fd86
fb41
f8fd
f6cd
f4c0
f2ce
f103
ef55
edce
ec79
eb5c
ea65
e99a
e8fe
e8ab
e8a0
e8c0
e907
e989
ea56
eb63
eca2
ee08
ef86
f127
f2f4
f4f4
f714
f940
fb67
fd90
ffd9
022e
047b
06af
08d2
0ad3
0cbd
0e99
1059
11f2
1359
1485
1571
1632
16c4
1726
1740
1716
16c5
163a
157d
147f
134d
11f4
107f
0ecd
0cf0
0af8
08f7
06cf
0493
023d
ffe2
fd95
fb4f
f90a
f6d9
f4ca
f2d5
f108
ef56
edcd
ec74
eb55
ea5d
e991
e8f4
ec86
ec7c
ec96
ecd2
ed3e
edea
eecb
efd7
f103
f244
f3a2
f524
f6d0
f897
fa67
fc32
fdfe
ffe5
01d5
03bf
0594
0759
0903
0a99
0c24
0d99
0eec
1016
1111
11d6
1278
12f2
1345
135c
133a
12f8
1285
11e9
1117
1019
0ef9
0dc3
0c59
0acb
0927
077c
05af
03d0
01dc
ffe3
fdf7
fc11
fa2c
f858
f6a1
f500
f381
f219
f0d2
efb4
eec6
edf8
ed4f
eccd
f451
f44c
f45b
f47f
f4c0
f527
f5ae
f64f
f703
f7c3
f895
f97d
fa7e
fb8f
fca6
fdba
fece
fff3
011e
0245
035e
046f
056f
0663
0750
0830
08fb
09ae
0a44
0aba
0b1b
0b65
0b96
0ba3
0b8e
0b65
0b20
0ac2
0a42
09a9
08fb
0841
0767
0678
057b
047a
0365
0246
005e
fff9
ff97
ff35
fed5
fe77
fe1f
fdcc
fd7f
fd38
fcf6
fcbd
fc8e
fc65
fc43
fc29
fc1b
fc19
fc1f
fc2a
fc40
fc62
fc8f
fcc4
fd00
fd40
fd85
fdd3
fe28
fe83
fee0
ff3c
ff98
fff9
005d
00bf
011d
0178
01ce
021f
026f
02b9
02fd
0339
036b
0393
03b3
03cb
0000
0000
0000
0000
0000
0000
0000
0000
0000
0000
0000
0000
0000
0000
0000
0000
0000
0000
0000
0000
0000
0000
0000
0000
0000
0000
0000
0000
0000
0000
0000
0000
0000
0000
0000
0000
0000
0000
0000
0000
0000
0000
0000
0000
0000
0000
0000
0000
0000
0000
0000
0000
0000
0000
0000
0000
0000
0000
0000
0000
0000
0000
0000
0000
0000
0000
0000
0000
0000
0000
0000
0000
0000
0000
0000
0000
0000
0000
0000
0000
0000
0000
0000
0000
0000
0000
0000
0000
0000
0000
0000
0000
0000
0000
0000
0000
0000
0000
0000
0000
0000
0000
0000
0000
0000
0000
0000
0000
0000
0000
0000
0000
0000
0000
0000
0000
0000
0000
0000
0000
0000
0000
0000
0000
0000
0000
0000
0000
0000
0000
0000
0000
0000
0000
0000
0000
0000
0000
0000
0000
0000
0000
0000
0000
0000
0000
0000
0000
0000
0000
0000
0000
0000
0000
0000
0000
0000
0000
0000
0000
0000
0000
0000
0000
0000
0000
0000
0000
0000
0000
0000
0000
0000
0000
0000
0000
0000
0000
0000
0000
0000
0000
0000
0000
0000
0000
0000
0000
0000
0000
0000
0000
0000
0000
0000
0000
0000
0000
0000
0000
0000
0000
0000
0000
0000
0000
0000
0000
0000
0000
0000
0000
0000
0000
0000
0000
0000
0000
0000
0000
0000
0000
0000
0000
0000
0000
0000
0000
0000
0000
0000
0000
0000
0000
0000
0000
0000
0000
0000
0000
0000
0000
0000
0000
0000
0000
0000
0000
0000
0000
0000
0000
0000
0000
0000
0000
0000
0000
0000
0000
0000
0000
0000
0000
0000
0000
0000
0000
0000
0000
0000
0000
0000
0000
0000
0000
0000
0000
0000
0000
0000
0000
0000
0000
0000
0000
0000
0000
0000
0000
0000
0000
0000
0000
0000
0000
0000
0000
0000
0000
0000
0000
0000
0000
0000
0000
0000
0000
0000
0000
0000
0000
0000
0000
0000
0000
0000
0000
0000
0000
0000
0000
0000
0000
0000
0000
0000
0000
0000
0000
0000
0000
0000
0000
0000
0000
0000
0000
0000
0000
0000
0000
0000
0000
0000
0000
0000
0000
0000
0000
0000
0000
0000
0000
0000
0000
0000
0000
0000
0000
0000
0000
0000
0000
0000
0000
0000
0000
0000
0000
0000
0000
0000
0000
0000
0000
0000
0000
0000
0000
0000
0000
0000
0000
0000
0000
0000
0000
0000
0000
0000
0000
0000
0000
0000
0000
0000
0000
0000
0000
0000
0000
0000
0000
0000
0000
0000
0000
0000
0000
0000
0000
0000
0000
0000
0000
0000
0000
0000
0000
0000
0000
0000
0000
0000
0000
0000
0000
0000
0000
0000
0000
0000
0000
0000
0000
0000
0000
0000
0000
0000
0000
0000
0000
0000
0000
0000
0000
0000
0000
0000
0000
0000
0000
0000
0000
0000
0000
0000
0000
0000
0000
0000
0000
0000
0000
0000
0000
0000
0000
0000
0000
0000
0000
0000
0000
0000
0000
0000
0000
0000
0000
0000
0000
0000
0000
0000
0000
0000
0000
0000
0000
0000
0000
0000
0000
0000
0000
0000
0000
0000
0000
0000
0000
0000
0000
0000
0000
0000
0000
0000
0000
0000
0000
0000
0000
0000
0000
0000
0000
0000
0000
0000
0000
0000
0000
0000
0000
0000
0000
0000
0000
0000
0000
0000
0000
0000
0000
0000
0000
0000
0000
0000
0000
0000
0000
0000
0000
0000
0000
0000
0000
0000
0000
0000
0000
0000
0000
0000
0000
0000
0000
0000
0000
0000
0000
0000
0000
0000
0000
0000
0000
0000
0000
0000
0000
0000
0000
0000
0000
0000
0000
0000
0000
0000
0000
0000
0000
0000
0000
0000
0000
0000
0000
0000
0000
0000
0000
0000
0000
0000
0000
0000
0000
0000
0000
0000
0000
0000
0000
0000
0000
0000
0000
0000
0000
0000
0000
0000
0000
0000
0000
0000
0000
0000
0000
0000
0000
0000
0000
0000
0000
0000
0000
0000
0000
0000
0000
0000
0000
0000
0000
0000
0000
0000
0000
0000
0000
0000
0000
0000
0000
0000
0000
0000
0000
0000
0000
0000
0000
0000
0000
0000
0000
0000
0000
0000
0000
0000
0000
0000
0000
0000
0000
0000
0000
0000
0000
0000
0000
0000
0000
0000
0000
0000
0000
0000
0000
0000
0000
0000
0000
0000
0000
0000
0000
0000
0000
0000
0000
0000
0000
0000
0000
0000
0000
0000
0000
0000
0000
0000
0000
0000
0000
0000
0000
0000
0000
0000
0000
0000
0000
0000
0000
0000
0000
0000
0000
0000
0000
0000
0000
0000
0000
0000
0000
0000
0000
0000
0000
0000
0000
0000
0000
0000
0000
0000
0000
0000
0000
0000
0000
0000
0000
0000
0000
0000
0000
0000
0000
0000
0000
0000
0000
0000
0000
0000
0000
0000
0000
0000
0000
0000
0000
0000
0000
0000
0000
0000
0000
0000
0000
0000
0000
0000
0000
0000
0000
0000
0000
0000
0000
0000
0000
0000
0000
0000
0000
0000
0000
0000
0000
0000
0000
0000
0000
0000
0000
0000
0000
0000
0000
0000
0000
0000
0000
0000
0000
0000
0000
0000
0000
0000
0000
0000
0000
0000
0000
0000
0000
0000
0000
0000
0000
0000
0000
0000
0000
0000
0000
0000
0000
0000
0000
0000
0000
0000
0000
0000
0000
0000
0000
0000
0000
0000
0000
0000
0000
0000
0000
0000
0000
0000
0000
0000
0000
0000
0000
0000
0000
0000
0000
0000
0000
0000
0000
0000
0000
0000
0000
0000
0000
0000
0000
0000
0000
0000
0000
0000
0000
0000
0000
0000
0000
0000
0000
0000
0000
0000
0000
0000
0000
0000
0000
0000
0000
0000
0000
0000
0000
0000
0000
0000
0000
0000
0000
0000
0000
0000
0000
0000
0000
0000
0000
0000
0000
0000
0000
0000
0000
0000
0000
0000
0000
0000
0000
0000
0000
0000
0000
0000
0000
0000
0000
0000
0000
0000
0000
0000
0000
0000
0000
0000
0000
0000
0000
0000
0000
0000
0000
0000
0000
0000
0000
0000
0000
0000
0000
0000
0000
0000
0000
0000
0000
0000
0000
0000
0000
0000
0000
0000
0000
0000
0000
0000
0000
0000
0000
0000
0000
0000
0000
0000
0000
0000
0000
0000
0000
0000
0000
0000
0000
0000
0000
0000
0000
0000
0000
0000
0000
0000
0000
0000
0000
0000
0000
0000
0000
0000
0000
0000
0000
0000
0000
0000
0000
0000
0000
0000
0000
0000
0000
0000
0000
0000
0000
0000
0000
0000
0000
0000
0000
0000
0000
0000
0000
0000
0000
0000
0000
0000
0000
0000
0000
0000
0000
0000
0000
0000
0000
0000
0000
0000
0000
0000
0000
0000
0000
0000
0000
0000
0000
0000
0000
0000
0000
0000
0000
0000
0000
0000
0000
0000
0000
0000
0000
0000
0000
0000
0000
0000
0000
0000
0000
0000
0000
0000
0000
0000
0000
0000
0000
0000
0000
0000
0000
0000
0000
0000
0000
0000
0000
0000
0000
0000
0000
0000
0000
0000
0000
0000
0000
0000
0000
0000
0000
0000
0000
0000
0000
0000
0000
0000
0000
0000
0000
0000
0000
0000
0000
0000
0000
0000
0000
0000
0000
0000
0000
0000
0000
0000
0000
0000
0000
0000
0000
0000
0000
0000
0000
0000
0000
0000
0000
0000
0000
0000
0000
0000
0000
0000
0000
0000
0000
0000
0000
0000
0000
0000
0000
0000
0000
0000
0000
0000
0000
0000
0000
0000
0000
0000
0000
0000
0000
0000
0000
0000
0000
0000
0000
0000
0000
0000
0000
0000
0000
0000
0000
0000
0000
0000
0000
0000
0000
0000
0000
0000
0000
0000
0000
0000
0000
0000
0000
0000
0000
0000
0000
0000
0000
0000
0000
0000
0000
0000
0000
0000
0000
0000
0000
0000
0000
0000
0000
0000
0000
0000
0000
0000
0000
0000
0000
0000
0000
0000
0000
0000
0000
0000
0000
0000
0000
0000
0000
0000
0000
0000
0000
0000
0000
0000
0000
0000
0000
0000
0000
0000
0000
0000
0000
0000
0000
0000
0000
0000
0000
0000
0000
0000
0000
0000
0000
0000
0000
0000
0000
0000
0000
0000
0000
0000
0000
0000
0000
0000
0000
0000
0000
0000
0000
0000
0000
0000
0000
0000
0000
0000
0000
0000
0000
0000
0000
0000
0000
0000
0000
0000
0000
0000
0000
0000
0000
0000
0000
0000
0000
0000
0000
0000
0000
0000
0000
0000
0000
0000
0000
0000
0000
0000
0000
0000
0000
0000
0000
0000
0000
0000
0000
0000
0000
0000
0000
0000
0000
0000
0000
0000
0000
0000
0000
0000
0000
0000
0000
0000
0000
0000
0000
0000
0000
0000
0000
0000
0000
0000
0000
0000
0000
0000
0000
0000
0000
0000
0000
0000
0000
0000
0000
0000
0000
0000
0000
0000
0000
0000
0000
0000
0000
0000
0000
0000
0000
0000
0000
0000
0000
0000
0000
0000
0000
0000
0000
0000
0000
0000
0000
0000
0000
0000
0000
0000
0000
0000
0000
0000
0000
0000
0000
0000
0000
0000
0000
0000
0000
0000
0000
0000
0000
0000
0000
0000
0000
0000
0000
0000
0000
0000
0000
0000
0000
0000
0000
0000
0000
0000
0000
0000
0000
0000
0000
0000
0000
0000
0000
0000
0000
0000
0000
0000
0000
0000
0000
0000
0000
0000
0000
0000
0000
0000
0000
0000
0000
0000
0000
0000
0000
0000
0000
0000
0000
0000
0000
0000
0000
0000
0000
0000
0000
0000
0000
0000
0000
0000
0000
0000
0000
0000
0000
0000
0000
0000
0000
0000
0000
0000
0000
0000
0000
0000
0000
0000
0000
0000
0000
0000
0000
0000
0000
0000
0000
0000
0000
0000
0000
0000
0000
0000
0000
0000
0000
0000
0000
0000
0000
0000
0000
0000
0000
0000
0000
0000
0000
0000
0000
0000
0000
0000
0000
0000
0000
0000
0000
0000
0000
0000
0000
0000
0000
0000
0000
0000
0000
0000
0000
0000
0000
0000
0000
0000
0000
0000
0000
0000
0000
0000
0000
0000
0000
0000
0000
0000
0000
0000
0000
0000
0000
0000
0000
0000
0000
0000
0000
0000
0000
0000
0000
0000
0000
0000
0000
0000
0000
0000
0000
0000
0000
0000
0000
0000
0000
0000
0000
0000
0000
0000
0000
0000
0000
0000
0000
0000
0000
0000
0000
0000
0000
0000
0000
0000
0000
0000
0000
0000
0000
0000
0000
0000
0000
0000
0000
0000
0000
0000
0000
0000
0000
0000
0000
0000
0000
0000
0000
0000
0000
0000
0000
0000
0000
0000
0000
0000
0000
0000
0000
0000
0000
0000
0000
0000
0000
0000
0000
0000
0000
0000
0000
0000
0000
0000
0000
0000
0000
0000
0000
0000
0000
0000
0000
0000
0000
0000
0000
0000
0000
0000
0000
0000
0000
0000
0000
0000
0000
0000
0000
0000
0000
0000
0000
0000
0000
0000
0000
0000
0000
0000
0000
0000
0000
0000
0000
0000
0000
0000
0000
0000
0000
0000
0000
0000
0000
0000
0000
0000
0000
0000
0000
0000
0000
0000
0000
0000
0000
0000
0000
0000
0000
0000
0000
0000
0000
0000
0000
0000
0000
0000
0000
0000
0000
0000
0000
0000
0000
0000
0000
0000
0000
0000
0000
0000
0000
0000
0000
0000
0000
0000
0000
0000
0000
0000
0000
0000
0000
0000
0000
0000
0000
0000
0000
0000
0000
0000
0000
0000
0000
0000
0000
0000
0000
0000
0000
0000
0000
0000
0000
0000
0000
0000
0000
0000
0000
0000
0000
0000
0000
0000
0000
0000
0000
0000
0000
0000
0000
0000
0000
0000
0000
0000
0000
0000
0000
0000
0000
0000
0000
0000
0000
0000
0000
0000
0000
0000
0000
0000
0000
0000
0000
0000
0000
0000
0000
0000
0000
0000
0000
0000
0000
0000
0000
0000
0000
0000
0000
0000
0000
0000
0000
0000
0000
0000
0000
0000
0000
0000
0000
0000
0000
0000
0000
0000
0000
0000
0000
0000
0000
0000
0000
0000
0000
0000
0000
0000
0000
0000
0000
0000
0000
0000
0000
0000
0000
0000
0000
0000
0000
0000
0000
0000
0000
0000
0000
0000
0000
0000
0000
0000
0000
0000
0000
0000
0000
0000
0000
0000
0000
0000
0000
0000
0000
0000
0000
0000
0000
0000
0000
0000
0000
0000
0000
0000
0000
0000
0000
0000
0000
0000
0000
0000
0000
0000
0000
0000
0000
0000
0000
0000
0000
0000
0000
0000
0000
0000
0000
0000
0000
0000
0000
0000
0000
0000
0000
0000
0000
0000
0000
0000
0000
0000
0000
0000
0000
0000
0000
0000
0000
0000
0000
0000
0000
0000
0000
0000
0000
0000
0000
0000
0000
0000
0000
0000
0000
0000
0000
0000
0000
0000
0000
0000
0000
0000
0000
0000
0000
0000
0000
0000
0000
0000
0000
0000
0000
0000
0000
0000
0000
0000
0000
0000
0000
0000
0000
0000
0000
0000
0000
0000
0000
0000
0000
0000
0000
0000
0000
0000
0000
0000
0000
0000
0000
0000
0000
0000
0000
0000
0000
0000
0000
0000
0000
0000
0000
0000
0000
0000
0000
0000
0000
0000
0000
0000
0000
0000
0000
0000
0000
0000
0000
0000
0000
0000
0000
0000
0000
0000
0000
0000
0000
0000
0000
0000
0000
0000
0000
0000
0000
0000
0000
0000
0000
0000
0000
0000
0000
0000
0000
0000
0000
0000
0000
0000
0000
0000
0000
0000
0000
0000
0000
0000
0000
0000
0000
0000
0000
0000
0000
0000
0000
0000
0000
0000
0000
0000
0000
0000
0000
0000
0000
0000
0000
0000
0000
0000
0000
0000
0000
0000
0000
0000
0000
0000
0000
0000
0000
0000
0000
0000
0000
0000
0000
0000
0000
0000
0000
0000
0000
0000
0000
0000
0000
0000
0000
0000
0000
0000
0000
0000
0000
0000
0000
0000
0000
0000
0000
0000
0000
0000
0000
0000
0000
0000
0000
0000
0000
0000
0000
0000
0000
0000
0000
0000
0000
0000
0000
0000
0000
0000
0000
0000
0000
0000
0000
0000
0000
0000
0000
0000
0000
0000
0000
0000
0000
0000
0000
0000
0000
0000
0000
0000
0000
0000
0000
0000
0000
0000
0000
0000
0000
0000
0000
0000
0000
0000
0000
0000
0000
0000
0000
0000
0000
0000
0000
0000
0000
0000
0000
0000
0000
0000
0000
0000
0000
0000
0000
0000
0000
0000
0000
0000
0000
0000
0000
0000
0000
0000
0000
0000
0000
0000
0000
0000
0000
0000
0000
0000
0000
0000
0000
0000
0000
0000
0000
0000
0000
0000
0000
0000
0000
0000
0000
0000
0000
0000
0000
0000
0000
0000
0000
0000
0000
0000
0000
0000
0000
0000
0000
0000
0000
0000
0000
0000
0000
0000
0000
0000
0000
0000
0000
0000
0000
0000
0000
0000
0000
0000
0000
0000
0000
0000
0000
0000
0000
0000
0000
0000
0000
0000
0000
0000
0000
0000
0000
0000
0000
0000
0000
0000
0000
0000
0000
0000
0000
0000
0000
0000
0000
0000
0000
0000
0000
0000
0000
0000
0000
0000
0000
0000
0000
0000
0000
0000
0000
0000
0000
0000
0000
0000
0000
0000
0000
0000
0000
0000
0000
0000
0000
0000
0000
0000
0000
0000
0000
0000
0000
0000
0000
0000
0000
0000
0000
0000
0000
0000
0000
0000
0000
0000
0000
0000
0000
0000
0000
0000
0000
0000
0000
0000
0000
0000
0000
0000
0000
0000
0000
0000
0000
0000
0000
0000
0000
0000
0000
0000
0000
0000
0000
0000
0000
0000
0000
0000
0000
0000
0000
0000
0000
0000
0000
0000
0000
0000
0000
0000
0000
0000
0000
0000
0000
0000
0000
0000
0000
0000
0000
0000
0000
0000
0000
0000
0000
0000
0000
0000
0000
0000
0000
0000
0000
0000
0000
0000
0000
0000
0000
0000
0000
0000
0000
0000
0000
0000
0000
0000
0000
0000
0000
0000
0000
0000
0000
0000
0000
0000
0000
0000
0000
0000
0000
0000
0000
0000
0000
0000
0000
0000
0000
0000
0000
0000
0000
0000
0000
0000
0000
0000
0000
0000
0000
0000
0000
0000
0000
0000
0000
0000
0000
0000
0000
0000
0000
0000
0000
0000
0000
0000
0000
0000
0000
0000
0000
0000
0000
0000
0000
0000
0000
0000
0000
0000
0000
0000
0000
0000
0000
0000
0000
0000
0000
0000
0000
0000
0000
0000
0000
0000
0000
0000
0000
0000
0000
0000
0000
0000
0000
0000
0000
0000
0000
0000
0000
0000
0000
0000
0000
0000
0000
0000
0000
0000
0000
0000
0000
0000
0000
0000
0000
0000
0000
0000
0000
0000
0000
0000
0000
0000
0000
0000
0000
0000
0000
0000
0000
0000
0000
0000
0000
0000
0000
0000
0000
0000
0000
0000
0000
0000
0000
0000
0000
0000
0000
0000
0000
0000
0000
0000
0000
0000
0000
0000
0000
0000
0000
0000
0000
0000
0000
0000
0000
0000
0000
0000
0000
0000
0000
0000
0000
0000
0000
0000
0000
0000
0000
0000
0000
0000
0000
0000
0000
0000
0000
0000
0000
0000
0000
0000
0000
0000
0000
0000
0000
0000
0000
0000
0000
0000
0000
0000
0000
0000
0000
0000
0000
0000
0000
0000
0000
0000
0000
0000
0000
0000
0000
0000
0000
0000
0000
0000
0000
0000
0000
0000
0000
0000
0000
0000
0000
0000
0000
0000
0000
0000
0000
0000
0000
0000
0000
0000
0000
0000
0000
0000
0000
0000
0000
0000
0000
0000
0000
0000
0000
0000
0000
0000
0000
0000
0000
0000
0000
0000
0000
0000
0000
0000
0000
0000
0000
0000
0000
0000
0000
0000
0000
0000
0000
0000
0000
0000
0000
0000
0000
0000
0000
0000
0000
0000
0000
0000
0000
0000
0000
0000
0000
0000
0000
0000
0000
0000
0000
0000
0000
0000
0000
0000
0000
0000
0000
0000
0000
0000
0000
0000
0000
0000
0000
0000
0000
0000
0000
0000
0000
0000
0000
0000
0000
0000
0000
0000
0000
0000
0000
0000
0000
0000
0000
0000
0000
0000
0000
0000
0000
0000
0000
0000
0000
0000
0000
0000
0000
0000
0000
0000
0000
0000
0000
0000
0000
0000
0000
0000
0000
0000
0000
0000
0000
0000
0000
0000
0000
0000
0000
0000
0000
0000
0000
0000
0000
0000
0000
0000
0000
0000
0000
0000
0000
0000
0000
0000
0000
0000
0000
0000
0000
0000
0000
0000
0000
0000
0000
0000
0000
0000
0000
0000
0000
0000
0000
0000
0000
0000
0000
0000
0000
0000
0000
0000
0000
0000
0000
0000
0000
0000
0000
0000
0000
0000
0000
0000
0000
0000
0000
0000
0000
0000
0000
0000
0000
0000
0000
0000
0000
0000
0000
0000
0000
0000
0000
0000
0000
0000
0000
0000
0000
0000
0000
0000
0000
0000
0000
0000
0000
0000
0000
0000
0000
0000
0000
0000
0000
0000
0000
0000
0000
0000
0000
0000
0000
0000
0000
0000
0000
0000
0000
0000
0000
0000
0000
0000
0000
0000
0000
0000
0000
0000
0000
0000
0000
0000
0000
0000
0000
0000
0000
0000
0000
0000
0000
0000
0000
0000
0000
0000
0000
0000
0000
0000
0000
0000
0000
0000
0000
0000
0000
0000
0000
0000
0000
0000
0000
0000
0000
0000
0000
0000
0000
0000
0000
0000
0000
0000
0000
0000
0000
0000
0000
0000
0000
0000
0000
0000
0000
0000
0000
0000
0000
0000
0000
0000
0000
0000
0000
0000
0000
0000
0000
0000
0000
0000
0000
0000
0000
0000
0000
0000
0000
0000
0000
0000
0000
0000
0000
0000
0000
0000
0000
0000
0000
0000
0000
0000
0000
0000
0000
0000
0000
0000
0000
0000
0000
0000
0000
0000
0000
0000
0000
0000
0000
0000
0000
0000
0000
0000
0000
0000
0000
0000
0000
0000
0000
0000
0000
0000
0000
0000
0000
0000
0000
0000
0000
0000
0000
0000
0000
0000
0000
0000
0000
0000
0000
0000
0000
0000
0000
0000
0000
0000
0000
0000
0000
0000
0000
0000
0000
0000
0000
0000
0000
0000
0000
0000
0000
0000
0000
0000
0000
0000
0000
0000
0000
0000
0000
0000
0000
0000
0000
0000
0000
0000
0000
0000
0000
0000
0000
0000
0000
0000
0000
0000
0000
0000
0000
0000
0000
0000
0000
0000
0000
0000
0000
0000
0000
0000
0000
0000
0000
0000
0000
0000
0000
0000
0000
0000
0000
0000
0000
0000
0000
0000
0000
0000
0000
0000
0000
0000
0000
0000
0000
0000
0000
0000
0000
0000
0000
0000
0000
0000
0000
0000
0000
0000
0000
0000
0000
0000
0000
0000
0000
0000
0000
0000
0000
0000
0000
0000
0000
0000
0000
0000
0000
0000
0000
0000
0000
0000
0000
0000
0000
0000
0000
0000
0000
0000
0000
0000
0000
0000
0000
0000
0000
0000
0000
0000
0000
0000
0000
0000
0000
0000
0000
0000
0000
0000
0000
0000
0000
0000
0000
0000
0000
0000
0000
0000
0000
0000
0000
0000
0000
0000
0000
0000
0000
0000
0000
0000
0000
0000
0000
0000
0000
0000
0000
0000
0000
0000
0000
0000
0000
0000
0000
0000
0000
0000
0000
0000
0000
0000
0000
0000
0000
0000
0000
0000
0000
0000
0000
0000
0000
0000
0000
0000
0000
0000
0000
0000
0000
0000
0000
0000
0000
0000
0000
0000
0000
0000
0000
0000
0000
0000
0000
0000
0000
0000
0000
0000
0000
0000
0000
0000
0000
0000
0000
0000
0000
0000
0000
0000
0000
0000
0000
0000
0000
0000
0000
0000
0000
0000
0000
0000
0000
0000
0000
0000
0000
0000
0000
0000
0000
0000
0000
0000
0000
0000
0000
0000
0000
0000
0000
0000
0000
0000
0000
0000
0000
0000
0000
0000
0000
0000
0000
0000
0000
0000
0000
0000
0000
0000
0000
0000
0000
0000
0000
0000
0000
0000
0000
0000
0000
0000
0000
0000
0000
0000
0000
0000
0000
0000
0000
0000
0000
0000
0000
0000
0000
0000
0000
0000
0000
0000
0000
0000
0000
0000
0000
0000
0000
0000
0000
0000
0000
0000
0000
0000
0000
0000
0000
0000
0000
0000
0000
0000
0000
0000
0000
0000
0000
0000
0000
0000
0000
0000
0000
0000
0000
0000
0000
0000
0000
0000
0000
0000
0000
0000
0000
0000
0000
0000
0000
0000
0000
0000
0000
0000
0000
0000
0000
0000
0000
0000
0000
0000
0000
0000
0000
0000
0000
0000
0000
0000
0000
0000
0000
0000
0000
0000
0000
0000
0000
0000
0000
0000
0000
0000
0000
0000
0000
0000
0000
0000
0000
0000
0000
0000
0000
0000
0000
0000
0000
0000
0000
0000
0000
0000
0000
0000
0000
0000
0000
0000
0000
0000
0000
0000
0000
0000
0000
0000
0000
0000
0000
0000
0000
0000
0000
0000
0000
0000
0000
0000
0000
0000
0000
0000
0000
0000
0000
0000
0000
0000
0000
0000
0000
0000
0000
0000
0000
0000
0000
0000
0000
0000
0000
0000
0000
0000
0000
0000
0000
0000
0000
0000
0000
0000
0000
0000
0000
0000
0000
0000
0000
0000
0000
0000
0000
0000
0000
0000
0000
0000
0000
0000
0000
0000
0000
0000
0000
0000
0000
0000
0000
0000
0000
0000
0000
0000
0000
0000
0000
0000
0000
0000
0000
0000
0000
0000
0000
0000
0000
0000
0000
0000
0000
0000
0000
0000
0000
0000
0000
0000
0000
0000
0000
0000
0000
0000
0000
0000
0000
0000
0000
0000
0000
0000
0000
0000
0000
0000
0000
0000
0000
0000
0000
0000
0000
0000
0000
0000
0000
0000
0000
0000
0000
0000
0000
0000
0000
0000
0000
0000
0000
0000
0000
0000
0000
0000
0000
0000
0000
0000
0000
0000
0000
0000
0000
0000
0000
0000
0000
0000
0000
0000
0000
0000
0000
0000
0000
0000
0000
0000
0000
0000
0000
0000
0000
0000
0000
0000
0000
0000
0000
0000
0000
0000
0000
0000
0000
0000
0000
0000
0000
0000
0000
0000
0000
0000
0000
0000
0000
0000
0000
0000
0000
0000
0000
0000
0000
0000
0000
0000
0000
0000
0000
0000
0000
0000
0000
0000
0000
0000
0000
0000
0000
0000
0000
0000
0000
0000
0000
0000
0000
0000
0000
0000
0000
0000
0000
0000
0000
0000
0000
0000
0000
0000
0000
0000
0000
0000
0000
0000
0000
0000
0000
0000
0000
0000
0000
0000
0000
0000
0000
0000
0000
0000
0000
0000
0000
0000
0000
0000
0000
0000
0000
0000
0000
0000
0000
0000
0000
0000
0000
0000
0000
0000
0000
0000
0000
0000
0000
0000
0000
0000
0000
0000
0000
0000
0000
0000
0000
0000
0000
0000
0000
0000
0000
0000
0000
0000
0000
0000
0000
0000
0000
0000
0000
0000
0000
0000
0000
0000
0000
0000
0000
0000
0000
0000
0000
0000
0000
0000
0000
0000
0000
0000
0000
0000
0000
0000
0000
0000
0000
0000
0000
0000
0000
0000
0000
0000
0000
0000
0000
0000
0000
0000
0000
0000
0000
0000
0000
0000
0000
0000
0000
0000
0000
0000
0000
0000
0000
0000
0000
0000
0000
0000
0000
0000
0000
0000
0000
0000
0000
0000
0000
0000
0000
0000
0000
0000
0000
0000
0000
0000
0000
0000
0000
0000
0000
0000
0000
0000
0000
0000
0000
0000
0000
0000
0000
0000
0000
0000
0000
0000
0000
0000
0000
0000
0000
0000
0000
0000
0000
0000
0000
0000
0000
0000
0000
0000
0000
0000
0000
0000
0000
0000
0000
0000
0000
0000
0000
0000
0000
0000
0000
0000
0000
0000
0000
0000
0000
0000
0000
0000
0000
0000
0000
0000
0000
0000
0000
0000
0000
0000
0000
0000
0000
0000
0000
0000
0000
0000
0000
0000
0000
0000
0000
0000
0000
0000
0000
0000
0000
0000
0000
0000
0000
0000
0000
0000
0000
0000
0000
0000
0000
0000
0000
0000
0000
0000
0000
0000
0000
0000
0000
0000
0000
0000
0000
0000
0000
0000
0000
0000
0000
0000
0000
0000
0000
0000
0000
0000
0000
0000
0000
0000
0000
0000
0000
0000
0000
0000
0000
0000
0000
0000
0000
0000
0000
0000
0000
0000
0000
0000
0000
0000
0000
0000
0000
0000
0000
0000
0000
0000
0000
0000
0000
0000
0000
0000
0000
0000
0000
0000
0000
0000
0000
0000
0000
0000
0000
0000
0000
0000
0000
0000
0000
0000
0000
0000
0000
0000
0000
0000
0000
0000
0000
0000
0000
0000
0000
0000
0000
0000
0000
0000
0000
0000
0000
0000
0000
0000
0000
0000
0000
0000
0000
0000
0000
0000
0000
0000
0000
0000
0000
0000
0000
0000
0000
0000
0000
0000
0000
0000
0000
0000
0000
0000
0000
0000
0000
0000
0000
0000
0000
0000
0000
0000
0000
0000
0000
0000
0000
0000
0000
0000
0000
0000
0000
0000
0000
0000
0000
0000
0000
0000
0000
0000
0000
0000
0000
0000
0000
0000
0000
0000
0000
0000
0000
0000
0000
0000
0000
0000
0000
0000
0000
0000
0000
0000
0000
0000
0000
0000
0000
0000
0000
0000
0000
0000
0000
0000
0000
0000
0000
0000
0000
0000
0000
0000
0000
0000
0000
0000
0000
0000
0000
0000
0000
0000
0000
0000
0000
0000
0000
0000
0000
0000
0000
0000
0000
0000
0000
0000
0000
0000
0000
0000
0000
0000
0000
0000
0000
0000
0000
0000
0000
0000
0000
0000
0000
0000
0000
0000
0000
0000
0000
0000
0000
0000
0000
0000
0000
0000
0000
0000
0000
0000
0000
0000
0000
0000
0000
0000
0000
0000
0000
0000
0000
0000
0000
0000
0000
0000
0000
0000
0000
0000
0000
0000
0000
0000
0000
0000
0000
0000
0000
0000
0000
0000
0000
0000
0000
0000
0000
0000
0000
0000
0000
0000
0000
0000
0000
0000
0000
0000
0000
0000
0000
0000
0000
0000
0000
0000
0000
0000
0000
0000
0000
0000
0000
0000
0000
0000
0000
0000
0000
0000
0000
0000
0000
0000
0000
0000
0000
0000
0000
0000
0000
0000
0000
0000
0000
0000
0000
0000
0000
0000
0000
0000
0000
0000
0000
0000
0000
0000
0000
0000
0000
0000
0000
0000
0000
0000
0000
0000
0000
0000
0000
0000
0000
0000
0000
0000
0000
0000
0000
0000
0000
0000
0000
0000
0000
0000
0000
0000
0000
0000
0000
0000
0000
0000
0000
0000
0000
0000
0000
0000
0000
0000
0000
0000
0000
0000
0000
0000
0000
0000
0000
0000
0000
0000
0000
0000
0000
0000
0000
0000
0000
0000
0000
0000
0000
0000
0000
0000
0000
0000
0000
0000
0000
0000
0000
0000
0000
0000
0000
0000
0000
0000
0000
0000
0000
0000
0000
0000
0000
0000
0000
0000
0000
0000
0000
0000
0000
0000
0000
0000
0000
0000
0000
0000
0000
0000
0000
0000
0000
0000
0000
0000
0000
0000
0000
0000
0000
0000
0000
0000
0000
0000
0000
0000
0000
0000
0000
0000
0000
0000
0000
0000
0000
0000
0000
0000
0000
0000
0000
0000
0000
0000
0000
0000
0000
0000
0000
0000
0000
0000
0000
0000
0000
0000
0000
0000
0000
0000
0000
0000
0000
0000
0000
0000
0000
0000
0000
0000
0000
0000
0000
0000
0000
0000
0000
0000
0000
0000
0000
0000
0000
0000
0000
0000
0000
0000
0000
0000
0000
0000
0000
0000
0000
0000
0000
0000
0000
0000
0000
0000
0000
0000
0000
0000
0000
0000
0000
0000
0000
0000
0000
0000
0000
0000
0000
0000
0000
0000
0000
0000
0000
0000
0000
0000
0000
0000
0000
0000
0000
0000
0000
0000
0000
0000
0000
0000
0000
0000
0000
0000
0000
0000
0000
0000
0000
0000
0000
0000
0000
0000
0000
0000
0000
0000
0000
0000
0000
0000
0000
0000
0000
0000
0000
0000
0000
0000
0000
0000
0000
0000
0000
0000
0000
0000
0000
0000
0000
0000
0000
0000
0000
0000
0000
0000
0000
0000
0000
0000
0000
0000
0000
0000
0000
0000
0000
0000
0000
0000
0000
0000
0000
0000
0000
0000
0000
0000
0000
0000
0000
0000
0000
0000
0000
0000
0000
0000
0000
0000
0000
0000
0000
0000
0000
0000
0000
0000
0000
0000
0000
0000
0000
0000
0000
0000
0000
0000
0000
0000
0000
0000
0000
0000
0000
0000
0000
0000
0000
0000
0000
0000
0000
0000
0000
0000
0000
0000
0000
0000
0000
0000
0000
0000
0000
0000
0000
0000
0000
0000
0000
0000
0000
0000
0000
0000
0000
0000
0000
0000
0000
0000
0000
0000
0000
0000
0000
0000
0000
0000
0000
0000
0000
0000
0000
0000
0000
0000
0000
0000
0000
0000
0000
0000
0000
0000
0000
0000
0000
0000
0000
0000
0000
0000
0000
0000
0000
0000
0000
0000
0000
0000
0000
0000
0000
0000
0000
0000
0000
0000
0000
0000
0000
0000
0000
0000
0000
0000
0000
0000
0000
0000
0000
0000
0000
0000
0000
0000
0000
0000
0000
0000
0000
0000
0000
0000
0000
0000
0000
0000
0000
0000
0000
0000
0000
0000
0000
0000
0000
0000
0000
0000
0000
0000
0000
0000
0000
0000
0000
0000
0000
0000
0000
0000
0000
0000
0000
0000
0000
0000
0000
0000
0000
0000
0000
0000
0000
0000
0000
0000
0000
0000
0000
0000
0000
0000
0000
0000
0000
0000
0000
0000
0000
0000
0000
0000
0000
0000
0000
0000
0000
0000
0000
0000
0000
0000
0000
0000
0000
0000
0000
0000
0000
0000
0000
0000
0000
0000
0000
0000
0000
0000
0000
0000
0000
0000
0000
0000
0000
0000
0000
0000
0000
0000
0000
0000
0000
0000
0000
0000
0000
0000
0000
0000
0000
0000
0000
0000
0000
0000
0000
0000
0000
0000
0000
0000
0000
0000
0000
0000
0000
0000
0000
0000
0000
0000
0000
0000
0000
0000
0000
0000
0000
0000
0000
0000
0000
0000
0000
0000
0000
0000
0000
0000
0000
0000
0000
0000
0000
0000
0000
0000
0000
0000
0000
0000
0000
0000
0000
0000
0000
0000
0000
0000
0000
0000
0000
0000
0000
0000
0000
0000
0000
0000
0000
0000
0000
0000
0000
0000
0000
0000
0000
0000
0000
0000
0000
0000
0000
0000
0000
0000
0000
0000
0000
0000
0000
0000
0000
0000
0000
0000
0000
0000
0000
0000
0000
0000
0000
0000
0000
0000
0000
0000
0000
0000
0000
0000
0000
0000
0000
0000
0000
0000
0000
0000
0000
0000
0000
0000
0000
0000
0000
0000
0000
0000
0000
0000
0000
0000
0000
0000
0000
0000
0000
0000
0000
0000
0000
0000
0000
0000
0000
0000
0000
0000
0000
0000
0000
0000
0000
0000
0000
0000
0000
0000
0000
0000
0000
0000
0000
0000
0000
0000
0000
0000
0000
0000
0000
0000
0000
0000
0000
0000
0000
0000
0000
0000
0000
0000
0000
0000
0000
0000
0000
0000
0000
0000
0000
0000
0000
0000
0000
0000
0000
0000
0000
0000
0000
0000
0000
0000
0000
0000
0000
0000
0000
0000
0000
0000
0000
0000
0000
0000
0000
0000
0000
0000
0000
0000
0000
0000
0000
0000
0000
0000
0000
0000
0000
0000
0000
0000
0000
0000
0000
0000
0000
0000
0000
0000
0000
0000
0000
0000
0000
0000
0000
0000
0000
0000
0000
0000
0000
0000
0000
0000
0000
0000
0000
0000
0000
0000
0000
0000
0000
0000
0000
0000
0000
0000
0000
0000
0000
0000
0000
0000
0000
0000
0000
0000
0000
0000
0000
0000
0000
0000
0000
0000
0000
0000
0000
0000
0000
0000
0000
0000
0000
0000
0000
0000
0000
0000
0000
0000
0000
0000
0000
0000
0000
0000
0000
0000
0000
0000
0000
0000
0000
0000
0000
0000
0000
0000
0000
0000
0000
0000
0000
0000
0000
0000
0000
0000
0000
0000
0000
0000
0000
0000
0000
0000
0000
0000
0000
0000
0000
0000
0000
0000
0000
0000
0000
0000
0000
0000
0000
0000
0000
0000
0000
0000
0000
0000
0000
0000
0000
0000
0000
0000
0000
0000
0000
0000
0000
0000
0000
0000
0000
0000
0000
0000
0000
0000
0000
0000
0000
0000
0000
0000
0000
0000
0000
0000
0000
0000
0000
0000
0000
0000
0000
0000
0000
0000
0000
0000
0000
0000
0000
0000
0000
0000
0000
0000
0000
0000
0000
0000
0000
0000
0000
0000
0000
0000
0000
0000
0000
0000
0000
0000
0000
0000
0000
0000
0000
0000
0000
0000
0000
0000
0000
0000
0000
0000
0000
0000
0000
0000
0000
0000
0000
0000
0000
0000
0000
0000
0000
0000
0000
0000
0000
0000
0000
0000
0000
0000
0000
0000
0000
0000
0000
0000
0000
0000
0000
0000
0000
0000
0000
0000
0000
0000
0000
0000
0000
0000
0000
0000
0000
0000
0000
0000
0000
0000
0000
0000
0000
0000
0000
0000
0000
0000
0000
0000
0000
0000
0000
0000
0000
0000
0000
0000
0000
0000
0000
0000
0000
0000
0000
0000
0000
0000
0000
0000
0000
0000
0000
0000
0000
0000
0000
0000
0000
0000
0000
0000
0000
0000
0000
0000
0000
0000
0000
0000
0000
0000
0000
0000
0000
0000
0000
0000
0000
0000
0000
0000
0000
0000
0000
0000
0000
0000
0000
0000
0000
0000
0000
0000
0000
0000
0000
0000
0000
0000
0000
0000
0000
0000
0000
0000
0000
0000
0000
0000
0000
0000
0000
0000
0000
0000
0000
0000
0000
0000
0000
0000
0000
0000
0000
0000
0000
0000
0000
0000
0000
0000
0000
0000
0000
0000
0000
0000
0000
0000
0000
0000
0000
0000
0000
0000
0000
0000
0000
0000
0000
0000
0000
0000
0000
0000
0000
0000
0000
0000
0000
0000
0000
0000
0000
0000
0000
0000
0000
0000
0000
0000
0000
0000
0000
0000
0000
0000
0000
0000
0000
0000
0000
0000
0000
0000
0000
0000
0000
0000
0000
0000
0000
0000
0000
0000
0000
0000
0000
0000
0000
0000
0000
0000
0000
0000
0000
0000
0000
0000
0000
0000
0000
0000
0000
0000
0000
0000
0000
0000
0000
0000
0000
0000
0000
0000
0000
0000
0000
0000
0000
0000
0000
0000
0000
0000
0000
0000
0000
0000
0000
0000
0000
0000
0000
0000
0000
0000
0000
0000
0000
0000
0000
0000
0000
0000
0000
0000
0000
0000
0000
0000
0000
0000
0000
0000
0000
0000
0000
0000
0000
0000
0000
0000
0000
0000
0000
0000
0000
0000
0000
0000
0000
0000
0000
0000
0000
0000
0000
0000
0000
0000
0000
0000
0000
0000
0000
0000
0000
0000
0000
0000
0000
0000
0000
0000
0000
0000
0000
0000
0000
0000
0000
0000
0000
0000
0000
0000
0000
0000
0000
0000
0000
0000
0000
0000
0000
0000
0000
0000
0000
0000
0000
0000
0000
0000
0000
0000
0000
0000
0000
0000
0000
0000
0000
0000
0000
0000
0000
0000
0000
0000
0000
0000
0000
0000
0000
0000
0000
0000
0000
0000
0000
0000
0000
0000
0000
0000
0000
0000
0000
0000
0000
0000
0000
0000
0000
0000
0000
0000
0000
0000
0000
0000
0000
0000
0000
0000
0000
0000
0000
0000
0000
0000
0000
0000
0000
0000
0000
0000
0000
0000
0000
0000
0000
0000
0000
0000
0000
0000
0000
0000
0000
0000
0000
0000
0000
0000
0000
0000
0000
0000
0000
0000
0000
0000
0000
0000
0000
0000
0000
0000
0000
0000
0000
0000
0000
0000
0000
0000
0000
0000
0000
0000
0000
0000
0000
0000
0000
0000
0000
0000
0000
0000
0000
0000
0000
0000
0000
0000
0000
0000
0000
0000
0000
0000
0000
0000
0000
0000
0000
0000
0000
c1ec
c1cc
c220
c2dd
c438
c65b
c929
cc7f
d03b
d439
d895
dd64
e2b9
e861
ee29
f3e2
f99c
ffaa
05d8
0bf2
11c8
176e
1cbb
21ca
26b5
2b58
2f92
3348
3667
38dc
3ade
3c65
3d6c
3db6
3d4a
3c77
3b0a
3918
367b
3350
2fba
2bdd
275e
2269
1d2e
17dc
121d
0c27
0594
ffab
f9e6
f435
ee86
e908
e3e3
df01
da83
d64b
d277
cf1e
cc53
c9e9
c7ed
c667
c598
c57c
c5cb
c67d
c7c3
c9c5
cc68
cf8c
d310
d6d2
daec
df73
e477
e9cb
ef3e
f4a2
fa09
ffc2
0598
0b5a
10da
162d
1b2c
1ff0
2493
28f1
2ceb
3069
3357
35a6
378a
38f9
3612
364f
35ed
3530
33ed
3234
2fe2
2d17
29ec
2685
228e
1e31
1996
14e7
0fda
0a9d
0525
ffa3
fa42
f4f2
efa6
ea87
e5bc
e12f
dcfe
d910
d57e
d260
cfc7
cd87
cbaf
ca45
c984
c96a
c9b3
ca58
cb85
cd61
cfd3
d2bf
d603
d981
dd52
e18a
e637
eb2d
f041
f548
fa53
ffaa
051d
0a7c
0fa0
149a
1945
1dba
2212
2628
29e2
2d26
2fe2
320a
33cb
3521
322a
3263
3206
3157
302a
2e91
2c6b
29d3
26e4
23bb
200c
1bfe
17b7
135c
0eab
09ce
04bc
ffa0
faa2
f5b7
f0cf
ec11
e7a1
e369
df88
dbe3
d894
d5b1
d347
d131
cf78
ce26
cd74
cd5b
cda0
ce3a
cf55
d110
d356
d60a
d911
dc4d
dfd4
e3bb
e811
ecab
f161
f60a
fb20
ffb2
045c
08f7
0d5f
11a4
15a6
197a
1d32
20b3
23e5
26b2
290a
2ae2
2c64
2d88
2e4d
2e81
2e2c
2d8a
2c74
2afa
28ff
269b
23e8
20fe
1d9b
19e0
15f0
11ef
0d9f
0927
047b
ffc5
fb2a
f69e
f215
edb2
e995
e5ab
e210
dead
db9a
d8e9
d6ab
d4ba
d322
d1e9
d527
d511
d54b
d5ce
d6bd
d837
da26
dc74
df08
e1c9
e4cb
e81d
ebcb
efb2
f3b0
f7a3
fb97
ffc4
0408
083e
0c45
102c
13d4
1752
1ab7
1dea
20d5
2365
258c
273f
28a1
29af
2a64
2a97
2a4d
29bb
28c0
2768
259a
236a
20f0
1e46
1b2c
17c0
1424
1077
0c81
0863
0417
ffc2
fb86
f75a
f32f
ef28
eb62
e7cd
e482
e16a
de9b
dc27
da1b
d855
d6e1
d5c3
d910
d8fd
d932
d9a9
da82
dbd9
dd9b
dfb3
e20b
e48c
e748
ea4d
eda5
f132
f4d4
f86c
fc06
ffd6
03bb
0791
0b3c
0ec9
121d
154b
1862
1b4b
1df2
2046
223a
23c4
2506
25fb
269f
26cb
2685
25fe
2517
23dc
2234
2035
1df2
1b83
18ae
1591
1246
0eee
0b52
0795
03ad
ffbd
fbe6
f81a
f452
f0a9
ed3d
e9fd
e6fe
e430
e1a3
df69
dd8e
dbf3
daa1
d99f
d915
d902
d937
d9ac
da83
dbd7
dd97
dfad
e202
e481
e73a
ea3e
ed95
f120
f4c1
f858
fbf2
ffc2
03a7
077d
0b29
0eb7
120d
153c
1856
1b41
1dea
2040
2234
23be
24ff
25f3
22ba
22e2
22a2
2228
2158
203d
1ec0
1cf4
1aec
18bc
1630
1361
106b
0d67
0a27
06ca
0347
ffbd
fc49
f8e1
f57b
f233
ef21
ec35
e985
e6ff
e4b5
e2b5
e10a
df98
de67
dd7d
dd01
dcf0
dd20
dd8a
de4e
df81
e114
e2f3
e50c
e749
e9ba
ec6e
ef6e
f29e
f5e1
f91a
fc58
ffc5
0345
06b9
0a07
0d3b
103c
131b
15e5
1886
1aeb
1d05
1ec7
2029
214b
2226
1ede
1f01
1ec8
1e5c
1da3
1ca7
1b55
19bd
17f0
15ff
13bd
1140
0ea0
0bf5
0915
061a
02fd
ffd9
fcc7
f9bf
f6b9
f3cc
f10e
ee72
ec0b
e9c9
e7bc
e5f1
e472
e327
e217
e146
e0d7
e0c7
e0f1
e150
e1fe
e311
e479
e626
e806
ea07
ec37
eea1
f14e
f425
f70c
f9eb
fccb
ffd5
02ef
05ff
08ed
0bc3
0e6c
10f6
136e
15c2
17e1
19be
1b4f
1c8b
1d8d
1e51
1ed5
1efa
1ec4
1e5a
1da3
1ca9
1b59
19c2
17f5
1605
13c3
1146
0ea6
0bfa
0918
061a
02fa
ffd3
fcbf
f9b6
f6ae
f3c0
f102
ee67
ec02
e9c2
e7b7
e5ee
e471
e327
e218
e148
e0da
e0cb
e0f5
e154
e202
e314
e47c
e629
e809
ea0a
ec3a
eea4
f151
f428
f710
f9f0
fcd2
ffdf
02fc
060e
08fd
0bd4
0e7e
1109
1382
15d6
17f5
19d2
1b62
1c9d
1d9f
1e63
1ee6
1f09
1ed1
1e65
1dac
1cb0
1b5d
19c4
17f5
1603
13bf
1141
0e9f
0bf2
090f
0611
02f1
ffcb
fcb8
f9af
f6a8
f3bb
f0fe
ee64
ebff
e9c0
e7b6
e5ee
e472
e329
e21b
e14c
e0de
e0cf
e0f9
e157
e203
e313
e479
e624
e802
ea01
ec2f
ee98
f144
f41a
f701
f9e0
fcc2
ffcf
02ec
05fe
08ee
0bc6
0e71
10fd
1378
15ce
17ef
19cd
1b5d
1c98
1d99
1e5c
1edf
1f02
1ec9
1e5d
1da4
1ca8
1b56
19bd
17ef
15fd
13b9
113a
0e98
0bea
0907
0609
02ea
ffc5
fcb3
f9ac
f6a7
f3bc
f101
ee68
ec05
e9c7
e7be
e5f7
e47b
e332
e223
e153
e0e5
e0d6
e100
e15f
e20d
e31e
e484
e62e
e80b
ea08
ec34
ee9b
f146
f41b
f701
f9df
fcc0
ffcc
02e8
05fa
08ea
0bc3
0e6f
10fc
1377
15cd
17ee
19cc
1b5c
1c97
1d98
1e5b
1ede
1f01
1ec8
1e5c
1da3
1ca7
1b55
19bd
17f0
15ff
13bd
1140
0ea0
0bf5
0915
061a
02fd
ffd9
fcc7
f9bf
f6b9
f3cc
f10e
ee72
ec0b
e9c9
e7bc
e5f1
e472
e327
e217
e146
e0d7
e0c7
e0f1
e150
e1fe
e311
e479
e626
e806
ea07
ec37
eea1
f14e
f425
f70c
f9eb
fccb
ffd5
02ef
05ff
08ed
0bc3
0e6c
10f6
136e
15c2
17e1
19be
1b4f
1c8b
1d8d
1e51
1ed5
1efa
1ec4
1e5a
1da3
1ca9
1b59
19c2
17f5
1605
13c3
1146
0ea6
0bfa
0918
061a
02fa
ffd3
fcbf
f9b6
f6ae
f3c0
f102
ee67
ec02
e9c2
e7b7
e5ee
e471
e327
e218
e148
e0da
e0cb
e0f5
e154
e202
e314
e47c
e629
e809
ea0a
ec3a
eea4
f151
f428
f710
f9f0
fcd2
ffdf
02fc
060e
08fd
0bd4
0e7e
1109
1382
15d6
17f5
19d2
1b62
1c9d
1d9f
1e63
1ee6
1f09
1ed1
1e65
1dac
1cb0
1b5d
19c4
17f5
1603
13bf
1141
0e9f
0bf2
090f
0611
02f1
ffcb
fcb8
f9af
f6a8
f3bb
f0fe
ee64
ebff
e9c0
e7b6
e5ee
e472
e329
e21b
e14c
e0de
e0cf
e0f9
e157
e203
e313
e479
e624
e802
ea01
ec2f
ee98
f144
f41a
f701
f9e0
fcc2
ffcf
02ec
05fe
08ee
0bc6
0e71
10fd
1378
15ce
17ef
19cd
1b5d
1c98
1d99
1e5c
1edf
1f02
1ec9
1e5d
1da4
1ca8
1b56
19bd
17ef
15fd
13b9
113a
0e98
0bea
0907
0609
02ea
ffc5
fcb3
f9ac
f6a7
f3bc
f101
ee68
ec05
e9c7
e7be
e5f7
e47b
e332
e223
e153
e0e5
e0d6
e100
e15f
e20d
e31e
e484
e62e
e80b
ea08
ec34
ee9b
f146
f41b
f701
f9df
fcc0
ffcc
02e8
05fa
08ea
0bc3
0e6f
10fc
1377
15cd
17ee
19cc
1b5c
1c97
1d98
1e5b
1ede
1f01
1ec8
1e5c
1da3
1ca7
1b55
19bd
17f0
15ff
13bd
1140
0ea0
0bf5
0915
061a
02fd
ffd9
fcc7
f9bf
f6b9
f3cc
f10e
ee72
ec0b
e9c9
e7bc
e5f1
e472
e327
e217
e146
e0d7
e0c7
e0f1
e150
e1fe
e311
e479
e626
e806
ea07
ec37
eea1
f14e
f425
f70c
f9eb
fccb
ffd5
02ef
05ff
08ed
0bc3
0e6c
10f6
136e
15c2
17e1
19be
1b4f
1c8b
1d8d
1e51
1ed5
1efa
1ec4
1e5a
1da3
1ca9
1b59
19c2
17f5
1605
13c3
1146
0ea6
0bfa
0918
061a
02fa
ffd3
fcbf
f9b6
f6ae
f3c0
f102
ee67
ec02
e9c2
e7b7
e5ee
e471
e327
e218
e148
e0da
e0cb
e0f5
e154
e202
e314
e47c
e629
e809
ea0a
ec3a
eea4
f151
f428
f710
f9f0
fcd2
ffdf
02fc
060e
08fd
0bd4
0e7e
1109
1382
15d6
17f5
19d2
1b62
1c9d
1d9f
1e63
1ee6
1f09
1ed1
1e65
1dac
1cb0
1b5d
19c4
17f5
1603
13bf
1141
0e9f
0bf2
090f
0611
02f1
ffcb
fcb8
f9af
f6a8
f3bb
f0fe
ee64
ebff
e9c0
e7b6
e5ee
e472
e329
e21b
e14c
e0de
e0cf
e0f9
e157
e203
e313
e479
e624
e802
ea01
ec2f
ee98
f144
f41a
f701
f9e0
fcc2
ffcf
02ec
05fe
08ee
0bc6
0e71
10fd
1378
15ce
17ef
19cd
1b5d
1c98
1d99
1e5c
1edf
1f02
1ec9
1e5d
1da4
1ca8
1b56
19bd
17ef
15fd
13b9
113a
0e98
0bea
0907
0609
02ea
ffc5
fcb3
f9ac
f6a7
f3bc
f101
ee68
ec05
e9c7
e7be
e5f7
e47b
e332
e223
e153
e0e5
e0d6
e100
e15f
e20d
e31e
e484
e62e
e80b
ea08
ec34
ee9b
f146
f41b
f701
f9df
fcc0
ffcc
02e8
05fa
08ea
0bc3
0e6f
10fc
1377
15cd
17ee
19cc
1b5c
1c97
1d98
1e5b
1ede
1f01
1ec8
1e5c
1da3
1ca7
1b55
19bd
17f0
15ff
13bd
1140
0ea0
0bf5
0915
061a
02fd
ffd9
fcc7
f9bf
f6b9
f3cc
f10e
ee72
ec0b
e9c9
e7bc
e5f1
e472
e327
e217
e146
e0d7
e0c7
e0f1
e150
e1fe
e311
e479
e626
e806
ea07
ec37
eea1
f14e
f425
f70c
f9eb
fccb
ffd5
02ef
05ff
08ed
0bc3
0e6c
10f6
136e
15c2
17e1
19be
1b4f
1c8b
1d8d
1e51
1ed5
1efa
1ec4
1e5a
1da3
1ca9
1b59
19c2
17f5
1605
13c3
1146
0ea6
0bfa
0918
061a
02fa
ffd3
fcbf
f9b6
f6ae
f3c0
f102
ee67
ec02
e9c2
e7b7
e5ee
e471
e327
e218
e148
e0da
e0cb
e0f5
e154
e202
e314
e47c
e629
e809
ea0a
ec3a
eea4
f151
f428
f710
f9f0
fcd2
ffdf
02fc
060e
08fd
0bd4
0e7e
1109
1382
15d6
17f5
19d2
1b62
1c9d
1d9f
1e63
1ee6
1f09
1ed1
1e65
1dac
1cb0
1b5d
19c4
17f5
1603
13bf
1141
0e9f
0bf2
090f
0611
02f1
ffcb
fcb8
f9af
f6a8
f3bb
f0fe
ee64
ebff
e9c0
e7b6
e5ee
e472
e329
e21b
e14c
e0de
e0cf
e0f9
e157
e203
e313
e479
e624
e802
ea01
ec2f
ee98
f144
f41a
f701
f9e0
fcc2
ffcf
02ec
05fe
08ee
0bc6
0e71
10fd
1378
15ce
17ef
19cd
1b5d
1c98
1d99
1e5c
1edf
1f02
1ec9
1e5d
1da4
1ca8
1b56
19bd
17ef
15fd
13b9
113a
0e98
0bea
0907
0609
02ea
ffc5
fcb3
f9ac
f6a7
f3bc
f101
ee68
ec05
e9c7
e7be
e5f7
e47b
e332
e223
e153
e0e5
e0d6
e100
e15f
e20d
e31e
e484
e62e
e80b
ea08
ec34
ee9b
f146
f41b
f701
f9df
fcc0
ffcc
02e8
05fa
08ea
0bc3
0e6f
10fc
1377
15cd
17ee
19cc
1b5c
1c97
1d98
1e5b
1ede
1f01
1ec8
1e5c
1da3
1ca7
1b55
19bd
17f0
15ff
13bd
1140
0ea0
0bf5
0915
061a
02fd
ffd9
fcc7
f9bf
f6b9
f3cc
f10e
ee72
ec0b
e9c9
e7bc
e5f1
e472
e327
e217
e146
e0d7
e0c7
e0f1
e150
e1fe
e311
e479
e626
e806
ea07
ec37
eea1
f14e
f425
f70c
f9eb
fccb
ffd5
02ef
05ff
08ed
0bc3
0e6c
10f6
136e
15c2
17e1
19be
1b4f
1c8b
1d8d
1e51
1ed5
1efa
1ec4
1e5a
1da3
1ca9
1b59
19c2
17f5
1605
13c3
1146
0ea6
0bfa
0918
061a
02fa
ffd3
fcbf
f9b6
f6ae
f3c0
f102
ee67
ec02
e9c2
e7b7
e5ee
e471
e327
e218
e148
e0da
e0cb
e0f5
e154
e202
e314
e47c
e629
e809
ea0a
ec3a
eea4
f151
f428
f710
f9f0
fcd2
ffdf
02fc
060e
08fd
0bd4
0e7e
1109
1382
15d6
17f5
19d2
1b62
1c9d
1d9f
1e63
1ee6
1f09
1ed1
1e65
1dac
1cb0
1b5d
19c4
17f5
1603
13bf
1141
0e9f
0bf2
090f
0611
02f1
ffcb
fcb8
f9af
f6a8
f3bb
f0fe
ee64
ebff
e9c0
e7b6
e5ee
e472
e329
e21b
e14c
e0de
e0cf
e0f9
e157
e203
e313
e479
e624
e802
ea01
ec2f
ee98
f144
f41a
f701
f9e0
fcc2
ffcf
02ec
05fe
08ee
0bc6
0e71
10fd
1378
15ce
17ef
19cd
1b5d
1c98
1d99
1e5c
1edf
1f02
1ec9
1e5d
1da4
1ca8
1b56
19bd
17ef
15fd
13b9
113a
0e98
0bea
0907
0609
02ea
ffc5
fcb3
f9ac
f6a7
f3bc
f101
ee68
ec05
e9c7
e7be
e5f7
e47b
e332
e223
e153
e0e5
e0d6
e100
e15f
e20d
e31e
e484
e62e
e80b
ea08
ec34
ee9b
f146
f41b
f701
f9df
fcc0
ffcc
02e8
05fa
08ea
0bc3
0e6f
10fc
1377
15cd
17ee
19cc
1b5c
1c97
1d98
1e5b
1ede
1f01
1ec8
1e5c
1da3
1ca7
1b55
19bd
17f0
15ff
13bd
1140
0ea0
0bf5
0915
061a
02fd
ffd9
fcc7
f9bf
f6b9
f3cc
f10e
ee72
ec0b
e9c9
e7bc
e5f1
e472
e327
e217
e146
e0d7
e0c7
e0f1
e150
e1fe
e311
e479
e626
e806
ea07
ec37
eea1
f14e
f425
f70c
f9eb
fccb
ffd5
02ef
05ff
08ed
0bc3
0e6c
10f6
136e
15c2
17e1
19be
1b4f
1c8b
1d8d
1e51
1ed5
1efa
1ec4
1e5a
1da3
1ca9
1b59
19c2
17f5
1605
13c3
1146
0ea6
0bfa
0918
061a
02fa
ffd3
fcbf
f9b6
f6ae
f3c0
f102
ee67
ec02
e9c2
e7b7
e5ee
e471
e327
e218
e148
e0da
e0cb
e0f5
e154
e202
e314
e47c
e629
e809
ea0a
ec3a
eea4
f151
f428
f710
f9f0
fcd2
ffdf
02fc
060e
08fd
0bd4
0e7e
1109
1382
15d6
17f5
19d2
1b62
1c9d
1d9f
1e63
1ee6
1f09
1ed1
1e65
1dac
1cb0
1b5d
19c4
17f5
1603
13bf
1141
0e9f
0bf2
090f
0611
02f1
ffcb
fcb8
f9af
f6a8
f3bb
f0fe
ee64
ebff
e9c0
e7b6
e5ee
e472
e329
e21b
e14c
e0de
e0cf
e0f9
e157
e203
e313
e479
e624
e802
ea01
ec2f
ee98
f144
f41a
f701
f9e0
fcc2
ffcf
02ec
05fe
08ee
0bc6
0e71
10fd
1378
15ce
17ef
19cd
1b5d
1c98
1d99
1e5c
1edf
1f02
1ec9
1e5d
1da4
1ca8
1b56
19bd
17ef
15fd
13b9
113a
0e98
0bea
0907
0609
02ea
ffc5
fcb3
f9ac
f6a7
f3bc
f101
ee68
ec05
e9c7
e7be
e5f7
e47b
e332
e223
e153
e0e5
e0d6
e100
e15f
e20d
e31e
e484
e62e
e80b
ea08
ec34
ee9b
f146
f41b
f701
f9df
fcc0
ffcc
02e8
05fa
08ea
0bc3
0e6f
10fc
1377
15cd
17ee
19cc
1b5c
1c97
1d98
1e5b
1ede
1f01
1ec8
1e5c
1da3
1ca7
1b55
19bd
17f0
15ff
13bd
1140
0ea0
0bf5
0915
061a
02fd
ffd9
fcc7
f9bf
f6b9
f3cc
f10e
ee72
ec0b
e9c9
e7bc
e5f1
e472
e327
e217
e146
e4bc
e4ae
e4d2
e526
e5be
e6ae
e7e9
e961
eb05
ecc6
eeb0
f0cc
f324
f5a0
f82a
faad
fd31
ffda
0291
053f
07cf
0a4a
0c9e
0ed7
1100
1309
14e4
1686
17e5
18f9
19db
1a86
1afa
1b1a
1aeb
1a8e
19ee
1913
17ed
1689
14f6
1344
114a
0f1d
0cd1
0a7a
07f5
0556
029a
ffd8
fd27
fa7f
f7d8
f548
f2e1
f09a
ee81
ec89
eac0
e930
e7e2
e6c2
e5d5
e51f
e4be
e4b1
e4d6
e529
e5c1
e6b1
e7ec
e963
eb07
ecc8
eeb2
f0cf
f326
f5a3
f82e
fab2
fd37
ffe3
029c
054c
07dd
0a59
0cae
0ee7
1111
131b
14f6
1697
17f5
1909
19eb
1a96
1b09
1b27
1af6
1a98
19f6
191a
17f1
168b
14f6
1342
1147
0f18
0ccb
0a73
07ed
054e
0292
ffd1
fd21
fa79
f7d3
f543
f2de
f097
ee7f
ec88
eabf
e930
e7e3
e6c3
e5d7
e522
e4c2
e4b5
e4d9
e52c
e5c2
e6b0
e7e9
e95f
eb01
ecc0
eea9
f0c5
f31b
f596
f820
faa4
fd29
ffd5
028e
053e
07d0
0a4d
0ca2
0edd
1109
1314
14f1
1693
17f1
1905
19e5
1a90
1b03
1b21
1aef
1a91
19ef
1913
17eb
1685
14f1
133d
1141
0f12
0cc5
0a6c
07e6
0547
028c
ffcc
fd1c
fa76
f7d2
f544
f2e0
f09b
ee84
ec8e
eac6
e938
e7eb
e6cb
e5de
e528
e4c8
e4bb
e4e0
e533
e5cb
e6ba
e7f3
e968
eb09
ecc7
eead
f0c7
f31d
f597
f820
faa3
fd28
ffd2
028b
053a
07cc
0a4a
0ca1
0edc
1108
1313
14f0
1692
17f0
1904
19e5
1a8f
1b02
1b20
1aef
1a90
19ee
1912
17ea
1685
14f2
133f
1145
0f18
0ccc
0a76
07f2
0556
029d
ffdd
fd2e
fa87
f7e1
f552
f2ec
f0a3
ee89
ec8f
eac4
e932
e7e3
e6c2
e5d4
e51d
e4bc
e4ae
e4d2
e526
e5be
e6ae
e7e9
e961
eb05
ecc6
eeb0
f0cc
f324
f5a0
f82a
faad
fd31
ffda
0291
053f
07cf
0a4a
0c9e
0ed7
1100
1309
14e4
1686
17e5
18f9
19db
1a86
1afa
1b1a
1aeb
1a8e
19ee
1913
17ed
1689
14f6
1344
114a
0f1d
0cd1
0a7a
07f5
0556
029a
ffd8
fd27
fa7f
f7d8
f548
f2e1
f09a
ee81
ec89
eac0
e930
e7e2
e6c2
e5d5
e51f
e4be
e4b1
e4d6
e529
e5c1
e6b1
e7ec
e963
eb07
ecc8
eeb2
f0cf
f326
f5a3
f82e
fab2
fd37
ffe3
029c
054c
07dd
0a59
0cae
0ee7
1111
131b
14f6
1697
17f5
1909
19eb
1a96
1b09
1b27
1af6
1a98
19f6
191a
17f1
168b
14f6
1342
1147
0f18
0ccb
0a73
07ed
054e
0292
ffd1
fd21
fa79
f7d3
f543
f2de
f097
ee7f
ec88
eabf
e930
e7e3
e6c3
e5d7
e522
e4c2
e4b5
e4d9
e52c
e5c2
e6b0
e7e9
e95f
eb01
ecc0
eea9
f0c5
f31b
f596
f820
faa4
fd29
ffd5
028e
053e
07d0
0a4d
0ca2
0edd
1109
1314
14f1
1693
17f1
1905
19e5
1a90
1b03
1b21
1aef
1a91
19ef
1913
17eb
1685
14f1
133d
1141
0f12
0cc5
0a6c
07e6
0547
028c
ffcc
fd1c
fa76
f7d2
f544
f2e0
f09b
ee84
ec8e
eac6
e938
e7eb
e6cb
e5de
e528
e4c8
e4bb
e4e0
e533
e5cb
e6ba
e7f3
e968
eb09
ecc7
eead
f0c7
f31d
f597
f820
faa3
fd28
ffd2
028b
053a
07cc
0a4a
0ca1
0edc
1108
1313
14f0
1692
17f0
1904
19e5
1a8f
1b02
1b20
1aef
1a90
19ee
1912
17ea
1685
14f2
133f
1145
0f18
0ccc
0a76
07f2
0556
029d
ffdd
fd2e
fa87
f7e1
f552
f2ec
f0a3
ee89
ec8f
eac4
e932
e7e3
e6c2
e5d4
e51d
e4bc
e4ae
e4d2
e526
e5be
e6ae
e7e9
e961
eb05
ecc6
eeb0
f0cc
f324
f5a0
f82a
faad
fd31
ffda
0291
053f
07cf
0a4a
0c9e
0ed7
1100
1309
14e4
1686
17e5
18f9
19db
1a86
1afa
1b1a
1aeb
1a8e
19ee
1913
17ed
1689
14f6
1344
114a
0f1d
0cd1
0a7a
07f5
0556
029a
ffd8
fd27
fa7f
f7d8
f548
f2e1
f09a
ee81
ec89
eac0
e930
e7e2
e6c2
e5d5
e51f
e4be
e4b1
e4d6
e529
e5c1
e6b1
e7ec
e963
eb07
ecc8
eeb2
f0cf
f326
f5a3
f82e
fab2
fd37
ffe3
029c
054c
07dd
0a59
0cae
0ee7
1111
131b
14f6
1697
17f5
1909
19eb
1a96
1b09
1b27
1af6
1a98
19f6
191a
17f1
168b
14f6
1342
1147
0f18
0ccb
0a73
07ed
054e
0292
ffd1
fd21
fa79
f7d3
f543
f2de
f097
ee7f
ec88
eabf
e930
e7e3
e6c3
e5d7
e522
e4c2
e4b5
e4d9
e52c
e5c2
e6b0
e7e9
e95f
eb01
ecc0
eea9
f0c5
f31b
f596
f820
faa4
fd29
ffd5
028e
053e
07d0
0a4d
0ca2
0edd
1109
1314
14f1
1693
17f1
1905
19e5
1a90
1b03
1b21
1aef
1a91
19ef
1913
17eb
1685
14f1
133d
1141
0f12
0cc5
0a6c
07e6
0547
028c
ffcc
fd1c
fa76
f7d2
f544
f2e0
f09b
ee84
ec8e
eac6
e938
e7eb
e6cb
e5de
e528
e4c8
e4bb
e4e0
e533
e5cb
e6ba
e7f3
e968
eb09
ecc7
eead
f0c7
f31d
f597
f820
faa3
fd28
ffd2
028b
053a
07cc
0a4a
0ca1
0edc
1108
1313
14f0
1692
17f0
1904
19e5
1a8f
1b02
1b20
1aef
1a90
19ee
1912
17ea
1685
14f2
133f
1145
0f18
0ccc
0a76
07f2
0556
029d
ffdd
fd2e
fa87
f7e1
f552
f2ec
f0a3
ee89
ec8f
eac4
e932
e7e3
e6c2
e5d4
e51d
e4bc
e4ae
e4d2
e526
e5be
e6ae
e7e9
e961
eb05
ecc6
eeb0
f0cc
f324
f5a0
f82a
faad
fd31
ffda
0291
053f
07cf
0a4a
0c9e
0ed7
1100
1309
14e4
1686
17e5
18f9
19db
1a86
1afa
1b1a
1aeb
1a8e
19ee
1913
17ed
1689
14f6
1344
114a
0f1d
0cd1
0a7a
07f5
0556
029a
ffd8
fd27
fa7f
f7d8
f548
f2e1
f09a
ee81
ec89
eac0
e930
e7e2
e6c2
e5d5
e51f
e4be
e4b1
e4d6
e529
e5c1
e6b1
e7ec
e963
eb07
ecc8
eeb2
f0cf
f326
f5a3
f82e
fab2
fd37
ffe3
029c
054c
07dd
0a59
0cae
0ee7
1111
131b
14f6
1697
17f5
1909
19eb
1a96
1b09
1b27
1af6
1a98
19f6
191a
17f1
168b
14f6
1342
1147
0f18
0ccb
0a73
07ed
054e
0292
ffd1
fd21
fa79
f7d3
f543
f2de
f097
ee7f
ec88
eabf
e930
e7e3
e6c3
e5d7
e522
e4c2
e4b5
e4d9
e52c
e5c2
e6b0
e7e9
e95f
eb01
ecc0
eea9
f0c5
f31b
f596
f820
faa4
fd29
ffd5
028e
053e
07d0
0a4d
0ca2
0edd
1109
1314
14f1
1693
17f1
1905
19e5
1a90
1b03
1b21
1aef
1a91
19ef
1913
17eb
1685
14f1
133d
1141
0f12
0cc5
0a6c
07e6
0547
028c
ffcc
fd1c
fa76
f7d2
f544
f2e0
f09b
ee84
ec8e
eac6
e938
e7eb
e6cb
e5de
e528
e4c8
e4bb
e4e0
e533
e5cb
e6ba
e7f3
e968
eb09
ecc7
eead
f0c7
f31d
f597
f820
faa3
fd28
ffd2
028b
053a
07cc
0a4a
0ca1
0edc
1108
1313
14f0
1692
17f0
1904
19e5
1a8f
1b02
1b20
1aef
1a90
19ee
1912
17ea
1685
14f2
133f
1145
0f18
0ccc
0a76
07f2
0556
029d
ffdd
fd2e
fa87
f7e1
f552
f2ec
f0a3
ee89
ec8f
eac4
e932
e7e3
e6c2
e5d4
e51d
e4bc
e4ae
e4d2
e526
e5be
e6ae
e7e9
e961
eb05
ecc6
eeb0
f0cc
f324
f5a0
f82a
faad
fd31
ffda
0291
053f
07cf
0a4a
0c9e
0ed7
1100
1309
14e4
1686
17e5
18f9
19db
1a86
1afa
1b1a
1aeb
1a8e
19ee
1913
17ed
1689
14f6
1344
114a
0f1d
0cd1
0a7a
07f5
0556
029a
ffd8
fd27
fa7f
f7d8
f548
f2e1
f09a
ee81
ec89
eac0
e930
e7e2
e6c2
e5d5
e51f
e4be
e4b1
e4d6
e529
e5c1
e6b1
e7ec
e963
eb07
ecc8
eeb2
f0cf
f326
f5a3
f82e
fab2
fd37
ffe3
029c
054c
07dd
0a59
0cae
0ee7
1111
131b
14f6
1697
17f5
1909
19eb
1a96
1b09
1b27
1af6
1a98
19f6
191a
17f1
168b
14f6
1342
1147
0f18
0ccb
0a73
07ed
054e
0292
ffd1
fd21
fa79
f7d3
f543
f2de
f097
ee7f
ec88
eabf
e930
e7e3
e6c3
e5d7
e522
e4c2
e4b5
e4d9
e52c
e5c2
e6b0
e7e9
e95f
eb01
ecc0
eea9
f0c5
f31b
f596
f820
faa4
fd29
ffd5
028e
053e
07d0
0a4d
0ca2
0edd
1109
1314
14f1
1693
17f1
1905
19e5
1a90
1b03
1b21
1aef
1a91
19ef
1913
17eb
1685
14f1
133d
1141
0f12
0cc5
0a6c
07e6
0547
028c
ffcc
fd1c
fa76
f7d2
f544
f2e0
f09b
ee84
ec8e
eac6
e938
e7eb
e6cb
e5de
e528
e4c8
e4bb
e4e0
e533
e5cb
e6ba
e7f3
e968
eb09
ecc7
eead
f0c7
f31d
f597
f820
faa3
fd28
ffd2
028b
053a
07cc
0a4a
0ca1
0edc
1108
1313
14f0
1692
17f0
1904
19e5
1a8f
1b02
1b20
1aef
1a90
19ee
1912
17ea
1685
14f2
133f
1145
0f18
0ccc
0a76
07f2
0556
029d
ffdd
fd2e
fa87
f7e1
f552
f2ec
f0a3
ee89
ec8f
eac4
e932
e7e3
e6c2
e5d4
e51d
e4bc
e4ae
e4d2
e526
e5be
e6ae
e7e9
e961
eb05
ecc6
eeb0
f0cc
f324
f5a0
f82a
faad
fd31
ffda
0291
053f
07cf
0a4a
0c9e
0ed7
1100
1309
14e4
1686
17e5
18f9
19db
1a86
1afa
1b1a
1aeb
1a8e
19ee
1913
17ed
1689
14f6
1344
114a
0f1d
0cd1
0a7a
07f5
0556
029a
ffd8
fd27
fa7f
f7d8
f548
f2e1
f09a
ee81
ec89
eac0
e930
e7e2
e6c2
e5d5
e51f
e4be
e4b1
e4d6
e529
e5c1
e6b1
e7ec
e963
eb07
ecc8
eeb2
f0cf
f326
f5a3
f82e
fab2
fd37
ffe3
029c
054c
07dd
0a59
0cae
0ee7
1111
131b
14f6
1697
17f5
1909
19eb
1a96
1b09
1b27
1af6
1a98
19f6
191a
17f1
168b
14f6
1342
1147
0f18
0ccb
0a73
07ed
054e
0292
ffd1
fd21
fa79
f7d3
f543
f2de
f097
ee7f
ec88
eabf
e930
e7e3
e6c3
e5d7
e522
e4c2
e4b5
e4d9
e52c
e5c2
e6b0
e7e9
e95f
eb01
ecc0
eea9
f0c5
f31b
f596
f820
faa4
fd29
ffd5
028e
053e
07d0
0a4d
0ca2
0edd
1109
1314
14f1
1693
17f1
1905
19e5
1a90
1b03
1b21
1aef
1a91
19ef
1913
17eb
1685
14f1
133d
1141
0f12
0cc5
0a6c
07e6
0547
028c
ffcc
fd1c
fa76
f7d2
f544
f2e0
f09b
ee84
ec8e
eac6
e938
e7eb
e6cb
e5de
e528
e4c8
e4bb
e4e0
e533
e5cb
e6ba
e7f3
e968
eb09
ecc7
eead
f0c7
f31d
f597
f820
faa3
fd28
ffd2
028b
053a
07cc
0a4a
0ca1
0edc
1108
1313
14f0
1692
17f0
1904
19e5
1a8f
1b02
1b20
1aef
1a90
19ee
1912
17ea
1685
14f2
133f
1145
0f18
0ccc
0a76
07f2
0556
029d
ffdd
fd2e
fa87
f7e1
f552
f2ec
f0a3
ee89
ec8f
eac4
e932
e7e3
e6c2
e5d4
e51d
e4bc
e4ae
e4d2
e526
e5be
e6ae
e7e9
e961
eb05
ecc6
eeb0
f0cc
f324
f5a0
f82a
faad
fd31
ffda
0291
053f
07cf
0a4a
0c9e
0ed7
1100
1309
14e4
1686
17e5
18f9
19db
1a86
1afa
1b1a
1aeb
1a8e
19ee
1913
17ed
1689
14f6
1344
114a
0f1d
0cd1
0a7a
07f5
0556
029a
ffd8
fd27
fa7f
f7d8
f548
f2e1
f09a
ee81
ec89
eac0
e930
e7e2
e6c2
e5d5
e51f
e4be
e4b1
e4d6
e529
e5c1
e6b1
e7ec
e963
eb07
ecc8
eeb2
f0cf
f326
f5a3
f82e
fab2
fd37
ffe3
029c
054c
07dd
0a59
0cae
0ee7
1111
131b
14f6
1697
17f5
1909
19eb
1a96
1b09
1b27
1af6
1a98
19f6
191a
17f1
168b
14f6
1342
1147
0f18
0ccb
0a73
07ed
054e
0292
ffd1
fd21
fa79
f7d3
f543
f2de
f097
ee7f
ec88
eabf
e930
e7e3
e6c3
e5d7
e522
e4c2
e4b5
e4d9
e52c
e5c2
e6b0
e7e9
e95f
eb01
ecc0
eea9
f0c5
f31b
f596
f820
faa4
fd29
ffd5
028e
053e
07d0
0a4d
0ca2
0edd
1109
1314
14f1
1693
17f1
1905
19e5
1a90
1b03
1b21
1aef
1a91
19ef
1913
17eb
1685
14f1
133d
1141
0f12
0cc5
0a6c
07e6
0547
028c
ffcc
fd1c
fa76
f7d2
f544
f2e0
f09b
ee84
ec8e
eac6
e938
e7eb
e6cb
e5de
e528
e4c8
e4bb
e4e0
e533
e5cb
e6ba
e7f3
e968
eb09
ecc7
eead
f0c7
f31d
f597
f820
faa3
fd28
ffd2
028b
053a
07cc
0a4a
0ca1
0edc
1108
1313
14f0
1692
17f0
1904
19e5
1a8f
1b02
1b20
1aef
1a90
19ee
1912
17ea
1685
14f2
133f
1145
0f18
0ccc
0a76
07f2
0556
029d
ffdd
fd2e
fa87
f7e1
f552
f2ec
f0a3
ee89
ec8f
eac4
e932
e7e3
e6c2
e5d4
e51d
e4bc
e4ae
e4d2
e526
e5be
e6ae
e7e9
e961
eb05
ecc6
eeb0
f0cc
f324
f5a0
f82a
faad
fd31
ffda
0291
053f
07cf
0a4a
0c9e
0ed7
1100
1309
14e4
1686
17e5
18f9
19db
1a86
1afa
1b1a
1aeb
1a8e
19ee
1913
17ed
1689
14f6
1344
114a
0f1d
0cd1
0a7a
07f5
0556
029a
ffd8
fd27
fa7f
f7d8
f548
f2e1
f09a
ee81
ec89
eac0
e930
e7e2
e6c2
e5d5
e51f
e4be
e4b1
e4d6
e529
e5c1
e6b1
e7ec
e963
eb07
ecc8
eeb2
f0cf
f326
f5a3
f82e
fab2
fd37
ffe3
029c
054c
07dd
0a59
0cae
0ee7
1111
131b
14f6
1697
17f5
1909
19eb
1a96
1b09
1b27
1af6
1a98
19f6
191a
17f1
168b
14f6
1342
1147
0f18
0ccb
0a73
07ed
054e
0292
ffd1
fd21
fa79
f7d3
f543
f2de
f097
ee7f
ec88
eabf
e930
e7e3
e6c3
e5d7
e522
e4c2
e4b5
e4d9
e52c
e5c2
e6b0
e7e9
e95f
eb01
ecc0
eea9
f0c5
f31b
f596
f820
faa4
fd29
ffd5
028e
053e
07d0
0a4d
0ca2
0edd
1109
1314
14f1
1693
17f1
1905
19e5
1a90
1b03
1b21
1aef
1a91
19ef
1913
17eb
1685
14f1
133d
1141
0f12
0cc5
0a6c
07e6
0547
028c
ffcc
fd1c
fa76
f7d2
f544
f2e0
f09b
ee84
ec8e
eac6
e938
e7eb
e6cb
e5de
e528
e4c8
e4bb
e4e0
e533
e5cb
e6ba
e7f3
e968
eb09
ecc7
eead
f0c7
f31d
f597
f820
faa3
fd28
ffd2
028b
053a
07cc
0a4a
0ca1
0edc
1108
1313
14f0
1692
17f0
1904
19e5
1a8f
1b02
1b20
1aef
1a90
19ee
1912
17ea
1685
14f2
133f
1145
0f18
0ccc
0a76
07f2
0556
029d
ffdd
fd2e
fa87
f7e1
f552
f2ec
f0a3
ee89
ec8f
eac4
e932
e7e3
e6c2
e5d4
e51d
e4bc
e4ae
e4d2
e526
e5be
e6ae
e7e9
e961
eb05
ecc6
eeb0
f0cc
f324
f5a0
f82a
faad
fd31
ffda
0291
053f
07cf
0a4a
0c9e
0ed7
1100
1309
14e4
1686
17e5
18f9
19db
1a86
1afa
1b1a
1aeb
1a8e
19ee
1913
17ed
1689
14f6
1344
114a
0f1d
0cd1
0a7a
07f5
0556
029a
ffd8
fd27
fa7f
f7d8
f548
f2e1
f09a
ee81
ec89
eac0
e930
e7e2
e6c2
e5d5
e51f
e4be
e4b1
e4d6
e529
e5c1
e6b1
e7ec
e963
eb07
ecc8
eeb2
f0cf
f326
f5a3
f82e
fab2
fd37
ffe3
029c
054c
07dd
0a59
0cae
0ee7
1111
131b
14f6
1697
17f5
1909
19eb
1a96
1b09
1b27
1af6
1a98
19f6
191a
17f1
168b
14f6
1342
1147
0f18
0ccb
0a73
07ed
054e
0292
ffd1
fd21
fa79
f7d3
f543
f2de
f097
ee7f
ec88
eabf
e930
e7e3
e6c3
e5d7
e522
e4c2
e4b5
e4d9
e52c
e5c2
e6b0
e7e9
e95f
eb01
ecc0
eea9
f0c5
f31b
f596
f820
faa4
fd29
ffd5
028e
053e
07d0
0a4d
0ca2
0edd
1109
1314
14f1
1693
17f1
1905
19e5
1a90
1b03
1b21
1aef
1a91
19ef
1913
17eb
1685
14f1
133d
1141
0f12
0cc5
0a6c
07e6
0547
028c
ffcc
fd1c
fa76
f7d2
f544
f2e0
f09b
ee84
ec8e
eac6
e938
e7eb
e6cb
e5de
e528
e4c8
e4bb
e4e0
e533
e5cb
e6ba
e7f3
e968
eb09
ecc7
eead
f0c7
f31d
f597
f820
faa3
fd28
ffd2
028b
053a
07cc
0a4a
0ca1
0edc
1108
1313
14f0
1692
17f0
1904
19e5
1a8f
1b02
1b20
1aef
1a90
19ee
1912
17ea
1685
14f2
133f
1145
0f18
0ccc
0a76
07f2
0556
029d
ffdd
fd2e
fa87
f7e1
f552
f2ec
f0a3
ee89
ec8f
eac4
e932
e7e3
e6c2
e5d4
e51d
e4bc
e4ae
e4d2
e526
e5be
e6ae
e7e9
e961
eb05
ecc6
eeb0
f0cc
f324
f5a0
f82a
faad
fd31
ffda
0291
053f
07cf
0a4a
0c9e
0ed7
1100
1309
14e4
1686
17e5
18f9
19db
1a86
1afa
1b1a
1aeb
1a8e
19ee
1913
17ed
1689
14f6
1344
114a
0f1d
0cd1
0a7a
07f5
0556
029a
ffd8
fd27
fa7f
f7d8
f548
f2e1
f09a
ee81
ec89
eac0
e930
e7e2
e6c2
e5d5
e51f
e4be
e4b1
e4d6
e529
e5c1
e6b1
e7ec
e963
eb07
ecc8
eeb2
f0cf
f326
f5a3
f82e
fab2
fd37
ffe3
029c
054c
07dd
0a59
0cae
0ee7
1111
131b
14f6
1697
17f5
1909
19eb
1a96
1b09
1b27
1af6
1a98
19f6
191a
17f1
168b
14f6
1342
1147
0f18
0ccb
0a73
07ed
054e
0292
ffd1
fd21
fa79
f7d3
f543
f2de
f097
ee7f
ec88
eabf
e930
e7e3
e6c3
e5d7
e522
e4c2
e4b5
e4d9
e52c
e5c2
e6b0
e7e9
e95f
eb01
ecc0
eea9
f0c5
f31b
f596
f820
faa4
fd29
ffd5
028e
053e
07d0
0a4d
0ca2
0edd
1109
1314
14f1
1693
17f1
1905
19e5
1a90
1b03
1b21
1aef
1a91
19ef
1913
17eb
1685
14f1
133d
1141
0f12
0cc5
0a6c
07e6
0547
028c
ffcc
fd1c
fa76
f7d2
f544
f2e0
f09b
ee84
ec8e
eac6
e938
e7eb
e6cb
e5de
e528
e4c8
e4bb
e4e0
e533
e5cb
e6ba
e7f3
e968
eb09
ecc7
eead
f0c7
f31d
f597
f820
faa3
fd28
ffd2
028b
053a
07cc
0a4a
0ca1
0edc
1108
1313
14f0
1692
17f0
1904
19e5
1a8f
1b02
1b20
1aef
1a90
19ee
1912
17ea
1685
14f2
133f
1145
0f18
0ccc
0a76
07f2
0556
029d
ffdd
fd2e
fa87
f7e1
f552
f2ec
f0a3
ee89
ec8f
eac4
e932
e7e3
e6c2
e5d4
e51d
e4bc
e4ae
e4d2
e526
e5be
e6ae
e7e9
e961
eb05
ecc6
eeb0
f0cc
f324
f5a0
f82a
faad
fd31
ffda
0291
053f
07cf
0a4a
0c9e
0ed7
1100
1309
14e4
1686
17e5
18f9
19db
1a86
1afa
1b1a
1aeb
1a8e
19ee
1913
17ed
1689
14f6
1344
114a
0f1d
0cd1
0a7a
07f5
0556
029a
ffd8
fd27
fa7f
f7d8
f548
f2e1
f09a
ee81
ec89
eac0
e930
e7e2
e6c2
e5d5
e51f
e4be
e4b1
e4d6
e529
e5c1
e6b1
e7ec
e963
eb07
ecc8
eeb2
f0cf
f326
f5a3
f82e
fab2
fd37
ffe3
029c
054c
07dd
0a59
0cae
0ee7
1111
131b
14f6
1697
17f5
1909
19eb
1a96
1b09
1b27
1af6
1a98
19f6
191a
17f1
168b
14f6
1342
1147
0f18
0ccb
0a73
07ed
054e
0292
ffd1
fd21
fa79
f7d3
f543
f2de
f097
ee7f
ec88
eabf
e930
e7e3
e6c3
e5d7
e522
e4c2
e4b5
e4d9
e52c
e5c2
e6b0
e7e9
e95f
eb01
ecc0
eea9
f0c5
f31b
f596
f820
faa4
fd91
ffdb
0231
047e
06b2
08d4
0ad4
0cbd
0e9a
105a
11f3
1359
1485
1572
1632
16c5
1727
1741
1716
16c5
163b
157e
1480
134d
11f3
107d
0eca
0ceb
0af2
08ef
06c5
0486
022f
ffd3
fd86
fb41
f8fd
f6cd
f4c0
f2ce
f103
ef55
edce
ec79
eb5c
ea65
e99a
e8fe
e8ab
e8a0
e8c0
e907
e989
ea56
eb63
eca2
ee08
ef86
f127
f2f4
f4f4
f714
f940
fb67
fd90
ffd9
022e
047b
06af
08d2
0ad3
0cbd
0e99
1059
11f2
1359
1485
1571
1632
16c4
1726
1740
1716
16c5
163a
157d
147f
134d
11f4
107f
0ecd
0cf0
0af8
08f7
06cf
0493
023d
ffe2
fd95
fb4f
f90a
f6d9
f4ca
f2d5
f108
ef56
edcd
ec74
eb55
ea5d
e991
e8f4
e8a1
e895
e8b4
e8fc
e97e
ea4c
eb5a
ec9c
ee04
ef85
f129
f2f8
f4fa
f71b
f949
fb70
fd98
ffdf
0233
047f
06b1
08d2
0ad1
0cb8
0e92
1051
11e8
134e
147b
1568
1629
16bc
171f
173b
1713
16c3
163a
157e
1482
1351
11f7
1083
0ed2
0cf4
0afc
08fb
06d2
0493
023b
ffde
fd8f
fb48
f902
f6d0
f4c1
f2cd
f101
ef51
edc9
ec72
eb54
ea5d
e992
e8f6
e8a3
e898
e8b7
e8ff
e981
ea4f
eb5d
ec9e
ee06
ef87
f12b
f2fb
f4fc
f71e
f94c
fb74
fd9d
ffe7
023d
048a
06bd
08df
0ade
0cc6
0ea1
1060
11f7
135d
1489
1575
1637
16ca
172c
1746
171c
16cb
1641
1584
1485
1353
11f7
1082
0ecf
0cf0
0af7
08f5
06cb
048c
0234
ffd8
fd8a
fb43
f8fe
f6cc
f4be
f2cb
f0ff
ef50
edc8
ec72
eb55
ea5e
e994
e8f9
e8a6
e89b
e8ba
e901
e982
ea4e
eb5a
ec9b
ee01
ef80
f123
f2f2
f4f3
f713
f940
fb68
fd91
ffdb
0231
047e
06b2
08d4
0ad4
0cbd
0e9a
105a
11f3
1359
1485
1572
1632
16c5
1727
1741
1716
16c5
163b
157e
1480
134d
11f3
107d
0eca
0ceb
0af2
08ef
06c5
0486
022f
ffd3
fd86
fb41
f8fd
f6cd
f4c0
f2ce
f103
ef55
edce
ec79
eb5c
ea65
e99a
e8fe
e8ab
e8a0
e8c0
e907
e989
ea56
eb63
eca2
ee08
ef86
f127
f2f4
f4f4
f714
f940
fb67
fd90
ffd9
022e
047b
06af
08d2
0ad3
0cbd
0e99
1059
11f2
1359
1485
1571
1632
16c4
1726
1740
1716
16c5
163a
157d
147f
134d
11f4
107f
0ecd
0cf0
0af8
08f7
06cf
0493
023d
ffe2
fd95
fb4f
f90a
f6d9
f4ca
f2d5
f108
ef56
edcd
ec74
eb55
ea5d
e991
e8f4
e8a1
e895
e8b4
e8fc
e97e
ea4c
eb5a
ec9c
ee04
ef85
f129
f2f8
f4fa
f71b
f949
fb70
fd98
ffdf
0233
047f
06b1
08d2
0ad1
0cb8
0e92
1051
11e8
134e
147b
1568
1629
16bc
171f
173b
1713
16c3
163a
157e
1482
1351
11f7
1083
0ed2
0cf4
0afc
08fb
06d2
0493
023b
ffde
fd8f
fb48
f902
f6d0
f4c1
f2cd
f101
ef51
edc9
ec72
eb54
ea5d
e992
e8f6
e8a3
e898
e8b7
e8ff
e981
ea4f
eb5d
ec9e
ee06
ef87
f12b
f2fb
f4fc
f71e
f94c
fb74
fd9d
ffe7
023d
048a
06bd
08df
0ade
0cc6
0ea1
1060
11f7
135d
1489
1575
1637
16ca
172c
1746
171c
16cb
1641
1584
1485
1353
11f7
1082
0ecf
0cf0
0af7
08f5
06cb
048c
0234
ffd8
fd8a
fb43
f8fe
f6cc
f4be
f2cb
f0ff
ef50
edc8
ec72
eb55
ea5e
e994
e8f9
e8a6
e89b
e8ba
e901
e982
ea4e
eb5a
ec9b
ee01
ef80
f123
f2f2
f4f3
f713
f940
fb68
fd91
ffdb
0231
047e
06b2
08d4
0ad4
0cbd
0e9a
105a
11f3
1359
1485
1572
1632
16c5
1727
1741
1716
16c5
163b
157e
1480
134d
11f3
107d
0eca
0ceb
0af2
08ef
06c5
0486
022f
ffd3
fd86
fb41
f8fd
f6cd
f4c0
f2ce
f103
ef55
edce
ec79
eb5c
ea65
e99a
e8fe
e8ab
e8a0
e8c0
e907
e989
ea56
eb63
eca2
ee08
ef86
f127
f2f4
f4f4
f714
f940
fb67
fd90
ffd9
022e
047b
06af
08d2
0ad3
0cbd
0e99
1059
11f2
1359
1485
1571
1632
16c4
1726
1740
1716
16c5
163a
157d
147f
134d
11f4
107f
0ecd
0cf0
0af8
08f7
06cf
0493
023d
ffe2
fd95
fb4f
f90a
f6d9
f4ca
f2d5
f108
ef56
edcd
ec74
eb55
ea5d
e991
e8f4
e8a1
e895
e8b4
e8fc
e97e
ea4c
eb5a
ec9c
ee04
ef85
f129
f2f8
f4fa
f71b
f949
fb70
fd98
ffdf
0233
047f
06b1
08d2
0ad1
0cb8
0e92
1051
11e8
134e
147b
1568
1629
16bc
171f
173b
1713
16c3
163a
157e
1482
1351
11f7
1083
0ed2
0cf4
0afc
08fb
06d2
0493
023b
ffde
fd8f
fb48
f902
f6d0
f4c1
f2cd
f101
ef51
edc9
ec72
eb54
ea5d
e992
e8f6
e8a3
e898
e8b7
e8ff
e981
ea4f
eb5d
ec9e
ee06
ef87
f12b
f2fb
f4fc
f71e
f94c
fb74
fd9d
ffe7
023d
048a
06bd
08df
0ade
0cc6
0ea1
1060
11f7
135d
1489
1575
1637
16ca
172c
1746
171c
16cb
1641
1584
1485
1353
11f7
1082
0ecf
0cf0
0af7
08f5
06cb
048c
01d6
ffde
fdf3
fc0d
fa29
f854
f69e
f4fe
f37f
f218
f0d1
efb4
eec7
edf9
ed50
eccf
ec8a
ec81
ec9b
ecd6
ed41
edeb
eecb
efd6
f101
f240
f39d
f51f
f6ca
f890
fa60
fc2c
fdf9
ffe1
01d3
03be
0594
075b
0906
0a9e
0c2b
0da0
0ef5
1020
111a
11df
127f
12f9
0b93
0ba0
0b8b
0b62
0b1d
0abf
0a40
09a6
08f9
083e
0765
0675
0579
0477
0362
0243
0117
ffe9
fec3
fda0
fc7e
fb66
fa60
f967
f881
f7aa
f6e7
f63c
f5ae
f532
f4cd
f47f
f455
f450
f460
f483
f4c4
f52b
f5b1
f651
f704
f7c3
f893
f97a
fa7a
fb8a
fca0
fdb3
fec8
ffec
0117
023d
0357
0469
0569
065e
074c
082c
08f9
09ac
0a42
0ab8
0b19
0b62
03db
03e0
03d9
03cb
03b4
0394
036a
0337
02fe
02bf
0277
0228
01d4
017e
0122
00c3
005f
fffb
ff98
ff37
fed7
fe79
fe21
fdce
fd81
fd39
fcf7
fcbe
fc8e
fc64
fc42
fc28
fc1a
fc18
fc1e
fc2a
fc3f
fc62
fc8f
fcc4
fd00
fd40
fd86
fdd4
fe29
fe84
fee1
ff3d
fd98
ffdf
0233
047f
06b1
08d2
0ad1
0cb8
0e92
1051
11e8
134e
147b
1568
1629
16bc
171f
173b
1713
16c3
163a
157e
1482
1351
11f7
1083
0ed2
0cf4
0afc
08fb
06d2
0493
023b
ffde
fd8f
fb48
f902
f6d0
f4c1
f2cd
f101
ef51
edc9
ec72
eb54
ea5d
e992
e8f6
e8a3
e898
e8b7
e8ff
e981
ea4f
eb5d
ec9e
ee06
ef87
f12b
f2fb
f4fc
f71e
f94c
fb74
fd9d
ffe7
023d
048a
06bd
08df
0ade
0cc6
0ea1
1060
11f7
135d
1489
1575
1637
16ca
172c
1746
171c
16cb
1641
1584
1485
1353
11f7
1082
0ecf
0cf0
0af7
08f5
06cb
048c
0234
ffd8
fd8a
fb43
f8fe
f6cc
f4be
f2cb
f0ff
ef50
edc8
ec72
eb55
ea5e
e994
e8f9
e8a6
e89b
e8ba
e901
e982
ea4e
eb5a
ec9b
ee01
ef80
f123
f2f2
f4f3
f713
f940
fb68
fd91
ffdb
0231
047e
06b2
08d4
0ad4
0cbd
0e9a
105a
11f3
1359
1485
1572
1632
16c5
1727
1741
1716
16c5
163b
157e
1480
134d
11f3
107d
0eca
0ceb
0af2
08ef
06c5
0486
022f
ffd3
fd86
fb41
f8fd
f6cd
f4c0
f2ce
f103
ef55
edce
ec79
eb5c
ea65
e99a
e8fe
e8ab
e8a0
e8c0
e907
e989
ea56
eb63
eca2
ee08
ef86
f127
f2f4
f4f4
f714
f940
fb67
fd90
ffd9
022e
047b
06af
08d2
0ad3
0cbd
0e99
1059
11f2
1359
1485
1571
1632
16c4
1726
1740
1716
16c5
163a
157d
147f
134d
11f4
107f
0ecd
0cf0
0af8
08f7
06cf
0493
023d
ffe2
fd95
fb4f
f90a
f6d9
f4ca
f2d5
f108
ef56
edcd
ec74
eb55
ea5d
e991
e8f4
e8a1
e895
e8b4
e8fc
e97e
ea4c
eb5a
ec9c
ee04
ef85
f129
f2f8
f4fa
f71b
f949
fb70
fd98
ffdf
0233
047f
06b1
08d2
0ad1
0cb8
0e92
1051
11e8
134e
147b
1568
1629
16bc
171f
173b
1713
16c3
163a
157e
1482
1351
11f7
1083
0ed2
0cf4
0afc
08fb
06d2
0493
023b
ffde
fd8f
fb48
f902
f6d0
f4c1
f2cd
f101
ef51
edc9
ec72
eb54
ea5d
e992
e8f6
e8a3
e898
e8b7
e8ff
e981
ea4f
eb5d
ec9e
ee06
ef87
f12b
f2fb
f4fc
f71e
f94c
fb74
fd9d
ffe7
023d
048a
06bd
08df
0ade
0cc6
0ea1
1060
11f7
135d
1489
1575
1637
16ca
172c
1746
171c
16cb
1641
1584
1485
1353
11f7
1082
0ecf
0cf0
0af7
08f5
06cb
048c
0234
ffd8
fd8a
fb43
f8fe
f6cc
f4be
f2cb
f0ff
ef50
edc8
ec72
eb55
ea5e
e994
e8f9
e8a6
e89b
e8ba
e901
e982
ea4e
eb5a
ec9b
ee01
ef80
f123
f2f2
f4f3
f713
f940
fb68
fd91
ffdb
0231
047e
06b2
08d4
0ad4
0cbd
0e9a
105a
11f3
1359
1485
1572
1632
16c5
1727
1741
1716
16c5
163b
157e
1480
134d
11f3
107d
0eca
0ceb
0af2
08ef
06c5
0486
022f
ffd3
fd86
fb41
f8fd
f6cd
f4c0
f2ce
f103
ef55
edce
ec79
eb5c
ea65
e99a
e8fe
e8ab
e8a0
e8c0
e907
e989
ea56
eb63
eca2
ee08
ef86
f127
f2f4
f4f4
f714
f940
fb67
fd90
ffd9
022e
047b
06af
08d2
0ad3
0cbd
0e99
1059
11f2
1359
1485
1571
1632
16c4
1726
1740
1716
16c5
163a
157d
147f
134d
11f4
107f
0ecd
0cf0
0af8
08f7
06cf
0493
023d
ffe2
fd95
fb4f
f90a
f6d9
f4ca
f2d5
f108
ef56
edcd
ec74
eb55
ea5d
e991
e8f4
e8a1
e895
e8b4
e8fc
e97e
ea4c
eb5a
ec9c
ee04
ef85
f129
f2f8
f4fa
f71b
f949
fb70
fd98
ffdf
0233
047f
06b1
08d2
0ad1
0cb8
0e92
1051
11e8
134e
147b
1568
1629
16bc
171f
173b
1713
16c3
163a
157e
1482
1351
11f7
1083
0ed2
0cf4
0afc
08fb
06d2
0493
023b
ffde
fd8f
fb48
f902
f6d0
f4c1
f2cd
f101
ef51
edc9
ec72
eb54
ea5d
e992
e8f6
e8a3
e898
e8b7
e8ff
e981
ea4f
eb5d
ec9e
ee06
ef87
f12b
f2fb
f4fc
f71e
f94c
fb74
fe03
ffeb
01dd
03c8
059e
0764
090e
0aa5
0c31
0da5
0ef9
1023
111d
11e2
1283
12fd
134f
1365
1342
12ff
128b
11ee
111a
101a
0ef9
0dc1
0c57
0ac8
0923
0777
05a9
03ca
01d6
ffde
fdf3
fc0d
fa29
f854
f69e
f4fe
f37f
f218
f0d1
efb4
eec7
edf9
ed50
eccf
f453
f44d
f45d
f480
f4c1
f527
f5ad
f64d
f700
f7c0
f891
f979
fa79
fb89
fca0
fdb4
fec8
ffed
0118
023f
0359
046a
056a
065e
074d
082d
08f9
09ac
0a42
0ab9
0b19
0b62
0b93
0ba0
0b8b
0b62
0b1d
0abf
0a40
09a6
08f9
083e
0765
0675
0579
0477
0362
0243
0117
ffe9
fec3
fda0
fc7e
fb66
fa60
f967
f881
f7aa
f6e7
f63c
f5ae
f532
f4cd
f47f
fc1c
fc1a
fc20
fc2b
fc41
fc63
fc90
fcc5
fd01
fd41
fd86
fdd3
fe28
fe83
fee0
ff3b
ff98
fff9
005d
00bf
011d
0178
01cd
021f
026e
02b9
02fd
0339
036b
0392
03b3
03cb
03db
03e0
03d9
03cb
03b4
0394
036a
0337
02fe
02bf
0277
0228
01d4
017e
0122
00c3
0000
0000
0000
0000
0000
0000
0000
0000
0000
0000
0000
0000
0000
0000
0000
0000
0000
0000
0000
0000
0000
0000
0000
0000
0000
0000
0000
0000
0000
0000
0000
0000
0000
0000
0000
0000
0000
0000
0000
0000
0000
0000
0000
0000
0000
0000
0000
0000
0000
0000
0000
0000
0000
0000
0000
0000
0000
0000
0000
0000
0000
0000
0000
0000
0000
0000
0000
0000
0000
0000
0000
0000
0000
0000
0000
0000
0000
0000
0000
0000
0000
0000
0000
0000
0000
0000
0000
0000
0000
0000
0000
0000
0000
0000
0000
0000
0000
0000
0000
0000
0000
0000
0000
0000
0000
0000
0000
0000
0000
0000
0000
0000
0000
0000
0000
0000
0000
0000
0000
0000
0000
0000
0000
0000
0000
0000
0000
0000
0000
0000
0000
0000
0000
0000
0000
0000
0000
0000
0000
0000
0000
0000
0000
0000
0000
0000
0000
0000
0000
0000
0000
0000
0000
0000
0000
0000
0000
0000
0000
0000
0000
0000
0000
0000
0000
0000
0000
0000
0000
0000
0000
0000
0000
0000
0000
0000
0000
0000
0000
0000
0000
0000
0000
0000
0000
0000
0000
0000
0000
0000
0000
0000
0000
0000
0000
0000
0000
0000
0000
0000
0000
0000
0000
0000
0000
0000
0000
0000
0000
0000
0000
0000
0000
0000
0000
0000
0000
0000
0000
0000
0000
0000
0000
0000
0000
0000
0000
0000
0000
0000
0000
0000
0000
0000
0000
0000
0000
0000
0000
0000
0000
0000
0000
0000
0000
0000
0000
0000
0000
0000
0000
0000
0000
0000
0000
0000
0000
0000
0000
0000
0000
0000
0000
0000
0000
0000
0000
0000
0000
0000
0000
0000
0000
0000
0000
0000
0000
0000
0000
0000
0000
0000
0000
0000
0000
0000
0000
0000
0000
0000
0000
0000
0000
0000
0000
0000
0000
0000
0000
0000
0000
0000
0000
0000
0000
0000
0000
0000
0000
0000
0000
0000
0000
0000
0000
0000
0000
0000
0000
0000
0000
0000
0000
0000
0000
0000
0000
0000
0000
0000
0000
0000
0000
0000
0000
0000
0000
0000
0000
0000
0000
0000
0000
0000
0000
0000
0000
0000
0000
0000
0000
0000
0000
0000
0000
0000
0000
0000
0000
0000
0000
0000
0000
0000
0000
0000
0000
0000
0000
0000
0000
0000
0000
0000
0000
0000
0000
0000
0000
0000
0000
0000
0000
0000
0000
0000
0000
0000
0000
0000
0000
0000
0000
0000
0000
0000
0000
0000
0000
0000
0000
0000
0000
0000
0000
0000
0000
0000
0000
0000
0000
0000
0000
0000
0000
0000
0000
0000
0000
0000
0000
0000
0000
0000
0000
0000
0000
0000
0000
0000
0000
0000
0000
0000
0000
0000
0000
0000
0000
0000
0000
0000
0000
0000
0000
0000
0000
0000
0000
0000
0000
0000
0000
0000
0000
0000
0000
0000
0000
0000
0000
0000
0000
0000
0000
0000
0000
0000
0000
0000
0000
0000
0000
0000
0000
0000
0000
0000
0000
0000
0000
0000
0000
0000
0000
0000
0000
0000
0000
0000
0000
0000
0000
0000
0000
0000
0000
0000
0000
0000
0000
0000
0000
0000
0000
0000
0000
0000
0000
0000
0000
0000
0000
0000
0000
0000
0000
0000
0000
0000
0000
0000
0000
0000
0000
0000
0000
0000
0000
0000
0000
0000
0000
0000
0000
0000
0000
0000
0000
0000
0000
0000
0000
0000
0000
0000
0000
0000
0000
0000
0000
0000
0000
0000
0000
0000
0000
0000
0000
0000
3d6c
3db6
3d4a
3c77
3b0a
3918
367b
3350
2fba
2bdd
275e
2269
1d2e
17dc
121d
0c27
05ee
ffa6
f984
f378
ed6e
e798
e221
dcf1
d82b
d3b0
cf9e
cc10
c919
c687
c46b
c2cd
c1f2
c1d4
c228
c2e5
c43f
c661
c92f
cc85
d041
d43f
d89b
dd6a
e2bf
e867
ee31
f3ec
f9aa
ffbe
05f2
0c0f
11e8
1790
1cdf
21ef
26dc
2b80
2fba
3370
368d
3900
3b02
3c89
39ef
3a30
39c7
38fd
37a2
35ca
334e
304f
2ceb
2945
2506
2059
1b6a
1665
10fc
0b5f
0583
ff9c
f9d9
f428
ee7b
e8fe
e3dc
defb
da7e
d648
d275
cf1e
cc55
c9ec
c7f2
c66e
c5a0
c584
c5d2
c683
c7c5
c9c3
cc62
cf83
d303
d6c1
dad8
df5d
e45f
e9b0
ef21
f484
fa53
ffaa
051d
0a7c
0fa0
149a
1945
1dba
2212
2628
29e2
2d26
2fe2
320a
33cb
3521
3606
3643
35df
3522
33df
3226
2fd6
2d0a
29e2
267a
2283
1e25
198a
14d9
0fcc
0a8f
0519
ff98
fa39
f4ed
efa4
ea89
e5c1
e136
dd08
d91c
d58c
d270
cfd7
cd97
cbbd
ca51
c990
c976
c9c0
ca66
cb96
cd74
cfe7
d2d0
d613
d98e
dd5b
e18f
e63a
eb2f
f041
f546
fab8
ffab
04b9
09b6
0e7c
131c
1774
1b99
1fa1
236d
26e2
29eb
2c75
2e75
3017
3153
3228
3261
3205
3155
3028
2e8f
2c6a
29d3
26e6
23be
2013
1c08
17c4
136e
0ec2
09ea
04db
ffc0
fac3
f5d6
f0ec
ec2b
e7b6
e379
df91
dbe6
d891
d5a7
d339
d11f
cf65
ce11
d142
d12a
d169
d1f8
d2fd
d499
d6b5
d939
dc09
df0a
e252
e5f1
e9f5
ee37
f292
f6e0
fb30
ffbf
0466
08fe
0d63
11a4
15a2
1971
1d25
20a3
23d1
269d
28f6
2ad0
2c53
2d79
2e3f
2e77
2e26
2d87
2c74
2afd
2905
26a3
23ef
2107
1da4
19e9
15f9
11f7
0da4
0927
0477
ffbc
fb1e
f691
f205
eda0
e983
e59a
e203
dea3
db92
d8e5
d6a9
d4ba
d324
d1ec
d52b
d517
d550
d5d3
d6c2
d83b
da2a
dc78
df0c
e1cd
e4cf
e821
ebcf
efb7
f3b6
f7aa
fba0
ffd2
041a
0853
0c5b
1043
13ed
176c
1ad2
1e06
20f0
2380
25a6
2757
28ba
29c8
2a7c
2aac
2a5f
29ca
28cc
2772
259f
236d
20f0
1e44
1b26
17b9
141a
106c
0c74
0857
040b
ffb7
fb7d
f750
f327
ef21
eb5d
e7c9
e47e
e168
de9a
dc27
da1c
d858
d6e5
d5c8
d531
d51c
d556
d5d7
d6c4
d83a
da26
dc71
df02
e1c1
e4c0
e811
ebbd
efa3
f3a1
f794
fb8a
ffbc
0404
083d
0c47
1030
13db
175b
1ac5
1dfb
20e8
2379
259f
2751
28b2
29be
2a72
2aa2
2a54
29bf
28c1
2767
2596
2363
20e8
1e3b
1b1e
17af
1411
1061
0c69
084c
03a4
ffb6
fbdf
f817
f450
f0ab
ed41
ea02
e706
e438
e1ad
df74
dd99
dbfe
daab
d9a7
d91e
d90b
d940
d9b6
da90
dbe5
dda5
dfb9
e20d
e48a
e741
ea41
ed97
f121
f4c1
f856
fbf0
ffbf
03a2
0778
0b24
0eb3
120a
153b
1854
1b40
1de9
203f
2233
23bc
24fe
25f1
22b9
22e1
22a1
2227
2157
203b
1ebf
1cf4
1aee
18be
1634
1368
1074
0d73
0a37
06dd
035c
ffd4
fc5f
f8f6
f590
f245
ef2f
ec40
e98c
e702
e4b3
e2af
e100
df8b
de59
dd6e
dcf1
dcdf
dd0f
dd7a
de3d
df73
e108
e2ea
e506
e747
e9bd
ec75
ef77
f2a9
f5ed
f928
fc64
ffcf
034c
06be
0a0a
0d3b
1039
1314
15db
187a
1add
1cf5
1eb8
201c
213e
221b
22af
22d9
229c
2225
2157
203e
1ec4
1cfa
1af3
18c5
163b
136e
107a
0d79
0a3b
06dd
0359
ffcd
fc56
f8ec
f583
f238
ef22
ec33
e982
e6fa
e4ad
e2ab
e0ff
df8b
de5b
dd71
dcf5
dce4
dd13
dd7e
de42
df76
e10b
e2ee
e50a
e74b
e9c1
ec78
ef7b
f2ad
f5f2
f92e
fc6c
ffda
035b
06cf
0a1c
0d4e
104d
132a
15f2
1890
1af3
1d0c
1ece
2030
2152
222f
22c2
22ea
22ab
2231
2161
2046
1ec8
1cfc
1af3
18c3
1636
1369
1072
0d70
0a30
06d3
02f1
ffcb
fcb8
f9af
f6a8
f3bb
f0fe
ee64
ebff
e9c0
e7b6
e5ee
e472
e329
e21b
e14c
e0de
e0cf
e0f9
e157
e203
e313
e479
e624
e802
ea01
ec2f
ee98
f144
f41a
f701
f9e0
fcc2
ffcf
02ec
05fe
08ee
0bc6
0e71
10fd
1378
15ce
17ef
19cd
1b5d
1c98
1d99
1e5c
1edf
1f02
1ec9
1e5d
1da4
1ca8
1b56
19bd
17ef
15fd
13b9
113a
0e98
0bea
0907
0609
02ea
ffc5
fcb3
f9ac
f6a7
f3bc
f101
ee68
ec05
e9c7
e7be
e5f7
e47b
e332
e223
e153
e0e5
e0d6
e100
e15f
e20d
e31e
e484
e62e
e80b
ea08
ec34
ee9b
f146
f41b
f701
f9df
fcc0
ffcc
02e8
05fa
08ea
0bc3
0e6f
10fc
1377
15cd
17ee
19cc
1b5c
1c97
1d98
1e5b
1ede
1f01
1ec8
1e5c
1da3
1ca7
1b55
19bd
17f0
15ff
13bd
1140
0ea0
0bf5
0915
061a
02fd
ffd9
fcc7
f9bf
f6b9
f3cc
f10e
ee72
ec0b
e9c9
e7bc
e5f1
e472
e327
e217
e146
e0d7
e0c7
e0f1
e150
e1fe
e311
e479
e626
e806
ea07
ec37
eea1
f14e
f425
f70c
f9eb
fccb
ffd5
02ef
05ff
08ed
0bc3
0e6c
10f6
136e
15c2
17e1
19be
1b4f
1c8b
1d8d
1e51
1ed5
1efa
1ec4
1e5a
1da3
1ca9
1b59
19c2
17f5
1605
13c3
1146
0ea6
0bfa
0918
061a
02fa
ffd3
fcbf
f9b6
f6ae
f3c0
f102
ee67
ec02
e9c2
e7b7
e5ee
e471
e327
e218
e148
e0da
e0cb
e0f5
e154
e202
e314
e47c
e629
e809
ea0a
ec3a
eea4
f151
f428
f710
f9f0
fcd2
ffdf
02fc
060e
08fd
0bd4
0e7e
1109
1382
15d6
17f5
19d2
1b62
1c9d
1d9f
1e63
1ee6
1f09
1ed1
1e65
1dac
1cb0
1b5d
19c4
17f5
1603
13bf
1141
0e9f
0bf2
090f
0611
02f1
ffcb
fcb8
f9af
f6a8
f3bb
f0fe
ee64
ebff
e9c0
e7b6
e5ee
e472
e329
e21b
e14c
e0de
e0cf
e0f9
e157
e203
e313
e479
e624
e802
ea01
ec2f
ee98
f144
f41a
f701
f9e0
fcc2
ffcf
02ec
05fe
08ee
0bc6
0e71
10fd
1378
15ce
17ef
19cd
1b5d
1c98
1d99
1e5c
1edf
1f02
1ec9
1e5d
1da4
1ca8
1b56
19bd
17ef
15fd
13b9
113a
0e98
0bea
0907
0609
02ea
ffc5
fcb3
f9ac
f6a7
f3bc
f101
ee68
ec05
e9c7
e7be
e5f7
e47b
e332
e223
e153
e0e5
e0d6
e100
e15f
e20d
e31e
e484
e62e
e80b
ea08
ec34
ee9b
f146
f41b
f701
f9df
fcc0
ffcc
02e8
05fa
08ea
0bc3
0e6f
10fc
1377
15cd
17ee
19cc
1b5c
1c97
1d98
1e5b
1ede
1f01
1ec8
1e5c
1da3
1ca7
1b55
19bd
17f0
15ff
13bd
1140
0ea0
0bf5
0915
061a
02fd
ffd9
fcc7
f9bf
f6b9
f3cc
f10e
ee72
ec0b
e9c9
e7bc
e5f1
e472
e327
e217
e146
e0d7
e0c7
e0f1
e150
e1fe
e311
e479
e626
e806
ea07
ec37
eea1
f14e
f425
f70c
f9eb
fccb
ffd5
02ef
05ff
08ed
0bc3
0e6c
10f6
136e
15c2
17e1
19be
1b4f
1c8b
1d8d
1e51
1ed5
1efa
1ec4
1e5a
1da3
1ca9
1b59
19c2
17f5
1605
13c3
1146
0ea6
0bfa
0918
061a
02fa
ffd3
fcbf
f9b6
f6ae
f3c0
f102
ee67
ec02
e9c2
e7b7
e5ee
e471
e327
e218
e148
e0da
e0cb
e0f5
e154
e202
e314
e47c
e629
e809
ea0a
ec3a
eea4
f151
f428
f710
f9f0
fcd2
ffdf
02fc
060e
08fd
0bd4
0e7e
1109
1382
15d6
17f5
19d2
1b62
1c9d
1d9f
1e63
1ee6
1f09
1ed1
1e65
1dac
1cb0
1b5d
19c4
17f5
1603
13bf
1141
0e9f
0bf2
090f
0611
02f1
ffcb
fcb8
f9af
f6a8
f3bb
f0fe
ee64
ebff
e9c0
e7b6
e5ee
e472
e329
e21b
e14c
e0de
e0cf
e0f9
e157
e203
e313
e479
e624
e802
ea01
ec2f
ee98
f144
f41a
f701
f9e0
fcc2
ffcf
02ec
05fe
08ee
0bc6
0e71
10fd
1378
15ce
17ef
19cd
1b5d
1c98
1d99
1e5c
1edf
1f02
1ec9
1e5d
1da4
1ca8
1b56
19bd
17ef
15fd
13b9
113a
0e98
0bea
0907
0609
02ea
ffc5
fcb3
f9ac
f6a7
f3bc
f101
ee68
ec05
e9c7
e7be
e5f7
e47b
e332
e223
e153
e0e5
e0d6
e100
e15f
e20d
e31e
e484
e62e
e80b
ea08
ec34
ee9b
f146
f41b
f701
f9df
fcc0
ffcc
02e8
05fa
08ea
0bc3
0e6f
10fc
1377
15cd
17ee
19cc
1b5c
1c97
1d98
1e5b
1ede
1f01
1ec8
1e5c
1da3
1ca7
1b55
19bd
17f0
15ff
13bd
1140
0ea0
0bf5
0915
061a
02fd
ffd9
fcc7
f9bf
f6b9
f3cc
f10e
ee72
ec0b
e9c9
e7bc
e5f1
e472
e327
e217
e146
e0d7
e0c7
e0f1
e150
e1fe
e311
e479
e626
e806
ea07
ec37
eea1
f14e
f425
f70c
f9eb
fccb
ffd5
02ef
05ff
08ed
0bc3
0e6c
10f6
136e
15c2
17e1
19be
1b4f
1c8b
1d8d
1e51
1ed5
1efa
1ec4
1e5a
1da3
1ca9
1b59
19c2
17f5
1605
13c3
1146
0ea6
0bfa
0918
061a
02fa
ffd3
fcbf
f9b6
f6ae
f3c0
f102
ee67
ec02
e9c2
e7b7
e5ee
e471
e327
e218
e148
