0000
0000
0000
0000
0000
0000
0000
0000
0000
0000
0000
0000
0000
0000
0000
0000
0000
0000
0000
0000
0000
0000
0000
0000
0000
0000
0000
0000
0000
0000
0000
0000
0000
0000
0000
0000
0000
0000
0000
0000
0000
0000
0000
0000
0000
0000
0000
0000
0000
0000
0000
0000
0000
0000
0000
0000
0000
0000
0000
0000
0000
0000
0000
0000
0000
0000
0000
0000
0000
0000
0000
0000
0000
0000
0000
0000
0000
0000
0000
0000
0000
0000
0000
0000
0000
0000
0000
0000
0000
0000
0000
0000
0000
0000
0000
0000
0000
0000
0000
0000
0000
0000
0000
0000
0000
0000
0000
0000
0000
0000
0000
0000
0000
0000
0000
0000
0000
0000
0000
0000
0000
0000
0000
0000
0000
0000
0000
0000
0000
0000
0000
0000
0000
0000
0000
0000
0000
0000
0000
0000
0000
0000
0000
0000
0000
0000
0000
0000
0000
0000
0000
0000
0000
0000
0000
0000
0000
0000
0000
0000
0000
0000
0000
0000
0000
0000
0000
0000
0000
0000
0000
0000
0000
0000
0000
0000
0000
0000
0000
0000
0000
0000
0000
0000
0000
0000
0000
0000
0000
0000
0000
0000
0000
0000
0000
0000
0000
0000
0000
0000
0000
0000
0000
0000
0000
0000
0000
0000
0000
0000
0000
0000
0000
0000
0000
0000
0000
0000
0000
0000
0000
0000
0000
0000
0000
0000
0000
0000
0000
0000
0000
0000
0000
0000
0000
0000
0000
0000
0000
0000
0000
0000
0000
0000
0000
0000
0000
0000
0000
0000
0000
0000
0000
0000
0000
0000
0000
0000
0000
0000
0000
0000
0000
0000
0000
0000
0000
0000
0000
0000
0000
0000
02f8
fc4d
f929
fc6d
029a
06cf
0489
fdc4
f77c
f4dc
f73e
fcc0
0204
0262
ffa8
fd1c
ff4f
05e3
0be0
0e1d
0b44
03bf
fc94
fbf6
0002
03cd
02bc
fea7
f95c
f61c
f7de
fcc4
0176
0151
fd63
f849
f77e
fc43
03d9
0a17
0b20
073f
02a2
0079
00af
025c
03da
0222
fd73
f924
f910
fc34
0004
02d7
0265
fee7
faea
f8d5
fa1a
fcfa
0083
0250
032d
0322
035e
03dc
0432
03a0
01da
0082
005a
0092
0062
0031
0001
ffd4
00cb
00ec
ff22
fc5c
fa9f
faa8
fc5b
fed0
0127
01ce
019d
0221
034c
0508
0681
062d
036c
ff3b
fc14
fc3e
fec3
01e9
028e
ff53
fa11
f6d2
f7d0
fcc0
023a
044a
0256
006f
00e2
0447
08d3
0a90
075b
005f
f9cf
f799
fa49
fe7b
0037
fed4
fb51
f8eb
f9e4
fd3e
0138
02a8
00eb
fdc3
fc5f
ffaf
05cb
0b57
0bb0
05a4
fccc
f79a
f8ff
fd84
0055
fff6
fb1d
f6b8
f763
fe48
04cd
0642
016d
fb5a
f8cd
fca1
04d3
0c5b
0d07
0740
fe9b
f80b
f6a3
fa1d
ff0d
0236
009a
fc12
f7f2
f8d4
fe61
0522
06cd
03a7
ff16
fdd4
0138
05db
0885
07c0
0249
fb96
f6f1
f69e
f99c
fedc
0310
0329
0026
fe11
ff2d
01bd
0416
04a8
02cc
0036
fe87
fe80
fee4
000b
005e
fec9
fc37
faac
fb43
fe37
01c9
0453
04b2
02a5
0043
ff25
0000
024c
0461
04b1
0296
ff08
fbba
fa43
fc10
ff60
01c0
002b
fc6d
f9c8
fa7e
fe55
043b
0820
07c6
0373
ff49
fe66
021f
064b
07c1
0461
fd54
f6cc
f636
fb38
018f
0534
03f5
feea
f978
f850
fbf8
0286
0656
06b6
03da
010c
00a3
033b
064f
06bf
0272
fb56
f650
f668
fb4b
0005
00b2
fccf
f883
f878
fde8
0552
09db
088b
034c
fe47
fd5e
005a
04a2
0700
0480
ff03
faa6
f9b9
fc0d
ffda
01ec
ff4c
f9dc
f5b4
f5e0
fb9a
035b
09c6
0a3b
0696
0177
fede
0038
0479
06d2
050f
003f
fbba
f9df
fb52
fe53
ffb1
fd3c
f983
f6fa
f721
fa2d
ffd6
0525
0756
0689
0474
025c
01d3
0323
04a4
0468
028c
fff8
fd2e
fbc6
fc77
fdf8
fdf1
fc7a
fa77
f980
fa4b
fe38
0373
083f
0a3c
0807
0375
ff10
fdf8
0001
036a
0857
044e
fb63
f46b
f47f
f9ec
0073
02cc
ffea
f835
f27a
f3c6
fcde
07fd
0e6a
0c7c
0409
fabc
f72d
fb9e
03aa
0897
06b0
ffb1
f925
f837
fdd6
06eb
0a38
043d
f840
efc0
efc9
fa53
06e1
0d6e
0926
ffd9
f9a1
fb7f
0262
08c3
0978
04d5
fdd5
f9d6
fdc7
068b
0c0e
0957
0181
f51c
eed4
f0f9
faf4
0476
083c
0182
f8a8
f595
fa86
0454
0ae2
092f
024d
fd06
fd2b
03a3
0ad7
0c3f
046f
f937
f168
f20a
f812
ff37
00f0
fc45
f6c3
f5a1
f9e4
01d4
0934
0c15
0966
0556
03dc
04da
06e0
074e
03bb
fdc2
f83a
f709
f8b2
fcfa
ffd6
ff65
fbdf
f9f2
fad3
fe50
0381
07a3
0824
053c
0258
02af
042b
042d
00ec
fab8
f5b0
f46a
f7f5
fd67
0295
043c
0286
fef7
fc48
fbc1
fde4
0135
0307
0363
025d
01f4
0181
0109
0090
0159
034b
03c2
0053
fbd8
fa46
fb79
007d
07ad
0a6b
0669
feb4
f8c3
f5ea
f88f
ff04
0519
06e3
0359
fd6c
fa72
ff53
07ab
0dff
0d3d
071d
fea5
fa7f
fd07
033e
0537
00a6
f899
f286
f240
f76c
fdc9
0012
fe75
fa7d
f970
fee8
0910
0fcd
0f60
097e
012d
fbd7
fe78
05fa
07d3
01cf
f71d
efdd
ee91
f7e5
05e3
0dd2
0852
fb67
f1f0
f100
fa97
08bf
133e
0ffb
04eb
f7e5
f36f
f9a4
04a9
09d8
0465
fa25
f338
f4a0
fdcb
08f3
0ce2
076a
fe4d
f70f
f58d
fab5
0375
090d
0682
feeb
fa56
fc76
0390
08dc
074b
0098
f90b
f4ae
f5f1
fc6f
03e1
06fc
04ad
ffdd
fc9a
fc25
ff97
0413
05a7
0334
ff8d
fc25
faf1
fd19
0115
0248
fef5
fb3f
f92a
fa8c
ff24
04b8
074e
05be
02da
00ac
fe9c
fd08
fc44
fc9a
fe46
00d4
02e2
0328
0210
00a7
003f
00ca
0146
00bf
feab
fc72
fca9
ff76
021a
0203
fe1c
f803
f3c9
f534
fd1f
04a1
0685
0316
fe85
fe08
02a2
081c
093e
0503
ffa2
fbda
faef
fcbb
0103
03be
012f
faff
f559
f422
f85d
0050
0681
071b
0272
fb7f
fa1f
0082
08fb
0924
0181
f7cb
f3f2
f836
03f3
0c55
0c4e
0463
fa54
f393
f520
fe6b
072d
07a9
005f
f705
f389
faa7
067e
0c63
0786
fb3a
efd9
ed2f
f545
022f
0bb9
0ccb
05e6
fb7e
f6e1
fa56
02c1
094e
07a8
fe5e
f6f6
f7cc
ff16
0732
0992
053f
fd47
f724
f6aa
fcc1
0510
0b72
0ad0
04e2
fdeb
f9f3
fa2b
fd0d
0118
0119
ffd0
fd5d
fc66
fe1b
02e3
06a7
0638
027e
ff8c
feac
ffc4
034c
0721
0800
056f
ffbc
f886
f33f
f311
f70d
fc50
fedb
fc46
f8b7
f81b
fb87
03df
0cd3
1110
0d00
03c8
fc44
fb96
0155
0a6d
1020
0d75
0309
f6ab
f05c
f270
f74d
fc22
fbc7
f694
f1fe
f321
fc18
099e
10ff
0fe1
06d6
fba5
f8c9
0054
0c63
0fce
0b04
012d
fa6a
fbbf
0221
058b
0112
f7d7
ef70
ed14
f2f4
005e
0cee
0e4c
0522
f9e1
f204
f295
fd87
0a5d
0e92
080f
ff33
f96a
fbb2
02f7
0730
036b
f846
ee11
ec8e
f5be
03ac
0b9d
08b2
fe2f
f6e2
f552
f930
ff85
0578
085f
0715
0466
02fe
0555
089a
07a6
0183
f935
f2e2
f25c
f88b
0113
0688
0672
0128
fc2a
fb5a
ffbb
0519
0777
05b3
03de
0346
03dd
058b
06f1
0588
0049
fa1b
f5be
f478
f623
f9e0
fd92
011d
0505
06a5
0436
008c
fef7
0003
037e
0744
0813
04d4
0101
ff43
0026
00f9
ff36
fb15
f4dd
f0a1
f362
fc9c
069d
0ac9
059b
fb92
f4cd
f64d
ff83
0aa8
0fc4
0c90
042a
fc28
f9c5
ff38
06da
08ca
0055
f363
eca6
f36f
01af
0c7d
0c3a
0419
f9d9
f2ed
f458
fd89
08ba
0b71
03a0
f9af
f58e
f982
026b
0ab1
0a9c
02b3
f8b3
f48c
f883
03f6
0c11
0bc9
03a7
f968
f502
fb3a
0634
0b4b
05b7
fb4d
f1af
f09d
f796
0362
0bd6
0be3
0410
fb59
f992
ff9a
07c4
0cac
0960
ffbd
f576
f268
f777
0178
070e
0491
fbd7
f508
f53e
fd46
0763
0ce2
0b63
071f
0425
04fa
0819
0ac4
092f
0268
f6fb
ec8c
e85f
ecb2
f51a
fd51
015a
0157
0009
000f
0292
0759
0b97
0cb4
0ad9
0645
0307
03a3
0699
07ea
03e6
fb02
f054
e94d
e86b
ee94
f8a4
024f
078b
05f8
01cd
0055
02b2
0753
0b6f
0b2d
06d4
014a
ffce
00ea
046d
0514
01c7
f9a1
efaf
e95e
eba7
f5ed
011e
0693
053c
000f
fdb5
01d2
0a9e
1289
145f
0cb5
015f
f933
f940
0102
083f
0605
fc3f
f0b3
ea19
ee97
fad9
067f
09b6
04ec
fdc6
f9a5
fd78
08a2
12d4
144c
0b09
fd02
f4f2
f7bb
021a
0bc1
0cef
0122
f108
e767
eba4
f7bf
035a
069f
01fa
f88f
f4f5
fbec
0a14
1488
13b0
0847
fd53
faa2
ffc7
071a
0b40
0748
fbd5
eeba
ea7b
f12b
fce6
057e
05e0
010c
fc7d
fd51
032d
0d91
1462
1022
0424
fb44
f818
fa5e
ff2b
03b1
02d1
fa67
f030
ee9a
f529
ff64
07c0
0918
03d0
fd7e
fb65
fe91
0555
0b82
0bf0
06f6
ff93
f9ea
f9cb
fee0
03ac
044d
ffc2
f900
f422
f4f0
f9c8
0104
0683
07b5
04d6
00bd
ff5f
01db
0560
0740
0648
016d
fa52
f656
f7e6
fe9d
04f3
05bb
fec8
f5cc
f171
f54f
fe44
06b8
082d
030a
fce0
fc31
032b
0c1c
0f1c
09f4
ffcd
f3c9
ede6
f2f2
ff94
0b6f
0eb0
0747
f899
f011
f291
fcd3
068a
0a70
03c4
f864
f2f7
fac8
09c5
1504
14e6
0a23
f83a
ecad
eef3
fb9d
079f
0b23
0415
f858
f293
f795
018b
0853
06ed
0065
f7c2
f4ea
fc98
0b66
13ec
1149
06c5
f7b3
ec54
ec47
f6d9
038a
0a53
065c
fd71
f7a9
f9ff
015f
083e
06ec
fdf8
f5a3
f5a6
fd7a
08a5
0f17
0bea
024f
f93b
f4ae
f5c4
fc19
0229
0406
00a4
fc33
faa7
fd1d
0203
054a
0471
ffc2
fa1f
f644
f7f4
fec8
0539
0618
01b8
fb0f
f778
f81f
fcb9
0263
065f
0628
0343
ff31
fca6
fe1e
034e
06cf
0622
018d
fbf5
f957
fd56
062b
0a80
06bb
ff3c
f83a
f466
f62c
ffa4
0b06
0dd9
0610
f993
f090
f018
fa25
03c0
07a3
0389
fd15
f99e
fb92
0289
08fc
09bf
02a7
f96b
f377
f345
fafc
0760
0dc1
094d
fd55
f4b2
f473
fc13
0358
050e
017f
fb9c
f8ba
fdbf
0786
0df3
0c0a
025e
f6ba
ee99
f185
fc36
0659
05a6
fd51
f316
eee5
f57f
0383
0e0b
0d78
0503
fceb
fa6e
ffc4
09c6
1059
0e80
0250
f450
ec8d
eea1
f75e
0114
02a5
fb47
f345
f268
fac5
0686
0d96
0c48
05ac
008c
00b9
05dd
0a80
0ac3
05ab
fbb7
f284
ef50
f453
fd22
02fb
00de
fb1b
f71b
f9e1
01ab
0b6b
1072
0e65
0706
ffe3
fcf4
008b
0664
092c
03fd
fa01
f0d3
edb1
f053
f707
fd97
0011
fea2
fd54
feb1
03c1
0ae1
1138
141f
0ff6
0550
f9e8
f467
f5db
fb49
ff45
ff47
fa4d
f351
efa9
f43e
fde7
0706
0b9b
0a88
0573
01c2
01fd
05e4
095d
0893
028f
fa57
f40f
f24a
f60f
fc67
fff6
fbcb
f304
edb1
f5c5
02a9
09a9
0aeb
06c2
02a4
03b2
0992
0ec5
10af
0bb5
01ac
f476
ec2e
eb49
f157
fb38
00e1
fea8
f79c
f3c4
f80a
014b
0b2d
0f17
0ac9
0169
fd93
018e
0a3c
120c
13cf
0d57
ff5b
f243
f06a
f92a
0195
01ed
faaf
f18f
ee74
f617
028d
0ba7
0c52
078f
005a
fe96
01f9
0a15
0ede
0b63
0044
f5d4
f65c
fea8
08f9
0add
04ca
f772
f033
f166
fa7a
05a8
0876
00d2
f722
f353
f7a5
0375
10ec
1304
0a61
ff75
fa3b
fd02
04b4
0945
0342
f605
e9ea
e6c2
ec15
f6b1
00ee
02fe
fd55
f81b
f873
ff41
0aa7
1280
1447
12cf
10d7
0fb8
10ac
110b
0e5b
0663
fc36
f409
f1bf
f50b
faf9
fed0
feb2
fe00
ff48
0121
0232
0280
0174
006e
0154
0401
03e3
ffe7
faea
f846
f749
f6a1
f50d
f3ea
f519
f90c
fed6
044d
0809
0a09
0918
060c
039f
03bb
0817
0dcb
0e56
06e5
fd34
f6b4
f725
fb96
fea3
fc89
f82c
f6d3
f999
fee4
0524
0855
0750
0260
fdac
fe55
0400
0a70
0b25
03f5
f818
efb7
efde
f6c3
0003
03ae
00c1
fa3c
f80d
fc81
05c8
0d0c
0d33
06ae
ff1a
fbc7
ff0b
04a1
0738
046b
fb67
f1d7
ee51
f310
fa6a
017a
044d
01d0
fceb
fead
069d
0f19
1053
0977
fefc
f670
f63a
fc95
02a4
033e
fd72
f598
f24d
f724
ffb4
067d
07a4
037c
fe3a
fe5a
04c4
0d21
10ce
0c3a
014c
f5c3
f184
f57c
fd49
036d
02d3
fbec
f593
f632
fd56
055c
08f7
070f
028d
ff7e
0063
03b7
07f7
0933
0511
fde8
f7e1
f59c
f6ed
faf2
fd9e
fd12
fb66
f9f9
f973
fb08
ffcc
0583
08d3
09c7
091c
06f3
05f5
04d6
0262
0001
fdc6
fa7f
f65a
f403
f5f1
fbd1
0173
02ef
ff3c
f949
f52b
f7e5
00f3
0be8
10cd
0d5d
04b9
fc78
f9d7
fdd1
041b
0620
0193
fac2
f707
fb4e
0477
0ba8
0948
ff44
f4a5
f00b
f3b8
fc8d
062f
0b45
082f
fec8
f881
fa59
03c0
0c72
0df5
04ef
f9d2
f497
fa0b
0456
0b59
0790
fc48
f1d0
ed71
f16b
fa99
035f
03fc
ff6f
fb2f
fed9
09d0
13c9
1784
12c6
063e
fa4b
f944
0003
0655
048f
fdc0
f4ef
ef83
f271
fa9c
026e
0230
fba3
f322
f1d0
f9c3
0668
10cf
1289
0c12
0462
00c9
0123
03ee
066d
038f
fbc2
f493
f472
f9af
000a
04be
0401
fe2f
f787
f40e
f62b
faf5
00da
03d9
0548
0536
059b
066b
06fb
0609
0316
00d8
0097
00f5
00a5
0054
0005
ffbb
0157
018e
fe94
f9f5
f70f
f71f
f9f4
fe0c
01f1
0308
02b5
0391
0582
0867
0ada
0a50
05ba
fec0
f97f
f9c5
fdf8
0337
0449
fee7
f623
f0ba
f260
fa99
03b9
0729
03e8
00bb
017b
0722
0eb5
1199
0c40
009b
f5ab
f1fb
f676
fd75
0058
fe08
f82d
f42d
f5cb
fb60
01ff
0465
0180
fc3d
f9ec
ff70
099f
12de
1372
0960
faa4
f1fd
f450
fbdb
008d
ffef
f7db
f089
f1a6
fd24
0800
0a6e
0260
f83f
f3fe
fa60
0808
1496
15b4
0c13
fdab
f2bc
f065
f630
fe6c
03b1
0102
f976
f296
f40f
fd4e
088f
0b57
0617
fe7a
fc63
0209
09c4
0e34
0cec
03d0
f8a7
f0ea
f061
f55d
fe1e
0521
054a
0046
fccf
fea8
02ef
06d9
07cd
04b3
0065
fd97
fd8a
fe30
001a
00a4
fe00
f9b5
f720
f81b
fd04
02f6
0731
07cd
0461
0067
fe8a
fff6
03ca
0743
07ca
0449
fe5d
f8dd
f66d
f970
fef7
02ec
004b
fa10
f5a7
f6d8
fd3f
0715
0d94
0cfe
05c9
fed8
fd5f
0392
0a84
0cf3
0752
fb90
f0ad
efb2
f809
0299
08aa
0695
fe2c
f518
f32b
f943
042f
0a8a
0b2a
0667
01bc
010d
0560
0a82
0b3c
0411
f838
efd9
f001
f826
0007
0129
faaf
f386
f373
fc84
08df
106d
0e3e
0580
fd20
fb9c
0094
07b6
0ba7
077c
fe57
f710
f585
f966
ffbd
0330
fed2
f5c3
eed6
ef20
f8ac
0599
104a
110d
0afb
0272
fe1e
005d
0774
0b5e
086e
0069
f8e0
f5c8
f833
fd35
ff7c
fb63
f52f
f0f5
f136
f648
ffb6
088f
0c36
0ae0
0768
03eb
0307
0537
07ba
0757
043e
fff4
fb4e
f8f8
fa1e
fca0
fc95
fa25
f6cb
f52f
f683
fd0d
05c6
0dc5
1115
0d67
05c8
fe74
fca2
0007
05b5
0859
0450
fb64
f46b
f47e
f9eb
0071
02cb
ffe8
f833
f278
f3c4
fcdc
07fb
0e67
0c79
0405
fab8
f728
fb98
03a3
0891
06aa
ffac
f920
f833
fdd2
06e8
0a35
043b
f83d
efbd
efc6
fa50
06de
0d6b
0924
ffd7
f9a0
fb7f
0263
08c5
097a
04d8
fdd8
f9da
fdcc
0690
0c12
095c
0186
f520
eed7
f0fb
faf4
0475
083a
0180
f8a5
f592
fa83
0451
0ade
092b
0249
fd03
fd27
03a0
0ad4
0c3d
046d
f936
f168
f20b
f813
ff39
00f2
fc48
f6c5
f5a4
f9e6
01d5
0935
0c15
0965
0555
03db
04d9
06df
074e
03ba
fdc1
f83a
f708
f8b1
fcf9
ffd4
ff63
fbdc
f9ee
facf
fe4b
037d
079f
0821
053a
0258
02b0
042c
042f
00ef
fabb
f5b5
f470
f7fc
fd6e
029d
0443
028d
fefd
fc4d
fbc6
fde8
0138
0309
0364
025e
01f4
0181
0108
008e
0157
0348
03bf
0051
fbd6
fa43
fb78
007d
07ad
0a6d
066d
feb8
f8c9
f5f2
f899
ff10
0526
06f2
0369
fd7c
fa82
ff62
07b8
0e0b
0d48
0726
feac
fa84
fd0b
033f
0537
00a4
f895
f281
f23b
f766
fdc2
000a
fe6c
fa75
f968
fee1
090b
0fc9
0f5c
097b
012c
fbd7
fe79
05fc
07d6
01d4
f722
efe1
ee95
f7e8
05e7
0dd5
0856
fb6b
f1f3
f101
fa97
08bd
133b
0ff6
04e5
f7de
f367
f99c
04a0
09ce
045b
fa1b
f32e
f496
fdc2
08ed
0cdd
0767
fe4c
f710
f58f
fab9
037a
0911
0687
fef0
fa5b
fc7c
0396
08e1
0750
009d
f910
f4b2
f5f4
fc72
03e3
06fd
04ad
ffdc
fc98
fc23
ff94
0411
05a5
0332
ff8c
fc23
faf0
fd18
0114
0247
fef3
fb3d
f928
fa8b
ff22
04b6
074a
05ba
02d5
00a6
fe94
fcff
fc3a
fc8f
fe3a
00c8
02d6
031c
0205
009e
0038
00c6
0145
00c0
fead
fc76
fcae
ff7c
0221
0209
fe23
f809
f3d0
f53b
fd26
04a9
068e
0320
fe8f
fe12
02ad
0827
0948
050b
ffaa
fbe1
faf4
fcbe
0105
03be
012d
fafb
f553
f41b
f854
0046
0677
0710
0266
fb73
fa12
0076
08f0
091a
0178
f7c3
f3ec
f831
03f0
0c53
0c4c
0463
fa54
f392
f520
fe6b
072c
07a8
005e
f705
f388
faa7
067d
0c62
0785
fb3a
efd9
ed2e
f544
022e
0bb8
0ccb
05e5
fb7e
f6e1
fa56
02c0
094d
07a7
fe5d
f6f5
f7ca
ff14
0730
0990
053d
fd44
f720
f6a5
fcbc
050b
0b6c
0acb
04de
fde8
f9f2
fa2a
fd0e
011a
011c
ffd4
fd62
fc6b
fe20
02e8
06ac
063d
0283
ff8f
fead
ffc4
034a
071d
07fa
0569
ffb5
f87e
f336
f308
f704
fc48
fed4
fc40
f8b3
f818
fb87
03e1
0cd6
1115
0d07
03d0
fc4f
fba1
0161
0a79
102c
0d81
0315
f6b6
f066
f278
f754
fc27
fbcb
f696
f1ff
f321
fc17
099d
10fc
0fdd
06d1
fb9e
f8c1
004b
0c59
0fc3
0af7
0120
fa5c
fbb0
0212
057b
0102
f7c8
ef63
ed08
f2ea
0055
0ce7
0e48
0521
f9e2
f207
f29a
fd8d
0a65
0e9b
0819
ff3d
f975
fbbe
0303
073b
0376
f851
ee1b
ec97
f5c5
03b2
0ba2
08b6
fe31
f6e3
f552
f92f
ff83
0576
085d
0712
0462
02fa
0550
0896
07a2
017f
f932
f2e0
f25b
f88b
0113
0689
0673
012a
fc2d
fb5d
ffbf
051c
0779
05b4
03dd
0344
03d9
0586
06eb
0582
0042
fa15
f5b8
f473
f61e
f9dd
fd90
011b
0504
06a5
0437
008d
fef9
0006
0381
0748
0817
04d9
0107
ff49
002d
0100
ff3d
fb1c
f4e4
f0a7
f368
fca1
06a1
0acb
059c
fb92
f4cb
f64b
ff7f
0aa3
0fc0
0c8d
0428
fc28
f9c6
ff3b
06df
08d1
005d
f36c
ecaf
f377
01b6
0c84
0c40
041d
f9db
f2ed
f456
fd85
08b4
0b69
0398
f9a6
f586
f97b
0264
0aab
0a99
02b2
f8b4
f490
f88a
03ff
0c1c
0bd6
03b6
f979
f514
fb4c
0645
0b5c
05c6
fb5b
f1ba
f0a6
f79c
0366
0bd8
0be4
0410
fb58
f990
ff98
07c2
0cab
095f
ffbd
f576
f268
f777
0178
070e
0491
fbd7
f508
f53e
fd46
0763
0ce2
0b63
071f
0425
04fa
0819
0ac4
092f
0268
f6fb
ec8c
e85f
ecb2
f51a
fd51
015a
0157
0009
000f
0292
0759
0b97
0cb4
0ad9
0645
0307
03a3
0699
07ea
03e6
fb02
f054
e94d
e86b
ee94
f8a4
024f
078b
05f8
01cd
0055
02b2
0753
0b6f
0b2d
06d4
014a
ffce
00ea
046d
0514
01c7
f9a1
efaf
e95e
eba7
f5ed
011e
0693
053c
000f
fdb5
01d2
0a9e
1289
145f
0cb5
015f
f933
f940
0102
083f
0605
fc3f
f0b3
ea19
ee97
fad9
067f
09b6
04ec
fdc6
f9a5
fd78
08a2
12d4
144c
0b09
fd02
f4f2
f7bb
021a
0bc1
0cef
0122
f108
e767
eba4
f7bf
035a
069f
01fa
f88f
f4f5
fbec
0a14
1488
13b0
0847
fd53
faa2
ffc7
071a
0b40
0748
fbd5
eeba
ea7b
f12b
fce6
057e
05e0
010c
fc7d
fd51
032d
0d91
1462
1022
0424
fb44
f818
fa5e
ff2b
03b1
02d1
fa67
f030
ee9a
f529
ff64
07c0
0918
03d0
fd7e
fb65
fe91
0555
0b82
0bf0
06f6
ff93
f9ea
f9cb
fee0
03ac
044d
ffc2
f900
f422
f4f0
f9c8
0104
0683
07b5
04d6
00bd
ff5f
01db
0560
0740
0648
016d
fa52
f656
f7e6
fe9d
04f3
05bb
fec8
f5cc
f171
f54f
fe44
06b8
082d
030a
fce0
fc31
032b
0c1c
0f1c
09f4
ffcd
f3c9
ede6
f2f2
ff94
0b6f
0eb0
0747
f899
f011
f291
fcd3
068a
0a70
03c4
f864
f2f7
fac8
09c5
1504
14e6
0a23
f83a
ecad
eef3
fb9d
079f
0b23
0415
f858
f293
f795
018b
0853
06ed
0065
f7c2
f4ea
fc98
0b66
13ec
1149
06c5
f7b3
ec54
ec47
f6d9
038a
0a53
065c
fd71
f7a9
f9ff
015f
083e
06ec
fdf8
f5a3
f5a6
fd7a
08a5
0f17
0bea
024f
f93b
f4ae
f5c4
fc19
0229
0406
00a4
fc33
faa7
fd1d
0203
054a
0471
ffc2
fa1f
f644
f7f4
fec8
0539
0618
01b8
fb0f
f778
f81f
fcb9
0263
065f
0628
0343
ff31
fca6
fe1e
034e
06cf
0622
018d
fbf5
f957
fd56
062b
0a80
06bb
ff3c
f83a
f466
f62c
ffa4
0b06
0dd9
0610
f993
f090
f018
fa25
03c0
07a3
0389
fd15
f99e
fb92
0289
08fc
09bf
02a7
f96b
f377
f345
fafc
0760
0dc1
094d
fd55
f4b2
f473
fc13
0358
050e
017f
fb9c
f8ba
fdbf
0786
0df3
0c0a
025e
f6ba
ee99
f185
fc36
0659
05a6
fd51
f316
eee5
f57f
0383
0e0b
0d78
0503
fceb
fa6e
ffc4
09c6
1059
0e80
0250
f450
ec8d
eea1
f75e
0114
02a5
fb47
f345
f268
fac5
0686
0d96
0c48
05ac
008c
00b9
05dd
0a80
0ac3
05ab
fbb7
f284
ef50
f453
fd22
02fb
00de
fb1b
f71b
f9e1
01ab
0b6b
1072
0e65
0706
ffe3
fcf4
008b
0664
092c
03fd
fa01
f0d3
edb1
f053
f707
fd97
0011
fea2
fd54
feb1
03c1
0ae1
1138
141f
0ff6
0550
f9e8
f467
f5db
fb49
ff45
ff47
fa4d
f351
efa9
f43e
fde7
0706
0b9b
0a88
0573
01c2
01fd
05e4
095d
0893
028f
fa57
f40f
f24a
f60f
fc67
fff6
fbcb
f304
edb1
f5c5
02a9
09a9
0aeb
06c2
02a4
03b2
0992
0ec5
10af
0bb5
01ac
f476
ec2e
eb49
f157
fb38
00e1
fea8
f79c
f3c4
f80a
014b
0b2d
0f17
0ac9
0169
fd93
018e
0a3c
120c
13cf
0d57
ff5b
f243
f06a
f92a
0195
01ed
faaf
f18f
ee74
f617
028d
0ba7
0c52
078f
005a
fe96
01f9
0a15
0ede
0b63
0044
f5d4
f65c
fea8
08f9
0add
04ca
f772
f033
f166
fa7a
05a8
0876
00d2
f722
f353
f7a5
0375
10ec
1304
0a61
ff75
fa3b
fd02
04b4
0945
0342
f605
e9ea
e6c2
ec15
f6b1
00ee
02fe
fd55
f81b
f873
ff41
0aa7
1280
1447
12cf
10d7
0fb8
10ac
110b
0e5b
0663
fc36
f409
f1bf
f50b
faf9
fed0
feb2
fe00
ff48
0121
0232
0280
0174
006e
0154
0401
03e3
ffe7
faea
f846
f749
f6a1
f50d
f3ea
f519
f90c
fed6
044d
0809
0a09
0918
060c
039f
03bb
0817
0dcb
0e56
06e5
fd34
f6b4
f725
fb96
fea3
fc89
f82c
f6d3
f999
fee4
0524
0855
0750
0260
fdac
fe55
0400
0a70
0b25
03f5
f818
efb7
efde
f6c3
0003
03ae
00c1
fa3c
f80d
fc81
05c8
0d0c
0d33
06ae
ff1a
fbc7
ff0b
04a1
0738
046b
fb67
f1d7
ee51
f310
fa6a
017a
044d
01d0
fceb
fead
069d
0f19
1053
0977
fefc
f670
f63a
fc95
02a4
033e
fd72
f598
f24d
f724
ffb4
067d
07a4
037c
fe3a
fe5a
04c4
0d21
10ce
0c3a
014c
f5c3
f184
f57c
fd49
036d
02d3
fbec
f593
f632
fd56
055c
08f7
070f
028d
ff7e
0063
03b7
07f7
0933
0511
fde8
f7e1
f59c
f6ed
faf2
fd9e
fd12
fb66
f9f9
f973
fb08
ffcc
0583
08d3
09c7
091c
06f3
05f5
04d6
0262
0001
fdc6
fa7f
f65a
f403
f5f1
fbd1
0173
02ef
ff3c
f949
f52b
f7e5
00f3
0be8
10cd
0d5d
04b9
fc78
f9d7
fdd1
041b
0620
0193
fac2
f707
fb4e
0477
0ba8
0948
ff44
f4a5
f00b
f3b8
fc8d
062f
0b45
082f
fec8
f881
fa59
03c0
0c72
0df5
04ef
f9d2
f497
fa0b
0456
0b59
0790
fc48
f1d0
ed71
f16b
fa99
035f
03fc
ff6f
fb2f
fed9
09d0
13c9
1784
12c6
063e
fa4b
f944
0003
0655
048f
fdc0
f4ef
ef83
f271
fa9c
026e
0230
fba3
f322
f1d0
f9c3
0668
10cf
1289
0c12
0462
00c9
0123
03ee
066d
038f
fbc2
f493
f472
f9af
000a
04be
0401
fe2f
f787
f40e
f62b
faf5
00da
03d9
0548
0536
059b
066b
06fb
0609
0316
00d8
0097
00f5
00a5
0054
0005
ffbb
0157
018e
fe94
f9f5
f70f
f71f
f9f4
fe0c
01f1
0308
02b5
0391
0582
0867
0ada
0a50
05ba
fec0
f97f
f9c5
fdf8
0337
0449
fee7
f623
f0ba
f260
fa99
03b9
0729
03e8
00bb
017b
0722
0eb5
1199
0c40
009b
f5ab
f1fb
f676
fd75
0058
fe08
f82d
f42d
f5cb
fb60
01ff
0465
0180
fc3d
f9ec
ff70
099f
12de
1372
0960
faa4
f1fd
f450
fbdb
008d
ffef
f7db
f089
f1a6
fd24
0800
0a6e
0260
f83f
f3fe
fa60
0808
1496
15b4
0c13
fdab
f2bc
f065
f630
fe6c
03b1
0102
f976
f296
f40f
fd4e
088f
0b57
0617
fe7a
fc63
0209
09c4
0e34
0cec
03d0
f8a7
f0ea
f061
f55d
fe1e
0521
054a
0046
fccf
fea8
02ef
06d9
07cd
04b3
0065
fd97
fd8a
fe30
001a
00a4
fe00
f9b5
f720
f81b
fd04
02f6
0731
07cd
0461
0067
fe8a
fff6
03ca
0743
07ca
0449
fe5d
f8dd
f66d
f970
fef7
02ec
004b
fa10
f5a7
f6d8
fd3f
0715
0d94
0cfe
05c9
fed8
fd5f
0392
0a84
0cf3
0752
fb90
f0ad
efb2
f809
0299
08aa
0695
fe2c
f518
f32b
f943
042f
0a8a
0b2a
0667
01bc
010d
0560
0a82
0b3c
0411
f838
efd9
f001
f826
0007
0129
faaf
f386
f373
fc84
08df
106d
0e3e
0580
fd20
fb9c
0094
07b6
0ba7
077c
fe57
f710
f585
f966
ffbd
0330
fed2
f5c3
eed6
ef20
f8ac
0599
104a
110d
0afb
0272
fe1e
005d
0774
0b5e
086e
0069
f8e0
f5c8
f833
fd35
ff7c
fb63
f52f
f0f5
f136
f648
ffb6
088f
0c36
0ae0
0768
03eb
0307
0537
07ba
0757
043e
fff4
fb4e
f8f8
fa1e
fca0
fc95
fa25
f6cb
f52f
f683
fd0d
05c6
0dc5
1115
0d67
05c8
fe74
fca2
0007
05b5
0859
0450
fb64
f46b
f47e
f9eb
0071
02cb
ffe8
f833
f278
f3c4
fcdc
07fb
0e67
0c79
0405
fab8
f728
fb98
03a3
0891
06aa
ffac
f920
f833
fdd2
06e8
0a35
043b
f83d
efbd
efc6
fa50
06de
0d6b
0924
ffd7
f9a0
fb7f
0263
08c5
097a
04d8
fdd8
f9da
fdcc
0690
0c12
095c
0186
f520
eed7
f0fb
faf4
0475
083a
0180
f8a5
f592
fa83
0451
0ade
092b
0249
fd03
fd27
03a0
0ad4
0c3d
046d
f936
f168
f20b
f813
ff39
00f2
fc48
f6c5
f5a4
f9e6
01d5
0935
0c15
0965
0555
03db
04d9
06df
074e
03ba
fdc1
f83a
f708
f8b1
fcf9
ffd4
ff63
fbdc
f9ee
facf
fe4b
037d
079f
0821
053a
0258
02b0
042c
042f
00ef
fabb
f5b5
f470
f7fc
fd6e
029d
0443
028d
fefd
fc4d
fbc6
fde8
0138
0309
0364
025e
01f4
0181
0108
008e
0157
0348
03bf
0051
fbd6
fa43
fb78
007d
07ad
0a6d
066d
feb8
f8c9
f5f2
f899
ff10
0526
06f2
0369
fd7c
fa82
ff62
07b8
0e0b
0d48
0726
feac
fa84
fd0b
033f
0537
00a4
f895
f281
f23b
f766
fdc2
000a
fe6c
fa75
f968
fee1
090b
0fc9
0f5c
097b
012c
fbd7
fe79
05fc
07d6
01d4
f722
efe1
ee95
f7e8
05e7
0dd5
0856
fb6b
f1f3
f101
fa97
08bd
133b
0ff6
04e5
f7de
f367
f99c
04a0
09ce
045b
fa1b
f32e
f496
fdc2
08ed
0cdd
0767
fe4c
f710
f58f
fab9
037a
0911
0687
fef0
fa5b
fc7c
0396
08e1
0750
009d
f910
f4b2
f5f4
fc72
03e3
06fd
04ad
ffdc
fc98
fc23
ff94
0411
05a5
0332
ff8c
fc23
faf0
fd18
0114
0247
fef3
fb3d
f928
fa8b
ff22
04b6
074a
05ba
02d5
00a6
fe94
fcff
fc3a
fc8f
fe3a
00c8
02d6
031c
0205
009e
0038
00c6
0145
00c0
fead
fc76
fcae
ff7c
0221
0209
fe23
f809
f3d0
f53b
fd26
04a9
068e
0320
fe8f
fe12
02ad
0827
0948
050b
ffaa
fbe1
faf4
fcbe
0105
03be
012d
fafb
f553
f41b
f854
0046
0677
0710
0266
fb73
fa12
0076
08f0
091a
0178
f7c3
f3ec
f831
03f0
0c53
0c4c
0463
fa54
f392
f520
fe6b
072c
07a8
005e
f705
f388
faa7
067d
0c62
0785
fb3a
efd9
ed2e
f544
022e
0bb8
0ccb
05e5
fb7e
f6e1
fa56
02c0
094d
07a7
fe5d
f6f5
f7ca
ff14
0730
0990
053d
fd44
f720
f6a5
fcbc
050b
0b6c
0acb
04de
fde8
f9f2
fa2a
fd0e
011a
011c
ffd4
fd62
fc6b
fe20
02e8
06ac
063d
0283
ff8f
fead
ffc4
034a
071d
07fa
0569
ffb5
f87e
f336
f308
f704
fc48
fed4
fc40
f8b3
f818
fb87
03e1
0cd6
1115
0d07
03d0
fc4f
fba1
0161
0a79
102c
0d81
0315
f6b6
f066
f278
f754
fc27
fbcb
f696
f1ff
f321
fc17
099d
10fc
0fdd
06d1
fb9e
f8c1
004b
0c59
0fc3
0af7
0120
fa5c
fbb0
0212
057b
0102
f7c8
ef63
ed08
f2ea
0055
0ce7
0e48
0521
f9e2
f207
f29a
fd8d
0a65
0e9b
0819
ff3d
f975
fbbe
0303
073b
0376
f851
ee1b
ec97
f5c5
03b2
0ba2
08b6
fe31
f6e3
f552
f92f
ff83
0576
085d
0712
0462
02fa
0550
0896
07a2
017f
f932
f2e0
f25b
f88b
0113
0689
0673
012a
fc2d
fb5d
ffbf
051c
0779
05b4
03dd
0344
03d9
0586
06eb
0582
0042
fa15
f5b8
f473
f61e
f9dd
fd90
011b
0504
06a5
0437
008d
fef9
0006
0381
0748
0817
04d9
0107
ff49
002d
0100
ff3d
fb1c
f4e4
f0a7
f368
fca1
06a1
0acb
059c
fb92
f4cb
f64b
ff7f
0aa3
0fc0
0c8d
0428
fc28
f9c6
ff3b
06df
08d1
005d
f36c
ecaf
f377
01b6
0c84
0c40
041d
f9db
f2ed
f456
fd85
08b4
0b69
0398
f9a6
f586
f97b
0264
0aab
0a99
02b2
f8b4
f490
f88a
03ff
0c1c
0bd6
03b6
f979
f514
fb4c
0645
0b5c
05c6
fb5b
f1ba
f0a6
f79c
0366
0bd8
0be4
0410
fb58
f990
ff98
07c2
0cab
095f
ffbd
f576
f268
f777
0178
070e
0491
fbd7
f508
f53e
fd46
0763
0ce2
0b63
071f
0425
04fa
0819
0ac4
092f
0268
f6fb
ec8c
e85f
ecb2
f51a
fd51
015a
0157
0009
000f
0292
0759
0b97
0cb4
0ad9
0645
0307
03a3
0699
07ea
03e6
fb02
f054
e94d
e86b
ee94
f8a4
024f
078b
05f8
01cd
0055
02b2
0753
0b6f
0b2d
06d4
014a
ffce
00ea
046d
0514
01c7
f9a1
efaf
e95e
eba7
f5ed
011e
0693
053c
000f
fdb5
01d2
0a9e
1289
145f
0cb5
015f
f933
f940
0102
083f
0605
fc3f
f0b3
ea19
ee97
fad9
067f
09b6
04ec
fdc6
f9a5
fd78
08a2
12d4
144c
0b09
fd02
f4f2
f7bb
021a
0bc1
0cef
0122
f108
e767
eba4
f7bf
035a
069f
01fa
f88f
f4f5
fbec
0a14
1488
13b0
0847
fd53
faa2
ffc7
071a
0b40
0748
fbd5
eeba
ea7b
f12b
fce6
057e
05e0
010c
fc7d
fd51
032d
0d91
1462
1022
0424
fb44
f818
fa5e
ff2b
03b1
02d1
fa67
f030
ee9a
f529
ff64
07c0
0918
03d0
fd7e
fb65
fe91
0555
0b82
0bf0
06f6
ff93
f9ea
f9cb
fee0
03ac
044d
ffc2
f900
f422
f4f0
f9c8
0104
0683
07b5
04d6
00bd
ff5f
01db
0560
0740
0648
016d
fa52
f656
f7e6
fe9d
04f3
05bb
fec8
f5cc
f171
f54f
fe44
06b8
082d
030a
fce0
fc31
032b
0c1c
0f1c
09f4
ffcd
f3c9
ede6
f2f2
ff94
0b6f
0eb0
0747
f899
f011
f291
fcd3
068a
0a70
03c4
f864
f2f7
fac8
09c5
1504
14e6
0a23
f83a
ecad
eef3
fb9d
079f
0b23
0415
f858
f293
f795
018b
0853
06ed
0065
f7c2
f4ea
fc98
0b66
13ec
1149
06c5
f7b3
ec54
ec47
f6d9
038a
0a53
065c
fd71
f7a9
f9ff
015f
083e
06ec
fdf8
f5a3
f5a6
fd7a
08a5
0f17
0bea
024f
f93b
f4ae
f5c4
fc19
0229
0406
00a4
fc33
faa7
fd1d
0203
054a
0471
ffc2
fa1f
f644
f7f4
fec8
0539
0618
01b8
fb0f
f778
f81f
fcb9
0263
065f
0628
0343
ff31
fca6
fe1e
034e
06cf
0622
018d
fbf5
f957
fd56
062b
0a80
06bb
ff3c
f83a
f466
f62c
ffa4
0b06
0dd9
0610
f993
f090
f018
fa25
03c0
07a3
0389
fd15
f99e
fb92
0289
08fc
09bf
02a7
f96b
f377
f345
fafc
0760
0dc1
094d
fd55
f4b2
f473
fc13
0358
050e
017f
fb9c
f8ba
fdbf
0786
0df3
0c0a
025e
f6ba
ee99
f185
fc36
0659
05a6
fd51
f316
eee5
f57f
0383
0e0b
0d78
0503
fceb
fa6e
ffc4
09c6
1059
0e80
0250
f450
ec8d
eea1
f75e
0114
02a5
fb47
f345
f268
fac5
0686
0d96
0c48
05ac
008c
00b9
05dd
0a80
0ac3
05ab
fbb7
f284
ef50
f453
fd22
02fb
00de
fb1b
f71b
f9e1
01ab
0b6b
1072
0e65
0706
ffe3
fcf4
008b
0664
092c
03fd
fa01
f0d3
edb1
f053
f707
fd97
0011
fea2
fd54
feb1
03c1
0ae1
1138
141f
0ff6
0550
f9e8
f467
f5db
fb49
ff45
ff47
fa4d
f351
efa9
f43e
fde7
0706
0b9b
0a88
0573
01c2
01fd
05e4
095d
0893
028f
fa57
f40f
f24a
f60f
fc67
fff6
fbcb
f304
edb1
f5c5
02a9
09a9
0aeb
06c2
02a4
03b2
0992
0ec5
10af
0bb5
01ac
f476
ec2e
eb49
f157
fb38
00e1
fea8
f79c
f3c4
f80a
014b
0b2d
0f17
0ac9
0169
fd93
018e
0a3c
120c
13cf
0d57
ff5b
f243
f06a
f92a
0195
01ed
faaf
f18f
ee74
f617
028d
0ba7
0c52
078f
005a
fe96
01f9
0a15
0ede
0b63
0044
f5d4
f65c
fea8
08f9
0add
04ca
f772
f033
f166
fa7a
05a8
0876
00d2
f722
f353
f7a5
0375
10ec
1304
0a61
ff75
fa3b
fd02
04b4
0945
0342
f605
e9ea
e6c2
ec15
f6b1
00ee
02fe
fd55
f81b
f873
ff41
0aa7
1280
1447
12cf
10d7
0fb8
10ac
110b
0e5b
0663
fc36
f409
f1bf
f50b
faf9
fed0
feb2
fe00
ff48
0121
0232
0280
0174
006e
0154
0401
03e3
ffe7
faea
f846
f749
f6a1
f50d
f3ea
f519
f90c
fed6
044d
0809
0a09
0918
060c
039f
03bb
0817
0dcb
0e56
06e5
fd34
f6b4
f725
fb96
fea3
fc89
f82c
f6d3
f999
fee4
0524
0855
0750
0260
fdac
fe55
0400
0a70
0b25
03f5
f818
efb7
efde
f6c3
0003
03ae
00c1
fa3c
f80d
fc81
05c8
0d0c
0d33
06ae
ff1a
fbc7
ff0b
04a1
0738
046b
fb67
f1d7
ee51
f310
fa6a
017a
044d
01d0
fceb
fead
069d
0f19
1053
0977
fefc
f670
f63a
fc95
02a4
033e
fd72
f598
f24d
f724
ffb4
067d
07a4
037c
fe3a
fe5a
04c4
0d21
10ce
0c3a
014c
f5c3
f184
f57c
fd49
036d
02d3
fbec
f593
f632
fd56
055c
08f7
070f
028d
ff7e
0063
03b7
07f7
0933
0511
fde8
f7e1
f59c
f6ed
faf2
fd9e
fd12
fb66
f9f9
f973
fb08
ffcc
0583
08d3
09c7
091c
06f3
05f5
04d6
0262
0001
fdc6
fa7f
f65a
f403
f5f1
fbd1
0173
02ef
ff3c
f949
f52b
f7e5
00f3
0be8
10cd
0d5d
04b9
fc78
f9d7
fdd1
041b
0620
0193
fac2
f707
fb4e
0477
0ba8
0948
ff44
f4a5
f00b
f3b8
fc8d
062f
0b45
082f
fec8
f881
fa59
03c0
0c72
0df5
04ef
f9d2
f497
fa0b
0456
0b59
0790
fc48
f1d0
ed71
f16b
fa99
035f
03fc
ff6f
fb2f
fed9
09d0
13c9
1784
12c6
063e
fa4b
f944
0003
0655
048f
fdc0
f4ef
ef83
f271
fa9c
026e
0230
fba3
f322
f1d0
f9c3
0668
10cf
1289
0c12
0462
00c9
0123
03ee
066d
038f
fbc2
f493
f472
f9af
000a
04be
0401
fe2f
f787
f40e
f62b
faf5
00da
03d9
0548
0536
059b
066b
06fb
0609
0316
00d8
0097
00f5
00a5
0054
0005
ffbb
0157
018e
fe94
f9f5
f70f
f71f
f9f4
fe0c
01f1
0308
02b5
0391
0582
0867
0ada
0a50
05ba
fec0
f97f
f9c5
fdf8
0337
0449
fee7
f623
f0ba
f260
fa99
03b9
0729
03e8
00bb
017b
0722
0eb5
1199
0c40
009b
f5ab
f1fb
f676
fd75
0058
fe08
f82d
f42d
f5cb
fb60
01ff
0465
0180
fc3d
f9ec
ff70
099f
12de
1372
0960
faa4
f1fd
f450
fbdb
008d
ffef
f7db
f089
f1a6
fd24
0800
0a6e
0260
f83f
f3fe
fa60
0808
1496
15b4
0c13
fdab
f2bc
f065
f630
fe6c
03b1
0102
f976
f296
f40f
fd4e
088f
0b57
0617
fe7a
fc63
0209
09c4
0e34
0cec
03d0
f8a7
f0ea
f061
f55d
fe1e
0521
054a
0046
fccf
fea8
02ef
06d9
07cd
04b3
0065
fd97
fd8a
fe30
001a
00a4
fe00
f9b5
f720
f81b
fd04
02f6
0731
07cd
0461
0067
fe8a
fff6
03ca
0743
07ca
0449
fe5d
f8dd
f66d
f970
fef7
02ec
004b
fa10
f5a7
f6d8
fd3f
0715
0d94
0cfe
05c9
fed8
fd5f
0392
0a84
0cf3
0752
fb90
f0ad
efb2
f809
0299
08aa
0695
fe2c
f518
f32b
f943
042f
0a8a
0b2a
0667
01bc
010d
0560
0a82
0b3c
0411
f838
efd9
f001
f826
0007
0129
faaf
f386
f373
fc84
08df
106d
0e3e
0580
fd20
fb9c
0094
07b6
0ba7
077c
fe57
f710
f585
f966
ffbd
0330
fed2
f5c3
eed6
ef20
f8ac
0599
104a
110d
0afb
0272
fe1e
005d
0774
0b5e
086e
0069
f8e0
f5c8
f833
fd35
ff7c
fb63
f52f
f0f5
f136
f648
ffb6
088f
0c36
0ae0
0768
03eb
0307
0537
07ba
0757
043e
fff4
fb4e
f8f8
fa1e
fca0
fc95
fa25
f6cb
f52f
f683
fd0d
05c6
0dc5
1115
0d67
05c8
fe74
fca2
0007
05b5
0859
0450
fb64
f46b
f47e
f9eb
0071
02cb
ffe8
f833
f278
f3c4
fcdc
07fb
0e67
0c79
0405
fab8
f728
fb98
03a3
0891
06aa
ffac
f920
f833
fdd2
06e8
0a35
043b
f83d
efbd
efc6
fa50
06de
0d6b
0924
ffd7
f9a0
fb7f
0263
08c5
097a
04d8
fdd8
f9da
fdcc
0690
0c12
095c
0186
f520
eed7
f0fb
faf4
0475
083a
0180
f8a5
f592
fa83
0451
0ade
092b
0249
fd03
fd27
03a0
0ad4
0c3d
046d
f936
f168
f20b
f813
ff39
00f2
fc48
f6c5
f5a4
f9e6
01d5
0935
0c15
0965
0555
03db
04d9
06df
074e
03ba
fdc1
f83a
f708
f8b1
fcf9
ffd4
ff63
fbdc
f9ee
facf
fe4b
037d
079f
0821
053a
0258
02b0
042c
042f
00ef
fabb
f5b5
f470
f7fc
fd6e
029d
0443
028d
fefd
fc4d
fbc6
fde8
0138
0309
0364
025e
01f4
0181
0108
008e
0157
0348
03bf
0051
fbd6
fa43
fb78
007d
07ad
0a6d
066d
feb8
f8c9
f5f2
f899
ff10
0526
06f2
0369
fd7c
fa82
ff62
07b8
0e0b
0d48
0726
feac
fa84
fd0b
033f
0537
00a4
f895
f281
f23b
f766
fdc2
000a
fe6c
fa75
f968
fee1
090b
0fc9
0f5c
097b
012c
fbd7
fe79
05fc
07d6
01d4
f722
efe1
ee95
f7e8
05e7
0dd5
0856
fb6b
f1f3
f101
fa97
08bd
133b
0ff6
04e5
f7de
f367
f99c
04a0
09ce
045b
fa1b
f32e
f496
fdc2
08ed
0cdd
0767
fe4c
f710
f58f
fab9
037a
0911
0687
fef0
fa5b
fc7c
0396
08e1
0750
009d
f910
f4b2
f5f4
fc72
03e3
06fd
04ad
ffdc
fc98
fc23
ff94
0411
05a5
0332
ff8c
fc23
faf0
fd18
0114
0247
fef3
fb3d
f928
fa8b
ff22
04b6
074a
05ba
02d5
00a6
fe94
fcff
fc3a
fc8f
fe3a
00c8
02d6
031c
0205
009e
0038
00c6
0145
00c0
fead
fc76
fcae
ff7c
0221
0209
fe23
f809
f3d0
f53b
fd26
04a9
068e
0320
fe8f
fe12
02ad
0827
0948
050b
ffaa
fbe1
faf4
fcbe
0105
03be
012d
fafb
f553
f41b
f854
0046
0677
0710
0266
fb73
fa12
0076
08f0
091a
0178
f7c3
f3ec
f831
03f0
0c53
0c4c
0463
fa54
f392
f520
fe6b
072c
07a8
005e
f705
f388
faa7
067d
0c62
0785
fb3a
efd9
ed2e
f544
022e
0bb8
0ccb
05e5
fb7e
f6e1
fa56
02c0
094d
07a7
fe5d
f6f5
f7ca
ff14
0730
0990
053d
fd44
f720
f6a5
fcbc
050b
0b6c
0acb
04de
fde8
f9f2
fa2a
fd0e
011a
011c
ffd4
fd62
fc6b
fe20
02e8
06ac
063d
0283
ff8f
fead
ffc4
034a
071d
07fa
0569
ffb5
f87e
f336
f308
f704
fc48
fed4
fc40
f8b3
f818
fb87
03e1
0cd6
1115
0d07
03d0
fc4f
fba1
0161
0a79
102c
0d81
0315
f6b6
f066
f278
f754
fc27
fbcb
f696
f1ff
f321
fc17
099d
10fc
0fdd
06d1
fb9e
f8c1
004b
0c59
0fc3
0af7
0120
fa5c
fbb0
0212
057b
0102
f7c8
ef63
ed08
f2ea
0055
0ce7
0e48
0521
f9e2
f207
f29a
fd8d
0a65
0e9b
0819
ff3d
f975
fbbe
0303
073b
0376
f851
ee1b
ec97
f5c5
03b2
0ba2
08b6
fe31
f6e3
f552
f92f
ff83
0576
085d
0712
0462
02fa
0550
0896
07a2
017f
f932
f2e0
f25b
f88b
0113
0689
0673
012a
fc2d
fb5d
ffbf
051c
0779
05b4
03dd
0344
03d9
0586
06eb
0582
0042
fa15
f5b8
f473
f61e
f9dd
fd90
011b
0504
06a5
0437
008d
fef9
0006
0381
0748
0817
04d9
0107
ff49
002d
0100
ff3d
fb1c
f4e4
f0a7
f368
fca1
06a1
0acb
059c
fb92
f4cb
f64b
ff7f
0aa3
0fc0
0c8d
0428
fc28
f9c6
ff3b
06df
08d1
005d
f36c
ecaf
f377
01b6
0c84
0c40
041d
f9db
f2ed
f456
fd85
08b4
0b69
0398
f9a6
f586
f97b
0264
0aab
0a99
02b2
f8b4
f490
f88a
03ff
0c1c
0bd6
03b6
f979
f514
fb4c
0645
0b5c
05c6
fb5b
f1ba
f0a6
f79c
0366
0bd8
0be4
0410
fb58
f990
ff98
07c2
0cab
095f
ffbd
f576
f268
f777
0178
070e
0491
fbd7
f508
f53e
fd46
0763
0ce2
0b63
071f
0425
04fa
0819
0ac4
092f
0268
f6fb
ec8c
e85f
ecb2
f51a
fd51
015a
0157
0009
000f
0292
0759
0b97
0cb4
0ad9
0645
0307
03a3
0699
07ea
03e6
fb02
f054
e94d
e86b
ee94
f8a4
024f
078b
05f8
01cd
0055
02b2
0753
0b6f
0b2d
06d4
014a
ffce
00ea
046d
0514
01c7
f9a1
efaf
e95e
eba7
f5ed
011e
0693
053c
000f
fdb5
01d2
0a9e
1289
145f
0cb5
015f
f933
f940
0102
083f
0605
fc3f
f0b3
ea19
ee97
fad9
067f
09b6
04ec
fdc6
f9a5
fd78
08a2
12d4
144c
0b09
fd02
f4f2
f7bb
021a
0bc1
0cef
0122
f108
e767
eba4
f7bf
035a
069f
01fa
f88f
f4f5
fbec
0a14
1488
13b0
0847
fd53
faa2
ffc7
071a
0b40
0748
fbd5
eeba
ea7b
f12b
fce6
057e
05e0
010c
fc7d
fd51
032d
0d91
1462
1022
0424
fb44
f818
fa5e
ff2b
03b1
02d1
fa67
f030
ee9a
f529
ff64
07c0
0918
03d0
fd7e
fb65
fe91
0555
0b82
0bf0
06f6
ff93
f9ea
f9cb
fee0
03ac
044d
ffc2
f900
f422
f4f0
f9c8
0104
0683
07b5
04d6
00bd
ff5f
01db
0560
0740
0648
016d
fa52
f656
f7e6
fe9d
04f3
05bb
fec8
f5cc
f171
f54f
fe44
06b8
082d
030a
fce0
fc31
032b
0c1c
0f1c
09f4
ffcd
f3c9
ede6
f2f2
ff94
0b6f
0eb0
0747
f899
f011
f291
fcd3
068a
0a70
03c4
f864
f2f7
fac8
09c5
1504
14e6
0a23
f83a
ecad
eef3
fb9d
079f
0b23
0415
f858
f293
f795
018b
0853
06ed
0065
f7c2
f4ea
fc98
0b66
13ec
1149
06c5
f7b3
ec54
ec47
f6d9
038a
0a53
065c
fd71
f7a9
f9ff
015f
083e
06ec
fdf8
f5a3
f5a6
fd7a
08a5
0f17
0bea
024f
f93b
f4ae
f5c4
fc19
0229
0406
00a4
fc33
faa7
fd1d
0203
054a
0471
ffc2
fa1f
f644
f7f4
fec8
0539
0618
01b8
fb0f
f778
f81f
fcb9
0263
065f
0628
0343
ff31
fca6
fe1e
034e
06cf
0622
018d
fbf5
f957
fd56
062b
0a80
06bb
ff3c
f83a
f466
f62c
ffa4
0b06
0dd9
0610
f993
f090
f018
fa25
03c0
07a3
0389
fd15
f99e
fb92
0289
08fc
09bf
02a7
f96b
f377
f345
fafc
0760
0dc1
094d
fd55
f4b2
f473
fc13
0358
050e
017f
fb9c
f8ba
fdbf
0786
0df3
0c0a
025e
f6ba
ee99
f185
fc36
0659
05a6
fd51
f316
eee5
f57f
0383
0e0b
0d78
0503
fceb
fa6e
ffc4
09c6
1059
0e80
0250
f450
ec8d
eea1
f75e
0114
02a5
fb47
f345
f268
fac5
0686
0d96
0c48
05ac
008c
00b9
05dd
0a80
0ac3
05ab
fbb7
f284
ef50
f453
fd22
02fb
00de
fb1b
f71b
f9e1
01ab
0b6b
1072
0e65
0706
ffe3
fcf4
008b
0664
092c
03fd
fa01
f0d3
edb1
f053
f707
fd97
0011
fea2
fd54
feb1
03c1
0ae1
1138
141f
0ff6
0550
f9e8
f467
f5db
fb49
ff45
ff47
fa4d
f351
efa9
f43e
fde7
0706
0b9b
0a88
0573
01c2
01fd
05e4
095d
0893
028f
fa57
f40f
f24a
f60f
fc67
fff6
fbcb
f304
edb1
f5c5
02a9
09a9
0aeb
06c2
02a4
03b2
0992
0ec5
10af
0bb5
01ac
f476
ec2e
eb49
f157
fb38
00e1
fea8
f79c
f3c4
f80a
014b
0b2d
0f17
0ac9
0169
fd93
018e
0a3c
120c
13cf
0d57
ff5b
f243
f06a
f92a
0195
01ed
faaf
f18f
ee74
f617
028d
0ba7
0c52
078f
005a
fe96
01f9
0a15
0ede
0b63
0044
f5d4
f65c
fea8
08f9
0add
04ca
f772
f033
f166
fa7a
05a8
0876
00d2
f722
f353
f7a5
0375
10ec
1304
0a61
ff75
fa3b
fd02
04b4
0945
0342
f605
e9ea
e6c2
ec15
f6b1
00ee
02fe
fd55
f81b
f873
ff41
0aa7
1280
1447
12cf
10d7
0fb8
10ac
110b
0e5b
0663
fc36
f409
f1bf
f50b
faf9
fed0
feb2
fe00
ff48
0121
0232
0280
0174
006e
0154
0401
03e3
ffe7
faea
f846
f749
f6a1
f50d
f3ea
f519
f90c
fed6
044d
0809
0a09
0918
060c
039f
03bb
0817
0dcb
0e56
06e5
fd34
f6b4
f725
fb96
fea3
fc89
f82c
f6d3
f999
fee4
0524
0855
0750
0260
fdac
fe55
0400
0a70
0b25
03f5
f818
efb7
efde
f6c3
0003
03ae
00c1
fa3c
f80d
fc81
05c8
0d0c
0d33
06ae
ff1a
fbc7
ff0b
04a1
0738
046b
fb67
f1d7
ee51
f310
fa6a
017a
044d
01d0
fceb
fead
069d
0f19
1053
0977
fefc
f670
f63a
fc95
02a4
033e
fd72
f598
f24d
f724
ffb4
067d
07a4
037c
fe3a
fe5a
04c4
0d21
10ce
0c3a
014c
f5c3
f184
f57c
fd49
036d
02d3
fbec
f593
f632
fd56
055c
08f7
070f
028d
ff7e
0063
03b7
07f7
0933
0511
fde8
f7e1
f59c
f6ed
faf2
fd9e
fd12
fb66
f9f9
f973
fb08
ffcc
0583
08d3
09c7
091c
06f3
05f5
04d6
0262
0001
fdc6
fa7f
f65a
f403
f5f1
fbd1
0173
02ef
ff3c
f949
f52b
f7e5
00f3
0be8
10cd
0d5d
04b9
fc78
f9d7
fdd1
041b
0620
0193
fac2
f707
fb4e
0477
0ba8
0948
ff44
f4a5
f00b
f3b8
fc8d
062f
0b45
082f
fec8
f881
fa59
03c0
0c72
0df5
04ef
f9d2
f497
fa0b
0456
0b59
0790
fc48
f1d0
ed71
f16b
fa99
035f
03fc
ff6f
fb2f
fed9
09d0
13c9
1784
12c6
063e
fa4b
f944
0003
0655
048f
fdc0
f4ef
ef83
f271
fa9c
026e
0230
fba3
f322
f1d0
f9c3
0668
10cf
1289
0c12
0462
00c9
0123
03ee
066d
038f
fbc2
f493
f472
f9af
000a
04be
0401
fe2f
f787
f40e
f62b
faf5
00da
03d9
0548
0536
059b
066b
06fb
0609
0316
00d8
0097
00f5
00a5
0054
0005
ffbb
0157
018e
fe94
f9f5
f70f
f71f
f9f4
fe0c
01f1
0308
02b5
0391
0582
0867
0ada
0a50
05ba
fec0
f97f
f9c5
fdf8
0337
0449
fee7
f623
f0ba
f260
fa99
03b9
0729
03e8
00bb
017b
0722
0eb5
1199
0c40
009b
f5ab
f1fb
f676
fd75
0058
fe08
f82d
f42d
f5cb
fb60
01ff
0465
0180
fc3d
f9ec
ff70
099f
12de
1372
0960
faa4
f1fd
f450
fbdb
008d
ffef
f7db
f089
f1a6
fd24
0800
0a6e
0260
f83f
f3fe
fa60
0808
1496
15b4
0c13
fdab
f2bc
f065
f630
fe6c
03b1
0102
f976
f296
f40f
fd4e
088f
0b57
0617
fe7a
fc63
0209
09c4
0e34
0cec
03d0
f8a7
f0ea
f061
f55d
fe1e
0521
054a
0046
fccf
fea8
02ef
06d9
07cd
04b3
0065
fd97
fd8a
fe30
001a
00a4
fe00
f9b5
f720
f81b
fd04
02f6
0731
07cd
0461
0067
fe8a
fff6
03ca
0743
07ca
0449
fe5d
f8dd
f66d
f970
fef7
02ec
004b
fa10
f5a7
f6d8
fd3f
0715
0d94
0cfe
05c9
fed8
fd5f
0392
0a84
0cf3
0752
fb90
f0ad
efb2
f809
0299
08aa
0695
fe2c
f518
f32b
f943
042f
0a8a
0b2a
0667
01bc
010d
0560
0a82
0b3c
0411
f838
efd9
f001
f826
0007
0129
faaf
f386
f373
fc84
08df
106d
0e3e
0580
fd20
fb9c
0094
07b6
0ba7
077c
fe57
f710
f585
f966
ffbd
0330
fed2
f5c3
eed6
ef20
f8ac
0599
104a
110d
0afb
0272
fe1e
005d
0774
0b5e
086e
0069
f8e0
f5c8
f833
fd35
ff7c
fb63
f52f
f0f5
f136
f648
ffb6
088f
0c36
0ae0
0768
03eb
0307
0537
07ba
0757
043e
fff4
fb4e
f8f8
fa1e
fca0
fc95
fa25
f6cb
f52f
f683
fd0d
05c6
0dc5
1115
0d67
05c8
fe74
fca2
0007
05b5
0859
0450
fb64
f46b
f47e
f9eb
0071
02cb
ffe8
f833
f278
f3c4
fcdc
07fb
0e67
0c79
0405
fab8
f728
fb98
03a3
0891
06aa
ffac
f920
f833
fdd2
06e8
0a35
043b
f83d
efbd
efc6
fa50
06de
0d6b
0924
ffd7
f9a0
fb7f
0263
08c5
097a
04d8
fdd8
f9da
fdcc
0690
0c12
095c
0186
f520
eed7
f0fb
faf4
0475
083a
0180
f8a5
f592
fa83
0451
0ade
092b
0249
fd03
fd27
03a0
0ad4
0c3d
046d
f936
f168
f20b
f813
ff39
00f2
fc48
f6c5
f5a4
f9e6
01d5
0935
0c15
0965
0555
03db
04d9
06df
074e
03ba
fdc1
f83a
f708
f8b1
fcf9
ffd4
ff63
fbdc
f9ee
facf
fe4b
037d
079f
0821
053a
0258
02b0
042c
042f
00ef
fabb
f5b5
f470
f7fc
fd6e
029d
0443
028d
fefd
fc4d
fbc6
fde8
0138
0309
0364
025e
01f4
0181
0108
008e
0157
0348
03bf
0051
fbd6
fa43
fb78
007d
07ad
0a6d
066d
feb8
f8c9
f5f2
f899
ff10
0526
06f2
0369
fd7c
fa82
ff62
07b8
0e0b
0d48
0726
feac
fa84
fd0b
033f
0537
00a4
f895
f281
f23b
f766
fdc2
000a
fe6c
fa75
f968
fee1
090b
0fc9
0f5c
097b
012c
fbd7
fe79
05fc
07d6
01d4
f722
efe1
ee95
f7e8
05e7
0dd5
0856
fb6b
f1f3
f101
fa97
08bd
133b
0ff6
04e5
f7de
f367
f99c
04a0
09ce
045b
fa1b
f32e
f496
fdc2
08ed
0cdd
0767
fe4c
f710
f58f
fab9
037a
0911
0687
fef0
fa5b
fc7c
0396
08e1
0750
009d
f910
f4b2
f5f4
fc72
03e3
06fd
04ad
ffdc
fc98
fc23
ff94
0411
05a5
0332
ff8c
fc23
faf0
fd18
0114
0247
fef3
fb3d
f928
fa8b
ff22
04b6
074a
05ba
02d5
00a6
fe94
fcff
fc3a
fc8f
fe3a
00c8
02d6
031c
0205
009e
0038
00c6
0145
00c0
fead
fc76
fcae
ff7c
0221
0209
fe23
f809
f3d0
f53b
fd26
04a9
068e
0320
fe8f
fe12
02ad
0827
0948
050b
ffaa
fbe1
faf4
fcbe
0105
03be
012d
fafb
f553
f41b
f854
0046
0677
0710
0266
fb73
fa12
0076
08f0
091a
0178
f7c3
f3ec
f831
03f0
0c53
0c4c
0463
fa54
f392
f520
fe6b
072c
07a8
005e
f705
f388
faa7
067d
0c62
0785
fb3a
efd9
ed2e
f544
022e
0bb8
0ccb
05e5
fb7e
f6e1
fa56
02c0
094d
07a7
fe5d
f6f5
f7ca
ff14
0730
0990
053d
fd44
f720
f6a5
fcbc
050b
0b6c
0acb
04de
fde8
f9f2
fa2a
fd0e
011a
011c
ffd4
fd62
fc6b
fe20
02e8
06ac
063d
0283
ff8f
fead
ffc4
034a
071d
07fa
0569
ffb5
f87e
f336
f308
f704
fc48
fed4
fc40
f8b3
f818
fb87
03e1
0cd6
1115
0d07
03d0
fc4f
fba1
0161
0a79
102c
0d81
0315
f6b6
f066
f278
f754
fc27
fbcb
f696
f1ff
f321
fc17
099d
10fc
0fdd
06d1
fb9e
f8c1
004b
0c59
0fc3
0af7
0120
fa5c
fbb0
0212
057b
0102
f7c8
ef63
ed08
f2ea
0055
0ce7
0e48
0521
f9e2
f207
f29a
fd8d
0a65
0e9b
0819
ff3d
f975
fbbe
0303
073b
0376
f851
ee1b
ec97
f5c5
03b2
0ba2
08b6
fe31
f6e3
f552
f92f
ff83
0576
085d
0712
0462
02fa
0550
0896
07a2
017f
f932
f2e0
f25b
f88b
0113
0689
0673
012a
fc2d
fb5d
ffbf
051c
0779
05b4
03dd
0344
03d9
0586
06eb
0582
0042
fa15
f5b8
f473
f61e
f9dd
fd90
011b
0504
06a5
0437
008d
fef9
0006
0381
0748
0817
04d9
0107
ff49
002d
0100
ff3d
fb1c
f4e4
f0a7
f368
fca1
06a1
0acb
059c
fb92
f4cb
f64b
ff7f
0aa3
0fc0
0c8d
0428
fc28
f9c6
ff3b
06df
08d1
005d
f36c
ecaf
f377
01b6
0c84
0c40
041d
f9db
f2ed
f456
fd85
08b4
0b69
0398
f9a6
f586
f97b
0264
0aab
0a99
02b2
f8b4
f490
f88a
03ff
0c1c
0bd6
03b6
f979
f514
fb4c
0645
0b5c
05c6
fb5b
f1ba
f0a6
f79c
0366
0bd8
0be4
0410
fb58
f990
ff98
07c2
0cab
095f
ffbd
f576
f268
f777
0178
070e
0491
fbd7
f508
f53e
fd46
0763
0ce2
0b63
071f
0425
04fa
0819
0ac4
092f
0268
f6fb
ec8c
e85f
ecb2
f51a
fd51
015a
0157
0009
000f
0292
0759
0b97
0cb4
0ad9
0645
0307
03a3
0699
07ea
03e6
fb02
f054
e94d
e86b
ee94
f8a4
024f
078b
05f8
01cd
0055
02b2
0753
0b6f
0b2d
06d4
014a
ffce
00ea
046d
0514
01c7
f9a1
efaf
e95e
eba7
f5ed
011e
0693
053c
000f
fdb5
01d2
0a9e
1289
145f
0cb5
015f
f933
f940
0102
083f
0605
fc3f
f0b3
ea19
ee97
fad9
067f
09b6
04ec
fdc6
f9a5
fd78
08a2
12d4
144c
0b09
fd02
f4f2
f7bb
021a
0bc1
0cef
0122
f108
e767
eba4
f7bf
035a
069f
01fa
f88f
f4f5
fbec
0a14
1488
13b0
0847
fd53
faa2
ffc7
071a
0b40
0748
fbd5
eeba
ea7b
f12b
fce6
057e
05e0
010c
fc7d
fd51
032d
0d91
1462
1022
0424
fb44
f818
fa5e
ff2b
03b1
02d1
fa67
f030
ee9a
f529
ff64
07c0
0918
03d0
fd7e
fb65
fe91
0555
0b82
0bf0
06f6
ff93
f9ea
f9cb
fee0
03ac
044d
ffc2
f900
f422
f4f0
f9c8
0104
0683
07b5
04d6
00bd
ff5f
01db
0560
0740
0648
016d
fa52
f656
f7e6
fe9d
04f3
05bb
fec8
f5cc
f171
f54f
fe44
06b8
082d
030a
fce0
fc31
032b
0c1c
0f1c
09f4
ffcd
f3c9
ede6
f2f2
ff94
0b6f
0eb0
0747
f899
f011
f291
fcd3
068a
0a70
03c4
f864
f2f7
fac8
09c5
1504
14e6
0a23
f83a
ecad
eef3
fb9d
079f
0b23
0415
f858
f293
f795
018b
0853
06ed
0065
f7c2
f4ea
fc98
0b66
13ec
1149
06c5
f7b3
ec54
ec47
f6d9
038a
0a53
065c
fd71
f7a9
f9ff
015f
083e
06ec
fdf8
f5a3
f5a6
fd7a
08a5
0f17
0bea
024f
f93b
f4ae
f5c4
fc19
0229
0406
00a4
fc33
faa7
fd1d
0203
054a
0471
ffc2
fa1f
f644
f7f4
fec8
0539
0618
01b8
fb0f
f778
f81f
fcb9
0263
065f
0628
0343
ff31
fca6
fe1e
034e
06cf
0622
018d
fbf5
f957
fd56
062b
0a80
06bb
ff3c
f83a
f466
f62c
ffa4
0b06
0dd9
0610
f993
f090
f018
fa25
03c0
07a3
0389
fd15
f99e
fb92
0289
08fc
09bf
02a7
f96b
f377
f345
fafc
0760
0dc1
094d
fd55
f4b2
f473
fc13
0358
050e
017f
fb9c
f8ba
fdbf
0786
0df3
0c0a
025e
f6ba
ee99
f185
fc36
0659
05a6
fd51
f316
eee5
f57f
0383
0e0b
0d78
0503
fceb
fa6e
ffc4
09c6
1059
0e80
0250
f450
ec8d
eea1
f75e
0114
02a5
fb47
f345
f268
fac5
0686
0d96
0c48
05ac
008c
00b9
05dd
0a80
0ac3
05ab
fbb7
f284
ef50
f453
fd22
02fb
00de
fb1b
f71b
f9e1
01ab
0b6b
1072
0e65
0706
ffe3
fcf4
008b
0664
092c
03fd
fa01
f0d3
edb1
f053
f707
fd97
0011
fea2
fd54
feb1
03c1
0ae1
1138
141f
0ff6
0550
f9e8
f467
f5db
fb49
ff45
ff47
fa4d
f351
efa9
f43e
fde7
0706
0b9b
0a88
0573
01c2
01fd
05e4
095d
0893
028f
fa57
f40f
f24a
f60f
fc67
fff6
fbcb
f304
edb1
f5c5
02a9
09a9
0aeb
06c2
02a4
03b2
0992
0ec5
10af
0bb5
01ac
f476
ec2e
eb49
f157
fb38
00e1
fea8
f79c
f3c4
f80a
014b
0b2d
0f17
0ac9
0169
fd93
018e
0a3c
120c
13cf
0d57
ff5b
f243
f06a
f92a
0195
01ed
faaf
f18f
ee74
f617
028d
0ba7
0c52
078f
005a
fe96
01f9
0a15
0ede
0b63
0044
f5d4
f65c
fea8
08f9
0add
04ca
f772
f033
f166
fa7a
05a8
0876
00d2
f722
f353
f7a5
0375
10ec
1304
0a61
ff75
fa3b
fd02
04b4
0945
0342
f605
e9ea
e6c2
ec15
f6b1
00ee
02fe
fd55
f81b
f873
ff41
0aa7
1280
1447
12cf
10d7
0fb8
10ac
110b
0e5b
0663
fc36
f409
f1bf
f50b
faf9
fed0
feb2
fe00
ff48
0121
0232
0280
0174
006e
0154
0401
03e3
ffe7
faea
f846
f749
f6a1
f50d
f3ea
f519
f90c
fed6
044d
0809
0a09
0918
060c
039f
03bb
0817
0dcb
0e56
06e5
fd34
f6b4
f725
fb96
fea3
fc89
f82c
f6d3
f999
fee4
0524
0855
0750
0260
fdac
fe55
0400
0a70
0b25
03f5
f818
efb7
efde
f6c3
0003
03ae
00c1
fa3c
f80d
fc81
05c8
0d0c
0d33
06ae
ff1a
fbc7
ff0b
04a1
0738
046b
fb67
f1d7
ee51
f310
fa6a
017a
044d
01d0
fceb
fead
069d
0f19
1053
0977
fefc
f670
f63a
fc95
02a4
033e
fd72
f598
f24d
f724
ffb4
067d
07a4
037c
fe3a
fe5a
04c4
0d21
10ce
0c3a
014c
f5c3
f184
f57c
fd49
036d
02d3
fbec
f593
f632
fd56
055c
08f7
070f
028d
ff7e
0063
03b7
07f7
0933
0511
fde8
f7e1
f59c
f6ed
faf2
fd9e
fd12
fb66
f9f9
f973
fb08
ffcc
0583
08d3
09c7
091c
06f3
05f5
04d6
0262
0001
fdc6
fa7f
f65a
f403
f5f1
fbd1
0173
02ef
ff3c
f949
f52b
f7e5
00f3
0be8
10cd
0d5d
04b9
fc78
f9d7
fdd1
041b
0620
0193
fac2
f707
fb4e
0477
0ba8
0948
ff44
f4a5
f00b
f3b8
fc8d
062f
0b45
082f
fec8
f881
fa59
03c0
0c72
0df5
04ef
f9d2
f497
fa0b
0456
0b59
0790
fc48
f1d0
ed71
f16b
fa99
035f
03fc
ff6f
fb2f
fed9
09d0
13c9
1784
12c6
063e
fa4b
f944
0003
0655
048f
fdc0
f4ef
ef83
f271
fa9c
026e
0230
fba3
f322
f1d0
f9c3
0668
10cf
1289
0c12
0462
00c9
0123
03ee
066d
038f
fbc2
f493
f472
f9af
000a
04be
0401
fe2f
f787
f40e
f62b
faf5
00da
03d9
0548
0536
059b
066b
06fb
0609
0316
00d8
0097
00f5
00a5
0054
0005
ffbb
0157
018e
fe94
f9f5
f70f
f71f
f9f4
fe0c
01f1
0308
02b5
0391
0582
0867
0ada
0a50
05ba
fec0
f97f
f9c5
fdf8
0337
0449
fee7
f623
f0ba
f260
fa99
03b9
0729
03e8
00bb
017b
0722
0eb5
1199
0c40
009b
f5ab
f1fb
f676
fd75
0058
fe08
f82d
f42d
f5cb
fb60
01ff
0465
0180
fc3d
f9ec
ff70
099f
12de
1372
0960
faa4
f1fd
f450
fbdb
008d
ffef
f7db
f089
f1a6
fd24
0800
0a6e
0260
f83f
f3fe
fa60
0808
1496
15b4
0c13
fdab
f2bc
f065
f630
fe6c
03b1
0102
f976
f296
f40f
fd4e
088f
0b57
0617
fe7a
fc63
0209
09c4
0e34
0cec
03d0
f8a7
f0ea
f061
f55d
fe1e
0521
054a
0046
fccf
fea8
02ef
06d9
07cd
04b3
0065
fd97
fd8a
fe30
001a
00a4
fe00
f9b5
f720
f81b
fd04
02f6
0731
07cd
0461
0067
fe8a
fff6
03ca
0743
07ca
0449
fe5d
f8dd
f66d
f970
fef7
02ec
004b
fa10
f5a7
f6d8
fd3f
0715
0d94
0cfe
05c9
fed8
fd5f
0392
0a84
0cf3
0752
fb90
f0ad
efb2
f809
0299
08aa
0695
fe2c
f518
f32b
f943
042f
0a8a
0b2a
0667
01bc
010d
0560
0a82
0b3c
0411
f838
efd9
f001
f826
0007
0129
faaf
f386
f373
fc84
08df
106d
0e3e
0580
fd20
fb9c
0094
07b6
0ba7
077c
fe57
f710
f585
f966
ffbd
0330
fed2
f5c3
eed6
ef20
f8ac
0599
104a
110d
0afb
0272
fe1e
005d
0774
0b5e
086e
0069
f8e0
f5c8
f833
fd35
ff7c
fb63
f52f
f0f5
f136
f648
ffb6
088f
0c36
0ae0
0768
03eb
0307
0537
07ba
0757
043e
fff4
fb4e
f8f8
fa1e
fca0
fc95
fa25
f6cb
f52f
f683
fd0d
05c6
0dc5
1115
0d67
05c8
fe74
fca2
0007
05b5
0859
0450
fb64
f46b
f47e
f9eb
0071
02cb
ffe8
f833
f278
f3c4
fcdc
07fb
0e67
0c79
0405
fab8
f728
fb98
03a3
0891
06aa
ffac
f920
f833
fdd2
06e8
0a35
043b
f83d
efbd
efc6
fa50
06de
0d6b
0924
ffd7
f9a0
fb7f
0263
08c5
097a
04d8
fdd8
f9da
fdcc
0690
0c12
095c
0186
f520
eed7
f0fb
faf4
0475
083a
0180
f8a5
f592
fa83
0451
0ade
092b
0249
fd03
fd27
03a0
0ad4
0c3d
046d
f936
f168
f20b
f813
ff39
00f2
fc48
f6c5
f5a4
f9e6
01d5
0935
0c15
0965
0555
03db
04d9
06df
074e
03ba
fdc1
f83a
f708
f8b1
fcf9
ffd4
ff63
fbdc
f9ee
facf
fe4b
037d
079f
0821
053a
0258
02b0
042c
042f
00ef
fabb
f5b5
f470
f7fc
fd6e
029d
0443
028d
fefd
fc4d
fbc6
fde8
0138
0309
0364
025e
01f4
0181
0108
008e
0157
0348
03bf
0051
fbd6
fa43
fb78
007d
07ad
0a6d
066d
feb8
f8c9
f5f2
f899
ff10
0526
06f2
0369
fd7c
fa82
ff62
07b8
0e0b
0d48
0726
feac
fa84
fd0b
033f
0537
00a4
f895
f281
f23b
f766
fdc2
000a
fe6c
fa75
f968
fee1
090b
0fc9
0f5c
097b
012c
fbd7
fe79
05fc
07d6
01d4
f722
efe1
ee95
f7e8
05e7
0dd5
0856
fb6b
f1f3
f101
fa97
08bd
133b
0ff6
04e5
f7de
f367
f99c
04a0
09ce
045b
fa1b
f32e
f496
fdc2
08ed
0cdd
0767
fe4c
f710
f58f
fab9
037a
0911
0687
fef0
fa5b
fc7c
0396
08e1
0750
009d
f910
f4b2
f5f4
fc72
03e3
06fd
04ad
ffdc
fc98
fc23
ff94
0411
05a5
0332
ff8c
fc23
faf0
fd18
0114
0247
fef3
fb3d
f928
fa8b
ff22
04b6
074a
05ba
02d5
00a6
fe94
fcff
fc3a
fc8f
fe3a
00c8
02d6
031c
0205
009e
0038
00c6
0145
00c0
fead
fc76
fcae
ff7c
0221
0209
fe23
f809
f3d0
f53b
fd26
04a9
068e
0320
fe8f
fe12
02ad
0827
0948
050b
ffaa
fbe1
faf4
fcbe
0105
03be
012d
fafb
f553
f41b
f854
0046
0677
0710
0266
fb73
fa12
0076
08f0
091a
0178
f7c3
f3ec
f831
03f0
0c53
0c4c
0463
fa54
f392
f520
fe6b
072c
07a8
005e
f705
f388
faa7
067d
0c62
0785
fb3a
efd9
ed2e
f544
022e
0bb8
0ccb
05e5
fb7e
f6e1
fa56
02c0
094d
07a7
fe5d
f6f5
f7ca
ff14
0730
0990
053d
fd44
f720
f6a5
fcbc
050b
0b6c
0acb
04de
fde8
f9f2
fa2a
fd0e
011a
011c
ffd4
fd62
fc6b
fe20
02e8
06ac
063d
0283
ff8f
fead
ffc4
034a
071d
07fa
0569
ffb5
f87e
f336
f308
f704
fc48
fed4
fc40
f8b3
f818
fb87
03e1
0cd6
1115
0d07
03d0
fc4f
fba1
0161
0a79
102c
0d81
0315
f6b6
f066
f278
f754
fc27
fbcb
f696
f1ff
f321
fc17
099d
10fc
0fdd
06d1
fb9e
f8c1
004b
0c59
0fc3
0af7
0120
fa5c
fbb0
0212
057b
0102
f7c8
ef63
ed08
f2ea
0055
0ce7
0e48
0521
f9e2
f207
f29a
fd8d
0a65
0e9b
0819
ff3d
f975
fbbe
0303
073b
0376
f851
ee1b
ec97
f5c5
03b2
0ba2
08b6
fe31
f6e3
f552
f92f
ff83
0576
085d
0712
0462
02fa
0550
0896
07a2
017f
f932
f2e0
f25b
f88b
0113
0689
0673
012a
fc2d
fb5d
ffbf
051c
0779
05b4
03dd
0344
03d9
0586
06eb
0582
0042
fa15
f5b8
f473
f61e
f9dd
fd90
011b
0504
06a5
0437
008d
fef9
0006
0381
0748
0817
04d9
0107
ff49
002d
0100
ff3d
fb1c
f4e4
f0a7
f368
fca1
06a1
0acb
059c
fb92
f4cb
f64b
ff7f
0aa3
0fc0
0c8d
0428
fc28
f9c6
ff3b
06df
08d1
005d
f36c
ecaf
f377
01b6
0c84
0c40
041d
f9db
f2ed
f456
fd85
08b4
0b69
0398
f9a6
f586
f97b
0264
0aab
0a99
02b2
f8b4
f490
f88a
03ff
0c1c
0bd6
03b6
f979
f514
fb4c
0645
0b5c
05c6
fb5b
f1ba
f0a6
f79c
0366
0bd8
0be4
0410
fb58
f990
ff98
07c2
0cab
095f
ffbd
f576
f268
f777
0178
070e
0491
fbd7
f508
f53e
fd46
0763
0ce2
0b63
071f
0425
04fa
0819
0ac4
092f
0268
f6fb
ec8c
e85f
ecb2
f51a
fd51
015a
0157
0009
000f
0292
0759
0b97
0cb4
0ad9
0645
0307
03a3
0699
07ea
03e6
fb02
f054
e94d
e86b
ee94
f8a4
024f
078b
05f8
01cd
0055
02b2
0753
0b6f
0b2d
06d4
014a
ffce
00ea
046d
0514
01c7
f9a1
efaf
e95e
eba7
f5ed
011e
0693
053c
000f
fdb5
01d2
0a9e
1289
145f
0cb5
015f
f933
f940
0102
083f
0605
fc3f
f0b3
ea19
ee97
fad9
067f
09b6
04ec
fdc6
f9a5
fd78
08a2
12d4
144c
0b09
fd02
f4f2
f7bb
021a
0bc1
0cef
0122
f108
e767
eba4
f7bf
035a
069f
01fa
f88f
f4f5
fbec
0a14
1488
13b0
0847
fd53
faa2
ffc7
071a
0b40
0748
fbd5
eeba
ea7b
f12b
fce6
057e
05e0
010c
fc7d
fd51
032d
0d91
1462
1022
0424
fb44
f818
fa5e
ff2b
03b1
02d1
fa67
f030
ee9a
f529
ff64
07c0
0918
03d0
fd7e
fb65
fe91
0555
0b82
0bf0
06f6
ff93
f9ea
f9cb
fee0
03ac
044d
ffc2
f900
f422
f4f0
f9c8
0104
0683
07b5
04d6
00bd
ff5f
01db
0560
0740
0648
016d
fa52
f656
f7e6
fe9d
04f3
05bb
fec8
f5cc
f171
f54f
fe44
06b8
082d
030a
fce0
fc31
032b
0c1c
0f1c
09f4
ffcd
f3c9
ede6
f2f2
ff94
0b6f
0eb0
0747
f899
f011
f291
fcd3
068a
0a70
03c4
f864
f2f7
fac8
09c5
1504
14e6
0a23
f83a
ecad
eef3
fb9d
079f
0b23
0415
f858
f293
f795
018b
0853
06ed
0065
f7c2
f4ea
fc98
0b66
13ec
1149
06c5
f7b3
ec54
ec47
f6d9
038a
0a53
065c
fd71
f7a9
f9ff
015f
083e
06ec
fdf8
f5a3
f5a6
fd7a
08a5
0f17
0bea
024f
f93b
f4ae
f5c4
fc19
0229
0406
00a4
fc33
faa7
fd1d
0203
054a
0471
ffc2
fa1f
f644
f7f4
fec8
0539
0618
01b8
fb0f
f778
f81f
fcb9
0263
065f
0628
0343
ff31
fca6
fe1e
034e
06cf
0622
018d
fbf5
f957
fd56
062b
0a80
06bb
ff3c
f83a
f466
f62c
ffa4
0b06
0dd9
0610
f993
f090
f018
fa25
03c0
07a3
0389
fd15
f99e
fb92
0289
08fc
09bf
02a7
f96b
f377
f345
fafc
0760
0dc1
094d
fd55
f4b2
f473
fc13
0358
050e
017f
fb9c
f8ba
fdbf
0786
0df3
0c0a
025e
f6ba
ee99
f185
fc36
0659
05a6
fd51
f316
eee5
f57f
0383
0e0b
0d78
0503
fceb
fa6e
ffc4
09c6
1059
0e80
0250
f450
ec8d
eea1
f75e
0114
02a5
fb47
f345
f268
fac5
0686
0d96
0c48
05ac
008c
00b9
05dd
0a80
0ac3
05ab
fbb7
f284
ef50
f453
fd22
02fb
00de
fb1b
f71b
f9e1
01ab
0b6b
1072
0e65
0706
ffe3
fcf4
008b
0664
092c
03fd
fa01
f0d3
edb1
f053
f707
fd97
0011
fea2
fd54
feb1
03c1
0ae1
1138
141f
0ff6
0550
f9e8
f467
f5db
fb49
ff45
ff47
fa4d
f351
efa9
f43e
fde7
0706
0b9b
0a88
0573
01c2
01fd
05e4
095d
0893
028f
fa57
f40f
f24a
f60f
fc67
fff6
fbcb
f304
edb1
f5c5
02a9
09a9
0aeb
06c2
02a4
03b2
0992
0ec5
10af
0bb5
01ac
f476
ec2e
eb49
f157
fb38
00e1
fea8
f79c
f3c4
f80a
014b
0b2d
0f17
0ac9
0169
fd93
018e
0a3c
120c
13cf
0d57
ff5b
f243
f06a
f92a
0195
01ed
faaf
f18f
ee74
f617
028d
0ba7
0c52
078f
005a
fe96
01f9
0a15
0ede
0b63
0044
f5d4
f65c
fea8
08f9
0add
04ca
f772
f033
f166
fa7a
05a8
0876
00d2
f722
f353
f7a5
0375
10ec
1304
0a61
ff75
fa3b
fd02
04b4
0945
0342
f605
e9ea
e6c2
ec15
f6b1
00ee
02fe
fd55
f81b
f873
ff41
0aa7
1280
1447
12cf
10d7
0fb8
10ac
110b
0e5b
0663
fc36
f409
f1bf
f50b
faf9
fed0
feb2
fe00
ff48
0121
0232
0280
0174
006e
0154
0401
03e3
ffe7
faea
f846
f749
f6a1
f50d
f3ea
f519
f90c
fed6
044d
0809
0a09
0918
060c
039f
03bb
0817
0dcb
0e56
06e5
fd34
f6b4
f725
fb96
fea3
fc89
f82c
f6d3
f999
fee4
0524
0855
0750
0260
fdac
fe55
0400
0a70
0b25
03f5
f818
efb7
efde
f6c3
0003
03ae
00c1
fa3c
f80d
fc81
05c8
0d0c
0d33
06ae
ff1a
fbc7
ff0b
04a1
0738
046b
fb67
f1d7
ee51
f310
fa6a
017a
044d
01d0
fceb
fead
069d
0f19
1053
0977
fefc
f670
f63a
fc95
02a4
033e
fd72
f598
f24d
f724
ffb4
067d
07a4
037c
fe3a
fe5a
04c4
0d21
10ce
0c3a
014c
f5c3
f184
f57c
fd49
036d
02d3
fbec
f593
f632
fd56
055c
08f7
070f
028d
ff7e
0063
03b7
07f7
0933
0511
fde8
f7e1
f59c
f6ed
faf2
fd9e
fd12
fb66
f9f9
f973
fb08
ffcc
0583
08d3
09c7
091c
06f3
05f5
04d6
0262
0001
fdc6
fa7f
f65a
f403
f5f1
fbd1
0173
02ef
ff3c
f949
f52b
f7e5
00f3
0be8
10cd
0d5d
04b9
fc78
f9d7
fdd1
041b
0620
0193
fac2
f707
fb4e
0477
0ba8
0948
ff44
f4a5
f00b
f3b8
fc8d
062f
0b45
082f
fec8
f881
fa59
03c0
0c72
0df5
04ef
f9d2
f497
fa0b
0456
0b59
0790
fc48
f1d0
ed71
f16b
fa99
035f
03fc
ff6f
fb2f
fed9
09d0
13c9
1784
12c6
063e
fa4b
f944
0003
0655
048f
fdc0
f4ef
ef83
f271
fa9c
026e
0230
fba3
f322
f1d0
f9c3
0668
10cf
1289
0c12
0462
00c9
0123
03ee
066d
038f
fbc2
f493
f472
f9af
000a
04be
0401
fe2f
f787
f40e
f62b
faf5
00da
03d9
0548
0536
059b
066b
06fb
0609
0316
00d8
0097
00f5
00a5
0054
0005
ffbb
0157
018e
fe94
f9f5
f70f
f71f
f9f4
fe0c
01f1
0308
02b5
0391
0582
0867
0ada
0a50
05ba
fec0
f97f
f9c5
fdf8
0337
0449
fee7
f623
f0ba
f260
fa99
03b9
0729
03e8
00bb
017b
0722
0eb5
1199
0c40
009b
f5ab
f1fb
f676
fd75
0058
fe08
f82d
f42d
f5cb
fb60
01ff
0465
0180
fc3d
f9ec
ff70
099f
12de
1372
0960
faa4
f1fd
f450
fbdb
008d
ffef
f7db
f089
f1a6
fd24
0800
0a6e
0260
f83f
f3fe
fa60
0808
1496
15b4
0c13
fdab
f2bc
f065
f630
fe6c
03b1
0102
f976
f296
f40f
fd4e
088f
0b57
0617
fe7a
fc63
0209
09c4
0e34
0cec
03d0
f8a7
f0ea
f061
f55d
fe1e
0521
054a
0046
fccf
fea8
02ef
06d9
07cd
04b3
0065
fd97
fd8a
fe30
001a
00a4
fe00
f9b5
f720
f81b
fd04
02f6
0731
07cd
0461
0067
fe8a
fff6
03ca
0743
07ca
0449
fe5d
f8dd
f66d
f970
fef7
02ec
004b
fa10
f5a7
f6d8
fd3f
0715
0d94
0cfe
05c9
fed8
fd5f
0392
0a84
0cf3
0752
fb90
f0ad
efb2
f809
0299
08aa
0695
fe2c
f518
f32b
f943
042f
0a8a
0b2a
0667
01bc
010d
0560
0a82
0b3c
0411
f838
efd9
f001
f826
0007
0129
faaf
f386
f373
fc84
08df
106d
0e3e
0580
fd20
fb9c
0094
07b6
0ba7
077c
fe57
f710
f585
f966
ffbd
0330
fed2
f5c3
eed6
ef20
f8ac
0599
104a
110d
0afb
0272
fe1e
005d
0774
0b5e
086e
0069
f8e0
f5c8
f833
fd35
ff7c
fb63
f52f
f0f5
f136
f648
ffb6
088f
0c36
0ae0
0768
03eb
0307
0537
07ba
0757
043e
fff4
fb4e
f8f8
fa1e
fca0
fc95
fa25
f6cb
f52f
f683
fd0d
05c6
0dc5
1115
0d67
05c8
fe74
fca2
0007
05b5
0859
0450
fb64
f46b
f47e
f9eb
0071
02cb
ffe8
f833
f278
f3c4
fcdc
07fb
0e67
0c79
0405
fab8
f728
fb98
03a3
0891
06aa
ffac
f920
f833
fdd2
06e8
0a35
043b
f83d
efbd
efc6
fa50
06de
0d6b
0924
ffd7
f9a0
fb7f
0263
08c5
097a
04d8
fdd8
f9da
fdcc
0690
0c12
095c
0186
f520
eed7
f0fb
faf4
0475
083a
0180
f8a5
f592
fa83
0451
0ade
092b
0249
fd03
fd27
03a0
0ad4
0c3d
046d
f936
f168
f20b
f813
ff39
00f2
fc48
f6c5
f5a4
f9e6
01d5
0935
0c15
0965
0555
03db
04d9
06df
074e
03ba
fdc1
f83a
f708
f8b1
fcf9
ffd4
ff63
fbdc
f9ee
facf
fe4b
037d
079f
0821
053a
0258
02b0
042c
042f
00ef
fabb
f5b5
f470
f7fc
fd6e
029d
0443
028d
fefd
fc4d
fbc6
fde8
0138
0309
0364
025e
01f4
0181
0108
008e
0157
0348
03bf
0051
fbd6
fa43
fb78
007d
07ad
0a6d
066d
feb8
f8c9
f5f2
f899
ff10
0526
06f2
0369
fd7c
fa82
ff62
07b8
0e0b
0d48
0726
feac
fa84
fd0b
033f
0537
00a4
f895
f281
f23b
f766
fdc2
000a
fe6c
fa75
f968
fee1
090b
0fc9
0f5c
097b
012c
fbd7
fe79
05fc
07d6
01d4
f722
efe1
ee95
f7e8
05e7
0dd5
0856
fb6b
f1f3
f101
fa97
08bd
133b
0ff6
04e5
f7de
f367
f99c
04a0
09ce
045b
fa1b
f32e
f496
fdc2
08ed
0cdd
0767
fe4c
f710
f58f
fab9
037a
0911
0687
fef0
fa5b
fc7c
0396
08e1
0750
009d
f910
f4b2
f5f4
fc72
03e3
06fd
04ad
ffdc
fc98
fc23
ff94
0411
05a5
0332
ff8c
fc23
faf0
fd18
0114
0247
fef3
fb3d
f928
fa8b
ff22
04b6
074a
05ba
02d5
00a6
fe94
fcff
fc3a
fc8f
fe3a
00c8
02d6
031c
0205
009e
0038
00c6
0145
00c0
fead
fc76
fcae
ff7c
0221
0209
fe23
f809
f3d0
f53b
fd26
04a9
068e
0320
fe8f
fe12
02ad
0827
0948
050b
ffaa
fbe1
faf4
fcbe
0105
03be
012d
fafb
f553
f41b
f854
0046
0677
0710
0266
fb73
fa12
0076
08f0
091a
0178
f7c3
f3ec
f831
03f0
0c53
0c4c
0463
fa54
f392
f520
fe6b
072c
07a8
005e
f705
f388
faa7
067d
0c62
0785
fb3a
efd9
ed2e
f544
022e
0bb8
0ccb
05e5
fb7e
f6e1
fa56
02c0
094d
07a7
fe5d
f6f5
f7ca
ff14
0730
0990
053d
fd44
f720
f6a5
fcbc
050b
0b6c
0acb
04de
fde8
f9f2
fa2a
fd0e
011a
011c
ffd4
fd62
fc6b
fe20
02e8
06ac
063d
0283
ff8f
fead
ffc4
034a
071d
07fa
0569
ffb5
f87e
f336
f308
f704
fc48
fed4
fc40
f8b3
f818
fb87
03e1
0cd6
1115
0d07
03d0
fc4f
fba1
0161
0a79
102c
0d81
0315
f6b6
f066
f278
f754
fc27
fbcb
f696
f1ff
f321
fc17
099d
10fc
0fdd
06d1
fb9e
f8c1
004b
0c59
0fc3
0af7
0120
fa5c
fbb0
0212
057b
0102
f7c8
ef63
ed08
f2ea
0055
0ce7
0e48
0521
f9e2
f207
f29a
fd8d
0a65
0e9b
0819
ff3d
f975
fbbe
0303
073b
0376
f851
ee1b
ec97
f5c5
03b2
0ba2
08b6
fe31
f6e3
f552
f92f
ff83
0576
085d
0712
0462
02fa
0550
0896
07a2
017f
f932
f2e0
f25b
f88b
0113
0689
0673
012a
fc2d
fb5d
ffbf
051c
0779
05b4
03dd
0344
03d9
0586
06eb
0582
0042
fa15
f5b8
f473
f61e
f9dd
fd90
011b
0504
06a5
0437
008d
fef9
0006
0381
0748
0817
04d9
0107
ff49
002d
0100
ff3d
fb1c
f4e4
f0a7
f368
fca1
06a1
0acb
059c
fb92
f4cb
f64b
ff7f
0aa3
0fc0
0c8d
0428
fc28
f9c6
ff3b
06df
08d1
005d
f36c
ecaf
f377
01b6
0c84
0c40
041d
f9db
f2ed
f456
fd85
08b4
0b69
0398
f9a6
f586
f97b
0264
0aab
0a99
02b2
f8b4
f490
f88a
03ff
0c1c
0bd6
03b6
f979
f514
fb4c
0645
0b5c
05c6
fb5b
f1ba
f0a6
f79c
0366
0bd8
0be4
0410
fb58
f990
ff98
07c2
0cab
095f
ffbd
f576
f268
f777
0178
070e
0491
fbd7
f508
f53e
fd46
0763
0ce2
0b63
071f
0425
04fa
0819
0ac4
092f
0268
f6fb
ec8c
e85f
ecb2
f51a
fd51
015a
0157
0009
000f
0292
0759
0b97
0cb4
0ad9
0645
0307
03a3
0699
07ea
03e6
fb02
f054
e94d
e86b
ee94
f8a4
024f
078b
05f8
01cd
0055
02b2
0753
0b6f
0b2d
06d4
014a
ffce
00ea
046d
0514
01c7
f9a1
efaf
e95e
eba7
f5ed
011e
0693
053c
000f
fdb5
01d2
0a9e
1289
145f
0cb5
015f
f933
f940
0102
083f
0605
fc3f
f0b3
ea19
ee97
fad9
067f
09b6
04ec
fdc6
f9a5
fd78
08a2
12d4
144c
0b09
fd02
f4f2
f7bb
021a
0bc1
0cef
0122
f108
e767
eba4
f7bf
035a
069f
01fa
f88f
f4f5
fbec
0a14
1488
13b0
0847
fd53
faa2
ffc7
071a
0b40
0748
fbd5
eeba
ea7b
f12b
fce6
057e
05e0
010c
fc7d
fd51
032d
0d91
1462
1022
0424
fb44
f818
fa5e
ff2b
03b1
02d1
fa67
f030
ee9a
f529
ff64
07c0
0918
03d0
fd7e
fb65
fe91
0555
0b82
0bf0
06f6
ff93
f9ea
f9cb
fee0
03ac
044d
ffc2
f900
f422
f4f0
f9c8
0104
0683
07b5
04d6
00bd
ff5f
01db
0560
0740
0648
016d
fa52
f656
f7e6
fe9d
04f3
05bb
fec8
f5cc
f171
f54f
fe44
06b8
082d
030a
fce0
fc31
032b
0c1c
0f1c
09f4
ffcd
f3c9
ede6
f2f2
ff94
0b6f
0eb0
0747
f899
f011
f291
fcd3
068a
0a70
03c4
f864
f2f7
fac8
09c5
1504
14e6
0a23
f83a
ecad
eef3
fb9d
079f
0b23
0415
f858
f293
f795
018b
0853
06ed
0065
f7c2
f4ea
fc98
0b66
13ec
1149
06c5
f7b3
ec54
ec47
f6d9
038a
0a53
065c
fd71
f7a9
f9ff
015f
083e
06ec
fdf8
f5a3
f5a6
fd7a
08a5
0f17
0bea
024f
f93b
f4ae
f5c4
fc19
0229
0406
00a4
fc33
faa7
fd1d
0203
054a
0471
ffc2
fa1f
f644
f7f4
fec8
0539
0618
01b8
fb0f
f778
f81f
fcb9
0263
065f
0628
0343
ff31
fca6
fe1e
034e
06cf
0622
018d
fbf5
f957
fd56
062b
0a80
06bb
ff3c
f83a
f466
f62c
ffa4
0b06
0dd9
0610
f993
f090
f018
fa25
03c0
07a3
0389
fd15
f99e
fb92
0289
08fc
09bf
02a7
f96b
f377
f345
fafc
0760
0dc1
094d
fd55
f4b2
f473
fc13
0358
050e
017f
fb9c
f8ba
fdbf
0786
0df3
0c0a
025e
f6ba
ee99
f185
fc36
0659
05a6
fd51
f316
eee5
f57f
0383
0e0b
0d78
0503
fceb
fa6e
ffc4
09c6
1059
0e80
0250
f450
ec8d
eea1
f75e
0114
02a5
fb47
f345
f268
fac5
0686
0d96
0c48
05ac
008c
00b9
05dd
0a80
0ac3
05ab
fbb7
f284
ef50
f453
fd22
02fb
00de
fb1b
f71b
f9e1
01ab
0b6b
1072
0e65
0706
ffe3
fcf4
008b
0664
092c
03fd
fa01
f0d3
edb1
f053
f707
fd97
0011
fea2
fd54
feb1
03c1
0ae1
1138
141f
0ff6
0550
f9e8
f467
f5db
fb49
ff45
ff47
fa4d
f351
efa9
f43e
fde7
0706
0b9b
0a88
0573
01c2
01fd
05e4
095d
0893
028f
fa57
f40f
f24a
f60f
fc67
fff6
fbcb
f304
edb1
f5c5
02a9
09a9
0aeb
06c2
02a4
03b2
0992
0ec5
10af
0bb5
01ac
f476
ec2e
eb49
f157
fb38
00e1
fea8
f79c
f3c4
f80a
014b
0b2d
0f17
0ac9
0169
fd93
018e
0a3c
120c
13cf
0d57
ff5b
f243
f06a
f92a
0195
01ed
faaf
f18f
ee74
f617
028d
0ba7
0c52
078f
005a
fe96
01f9
0a15
0ede
0b63
0044
f5d4
f65c
fea8
08f9
0add
04ca
f772
f033
f166
fa7a
05a8
0876
00d2
f722
f353
f7a5
0375
10ec
1304
0a61
ff75
fa3b
fd02
04b4
0945
0342
f605
e9ea
e6c2
ec15
f6b1
00ee
02fe
fd55
f81b
f873
ff41
0aa7
1280
1447
12cf
10d7
0fb8
10ac
110b
0e5b
0663
fc36
f409
f1bf
f50b
faf9
fed0
feb2
fe00
ff48
0121
0232
0280
0174
006e
0154
0401
03e3
ffe7
faea
f846
f749
f6a1
f50d
f3ea
f519
f90c
fed6
044d
0809
0a09
0918
060c
039f
03bb
0817
0dcb
0e56
06e5
fd34
f6b4
f725
fb96
fea3
fc89
f82c
f6d3
f999
fee4
0524
0855
0750
0260
fdac
fe55
0400
0a70
0b25
03f5
f818
efb7
efde
f6c3
0003
03ae
00c1
fa3c
f80d
fc81
05c8
0d0c
0d33
06ae
ff1a
fbc7
ff0b
04a1
0738
046b
fb67
f1d7
ee51
f310
fa6a
017a
044d
01d0
fceb
fead
069d
0f19
1053
0977
fefc
f670
f63a
fc95
02a4
033e
fd72
f598
f24d
f724
ffb4
067d
07a4
037c
fe3a
fe5a
04c4
0d21
10ce
0c3a
014c
f5c3
f184
f57c
fd49
036d
02d3
fbec
f593
f632
fd56
055c
08f7
070f
028d
ff7e
0063
03b7
07f7
0933
0511
fde8
f7e1
f59c
f6ed
faf2
fd9e
fd12
fb66
f9f9
f973
fb08
ffcc
0583
08d3
09c7
091c
06f3
05f5
04d6
0262
0001
fdc6
fa7f
f65a
f403
f5f1
fbd1
0173
02ef
ff3c
f949
f52b
f7e5
00f3
0be8
10cd
0d5d
04b9
fc78
f9d7
fdd1
041b
0620
0193
fac2
f707
fb4e
0477
0ba8
0948
ff44
f4a5
f00b
f3b8
fc8d
062f
0b45
082f
fec8
f881
fa59
03c0
0c72
0df5
04ef
f9d2
f497
fa0b
0456
0b59
0790
fc48
f1d0
ed71
f16b
fa99
035f
03fc
ff6f
fb2f
fed9
09d0
13c9
1784
12c6
063e
fa4b
f944
0003
0655
048f
fdc0
f4ef
ef83
f271
fa9c
026e
0230
fba3
f322
f1d0
f9c3
0668
10cf
1289
0c12
0462
00c9
0123
03ee
066d
038f
fbc2
f493
f472
f9af
000a
04be
0401
fe2f
f787
f40e
f62b
faf5
00da
03d9
0548
0536
059b
066b
06fb
0609
0316
00d8
0097
00f5
00a5
0054
0005
ffbb
0157
018e
fe94
f9f5
f70f
f71f
f9f4
fe0c
01f1
0308
02b5
0391
0582
0867
0ada
0a50
05ba
fec0
f97f
f9c5
fdf8
0337
0449
fee7
f623
f0ba
f260
fa99
03b9
0729
03e8
00bb
017b
0722
0eb5
1199
0c40
009b
f5ab
f1fb
f676
fd75
0058
fe08
f82d
f42d
f5cb
fb60
01ff
0465
0180
fc3d
f9ec
ff70
099f
12de
1372
0960
faa4
f1fd
f450
fbdb
008d
ffef
f7db
f089
f1a6
fd24
0800
0a6e
0260
f83f
f3fe
fa60
0808
1496
15b4
0c13
fdab
f2bc
f065
f630
fe6c
03b1
0102
f976
f296
f40f
fd4e
088f
0b57
0617
fe7a
fc63
0209
09c4
0e34
0cec
03d0
f8a7
f0ea
f061
f55d
fe1e
0521
054a
0046
fccf
fea8
02ef
06d9
07cd
04b3
0065
fd97
fd8a
fe30
001a
00a4
fe00
f9b5
f720
f81b
fd04
02f6
0731
07cd
0461
0067
fe8a
fff6
03ca
0743
07ca
0449
fe5d
f8dd
f66d
f970
fef7
02ec
004b
fa10
f5a7
f6d8
fd3f
0715
0d94
0cfe
05c9
fed8
fd5f
0392
0a84
0cf3
0752
fb90
f0ad
efb2
f809
0299
08aa
0695
fe2c
f518
f32b
f943
042f
0a8a
0b2a
0667
01bc
010d
0560
0a82
0b3c
0411
f838
efd9
f001
f826
0007
0129
faaf
f386
f373
fc84
08df
106d
0e3e
0580
fd20
fb9c
0094
07b6
0ba7
077c
fe57
f710
f585
f966
ffbd
0330
fed2
f5c3
eed6
ef20
f8ac
0599
104a
110d
0afb
0272
fe1e
005d
0774
0b5e
086e
0069
f8e0
f5c8
f833
fd35
ff7c
fb63
f52f
f0f5
f136
f648
ffb6
088f
0c36
0ae0
0768
03eb
0307
0537
07ba
0757
043e
fff4
fb4e
f8f8
fa1e
fca0
fc95
fa25
f6cb
f52f
f683
fd0d
05c6
0dc5
1115
0d67
05c8
fe74
fca2
0007
05b5
0859
0450
fb64
f46b
f47e
f9eb
0071
02cb
ffe8
f833
f278
f3c4
fcdc
07fb
0e67
0c79
0405
fab8
f728
fb98
03a3
0891
06aa
ffac
f920
f833
fdd2
06e8
0a35
043b
f83d
efbd
efc6
fa50
06de
0d6b
0924
ffd7
f9a0
fb7f
0263
08c5
097a
04d8
fdd8
f9da
fdcc
0690
0c12
095c
0186
f520
eed7
f0fb
faf4
0475
083a
0180
f8a5
f592
fa83
0451
0ade
092b
0249
fd03
fd27
03a0
0ad4
0c3d
046d
f936
f168
f20b
f813
ff39
00f2
fc48
f6c5
f5a4
f9e6
01d5
0935
0c15
0965
0555
03db
04d9
06df
074e
03ba
fdc1
f83a
f708
f8b1
fcf9
ffd4
ff63
fbdc
f9ee
facf
fe4b
037d
079f
0821
053a
0258
02b0
042c
042f
00ef
fabb
f5b5
f470
f7fc
fd6e
029d
0443
028d
fefd
fc4d
fbc6
fde8
0138
0309
0364
025e
01f4
0181
0108
008e
0157
0348
03bf
0051
fbd6
fa43
fb78
007d
07ad
0a6d
066d
feb8
f8c9
f5f2
f899
ff10
0526
06f2
0369
fd7c
fa82
ff62
07b8
0e0b
0d48
0726
feac
fa84
fd0b
033f
0537
00a4
f895
f281
f23b
f766
fdc2
000a
fe6c
fa75
f968
fee1
090b
0fc9
0f5c
097b
012c
fbd7
fe79
05fc
07d6
01d4
f722
efe1
ee95
f7e8
05e7
0dd5
0856
fb6b
f1f3
f101
fa97
08bd
133b
0ff6
04e5
f7de
f367
f99c
04a0
09ce
045b
fa1b
f32e
f496
fdc2
08ed
0cdd
0767
fe4c
f710
f58f
fab9
037a
0911
0687
fef0
fa5b
fc7c
0396
08e1
0750
009d
f910
f4b2
f5f4
fc72
03e3
06fd
04ad
ffdc
fc98
fc23
ff94
0411
05a5
0332
ff8c
fc23
faf0
fd18
0114
0247
fef3
fb3d
f928
fa8b
ff22
04b6
074a
05ba
02d5
00a6
fe94
fcff
fc3a
fc8f
fe3a
00c8
02d6
031c
0205
009e
0038
00c6
0145
00c0
fead
fc76
fcae
ff7c
0221
0209
fe23
f809
f3d0
f53b
fd26
04a9
068e
0320
fe8f
fe12
02ad
0827
0948
050b
ffaa
fbe1
faf4
fcbe
0105
03be
012d
fafb
f553
f41b
f854
0046
0677
0710
0266
fb73
fa12
0076
08f0
091a
0178
f7c3
f3ec
f831
03f0
0c53
0c4c
0463
fa54
f392
f520
fe6b
072c
07a8
005e
f705
f388
faa7
067d
0c62
0785
fb3a
efd9
ed2e
f544
022e
0bb8
0ccb
05e5
fb7e
f6e1
fa56
02c0
094d
07a7
fe5d
f6f5
f7ca
ff14
0730
0990
053d
fd44
f720
f6a5
fcbc
050b
0b6c
0acb
04de
fde8
f9f2
fa2a
fd0e
011a
011c
ffd4
fd62
fc6b
fe20
02e8
06ac
063d
0283
ff8f
fead
ffc4
034a
071d
07fa
0569
ffb5
f87e
f336
f308
f704
fc48
fed4
fc40
f8b3
f818
fb87
03e1
0cd6
1115
0d07
03d0
fc4f
fba1
0161
0a79
102c
0d81
0315
f6b6
f066
f278
f754
fc27
fbcb
f696
f1ff
f321
fc17
099d
10fc
0fdd
06d1
fb9e
f8c1
004b
0c59
0fc3
0af7
0120
fa5c
fbb0
0212
057b
0102
f7c8
ef63
ed08
f2ea
0055
0ce7
0e48
0521
f9e2
f207
f29a
fd8d
0a65
0e9b
0819
ff3d
f975
fbbe
0303
073b
0376
f851
ee1b
ec97
f5c5
03b2
0ba2
08b6
fe31
f6e3
f552
f92f
ff83
0576
085d
0712
0462
02fa
0550
0896
07a2
017f
f932
f2e0
f25b
f88b
0113
0689
0673
012a
fc2d
fb5d
ffbf
051c
0779
05b4
03dd
0344
03d9
0586
06eb
0582
0042
fa15
f5b8
f473
f61e
f9dd
fd90
011b
0504
06a5
0437
008d
fef9
0006
0381
0748
0817
04d9
0107
ff49
002d
0100
ff3d
fb1c
f4e4
f0a7
f368
fca1
06a1
0acb
059c
fb92
f4cb
f64b
ff7f
0aa3
0fc0
0c8d
0428
fc28
f9c6
ff3b
06df
08d1
005d
f36c
ecaf
f377
01b6
0c84
0c40
041d
f9db
f2ed
f456
fd85
08b4
0b69
0398
f9a6
f586
f97b
0264
0aab
0a99
02b2
f8b4
f490
f88a
03ff
0c1c
0bd6
03b6
f979
f514
fb4c
0645
0b5c
05c6
fb5b
f1ba
f0a6
f79c
0366
0bd8
0be4
0410
fb58
f990
ff98
07c2
0cab
095f
ffbd
f576
f268
f777
0178
070e
0491
fbd7
f508
f53e
fd46
0763
0ce2
0b63
071f
0425
04fa
0819
0ac4
092f
0268
f6fb
ec8c
e85f
ecb2
f51a
fd51
015a
0157
0009
000f
0292
0759
0b97
0cb4
0ad9
0645
0307
03a3
0699
07ea
03e6
fb02
f054
e94d
e86b
ee94
f8a4
024f
078b
05f8
01cd
0055
02b2
0753
0b6f
0b2d
06d4
014a
ffce
00ea
046d
0514
01c7
f9a1
efaf
e95e
eba7
f5ed
011e
0693
053c
000f
fdb5
01d2
0a9e
1289
145f
0cb5
015f
f933
f940
0102
083f
0605
fc3f
f0b3
ea19
ee97
fad9
067f
09b6
04ec
fdc6
f9a5
fd78
08a2
12d4
144c
0b09
fd02
f4f2
f7bb
021a
0bc1
0cef
0122
f108
e767
eba4
f7bf
035a
069f
01fa
f88f
f4f5
fbec
0a14
1488
13b0
0847
fd53
faa2
ffc7
071a
0b40
0748
fbd5
eeba
ea7b
f12b
fce6
057e
05e0
010c
fc7d
fd51
032d
0d91
1462
1022
0424
fb44
f818
fa5e
ff2b
03b1
02d1
fa67
f030
ee9a
f529
ff64
07c0
0918
03d0
fd7e
fb65
fe91
0555
0b82
0bf0
06f6
ff93
f9ea
f9cb
fee0
03ac
044d
ffc2
f900
f422
f4f0
f9c8
0104
0683
07b5
04d6
00bd
ff5f
01db
0560
0740
0648
016d
fa52
f656
f7e6
fe9d
04f3
05bb
fec8
f5cc
f171
f54f
fe44
06b8
082d
030a
fce0
fc31
032b
0c1c
0f1c
09f4
ffcd
f3c9
ede6
f2f2
ff94
0b6f
0eb0
0747
f899
f011
f291
fcd3
068a
0a70
03c4
f864
f2f7
fac8
09c5
1504
14e6
0a23
f83a
ecad
eef3
fb9d
079f
0b23
0415
f858
f293
f795
018b
0853
06ed
0065
f7c2
f4ea
fc98
0b66
13ec
1149
06c5
f7b3
ec54
ec47
f6d9
038a
0a53
065c
fd71
f7a9
f9ff
015f
083e
06ec
fdf8
f5a3
f5a6
fd7a
08a5
0f17
0bea
024f
f93b
f4ae
f5c4
fc19
0229
0406
00a4
fc33
faa7
fd1d
0203
054a
0471
ffc2
fa1f
f644
f7f4
fec8
0539
0618
01b8
fb0f
f778
f81f
fcb9
0263
065f
0628
0343
ff31
fca6
fe1e
034e
06cf
0622
018d
fbf5
f957
fd56
062b
0a80
06bb
ff3c
f83a
f466
f62c
ffa4
0b06
0dd9
0610
f993
f090
f018
fa25
03c0
07a3
0389
fd15
f99e
fb92
0289
08fc
09bf
02a7
f96b
f377
f345
fafc
0760
0dc1
094d
fd55
f4b2
f473
fc13
0358
050e
017f
fb9c
f8ba
fdbf
0786
0df3
0c0a
025e
f6ba
ee99
f185
fc36
0659
05a6
fd51
f316
eee5
f57f
0383
0e0b
0d78
0503
fceb
fa6e
ffc4
09c6
1059
0e80
0250
f450
ec8d
eea1
f75e
0114
02a5
fb47
f345
f268
fac5
0686
0d96
0c48
05ac
008c
00b9
05dd
0a80
0ac3
05ab
fbb7
f284
ef50
f453
fd22
02fb
00de
fb1b
f71b
f9e1
01ab
0b6b
1072
0e65
0706
ffe3
fcf4
008b
0664
092c
03fd
fa01
f0d3
edb1
f053
f707
fd97
0011
fea2
fd54
feb1
03c1
0ae1
1138
141f
0ff6
0550
f9e8
f467
f5db
fb49
ff45
ff47
fa4d
f351
efa9
f43e
fde7
0706
0b9b
0a88
0573
01c2
01fd
05e4
095d
0893
028f
fa57
f40f
f24a
f60f
fc67
fff6
fbcb
f304
edb1
f5c5
02a9
09a9
0aeb
06c2
02a4
03b2
0992
0ec5
10af
0bb5
01ac
f476
ec2e
eb49
f157
fb38
00e1
fea8
f79c
f3c4
f80a
014b
0b2d
0f17
0ac9
0169
fd93
018e
0a3c
120c
13cf
0d57
ff5b
f243
f06a
f92a
0195
01ed
faaf
f18f
ee74
f617
028d
0ba7
0c52
078f
005a
fe96
01f9
0a15
0ede
0b63
0044
f5d4
f65c
fea8
08f9
0add
04ca
f772
f033
f166
fa7a
05a8
0876
00d2
f722
f353
f7a5
0375
10ec
1304
0a61
ff75
fa3b
fd02
04b4
0945
0342
f605
e9ea
e6c2
ec15
f6b1
00ee
02fe
fd55
f81b
f873
ff41
0aa7
1280
1447
12cf
10d7
0fb8
10ac
110b
0e5b
0663
fc36
f409
f1bf
f50b
faf9
fed0
feb2
fe00
ff48
0121
0232
0280
0174
006e
0154
0401
03e3
ffe7
faea
f846
f749
f6a1
f50d
f3ea
f519
f90c
fed6
044d
0809
0a09
0918
060c
039f
03bb
0817
0dcb
0e56
06e5
fd34
f6b4
f725
fb96
fea3
fc89
f82c
f6d3
f999
fee4
0524
0855
0750
0260
fdac
fe55
0400
0a70
0b25
03f5
f818
efb7
efde
f6c3
0003
03ae
00c1
fa3c
f80d
fc81
05c8
0d0c
0d33
06ae
ff1a
fbc7
ff0b
04a1
0738
046b
fb67
f1d7
ee51
f310
fa6a
017a
044d
01d0
fceb
fead
069d
0f19
1053
0977
fefc
f670
f63a
fc95
02a4
033e
fd72
f598
f24d
f724
ffb4
067d
07a4
037c
fe3a
fe5a
04c4
0d21
10ce
0c3a
014c
f5c3
f184
f57c
fd49
036d
02d3
fbec
f593
f632
fd56
055c
08f7
070f
028d
ff7e
0063
03b7
07f7
0933
0511
fde8
f7e1
f59c
f6ed
faf2
fd9e
fd12
fb66
f9f9
f973
fb08
ffcc
0583
08d3
09c7
091c
06f3
05f5
04d6
0262
0001
fdc6
fa7f
f65a
f403
f5f1
fbd1
0173
02ef
ff3c
f949
f52b
f7e5
00f3
0be8
10cd
0d5d
04b9
fc78
f9d7
fdd1
041b
0620
0193
fac2
f707
fb4e
0477
0ba8
0948
ff44
f4a5
f00b
f3b8
fc8d
062f
0b45
082f
fec8
f881
fa59
03c0
0c72
0df5
04ef
f9d2
f497
fa0b
0456
0b59
0790
fc48
f1d0
ed71
f16b
fa99
035f
03fc
ff6f
fb2f
fed9
09d0
13c9
1784
12c6
063e
fa4b
f944
0003
0655
048f
fdc0
f4ef
ef83
f271
fa9c
026e
0230
fba3
f322
f1d0
f9c3
0668
10cf
1289
0c12
0462
00c9
0123
03ee
066d
038f
fbc2
f493
f472
f9af
000a
04be
0401
fe2f
f787
f40e
f62b
faf5
00da
03d9
0548
0536
059b
066b
06fb
0609
0316
00d8
0097
00f5
00a5
0054
0005
ffbb
0157
018e
fe94
f9f5
f70f
f71f
f9f4
fe0c
01f1
0308
02b5
0391
0582
0867
0ada
0a50
05ba
fec0
f97f
f9c5
fdf8
0337
0449
fee7
f623
f0ba
f260
fa99
03b9
0729
03e8
00bb
017b
0722
0eb5
1199
0c40
009b
f5ab
f1fb
f676
fd75
0058
fe08
f82d
f42d
f5cb
fb60
01ff
0465
0180
fc3d
f9ec
ff70
099f
12de
1372
0960
faa4
f1fd
f450
fbdb
008d
ffef
f7db
f089
f1a6
fd24
0800
0a6e
0260
f83f
f3fe
fa60
0808
1496
15b4
0c13
fdab
f2bc
f065
f630
fe6c
03b1
0102
f976
f296
f40f
fd4e
088f
0b57
0617
fe7a
fc63
0209
09c4
0e34
0cec
03d0
f8a7
f0ea
f061
f55d
fe1e
0521
054a
0046
fccf
fea8
02ef
06d9
07cd
04b3
0065
fd97
fd8a
fe30
001a
00a4
fe00
f9b5
f720
f81b
fd04
02f6
0731
07cd
0461
0067
fe8a
fff6
03ca
0743
07ca
0449
fe5d
f8dd
f66d
f970
fef7
02ec
004b
fa10
f5a7
f6d8
fd3f
0715
0d94
0cfe
05c9
fed8
fd5f
0392
0a84
0cf3
0752
fb90
f0ad
efb2
f809
0299
08aa
0695
fe2c
f518
f32b
f943
042f
0a8a
0b2a
0667
01bc
010d
0560
0a82
0b3c
0411
f838
efd9
f001
f826
0007
0129
faaf
f386
f373
fc84
08df
106d
0e3e
0580
fd20
fb9c
0094
07b6
0ba7
077c
fe57
f710
f585
f966
ffbd
0330
fed2
f5c3
eed6
ef20
f8ac
0599
104a
110d
0afb
0272
fe1e
005d
0774
0b5e
086e
0069
f8e0
f5c8
f833
fd35
ff7c
fb63
f52f
f0f5
f136
f648
ffb6
088f
0c36
0ae0
0768
03eb
0307
0537
07ba
0757
043e
fff4
fb4e
f8f8
fa1e
fca0
fc95
fa25
f6cb
f52f
f683
fd0d
05c6
0dc5
1115
0d67
05c8
fe74
fca2
0007
05b5
0859
0450
fb64
f46b
f47e
f9eb
0071
02cb
ffe8
f833
f278
f3c4
fcdc
07fb
0e67
0c79
0405
fab8
f728
fb98
03a3
0891
06aa
ffac
f920
f833
fdd2
06e8
0a35
043b
f83d
efbd
efc6
fa50
06de
0d6b
0924
ffd7
f9a0
fb7f
0263
08c5
097a
04d8
fdd8
f9da
fdcc
0690
0c12
095c
0186
f520
eed7
f0fb
faf4
0475
083a
0180
f8a5
f592
fa83
0451
0ade
092b
0249
fd03
fd27
03a0
0ad4
0c3d
046d
f936
f168
f20b
f813
ff39
00f2
fc48
f6c5
f5a4
f9e6
01d5
0935
0c15
0965
0555
03db
04d9
06df
074e
03ba
fdc1
f83a
f708
f8b1
fcf9
ffd4
ff63
fbdc
f9ee
facf
fe4b
037d
079f
0821
053a
0258
02b0
042c
042f
00ef
fabb
f5b5
f470
f7fc
fd6e
029d
0443
028d
fefd
fc4d
fbc6
fde8
0138
0309
0364
025e
01f4
0181
0108
008e
0157
0348
03bf
0051
fbd6
fa43
fb78
007d
07ad
0a6d
066d
feb8
f8c9
f5f2
f899
ff10
0526
06f2
0369
fd7c
fa82
ff62
07b8
0e0b
0d48
0726
feac
fa84
fd0b
033f
0537
00a4
f895
f281
f23b
f766
fdc2
000a
fe6c
fa75
f968
fee1
090b
0fc9
0f5c
097b
012c
fbd7
fe79
05fc
07d6
01d4
f722
efe1
ee95
f7e8
05e7
0dd5
0856
fb6b
f1f3
f101
fa97
08bd
133b
0ff6
04e5
f7de
f367
f99c
04a0
09ce
045b
fa1b
f32e
f496
fdc2
08ed
0cdd
0767
fe4c
f710
f58f
fab9
037a
0911
0687
fef0
fa5b
fc7c
0396
08e1
0750
009d
f910
f4b2
f5f4
fc72
03e3
06fd
04ad
ffdc
fc98
fc23
ff94
0411
05a5
0332
ff8c
fc23
faf0
fd18
0114
0247
fef3
fb3d
f928
fa8b
ff22
04b6
074a
05ba
02d5
00a6
fe94
fcff
fc3a
fc8f
fe3a
00c8
02d6
031c
0205
009e
0038
00c6
0145
00c0
fead
fc76
fcae
ff7c
0221
0209
fe23
f809
f3d0
f53b
fd26
04a9
068e
0320
fe8f
fe12
02ad
0827
0948
050b
ffaa
fbe1
faf4
fcbe
0105
03be
012d
fafb
f553
f41b
f854
0046
0677
0710
0266
fb73
fa12
0076
08f0
091a
0178
f7c3
f3ec
f831
03f0
0c53
0c4c
0463
fa54
f392
f520
fe6b
072c
07a8
005e
f705
f388
faa7
067d
0c62
0785
fb3a
efd9
ed2e
f544
022e
0bb8
0ccb
05e5
fb7e
f6e1
fa56
02c0
094d
07a7
fe5d
f6f5
f7ca
ff14
0730
0990
053d
fd44
f720
f6a5
fcbc
050b
0b6c
0acb
04de
fde8
f9f2
fa2a
fd0e
011a
011c
ffd4
fd62
fc6b
fe20
02e8
06ac
063d
0283
ff8f
fead
ffc4
034a
071d
07fa
0569
ffb5
f87e
f336
f308
f704
fc48
fed4
fc40
f8b3
f818
fb87
03e1
0cd6
1115
0d07
03d0
fc4f
fba1
0161
0a79
102c
0d81
0315
f6b6
f066
f278
f754
fc27
fbcb
f696
f1ff
f321
fc17
099d
10fc
0fdd
06d1
fb9e
f8c1
004b
0c59
0fc3
0af7
0120
fa5c
fbb0
0212
057b
0102
f7c8
ef63
ed08
f2ea
0055
0ce7
0e48
0521
f9e2
f207
f29a
fd8d
0a65
0e9b
0819
ff3d
f975
fbbe
0303
073b
0376
f851
ee1b
ec97
f5c5
03b2
0ba2
08b6
fe31
f6e3
f552
f92f
ff83
0576
085d
0712
0462
02fa
0550
0896
07a2
017f
f932
f2e0
f25b
f88b
0113
0689
0673
012a
fc2d
fb5d
ffbf
051c
0779
05b4
03dd
0344
03d9
0586
06eb
0582
0042
fa15
f5b8
f473
f61e
f9dd
fd90
011b
0504
06a5
0437
008d
fef9
0006
0381
0748
0817
04d9
0107
ff49
002d
0100
ff3d
fb1c
f4e4
f0a7
f368
fca1
06a1
0acb
059c
fb92
f4cb
f64b
ff7f
0aa3
0fc0
0c8d
0428
fc28
f9c6
ff3b
06df
08d1
005d
f36c
ecaf
f377
01b6
0c84
0c40
041d
f9db
f2ed
f456
fd85
08b4
0b69
0398
f9a6
f586
f97b
0264
0aab
0a99
02b2
f8b4
f490
f88a
03ff
0c1c
0bd6
03b6
f979
f514
fb4c
0645
0b5c
05c6
fb5b
f1ba
f0a6
f79c
0366
0bd8
0be4
0410
fb58
f990
ff98
07c2
0cab
095f
ffbd
f576
f268
f777
0178
070e
0491
fbd7
f508
f53e
fd46
0763
0ce2
0b63
071f
0425
04fa
0819
0ac4
092f
0268
f6fb
ec8c
e85f
ecb2
f51a
fd51
015a
0157
0009
000f
0292
0759
0b97
0cb4
0ad9
0645
0307
03a3
0699
07ea
03e6
fb02
f054
e94d
e86b
ee94
f8a4
024f
078b
05f8
01cd
0055
02b2
0753
0b6f
0b2d
06d4
014a
ffce
00ea
046d
0514
01c7
f9a1
efaf
e95e
eba7
f5ed
011e
0693
053c
000f
fdb5
01d2
0a9e
1289
145f
0cb5
015f
f933
f940
0102
083f
0605
fc3f
f0b3
ea19
ee97
fad9
067f
09b6
04ec
fdc6
f9a5
fd78
08a2
12d4
144c
0b09
fd02
f4f2
f7bb
021a
0bc1
0cef
0122
f108
e767
eba4
f7bf
035a
069f
01fa
f88f
f4f5
fbec
0a14
1488
13b0
0847
fd53
faa2
ffc7
071a
0b40
0748
fbd5
eeba
ea7b
f12b
fce6
057e
05e0
010c
fc7d
fd51
032d
0d91
1462
1022
0424
fb44
f818
fa5e
ff2b
03b1
02d1
fa67
f030
ee9a
f529
ff64
07c0
0918
03d0
fd7e
fb65
fe91
0555
0b82
0bf0
06f6
ff93
f9ea
f9cb
fee0
03ac
044d
ffc2
f900
f422
f4f0
f9c8
0104
0683
07b5
04d6
00bd
ff5f
01db
0560
0740
0648
016d
fa52
f656
f7e6
fe9d
04f3
05bb
fec8
f5cc
f171
f54f
fe44
06b8
082d
030a
fce0
fc31
032b
0c1c
0f1c
09f4
ffcd
f3c9
ede6
f2f2
ff94
0b6f
0eb0
0747
f899
f011
f291
fcd3
068a
0a70
03c4
f864
f2f7
fac8
09c5
1504
14e6
0a23
f83a
ecad
eef3
fb9d
079f
0b23
0415
f858
f293
f795
018b
0853
06ed
0065
f7c2
f4ea
fc98
0b66
13ec
1149
06c5
f7b3
ec54
ec47
f6d9
038a
0a53
065c
fd71
f7a9
f9ff
015f
083e
06ec
fdf8
f5a3
f5a6
fd7a
08a5
0f17
0bea
024f
f93b
f4ae
f5c4
fc19
0229
0406
00a4
fc33
faa7
fd1d
0203
054a
0471
ffc2
fa1f
f644
f7f4
fec8
0539
0618
01b8
fb0f
f778
f81f
fcb9
0263
065f
0628
0343
ff31
fca6
fe1e
034e
06cf
0622
018d
fbf5
f957
fd56
062b
0a80
06bb
ff3c
f83a
f466
f62c
ffa4
0b06
0dd9
0610
f993
f090
f018
fa25
03c0
07a3
0389
fd15
f99e
fb92
0289
08fc
09bf
02a7
f96b
f377
f345
fafc
0760
0dc1
094d
fd55
f4b2
f473
fc13
0358
050e
017f
fb9c
f8ba
fdbf
0786
0df3
0c0a
025e
f6ba
ee99
f185
fc36
0659
05a6
fd51
f316
eee5
f57f
0383
0e0b
0d78
0503
fceb
fa6e
ffc4
09c6
1059
0e80
0250
f450
ec8d
eea1
f75e
0114
02a5
fb47
f345
f268
fac5
0686
0d96
0c48
05ac
008c
00b9
05dd
0a80
0ac3
05ab
fbb7
f284
ef50
f453
fd22
02fb
00de
fb1b
f71b
f9e1
01ab
0b6b
1072
0e65
0706
ffe3
fcf4
008b
0664
092c
03fd
fa01
f0d3
edb1
f053
f707
fd97
0011
fea2
fd54
feb1
03c1
0ae1
1138
141f
0ff6
0550
f9e8
f467
f5db
fb49
ff45
ff47
fa4d
f351
efa9
f43e
fde7
0706
0b9b
0a88
0573
01c2
01fd
05e4
095d
0893
028f
fa57
f40f
f24a
f60f
fc67
fff6
fbcb
f304
edb1
f5c5
02a9
09a9
0aeb
06c2
02a4
03b2
0992
0ec5
10af
0bb5
01ac
f476
ec2e
eb49
f157
fb38
00e1
fea8
f79c
f3c4
f80a
014b
0b2d
0f17
0ac9
0169
fd93
018e
0a3c
120c
13cf
0d57
ff5b
f243
f06a
f92a
0195
01ed
faaf
f18f
ee74
f617
028d
0ba7
0c52
078f
005a
fe96
01f9
0a15
0ede
0b63
0044
f5d4
f65c
fea8
08f9
0add
04ca
f772
f033
f166
fa7a
05a8
0876
00d2
f722
f353
f7a5
0375
10ec
1304
0a61
ff75
fa3b
fd02
04b4
0945
0342
f605
e9ea
e6c2
ec15
f6b1
00ee
02fe
fd55
f81b
f873
ff41
0aa7
1280
1447
12cf
10d7
0fb8
10ac
110b
0e5b
0663
fc36
f409
f1bf
f50b
faf9
fed0
feb2
fe00
ff48
0121
0232
0280
0174
006e
0154
0401
03e3
ffe7
faea
f846
f749
f6a1
f50d
f3ea
f519
f90c
fed6
044d
0809
0a09
0918
060c
039f
03bb
0817
0dcb
0e56
06e5
fd34
f6b4
f725
fb96
fea3
fc89
f82c
f6d3
f999
fee4
0524
0855
0750
0260
fdac
fe55
0400
0a70
0b25
03f5
f818
efb7
efde
f6c3
0003
03ae
00c1
fa3c
f80d
fc81
05c8
0d0c
0d33
06ae
ff1a
fbc7
ff0b
04a1
0738
046b
fb67
f1d7
ee51
f310
fa6a
017a
044d
01d0
fceb
fead
069d
0f19
1053
0977
fefc
f670
f63a
fc95
02a4
033e
fd72
f598
f24d
f724
ffb4
067d
07a4
037c
fe3a
fe5a
04c4
0d21
10ce
0c3a
014c
f5c3
f184
f57c
fd49
036d
02d3
fbec
f593
f632
fd56
055c
08f7
070f
028d
ff7e
0063
03b7
07f7
0933
0511
fde8
f7e1
f59c
f6ed
faf2
fd9e
fd12
fb66
f9f9
f973
fb08
ffcc
0583
08d3
09c7
091c
06f3
05f5
04d6
0262
0001
fdc6
fa7f
f65a
f403
f5f1
fbd1
0173
02ef
ff3c
f949
f52b
f7e5
00f3
0be8
10cd
0d5d
04b9
fc78
f9d7
fdd1
041b
0620
0193
fac2
f707
fb4e
0477
0ba8
0948
ff44
f4a5
f00b
f3b8
fc8d
062f
0b45
082f
fec8
f881
fa59
03c0
0c72
0df5
04ef
f9d2
f497
fa0b
0456
0b59
0790
fc48
f1d0
ed71
f16b
fa99
035f
03fc
ff6f
fb2f
fed9
09d0
13c9
1784
12c6
063e
fa4b
f944
0003
0655
048f
fdc0
f4ef
ef83
f271
fa9c
026e
0230
fba3
f322
f1d0
f9c3
0668
10cf
1289
0c12
0462
00c9
0123
03ee
066d
038f
fbc2
f493
f472
f9af
000a
04be
0401
fe2f
f787
f40e
f62b
faf5
00da
03d9
0548
0536
059b
066b
06fb
0609
0316
00d8
0097
00f5
00a5
0054
0005
ffbb
0157
018e
fe94
f9f5
f70f
f71f
f9f4
fe0c
01f1
0308
02b5
0391
0582
0867
0ada
0a50
05ba
fec0
f97f
f9c5
fdf8
0337
0449
fee7
f623
f0ba
f260
fa99
03b9
0729
03e8
00bb
017b
0722
0eb5
1199
0c40
009b
f5ab
f1fb
f676
fd75
0058
fe08
f82d
f42d
f5cb
fb60
01ff
0465
0180
fc3d
f9ec
ff70
099f
12de
1372
0960
faa4
f1fd
f450
fbdb
008d
ffef
f7db
f089
f1a6
fd24
0800
0a6e
0260
f83f
f3fe
fa60
0808
1496
15b4
0c13
fdab
f2bc
f065
f630
fe6c
03b1
0102
f976
f296
f40f
fd4e
088f
0b57
0617
fe7a
fc63
0209
09c4
0e34
0cec
03d0
f8a7
f0ea
f061
f55d
fe1e
0521
054a
0046
fccf
fea8
02ef
06d9
07cd
04b3
0065
fd97
fd8a
fe30
001a
00a4
fe00
f9b5
f720
f81b
fd04
02f6
0731
07cd
0461
0067
fe8a
fff6
03ca
0743
07ca
0449
fe5d
f8dd
f66d
f970
fef7
02ec
004b
fa10
f5a7
f6d8
fd3f
0715
0d94
0cfe
05c9
fed8
fd5f
0392
0a84
0cf3
0752
fb90
f0ad
efb2
f809
0299
08aa
0695
fe2c
f518
f32b
f943
042f
0a8a
0b2a
0667
01bc
010d
0560
0a82
0b3c
0411
f838
efd9
f001
f826
0007
0129
faaf
f386
f373
fc84
08df
106d
0e3e
0580
fd20
fb9c
0094
07b6
0ba7
077c
fe57
f710
f585
f966
ffbd
0330
fed2
f5c3
eed6
ef20
f8ac
0599
104a
110d
0afb
0272
fe1e
005d
0774
0b5e
086e
0069
f8e0
f5c8
f833
fd35
ff7c
fb63
f52f
f0f5
f136
f648
ffb6
088f
0c36
0ae0
0768
03eb
0307
0537
07ba
0757
043e
fff4
fb4e
f8f8
fa1e
fca0
fc95
fa25
f6cb
f52f
f683
fd0d
05c6
0dc5
1115
0d67
05c8
fe74
fca2
0007
05b5
0859
0450
fb64
f46b
f47e
f9eb
0071
02cb
ffe8
f833
f278
f3c4
fcdc
07fb
0e67
0c79
0405
fab8
f728
fb98
03a3
0891
06aa
ffac
f920
f833
fdd2
06e8
0a35
043b
f83d
efbd
efc6
fa50
06de
0d6b
0924
ffd7
f9a0
fb7f
0263
08c5
097a
04d8
fdd8
f9da
fdcc
0690
0c12
095c
0186
f520
eed7
f0fb
faf4
0475
083a
0180
f8a5
f592
fa83
0451
0ade
092b
0249
fd03
fd27
03a0
0ad4
0c3d
046d
f936
f168
f20b
f813
ff39
00f2
fc48
f6c5
f5a4
f9e6
01d5
0935
0c15
0965
0555
03db
04d9
06df
074e
03ba
fdc1
f83a
f708
f8b1
fcf9
ffd4
ff63
fbdc
f9ee
facf
fe4b
037d
079f
0821
053a
0258
02b0
042c
042f
00ef
fabb
f5b5
f470
f7fc
fd6e
029d
0443
028d
fefd
fc4d
fbc6
fde8
0138
0309
0364
025e
01f4
0181
0108
008e
0157
0348
03bf
0051
fbd6
fa43
fb78
007d
07ad
0a6d
066d
feb8
f8c9
f5f2
f899
ff10
0526
06f2
0369
fd7c
fa82
ff62
07b8
0e0b
0d48
0726
feac
fa84
fd0b
033f
0537
00a4
f895
f281
f23b
f766
fdc2
000a
fe6c
fa75
f968
fee1
090b
0fc9
0f5c
097b
012c
fbd7
fe79
05fc
07d6
01d4
f722
efe1
ee95
f7e8
05e7
0dd5
0856
fb6b
f1f3
f101
fa97
08bd
133b
0ff6
04e5
f7de
f367
f99c
04a0
09ce
045b
fa1b
f32e
f496
fdc2
08ed
0cdd
0767
fe4c
f710
f58f
fab9
037a
0911
0687
fef0
fa5b
fc7c
0396
08e1
0750
009d
f910
f4b2
f5f4
fc72
03e3
06fd
04ad
ffdc
fc98
fc23
ff94
0411
05a5
0332
ff8c
fc23
faf0
fd18
0114
0247
fef3
fb3d
f928
fa8b
ff22
04b6
074a
05ba
02d5
00a6
fe94
fcff
fc3a
fc8f
fe3a
00c8
02d6
031c
0205
009e
0038
00c6
0145
00c0
fead
fc76
fcae
ff7c
0221
0209
fe23
f809
f3d0
f53b
fd26
04a9
068e
0320
fe8f
fe12
02ad
0827
0948
050b
ffaa
fbe1
faf4
fcbe
0105
03be
012d
fafb
f553
f41b
f854
0046
0677
0710
0266
fb73
fa12
0076
08f0
091a
0178
f7c3
f3ec
f831
03f0
0c53
0c4c
0463
fa54
f392
f520
fe6b
072c
07a8
005e
f705
f388
faa7
067d
0c62
0785
fb3a
efd9
ed2e
f544
022e
0bb8
0ccb
05e5
fb7e
f6e1
fa56
02c0
094d
07a7
fe5d
f6f5
f7ca
ff14
0730
0990
053d
fd44
f720
f6a5
fcbc
050b
0b6c
0acb
04de
fde8
f9f2
fa2a
fd0e
011a
011c
ffd4
fd62
fc6b
fe20
02e8
06ac
063d
0283
ff8f
fead
ffc4
034a
071d
07fa
0569
ffb5
f87e
f336
f308
f704
fc48
fed4
fc40
f8b3
f818
fb87
03e1
0cd6
1115
0d07
03d0
fc4f
fba1
0161
0a79
102c
0d81
0315
f6b6
f066
f278
f754
fc27
fbcb
f696
f1ff
f321
fc17
099d
10fc
0fdd
06d1
fb9e
f8c1
004b
0c59
0fc3
0af7
0120
fa5c
fbb0
0212
057b
0102
f7c8
ef63
ed08
f2ea
0055
0ce7
0e48
0521
f9e2
f207
f29a
fd8d
0a65
0e9b
0819
ff3d
f975
fbbe
0303
073b
0376
f851
ee1b
ec97
f5c5
03b2
0ba2
08b6
fe31
f6e3
f552
f92f
ff83
0576
085d
0712
0462
02fa
0550
0896
07a2
017f
f932
f2e0
f25b
f88b
0113
0689
0673
012a
fc2d
fb5d
ffbf
051c
0779
05b4
03dd
0344
03d9
0586
06eb
0582
0042
fa15
f5b8
f473
f61e
f9dd
fd90
011b
0504
06a5
0437
008d
fef9
0006
0381
0748
0817
04d9
0107
ff49
002d
0100
ff3d
fb1c
f4e4
f0a7
f368
fca1
06a1
0acb
059c
fb92
f4cb
f64b
ff7f
0aa3
0fc0
0c8d
0428
fc28
f9c6
ff3b
06df
08d1
005d
f36c
ecaf
f377
01b6
0c84
0c40
041d
f9db
f2ed
f456
fd85
08b4
0b69
0398
f9a6
f586
f97b
0264
0aab
0a99
02b2
f8b4
f490
f88a
03ff
0c1c
0bd6
03b6
f979
f514
fb4c
0645
0b5c
05c6
fb5b
f1ba
f0a6
f79c
0366
0bd8
0be4
0410
fb58
f990
ff98
07c2
0cab
095f
ffbd
f576
f268
f777
0178
070e
0491
fbd7
f508
f53e
fd46
0763
0ce2
0b63
071f
0425
04fa
0819
0ac4
092f
0268
f6fb
ec8c
e85f
ecb2
f51a
fd51
015a
0157
0009
000f
0292
0759
0b97
0cb4
0ad9
0645
0307
03a3
0699
07ea
03e6
fb02
f054
e94d
e86b
ee94
f8a4
024f
078b
05f8
01cd
0055
02b2
0753
0b6f
0b2d
06d4
014a
ffce
00ea
046d
0514
01c7
f9a1
efaf
e95e
eba7
f5ed
011e
0693
053c
000f
fdb5
01d2
0a9e
1289
145f
0cb5
015f
f933
f940
0102
083f
0605
fc3f
f0b3
ea19
ee97
fad9
067f
09b6
04ec
fdc6
f9a5
fd78
08a2
12d4
144c
0b09
fd02
f4f2
f7bb
021a
0bc1
0cef
0122
f108
e767
eba4
f7bf
035a
069f
01fa
f88f
f4f5
fbec
0a14
1488
13b0
0847
fd53
faa2
ffc7
071a
0b40
0748
fbd5
eeba
ea7b
f12b
fce6
057e
05e0
010c
fc7d
fd51
032d
0d91
1462
1022
0424
fb44
f818
fa5e
ff2b
03b1
02d1
fa67
f030
ee9a
f529
ff64
07c0
0918
03d0
fd7e
fb65
fe91
0555
0b82
0bf0
06f6
ff93
f9ea
f9cb
fee0
03ac
044d
ffc2
f900
f422
f4f0
f9c8
0104
0683
07b5
04d6
00bd
ff5f
01db
0560
0740
0648
016d
fa52
f656
f7e6
fe9d
04f3
05bb
fec8
f5cc
f171
f54f
fe44
06b8
082d
030a
fce0
fc31
032b
0c1c
0f1c
09f4
ffcd
f3c9
ede6
f2f2
ff94
0b6f
0eb0
0747
f899
f011
f291
fcd3
068a
0a70
03c4
f864
f2f7
fac8
09c5
1504
14e6
0a23
f83a
ecad
eef3
fb9d
079f
0b23
0415
f858
f293
f795
018b
0853
06ed
0065
f7c2
f4ea
fc98
0b66
13ec
1149
06c5
f7b3
ec54
ec47
f6d9
038a
0a53
065c
fd71
f7a9
f9ff
015f
083e
06ec
fdf8
f5a3
f5a6
fd7a
08a5
0f17
0bea
024f
f93b
f4ae
f5c4
fc19
0229
0406
00a4
fc33
faa7
fd1d
0203
054a
0471
ffc2
fa1f
f644
f7f4
fec8
0539
0618
01b8
fb0f
f778
f81f
fcb9
0263
065f
0628
0343
ff31
fca6
fe1e
034e
06cf
0622
018d
fbf5
f957
fd56
062b
0a80
06bb
ff3c
f83a
f466
f62c
ffa4
0b06
0dd9
0610
f993
f090
f018
fa25
03c0
07a3
0389
fd15
f99e
fb92
0289
08fc
09bf
02a7
f96b
f377
f345
fafc
0760
0dc1
094d
fd55
f4b2
f473
fc13
0358
050e
017f
fb9c
f8ba
fdbf
0786
0df3
0c0a
025e
f6ba
ee99
f185
fc36
0659
05a6
fd51
f316
eee5
f57f
0383
0e0b
0d78
0503
fceb
fa6e
ffc4
09c6
1059
0e80
0250
f450
ec8d
eea1
f75e
0114
02a5
fb47
f345
f268
fac5
0686
0d96
0c48
05ac
008c
00b9
05dd
0a80
0ac3
05ab
fbb7
f284
ef50
f453
fd22
02fb
00de
fb1b
f71b
f9e1
01ab
0b6b
1072
0e65
0706
ffe3
fcf4
008b
0664
092c
03fd
fa01
f0d3
edb1
f053
f707
fd97
0011
fea2
fd54
feb1
03c1
0ae1
1138
141f
0ff6
0550
f9e8
f467
f5db
fb49
ff45
ff47
fa4d
f351
efa9
f43e
fde7
0706
0b9b
0a88
0573
01c2
01fd
05e4
095d
0893
028f
fa57
f40f
f24a
f60f
fc67
fff6
fbcb
f304
edb1
f5c5
02a9
09a9
0aeb
06c2
02a4
03b2
0992
0ec5
10af
0bb5
01ac
f476
ec2e
eb49
f157
fb38
00e1
fea8
f79c
f3c4
f80a
014b
0b2d
0f17
0ac9
0169
fd93
018e
0a3c
120c
13cf
0d57
ff5b
f243
f06a
f92a
0195
01ed
faaf
f18f
ee74
f617
028d
0ba7
0c52
078f
005a
fe96
01f9
0a15
0ede
0b63
0044
f5d4
f65c
fea8
08f9
0add
04ca
f772
f033
f166
fa7a
05a8
0876
00d2
f722
f353
f7a5
0375
10ec
1304
0a61
ff75
fa3b
fd02
04b4
0945
0342
f605
e9ea
e6c2
ec15
f6b1
00ee
02fe
fd55
f81b
f873
ff41
0aa7
1280
1447
12cf
10d7
0fb8
10ac
110b
0e5b
0663
fc36
f409
f1bf
f50b
faf9
fed0
feb2
fe00
ff48
0121
0232
0280
0174
006e
0154
0401
03e3
ffe7
faea
f846
f749
f6a1
f50d
f3ea
f519
f90c
fed6
044d
0809
0a09
0918
060c
039f
03bb
0817
0dcb
0e56
06e5
fd34
f6b4
f725
fb96
fea3
fc89
f82c
f6d3
f999
fee4
0524
0855
0750
0260
fdac
fe55
0400
0a70
0b25
03f5
f818
efb7
efde
f6c3
0003
03ae
00c1
fa3c
f80d
fc81
05c8
0d0c
0d33
06ae
ff1a
fbc7
ff0b
04a1
0738
046b
fb67
f1d7
ee51
f310
fa6a
017a
044d
01d0
fceb
fead
069d
0f19
1053
0977
fefc
f670
f63a
fc95
02a4
033e
fd72
f598
f24d
f724
ffb4
067d
07a4
037c
fe3a
fe5a
04c4
0d21
10ce
0c3a
014c
f5c3
f184
f57c
fd49
036d
02d3
fbec
f593
f632
fd56
055c
08f7
070f
028d
ff7e
0063
03b7
07f7
0933
0511
fde8
f7e1
f59c
f6ed
faf2
fd9e
fd12
fb66
f9f9
f973
fb08
ffcc
0583
08d3
09c7
091c
06f3
05f5
04d6
0262
0001
fdc6
fa7f
f65a
f403
f5f1
fbd1
0173
02ef
ff3c
f949
f52b
f7e5
00f3
0be8
10cd
0d5d
04b9
fc78
f9d7
fdd1
041b
0620
0193
fac2
f707
fb4e
0477
0ba8
0948
ff44
f4a5
f00b
f3b8
fc8d
062f
0b45
082f
fec8
f881
fa59
03c0
0c72
0df5
04ef
f9d2
f497
fa0b
0456
0b59
0790
fc48
f1d0
ed71
f16b
fa99
035f
03fc
ff6f
fb2f
fed9
09d0
13c9
1784
12c6
063e
fa4b
f944
0003
0655
048f
fdc0
f4ef
ef83
f271
fa9c
026e
0230
fba3
f322
f1d0
f9c3
0668
10cf
1289
0c12
0462
00c9
0123
03ee
066d
038f
fbc2
f493
f472
f9af
000a
04be
0401
fe2f
f787
f40e
f62b
faf5
00da
03d9
0548
0536
059b
066b
06fb
0609
0316
00d8
0097
00f5
00a5
0054
0005
ffbb
0157
018e
fe94
f9f5
f70f
f71f
f9f4
fe0c
01f1
0308
02b5
0391
0582
0867
0ada
0a50
05ba
fec0
f97f
f9c5
fdf8
0337
0449
fee7
f623
f0ba
f260
fa99
03b9
0729
03e8
00bb
017b
0722
0eb5
1199
0c40
009b
f5ab
f1fb
f676
fd75
0058
fe08
f82d
f42d
f5cb
fb60
01ff
0465
0180
fc3d
f9ec
ff70
099f
12de
1372
0960
faa4
f1fd
f450
fbdb
008d
ffef
f7db
f089
f1a6
fd24
0800
0a6e
0260
f83f
f3fe
fa60
0808
1496
15b4
0c13
fdab
f2bc
f065
f630
fe6c
03b1
0102
f976
f296
f40f
fd4e
088f
0b57
0617
fe7a
fc63
0209
09c4
0e34
0cec
03d0
f8a7
f0ea
f061
f55d
fe1e
0521
054a
0046
fccf
fea8
02ef
06d9
07cd
04b3
0065
fd97
fd8a
fe30
001a
00a4
fe00
f9b5
f720
f81b
fd04
02f6
0731
07cd
0461
0067
fe8a
fff6
03ca
0743
07ca
0449
fe5d
f8dd
f66d
f970
fef7
02ec
004b
fa10
f5a7
f6d8
fd3f
0715
0d94
0cfe
05c9
fed8
fd5f
0392
0a84
0cf3
0752
fb90
f0ad
efb2
f809
0299
08aa
0695
fe2c
f518
f32b
f943
042f
0a8a
0b2a
0667
01bc
010d
0560
0a82
0b3c
0411
f838
efd9
f001
f826
0007
0129
faaf
f386
f373
fc84
08df
106d
0e3e
0580
fd20
fb9c
0094
07b6
0ba7
077c
fe57
f710
f585
f966
ffbd
0330
fed2
f5c3
eed6
ef20
f8ac
0599
104a
110d
0afb
0272
fe1e
005d
0774
0b5e
086e
0069
f8e0
f5c8
f833
fd35
ff7c
fb63
f52f
f0f5
f136
f648
ffb6
088f
0c36
0ae0
0768
03eb
0307
0537
07ba
0757
043e
fff4
fb4e
f8f8
fa1e
fca0
fc95
fa25
f6cb
f52f
f683
fd0d
05c6
0dc5
1115
0d67
05c8
fe74
fca2
0007
05b5
0859
0450
fb64
f46b
f47e
f9eb
0071
02cb
ffe8
f833
f278
f3c4
fcdc
07fb
0e67
0c79
0405
fab8
f728
fb98
03a3
0891
06aa
ffac
f920
f833
fdd2
06e8
0a35
043b
f83d
efbd
efc6
fa50
06de
0d6b
0924
ffd7
f9a0
fb7f
0263
08c5
097a
04d8
fdd8
f9da
fdcc
0690
0c12
095c
0186
f520
eed7
f0fb
faf4
0475
083a
0180
f8a5
f592
fa83
0451
0ade
092b
0249
fd03
fd27
03a0
0ad4
0c3d
046d
f936
f168
f20b
f813
ff39
00f2
fc48
f6c5
f5a4
f9e6
01d5
0935
0c15
0965
0555
03db
04d9
06df
074e
03ba
fdc1
f83a
f708
f8b1
fcf9
ffd4
ff63
fbdc
f9ee
facf
fe4b
037d
079f
0821
053a
0258
02b0
042c
042f
00ef
fabb
f5b5
f470
f7fc
fd6e
029d
0443
028d
fefd
fc4d
fbc6
fde8
0138
0309
0364
025e
01f4
0181
0108
008e
0157
0348
03bf
0051
fbd6
fa43
fb78
007d
07ad
0a6d
066d
feb8
f8c9
f5f2
f899
ff10
0526
06f2
0369
fd7c
fa82
ff62
07b8
0e0b
0d48
0726
feac
fa84
fd0b
033f
0537
00a4
f895
f281
f23b
f766
fdc2
000a
fe6c
fa75
f968
fee1
090b
0fc9
0f5c
097b
012c
fbd7
fe79
05fc
07d6
01d4
f722
efe1
ee95
f7e8
05e7
0dd5
0856
fb6b
f1f3
f101
fa97
08bd
133b
0ff6
04e5
f7de
f367
f99c
04a0
09ce
045b
fa1b
f32e
f496
fdc2
08ed
0cdd
0767
fe4c
f710
f58f
fab9
037a
0911
0687
fef0
fa5b
fc7c
0396
08e1
0750
009d
f910
f4b2
f5f4
fc72
03e3
06fd
04ad
ffdc
fc98
fc23
ff94
0411
05a5
0332
ff8c
fc23
faf0
fd18
0114
0247
fef3
fb3d
f928
fa8b
ff22
04b6
074a
05ba
02d5
00a6
fe94
fcff
fc3a
fc8f
fe3a
00c8
02d6
031c
0205
009e
0038
00c6
0145
00c0
fead
fc76
fcae
ff7c
0221
0209
fe23
f809
f3d0
f53b
fd26
04a9
068e
0320
fe8f
fe12
02ad
0827
0948
050b
ffaa
fbe1
faf4
fcbe
0105
03be
012d
fafb
f553
f41b
f854
0046
0677
0710
0266
fb73
fa12
0076
08f0
091a
0178
f7c3
f3ec
f831
03f0
0c53
0c4c
0463
fa54
f392
f520
fe6b
072c
07a8
005e
f705
f388
faa7
067d
0c62
0785
fb3a
efd9
ed2e
f544
022e
0bb8
0ccb
05e5
fb7e
f6e1
fa56
02c0
094d
07a7
fe5d
f6f5
f7ca
ff14
0730
0990
053d
fd44
f720
f6a5
fcbc
050b
0b6c
0acb
04de
fde8
f9f2
fa2a
fd0e
011a
011c
ffd4
fd62
fc6b
fe20
02e8
06ac
063d
0283
ff8f
fead
ffc4
034a
071d
07fa
0569
ffb5
f87e
f336
f308
f704
fc48
fed4
fc40
f8b3
f818
fb87
03e1
0cd6
1115
0d07
03d0
fc4f
fba1
0161
0a79
102c
0d81
0315
f6b6
f066
f278
f754
fc27
fbcb
f696
f1ff
f321
fc17
099d
10fc
0fdd
06d1
fb9e
f8c1
004b
0c59
0fc3
0af7
0120
fa5c
fbb0
0212
057b
0102
f7c8
ef63
ed08
f2ea
0055
0ce7
0e48
0521
f9e2
f207
f29a
fd8d
0a65
0e9b
0819
ff3d
f975
fbbe
0303
073b
0376
f851
ee1b
ec97
f5c5
03b2
0ba2
08b6
fe31
f6e3
f552
f92f
ff83
0576
085d
0712
0462
02fa
0550
0896
07a2
017f
f932
f2e0
f25b
f88b
0113
0689
0673
012a
fc2d
fb5d
ffbf
051c
0779
05b4
03dd
0344
03d9
0586
06eb
0582
0042
fa15
f5b8
f473
f61e
f9dd
fd90
011b
0504
06a5
0437
008d
fef9
0006
0381
0748
0817
04d9
0107
ff49
002d
0100
ff3d
fb1c
f4e4
f0a7
f368
fca1
06a1
0acb
059c
fb92
f4cb
f64b
ff7f
0aa3
0fc0
0c8d
0428
fc28
f9c6
ff3b
06df
08d1
005d
f36c
ecaf
f377
01b6
0c84
0c40
041d
f9db
f2ed
f456
fd85
08b4
0b69
0398
f9a6
f586
f97b
0264
0aab
0a99
02b2
f8b4
f490
f88a
03ff
0c1c
0bd6
03b6
f979
f514
fb4c
0645
0b5c
05c6
fb5b
f1ba
f0a6
f79c
0366
0bd8
0be4
0410
fb58
f990
ff98
07c2
0cab
095f
ffbd
f576
f268
f777
0178
070e
0491
fbd7
f508
f53e
fd46
0763
0ce2
0b63
071f
0425
04fa
0819
0ac4
092f
0268
f6fb
ec8c
e85f
ecb2
f51a
fd51
015a
0157
0009
000f
0292
0759
0b97
0cb4
0ad9
0645
0307
03a3
0699
07ea
03e6
fb02
f054
e94d
e86b
ee94
f8a4
024f
078b
05f8
01cd
0055
02b2
0753
0b6f
0b2d
06d4
014a
ffce
00ea
046d
0514
01c7
f9a1
efaf
e95e
eba7
f5ed
011e
0693
053c
000f
fdb5
01d2
0a9e
1289
145f
0cb5
015f
f933
f940
0102
083f
0605
fc3f
f0b3
ea19
ee97
fad9
067f
09b6
04ec
fdc6
f9a5
fd78
08a2
12d4
144c
0b09
fd02
f4f2
f7bb
021a
0bc1
0cef
0122
f108
e767
eba4
f7bf
035a
069f
01fa
f88f
f4f5
fbec
0a14
1488
13b0
0847
fd53
faa2
ffc7
071a
0b40
0748
fbd5
eeba
ea7b
f12b
fce6
057e
05e0
010c
fc7d
fd51
032d
0d91
1462
1022
0424
fb44
f818
fa5e
ff2b
03b1
02d1
fa67
f030
ee9a
f529
ff64
07c0
0918
03d0
fd7e
fb65
fe91
0555
0b82
0bf0
06f6
ff93
f9ea
f9cb
fee0
03ac
044d
ffc2
f900
f422
f4f0
f9c8
0104
0683
07b5
04d6
00bd
ff5f
01db
0560
0740
0648
016d
fa52
f656
f7e6
fe9d
04f3
05bb
fec8
f5cc
f171
f54f
fe44
06b8
082d
030a
fce0
fc31
032b
0c1c
0f1c
09f4
ffcd
f3c9
ede6
f2f2
ff94
0b6f
0eb0
0747
f899
f011
f291
fcd3
068a
0a70
03c4
f864
f2f7
fac8
09c5
1504
14e6
0a23
f83a
ecad
eef3
fb9d
079f
0b23
0415
f858
f293
f795
018b
0853
06ed
0065
f7c2
f4ea
fc98
0b66
13ec
1149
06c5
f7b3
ec54
ec47
f6d9
038a
0a53
065c
fd71
f7a9
f9ff
015f
083e
06ec
fdf8
f5a3
f5a6
fd7a
08a5
0f17
0bea
024f
f93b
f4ae
f5c4
fc19
0229
0406
00a4
fc33
faa7
fd1d
0203
054a
0471
ffc2
fa1f
f644
f7f4
fec8
0539
0618
01b8
fb0f
f778
f81f
fcb9
0263
065f
0628
0343
ff31
fca6
fe1e
034e
06cf
0622
018d
fbf5
f957
fd56
062b
0a80
06bb
ff3c
f83a
f466
f62c
ffa4
0b06
0dd9
0610
f993
f090
f018
fa25
03c0
07a3
0389
fd15
f99e
fb92
0289
08fc
09bf
02a7
f96b
f377
f345
fafc
0760
0dc1
094d
fd55
f4b2
f473
fc13
0358
050e
017f
fb9c
f8ba
fdbf
0786
0df3
0c0a
025e
f6ba
ee99
f185
fc36
0659
05a6
fd51
f316
eee5
f57f
0383
0e0b
0d78
0503
fceb
fa6e
ffc4
09c6
1059
0e80
0250
f450
ec8d
eea1
f75e
0114
02a5
fb47
f345
f268
fac5
0686
0d96
0c48
05ac
008c
00b9
05dd
0a80
0ac3
05ab
fbb7
f284
ef50
f453
fd22
02fb
00de
fb1b
f71b
f9e1
01ab
0b6b
1072
0e65
0706
ffe3
fcf4
008b
0664
092c
03fd
fa01
f0d3
edb1
f053
f707
fd97
0011
fea2
fd54
feb1
03c1
0ae1
1138
141f
0ff6
0550
f9e8
f467
f5db
fb49
ff45
ff47
fa4d
f351
efa9
f43e
fde7
0706
0b9b
0a88
0573
01c2
01fd
05e4
095d
0893
028f
fa57
f40f
f24a
f60f
fc67
fff6
fbcb
f304
edb1
f5c5
02a9
09a9
0aeb
06c2
02a4
03b2
0992
0ec5
10af
0bb5
01ac
f476
ec2e
eb49
f157
fb38
00e1
fea8
f79c
f3c4
f80a
014b
0b2d
0f17
0ac9
0169
fd93
018e
0a3c
120c
13cf
0d57
ff5b
f243
f06a
f92a
0195
01ed
faaf
f18f
ee74
f617
028d
0ba7
0c52
078f
005a
fe96
01f9
0a15
0ede
0b63
0044
f5d4
f65c
fea8
08f9
0add
04ca
f772
f033
f166
fa7a
05a8
0876
00d2
f722
f353
f7a5
0375
10ec
1304
0a61
ff75
fa3b
fd02
04b4
0945
0342
f605
e9ea
e6c2
ec15
f6b1
00ee
02fe
fd55
f81b
f873
ff41
0aa7
1280
1447
12cf
10d7
0fb8
10ac
110b
0e5b
0663
fc36
f409
f1bf
f50b
faf9
fed0
feb2
fe00
ff48
0121
0232
0280
0174
006e
0154
0401
03e3
ffe7
faea
f846
f749
f6a1
f50d
f3ea
f519
f90c
fed6
044d
0809
0a09
0918
060c
039f
03bb
0817
0dcb
0e56
06e5
fd34
f6b4
f725
fb96
fea3
fc89
f82c
f6d3
f999
fee4
0524
0855
0750
0260
fdac
fe55
0400
0a70
0b25
03f5
f818
efb7
efde
f6c3
0003
03ae
00c1
fa3c
f80d
fc81
05c8
0d0c
0d33
06ae
ff1a
fbc7
ff0b
04a1
0738
046b
fb67
f1d7
ee51
f310
fa6a
017a
044d
01d0
fceb
fead
069d
0f19
1053
0977
fefc
f670
f63a
fc95
02a4
033e
fd72
f598
f24d
f724
ffb4
067d
07a4
037c
fe3a
fe5a
04c4
0d21
10ce
0c3a
014c
f5c3
f184
f57c
fd49
036d
02d3
fbec
f593
f632
fd56
055c
08f7
070f
028d
ff7e
0063
03b7
07f7
0933
0511
fde8
f7e1
f59c
f6ed
faf2
fd9e
fd12
fb66
f9f9
f973
fb08
ffcc
0583
08d3
09c7
091c
06f3
05f5
04d6
0262
0001
fdc6
fa7f
f65a
f403
f5f1
fbd1
0173
02ef
ff3c
f949
f52b
f7e5
00f3
0be8
10cd
0d5d
04b9
fc78
f9d7
fdd1
041b
0620
0193
fac2
f707
fb4e
0477
0ba8
0948
ff44
f4a5
f00b
f3b8
fc8d
062f
0b45
082f
fec8
f881
fa59
03c0
0c72
0df5
04ef
f9d2
f497
fa0b
0456
0b59
0790
fc48
f1d0
ed71
f16b
fa99
035f
03fc
ff6f
fb2f
fed9
09d0
13c9
1784
12c6
063e
fa4b
f944
0003
0655
048f
fdc0
f4ef
ef83
f271
fa9c
026e
0230
fba3
f322
f1d0
f9c3
0668
10cf
1289
0c12
0462
00c9
0123
03ee
066d
038f
fbc2
f493
f472
f9af
000a
04be
0401
fe2f
f787
f40e
f62b
faf5
00da
03d9
0548
0536
059b
066b
06fb
0609
0316
00d8
0097
00f5
00a5
0054
0005
ffbb
0157
018e
fe94
f9f5
f70f
f71f
f9f4
fe0c
01f1
0308
02b5
0391
0582
0867
0ada
0a50
05ba
fec0
f97f
f9c5
fdf8
0337
0449
fee7
f623
f0ba
f260
fa99
03b9
0729
03e8
00bb
017b
0722
0eb5
1199
0c40
009b
f5ab
f1fb
f676
fd75
0058
fe08
f82d
f42d
f5cb
fb60
01ff
0465
0180
fc3d
f9ec
ff70
099f
12de
1372
0960
faa4
f1fd
f450
fbdb
008d
ffef
f7db
f089
f1a6
fd24
0800
0a6e
0260
f83f
f3fe
fa60
0808
1496
15b4
0c13
fdab
f2bc
f065
f630
fe6c
03b1
0102
f976
f296
f40f
fd4e
088f
0b57
0617
fe7a
fc63
0209
09c4
0e34
0cec
03d0
f8a7
f0ea
f061
f55d
fe1e
0521
054a
0046
fccf
fea8
02ef
06d9
07cd
04b3
0065
fd97
fd8a
fe30
001a
00a4
fe00
f9b5
f720
f81b
fd04
02f6
0731
07cd
0461
0067
fe8a
fff6
03ca
0743
07ca
0449
fe5d
f8dd
f66d
f970
fef7
02ec
004b
fa10
f5a7
f6d8
fd3f
0715
0d94
0cfe
05c9
fed8
fd5f
0392
0a84
0cf3
0752
fb90
f0ad
efb2
f809
0299
08aa
0695
fe2c
f518
f32b
f943
042f
0a8a
0b2a
0667
01bc
010d
0560
0a82
0b3c
0411
f838
efd9
f001
f826
0007
0129
faaf
f386
f373
fc84
08df
106d
0e3e
0580
fd20
fb9c
0094
07b6
0ba7
077c
fe57
f710
f585
f966
ffbd
0330
fed2
f5c3
eed6
ef20
f8ac
0599
104a
110d
0afb
0272
fe1e
005d
0774
0b5e
086e
0069
f8e0
f5c8
f833
fd35
ff7c
fb63
f52f
f0f5
f136
f648
ffb6
088f
0c36
0ae0
0768
03eb
0307
0537
07ba
0757
043e
fff4
fb4e
f8f8
fa1e
fca0
fc95
fa25
f6cb
f52f
f683
fd0d
05c6
0dc5
1115
0d67
05c8
fe74
fca2
0007
05b5
0859
0450
fb64
f46b
f47e
f9eb
0071
02cb
ffe8
f833
f278
f3c4
fcdc
07fb
0e67
0c79
0405
fab8
f728
fb98
03a3
0891
06aa
ffac
f920
f833
fdd2
06e8
0a35
043b
f83d
efbd
efc6
fa50
06de
0d6b
0924
ffd7
f9a0
fb7f
0263
08c5
097a
04d8
fdd8
f9da
fdcc
0690
0c12
095c
0186
f520
eed7
f0fb
faf4
0475
083a
0180
f8a5
f592
fa83
0451
0ade
092b
0249
fd03
fd27
03a0
0ad4
0c3d
046d
f936
f168
f20b
f813
ff39
00f2
fc48
f6c5
f5a4
f9e6
01d5
0935
0c15
0965
0555
03db
04d9
06df
074e
03ba
fdc1
f83a
f708
f8b1
fcf9
ffd4
ff63
fbdc
f9ee
facf
fe4b
037d
079f
0821
053a
0258
02b0
042c
042f
00ef
fabb
f5b5
f470
f7fc
fd6e
029d
0443
028d
fefd
fc4d
fbc6
fde8
0138
0309
0364
025e
01f4
0181
0108
008e
0157
0348
03bf
0051
fbd6
fa43
fb78
007d
07ad
0a6d
066d
feb8
f8c9
f5f2
f899
ff10
0526
06f2
0369
fd7c
fa82
ff62
07b8
0e0b
0d48
0726
feac
fa84
fd0b
033f
0537
00a4
f895
f281
f23b
f766
fdc2
000a
fe6c
fa75
f968
fee1
090b
0fc9
0f5c
097b
012c
fbd7
fe79
05fc
07d6
01d4
f722
efe1
ee95
f7e8
05e7
0dd5
0856
fb6b
f1f3
f101
fa97
08bd
133b
0ff6
04e5
f7de
f367
f99c
04a0
09ce
045b
fa1b
f32e
f496
fdc2
08ed
0cdd
0767
fe4c
f710
f58f
fab9
037a
0911
0687
fef0
fa5b
fc7c
0396
08e1
0750
009d
f910
f4b2
f5f4
fc72
03e3
06fd
04ad
ffdc
fc98
fc23
ff94
0411
05a5
0332
ff8c
fc23
faf0
fd18
0114
0247
fef3
fb3d
f928
fa8b
ff22
04b6
074a
05ba
02d5
00a6
fe94
fcff
fc3a
fc8f
fe3a
00c8
02d6
031c
0205
009e
0038
00c6
0145
00c0
fead
fc76
fcae
ff7c
0221
0209
fe23
f809
f3d0
f53b
fd26
04a9
068e
0320
fe8f
fe12
02ad
0827
0948
050b
ffaa
fbe1
faf4
fcbe
0105
03be
012d
fafb
f553
f41b
f854
0046
0677
0710
0266
fb73
fa12
0076
08f0
091a
0178
f7c3
f3ec
f831
03f0
0c53
0c4c
0463
fa54
f392
f520
fe6b
072c
07a8
005e
f705
f388
faa7
067d
0c62
0785
fb3a
efd9
ed2e
f544
022e
0bb8
0ccb
05e5
fb7e
f6e1
fa56
02c0
094d
07a7
fe5d
f6f5
f7ca
ff14
0730
0990
053d
fd44
f720
f6a5
fcbc
050b
0b6c
0acb
04de
fde8
f9f2
fa2a
fd0e
011a
011c
ffd4
fd62
fc6b
fe20
02e8
06ac
063d
0283
ff8f
fead
ffc4
034a
071d
07fa
0569
ffb5
f87e
f336
f308
f704
fc48
fed4
fc40
f8b3
f818
fb87
03e1
0cd6
1115
0d07
03d0
fc4f
fba1
0161
0a79
102c
0d81
0315
f6b6
f066
f278
f754
fc27
fbcb
f696
f1ff
f321
fc17
099d
10fc
0fdd
06d1
fb9e
f8c1
004b
0c59
0fc3
0af7
0120
fa5c
fbb0
0212
057b
0102
f7c8
ef63
ed08
f2ea
0055
0ce7
0e48
0521
f9e2
f207
f29a
fd8d
0a65
0e9b
0819
ff3d
f975
fbbe
0303
073b
0376
f851
ee1b
ec97
f5c5
03b2
0ba2
08b6
fe31
f6e3
f552
f92f
ff83
0576
085d
0712
0462
02fa
0550
0896
07a2
017f
f932
f2e0
f25b
f88b
0113
0689
0673
012a
fc2d
fb5d
ffbf
051c
0779
05b4
03dd
0344
03d9
0586
06eb
0582
0042
fa15
f5b8
f473
f61e
f9dd
fd90
011b
0504
06a5
0437
008d
fef9
0006
0381
0748
0817
04d9
0107
ff49
002d
0100
ff3d
fb1c
f4e4
f0a7
f368
fca1
06a1
0acb
059c
fb92
f4cb
f64b
ff7f
0aa3
0fc0
0c8d
0428
fc28
f9c6
ff3b
06df
08d1
005d
f36c
ecaf
f377
01b6
0c84
0c40
041d
f9db
f2ed
f456
fd85
08b4
0b69
0398
f9a6
f586
f97b
0264
0aab
0a99
02b2
f8b4
f490
f88a
03ff
0c1c
0bd6
03b6
f979
f514
fb4c
0645
0b5c
05c6
fb5b
f1ba
f0a6
f79c
0366
0bd8
0be4
0410
fb58
f990
ff98
07c2
0cab
095f
ffbd
f576
f268
f777
0178
070e
0491
fbd7
f508
f53e
fd46
0763
0ce2
0b63
071f
0425
04fa
0819
0ac4
092f
0268
f6fb
ec8c
e85f
ecb2
f51a
fd51
015a
0157
0009
000f
0292
0759
0b97
0cb4
0ad9
0645
0307
03a3
0699
07ea
03e6
fb02
f054
e94d
e86b
ee94
f8a4
024f
078b
05f8
01cd
0055
02b2
0753
0b6f
0b2d
06d4
014a
ffce
00ea
046d
0514
01c7
f9a1
efaf
e95e
eba7
f5ed
011e
0693
053c
000f
fdb5
01d2
0a9e
1289
145f
0cb5
015f
f933
f940
0102
083f
0605
fc3f
f0b3
ea19
ee97
fad9
067f
09b6
04ec
fdc6
f9a5
fd78
08a2
12d4
144c
0b09
fd02
f4f2
f7bb
021a
0bc1
0cef
0122
f108
e767
eba4
f7bf
035a
069f
01fa
f88f
f4f5
fbec
0a14
1488
13b0
0847
fd53
faa2
ffc7
071a
0b40
0748
fbd5
eeba
ea7b
f12b
fce6
057e
05e0
010c
fc7d
fd51
032d
0d91
1462
1022
0424
fb44
f818
fa5e
ff2b
03b1
02d1
fa67
f030
ee9a
f529
ff64
07c0
0918
03d0
fd7e
fb65
fe91
0555
0b82
0bf0
06f6
ff93
f9ea
f9cb
fee0
03ac
044d
ffc2
f900
f422
f4f0
f9c8
0104
0683
07b5
04d6
00bd
ff5f
01db
0560
0740
0648
016d
fa52
f656
f7e6
fe9d
04f3
05bb
fec8
f5cc
f171
f54f
fe44
06b8
082d
030a
fce0
fc31
032b
0c1c
0f1c
09f4
ffcd
f3c9
ede6
f2f2
ff94
0b6f
0eb0
0747
f899
f011
f291
fcd3
068a
0a70
03c4
f864
f2f7
fac8
09c5
1504
14e6
0a23
f83a
ecad
eef3
fb9d
079f
0b23
0415
f858
f293
f795
018b
0853
06ed
0065
f7c2
f4ea
fc98
0b66
13ec
1149
06c5
f7b3
ec54
ec47
f6d9
038a
0a53
065c
fd71
f7a9
f9ff
015f
083e
06ec
fdf8
f5a3
f5a6
fd7a
08a5
0f17
0bea
024f
f93b
f4ae
f5c4
fc19
0229
0406
00a4
fc33
faa7
fd1d
0203
054a
0471
ffc2
fa1f
f644
f7f4
fec8
0539
0618
01b8
fb0f
f778
f81f
fcb9
0263
065f
0628
0343
ff31
fca6
fe1e
034e
06cf
0622
018d
fbf5
f957
fd56
062b
0a80
06bb
ff3c
f83a
f466
f62c
ffa4
0b06
0dd9
0610
f993
f090
f018
fa25
03c0
07a3
0389
fd15
f99e
fb92
0289
08fc
09bf
02a7
f96b
f377
f345
fafc
0760
0dc1
094d
fd55
f4b2
f473
fc13
0358
050e
017f
fb9c
f8ba
fdbf
0786
0df3
0c0a
025e
f6ba
ee99
f185
fc36
0659
05a6
fd51
f316
eee5
f57f
0383
0e0b
0d78
0503
fceb
fa6e
ffc4
09c6
1059
0e80
0250
f450
ec8d
eea1
f75e
0114
02a5
fb47
f345
f268
fac5
0686
0d96
0c48
05ac
008c
00b9
05dd
0a80
0ac3
05ab
fbb7
f284
ef50
f453
fd22
02fb
00de
fb1b
f71b
f9e1
01ab
0b6b
1072
0e65
0706
ffe3
fcf4
008b
0664
092c
03fd
fa01
f0d3
edb1
f053
f707
fd97
0011
fea2
fd54
feb1
03c1
0ae1
1138
141f
0ff6
0550
f9e8
f467
f5db
fb49
ff45
ff47
fa4d
f351
efa9
f43e
fde7
0706
0b9b
0a88
0573
01c2
01fd
05e4
095d
0893
028f
fa57
f40f
f24a
f60f
fc67
fff6
fbcb
f304
edb1
f5c5
02a9
09a9
0aeb
06c2
02a4
03b2
0992
0ec5
10af
0bb5
01ac
f476
ec2e
eb49
f157
fb38
00e1
fea8
f79c
f3c4
f80a
014b
0b2d
0f17
0ac9
0169
fd93
018e
0a3c
120c
13cf
0d57
ff5b
f243
f06a
f92a
0195
01ed
faaf
f18f
ee74
f617
028d
0ba7
0c52
078f
005a
fe96
01f9
0a15
0ede
0b63
0044
f5d4
f65c
fea8
08f9
0add
04ca
f772
f033
f166
fa7a
05a8
0876
00d2
f722
f353
f7a5
0375
10ec
1304
0a61
ff75
fa3b
fd02
04b4
0945
0342
f605
e9ea
e6c2
ec15
f6b1
00ee
02fe
fd55
f81b
f873
ff41
0aa7
1280
1447
12cf
10d7
0fb8
10ac
110b
0e5b
0663
fc36
f409
f1bf
f50b
faf9
fed0
feb2
fe00
ff48
0121
0232
0280
0174
006e
0154
0401
03e3
ffe7
faea
f846
f749
f6a1
f50d
f3ea
f519
f90c
fed6
044d
0809
0a09
0918
060c
039f
03bb
0817
0dcb
0e56
06e5
fd34
f6b4
f725
fb96
fea3
fc89
f82c
f6d3
f999
fee4
0524
0855
0750
0260
fdac
fe55
0400
0a70
0b25
03f5
f818
efb7
efde
f6c3
0003
03ae
00c1
fa3c
f80d
fc81
05c8
0d0c
0d33
06ae
ff1a
fbc7
ff0b
04a1
0738
046b
fb67
f1d7
ee51
f310
fa6a
017a
044d
01d0
fceb
fead
069d
0f19
1053
0977
fefc
f670
f63a
fc95
02a4
033e
fd72
f598
f24d
f724
ffb4
067d
07a4
037c
fe3a
fe5a
04c4
0d21
10ce
0c3a
014c
f5c3
f184
f57c
fd49
036d
02d3
fbec
f593
f632
fd56
055c
08f7
070f
028d
ff7e
0063
03b7
07f7
0933
0511
fde8
f7e1
f59c
f6ed
faf2
fd9e
fd12
fb66
f9f9
f973
fb08
ffcc
0583
08d3
09c7
091c
06f3
05f5
04d6
0262
0001
fdc6
fa7f
f65a
f403
f5f1
fbd1
0173
02ef
ff3c
f949
f52b
f7e5
00f3
0be8
10cd
0d5d
04b9
fc78
f9d7
fdd1
041b
0620
0193
fac2
f707
fb4e
0477
0ba8
0948
ff44
f4a5
f00b
f3b8
fc8d
062f
0b45
082f
fec8
f881
fa59
03c0
0c72
0df5
04ef
f9d2
f497
fa0b
0456
0b59
0790
fc48
f1d0
ed71
f16b
fa99
035f
03fc
ff6f
fb2f
fed9
09d0
13c9
1784
12c6
063e
fa4b
f944
0003
0655
048f
fdc0
f4ef
ef83
f271
fa9c
026e
0230
fba3
f322
f1d0
f9c3
0668
10cf
1289
0c12
0462
00c9
0123
03ee
066d
038f
fbc2
f493
f472
f9af
000a
04be
0401
fe2f
f787
f40e
f62b
faf5
00da
03d9
0548
0536
059b
066b
06fb
0609
0316
00d8
0097
00f5
00a5
0054
0005
ffbb
0157
018e
fe94
f9f5
f70f
f71f
f9f4
fe0c
01f1
0308
02b5
0391
0582
0867
0ada
0a50
05ba
fec0
f97f
f9c5
fdf8
0337
0449
fee7
f623
f0ba
f260
fa99
03b9
0729
03e8
00bb
017b
0722
0eb5
1199
0c40
009b
f5ab
f1fb
f676
fd75
0058
fe08
f82d
f42d
f5cb
fb60
01ff
0465
0180
fc3d
f9ec
ff70
099f
12de
1372
0960
faa4
f1fd
f450
fbdb
008d
ffef
f7db
f089
f1a6
fd24
0800
0a6e
0260
f83f
f3fe
fa60
0808
1496
15b4
0c13
fdab
f2bc
f065
f630
fe6c
03b1
0102
f976
f296
f40f
fd4e
088f
0b57
0617
fe7a
fc63
0209
09c4
0e34
0cec
03d0
f8a7
f0ea
f061
f55d
fe1e
0521
054a
0046
fccf
fea8
02ef
06d9
07cd
04b3
0065
fd97
fd8a
fe30
001a
00a4
fe00
f9b5
f720
f81b
fd04
02f6
0731
07cd
0461
0067
fe8a
fff6
03ca
0743
07ca
0449
fe5d
f8dd
f66d
f970
fef7
02ec
004b
fa10
f5a7
f6d8
fd3f
0715
0d94
0cfe
05c9
fed8
fd5f
0392
0a84
0cf3
0752
fb90
f0ad
efb2
f809
0299
08aa
0695
fe2c
f518
f32b
f943
042f
0a8a
0b2a
0667
01bc
010d
0560
0a82
0b3c
0411
f838
efd9
f001
f826
0007
0129
faaf
f386
f373
fc84
08df
106d
0e3e
0580
fd20
fb9c
0094
07b6
0ba7
077c
fe57
f710
f585
f966
ffbd
0330
fed2
f5c3
eed6
ef20
f8ac
0599
104a
110d
0afb
0272
fe1e
005d
0774
0b5e
086e
0069
f8e0
f5c8
f833
fd35
ff7c
fb63
f52f
f0f5
f136
f648
ffb6
088f
0c36
0ae0
0768
03eb
0307
0537
07ba
0757
043e
fff4
fb4e
f8f8
fa1e
fca0
fc95
fa25
f6cb
f52f
f683
fd0d
05c6
0dc5
1115
0d67
05c8
fe74
fca2
0007
05b5
0859
0450
fb64
f46b
f47e
f9eb
0071
02cb
ffe8
f833
f278
f3c4
fcdc
07fb
0e67
0c79
0405
fab8
f728
fb98
03a3
0891
06aa
ffac
f920
f833
fdd2
06e8
0a35
043b
f83d
efbd
efc6
fa50
06de
0d6b
0924
ffd7
f9a0
fb7f
0263
08c5
097a
04d8
fdd8
f9da
fdcc
0690
0c12
095c
0186
f520
eed7
f0fb
faf4
0475
083a
0180
f8a5
f592
fa83
0451
0ade
092b
0249
fd03
fd27
03a0
0ad4
0c3d
046d
f936
f168
f20b
f813
ff39
00f2
fc48
f6c5
f5a4
f9e6
01d5
0935
0c15
0965
0555
03db
04d9
06df
074e
03ba
fdc1
f83a
f708
f8b1
fcf9
ffd4
ff63
fbdc
f9ee
facf
fe4b
037d
079f
0821
053a
0258
02b0
042c
042f
00ef
fabb
f5b5
f470
f7fc
fd6e
029d
0443
028d
fefd
fc4d
fbc6
fde8
0138
0309
0364
025e
01f4
0181
0108
008e
0157
0348
03bf
0051
fbd6
fa43
fb78
007d
07ad
0a6d
066d
feb8
f8c9
f5f2
f899
ff10
0526
06f2
0369
fd7c
fa82
ff62
07b8
0e0b
0d48
0726
feac
fa84
fd0b
033f
0537
00a4
f895
f281
f23b
f766
fdc2
000a
fe6c
fa75
f968
fee1
090b
0fc9
0f5c
097b
012c
fbd7
fe79
05fc
07d6
01d4
f722
efe1
ee95
f7e8
05e7
0dd5
0856
fb6b
f1f3
f101
fa97
08bd
133b
0ff6
04e5
f7de
f367
f99c
04a0
09ce
045b
fa1b
f32e
f496
fdc2
08ed
0cdd
0767
fe4c
f710
f58f
fab9
037a
0911
0687
fef0
fa5b
fc7c
0396
08e1
0750
009d
f910
f4b2
f5f4
fc72
03e3
06fd
04ad
ffdc
fc98
fc23
ff94
0411
05a5
0332
ff8c
fc23
faf0
fd18
0114
0247
fef3
fb3d
f928
fa8b
ff22
04b6
074a
05ba
02d5
00a6
fe94
fcff
fc3a
fc8f
fe3a
00c8
02d6
031c
0205
009e
0038
00c6
0145
00c0
fead
fc76
fcae
ff7c
0221
0209
fe23
f809
f3d0
f53b
fd26
04a9
068e
0320
fe8f
fe12
02ad
0827
0948
050b
ffaa
fbe1
faf4
fcbe
0105
03be
012d
fafb
f553
f41b
f854
0046
0677
0710
0266
fb73
fa12
0076
08f0
091a
0178
f7c3
f3ec
f831
03f0
0c53
0c4c
0463
fa54
f392
f520
fe6b
072c
07a8
005e
f705
f388
faa7
067d
0c62
0785
fb3a
efd9
ed2e
f544
022e
0bb8
0ccb
05e5
fb7e
f6e1
fa56
02c0
094d
07a7
fe5d
f6f5
f7ca
ff14
0730
0990
053d
fd44
f720
f6a5
fcbc
050b
0b6c
0acb
04de
fde8
f9f2
fa2a
fd0e
011a
011c
ffd4
fd62
fc6b
fe20
02e8
06ac
063d
0283
ff8f
fead
ffc4
034a
071d
07fa
0569
ffb5
f87e
f336
f308
f704
fc48
fed4
fc40
f8b3
f818
fb87
03e1
0cd6
1115
0d07
03d0
fc4f
fba1
0161
0a79
102c
0d81
0315
f6b6
f066
f278
f754
fc27
fbcb
f696
f1ff
f321
fc17
099d
10fc
0fdd
06d1
fb9e
f8c1
004b
0c59
0fc3
0af7
0120
fa5c
fbb0
0212
057b
0102
f7c8
ef63
ed08
f2ea
0055
0ce7
0e48
0521
f9e2
f207
f29a
fd8d
0a65
0e9b
0819
ff3d
f975
fbbe
0303
073b
0376
f851
ee1b
ec97
f5c5
03b2
0ba2
08b6
fe31
f6e3
f552
f92f
ff83
0576
085d
0712
0462
02fa
0550
0896
07a2
017f
f932
f2e0
f25b
f88b
0113
0689
0673
012a
fc2d
fb5d
ffbf
051c
0779
05b4
03dd
0344
03d9
0586
06eb
0582
0042
fa15
f5b8
f473
f61e
f9dd
fd90
011b
0504
06a5
0437
008d
fef9
0006
0381
0748
0817
04d9
0107
ff49
002d
0100
ff3d
fb1c
f4e4
f0a7
f368
fca1
06a1
0acb
059c
fb92
f4cb
f64b
ff7f
0aa3
0fc0
0c8d
0428
fc28
f9c6
ff3b
06df
08d1
005d
f36c
ecaf
f377
01b6
0c84
0c40
041d
f9db
f2ed
f456
fd85
08b4
0b69
0398
f9a6
f586
f97b
0264
0aab
0a99
02b2
f8b4
f490
f88a
03ff
0c1c
0bd6
03b6
f979
f514
fb4c
0645
0b5c
05c6
fb5b
f1ba
f0a6
f79c
0366
0bd8
0be4
0410
fb58
f990
ff98
07c2
0cab
095f
ffbd
f576
f268
f777
0178
070e
0491
fbd7
f508
f53e
fd46
0763
0ce2
0b63
071f
0425
04fa
0819
0ac4
092f
0268
f6fb
ec8c
e85f
ecb2
f51a
fd51
015a
0157
0009
000f
0292
0759
0b97
0cb4
0ad9
0645
0307
03a3
0699
07ea
03e6
fb02
f054
e94d
e86b
ee94
f8a4
024f
078b
05f8
01cd
0055
02b2
0753
0b6f
0b2d
06d4
014a
ffce
00ea
046d
0514
01c7
f9a1
efaf
e95e
eba7
f5ed
011e
0693
053c
000f
fdb5
01d2
0a9e
1289
145f
0cb5
015f
f933
f940
0102
083f
0605
fc3f
f0b3
ea19
ee97
fad9
067f
09b6
04ec
fdc6
f9a5
fd78
08a2
12d4
144c
0b09
fd02
f4f2
f7bb
021a
0bc1
0cef
0122
f108
e767
eba4
f7bf
035a
069f
01fa
f88f
f4f5
fbec
0a14
1488
13b0
0847
fd53
faa2
ffc7
071a
0b40
0748
fbd5
eeba
ea7b
f12b
fce6
057e
05e0
010c
fc7d
fd51
032d
0d91
1462
1022
0424
fb44
f818
fa5e
ff2b
03b1
02d1
fa67
f030
ee9a
f529
ff64
07c0
0918
03d0
fd7e
fb65
fe91
0555
0b82
0bf0
06f6
ff93
f9ea
f9cb
fee0
03ac
044d
ffc2
f900
f422
f4f0
f9c8
0104
0683
07b5
04d6
00bd
ff5f
01db
0560
0740
0648
016d
fa52
f656
f7e6
fe9d
04f3
05bb
fec8
f5cc
f171
f54f
fe44
06b8
082d
030a
fce0
fc31
032b
0c1c
0f1c
09f4
ffcd
f3c9
ede6
f2f2
ff94
0b6f
0eb0
0747
f899
f011
f291
fcd3
068a
0a70
03c4
f864
f2f7
fac8
09c5
1504
14e6
0a23
f83a
ecad
eef3
fb9d
079f
0b23
0415
f858
f293
f795
018b
0853
06ed
0065
f7c2
f4ea
fc98
0b66
13ec
1149
06c5
f7b3
ec54
ec47
f6d9
038a
0a53
065c
fd71
f7a9
f9ff
015f
083e
06ec
fdf8
f5a3
f5a6
fd7a
08a5
0f17
0bea
024f
f93b
f4ae
f5c4
fc19
0229
0406
00a4
fc33
faa7
fd1d
0203
054a
0471
ffc2
fa1f
f644
f7f4
fec8
0539
0618
01b8
fb0f
f778
f81f
fcb9
0263
065f
0628
0343
ff31
fca6
fe1e
034e
06cf
0622
018d
fbf5
f957
fd56
062b
0a80
06bb
ff3c
f83a
f466
f62c
ffa4
0b06
0dd9
0610
f993
f090
f018
fa25
03c0
07a3
0389
fd15
f99e
fb92
0289
08fc
09bf
02a7
f96b
f377
f345
fafc
0760
0dc1
094d
fd55
f4b2
f473
fc13
0358
050e
017f
fb9c
f8ba
fdbf
0786
0df3
0c0a
025e
f6ba
ee99
f185
fc36
0659
05a6
fd51
f316
eee5
f57f
0383
0e0b
0d78
0503
fceb
fa6e
ffc4
09c6
1059
0e80
0250
f450
ec8d
eea1
f75e
0114
02a5
fb47
f345
f268
fac5
0686
0d96
0c48
05ac
008c
00b9
05dd
0a80
0ac3
05ab
fbb7
f284
ef50
f453
fd22
02fb
00de
fb1b
f71b
f9e1
01ab
0b6b
1072
0e65
0706
ffe3
fcf4
008b
0664
092c
03fd
fa01
f0d3
edb1
f053
f707
fd97
0011
fea2
fd54
feb1
03c1
0ae1
1138
141f
0ff6
0550
f9e8
f467
f5db
fb49
ff45
ff47
fa4d
f351
efa9
f43e
fde7
0706
0b9b
0a88
0573
01c2
01fd
05e4
095d
0893
028f
fa57
f40f
f24a
f60f
fc67
fff6
fbcb
f304
edb1
f5c5
02a9
09a9
0aeb
06c2
02a4
03b2
0992
0ec5
10af
0bb5
01ac
f476
ec2e
eb49
f157
fb38
00e1
fea8
f79c
f3c4
f80a
014b
0b2d
0f17
0ac9
0169
fd93
018e
0a3c
120c
13cf
0d57
ff5b
f243
f06a
f92a
0195
01ed
faaf
f18f
ee74
f617
028d
0ba7
0c52
078f
005a
fe96
01f9
0a15
0ede
0b63
0044
f5d4
f65c
fea8
08f9
0add
04ca
f772
f033
f166
fa7a
05a8
0876
00d2
f722
f353
f7a5
0375
10ec
1304
0a61
ff75
fa3b
fd02
04b4
0945
0342
f605
e9ea
e6c2
ec15
f6b1
00ee
02fe
fd55
f81b
f873
ff41
0aa7
1280
1447
12cf
10d7
0fb8
10ac
110b
0e5b
0663
fc36
f409
f1bf
f50b
faf9
fed0
feb2
fe00
ff48
0121
0232
0280
0174
006e
0154
0401
03e3
ffe7
faea
f846
f749
f6a1
f50d
f3ea
f519
f90c
fed6
044d
0809
0a09
0918
060c
039f
03bb
0817
0dcb
0e56
06e5
fd34
f6b4
f725
fb96
fea3
fc89
f82c
f6d3
f999
fee4
0524
0855
0750
0260
fdac
fe55
0400
0a70
0b25
03f5
f818
efb7
efde
f6c3
0003
03ae
00c1
fa3c
f80d
fc81
05c8
0d0c
0d33
06ae
ff1a
fbc7
ff0b
04a1
0738
046b
fb67
f1d7
ee51
f310
fa6a
017a
044d
01d0
fceb
fead
069d
0f19
1053
0977
fefc
f670
f63a
fc95
02a4
033e
fd72
f598
f24d
f724
ffb4
067d
07a4
037c
fe3a
fe5a
04c4
0d21
10ce
0c3a
014c
f5c3
f184
f57c
fd49
036d
02d3
fbec
f593
f632
fd56
055c
08f7
070f
028d
ff7e
0063
03b7
07f7
0933
0511
fde8
f7e1
f59c
f6ed
faf2
fd9e
fd12
fb66
f9f9
f973
fb08
ffcc
0583
08d3
09c7
091c
06f3
05f5
04d6
0262
0001
fdc6
fa7f
f65a
f403
f5f1
fbd1
0173
02ef
ff3c
f949
f52b
f7e5
00f3
0be8
10cd
0d5d
04b9
fc78
f9d7
fdd1
041b
0620
0193
fac2
f707
fb4e
0477
0ba8
0948
ff44
f4a5
f00b
f3b8
fc8d
062f
0b45
082f
fec8
f881
fa59
03c0
0c72
0df5
04ef
f9d2
f497
fa0b
0456
0b59
0790
fc48
f1d0
ed71
f16b
fa99
035f
03fc
ff6f
fb2f
fed9
09d0
13c9
1784
12c6
063e
fa4b
f944
0003
0655
048f
fdc0
f4ef
ef83
f271
fa9c
026e
0230
fba3
f322
f1d0
f9c3
0668
10cf
1289
0c12
0462
00c9
0123
03ee
066d
038f
fbc2
f493
f472
f9af
000a
04be
0401
fe2f
f787
f40e
f62b
faf5
00da
03d9
0548
0536
059b
066b
06fb
0609
0316
00d8
0097
00f5
00a5
0054
0005
ffbb
0157
018e
fe94
f9f5
f70f
f71f
f9f4
fe0c
01f1
0308
02b5
0391
0582
0867
0ada
0a50
05ba
fec0
f97f
f9c5
fdf8
0337
0449
fee7
f623
f0ba
f260
fa99
03b9
0729
03e8
00bb
017b
0722
0eb5
1199
0c40
009b
f5ab
f1fb
f676
fd75
0058
fe08
f82d
f42d
f5cb
fb60
01ff
0465
0180
fc3d
f9ec
ff70
099f
12de
1372
0960
faa4
f1fd
f450
fbdb
008d
ffef
f7db
f089
f1a6
fd24
0800
0a6e
0260
f83f
f3fe
fa60
0808
1496
15b4
0c13
fdab
f2bc
f065
f630
fe6c
03b1
0102
f976
f296
f40f
fd4e
088f
0b57
0617
fe7a
fc63
0209
09c4
0e34
0cec
03d0
f8a7
f0ea
f061
f55d
fe1e
0521
054a
0046
fccf
fea8
02ef
06d9
07cd
04b3
0065
fd97
fd8a
fe30
001a
00a4
fe00
f9b5
f720
f81b
fd04
02f6
0731
07cd
0461
0067
fe8a
fff6
03ca
0743
07ca
0449
fe5d
f8dd
f66d
f970
fef7
02ec
004b
fa10
f5a7
f6d8
fd3f
0715
0d94
0cfe
05c9
fed8
fd5f
0392
0a84
0cf3
0752
fb90
f0ad
efb2
f809
0299
08aa
0695
fe2c
f518
f32b
f943
042f
0a8a
0b2a
0667
01bc
010d
0560
0a82
0b3c
0411
f838
efd9
f001
f826
0007
0129
faaf
f386
f373
fc84
08df
106d
0e3e
0580
fd20
fb9c
0094
07b6
0ba7
077c
fe57
f710
f585
f966
ffbd
0330
fed2
f5c3
eed6
ef20
f8ac
0599
104a
110d
0afb
0272
fe1e
005d
0774
0b5e
086e
0069
f8e0
f5c8
f833
fd35
ff7c
fb63
f52f
f0f5
f136
f648
ffb6
088f
0c36
0ae0
0768
03eb
0307
0537
07ba
0757
043e
fff4
fb4e
f8f8
fa1e
fca0
fc95
fa25
f6cb
f52f
f683
fd0d
05c6
0dc5
1115
0d67
05c8
fe74
fca2
0007
05b5
0859
0450
fb64
f46b
f47e
f9eb
0071
02cb
ffe8
f833
f278
f3c4
fcdc
07fb
0e67
0c79
0405
fab8
f728
fb98
03a3
0891
06aa
ffac
f920
f833
fdd2
06e8
0a35
043b
f83d
efbd
efc6
fa50
06de
0d6b
0924
ffd7
f9a0
fb7f
0263
08c5
097a
04d8
fdd8
f9da
fdcc
0690
0c12
095c
0186
f520
eed7
f0fb
faf4
0475
083a
0180
f8a5
f592
fa83
0451
0ade
092b
0249
fd03
fd27
03a0
0ad4
0c3d
046d
f936
f168
f20b
f813
ff39
00f2
fc48
f6c5
f5a4
f9e6
01d5
0935
0c15
0965
0555
03db
04d9
06df
074e
03ba
fdc1
f83a
f708
f8b1
fcf9
ffd4
ff63
fbdc
f9ee
facf
fe4b
037d
079f
0821
053a
0258
02b0
042c
042f
00ef
fabb
f5b5
f470
f7fc
fd6e
029d
0443
028d
fefd
fc4d
fbc6
fde8
0138
0309
0364
025e
01f4
0181
0108
008e
0157
0348
03bf
0051
fbd6
fa43
fb78
007d
07ad
0a6d
066d
feb8
f8c9
f5f2
f899
ff10
0526
06f2
0369
fd7c
fa82
ff62
07b8
0e0b
0d48
0726
feac
fa84
fd0b
033f
0537
00a4
f895
f281
f23b
f766
fdc2
000a
fe6c
fa75
f968
fee1
090b
0fc9
0f5c
097b
012c
fbd7
fe79
05fc
07d6
01d4
f722
efe1
ee95
f7e8
05e7
0dd5
0856
fb6b
f1f3
f101
fa97
08bd
133b
0ff6
04e5
f7de
f367
f99c
04a0
09ce
045b
fa1b
f32e
f496
fdc2
08ed
0cdd
0767
fe4c
f710
f58f
fab9
037a
0911
0687
fef0
fa5b
fc7c
0396
08e1
0750
009d
f910
f4b2
f5f4
fc72
03e3
06fd
04ad
ffdc
fc98
fc23
ff94
0411
05a5
0332
ff8c
fc23
faf0
fd18
0114
0247
fef3
fb3d
f928
fa8b
ff22
04b6
074a
05ba
02d5
00a6
fe94
fcff
fc3a
fc8f
fe3a
00c8
02d6
031c
0205
009e
0038
00c6
0145
00c0
fead
fc76
fcae
ff7c
0221
0209
fe23
f809
f3d0
f53b
fd26
04a9
068e
0320
fe8f
fe12
02ad
0827
0948
050b
ffaa
fbe1
faf4
fcbe
0105
03be
012d
fafb
f553
f41b
f854
0046
0677
0710
0266
fb73
fa12
0076
08f0
091a
0178
f7c3
f3ec
f831
03f0
0c53
0c4c
0463
fa54
f392
f520
fe6b
072c
07a8
005e
f705
f388
faa7
067d
0c62
0785
fb3a
efd9
ed2e
f544
022e
0bb8
0ccb
05e5
fb7e
f6e1
fa56
02c0
094d
07a7
fe5d
f6f5
f7ca
ff14
0730
0990
053d
fd44
f720
f6a5
fcbc
050b
0b6c
0acb
04de
fde8
f9f2
fa2a
fd0e
011a
011c
ffd4
fd62
fc6b
fe20
02e8
06ac
063d
0283
ff8f
fead
ffc4
034a
071d
07fa
0569
ffb5
f87e
f336
f308
f704
fc48
fed4
fc40
f8b3
f818
fb87
03e1
0cd6
1115
0d07
03d0
fc4f
fba1
0161
0a79
102c
0d81
0315
f6b6
f066
f278
f754
fc27
fbcb
f696
f1ff
f321
fc17
099d
10fc
0fdd
06d1
fb9e
f8c1
004b
0c59
0fc3
0af7
0120
fa5c
fbb0
0212
057b
0102
f7c8
ef63
ed08
f2ea
0055
0ce7
0e48
0521
f9e2
f207
f29a
fd8d
0a65
0e9b
0819
ff3d
f975
fbbe
0303
073b
0376
f851
ee1b
ec97
f5c5
03b2
0ba2
08b6
fe31
f6e3
f552
f92f
ff83
0576
085d
0712
0462
02fa
0550
0896
07a2
017f
f932
f2e0
f25b
f88b
0113
0689
0673
012a
fc2d
fb5d
ffbf
051c
0779
05b4
03dd
0344
03d9
0586
06eb
0582
0042
fa15
f5b8
f473
f61e
f9dd
fd90
011b
0504
06a5
0437
008d
fef9
0006
0381
0748
0817
04d9
0107
ff49
002d
0100
ff3d
fb1c
f4e4
f0a7
f368
fca1
06a1
0acb
059c
fb92
f4cb
f64b
ff7f
0aa3
0fc0
0c8d
0428
fc28
f9c6
ff3b
06df
08d1
005d
f36c
ecaf
f377
01b6
0c84
0c40
041d
f9db
f2ed
f456
fd85
08b4
0b69
0398
f9a6
f586
f97b
0264
0aab
0a99
02b2
f8b4
f490
f88a
03ff
0c1c
0bd6
03b6
f979
f514
fb4c
0645
0b5c
05c6
fb5b
f1ba
f0a6
f79c
0366
0bd8
0be4
0410
fb58
f990
ff98
07c2
0cab
095f
ffbd
f576
f268
f777
0178
070e
0491
fbd7
f508
f53e
fd46
0763
0ce2
0b63
071f
0425
04fa
0819
0ac4
092f
0268
f6fb
ec8c
e85f
ecb2
f51a
fd51
015a
0157
0009
000f
0292
0759
0b97
0cb4
0ad9
0645
0307
03a3
0699
07ea
03e6
fb02
f054
e94d
e86b
ee94
f8a4
024f
078b
05f8
01cd
0055
02b2
0753
0b6f
0b2d
06d4
014a
ffce
00ea
046d
0514
01c7
f9a1
efaf
e95e
eba7
f5ed
011e
0693
053c
000f
fdb5
01d2
0a9e
1289
145f
0cb5
015f
f933
f940
0102
083f
0605
fc3f
f0b3
ea19
ee97
fad9
067f
09b6
04ec
fdc6
f9a5
fd78
08a2
12d4
144c
0b09
fd02
f4f2
f7bb
021a
0bc1
0cef
0122
f108
e767
eba4
f7bf
035a
069f
01fa
f88f
f4f5
fbec
0a14
1488
13b0
0847
fd53
faa2
ffc7
071a
0b40
0748
fbd5
eeba
ea7b
f12b
fce6
057e
05e0
010c
fc7d
fd51
032d
0d91
1462
1022
0424
fb44
f818
fa5e
ff2b
03b1
02d1
fa67
f030
ee9a
f529
ff64
07c0
0918
03d0
fd7e
fb65
fe91
0555
0b82
0bf0
06f6
ff93
f9ea
f9cb
fee0
03ac
044d
ffc2
f900
f422
f4f0
f9c8
0104
0683
07b5
04d6
00bd
ff5f
01db
0560
0740
0648
016d
fa52
f656
f7e6
fe9d
04f3
05bb
fec8
f5cc
f171
f54f
fe44
06b8
082d
030a
fce0
fc31
032b
0c1c
0f1c
09f4
ffcd
f3c9
ede6
f2f2
ff94
0b6f
0eb0
0747
f899
f011
f291
fcd3
068a
0a70
03c4
f864
f2f7
fac8
09c5
1504
14e6
0a23
f83a
ecad
eef3
fb9d
079f
0b23
0415
f858
f293
f795
018b
0853
06ed
0065
f7c2
f4ea
fc98
0b66
13ec
1149
06c5
f7b3
ec54
ec47
f6d9
038a
0a53
065c
fd71
f7a9
f9ff
015f
083e
06ec
fdf8
f5a3
f5a6
fd7a
08a5
0f17
0bea
024f
f93b
f4ae
f5c4
fc19
0229
0406
00a4
fc33
faa7
fd1d
0203
054a
0471
ffc2
fa1f
f644
f7f4
fec8
0539
0618
01b8
fb0f
f778
f81f
fcb9
0263
065f
0628
0343
ff31
fca6
fe1e
034e
06cf
0622
018d
fbf5
f957
fd56
062b
0a80
06bb
ff3c
f83a
f466
f62c
ffa4
0b06
0dd9
0610
f993
f090
f018
fa25
03c0
07a3
0389
fd15
f99e
fb92
0289
08fc
09bf
02a7
f96b
f377
f345
fafc
0760
0dc1
094d
fd55
f4b2
f473
fc13
0358
050e
017f
fb9c
f8ba
fdbf
0786
0df3
0c0a
025e
f6ba
ee99
f185
fc36
0659
05a6
fd51
f316
eee5
f57f
0383
0e0b
0d78
0503
fceb
fa6e
ffc4
09c6
1059
0e80
0250
f450
ec8d
eea1
f75e
0114
02a5
fb47
f345
f268
fac5
0686
0d96
0c48
05ac
008c
00b9
05dd
0a80
0ac3
05ab
fbb7
f284
ef50
f453
fd22
02fb
00de
fb1b
f71b
f9e1
01ab
0b6b
1072
0e65
0706
ffe3
fcf4
008b
0664
092c
03fd
fa01
f0d3
edb1
f053
f707
fd97
0011
fea2
fd54
feb1
03c1
0ae1
1138
141f
0ff6
0550
f9e8
f467
f5db
fb49
ff45
ff47
fa4d
f351
efa9
f43e
fde7
0706
0b9b
0a88
0573
01c2
01fd
05e4
095d
0893
028f
fa57
f40f
f24a
f60f
fc67
fff6
fbcb
f304
edb1
f5c5
02a9
09a9
0aeb
06c2
02a4
03b2
0992
0ec5
10af
0bb5
01ac
f476
ec2e
eb49
f157
fb38
00e1
fea8
f79c
f3c4
f80a
014b
0b2d
0f17
0ac9
0169
fd93
018e
0a3c
120c
13cf
0d57
ff5b
f243
f06a
f92a
0195
01ed
faaf
f18f
ee74
f617
028d
0ba7
0c52
078f
005a
fe96
01f9
0a15
0ede
0b63
0044
f5d4
f65c
fea8
08f9
0add
04ca
f772
f033
f166
fa7a
05a8
0876
00d2
f722
f353
f7a5
0375
10ec
1304
0a61
ff75
fa3b
fd02
04b4
0945
0342
f605
e9ea
e6c2
ec15
f6b1
00ee
02fe
fd55
f81b
f873
ff41
0aa7
1280
1447
12cf
10d7
0fb8
10ac
110b
0e5b
0663
fc36
f409
f1bf
f50b
faf9
fed0
feb2
fe00
ff48
0121
0232
0280
0174
006e
0154
0401
03e3
ffe7
faea
f846
f749
f6a1
f50d
f3ea
f519
f90c
fed6
044d
0809
0a09
0918
060c
039f
03bb
0817
0dcb
0e56
06e5
fd34
f6b4
f725
fb96
fea3
fc89
f82c
f6d3
f999
fee4
0524
0855
0750
0260
fdac
fe55
0400
0a70
0b25
03f5
f818
efb7
efde
f6c3
0003
03ae
00c1
fa3c
f80d
fc81
05c8
0d0c
0d33
06ae
ff1a
fbc7
ff0b
04a1
0738
046b
fb67
f1d7
ee51
f310
fa6a
017a
044d
01d0
fceb
fead
069d
0f19
1053
0977
fefc
f670
f63a
fc95
02a4
033e
fd72
f598
f24d
f724
ffb4
067d
07a4
037c
fe3a
fe5a
04c4
0d21
10ce
0c3a
014c
f5c3
f184
f57c
fd49
036d
02d3
fbec
f593
f632
fd56
055c
08f7
070f
028d
ff7e
0063
03b7
07f7
0933
0511
fde8
f7e1
f59c
f6ed
faf2
fd9e
fd12
fb66
f9f9
f973
fb08
ffcc
0583
08d3
09c7
091c
06f3
05f5
04d6
0262
0001
fdc6
fa7f
f65a
f403
f5f1
fbd1
0173
02ef
ff3c
f949
f52b
f7e5
00f3
0be8
10cd
0d5d
04b9
fc78
f9d7
fdd1
041b
0620
0193
fac2
f707
fb4e
0477
0ba8
0948
ff44
f4a5
f00b
f3b8
fc8d
062f
0b45
082f
fec8
f881
fa59
03c0
0c72
0df5
04ef
f9d2
f497
fa0b
0456
0b59
0790
fc48
f1d0
ed71
f16b
fa99
035f
03fc
ff6f
fb2f
fed9
09d0
13c9
1784
12c6
063e
fa4b
f944
0003
0655
048f
fdc0
f4ef
ef83
f271
fa9c
026e
0230
fba3
f322
f1d0
f9c3
0668
10cf
1289
0c12
0462
00c9
0123
03ee
066d
038f
fbc2
f493
f472
f9af
000a
04be
0401
fe2f
f787
f40e
f62b
faf5
00da
03d9
0548
0536
059b
066b
06fb
0609
0316
00d8
0097
00f5
00a5
0054
0005
ffbb
0157
018e
fe94
f9f5
f70f
f71f
f9f4
fe0c
01f1
0308
02b5
0391
0582
0867
0ada
0a50
05ba
fec0
f97f
f9c5
fdf8
0337
0449
fee7
f623
f0ba
f260
fa99
03b9
0729
03e8
00bb
017b
0722
0eb5
1199
0c40
009b
f5ab
f1fb
f676
fd75
0058
fe08
f82d
f42d
f5cb
fb60
01ff
0465
0180
fc3d
f9ec
ff70
099f
12de
1372
0960
faa4
f1fd
f450
fbdb
008d
ffef
f7db
f089
f1a6
fd24
0800
0a6e
0260
f83f
f3fe
fa60
0808
1496
15b4
0c13
fdab
f2bc
f065
f630
fe6c
03b1
0102
f976
f296
f40f
fd4e
088f
0b57
0617
fe7a
fc63
0209
09c4
0e34
0cec
03d0
f8a7
f0ea
f061
f55d
fe1e
0521
054a
0046
fccf
fea8
02ef
06d9
07cd
04b3
0065
fd97
fd8a
fe30
001a
00a4
fe00
f9b5
f720
f81b
fd04
02f6
0731
07cd
0461
0067
fe8a
fff6
03ca
0743
07ca
0449
fe5d
f8dd
f66d
f970
fef7
02ec
004b
fa10
f5a7
f6d8
fd3f
0715
0d94
0cfe
05c9
fed8
fd5f
0392
0a84
0cf3
0752
fb90
f0ad
efb2
f809
0299
08aa
0695
fe2c
f518
f32b
f943
042f
0a8a
0b2a
0667
01bc
010d
0560
0a82
0b3c
0411
f838
efd9
f001
f826
0007
0129
faaf
f386
f373
fc84
08df
106d
0e3e
0580
fd20
fb9c
0094
07b6
0ba7
077c
fe57
f710
f585
f966
ffbd
0330
fed2
f5c3
eed6
ef20
f8ac
0599
104a
110d
0afb
0272
fe1e
005d
0774
0b5e
086e
0069
f8e0
f5c8
f833
fd35
ff7c
fb63
f52f
f0f5
f136
f648
ffb6
088f
0c36
0ae0
0768
03eb
0307
0537
07ba
0757
043e
fff4
fb4e
f8f8
fa1e
fca0
fc95
fa25
f6cb
f52f
f683
fd0d
05c6
0dc5
1115
0d67
05c8
fe74
fca2
0007
05b5
0859
0450
fb64
f46b
f47e
f9eb
0071
02cb
ffe8
f833
f278
f3c4
fcdc
07fb
0e67
0c79
0405
fab8
f728
fb98
03a3
0891
06aa
ffac
f920
f833
fdd2
06e8
0a35
043b
f83d
efbd
efc6
fa50
06de
0d6b
0924
ffd7
f9a0
fb7f
0263
08c5
097a
04d8
fdd8
f9da
fdcc
0690
0c12
095c
0186
f520
eed7
f0fb
faf4
0475
083a
0180
f8a5
f592
fa83
0451
0ade
092b
0249
fd03
fd27
03a0
0ad4
0c3d
046d
f936
f168
f20b
f813
ff39
00f2
fc48
f6c5
f5a4
f9e6
01d5
0935
0c15
0965
0555
03db
04d9
06df
074e
03ba
fdc1
f83a
f708
f8b1
fcf9
ffd4
ff63
fbdc
f9ee
facf
fe4b
037d
079f
0821
053a
0258
02b0
042c
042f
00ef
fabb
f5b5
f470
f7fc
fd6e
029d
0443
028d
fefd
fc4d
fbc6
fde8
0138
0309
0364
025e
01f4
0181
0108
008e
0157
0348
03bf
0051
fbd6
fa43
fb78
007d
07ad
0a6d
066d
feb8
f8c9
f5f2
f899
ff10
0526
06f2
0369
fd7c
fa82
ff62
07b8
0e0b
0d48
0726
feac
fa84
fd0b
033f
0537
00a4
f895
f281
f23b
f766
fdc2
000a
fe6c
fa75
f968
fee1
090b
0fc9
0f5c
097b
012c
fbd7
fe79
05fc
07d6
01d4
f722
efe1
ee95
f7e8
05e7
0dd5
0856
fb6b
f1f3
f101
fa97
08bd
133b
0ff6
04e5
f7de
f367
f99c
04a0
09ce
045b
fa1b
f32e
f496
fdc2
08ed
0cdd
0767
fe4c
f710
f58f
fab9
037a
0911
0687
fef0
fa5b
fc7c
0396
08e1
0750
009d
f910
f4b2
f5f4
fc72
03e3
06fd
04ad
ffdc
fc98
fc23
ff94
0411
05a5
0332
ff8c
fc23
faf0
fd18
0114
0247
fef3
fb3d
f928
fa8b
ff22
04b6
074a
05ba
02d5
00a6
fe94
fcff
fc3a
fc8f
fe3a
00c8
02d6
031c
0205
009e
0038
00c6
0145
00c0
fead
fc76
fcae
ff7c
0221
0209
fe23
f809
f3d0
f53b
fd26
04a9
068e
0320
fe8f
fe12
02ad
0827
0948
050b
ffaa
fbe1
faf4
fcbe
0105
03be
012d
fafb
f553
f41b
f854
0046
0677
0710
0266
fb73
fa12
0076
08f0
091a
0178
f7c3
f3ec
f831
03f0
0c53
0c4c
0463
fa54
f392
f520
fe6b
072c
07a8
005e
f705
f388
faa7
067d
0c62
0785
fb3a
efd9
ed2e
f544
022e
0bb8
0ccb
05e5
fb7e
f6e1
fa56
02c0
094d
07a7
fe5d
f6f5
f7ca
ff14
0730
0990
053d
fd44
f720
f6a5
fcbc
050b
0b6c
0acb
04de
fde8
f9f2
fa2a
fd0e
011a
011c
ffd4
fd62
fc6b
fe20
02e8
06ac
063d
0283
ff8f
fead
ffc4
034a
071d
07fa
0569
ffb5
f87e
f336
f308
f704
fc48
fed4
fc40
f8b3
f818
fb87
03e1
0cd6
1115
0d07
03d0
fc4f
fba1
0161
0a79
102c
0d81
0315
f6b6
f066
f278
f754
fc27
fbcb
f696
f1ff
f321
fc17
099d
10fc
0fdd
06d1
fb9e
f8c1
004b
0c59
0fc3
0af7
0120
fa5c
fbb0
0212
057b
0102
f7c8
ef63
ed08
f2ea
0055
0ce7
0e48
0521
f9e2
f207
f29a
fd8d
0a65
0e9b
0819
ff3d
f975
fbbe
0303
073b
0376
f851
ee1b
ec97
f5c5
03b2
0ba2
08b6
fe31
f6e3
f552
f92f
ff83
0576
085d
0712
0462
02fa
0550
0896
07a2
017f
f932
f2e0
f25b
f88b
0113
0689
0673
012a
fc2d
fb5d
ffbf
051c
0779
05b4
03dd
0344
03d9
0586
06eb
0582
0042
fa15
f5b8
f473
f61e
f9dd
fd90
011b
0504
06a5
0437
008d
fef9
0006
0381
0748
0817
04d9
0107
ff49
002d
0100
ff3d
fb1c
f4e4
f0a7
f368
fca1
06a1
0acb
059c
fb92
f4cb
f64b
ff7f
0aa3
0fc0
0c8d
0428
fc28
f9c6
ff3b
06df
08d1
005d
f36c
ecaf
f377
01b6
0c84
0c40
041d
f9db
f2ed
f456
fd85
08b4
0b69
0398
f9a6
f586
f97b
0264
0aab
0a99
02b2
f8b4
f490
f88a
03ff
0c1c
0bd6
03b6
f979
f514
fb4c
0645
0b5c
05c6
fb5b
f1ba
f0a6
f79c
0366
0bd8
0be4
0410
fb58
f990
ff98
07c2
0cab
095f
ffbd
f576
f268
f777
0178
070e
0491
fbd7
f508
f53e
fd46
0763
0ce2
0b63
071f
0425
04fa
0819
0ac4
092f
0268
f6fb
ec8c
e85f
ecb2
f51a
fd51
015a
0157
0009
000f
0292
0759
0b97
0cb4
0ad9
0645
0307
03a3
0699
07ea
03e6
fb02
f054
e94d
e86b
ee94
f8a4
024f
078b
05f8
01cd
0055
02b2
0753
0b6f
0b2d
06d4
014a
ffce
00ea
046d
0514
01c7
f9a1
efaf
e95e
eba7
f5ed
011e
0693
053c
000f
fdb5
01d2
0a9e
1289
145f
0cb5
015f
f933
f940
0102
083f
0605
fc3f
f0b3
ea19
ee97
fad9
067f
09b6
04ec
fdc6
f9a5
fd78
08a2
12d4
144c
0b09
fd02
f4f2
f7bb
021a
0bc1
0cef
0122
f108
e767
eba4
f7bf
035a
069f
01fa
f88f
f4f5
fbec
0a14
1488
13b0
0847
fd53
faa2
ffc7
071a
0b40
0748
fbd5
eeba
ea7b
f12b
fce6
057e
05e0
010c
fc7d
fd51
032d
0d91
1462
1022
0424
fb44
f818
fa5e
ff2b
03b1
02d1
fa67
f030
ee9a
f529
ff64
07c0
0918
03d0
fd7e
fb65
fe91
0555
0b82
0bf0
06f6
ff93
f9ea
f9cb
fee0
03ac
044d
ffc2
f900
f422
f4f0
f9c8
0104
0683
07b5
04d6
00bd
ff5f
01db
0560
0740
0648
016d
fa52
f656
f7e6
fe9d
04f3
05bb
fec8
f5cc
f171
f54f
fe44
06b8
082d
030a
fce0
fc31
032b
0c1c
0f1c
09f4
ffcd
f3c9
ede6
f2f2
ff94
0b6f
0eb0
0747
f899
f011
f291
fcd3
068a
0a70
03c4
f864
f2f7
fac8
09c5
1504
14e6
0a23
f83a
ecad
eef3
fb9d
079f
08e9
0344
f9e0
f542
f944
013c
06a9
058a
0051
f968
f722
fd47
091f
0ff0
0dd4
056b
f95c
f043
f039
f8ae
02d5
0843
0517
fdf4
f954
fb32
0119
0698
058a
fe60
f7b6
f7b8
fdfb
06ea
0c13
0988
01d9
fa96
f6f2
f7d0
fce1
01ba
0338
0083
fcf6
fbb9
fdb1
019c
043b
038e
ffce
fb4c
f836
f990
ff07
042e
04e0
0160
fc0c
f92d
f9b2
fd61
01e9
0519
04ed
029c
ff5a
fd52
fe7f
02a5
0573
04e8
013e
fcc4
faac
fddf
04ef
0867
0563
ff63
f9c8
f6b8
f823
ffb6
08d2
0b14
04da
fadc
f3a6
f346
fb51
0300
061c
02d4
fdaa
fae5
fc75
0207
0730
07cc
021f
fabc
f5f9
f5d1
fbfd
05e6
0b01
0771
fdde
f6f5
f6c2
fcdc
02ad
040b
0132
fc7d
fa2e
fe33
0605
0b29
09a2
01e5
f895
f214
f46b
fcf8
0514
0485
fddb
f5ab
f251
f799
02cf
0b3c
0ac7
0402
fd89
fb8b
ffd0
07d2
0d14
0b9a
01da
f6a7
f071
f21b
f918
00dd
021e
fc39
f5d1
f520
fbd1
0538
0ade
09d3
048a
0070
0094
04b1
0866
089c
0489
fc93
f537
f2a6
f6a9
fdb5
0263
00b2
fc16
f8e2
fb1a
0156
0922
0d28
0b84
059e
ffe9
fd90
006f
051d
0757
0331
fb34
f3dc
f15b
f376
f8d3
fe13
000e
fee8
fddd
fef4
0301
08b4
0dc7
1019
0cc5
0440
fb20
f6b9
f7e3
fc3a
ff6a
ff6c
fb71
f5da
f2ee
f698
fe53
059f
0949
086d
045c
0168
0197
04b7
077e
06dc
020c
fb79
f672
f508
f80c
fd1f
fff8
fca2
f59d
f15a
f7d1
0221
07ba
08bc
0568
021d
02f5
07a8
0bd1
0d59
095e
0157
f6c5
f025
ef6e
f446
fc2d
00b4
feed
f94a
f636
f9a2
0109
08f1
0c12
08a1
0121
fe0f
013e
0830
0e70
0fd9
0aac
ff7c
f502
f388
fa88
0144
018a
fbbf
f473
f1f7
f812
020b
0953
09db
060c
0048
fede
0194
0811
0be5
091c
0037
f7dd
f84a
feed
072e
08b1
03d5
f928
f35c
f452
fb95
0487
06c5
00a8
f8e8
f5dc
f951
02c4
0d8a
0f36
084e
ff91
fb62
fd9b
03c3
076a
029b
f804
ee55
ebce
f011
f88e
00be
0265
fdde
f9af
f9f6
ff67
0886
0ecd
1039
0f0c
0d79
0c93
0d57
0da3
0b7c
051c
fcf8
f66e
f499
f73c
fbfa
ff0d
fef5
fe67
ff6d
00e7
01c2
0200
012a
0058
0110
0334
031c
ffec
fbef
f9d2
f907
f881
f73e
f655
f747
fa70
ff12
0371
066e
0807
0746
04d6
02e6
02fc
0679
0b09
0b78
0584
fdc3
f890
f8eb
fc78
fee9
fd3b
f9bd
f8a9
fae1
ff1d
041d
06ab
05da
01e7
fe23
feaa
0333
085a
08eb
032b
f9ad
f2f9
f318
f89c
0002
02f2
009a
fb63
f9a4
fd34
04a0
0a70
0a8f
0558
ff48
fc9f
ff3c
03b4
05c6
0389
fc52
f4ac
f1db
f5a7
fb88
012f
0371
0173
fd89
fef1
054b
0c14
0d0f
0792
ff30
f85a
f82e
fd44
021d
0298
fdf5
f7ad
f50b
f8ea
ffc3
0531
061d
02ca
fe95
feae
03d0
0a81
0d72
09c8
010a
f7cf
f46a
f797
fdd4
02be
0243
fcbd
f7a9
f828
fdde
044a
072c
05a6
020a
ff98
004f
02f9
065f
075c
040e
fe53
f981
f7b0
f8be
fbf5
fe18
fda8
fc52
fb2e
fac2
fc07
ffd6
0469
070f
07d2
074a
058f
04c4
03de
01e8
0001
fe38
fb99
f848
f669
f7f4
fca7
0129
0259
ff63
faa1
f756
f984
00c2
0986
0d71
0ab1
03c7
fd2d
fb13
fe41
0349
04e7
0143
fbce
f8d2
fc3f
0392
0953
076d
ff6a
f6eb
f33c
f62d
fd3e
04f3
0904
068c
ff07
fa01
fb7a
0300
09f5
0b2b
03f3
fb0e
f6df
fb3c
0378
0914
060d
fd06
f4a7
f127
f456
fbae
02b2
0330
ff8c
fc26
ff14
07da
0fd4
12d0
0f05
04fe
fb6f
fa9d
0003
0511
03a6
fe33
f726
f2cf
f527
fbb0
01f2
01c0
fc83
f5b5
f4a6
fb02
0520
0d72
0ed4
09a8
0382
00a1
00e9
0325
0524
02d9
fc9b
f6dc
f6c2
faf2
0008
03cb
0334
fe8c
f939
f672
f823
fbf7
00ae
0314
043a
042b
047c
0523
0596
04d4
0278
00ad
0079
00c4
0084
0043
0004
ffc9
0112
013e
fedd
fb2b
f8d9
f8e6
fb2a
fe70
018e
026d
022b
02da
0468
06b9
08af
0840
0495
ff00
facc
fb04
fe60
0293
036e
ff1f
f81c
f3c8
f51a
fbae
02fb
05ba
0320
0096
012f
05b5
0bc4
0e14
09cd
007c
f7bc
f4c9
f85e
fdf7
0046
fe6d
f9be
f68b
f7d6
fc4d
0199
0384
0133
fcfe
fb23
ff8d
07b3
0f18
0f8e
0780
fbb6
f4cb
f6a7
fcaf
0071
fff3
f97c
f3a1
f485
fdb7
0667
0858
01e6
f9cc
f665
fb80
066d
1078
115d
09a9
fe23
f563
f384
f827
febd
02f4
00cf
fac5
f545
f672
fdd8
06d9
0912
04df
fec8
fd1c
01a1
07d0
0b5d
0a57
030d
fa1f
f3ef
f381
f77e
fe7e
041a
043b
0038
fd72
feed
0259
057a
063e
03c3
0051
fe13
fe08
fe8d
0015
0083
fe66
faf7
f8e7
f9af
fd9d
025f
05c1
063e
0381
0053
fed5
fff8
0308
05cf
063b
036e
feb1
fa4a
f857
fac0
ff2c
0257
003c
fb40
f7b9
f8ad
fdcc
05aa
0add
0a65
04a1
ff13
fde6
02db
086a
0a5c
05db
fc73
f3be
f2f5
f9a1
0214
06ef
0544
fe8a
f746
f5bc
fa9c
0359
086e
08ef
051f
0163
00d7
044d
0868
08fd
0341
f9c6
f314
f334
f9b8
0006
00ee
fbbf
f605
f5f6
fd37
0719
0d24
0b65
0466
fdb3
fc7d
0076
062b
0953
05fd
feac
f8da
f79e
fab8
ffcb
028d
ff0f
f7cf
f245
f280
fa23
047b
0d08
0da4
08c9
01f5
fe7e
004a
05f7
0918
06be
0054
fa4d
f7d3
f9c2
fdc4
ff97
fc4f
f759
f3f7
f42b
f83a
ffc5
06d9
09c5
08b3
05ed
0323
026c
042c
062f
05df
0365
fff7
fc3f
fa60
fb4b
fd4d
fd44
fb51
f8a2
f759
f869
fda4
049f
0b04
0dab
0ab9
04a0
fec3
fd4e
0006
0491
06ae
0373
fc50
f6bc
f6cb
fb22
005a
023c
ffed
f9c3
f52d
f636
fd7d
0662
0b86
09fa
0337
fbc6
f8ed
fc7a
02e9
06da
0555
ffbd
fa80
f9c2
fe42
0587
082b
0362
f9cb
f2fe
f305
fb73
057e
0abc
0750
ffdf
fae7
fc66
01e9
0704
0795
03e0
fe47
fb15
fe3d
0540
09a8
077d
0138
f74d
f246
f3fc
fbf7
0391
0695
0133
fa1e
f7a8
fb9c
0374
08b2
0756
01d4
fd9c
fdb9
02e7
08aa
09cb
038b
fa92
f453
f4d6
f9a9
ff61
00c2
fd06
f89e
f7b6
fb1f
0177
075e
09aa
0784
0444
0316
03e1
057f
05d8
02fb
fe34
f9c8
f8d3
fa27
fd94
ffdd
ff82
fcb0
fb25
fbd9
fea3
02ca
0619
0681
042f
01e0
0226
0357
0359
00bf
fbc9
f7c4
f6c0
f996
fdf2
0217
0369
020a
ff31
fd0b
fc9e
fe53
00fa
026e
02b7
01e5
0190
0134
00d3
0072
0112
02a0
02ff
0041
fcab
fb69
fc60
0064
0624
0857
0524
fefa
fa3a
f7f5
fa14
ff40
041f
058f
02bb
fdfd
fb9b
ff82
062d
0b3c
0aa0
05b8
fef0
fb9d
fda2
0299
042c
0083
fa11
f534
f4fc
f91e
fe35
0008
febd
fb91
faba
ff1a
073c
0ca1
0c4a
0796
00f0
fcac
fec7
04ca
0645
0176
f8e8
f31a
f211
f987
04b9
0b11
06ab
fc56
f4c2
f401
fbac
06fe
0f62
0cc5
03eb
f97e
f5ec
fae3
03b3
07d8
037c
fb49
f5be
f6de
fe35
0724
0a4a
05ec
fea3
f8da
f7a6
fbc7
02c8
0741
0539
ff27
fb7c
fd30
02de
071b
05da
007e
fa73
f6f5
f7f7
fd28
031c
0597
03be
ffe3
fd47
fce9
ffaa
0341
0484
028e
ffa3
fce9
fbf3
fdad
00dd
01d2
ff29
fc31
fa87
fba2
ff4e
03c5
05d5
0495
0244
0085
fedd
fd99
fcfb
fd3f
fe95
00a0
0245
027d
019e
007f
002d
009f
0104
009a
fef1
fd2b
fd58
ff96
01b4
01a1
fe82
f9a1
f640
f763
fdb8
03ba
053e
0280
fed9
fe75
0224
0686
076d
0409
ffbb
fcb4
fbf7
fd65
00d1
02fe
00f1
fbfc
f776
f67c
f9dd
0038
052c
05a6
01eb
fc5c
fb42
005f
0727
0748
012d
f969
f656
f9c1
0327
09dc
09d7
0382
fb76
f60f
f74d
febc
05bd
0620
004b
f8d1
f607
fbb9
0531
09e8
0604
fc2e
f314
f0f2
f76a
01bf
0960
0a3c
04b7
fc65
f8b4
fb78
0233
0771
061f
feb1
f8c4
f96f
ff43
05c0
07a6
0431
fdd0
f8e7
f884
fd63
0409
0923
08a3
03e5
fe53
fb28
fb55
fda5
00e2
00e3
ffdd
fde8
fd23
fe80
0253
0556
04fe
0202
ffa6
fef1
ffd0
02a2
05b1
0662
0454
ffc4
f9fe
f5c5
f5a0
f8d0
fd06
ff10
fd00
fa29
f9ad
fc6c
031a
0a45
0daa
0a6c
030d
fd0c
fc81
011b
0861
0cf0
0ace
0277
f892
f385
f52d
f910
fcec
fca2
f878
f4cc
f5b4
fcdf
07b1
0d97
0cb1
0574
fc7e
fa34
003c
09e1
0c9c
08c6
00e6
fb7d
fc8d
01a8
0463
00cf
f96d
f2b6
f0d3
f588
0044
0a53
0b6d
041a
fb1b
f4d3
f548
fe0b
0851
0baf
067a
ff64
fac4
fc98
0269
05c9
02c5
f9db
f1af
f079
f7d1
02f5
094f
06f8
fe8e
f8b6
f775
fa8c
ff9c
045e
06b1
05a8
0382
0262
0440
06de
061b
0133
fa8f
f580
f516
fa09
00dc
053a
0529
00ef
fcf1
fc4a
ffcc
0416
05fb
0490
0317
029d
0314
046b
0589
0468
0035
fb44
f7c7
f6c3
f818
fb17
fe0d
00e3
0403
0551
035f
0071
ff2e
0005
02ce
05d3
0679
03e1
00d2
ff6e
0024
00cd
ff64
fc17
f71d
f3b9
f5ed
fd4e
054e
08a3
047d
fc75
f709
f83c
ff99
0883
0c9a
0a0a
0353
fced
fb05
ff63
057f
070e
004a
f5f0
f08c
f5f9
015f
0a03
09cd
034b
fb16
f58b
f6ab
fe04
06f6
0921
02e0
faeb
f79e
fac9
01ea
0889
087a
0228
fa2a
f6da
fa08
0332
09b0
0978
02f8
fac7
f743
fc3d
0504
0917
049f
fc49
f495
f3b8
f94a
02b8
097a
0983
0340
fc46
fada
ffad
0635
0a22
077f
ffca
f792
f520
f92c
012d
05a5
03a7
fcac
f73a
f765
fdd2
05e9
0a4f
091c
05b2
0351
03fb
067a
089d
0759
01ed
f8c9
f070
ed19
f08e
f748
fddb
0115
0113
0007
000c
020f
05e1
0946
0a2a
08ae
0504
026c
02e9
0547
0655
031e
fc02
f376
edd7
ed23
f210
fa1d
01d9
0609
04c6
0171
0044
0228
05dc
0926
08f1
0577
0108
ffd8
00bb
038a
0410
016c
fae7
f2f3
ede5
efb9
f7f1
00e5
0543
0430
000c
fe2a
0175
087f
0ed4
104c
0a2a
0119
fa8f
fa9a
00ce
0699
04d1
fcff
f3c2
ee7a
f213
fbe1
0532
07c5
03f0
fe38
faea
fdfa
06e8
0f10
103d
08d4
fd9b
f728
f963
01ae
0967
0a59
00e8
f406
ec52
efb6
f966
02ae
054c
0195
fa0c
f72b
fcbd
0810
106d
0fc0
069f
fddc
fbb5
ffd2
05af
0900
05d3
fcab
f22f
eec9
f422
fd85
0465
04b3
00d7
fd31
fddb
028b
0adb
104e
0ce8
0350
fc37
f9ad
fb7e
ff56
02f4
0241
fb86
f35a
f215
f754
ff83
0633
0746
030d
fdff
fc51
feda
0444
0935
098d
0592
ffa9
fb22
fb09
ff1a
02f0
0371
ffce
fa67
f682
f726
fb07
00d0
0536
062b
03de
0097
ff7f
017c
044d
05cd
0507
0124
fb75
f845
f985
fee4
03f6
0496
ff06
f7d7
f45b
f773
fe9d
0560
068b
026e
fd80
fcf4
0289
09b0
0c17
07f6
ffd7
f63b
f185
f58e
ffaa
0926
0bc0
05d2
fa14
f341
f541
fd76
053b
085a
0303
f9ea
f592
fbd3
07d1
10d0
10b8
081c
f9c8
f08a
f25c
fc7e
0619
08e9
0344
f9e0
f542
f944
013c
06a9
058a
0051
f968
f722
fd47
091f
0ff0
0dd4
056b
f95c
f043
f039
f8ae
02d5
0843
0517
fdf4
f954
fb32
0119
0698
058a
fe60
f7b6
f7b8
fdfb
06ea
0c13
0988
01d9
fa96
f6f2
f7d0
fce1
01ba
0338
0083
fcf6
fbb9
fdb1
019c
043b
038e
ffce
fb4c
f836
f990
ff07
042e
04e0
0160
fc0c
f92d
f9b2
fd61
01e9
0519
04ed
029c
ff5a
fd52
fe7f
02a5
0573
04e8
013e
fcc4
faac
fddf
04ef
0867
0563
ff63
f9c8
f6b8
f823
ffb6
08d2
0b14
04da
fadc
f3a6
f346
fb51
0300
061c
02d4
fdaa
fae5
fc75
0207
0730
07cc
021f
fabc
f5f9
f5d1
fbfd
05e6
0b01
0771
fdde
f6f5
f6c2
fcdc
02ad
040b
0132
fc7d
fa2e
fe33
0605
0b29
09a2
01e5
f895
f214
f46b
fcf8
0514
0485
fddb
f5ab
f251
f799
02cf
0b3c
0ac7
0402
fd89
fb8b
ffd0
07d2
0d14
0b9a
01da
f6a7
f071
f21b
f918
00dd
021e
fc39
f5d1
f520
fbd1
0538
0ade
09d3
048a
0070
0094
04b1
0866
089c
0489
fc93
f537
f2a6
f6a9
fdb5
0263
00b2
fc16
f8e2
fb1a
0156
0922
0d28
0b84
059e
ffe9
fd90
006f
051d
0757
0331
fb34
f3dc
f15b
f376
f8d3
fe13
000e
fee8
fddd
fef4
0301
08b4
0dc7
1019
0cc5
0440
fb20
f6b9
f7e3
fc3a
ff6a
ff6c
fb71
f5da
f2ee
f698
fe53
059f
0949
086d
045c
0168
0197
04b7
077e
06dc
020c
fb79
f672
f508
f80c
fd1f
fff8
fca2
f59d
f15a
f7d1
0221
07ba
08bc
0568
021d
02f5
07a8
0bd1
0d59
095e
0157
f6c5
f025
ef6e
f446
fc2d
00b4
feed
f94a
f636
f9a2
0109
08f1
0c12
08a1
0121
fe0f
013e
0830
0e70
0fd9
0aac
ff7c
f502
f388
fa88
0144
018a
fbbf
f473
f1f7
f812
020b
0953
09db
060c
0048
fede
0194
0811
0be5
091c
0037
f7dd
f84a
feed
072e
08b1
03d5
f928
f35c
f452
fb95
0487
06c5
00a8
f8e8
f5dc
f951
02c4
0d8a
0f36
084e
ff91
fb62
fd9b
03c3
076a
029b
f804
ee55
ebce
f011
f88e
00be
0265
fdde
f9af
f9f6
ff67
0886
0ecd
1039
0f0c
0d79
0c93
0d57
0da3
0b7c
051c
fcf8
f66e
f499
f73c
fbfa
ff0d
fef5
fe67
ff6d
00e7
01c2
0200
012a
0058
0110
0334
031c
ffec
fbef
f9d2
f907
f881
f73e
f655
f747
fa70
ff12
0371
066e
0807
0746
04d6
02e6
02fc
0679
0b09
0b78
0584
fdc3
f890
f8eb
fc78
fee9
fd3b
f9bd
f8a9
fae1
ff1d
041d
06ab
05da
01e7
fe23
feaa
0333
085a
08eb
032b
f9ad
f2f9
f318
f89c
0002
02f2
009a
fb63
f9a4
fd34
04a0
0a70
0a8f
0558
ff48
fc9f
ff3c
03b4
05c6
0389
fc52
f4ac
f1db
f5a7
fb88
012f
0371
0173
fd89
fef1
054b
0c14
0d0f
0792
ff30
f85a
f82e
fd44
021d
0298
fdf5
f7ad
f50b
f8ea
ffc3
0531
061d
02ca
fe95
feae
03d0
0a81
0d72
09c8
010a
f7cf
f46a
f797
fdd4
02be
0243
fcbd
f7a9
f828
fdde
044a
072c
05a6
020a
ff98
004f
02f9
065f
075c
040e
fe53
f981
f7b0
f8be
fbf5
fe18
fda8
fc52
fb2e
fac2
fc07
ffd6
0469
070f
07d2
074a
058f
04c4
03de
01e8
0001
fe38
fb99
f848
f669
f7f4
fca7
0129
0259
ff63
faa1
f756
f984
00c2
0986
0d71
0ab1
03c7
fd2d
fb13
fe41
0349
04e7
0143
fbce
f8d2
fc3f
0392
0953
076d
ff6a
f6eb
f33c
f62d
fd3e
04f3
0904
068c
ff07
fa01
fb7a
0300
09f5
0b2b
03f3
fb0e
f6df
fb3c
0378
0914
060d
fd06
f4a7
f127
f456
fbae
02b2
0330
ff8c
fc26
ff14
07da
0fd4
12d0
0f05
04fe
fb6f
fa9d
0003
0511
03a6
fe33
f726
f2cf
f527
fbb0
01f2
01c0
fc83
f5b5
f4a6
fb02
0520
0d72
0ed4
09a8
0382
00a1
00e9
0325
0524
02d9
fc9b
f6dc
f6c2
faf2
0008
03cb
0334
fe8c
f939
f672
f823
fbf7
00ae
0314
043a
042b
047c
0523
0596
04d4
0278
00ad
0079
00c4
0084
0043
0004
ffc9
0112
013e
fedd
fb2b
f8d9
f8e6
fb2a
fe70
018e
026d
022b
02da
0468
06b9
08af
0840
0495
ff00
facc
fb04
fe60
0293
036e
ff1f
f81c
f3c8
f51a
fbae
02fb
05ba
0320
0096
012f
05b5
0bc4
0e14
09cd
007c
f7bc
f4c9
f85e
fdf7
0046
fe6d
f9be
f68b
f7d6
fc4d
0199
0384
0133
fcfe
fb23
ff8d
07b3
0f18
0f8e
0780
fbb6
f4cb
f6a7
fcaf
0071
fff3
f97c
f3a1
f485
fdb7
0667
0858
01e6
f9cc
f665
fb80
066d
1078
115d
09a9
fe23
f563
f384
f827
febd
02f4
00cf
fac5
f545
f672
fdd8
06d9
0912
04df
fec8
fd1c
01a1
07d0
0b5d
0a57
030d
fa1f
f3ef
f381
f77e
fe7e
041a
043b
0038
fd72
feed
0259
057a
063e
03c3
0051
fe13
fe08
fe8d
0015
0083
fe66
faf7
f8e7
f9af
fd9d
025f
05c1
063e
0381
0053
fed5
fff8
0308
05cf
063b
036e
feb1
fa4a
f857
fac0
ff2c
0257
003c
fb40
f7b9
f8ad
fdcc
05aa
0add
0a65
04a1
ff13
fde6
02db
086a
0a5c
05db
fc73
f3be
f2f5
f9a1
0214
06ef
0544
fe8a
f746
f5bc
fa9c
0359
086e
08ef
051f
0163
00d7
044d
0868
08fd
0341
f9c6
f314
f334
f9b8
0006
00ee
fbbf
f605
f5f6
fd37
0719
0d24
0b65
0466
fdb3
fc7d
0076
062b
0953
05fd
feac
f8da
f79e
fab8
ffcb
028d
ff0f
f7cf
f245
f280
fa23
047b
0d08
0da4
08c9
01f5
fe7e
004a
05f7
0918
06be
0054
fa4d
f7d3
f9c2
fdc4
ff97
fc4f
f759
f3f7
f42b
f83a
ffc5
06d9
09c5
08b3
05ed
0323
026c
042c
062f
05df
0365
fff7
fc3f
fa60
fb4b
fd4d
fd44
fb51
f8a2
f759
f869
fda4
049f
0b04
0dab
0ab9
04a0
fec3
fd4e
0006
0491
06ae
0373
fc50
f6bc
f6cb
fb22
005a
023c
ffed
f9c3
f52d
f636
fd7d
0662
0b86
09fa
0337
fbc6
f8ed
fc7a
02e9
06da
0555
ffbd
fa80
f9c2
fe42
0587
082b
0362
f9cb
f2fe
f305
fb73
057e
0abc
0750
ffdf
fae7
fc66
01e9
0704
0795
03e0
fe47
fb15
fe3d
0540
09a8
077d
0138
f74d
f246
f3fc
fbf7
0391
0695
0133
fa1e
f7a8
fb9c
0374
08b2
0756
01d4
fd9c
fdb9
02e7
08aa
09cb
038b
fa92
f453
f4d6
f9a9
ff61
00c2
fd06
f89e
f7b6
fb1f
0177
075e
09aa
0784
0444
0316
03e1
057f
05d8
02fb
fe34
f9c8
f8d3
fa27
fd94
ffdd
ff82
fcb0
fb25
fbd9
fea3
02ca
0619
0681
042f
01e0
0226
0357
0359
00bf
fbc9
f7c4
f6c0
f996
fdf2
0217
0369
020a
ff31
fd0b
fc9e
fe53
00fa
026e
02b7
01e5
0190
0134
00d3
0072
0112
02a0
02ff
0041
fcab
fb69
fc60
0064
0624
0857
0524
fefa
fa3a
f7f5
fa14
ff40
041f
058f
02bb
fdfd
fb9b
ff82
062d
0b3c
0aa0
05b8
fef0
fb9d
fda2
0299
042c
0083
fa11
f534
f4fc
f91e
fe35
0008
febd
fb91
faba
ff1a
073c
0ca1
0c4a
0796
00f0
fcac
fec7
04ca
0645
0176
f8e8
f31a
f211
f987
04b9
0b11
06ab
fc56
f4c2
f401
fbac
06fe
0f62
0cc5
03eb
f97e
f5ec
fae3
03b3
07d8
037c
fb49
f5be
f6de
fe35
0724
0a4a
05ec
fea3
f8da
f7a6
fbc7
02c8
0741
0539
ff27
fb7c
fd30
02de
071b
05da
007e
fa73
f6f5
f7f7
fd28
031c
0597
03be
ffe3
fd47
fce9
ffaa
0341
0484
028e
ffa3
0000
0000
0000
0000
0000
0000
0000
0000
0000
0000
0000
0000
0000
0000
0000
0000
0000
0000
0000
0000
0000
0000
0000
0000
0000
0000
0000
0000
0000
0000
0000
0000
0000
0000
0000
0000
0000
0000
0000
0000
0000
0000
0000
0000
0000
0000
0000
0000
0000
0000
0000
0000
0000
0000
0000
0000
0000
0000
0000
0000
0000
0000
0000
0000
0000
0000
0000
0000
0000
0000
0000
0000
0000
0000
0000
0000
0000
0000
0000
0000
0000
0000
0000
0000
0000
0000
0000
0000
0000
0000
0000
0000
0000
0000
0000
0000
0000
0000
0000
0000
0000
0000
0000
0000
0000
0000
0000
0000
0000
0000
0000
0000
0000
0000
0000
0000
0000
0000
0000
0000
0000
0000
0000
0000
0000
0000
0000
0000
0000
0000
0000
0000
0000
0000
0000
0000
0000
0000
0000
0000
0000
0000
0000
0000
0000
0000
0000
0000
0000
0000
0000
0000
0000
0000
0000
0000
0000
0000
0000
0000
0000
0000
0000
0000
0000
0000
0000
0000
0000
0000
0000
0000
0000
0000
0000
0000
0000
0000
0000
0000
0000
0000
0000
0000
0000
0000
0000
0000
0000
0000
0000
0000
0000
0000
0000
0000
0000
0000
0000
0000
0000
0000
0000
0000
0000
0000
0000
0000
0000
0000
0000
0000
0000
0000
0000
0000
0000
0000
0000
0000
0000
0000
0000
0000
0000
0000
0000
0000
0000
0000
0000
0000
0000
0000
0000
0000
0000
0000
0000
0000
0000
0000
0000
0000
0000
0000
0000
0000
0000
0000
0000
0000
0000
0000
0000
0000
0000
0000
0000
0000
0000
0000
0000
0000
0000
0000
0000
0000
0000
0000
0000
0000
0099
ff8b
fd11
f955
f6ca
f871
fdfa
03fa
067a
035d
fd57
f947
fa2d
ffb2
0662
0973
0787
027e
fdb1
fc43
ff8a
041f
054a
0037
f874
f469
f87a
0107
0782
0759
0278
fc50
f828
f900
fe83
0538
06d9
0228
fc30
f9b6
fc16
016f
0667
065b
019e
fb9f
f923
fb86
0265
0744
071a
023a
fc15
f972
fd2d
03c3
06d1
0377
fd36
f770
f6ca
faf7
020a
071b
0722
0270
fd34
fc23
ffc1
04a7
0799
059f
ffd7
f9ad
f7d8
fae1
00e2
043b
02bd
fd81
f96b
f98b
fe5d
046e
07bb
06d5
0445
027d
02fc
04db
0676
0582
0172
fa96
f454
f1d2
f46a
f976
fe64
00d0
00ce
0005
0009
018b
0468
06f4
079f
0682
03c3
01d1
022f
03f5
04bf
0256
fd01
f698
f261
f1da
f58c
fb96
0162
0487
0394
0114
0033
019e
0465
06dc
06b4
0419
00c6
ffe2
008c
02a7
030c
0111
fc2d
f636
f26c
f3ca
f9f4
00ac
03f2
0324
0009
fe9f
0117
065f
0b1f
0c39
079f
00d2
fbeb
fbf3
009a
04f2
039d
fdbf
f6d1
f2db
f58e
fce8
03e5
05d3
02f4
feaa
fc2f
fe7b
052e
0b4c
0c2d
069f
fe34
f95e
fb0a
0142
070d
07c2
00ae
f704
f13d
f3c8
fb0c
0202
03f9
0130
fb89
f960
fd8e
060c
0c51
0bd0
04f7
fe65
fcc7
ffdd
0443
06c0
045e
fd80
f5a3
f316
f719
fe23
034b
0386
00a1
fde4
fe64
01e8
0824
0c3a
09ae
027c
fd29
fb42
fc9e
ff80
0237
01b0
fca4
f683
f590
f97f
ffa2
04a6
0574
024a
fe7f
fd3c
ff23
0333
06e8
0729
042d
ffbf
fc59
fc47
ff53
0234
0295
ffda
fbcd
f8e1
f95c
fc45
009c
03e8
04a0
02e6
0071
ff9f
011d
0339
045a
03c5
00db
fc98
fa34
fb24
ff2b
02f8
0370
ff44
f9e1
f744
f996
fef6
0408
04e8
01d2
fe20
fdb7
01e6
0744
0911
05f8
ffe1
f8ac
f524
f82a
ffbf
06dc
08d0
045d
fb8f
f671
f7f0
fe18
03ec
0643
0242
fb6f
f82d
fcde
05dd
0c9c
0c8a
0615
fb56
f467
f5c5
fd5e
0492
06ae
0273
fb68
f7f1
faf3
00ed
04ff
0427
003c
fb0e
f959
fdf5
06d7
0bf4
0a5f
0410
fb05
f432
f42b
fa82
0220
0632
03d1
fe77
faff
fc65
00d2
04f2
0427
fec8
f9c8
f9ca
fd7a
08a5
0f17
0bea
024f
f93b
f4ae
f5c4
fc19
0229
0406
00a4
fc33
faa7
fd1d
0203
054a
0471
ffc2
fa1f
f644
f7f4
fec8
0539
0618
01b8
fb0f
f778
f81f
fcb9
0263
065f
0628
0343
ff31
fca6
fe1e
034e
06cf
0622
018d
fbf5
f957
fd56
062b
0a80
06bb
ff3c
f83a
f466
f62c
ffa4
0b06
0dd9
0610
f993
f090
f018
fa25
03c0
07a3
0389
fd15
f99e
fb92
0289
08fc
09bf
02a7
f96b
f377
f345
fafc
0760
0dc1
094d
fd55
f4b2
f473
fc13
0358
050e
017f
fb9c
f8ba
fdbf
0786
0df3
0c0a
025e
f6ba
ee99
f185
fc36
0659
05a6
fd51
f316
eee5
f57f
0383
0e0b
0d78
0503
fceb
fa6e
ffc4
09c6
1059
0e80
0250
f450
ec8d
eea1
f75e
0114
02a5
fb47
f345
f268
fac5
0686
0d96
0c48
05ac
008c
00b9
05dd
0a80
0ac3
05ab
fbb7
f284
ef50
f453
fd22
02fb
00de
fb1b
f71b
f9e1
01ab
0b6b
1072
0e65
0706
ffe3
fcf4
008b
0664
092c
03fd
fa01
f0d3
edb1
f053
f707
fd97
0011
fea2
fd54
feb1
03c1
0ae1
1138
141f
0ff6
0550
f9e8
f467
f5db
fb49
ff45
ff47
fa4d
f351
efa9
f43e
fde7
0706
0b9b
0a88
0573
01c2
01fd
05e4
095d
0893
028f
fa57
f40f
f24a
f60f
fc67
fff6
fbcb
f304
edb1
f5c5
02a9
09a9
0aeb
06c2
02a4
03b2
0992
0ec5
10af
0bb5
01ac
f476
ec2e
eb49
f157
fb38
00e1
fea8
f79c
f3c4
f80a
014b
0b2d
0f17
0ac9
0169
fd93
018e
0a3c
120c
13cf
0d57
ff5b
f243
f06a
f92a
0195
01ed
faaf
f18f
ee74
f617
028d
0ba7
0c52
078f
005a
fe96
01f9
0a15
0ede
0b63
0044
f5d4
f65c
fea8
08f9
0add
04ca
f772
f033
f166
fa7a
05a8
0876
00d2
f722
f353
f7a5
0375
10ec
1304
0a61
ff75
fa3b
fd02
04b4
0945
0342
f605
e9ea
e6c2
ec15
f6b1
00ee
02fe
fd55
f81b
f873
ff41
0aa7
1280
1447
12cf
10d7
0fb8
10ac
110b
0e5b
0663
fc36
f409
f1bf
f50b
faf9
fed0
feb2
fe00
ff48
0121
0232
0280
0174
006e
0154
0401
03e3
ffe7
faea
f846
f749
f6a1
f50d
f3ea
f519
f90c
fed6
044d
0809
0a09
0918
060c
039f
03bb
0817
0dcb
0e56
06e5
fd34
f6b4
f725
fb96
fea3
fc89
f82c
f6d3
f999
fee4
0524
0855
0750
0260
fdac
fe55
0400
0a70
0b25
03f5
f818
efb7
efde
f6c3
0003
03ae
00c1
fa3c
f80d
fc81
05c8
0d0c
0d33
06ae
ff1a
fbc7
ff0b
04a1
0738
046b
fb67
f1d7
ee51
f310
fa6a
017a
044d
01d0
fceb
fead
069d
0f19
1053
0977
fefc
f670
f63a
fc95
02a4
033e
fd72
f598
f24d
f724
ffb4
067d
07a4
037c
fe3a
fe5a
04c4
0d21
10ce
0c3a
014c
f5c3
f184
f57c
fd49
036d
02d3
fbec
f593
f632
fd56
055c
08f7
070f
028d
ff7e
0063
03b7
07f7
0933
0511
fde8
f7e1
f59c
f6ed
faf2
fd9e
fd12
fb66
f9f9
f973
fb08
ffcc
0583
08d3
09c7
091c
06f3
05f5
04d6
0262
0001
fdc6
fa7f
f65a
f403
f5f1
fbd1
0173
02ef
ff3c
f949
f52b
f7e5
00f3
0be8
10cd
0d5d
04b9
fc78
f9d7
fdd1
041b
0620
0193
fac2
f707
fb4e
0477
0ba8
0948
ff44
f4a5
f00b
f3b8
fc8d
062f
0b45
082f
fec8
f881
fa59
03c0
0c72
0df5
04ef
f9d2
f497
fa0b
0456
0b59
0790
fc48
f1d0
ed71
f16b
fa99
035f
03fc
ff6f
fb2f
fed9
09d0
13c9
1784
12c6
063e
fa4b
f944
0003
0655
048f
fdc0
f4ef
ef83
f271
fa9c
026e
0230
fba3
f322
f1d0
f9c3
0668
10cf
1289
0c12
0462
00c9
0123
03ee
066d
038f
fbc2
f493
f472
f9af
000a
04be
0401
fe2f
f787
f40e
f62b
faf5
00da
03d9
0548
0536
059b
066b
06fb
0609
0316
00d8
0097
00f5
00a5
0054
0005
ffbb
0157
018e
fe94
f9f5
f70f
f71f
f9f4
fe0c
01f1
0308
02b5
0391
0582
0867
0ada
0a50
05ba
fec0
f97f
f9c5
fdf8
0337
0449
fee7
f623
f0ba
f260
fa99
03b9
0729
03e8
00bb
017b
0722
0eb5
1199
0c40
009b
f5ab
f1fb
f676
fd75
0058
fe08
f82d
f42d
f5cb
fb60
01ff
0465
0180
fc3d
f9ec
ff70
099f
12de
1372
0960
faa4
f1fd
f450
fbdb
008d
ffef
f7db
f089
f1a6
fd24
0800
0a6e
0260
f83f
f3fe
fa60
0808
1496
15b4
0c13
fdab
f2bc
f065
f630
fe6c
03b1
0102
f976
f296
f40f
fd4e
088f
0b57
0617
fe7a
fc63
0209
09c4
0e34
0cec
03d0
f8a7
f0ea
f061
f55d
fe1e
0521
054a
0046
fccf
fea8
02ef
06d9
07cd
04b3
0065
fd97
fd8a
fe30
001a
00a4
fe00
f9b5
f720
f81b
fd04
02f6
0731
07cd
0461
0067
fe8a
fff6
03ca
0743
07ca
0449
fe5d
f8dd
f66d
f970
fef7
02ec
004b
fa10
f5a7
f6d8
fd3f
0715
0d94
0cfe
05c9
fed8
fd5f
0392
0a84
0cf3
0752
fb90
f0ad
efb2
f809
0299
08aa
0695
fe2c
f518
f32b
f943
042f
0a8a
0b2a
0667
01bc
010d
0560
0a82
0b3c
0411
f838
efd9
f001
f826
0007
0129
faaf
f386
f373
fc84
08df
106d
0e3e
0580
fd20
fb9c
0094
07b6
0ba7
077c
fe57
f710
f585
f966
ffbd
0330
fed2
f5c3
eed6
ef20
f8ac
0599
104a
110d
0afb
0272
fe1e
005d
0774
0b5e
086e
0069
f8e0
f5c8
f833
fd35
ff7c
fb63
f52f
f0f5
f136
f648
ffb6
088f
0c36
0ae0
0768
03eb
0307
0537
07ba
0757
043e
fff4
fb4e
f8f8
fa1e
fca0
fc95
fa25
f6cb
f52f
f683
fd0d
05c6
0dc5
1115
0d67
05c8
fe74
fca2
0007
05b5
0859
0450
fb64
f46b
f47e
f9eb
0071
02cb
ffe8
f833
f278
f3c4
fcdc
07fb
0e67
0c79
0405
fab8
f728
fb98
03a3
0891
06aa
ffac
f920
f833
fdd2
06e8
0a35
043b
f83d
efbd
efc6
fa50
06de
0d6b
0924
ffd7
f9a0
fb7f
0263
08c5
097a
04d8
fdd8
f9da
fdcc
0690
0c12
095c
0186
f520
eed7
f0fb
faf4
0475
083a
0180
f8a5
f592
fa83
0451
0ade
092b
0249
fd03
fd27
03a0
0ad4
0c3d
046d
f936
f168
f20b
f813
ff39
00f2
fc48
f6c5
f5a4
f9e6
01d5
0935
0c15
0965
0555
03db
04d9
06df
074e
03ba
fdc1
f83a
f708
f8b1
fcf9
ffd4
ff63
fbdc
f9ee
facf
fe4b
037d
079f
0821
053a
0258
02b0
042c
042f
00ef
fabb
f5b5
f470
f7fc
fd6e
029d
0443
028d
fefd
fc4d
fbc6
fde8
0138
0309
0364
025e
01f4
0181
0108
008e
0157
0348
03bf
0051
fbd6
fa43
fb78
007d
07ad
0a6d
066d
feb8
f8c9
f5f2
f899
ff10
0526
06f2
0369
fd7c
fa82
ff62
07b8
0e0b
0d48
0726
feac
fa84
fd0b
033f
0537
00a4
f895
f281
f23b
f766
fdc2
000a
fe6c
fa75
f968
fee1
090b
0fc9
0f5c
097b
012c
fbd7
fe79
05fc
07d6
01d4
f722
efe1
ee95
f7e8
05e7
0dd5
0856
fb6b
f1f3
f101
fa97
08bd
133b
0ff6
04e5
f7de
f367
f99c
04a0
09ce
045b
fa1b
f32e
f496
fdc2
08ed
0cdd
0767
fe4c
f710
f58f
fab9
037a
0911
0687
fef0
fa5b
fc7c
0396
08e1
0750
009d
f910
f4b2
f5f4
fc72
03e3
06fd
04ad
ffdc
fc98
fc23
ff94
0411
05a5
0332
ff8c
fc23
faf0
fd18
0114
0247
fef3
fb3d
f928
fa8b
ff22
04b6
074a
05ba
02d5
00a6
fe94
fcff
fc3a
fc8f
fe3a
00c8
02d6
031c
0205
009e
0038
00c6
0145
00c0
fead
fc76
fcae
ff7c
0221
0209
fe23
f809
f3d0
f53b
fd26
04a9
068e
0320
fe8f
fe12
02ad
0827
0948
050b
ffaa
fbe1
faf4
fcbe
0105
03be
012d
fafb
f553
f41b
f854
0046
0677
0710
0266
fb73
fa12
0076
08f0
091a
0178
f7c3
f3ec
f831
03f0
0c53
0c4c
0463
fa54
f392
f520
fe6b
072c
07a8
005e
f705
f388
faa7
067d
0c62
0785
fb3a
efd9
ed2e
f544
022e
0bb8
0ccb
05e5
fb7e
f6e1
fa56
02c0
094d
07a7
fe5d
f6f5
f7ca
ff14
0730
0990
053d
fd44
f720
f6a5
fcbc
050b
0b6c
0acb
04de
fde8
f9f2
fa2a
fd0e
011a
011c
ffd4
fd62
fc6b
fe20
02e8
06ac
063d
0283
ff8f
fead
ffc4
034a
071d
07fa
0569
ffb5
f87e
f336
f308
f704
fc48
fed4
fc40
f8b3
f818
fb87
03e1
0cd6
1115
0d07
03d0
fc4f
fba1
0161
0a79
102c
0d81
0315
f6b6
f066
f278
f754
fc27
fbcb
f696
f1ff
f321
fc17
099d
10fc
0fdd
06d1
fb9e
f8c1
004b
0c59
0fc3
0af7
0120
fa5c
fbb0
0212
057b
0102
f7c8
ef63
ed08
f2ea
0055
0ce7
0e48
0521
f9e2
f207
f29a
fd8d
0a65
0e9b
0819
ff3d
f975
fbbe
0303
073b
0376
f851
ee1b
ec97
f5c5
03b2
0ba2
08b6
fe31
f6e3
f552
f92f
ff83
0576
085d
0712
0462
02fa
0550
0896
07a2
017f
f932
f2e0
f25b
f88b
0113
0689
0673
012a
fc2d
fb5d
ffbf
051c
0779
05b4
03dd
0344
03d9
0586
06eb
0582
0042
fa15
f5b8
f473
f61e
f9dd
fd90
011b
0504
06a5
0437
008d
fef9
0006
0381
0748
0817
04d9
0107
ff49
002d
0100
ff3d
fb1c
f4e4
f0a7
f368
fca1
06a1
0acb
059c
fb92
f4cb
f64b
ff7f
0aa3
0fc0
0c8d
0428
fc28
f9c6
ff3b
06df
08d1
005d
f36c
ecaf
f377
01b6
0c84
0c40
041d
f9db
f2ed
f456
fd85
08b4
0b69
0398
f9a6
f586
f97b
0264
0aab
0a99
02b2
f8b4
f490
f88a
03ff
0c1c
0bd6
03b6
f979
f514
fb4c
0645
0b5c
05c6
fb5b
f1ba
f0a6
f79c
0366
0bd8
0be4
0410
fb58
f990
ff98
07c2
0cab
095f
ffbd
f576
f268
f777
0178
070e
0491
fbd7
f508
f53e
fd46
0763
0ce2
0b63
071f
0425
04fa
0819
0ac4
092f
0268
f6fb
ec8c
e85f
ecb2
f51a
fd51
015a
0157
0009
000f
0292
0759
0b97
0cb4
0ad9
0645
0307
03a3
0699
07ea
03e6
fb02
f054
e94d
e86b
ee94
f8a4
024f
078b
05f8
01cd
0055
02b2
0753
0b6f
0b2d
06d4
014a
ffce
00ea
046d
0514
01c7
f9a1
efaf
e95e
eba7
f5ed
011e
0693
053c
000f
fdb5
01d2
0a9e
1289
145f
0cb5
015f
f933
f940
0102
083f
0605
fc3f
f0b3
ea19
ee97
fad9
067f
09b6
04ec
fdc6
f9a5
fd78
08a2
12d4
144c
0b09
fd02
f4f2
f7bb
021a
0bc1
0cef
0122
f108
e767
eba4
f7bf
035a
069f
01fa
f88f
f4f5
fbec
0a14
1488
13b0
0847
fd53
faa2
ffc7
071a
0b40
0748
fbd5
eeba
ea7b
f12b
fce6
057e
05e0
010c
fc7d
fd51
032d
0d91
1462
1022
0424
fb44
f818
fa5e
ff2b
03b1
02d1
fa67
f030
ee9a
f529
ff64
07c0
0918
03d0
fd7e
fb65
fe91
0555
0b82
0bf0
06f6
ff93
f9ea
f9cb
fee0
03ac
044d
ffc2
f900
f422
f4f0
f9c8
0104
0683
07b5
04d6
00bd
ff5f
01db
0560
0740
0648
016d
fa52
f656
f7e6
fe9d
04f3
05bb
fec8
f5cc
f171
f54f
fe44
06b8
082d
030a
fce0
fc31
032b
0c1c
0f1c
09f4
ffcd
f3c9
ede6
f2f2
ff94
0b6f
0eb0
0747
f899
f011
f291
fcd3
068a
0a70
03c4
f864
f2f7
fac8
09c5
1504
14e6
0a23
f83a
ecad
eef3
fb9d
079f
0b23
0415
f858
f293
f795
018b
0853
06ed
0065
f7c2
f4ea
fc98
0b66
13ec
1149
06c5
f7b3
ec54
ec47
f6d9
038a
0a53
065c
fd71
f7a9
f9ff
015f
083e
06ec
fdf8
f5a3
f5a6
fd7a
08a5
0f17
0bea
024f
f93b
f4ae
f5c4
fc19
0229
0406
00a4
fc33
faa7
fd1d
0203
054a
0471
ffc2
fa1f
f644
f7f4
fec8
0539
0618
01b8
fb0f
f778
f81f
fcb9
0263
065f
0628
0343
ff31
fca6
fe1e
034e
06cf
0622
018d
fbf5
f957
fd56
062b
0a80
06bb
ff3c
f83a
f466
f62c
ffa4
0b06
0dd9
0610
f993
f090
f018
fa25
03c0
07a3
0389
fd15
f99e
fb92
0289
08fc
09bf
02a7
f96b
f377
f345
fafc
0760
0dc1
094d
fd55
f4b2
f473
fc13
0358
050e
017f
fb9c
f8ba
fdbf
0786
0df3
0c0a
025e
f6ba
ee99
f185
fc36
0659
05a6
fd51
f316
eee5
f57f
0383
0e0b
0d78
0503
fceb
fa6e
ffc4
09c6
1059
0e80
0250
f450
ec8d
eea1
f75e
0114
02a5
fb47
f345
f268
fac5
0686
0d96
0c48
05ac
008c
00b9
05dd
0a80
0ac3
05ab
fbb7
f284
ef50
f453
fd22
02fb
00de
fb1b
f71b
f9e1
01ab
0b6b
1072
0e65
0706
ffe3
fcf4
008b
0664
092c
03fd
fa01
f0d3
edb1
f053
f707
fd97
0011
fea2
fd54
feb1
03c1
0ae1
1138
141f
0ff6
0550
f9e8
f467
f5db
fb49
ff45
ff47
fa4d
f351
efa9
f43e
fde7
0706
0b9b
0a88
0573
01c2
01fd
05e4
095d
0893
028f
fa57
f40f
f24a
f60f
fc67
fff6
fbcb
f304
edb1
f5c5
02a9
09a9
0aeb
06c2
02a4
03b2
0992
0ec5
10af
0bb5
01ac
f476
ec2e
eb49
f157
fb38
00e1
fea8
f79c
f3c4
f80a
014b
0b2d
0f17
0ac9
0169
fd93
018e
0a3c
120c
13cf
0d57
ff5b
f243
f06a
f92a
0195
01ed
faaf
f18f
ee74
f617
028d
0ba7
0c52
078f
005a
fe96
01f9
0a15
0ede
0b63
0044
f5d4
f65c
fea8
08f9
0add
04ca
f772
f033
f166
fa7a
05a8
0876
00d2
f722
f353
f7a5
0375
10ec
1304
0a61
ff75
fa3b
fd02
04b4
0945
0342
f605
e9ea
e6c2
ec15
f6b1
00ee
02fe
fd55
f81b
f873
