0000
0000
0000
0000
0000
0000
0000
0000
0000
0000
0000
0000
0000
0000
0000
0000
0000
0000
0000
0000
0000
0000
0000
0000
0000
0000
0000
0000
0000
0000
0000
0000
0000
0000
0000
0000
0000
0000
0000
0000
0000
0000
0000
0000
0000
0000
0000
0000
0000
0000
0000
0000
0000
0000
0000
0000
0000
0000
0000
0000
0000
0000
0000
0000
0000
0000
0000
0000
0000
0000
0000
0000
0000
0000
0000
0000
0000
0000
0000
0000
0000
0000
0000
0000
0000
0000
0000
0000
0000
0000
0000
0000
0000
0000
0000
0000
0000
0000
0000
0000
0000
0000
0000
0000
0000
0000
0000
0000
0000
0000
0000
0000
0000
0000
0000
0000
0000
0000
0000
0000
0000
0000
0000
0000
0000
0000
0000
0000
0000
0000
0000
0000
0000
0000
0000
0000
0000
0000
0000
0000
0000
0000
0000
0000
0000
0000
0000
0000
0000
0000
0000
0000
0000
0000
0000
0000
0000
0000
0000
0000
0000
0000
0000
0000
0000
0000
0000
0000
0000
0000
0000
0000
0000
0000
0000
0000
0000
0000
0000
0000
0000
0000
0000
0000
0000
0000
0000
0000
0000
0000
0000
0000
0000
0000
0000
0000
0000
0000
0000
0000
0000
0000
0000
0000
0000
0000
0000
0000
0000
0000
0000
0000
0000
0000
0000
0000
0000
0000
0000
0000
0000
0000
0000
0000
0000
0000
0000
0000
0000
0000
0000
0000
0000
0000
0000
0000
0000
0000
0000
0000
0000
0000
0000
0000
0000
0000
0000
0000
0000
0000
0000
0000
0000
0000
0000
0000
0000
0000
0000
0000
0000
0000
0000
0000
0000
0000
0000
0000
0000
0000
0000
0000
0000
0000
0000
0000
0000
0000
0000
0000
0000
0000
0000
0000
0000
0000
0000
0000
0000
0000
0000
0000
0000
0000
0000
0000
0000
0000
0000
0000
0000
0000
0000
0000
0000
0000
0000
0000
0000
0000
0000
0000
0000
0000
0000
0000
0000
0000
0000
0000
0000
0000
0000
0000
0000
0000
0000
0000
0000
0000
0000
0000
0000
0000
0000
0000
0000
0000
0000
0000
0000
0000
0000
0000
0000
0000
0000
0000
0000
0000
0000
0000
0000
0000
0000
0000
0000
0000
0000
0000
0000
0000
0000
0000
0000
0000
0000
0000
0000
0000
0000
0000
0000
0000
0000
0000
0000
0000
0000
0000
0000
0000
0000
0000
0000
0000
0000
0000
0000
0000
0000
0000
0000
0000
0000
0000
0000
0000
0000
0000
0000
0000
0000
0000
0000
0000
0000
0000
0000
0000
0000
0000
0000
0000
0000
0000
0000
0000
0000
0000
0000
0000
0000
0000
0000
0000
0000
0000
0000
0000
0000
0000
0000
0000
0000
0000
0000
0000
0000
0000
0000
0000
0000
0000
0000
0000
0000
0000
0000
0000
0000
0000
0000
0000
0000
0000
0000
0000
0000
0000
0000
0000
0000
0000
0000
0000
0000
0000
0000
0000
0000
0000
0000
0000
0000
0000
0000
0000
0000
0000
0000
0000
0000
0000
0000
0000
0000
0000
0000
0000
0000
0000
0000
0000
0000
0000
0000
0000
0000
0000
0000
0000
0000
0000
0000
0000
0000
0000
0000
0000
0000
0000
0000
0000
0000
0000
0000
0000
0000
0000
0000
0000
0000
0000
0000
0000
0000
0000
0000
0000
0000
0000
0000
0000
0000
0000
0000
0000
0000
0000
0000
0000
0000
0000
0000
0000
0000
0000
0000
0000
0000
0000
0000
0000
0000
0000
0000
0000
0000
0000
0000
0000
0000
0000
0000
0000
0000
0000
0000
0000
0000
0000
0000
0000
0000
0000
0000
0000
0000
0000
0000
0000
0000
0000
0000
0000
0000
0000
0000
0000
0000
0000
0000
0000
0000
0000
0000
0000
0000
0000
0000
0000
0000
0000
0000
0000
0000
0000
0000
0000
0000
0000
0000
0000
0000
0000
0000
0000
0000
0000
0000
0000
0000
0000
0000
0000
0000
0000
0000
0000
0000
0000
0000
0000
0000
0000
0000
0000
0000
0000
0000
0000
0000
0000
0000
0000
0000
0000
0000
0000
0000
0000
0000
0000
0000
0000
0000
0000
0000
0000
0000
0000
0000
0000
0000
0000
0000
0000
0000
0000
0000
0000
0000
0000
0000
0000
0000
0000
0000
0000
0000
0000
0000
0000
0000
0000
0000
0000
0000
0000
0000
0000
0000
0000
0000
0000
0000
0000
0000
0000
0000
0000
0000
0000
0000
0000
0000
0000
0000
0000
0000
0000
0000
0000
0000
0000
0000
0000
0000
0000
0000
0000
0000
0000
0000
0000
0000
0000
0000
0000
0000
0000
0000
0000
0000
0000
0000
0000
0000
0000
0000
0000
0000
0000
0000
0000
0000
0000
0000
0000
0000
0000
0000
0000
0000
0000
0000
0000
0000
0000
0000
0000
0000
0000
0000
0000
0000
0000
0000
0000
0000
0000
0000
0000
0000
0000
0000
0000
0000
0000
0000
0000
0000
0000
0000
0000
0000
0000
0000
0000
0000
0000
0000
0000
0000
0000
0000
0000
0000
0000
0000
0000
0000
0000
0000
0000
0000
0000
0000
0000
0000
0000
0000
0000
0000
0000
0180
0000
ff80
ff00
fe80
ff40
fec0
fe80
0080
0140
0140
00c0
0080
0080
0000
fe40
fe2a
fe64
fee7
feab
fefd
00d1
0142
01e2
02a8
024d
01a5
007a
009e
ff3a
fe73
ff45
ffd0
ff13
fe22
ff80
ff48
ff53
fe5e
fef8
0048
0104
0033
0030
012d
011a
0088
ffc0
ffc4
ffc7
00cb
007e
ff76
ff3f
fe4b
ff26
feb3
ff48
0053
000e
ffcd
ff10
ff1f
00ad
ff80
0000
0180
0100
0000
ff80
fc80
0180
0280
fd80
0000
0180
ff00
0100
0200
0000
00c0
0234
0150
01bb
019f
0005
0005
0045
ff80
0008
0088
01bf
00e3
ffd5
0097
000e
ff0d
fe9c
ff32
fe3f
fedb
ffed
006e
0067
0061
015b
ffc5
ff49
fed4
fce7
fd18
fec6
005a
0114
0183
002b
ffa8
fe6d
fdc6
feea
fe7b
ff53
ff9e
ffa4
00aa
00df
00d1
0084
fffb
ff7c
ff84
ff0b
001b
0099
000f
010e
017d
0165
01cf
0132
ff9f
fea5
fe3a
ff57
00e6
0256
031b
01bb
0164
0106
fea6
fdf7
fee3
0049
0196
0342
02b8
01a2
018f
fff2
ff72
fe7b
fd13
fdc2
fee6
fff7
00f8
00e8
00da
ffcc
ff4f
feda
fdec
fc0d
fb4d
fd18
ffdd
0137
0232
014b
00e8
0004
ffae
0020
004a
00ae
01c7
0140
00b7
0031
fff1
00f6
00e7
ffd8
fedb
fd6d
fc96
fd4d
ff78
0200
0160
004a
ff45
ff51
fe5c
fd76
ff1e
002c
00a8
0016
ff0d
fe1c
fdc9
fe8c
00cf
02e7
03c7
02f9
01a1
ffd1
ff1f
ff00
ffea
ffc6
ffc9
fecd
ff60
006a
ffe3
ffe5
0066
0260
013a
0026
ffa3
00a9
001f
ff9d
ff23
feb0
fdc5
fca9
fe5e
fdb8
fe9d
fe73
ff0c
ffdb
011d
024b
02e6
01f8
0098
ff8f
0016
00d4
048e
0545
04f1
02a1
ff77
0080
ff78
ff80
0088
fe7f
ff97
ff9e
01a4
0189
ff71
fd79
fa36
f954
f9b6
fdc4
ffa2
00e6
010d
002a
fe53
fea7
0200
0193
0120
01ab
019f
0187
00ef
00e0
00d2
0244
0320
056e
0497
03cd
0190
00f7
00e7
fed9
fceb
fd9c
fec2
ff56
ffe6
016d
00d0
fc36
fc04
fbf5
fd07
ff1f
fe1d
003a
0033
002a
0021
0116
fef4
00fc
006c
0165
014e
0239
0396
035c
00a6
011c
008a
ff81
ff89
fe90
ff27
0134
00a1
0097
018d
ff74
fe7d
fe95
fdab
fcd0
fb03
f953
f9be
fd22
fe4f
fe6a
ff84
008b
fc83
fcba
fdef
fd10
febf
00d3
0345
0611
04b0
0265
013e
01aa
010f
017e
01e6
00c8
01bb
029f
0175
ff5e
fe68
0081
fe79
fa91
f8e8
fa59
fdb3
00d8
01ca
03ae
0573
071b
04aa
005f
fe00
fe00
fe80
fe80
0180
0300
0200
0200
0180
ff80
fe00
ff00
ff00
0000
0080
0200
01e0
02c2
0315
0164
fe4d
fe68
fe82
fd99
fe40
fd5c
ff86
ff0d
fe9c
0032
02af
0204
0264
003d
ff39
0046
fdc1
fce5
fe96
fe2d
feca
005d
01d7
02ba
018e
0175
025d
00b7
012c
0099
000f
ff0e
021d
037b
0343
010f
ff7e
ff86
010e
007d
fef5
ff05
0015
0193
00fa
feea
fbfb
fbbc
fb80
fcc8
fe7b
fe93
feaa
fdbf
fce3
fd95
fdbc
0060
fe5a
fff4
0074
01ed
014e
0139
02a5
02fb
02cb
021e
01fc
03dc
041e
015c
0046
0042
003d
00b9
ff28
fbb6
fb9d
fba9
fbd6
0022
0228
02fc
01aa
0061
0128
00da
fe89
fc69
fa88
fbf0
fa93
015f
0332
034f
04cf
0190
0178
ffd6
ffce
05c9
09b5
0714
02e4
0060
fb00
f79f
f4b6
f9d6
fd55
03b1
0809
05db
0520
0148
0222
fcdd
f806
f0bb
f1df
f661
fae8
fc4e
ff89
0410
03cf
ff12
03a0
04e6
0618
0436
00f3
0263
053d
0369
04b2
0767
09f0
0951
043c
06f8
0508
0337
0184
fb6b
fbb4
fef9
ff09
ff19
00a7
021c
037a
01c2
01a6
fd0b
f8ba
f4af
ef63
f06d
f766
fc6f
ffa8
012d
029a
0270
fc49
fc84
f9bc
fba0
0066
01df
04c1
0775
027d
00d5
fc48
f983
f86b
fd64
ff0d
009c
0152
037d
0585
052c
065a
0534
04b7
059b
04c5
0315
00a8
ff1b
ffef
fe75
fb9f
fc19
fd6b
00fc
02cb
0227
023c
017d
ffe5
fb67
f730
f63d
fb59
01a3
0309
ffd8
015a
fe45
fe60
fffa
fffa
fe7a
0312
05e0
0402
00c2
03b5
07fa
077a
0582
03a9
036f
01b7
fb9c
fbe2
fda3
fc49
fb04
fcd4
fa06
fe26
ff03
0093
038a
0111
01c0
01a4
0189
0231
fe4d
fce8
fdd9
f97c
f9e4
fe05
fd65
ffce
fe51
ff2c
fff9
00ba
03ae
02b3
0047
fbc3
f786
fb0e
ffdd
021f
007c
ffb5
fef9
fcc9
00bd
0471
05a9
054f
0139
fee6
fcb7
fdac
ff51
fe9c
fd32
fc9e
ff14
02e3
04f5
0325
fff2
fcf3
fd24
fd51
007c
01f4
fed5
fd67
0210
04ef
0020
001e
031c
fe6a
f883
fbfb
00bb
022f
020b
01ea
04cc
05ff
059f
0245
0220
037e
fec6
fd5a
0084
037b
0643
05df
0401
ff41
fdcc
fdef
fe10
fcaf
f9e4
fec5
04d9
030b
ffda
fe5d
fcf7
fba7
fa6c
fc71
0172
0318
0249
0235
ff11
fce5
faf5
fd0c
fd98
feef
feb8
ff4e
ff20
fe3c
fd73
ffd0
00d3
fdc5
fae9
f63a
f6d6
f668
fe01
0321
05ee
098f
0cf6
0d27
0754
08df
0a51
03ab
0170
0159
fd43
ff6e
f977
ffe0
ffe2
f9e3
fc45
f880
f8f8
f968
fbd1
0414
ffd2
05d5
0277
0450
040b
01ca
ffad
fbb2
fbf6
f737
f8c3
fb37
fc83
00bb
02af
0184
016b
0354
041f
00dd
02cf
03a2
0167
fc51
fc8b
fdc2
fde6
0007
0607
03a6
ff6c
fc75
fdad
f9d2
fb35
f881
fcf9
0329
05f6
0a96
03ed
06ae
0243
011e
fe0c
fd2b
fb58
fca2
fdd8
00fa
06ea
047b
0133
fd20
ff4e
0359
0423
03e0
06a2
0037
fd34
f960
faca
fd1d
fe4b
fb66
f8af
f824
f4a2
f957
fbc2
ff05
0115
0203
02e3
05b4
0659
01f3
fed3
fee6
fef7
0308
04d7
048a
0941
06ac
0841
06bd
0651
00eb
ffdc
ffde
fde0
fa02
f561
fb0b
fe5a
fb81
f4f9
f531
f3bc
f6c0
fbdd
00c9
ff60
0012
02b8
071d
0703
04b2
0260
0020
0002
0202
fde1
ff03
fd12
ff41
014c
0237
0314
00e2
fdd4
fff6
01f7
03d7
059a
0240
021c
0400
0400
0600
0500
0000
ff00
ff00
fd00
0100
0300
0500
0700
0500
0700
0000
fb00
fb50
f99b
f901
fd70
fd99
fdbf
fbe3
fc24
fb62
f8ab
f920
f88e
fe05
0224
0502
06b1
05c6
0669
0582
03aa
026f
0048
00c3
ffb7
fe3b
fbd7
fe1a
feb8
024c
0327
ff75
00fd
fded
fe0e
fc2d
fc6a
ffa3
05a9
074e
04d9
028b
0462
021b
01f9
00d9
fecb
05de
0780
0808
0687
011f
000d
fe0c
f82b
fba8
f4ed
f49e
f354
f61f
f9bd
ff21
ff2e
003b
fc37
fc74
f6ac
fb41
f58d
fe34
f450
010b
f6fa
038a
0151
0b3b
0887
0fff
0cff
102f
0b2c
0957
0501
ffb0
0235
ff91
0358
0962
08cb
083e
0b7a
0702
0b91
05d8
02fa
fa0a
f7e9
f26a
f3ef
f97b
0163
0141
0256
00c6
fe09
fb87
fbcf
f9b4
fbab
fda6
fd13
fb60
f62d
f449
f784
fd0c
f33b
f907
f6f6
f786
ff8d
ff94
049a
0451
018b
fef2
0182
03ea
03ab
0230
070d
055b
0145
0131
fd5d
fec7
029a
04f1
04a1
ff57
05a1
0546
0631
034e
0599
07bf
0742
094e
0639
fe55
f46f
f7a8
faad
fb02
fb51
f69c
f9b2
fa16
fa75
f5cd
f3f0
f011
f46e
f8e2
f347
f5eb
f3b5
fc04
feed
0431
03fe
08ae
07cd
10bb
1394
0e22
0896
058d
0533
0620
05be
0422
079f
09a5
07cb
060e
046d
06a5
077b
0ac3
0156
fec0
f754
f69e
feb4
0009
0288
03a0
fbe6
f9a7
f78c
f6d3
f8a6
f41b
f119
f347
f552
efbd
f341
f68d
fae3
fb35
fa41
fd1d
fd4a
04f6
04a6
0a9b
0b31
0bbe
0b02
0551
fffc
fc3c
fef8
0188
02af
03c4
0607
05a6
040c
014b
0136
0262
087b
0bb3
0af8
0188
fc6f
fa28
f445
f001
f4c0
fcf4
faa4
fafa
fb4a
01d5
02f8
0688
089f
0595
053c
0128
0395
049c
01d2
01a6
feef
fdab
fc8e
fb9d
fade
fa53
fc7d
03a0
0533
0183
01c1
05ac
07ea
0745
02ae
fd83
fc6b
fca4
fb99
fd1f
facd
f760
f1aa
f50f
fe7e
fad6
f8a8
f41d
f39b
fbe1
fd63
014c
0777
0abf
0dd2
0435
03f2
0272
ffcb
04ce
0481
0438
0a34
0990
0a37
0ad3
07a6
086b
01a4
ff09
fb58
ff63
fcec
fbdd
fc1e
029c
feb2
fc47
f782
f6ca
f61d
f7fb
fc3b
02b7
078b
0712
0420
fc5e
fb58
f562
f74b
fa56
f970
fed9
fc6b
fde4
fcc5
0339
01c5
037d
fec5
01d8
04ba
0bee
0e2f
104c
07c7
074a
00d5
fdc8
faeb
f83c
f5b8
fc5c
f816
f294
ff6a
0573
021c
f5fa
f09a
fa90
fde7
f508
fbb7
fbfb
ff3b
0547
0df2
0a13
0672
030a
fcd9
030c
ffdb
fcdd
090f
0b7d
0ac5
0718
00a6
fd9c
fac2
f815
f593
ff3a
0246
0221
04fe
07ae
0733
03c0
0384
004b
0346
0612
fcb0
f3e5
eea6
fbbc
f900
f970
ffd9
f400
fd00
0000
fd00
0900
0300
fa00
0900
0900
0900
0c00
0300
0300
0600
0300
0300
0210
feef
007f
0137
fd63
ffcd
0090
0207
02a6
057b
00a3
0399
005f
fc99
fe4f
fdaa
0000
f700
fa00
f700
fb80
fa00
f880
fa00
f700
fb80
0480
fe80
0000
fe80
fd00
0600
05a0
0246
0221
037e
07c6
074a
0555
01ff
065f
08f9
0869
04e2
fe93
f72a
f4b7
f9eb
fbcb
fb4e
fe99
fbaf
fcb4
f928
f515
f803
fac3
ff96
fe1c
037a
0102
0031
032d
03ba
037e
0646
0762
03eb
fdac
f651
f86b
f8e4
ff55
00e0
03d2
0514
07c2
05c6
0269
0242
fd8a
f931
f853
f7c0
f8f7
f8d3
f169
ef6a
f10e
fc0f
04ff
0a38
11ca
10d5
10e8
0ef1
0900
0c00
0300
f700
f700
f400
fa00
fd00
0000
0000
0600
0900
0300
0300
0300
0300
05d0
0573
fc1b
fdd9
fdfb
029b
0871
0de9
0d0b
0339
f886
fa7d
fad5
fe27
fb44
fe8f
f726
eeb3
ee48
f3e3
fc25
03e2
0b24
0a71
03ca
fa8d
fde4
fc85
043d
0579
0521
0c4e
0b89
10d0
0fc3
08c6
0539
fee5
fbf6
f937
f3a3
0068
0961
05ca
056d
0816
0795
fe1b
fe47
f27e
eddd
f016
e9ab
f058
0317
0291
0afd
0c8a
0a98
0870
0327
0118
0221
0007
fdbb
fd65
fb68
f9af
fa03
f702
f478
f432
f60e
f49b
f71a
00b7
00f5
02e6
065f
07af
08ab
0791
064b
0327
001c
00bf
0152
01d0
03f7
009c
ff31
f363
f4f5
f6c6
fe03
0d9c
1202
1621
0bff
043e
007a
fcf2
0422
03e0
0022
f75f
f2a8
ee3d
f2d9
f3ab
fb6f
f838
fc72
fd03
f862
fb47
fe23
099f
0d15
0fea
1593
1173
0d0a
0dbe
0539
0411
065a
ff8b
fc12
f1d0
ef33
f740
f7cc
f4cf
f901
fcf0
f9a1
fd86
04ad
0462
0b1b
0a69
0d42
fe6d
f786
f48d
f1c4
f628
fdc5
0be8
0ea9
113e
1029
0126
fd93
04ba
046e
07a7
072c
0339
0145
0130
fd9d
ff82
fc09
fa88
f75f
f7e8
f329
f936
f7e2
f864
f8dd
f40f
f14e
f778
00c0
fef4
0284
05db
057d
0a64
127d
0f95
079b
01e1
fc82
fe79
fe91
fce8
0099
fd0f
f654
f592
fa6f
ff2a
fe5f
fdad
f997
f0b5
ec5a
ee21
fada
fc70
06c8
1203
1179
0eac
0a41
045c
fed6
fee8
07b9
08fd
06ac
0641
041c
005a
0214
01f2
fe53
faed
f7be
ff42
f84d
ffc8
018b
06b2
0106
0635
0092
0408
fcc7
fcfa
00aa
fedf
fb70
ff39
0105
0475
00ad
f7e1
f323
f771
f9b9
f85d
fa96
072c
0179
0321
02ee
09bf
0922
114f
13ba
0efe
0e0e
0d2d
0c5a
0814
f993
f2f9
e5c9
e76c
ec75
f12e
fc9b
0ad1
0a24
0601
0221
fe7f
fc80
0000
01c0
0000
0000
08c0
0540
0700
0700
0540
0380
0540
08c0
fe40
fe40
f900
f5f0
f311
f59f
f804
fa43
ffde
fc60
039a
ffe0
ffe2
fc64
f59d
ef43
f74e
f999
00ff
0711
069f
0835
fbb1
03f5
05b5
0159
fd43
036e
0b37
0483
0e3a
1156
1c40
147c
0f34
0dc6
0c00
0bf6
078c
f92b
efe5
f3b3
f1a6
f82c
f887
ed17
eaf4
ed9b
f4aa
fba2
064c
0800
0a00
0400
0400
0a00
0c00
0600
fa00
fc00
fe00
f600
fc00
0200
0600
0400
fa00
fa60
f6ba
074e
06d9
0e6b
1584
0c2b
ff68
f371
f039
f535
f9e1
f642
06dd
026f
0648
03e3
05a4
0b49
0c94
05ca
ff6d
0176
015e
ff48
fd53
fd7d
f3a5
f66a
f703
fb92
fbd8
f61a
eeb8
e9cc
f12f
f81c
009a
0490
fc47
fa82
fcd9
fd0b
053a
0ce6
1417
14d5
0f87
0c8e
0dc5
0ce8
0419
01d7
fdb9
f7dd
f05f
f159
fa43
f69e
f734
05c0
0964
08cd
0a40
0b9c
0ce2
0813
0191
ff77
f97f
fbe7
fa28
f485
f33c
f608
faa7
fafc
f14c
f437
f8f3
f763
fbec
fc2d
fe6a
f683
fb1a
0168
0d51
147b
0d33
045f
fc19
0057
fe51
fc6b
faa4
fef9
0309
0cd8
0c0a
0949
00b4
fea8
06bd
0c51
118b
1272
174a
15d5
0c77
09af
0314
fcc9
f6fc
f5d3
f50d
f4aa
f8a7
ec9e
ddf0
e13c
e949
f18a
f9ba
fd98
014a
00b6
0824
07a1
0f26
fe33
f64f
eeea
fffb
07fb
0f7b
0a83
0dda
08fc
106c
0f65
126e
0d47
0c72
07aa
072f
f6bc
ef50
e85b
f1d5
f6b7
f34b
f416
f0d4
f5c6
fa69
fec2
02d5
fea7
02bc
fe79
0285
023b
01e3
fd80
f977
f9e2
fa76
fb2c
fbfc
0cde
104a
12fc
0cea
0ad1
0c82
03b9
037d
0145
fd30
fd5d
f787
f40e
00cd
fec0
fed4
fee6
fcf7
f727
edb4
f0d8
f3ca
ea8d
ebe4
f525
fdd2
05f4
0b94
10da
13cc
168f
0d26
0653
0fed
0cee
0e1f
073d
fac9
f17f
e727
dd74
e89c
e7d2
f014
f112
f8c0
f6f4
f784
fa4b
05e6
0e88
0d9f
0cc5
fc38
fc74
07ec
0bed
142e
19ab
1a4f
1429
0e66
0480
ffb8
fd7c
fb63
f72d
f0f9
f1e9
fbca
00ad
fe7b
fa38
fd27
fb7b
078d
0be0
020e
f687
ec04
ebc9
f771
0723
0c9f
061c
fb50
f4db
ec8c
fb43
024e
0d69
0ed2
04e5
0916
0404
0a83
079a
0b9f
11a4
108a
0f81
10c8
0633
0094
ffca
fa8d
f80f
f177
f03d
f655
f596
f777
04bc
05c6
068f
04d7
fa13
f269
f342
face
f8e0
f4d2
f104
01b4
0cd8
108a
1401
1080
0af8
0388
fecf
fca1
f196
f27c
f7d4
05d7
0578
00a0
f316
ef64
ebee
f1ae
0493
0d48
fef4
fa84
ff5b
ff65
ff6e
0877
012f
011c
058a
09b1
06d6
0ae8
0eb8
04cc
fb7e
f086
f5fe
fd5e
0207
01e7
fb07
fb56
0020
049e
ffd4
ffd6
0458
0892
0389
fed0
f5e2
e483
ef39
f045
0340
078b
0712
fda0
0245
0b20
0a6d
0e46
11e1
1542
13ed
172e
03bb
f5fe
ff9e
fb23
fff1
fb71
0039
f734
eec1
efd5
f9d6
0338
0e44
0d60
0389
fc90
f846
f680
0018
0256
fff0
fb70
0278
090f
0f3e
030a
f799
f39e
fb24
fb72
f4fa
feaa
033f
030a
02d9
006a
fe24
0081
f2f8
ed08
e537
eb62
fa2c
0388
fecf
10e1
06d2
13e4
09a6
048b
f6c2
fbd5
f317
f3e5
f027
f5a4
e8c9
f7bd
f840
03fc
fcfc
03eb
fcec
f1dc
f2bf
fed2
05a4
0309
0097
f9cd
0570
0759
0262
fffc
fdbc
0260
0b3a
0cc6
1079
0d31
10dd
0d8f
0836
00f3
07a3
0de8
1189
0e30
044d
f447
e542
eb6d
f136
fd62
044c
ff86
fd4d
fb38
f704
f553
f5fd
01dd
fd3e
fb2a
06b7
088b
0801
0541
02ad
0281
0b58
0ce2
1093
0f8a
0591
fe77
f34f
f1d9
f2bb
eccf
fdc1
fde4
fe05
02a5
003a
06f6
0b06
0816
0794
029b
0030
002d
0029
06e6
11b6
079b
f9a0
f106
ed75
e59d
e2c3
e916
fc83
0ebb
04ce
0001
0000
0900
03f0
fab1
f205
fbe4
f700
fb80
fb80
0480
0000
1680
1200
fb80
0000
1680
1200
1200
1200
0000
0480
0000
f380
f448
f283
fada
052b
fad8
052a
fd56
f881
fb78
f440
fc7c
0434
f9f0
f2d1
f623
f6c0
f754
f2de
0030
fdad
0051
fdcb
006e
fde6
fe07
f6a6
efbb
f5bf
eee2
f9f4
f2d4
e9a6
ff0c
041b
0dd9
16fa
1089
0a80
09d8
0e3a
1755
10e0
05d2
fb74
00bc
00b0
05a5
0549
04f4
ffa4
faa9
04fe
0c2e
0b6b
fe34
ef50
eddb
eefd
fc8c
06c3
08d6
0d48
fff3
fff3
fd73
fb1b
f669
f201
f7e1
f5e2
0083
057a
11a1
1307
0f56
1360
0faa
0c2e
0b6b
00b4
fba8
00ed
f1de
f2bf
f892
f909
fe78
f490
eb47
f192
fc78
06b0
f745
01cf
edb1
e4d6
f088
f17f
0666
0100
fbf0
0131
f71d
f7aa
f32e
fdfb
121b
1ff9
22f8
1bc8
150b
0f00
fb00
fb00
fd80
f880
0780
fd80
0280
0f00
0780
fd80
f380
f380
f600
f600
fd80
fda8
f8cd
0840
02bc
0c90
10c7
0aba
050d
ffbc
ffc0
fac4
fb17
fb65
0aad
0f02
1311
09c5
00bf
fac2
f54e
fa85
ff94
0e54
0cb4
0ac8
08a3
03db
ff3f
f372
eb45
df40
e17f
e98c
f6cb
f47f
f031
e7a6
ea64
f022
fd82
0f1e
12a5
065e
0c26
072e
074c
0c2c
0b5b
0825
0ca1
06d7
0669
0601
05a1
07c6
04c9
01fb
fcdb
f08d
ea03
f2e2
fb33
02ff
054e
0ef9
0b89
0850
02cb
f89e
0093
0089
0a80
ffd8
ffda
025b
ffb5
f838
f8b4
f928
f995
042e
08f9
082f
0c2d
0d09
05ed
ff12
fb2a
01a6
002d
fc48
f63f
f364
f89b
0038
0ed8
1716
1416
0ba5
0add
09ca
f6fa
f21e
f07e
f472
f382
f804
08fd
0c1d
1129
0ddb
0551
0223
0196
f484
ed9d
ea37
ef35
f968
082c
06c2
0037
0191
0547
0396
0963
0986
045b
eecd
f0b8
f2fc
ea84
f93e
01c1
fead
f655
f9cd
f7be
0111
f3c5
e7ae
e299
e9c0
f6a6
fcba
07ee
126f
16c7
0fd9
145b
1b55
0e9e
0af3
1d83
1e6a
1f43
124f
0369
f832
f06d
e926
f2d3
f665
fc7e
0ff5
0ef5
fd84
05eb
0dcc
1aaf
10c3
04b5
fc2a
f6e6
fa37
fa93
f853
f3b1
f53b
f6ff
f36e
fb7a
fae7
fd44
f74f
f4be
faee
fb62
fbf4
079c
074b
0143
03ee
03af
00b4
0367
f570
f8d8
f68a
0221
077f
0186
09ad
0e92
1068
01a2
f687
f9df
0540
0a6b
0443
fe7f
fe96
f3ac
e971
f899
f64f
04a9
0f5d
0e67
1040
0f3b
1106
04f5
01e5
ff05
ff14
f6e2
f4b4
efe8
e5e9
e20a
f468
f7e1
fb22
066f
0608
10a6
125b
1135
0aa1
14f6
1927
0194
f67a
f191
f277
fe4e
fe69
0401
0941
0e2c
0249
0224
0202
f6e1
f773
02fb
f7cb
ed4d
e378
dfc0
d144
d9ae
f792
f819
e816
0514
04c2
0475
09ad
0392
0358
0e23
0500
01ef
074f
0159
0143
03ee
f8af
0424
0c20
05dd
0dbe
0fa2
0668
0601
02af
0a7c
0bf7
0a3b
fd48
ee79
e6a1
edd1
fd5e
fe45
ff2a
fa86
fe97
ffb1
fdfb
01ef
01cf
01b1
0715
03e3
00e4
f315
ee63
fffb
0afb
ff4b
0216
f434
f7b0
0334
10c0
0fb4
10f9
0edf
0c6f
0c81
0c2b
08b9
fa35
f508
fb83
f97a
fa84
fe67
f718
f603
f80f
ffb8
027c
07d4
0cd6
0c08
0e07
04e6
0757
11e1
0b42
100d
148c
0b02
04d1
fc43
eebe
ea51
f3eb
e9ac
e850
ec8a
f341
f6cc
f75f
fd69
efd2
e315
efe3
f0e4
f754
001e
02db
056c
0a94
072a
03f6
00f6
fb65
f62e
ee8b
faa2
fdb7
009b
0e50
052a
0796
09dc
143e
0ab9
fbf8
0238
0e14
1032
152e
19db
183d
10b9
faac
fe00
f220
f5fe
ff9d
08a3
1417
18d5
107e
fc28
fb33
ee73
e309
df3c
f4b1
f727
f9bb
fc56
fee4
0d50
0e6a
f0fe
ede0
0382
0900
fd00
f700
fd00
fd00
f700
f100
0000
0000
fd00
ee00
f700
fa00
0000
0300
0300
11e8
1351
0e08
08a3
fd4c
fbc0
066d
043b
0e08
07c8
feab
f32b
f1c7
fceb
0474
ff5f
0568
0211
07ef
076f
06f7
0087
097e
f6e5
f176
ec5f
f698
fa2e
008b
0082
fa79
06d0
122a
0a3b
1477
0b6b
0294
0033
fdf4
f5e9
eeae
e870
ec51
f38f
fabd
f5a1
e227
dcd2
e4e9
ff56
0621
064b
fa3f
fb21
fc1a
fd22
f82f
05c8
0058
0d3b
12e4
119a
03d6
02ce
01bf
06b1
141c
140e
0d60
09af
ffeb
05c2
020d
fe81
0738
0628
07f8
0969
0777
0267
0540
07ec
076c
fdf4
f514
f5c2
ed65
e58e
ea35
ee91
efa7
f6ac
0940
02ac
f980
eae8
0000
0900
0f00
0600
fa00
f100
f400
0000
0000
0900
1200
0f00
1200
0000
fd00
0000
02d0
055c
0795
0f6c
0d48
04db
f6cd
ece7
e737
f1a6
04e0
07bd
192f
19bf
0a77
04ce
0a80
03d8
0c9a
ffd0
f0d3
e5c4
ea67
fdc0
fae4
f835
f5b1
fc55
028f
0265
f33e
000a
fd09
0637
14d3
1684
211b
1908
0e77
0a8f
03e5
0fa6
02ac
f680
eb18
e966
e7d0
ec53
e48c
f242
051d
07cb
0a4d
06a8
fd3d
fd69
fa91
f7e7
ef68
fc71
fca9
ffdd
08df
0550
fbce
0204
10c5
1512
1b6f
1d89
1294
07b9
fa4c
e4e3
daa8
d53a
da77
da8a
e4c7
f838
feae
fec8
01e7
04c5
074d
0970
0e23
1218
183a
0e38
fb63
f5de
f701
fe57
1744
1be7
2028
1825
10a2
f797
f81d
e69b
0030
002d
062a
05c7
f96a
f3d3
fa94
06ea
127b
2352
19ff
0a71
ef86
e2cc
ddc6
da21
e3e3
ede8
f1dc
0202
0514
fbcb
f937
f101
f5c5
f48d
f244
f31f
05ec
0e8c
0da2
09c7
122a
0207
fee6
0af6
1347
1b12
1360
0f2a
0837
10b3
09a6
0f0c
1a1a
1878
10f0
09e1
f142
ec2d
e16a
ef53
f65c
fcf5
0325
02f2
02c2
0295
fc55
e794
e6e0
ecff
f355
f9a9
f3c8
f4a6
e9cf
f256
f7c0
fa15
0273
0735
0870
1852
10cc
06be
0352
fd1c
0949
05b3
0258
fc32
086e
04e7
f598
f03e
fa3a
0f96
179b
1621
0bbe
f901
ea70
f1c9
fbab
fef0
f601
f3a0
f766
03ee
03af
f773
fafc
f54b
eff6
eaf7
efed
fb14
05ad
066f
00f0
fec0
f0bc
e711
f3c7
0f12
192d
1bdc
1d80
1e1c
0ebc
ffdc
00ea
04de
ff6b
0652
0396
0fe7
0bf2
f5db
f076
fae1
f8cc
ee12
de91
e311
e22e
df48
ec93
02a4
053d
1081
0b8b
0987
f856
ee73
ebba
f8cc
0b46
0d3c
14a9
17f8
1a52
0fb1
05b5
fc59
ff92
0598
113e
222a
2007
1806
1084
007b
0072
0c6a
14a3
1657
0bf1
0531
fbb1
f2ea
eb18
ed68
f928
f560
f529
f24a
f905
ff8b
0baa
07aa
03ab
f0cd
df96
d373
d33c
e207
efe6
f9e6
0048
0943
0baf
10f3
15e4
1485
133c
1507
10b6
03a9
036d
0036
0031
fa2d
fa8a
09e1
0f42
114d
1c38
1174
0a5c
00b5
f1a9
e38d
e554
effe
f9fd
e55d
d507
d7b6
d439
d0f4
e5e4
e185
016c
0d54
067e
0615
11b3
0a98
0fee
14ef
139f
0c64
149d
1053
094c
0eb6
10cb
15bd
1d61
218a
1f71
1d79
15a0
0546
f8f0
f061
fd5a
f484
f53b
ece6
df16
f625
f6c2
0055
094f
0bb9
13fc
0fbb
ffbf
f6c2
ee55
ec6f
eda7
facc
fb47
f8de
f3d4
f57a
f758
f35c
f604
f2cf
f337
f0fd
fe5d
01f3
fc3e
f101
f2ed
0423
1422
347e
4530
3aab
1cf9
0c39
0222
fe99
fb53
f265
ea71
f5a7
f47b
edbc
f9fb
f3a6
f8ea
fddb
03fc
06bb
01cf
0031
fa2d
fd8a
fab1
f505
f134
e920
e48e
eac4
ef17
f925
0600
0900
1200
1200
0f00
0f00
1200
0900
fd00
f700
ee00
0300
0f00
0f00
0c00
0600
0780
0900
0600
fd00
fa00
fe80
fb80
fb80
f700
0000
0000
0180
0000
0180
0180
fb80
f2c8
f09b
eb91
f2d7
fca9
08dd
114f
1c39
1774
12fc
05cb
ff6e
f077
f46f
f527
04d4
fe86
f59c
ff41
024c
0526
f5d4
fc76
08ad
0e22
073f
06ca
fd5d
f487
f53e
ece9
ee19
f836
f5b3
fc56
0591
0537
fbe3
ff23
f031
e82d
f2aa
ff7f
0b86
0dce
0ff0
0ef1
0201
fbe0
f622
f83f
fbba
01fe
0add
05af
0553
097e
08e5
0cd6
0d89
0e2f
11cb
062e
014b
0136
0723
0caf
f3e3
e8a5
ea1a
eb78
f2c0
f994
f3fa
faba
fb0e
015c
fb45
ef90
0297
1a6d
1ec6
22d8
20aa
189f
f914
db82
e3c9
f18b
fe72
108a
1b81
13c8
068b
f422
fadf
0130
f81d
f29b
f370
0039
fa34
0090
fd87
fdae
f4d2
ec84
f0bb
eeae
e6c2
e555
efff
fd7e
0738
0a1b
127f
10c8
05a4
fb05
fd36
0b58
093c
06f7
079e
13fc
15f4
0b1c
0f97
0e9d
07b3
0d36
fa63
eebb
ddcf
cdf1
dd11
f73f
03ca
f78d
f214
fef2
ff02
ff11
111f
1b82
1b61
1a65
18a5
1c39
15b1
0ee2
0b07
fe0f
fdf6
00ed
f7ac
fb41
f8c0
f0a0
f57b
ff23
ea31
dc8d
e1c4
f2a7
f97c
ffe3
08e5
1156
0a41
069c
0931
119d
0783
fb09
e957
e575
e8a3
ec57
086b
107a
1782
115b
170a
0fa5
1437
11dc
1b16
1ce3
11a9
0694
01fb
fd9a
f692
f644
ed47
e86f
eaa0
ff58
03c9
01d4
f0ee
f38e
f667
f95e
0559
fe69
faf4
f45f
eb58
f9a2
fa06
00e5
0416
03d3
06d6
1d27
1813
0310
f5de
e97f
eae6
e5b6
e41a
0000
1040
16c0
1380
16c0
f640
f640
fcc0
f980
09c0
0d00
09c0
1040
09c0
09c0
0680
02d8
02aa
fbfe
f8fe
f96e
f016
ea93
ef28
f035
da70
e9c8
feaa
f4ff
f5af
fcd3
0385
104d
22c7
209a
1e90
2327
0d73
0c9b
0bd0
fe12
04b0
fde4
f785
f80b
f20a
f969
06d1
166b
1a97
1729
0cb6
0285
ff60
ffb2
fffe
0045
f6c3
e7a1
edb3
ed75
014d
171b
1750
0d00
0000
0000
0d00
0d00
0000
0d00
d900
e600
0000
0d00
0d00
1a00
0000
f300
e600
f300
f980
e600
ec80
ec80
0000
0d00
0000
ec80
0680
0d00
1a00
1380
0680
0000
0000
0680
1998
07be
0a81
0018
0696
ffad
ffb2
f2b6
fa0a
fa68
07c1
00c4
03f7
f9f6
f096
f4cb
027e
0c16
0814
fdd2
f0f4
eea5
0339
0645
0fa0
11e6
1a86
18dd
140f
0f8d
11d3
0d75
165c
14f5
1d65
0e8e
0724
0370
fcb9
f66d
00c6
03f9
03b8
f67c
ea13
e830
e32c
e4f8
00a9
009d
ed12
e7c0
d5c3
e565
fa8d
07e3
0765
0d6e
0c96
124c
0aa6
037c
f643
ec80
0d00
0d00
1a00
0d00
1380
0680
0680
0000
f300
ec80
ec80
e600
e600
0000
1a00
1860
069a
0cb0
18e5
1dd5
0ef7
0e07
1065
059e
f843
f23e
f65a
f3b4
fe39
fb14
01e2
01c3
01a6
018a
0170
0158
0141
0e2c
1a49
fea4
feb9
f1cc
ec2e
e6eb
e1fb
e3da
df1c
ec80
df80
0680
f980
0680
f300
1380
f300
1380
1380
0680
1a00
0d00
0000
f980
0000
0000
f640
f6dc
faae
fe42
0b5e
1128
1355
01df
0840
07bb
073e
0a09
0ca8
089d
0193
0000
0000
f300
f980
0680
0d00
0680
ec80
f980
f300
f980
ec80
f300
0680
0d00
0d00
08f0
01e1
fb42
f1cc
f92e
0d1b
05c8
056b
01d4
0836
1173
1a1b
1878
20b0
1825
0322
ef70
e039
ebf4
fa34
fdd1
fab3
fb07
fb55
f1de
f2c0
fa13
f732
f13d
eee9
ecba
f46d
fee5
0575
f19d
f902
0331
fc7d
fff4
f634
f390
f116
eec4
e2d6
ee69
f942
f9ad
0092
0708
1396
1f5d
09e7
1647
fae2
1533
005f
0d59
0602
05a1
0546
0b71
0aba
0a0e
096d
0889
146d
152e
11fa
1827
0cef
0541
0122
fd3b
0027
fc60
02b1
1246
098f
ed94
ddac
dcd3
dd21
e4ff
ed34
e87b
e4c8
e8a8
e005
df6a
dfde
daca
ddaf
01f6
1068
16ef
0f54
14df
1390
0bd6
1818
1695
152b
0a17
0ff5
0874
04ac
07a1
1765
1fae
2433
14ef
069e
0633
090e
053c
04e8
fad8
fe69
fe82
f818
eed6
e968
f491
eb87
e98e
f4b5
fbe9
f8ea
031a
1328
1535
13e1
08e3
0ed4
0aa6
fcfc
0a2b
1007
0546
04f1
0e62
06fb
f98b
e9b1
f195
e8ba
f3ee
fe6e
01c7
01a9
018e
07f4
0433
00af
f064
e79c
e5e2
e784
ec4c
ea47
ec4f
e512
e5a0
ea35
f8ed
0071
fa78
fb89
f2ea
f4fe
f0c7
00cb
02c7
0b0b
1c30
219f
27a4
3088
2a40
1f7c
1f24
19f1
1371
0bb9
047c
fc13
f431
f9ce
00b1
ff05
fd74
fd9d
f0d4
ebd0
ddfd
df16
e124
e406
e799
ebb4
f6ae
07c1
1104
15e9
0ccf
0a5d
047e
0558
0842
07bc
0dbf
1022
0be0
0b22
0daf
1014
1c11
1d8f
11f5
0d95
167b
11d3
03b5
f678
f710
f79f
fea4
f1b9
e59c
da41
c91c
d98a
e270
e449
e603
e121
d60e
f2ad
0d82
1329
1536
13e3
0f64
07ed
00ed
075d
0066
06df
fcb1
f9a5
e9ca
feac
0201
0ee1
0772
0a39
02c1
fee8
f815
056d
1502
15f4
1fe5
1b36
12b8
1da9
207c
11de
f9d9
f083
eebc
f0da
fecc
f85e
e558
da02
dc62
de9a
da2f
dc8c
f243
f31e
0deb
138b
0bd1
f113
f880
ff77
0fbf
1882
0d38
0c64
051d
04ca
fdfc
049b
0451
040b
fd4a
fd74
075d
0066
f69f
fa75
faf7
0558
18a7
167a
13ba
06c7
fdab
f532
f755
fcda
f1dd
fb7f
04aa
09db
0e68
feb9
fecc
f51e
ec0c
ea0b
e1aa
f08e
f185
f8ec
031c
0ca9
0f1e
14ac
1021
089e
f7d4
fb96
059c
0541
01ad
f491
eb87
f34e
0119
0447
0dc1
16a4
0eba
0dce
0671
f909
f2f7
ed47
e172
f05a
0194
fafa
f18a
e571
e719
fc27
0963
08cc
153e
1729
18f5
0a65
103e
127a
0ad2
0d64
094e
0bf8
0e79
0d90
0636
ff52
f8db
f60d
f36b
f0f3
f1e3
e5c3
ede7
f248
f9a3
e008
ef06
fd16
f043
fe3d
f7d9
f85b
05d5
f877
f26f
06c7
f2da
072c
06b8
ffcc
2080
1380
0d00
0680
0680
0d00
0d00
0d00
1380
0000
0000
0d00
0d00
0680
0000
0000
f980
dfe8
e869
f062
f7db
055d
1207
10e5
1656
0170
e758
dbe1
f1a2
0607
0c26
11e3
1403
1601
17e1
0fe1
0ee2
0433
fa2f
f0cc
eb3e
f649
00a4
0a58
0673
ff8b
0611
ff30
05bd
fee0
0572
051a
f7c7
fec9
021b
f839
e534
f0a0
fe95
fb6a
f873
fc2c
f2a8
f9fd
00dd
0dce
0671
0609
08e7
0858
fe12
fe30
ee0c
e56a
e712
e560
ed8a
fbb0
fbf4
ef34
f380
0148
07b3
0737
13c2
ff05
1294
14ab
169f
0eb5
1109
1678
1b8f
1015
0bd3
0495
0aca
039c
0362
032a
02f6
ef46
f050
f14a
deb4
d3c8
d00b
d30a
efd8
045a
1114
1d02
24f1
1f62
0d2b
1618
17f6
1cf6
1e66
193e
112a
0317
ffa5
ffa9
ffae
f933
f65e
e9f7
e196
f07c
f173
029b
1931
145d
0956
f880
f277
f68f
e6e5
db76
e43d
df79
e801
f341
e70c
ebda
f39c
f7a2
f827
ff24
fbf1
f8f1
fca1
fcd6
fd09
0078
0d70
1658
1b72
203a
1135
ffe1
0322
fc70
09a9
090d
0bbb
117e
f9a5
fd4a
f6f4
f105
f873
f5ac
f650
072a
033c
ff72
fbe7
ff34
f551
f95f
fd5f
0131
1ebc
1f77
18a9
fe00
f88f
ed2f
e999
e6ed
d4fd
de2c
f3c9
018c
14f2
06a2
0cb6
0bea
182a
23a7
27eb
1eeb
097b
2963
204c
17c7
1649
2863
125d
0ab7
0a0a
ef69
d672
cc0b
b549
c074
d7eb
da6c
e345
f20f
ec6e
faa6
11e4
1d5e
20b5
190f
1459
15ca
1335
066e
fd7f
0232
1046
1335
189a
1323
13e9
1402
1601
fde1
f441
fb7c
f204
f2e2
e9f4
e815
f352
fa9c
0b32
00be
f6f1
e401
df40
de0b
e36a
f8b3
0626
12c3
1b56
0960
0589
f4ef
ff5f
fc28
0625
05c1
f1e5
fc85
fffc
f63c
f6d8
f76b
0b73
0abb
fd0f
173d
fbc9
f58b
fcb1
09e5
0fc6
0848
07c3
0746
0051
f9ca
f06d
eae6
ec36
f732
017d
0165
048e
0785
0a4b
0666
093f
056a
0b92
0459
f713
04a0
fdd5
ea78
ebd0
e692
eea8
efbc
f740
f7cc
fece
f860
f25a
ecb4
07e8
216a
1253
fdad
ed91
f877
ff6f
ff77
fc3f
ffba
f5fd
f69c
0772
03b9
06bd
fc90
f646
0720
13ad
1c32
1577
061e
093c
0fa7
192b
2597
1c3d
08f8
fa68
fac1
0594
053a
fde6
f708
e617
eb34
fe01
f3a0
f466
f89f
eb15
efe3
fee4
0976
0c5d
0816
fd14
e842
e63e
eed9
f6ea
01fb
1500
0e00
0000
0000
0000
f200
eb00
eb00
eb00
f200
f200
f200
e400
f900
1c00
1500
1148
17c1
1294
02a5
051d
0042
e6b1
e483
f851
f29d
f4ae
fa76
fc8c
0c9b
10c3
02a1
0976
135d
0ea6
ffbb
0dbf
1e62
1c7c
1733
1cbe
1e72
0e8a
0a21
107e
0bf6
0436
fcf1
fd21
fd4e
f678
f010
e30e
e4dc
ed8e
e7b4
f039
dc35
e571
fc18
0356
f51f
0acd
1f1f
0f2d
03b9
ee7c
e894
f48b
0dc1
1764
126e
1846
0c41
1cfc
17ac
0830
f62d
0849
0ec4
1f57
1661
0dfa
0d1a
01c8
f3ab
e9ef
eb4e
e219
ee77
f68f
faa5
01f9
01d8
faba
090e
fdfd
fe1d
f73a
05c6
136a
fd32
f65e
fa78
facf
f7a2
02a7
f7fb
f17b
eb62
d7ab
d6af
eac2
ef96
fe9c
0931
169d
18b2
1727
15b4
09d8
05ba
0c5d
0b96
075c
06e5
02f5
02c4
0a80
fc80
ee80
f200
f200
f580
0700
fc80
f200
fc80
0700
0700
f200
eb00
ee80
f200
ef60
f3ea
fbaa
066e
1087
0f7d
1905
0cf4
08a4
0119
f686
fa9d
f772
027b
13d3
1294
0a80
fc80
f900
0380
fc80
f200
fc80
0a80
1500
0a80
0380
fc80
f580
f200
0a80
0700
0380
0000
0e00
0700
fc80
fc80
1500
0000
0a80
0700
eb00
1180
fc80
0700
0000
ee80
1298
0a6e
17c6
0849
f2c4
fa97
08ed
015e
f347
fb12
fb61
e6aa
e83e
e2ba
eb8d
ecd3
e79c
0679
0034
1651
0e57
0669
f0c6
fff5
2a2f
2672
0cba
0237
0648
02e4
ff9e
038e
f554
e7fe
d47d
d034
da30
f88c
f203
00e1
07d2
1554
0cfe
fe2e
054a
04f4
12a4
1179
2c61
229a
126f
1148
0933
249e
2954
1fbf
0fc1
07c4
0e47
f862
f1db
e4bd
f470
ee28
fd45
fd6f
e898
ed8e
f5b4
0459
fd13
00c0
f634
ec50
df8b
e191
e377
e1be
ee21
f9be
f6a2
f737
fec3
1056
20d0
1b43
208d
1084
fdfb
131b
f969
0b52
071c
14aa
055f
1a08
0a67
fbbf
0682
f819
ea97
e86c
ed64
eb0e
efdc
f0dd
fc4f
0a88
0d5f
1007
0b86
fccd
f5ff
f85f
fc57
fc91
fe87
f5de
ef7f
eb46
ec90
f306
f595
f9bb
fd9f
0843
05fe
091e
168b
2321
12ed
1fbd
1dc0
06e4
ff75
ff7c
ff83
e38a
0851
15cb
f86d
f8e5
0e55
146e
f200
f200
0000
dd00
e400
0000
f200
f200
f900
f200
f200
f900
0000
0e00
2300
1500
0a80
0700
fc80
0000
0380
f900
1180
0a80
0700
0e00
fc80
0000
f200
f580
f200
f580
fd28
fd55
e87f
fef6
ea05
f963
ebcc
df0e
e81d
059b
1340
120c
09eb
024c
fb27
ed74
e82f
e3fa
e7e9
efd7
f0c5
f21c
ecca
f2e7
0388
0502
143c
1add
1cbd
1316
176f
1045
1c00
2300
1500
0700
0000
1500
1c00
2300
f900
e400
f200
0e00
f900
dd00
dd00
0700
2990
0af7
ee46
e161
f14a
f934
f9a1
f306
ecd5
0307
f4d6
0388
fc4f
f588
fd2f
0b5a
0aa4
fbf9
fc38
1173
105b
0155
083e
07b9
073d
06c8
f85b
ffd4
0dd6
f7f7
ea77
07ce
0e50
066b
ff04
f813
ea91
ebe7
0227
fb04
ed53
e07c
e274
f94d
00b7
07ab
002f
1c2b
2168
2650
2aea
213a
1126
fb14
f462
f51c
eec9
efdc
e2dd
e4af
f462
ee1c
0b39
0a85
ff05
fb45
ed64
eb75
f146
e22e
e2f4
f994
0b7d
1beb
1571
07b2
0510
096f
17ba
1661
14fa
21aa
1f8f
1696
0e2b
0648
05e2
fe84
f09b
f190
f977
f9de
e540
edeb
0b0c
0a5b
f900
fac0
f900
01c0
0000
f740
f580
f740
f900
0540
0000
fac0
f740
0380
08c0
0700
1490
16c7
1559
1782
080a
0e88
181f
089d
f692
f029
eda5
e7c9
e5cc
e06e
d7e6
da67
e3bf
f002
f482
f1ba
041d
0e5b
0d74
059c
01c1
faa4
08f9
04e8
fa19
eff6
f476
f8ad
eb00
1c00
2300
2300
2300
0e00
f900
f900
0000
0000
f900
1c00
1500
0e00
1c00
1500
1030
082d
f9a9
fa0d
e56c
f515
f942
f9ad
fa11
fa6f
f747
e9d1
e7b2
e937
eaa3
ef78
fb00
094f
08b9
082d
0b29
fc75
002d
0aaa
1b7e
1645
1be0
2122
2290
1967
09cf
0931
12d1
0d3f
041b
0268
ebbb
e899
e662
e51b
d6bd
d50c
dbcd
e343
e426
ecd8
f916
f6c5
ecd8
ea8a
ef61
056a
0892
0808
1206
25e6
2386
284e
2248
1ca2
05d8
08f9
0868
07e1
139e
1189
1248
0f26
1bfe
1067
0843
f01e
f0b8
e801
f414
f943
ee14
e765
db64
db06
da15
dfb4
e838
f035
f470
f868
f8e0
0312
0620
027d
0594
0efb
0aca
005c
06d6
1367
226f
1d07
17f6
0976
059e
0543
fe6e
fe87
051d
fb0a
f4d8
ef0a
f699
f0ae
f4e2
fc13
ff91
02d8
f26a
e982
ee29
ff86
060c
0c2b
1528
13d4
15d6
0df8
1a18
0eb6
00cb
f07e
f175
f25d
f677
fd8e
ed75
fb9d
0c23
0ea0
0db6
0cda
0c0c
018a
07f0
1470
02e8
fc39
ffb5
f5f8
f9d7
00b9
fd6c
00d4
0406
0085
f6bb
ea4f
f8a9
f91e
efcb
f74d
f7d7
f859
fc13
ff91
ff98
0c9e
0bd3
1195
037a
0001
1040
0f3c
0488
043f
03fa
fd39
00a5
fa1a
fdb8
f41c
f19a
f5bf
fce2
0052
eccc
eabf
e593
f0f9
eea8
f97c
0d64
0fce
1210
072f
f7e0
ed05
ed2f
f7ac
f802
fa32
facd
0064
10fe
1cc4
1d27
195a
101d
0211
f674
f73b
f7c7
0889
0b3f
110b
167a
0e91
00a7
009c
0712
1060
0f59
0e62
10bb
02af
fc03
f5c2
e625
ee42
ef5c
fd65
074e
f019
f116
e504
ed32
f4df
f250
036a
1033
126f
2187
18ed
1354
06f8
fe69
f9af
fbf1
0e6d
124c
121a
0e19
f9a5
f6e9
f7e0
f907
fa53
f1f5
ea8d
ebe4
fd65
0a8e
0d25
0c52
050b
fe3a
f496
e84c
dcc6
e239
f455
f50e
fc3c
0978
fbdf
fc3f
fcb6
f9fe
fe20
fecc
fc35
06e4
06f0
0381
fceb
ed17
e555
ef22
fc18
051c
0a24
0982
05a9
f84e
ff48
05d3
f875
05ed
058d
01f4
fb54
fb9e
0264
0f3d
1808
0cc7
15ba
1ade
15f0
0e11
06af
0983
05ab
1250
0aaa
107f
08f6
fb65
f52f
f29b
f030
f46c
0225
0881
0179
f120
f88d
f284
ecdb
ee0c
ebea
e6aa
eebf
f991
0a38
1d14
1b41
130c
04db
0e4d
0a28
0645
ff60
0c6a
0862
07db
041d
03da
0a1c
02fa
ff89
fc4f
f2ca
f39d
f7a2
fb67
fbb0
eef4
ecc4
f7b7
01fb
fb5a
fba3
e867
e9e0
f1c1
f2a5
f379
fe01
0160
0149
0134
0461
0759
13e3
0f64
11ad
0a11
02ee
093f
0f2a
0e36
0d52
12fc
080c
044a
fa44
ea5f
f238
f313
e6e1
ebb3
f376
fdfe
049d
0ad2
10a4
0f9a
0b60
042a
fd67
fa50
fdeb
048b
0782
03ca
004c
0387
f64e
f069
fe61
fe7a
0512
0801
0e00
0360
0669
0941
0beb
078a
09b1
04e6
003f
025f
1e48
2a7f
279d
16aa
0611
f650
e7d7
ee84
eed2
efa2
e3e6
e044
d759
c340
cc4e
f065
05b8
0606
061e
0602
ff38
0c5f
184f
22bc
1e6b
196a
13ec
12ac
0b01
f6d0
f0e2
f853
ff4d
ff57
ff60
ff6a
05f2
ff12
f221
e5fe
fb1e
086c
0165
f640
fcc0
0340
0d00
0d00
0d00
09c0
09c0
f980
0340
f980
f300
09c0
1040
0d00
0680
0c98
054e
0838
0474
f0ad
f4e1
f592
fcb7
002b
0028
f325
f732
f13d
dea9
f0fe
feed
1f7d
1704
0893
f489
db3f
d709
e018
f597
fcbc
f670
f709
f118
f885
f27c
0054
0d4e
0939
0be5
1825
16a2
1878
1a30
224d
2368
1431
12ed
07fd
f73d
ee09
ef27
03b3
1077
1be9
0f03
08f1
1336
1f7d
2382
2969
20a5
0da5
f4e7
ee4b
f265
f9e8
eda2
e934
e902
edb1
db56
e0e0
e2d1
ee64
ffbd
ffc0
ffc3
f947
f672
00cb
073e
06c9
ffdc
f95d
0387
09ce
0931
021d
f4fb
ef2a
e9b6
f19a
f27f
f9d6
00b7
fa2a
f407
f4c5
15f8
2197
1f7d
0d00
f980
efc0
fcc0
0340
09c0
0680
0680
0340
0680
0340
f980
f980
fcc0
f300
f980
f368
0131
079e
e6a4
eeb8
09cd
1caf
2163
2c4c
0f86
0e8e
fa24
f400
01c0
0823
079f
0da4
0cc8
f87c
ebf4
e034
d531
c45d
e217
e3f4
e5b5
f458
0f11
0e1f
13bc
127f
1155
1632
340e
346b
1f9c
1e9d
02b7
fbf8
fc42
f626
ea38
ecb7
f626
f24b
f59b
e589
d749
e053
f28c
0063
005c
0396
0d1b
0f88
0b4f
1459
1313
11e1
03c2
f9c5
fd69
f091
eb07
ead9
fb2a
0d77
1b9f
1fe4
20e5
12d6
05a9
fc4d
f088
eb7f
efc6
fcca
08fd
026d
f346
e810
dd8f
d0b5
d6a9
e83d
f5b9
025c
0e35
1c51
148b
0a41
039c
0f61
146a
1923
1d8f
1eb5
0dc9
03eb
0cac
05e0
0582
0529
01d5
feb7
f8cb
f63d
f3d9
fd9a
06c0
f154
f23e
e719
00a6
fa9c
faf1
0741
12cc
239e
1b64
0dad
fad2
fb24
e971
ead9
f22a
ff07
ff16
03a3
0669
0001
0000
f880
fbf8
f4b8
f56c
fd94
00ba
faae
f202
f761
ff6a
fdf3
f812
0ace
1606
1fda
1c0f
ffa0
f6fa
ef26
e854
f4ab
0096
05bc
0462
f6f8
f0ac
e53d
ed5b
e98a
f2aa
01a1
0099
f99b
f340
f6af
0031
0618
086e
105c
1146
0b95
08e2
0610
fd39
f400
f400
fa00
0600
0600
0000
1800
1800
1800
0c00
0c00
0000
0000
f400
e800
e800
fb80
01c8
07ab
0130
f51d
efcb
f0cd
09c0
0924
0291
0e67
0780
0d08
1837
1cb3
1ae6
1038
0634
fcd0
f703
e591
e737
f7c3
0145
0130
0a1d
037b
f442
eefd
e70d
e59c
f941
08ac
0b20
136e
0336
ee01
e320
deee
e6fe
fa8d
09e4
0c45
0e80
0198
f57e
f326
f9f4
1282
1cf2
1cd1
1ec9
16aa
1456
0b83
f6df
f5cc
fe1b
02f4
0765
0b52
ffa3
f4af
e1c5
e0a8
e89d
f913
0b80
16c8
1e5b
2275
0e4d
fb68
fbb1
ecf5
f725
fdb2
09d6
1539
10e4
15d5
0877
fbef
f92f
f99b
0001
0300
05d0
fc73
f3aa
f46f
fe27
0744
06cf
0661
11fa
07da
075c
fde5
ef06
de16
da33
d390
e257
e431
f1ed
f5ce
f070
fa69
0cc1
11f4
10d4
0cc6
0ef8
2008
1b07
1056
034f
f119
ef06
0216
16f3
1e84
0a9b
0cf0
0321
02ee
fcbe
f0f1
f1e1
fec2
0ad5
0a27
0384
fd4b
f775
f7fd
f87d
e0f5
e2e5
eab6
fe0b
1029
2125
2b12
1660
08fa
026a
fc43
fc7d
fcb5
02e9
0eb9
07cc
fb4e
ef99
e49e
da54
dcae
f0e2
fad3
0a26
0682
0019
f716
fda5
00ca
0cbd
0ef1
0501
01b0
0195
f87b
fbf3
0834
10b0
15a5
024a
ff25
0232
ff0e
051d
07cb
074d
06d8
036a
0033
032e
edfb
f51b
e9c9
002b
0328
fcf5
fd25
0352
091c
0b89
f8cf
f041
f43c
faf7
fb47
f892
f008
fa07
f166
f54e
fbf9
fc38
0874
1fec
23ec
21ac
1990
05f7
0597
ed3d
fa69
06c1
fa54
faae
f502
efb1
f6b5
f149
ef33
fc40
f97c
f6e3
f775
fafd
044d
fe08
fb27
fe74
0a8c
0ce2
0c13
0e52
0ff7
1101
0870
0924
0502
ff79
fecb
ffb0
0b08
1251
0e10
00a2
f704
f146
ec59
e855
f5cf
0571
1419
18d6
0b49
0a93
0fea
02eb
02bb
028e
fc64
f69d
f133
f51e
f2cc
f99e
fd00
0000
0600
fd00
fd00
fd00
fa00
f700
fd00
0600
0600
0c00
0900
0c00
fa00
fa00
f760
fdea
f50b
efb9
05bc
115f
1048
0643
fcdf
f110
e8ff
e76e
f7f7
fb77
f5bf
ff62
026e
0b35
1314
1cda
1c1b
1486
06c4
02a6
01b3
00c0
f9d6
ea8b
dcdf
d427
d658
cdb2
d927
fa19
0a2a
09e8
155a
0d68
0288
0a41
022b
0984
0d1a
070c
0426
0a4b
0cbb
089d
1200
0600
0000
f400
fa00
0600
0000
ee00
f400
fa00
f400
ee00
ee00
0600
1800
0c00
ff40
ff4c
1156
0a41
fd9c
ebc1
f304
f3d3
0c94
17ca
284d
1fc8
0bcb
050e
f2bd
0b91
04d7
0489
f23f
e71a
e8a8
de1d
e63b
edd6
eef7
fc07
1a46
18a0
1716
0fa3
14a9
135d
0c27
0b64
0aad
ec02
ed41
e26c
fc44
f07f
f176
fe5f
0478
1630
1acd
1320
0bee
112e
1590
15ff
06b7
0a2c
1017
1521
132f
0ac2
fc83
f542
f1c9
f4f7
f84a
f5a4
e479
e13b
dd27
f154
e03e
fa39
0c94
0bca
050d
0abc
0a0f
096d
f6d6
f767
ebf0
e731
eebd
01d1
07b3
1336
0003
fa01
e860
f5da
087c
1ff3
1df4
1014
1512
19c0
1224
1701
0f90
0897
ff0d
f91c
ea89
e5df
f380
f448
fb03
f853
f8cc
023e
051a
07c8
0a4b
09a6
0c0c
fc4a
0285
f95c
e4c5
e678
ee10
f22f
f90b
f07a
f772
fdfa
101a
1218
0af6
1047
0f42
1a4d
1c1a
14d8
05ca
ffec
f7ac
faf0
fb40
fb8c
fbd2
f3d4
ff96
fcdb
ffcd
fa4f
fd6a
fad3
038e
0b9e
07cf
06bd
0005
f9b7
e8fe
e7c8
f265
ff84
0653
0442
12ae
11db
0846
f6c7
ec5a
e813
f1d2
05f4
0854
050f
0a3e
0c59
0613
fd71
0b59
0522
ff50
fc9b
ff90
0257
0231
020d
ff2c
ff38
fc85
f9fc
ffdc
081d
0d1b
0c48
08c4
0577
f75f
f269
fe42
011e
068c
00a2
0097
fb0d
f5dc
f0fe
e6ed
f8fd
09ed
094d
13b7
17fb
0b7a
ffc2
f4c4
f577
f8df
f110
e17e
e8e6
f816
fe15
fb73
013a
fe66
03ff
0bfe
0b3d
0a89
0720
0c2e
05eb
0b00
0b00
0580
fa80
f7c0
0000
0580
0840
0580
f7c0
fa80
0000
0580
0580
0dc0
0580
f768
f7f1
0371
0b79
0800
fc7f
f9f6
ef56
f8a0
fe95
016b
f913
e901
f2b0
06c4
0bd7
085a
fa13
f4f0
f020
f3dd
025f
ff79
07c1
01c4
0f67
0e70
1309
0f17
10e5
0d16
06c4
0657
faf2
fb41
f60d
f6ab
fcc0
12f3
11c3
0b26
04f3
f9a4
f489
f540
f5ec
f10d
ec7b
0000
fd40
f500
fa80
f240
f240
0580
0580
0840
fd40
fd40
0000
02c0
0840
0000
fd40
fac2
f895
fc45
f4d8
0438
0200
ffdc
0e5a
107b
1777
1d45
0bcc
008c
00fa
e5d7
e337
f002
f102
ef31
e7fd
e6bd
fb90
0416
0ed4
1626
1203
0e23
1000
11bf
1e62
093b
f827
f5e4
f945
fc70
ff68
04f1
17e1
0e23
0240
f9db
f1fc
f2dc
f66d
f446
ef81
e848
f4c3
f5d1
079d
0790
1245
163d
13c2
004f
f90f
e779
d241
d048
d56b
ec0e
01e6
10cf
0dc2
0ce5
1195
18bb
1caf
0fe4
0126
f8d3
f945
0770
feb8
018c
0f33
167f
0a17
03f5
fb74
fea0
eba3
f078
fafd
fa00
09c1
0d36
1009
01ae
f9a9
ecd6
e6e8
d721
da1e
ee99
07d6
2857
1ad1
f823
eda0
f445
fa80
fad8
f02a
eba7
fd6c
0315
0863
0d5d
0c86
16bd
2051
160b
06e9
fe3a
f8d5
f3c7
024b
f726
f7b3
0077
05ef
0dcf
0cf1
06a2
0376
fdbe
fb22
f7c0
ef80
ecc0
f240
0840
0840
0580
0580
0000
0580
0840
02c0
0000
0840
0580
0580
0aa8
fc3d
fc78
fcb1
f4a5
fada
fb2b
fb78
0140
f8eb
fc1c
ee9a
ecf0
f920
048e
fec5
0718
0ee6
1377
1ffe
263e
211a
0e87
081d
ff5b
fca4
fcda
fd0b
fa7a
fad2
0ba5
056a
fa13
fa70
ea48
e0a3
e297
d3ee
e1ae
e912
faff
064f
0069
0063
f55c
e585
f7ac
0e30
12cc
0c1f
031c
fd69
05d2
0835
0ff1
0c31
08ae
0823
12a0
1436
1031
0c6d
08e6
02d7
ffe8
fa6a
f543
fb6d
f376
e93e
eaa9
e0fe
eb2d
f4b9
006e
0b67
0270
07c8
01cb
072e
013a
f8e6
fc17
0494
070a
0699
0370
0079
0330
087c
0ab4
0a08
11a7
134c
0717
06a4
1139
0d65
070e
03dc
00de
064f
fda9
f84f
f8c9
f3bb
f1be
ea61
e63a
ed55
f400
f4bf
f30b
025a
fd5f
0108
046d
01f7
0a97
1517
1e45
182c
0134
f120
f044
faf2
051b
fb38
fb83
014b
0c35
05f0
0590
f4b7
efeb
e06c
ed65
e90e
effd
017c
fbe4
17a4
05a9
104e
0f49
08d4
1346
1d11
103f
14ba
086d
f765
f26e
e846
e442
eb7c
fd44
086e
0266
0240
0d1b
0988
08f0
02e1
f7b2
ed36
f6a2
f737
f504
0372
033a
0886
0abc
1250
196a
1253
062d
fd8a
f830
f06c
f165
f24d
eda8
f70d
fa5c
02f5
0005
fd44
f52e
fb5a
f8e4
f955
153f
1eea
227b
25d2
12f4
06c4
f5d7
f0fa
dbe9
f429
f4e5
f597
f0bd
e131
f39d
f463
fa9c
0b72
1039
2536
1d62
108c
0f83
090a
0df8
fc98
f1cd
e7b0
d334
d600
de1f
eb3d
fa49
0023
fd61
fd8a
0b70
1038
0434
0ef1
0e02
12a1
0eb7
160b
1769
18b2
1ca6
129b
16f0
1001
fe80
f657
f6f1
0802
04c0
fc33
f430
fd2c
fa98
ea6e
de07
e866
f21f
fdfc
039c
0362
08ab
f220
f2fd
ee4d
e9e7
f648
fc64
079d
17a3
1627
0f45
08d0
0842
f73d
ef88
f60e
f96d
0215
04b3
0ca7
091c
088a
0d80
09e7
0948
05f3
f7d3
ea95
eeac
f540
fbc0
0a38
0436
012f
fe50
06aa
0348
0580
0768
0375
ffa5
fed4
ed97
e381
daef
d6cc
ef5f
fb68
1731
1b3e
198a
2870
25e8
1e09
1127
0514
f9c2
ef25
f5b2
0156
fbc0
f683
f71b
e728
ee36
f4d2
fb05
00d3
00c6
fb39
fb85
014c
11b6
269a
1eaf
11c3
f526
f5d3
0485
0ca7
1960
1983
0dd6
0ab3
0cec
00d9
007f
fd66
f511
f5d7
ff21
025b
028d
0565
07cf
0492
0707
0697
0bad
0af2
0202
f9a1
fcc7
fcf9
ffea
f4eb
f01b
fc18
f156
fd40
fda8
11cd
10b0
0aa5
faf9
f649
e7e4
da65
e1bf
f2a2
f878
fdf0
fe11
fe2f
f94b
f4b6
ff6a
06f2
0403
0b42
030d
07db
075d
06e6
03f7
0db7
0cdb
ff8d
fa93
f869
fb62
082c
02a9
027d
f855
f8d0
fbc3
0b06
07d5
04d6
1389
0d4f
04f9
0729
0936
0623
fe40
f95c
f9f9
0c3c
1078
09ea
05f5
048d
0096
f558
eb22
e9b5
eb8f
fa6d
0609
0939
046b
0c46
0401
03c0
0104
f473
fa2b
0488
043f
03fa
febb
014f
0139
08a5
031b
0569
fd91
f138
e324
e9f1
f7d2
f5d4
e9f6
eb57
f1a1
f506
fab5
f108
f977
015f
08c8
0abb
078f
0e95
08ac
14a1
0e56
0d70
0799
189e
1993
0df9
0319
f167
ed50
f0fb
fe6b
fe84
011b
0109
0377
083f
053a
fd67
f890
f187
ed6e
e716
dea4
efb9
f83d
f639
ef55
fa60
04ba
096d
0b56
0820
119e
1083
147a
1831
11ae
1a92
1de8
1989
1a70
13c9
060b
fbaa
ef6e
f577
fb1f
fb6c
e7b5
df38
dc44
de7f
ea96
faed
f63d
fbd8
011a
0607
05a6
004b
0046
fb41
f68c
f723
edb0
02d5
07a6
0c2c
1f69
0e71
fe8a
fea0
f4b6
096a
17d2
1b55
1ea0
17b6
03fc
f8dc
fb28
faf4
f36c
f1bf
fa9e
f919
fa63
fbc4
fab0
fed6
07c3
00e2
f567
f4f8
f328
eef5
f286
f0dd
f1ce
f2b0
f605
fe23
05c0
fde4
0085
02fd
fdcc
f8ef
f1df
e8c0
fe34
0850
0ccb
0bfe
063d
05d9
057b
1423
17e0
1662
14fb
0eab
03c0
fe84
039b
0361
0f8e
12fc
1a9a
11e9
10b3
028a
f7ae
f040
eec7
f56d
ef7c
ea6d
d9db
ce01
d0f3
df2d
eb3a
fb85
0fcd
1dcf
1bf1
0632
0fce
18d0
0d43
116e
0b56
0fa0
04a6
ff5b
f565
fb0d
02dc
02ae
0502
09b1
f795
fd1a
f849
fb43
008e
0084
f8fb
eceb
f09c
f192
f278
fad0
fb23
0070
0a69
13c1
1785
0c0b
064a
05e4
0a85
09dd
093e
f4a9
f55e
fb08
f657
e7f1
e6f1
ed81
f3a8
f96d
fc56
0910
037f
05c6
02ea
07ba
09bf
06a2
f9b8
041c
0b5a
0aa3
0c78
0e30
0fcd
074f
0959
0143
fc2e
f4ea
ee1a
e7b9
e1bc
eb20
e9ee
f04e
f8c8
083b
0a37
0e93
0da9
11ce
10b1
1226
ff83
f80a
0008
fb07
f3d6
f218
f7f6
fff6
f5f6
fb96
e7fd
e05d
df32
e91f
f824
0677
04ae
02dc
f20f
f6bc
0a67
2184
2221
17a3
030e
fea9
fa94
05eb
0b5b
0b18
0f7f
1324
15f4
17e6
0efb
f224
eb89
f9f9
07b2
0550
f8e9
f781
f088
ec7f
f036
0033
fb2f
02fb
fdcb
0f6e
10f6
0366
00af
05a3
07c8
024b
ffa6
ffab
ffb0
05f5
0814
0012
f9d1
f674
ef8c
ecd3
e7c5
f0c9
f43b
fc77
042f
08eb
0adc
0f2e
06ba
03cd
0b10
07df
0260
f33a
f405
efc5
ebc7
ed0a
f5b8
02dc
fdae
02d2
0a24
0201
01e1
10c2
14b5
0e68
0d81
02a9
027d
ee55
f470
f529
f5d5
0078
0570
0f19
0926
1293
0ee9
12fa
0ccb
10fe
0d6d
0a16
0bf4
0634
0850
0a4b
09a6
108b
0802
0281
f858
eed2
f764
f56d
e716
e3a4
ea69
fac2
0a16
0bf4
0b34
fb80
ecc8
e3fb
e83b
f8b7
fbab
0370
05b9
fb5c
f6a6
f23b
f097
f90d
00fb
086b
0ce4
0e95
0dac
0cd1
0c03
08c2
fe35
fbd0
fc13
fed1
fc64
ff1d
f7ab
f330
f17d
f764
ff6d
0476
0e2e
034a
0a94
09ea
044c
0187
f9ee
044e
ff08
0197
0dfd
059c
02c2
f895
f90a
f97a
0661
05fb
0a9b
0ef1
0b81
00c8
00bb
fe2f
f94b
0136
0622
033f
030a
f65a
ecf3
f323
0070
0a69
13c1
0605
0323
fdf0
f600
f600
e700
f600
f100
fb00
e700
f100
ec00
f600
f100
0f00
1400
1900
0f00
0f00
1310
0cdf
fd10
e93f
eaaa
fb00
f650
f1eb
edcc
f3ef
f4af
ff63
046c
ff25
fa31
fa8e
09e4
0e45
0361
fe2a
0846
11c2
24a5
1d59
1183
066a
f202
f2e2
02b3
0c87
0bbe
fc01
fb00
0000
0500
f100
e200
ec00
0f00
0f00
0500
0000
f600
f100
f100
e700
f100
f600
0aa0
13f6
03b6
037a
f941
f4ad
fa61
13ba
1c7d
0bb5
00fa
05e9
008a
f182
ed69
0c91
24c8
187b
16f3
1083
0a7a
f0d1
e2c4
f397
035d
0326
02f3
07c3
0746
fcd1
0203
0be2
1023
0f20
132e
0cfa
f829
fda6
f8cc
ef3f
e64a
e7e6
f867
07e0
0c62
069b
fc31
ed6d
f895
030a
16da
1a6b
ffc4
fac7
fb1a
fb67
fbb0
f6f5
f784
020b
01ea
fcca
edfe
ea1d
dc7b
deb3
dbc7
f20a
f7e8
f869
02e2
07b4
0738
06c4
1057
1451
040b
f9ca
f02c
ec29
f4e5
ff97
021d
01fa
f2d9
fb2b
fdf8
0318
f8e6
f957
f741
f54c
0277
0c4f
1589
16b0
12c5
0f17
1825
11a1
0407
0146
fc31
fc6d
fa25
f581
0029
07a5
ffab
fab0
0505
ffb3
0c37
08f3
0863
055c
0286
fadd
052e
09da
093b
0da7
07cc
04cf
0201
ff61
f2ea
e4ba
ed7d
eea5
f67a
f952
007c
04f5
0025
0021
fddf
f081
ef38
ee04
ef23
f930
005c
0715
08e3
0855
07cf
0091
02c7
04da
000c
f70b
fc1a
fa18
f5f6
f456
004f
0dca
15ec
16cd
1320
11ee
154f
08b9
fcec
019c
ff43
f64e
f028
fa25
fcc2
f876
fb2f
fffb
fdbb
fb9f
fbe5
00a6
099b
0901
ff70
f679
f290
00e7
f7d9
ef5a
e2e4
edb5
00da
12cb
0d1e
fecb
f5de
efc0
fc04
0303
0513
fe01
f9a0
f7c6
ff09
0ed8
1029
13a7
126c
0a85
0e5c
11f5
0d80
0000
fb80
f700
f280
f940
f4c0
f280
0480
0b40
0b40
06c0
0480
0480
0000
f040
ef7a
f184
f621
f403
f6e5
0760
0b58
10f4
17ed
14b7
0ece
044c
058f
f910
f210
f96f
fe57
f7b1
ef36
fb82
f989
f9ef
f150
f6ba
028d
0924
01d1
01b4
0a98
09ee
04ce
fdc1
fde4
fe05
0725
0472
fb2a
f937
f0a3
f858
f451
f98c
02f2
0083
fe3a
f796
f81c
061a
fb80
0000
0d80
0900
0000
fb80
e080
0d80
1680
e980
0000
0d80
f700
0900
1200
0000
06c0
13d4
0bd6
0f98
0e9e
0034
0031
026e
fb86
004d
04c8
0fbb
07ff
fe7f
0556
0081
f778
f380
f8c7
f03a
f5b6
ff5a
03e4
03a5
036b
0c34
fdf0
f991
f577
e41f
e5dc
f4fd
032d
09b9
0d9d
0183
fcea
f1da
ebfc
f63c
f257
f9f1
fc92
fcc8
05fb
07da
075c
04a6
ffda
fb5d
fba6
f76a
00f4
0564
008d
0984
0d6b
0c94
104b
0ac6
fc99
f3cf
f011
fa10
081c
1506
1bf7
0f99
0c84
093a
f3db
edb3
f5ff
0295
0e4b
1d53
187e
0eb3
0e0d
ff82
fb09
f258
e5b2
ebd7
f619
ffb6
08bb
082e
07ab
fe2f
f9cb
f5ae
ed52
dc7c
d5b5
e5d9
feca
0af5
13c5
0ba8
082f
002b
fd25
0125
029b
0623
1002
0b42
0672
01bb
ff80
08ac
0821
fe9e
f5b4
e8d8
e14a
e7b5
fb39
1204
0c63
029c
f971
f9da
f13c
e928
f814
0192
05eb
00cd
f77a
eeff
ec12
f2f2
074c
1a25
21ff
1ac8
0eae
fe5e
f81e
f701
ff3b
fdf7
fe16
f535
fa61
03ba
fefe
ff0e
039c
1562
0b0b
0159
fcc2
05f6
0117
fc85
f83c
f437
ebf3
e1f4
f154
eb7e
f386
f20d
f76c
feb5
0a09
14a8
1a1d
11bb
055e
fc08
00c7
0779
1481
17b8
163c
0bd7
fd99
0240
fd9c
fdc2
0265
f93d
fe29
fe47
0762
06eb
fd7c
f4a3
e5f3
e1fc
e3b4
f5f2
fe5b
040b
04bd
00be
f877
f9f0
0901
0716
0511
0781
074d
06e1
0433
03f0
03b1
0a35
0e11
186f
14a7
111c
070a
0458
0412
fad1
f223
f541
fa6c
fd05
ff8b
066a
03a8
eef4
ee13
edce
f29f
fc0d
f783
0105
00e5
00bf
0094
04e6
fb4b
046e
01e7
0647
05e2
0a03
1023
0f20
02ed
04fe
026e
fdc6
fde9
f98a
fc30
056d
02d5
02a7
06fc
fd8c
f932
f99e
f583
f1ab
e98f
e1f6
e3d7
f319
f866
f8e0
fdd2
0274
f04d
f148
f6b3
f2c8
fa5b
03b5
0eb9
1b4d
1518
0ac6
0599
077f
04c6
06ba
088e
0385
07cb
0bce
0691
fd28
f8d5
0246
f921
e78e
e015
e692
f5a8
03ce
0810
108f
1885
1ffc
14fd
01ac
f700
f700
f940
f940
06c0
0d80
0900
0900
06c0
fdc0
f700
fb80
fb80
0000
0240
0900
0870
0c69
0de1
0643
f85d
f8d7
f949
f533
f820
f41e
fddc
fbbd
f9c1
00e4
0c15
0914
0ac2
0115
fc83
013b
f5e6
f207
f9a6
f7cb
fa8e
01a4
0849
0c45
0700
068f
0aa5
033a
0547
02b1
0045
fbc1
0984
0fab
0eb0
04c5
fdb9
fddd
04bf
0232
fb4e
fb98
005e
0717
0466
fb1f
edec
ecce
ebc1
f184
f92b
f998
f9ff
f5de
f200
f520
f5ce
01b1
f895
ffcb
020d
08ab
05e0
0581
0be8
0d69
0c92
0989
08f0
1160
1289
0620
013d
0129
0115
0343
fc34
ecb3
ec43
ec78
ed45
009a
09b4
0d6e
0780
01b4
0536
03d5
f96a
efda
e764
edb9
efba
041d
0997
09ed
0e6d
04b1
046a
ff83
ff6c
115b
1d1f
153c
08ac
0120
f102
e6de
de23
ed83
f7ff
0b13
181b
1191
0f62
03d9
0668
f699
e812
d232
d59d
e324
f0b8
f4eb
fe9c
0c31
0b6e
fd36
0ae2
0eb4
1248
0ca3
02d9
072a
0fb8
0a3c
0e17
1635
1dd2
1bf4
0cb4
14e8
0f19
09a7
048c
f243
f31e
fcec
fd1c
fd4b
01f5
0656
0a6f
0548
04f2
f722
ea30
de0d
ce2b
d148
e633
f54e
fef9
0389
07d0
0752
f4dc
f58d
ed34
f2e0
0132
059e
0e44
1660
0779
0281
f4d8
ec8a
e941
f82c
fd29
01d6
03f7
0a77
1090
0f86
130e
0f9d
0e25
10d3
0e50
0941
01f8
fd52
ffcd
fb60
f2de
f44d
f841
02f4
0862
0676
06b5
0479
ffb1
f235
e592
e2b8
f20c
04ea
091c
ff89
0410
facf
fb21
ffef
ffef
fb6f
0937
11a2
0c08
0246
0b21
17ee
166f
1087
0afd
0a4d
0527
f2d4
f3a6
f8eb
f4dc
f10d
f67c
ee14
fa72
fd0a
01ba
0a9e
0334
0540
04ec
049d
0693
fae9
f6ba
f98d
ec74
edac
fa11
f82f
ff6c
faf5
fd85
ffec
022e
0b0b
0819
00d6
f349
e693
f12a
ff97
065d
0176
ff1f
fcec
f65c
0237
0d53
10fd
0fed
03ad
fcb2
f626
f904
fdf3
fbd4
f796
f5dc
fd3e
08aa
0edf
0970
ffd8
f6da
f76d
f7f5
0175
05dd
fc7f
f836
0632
0ece
0060
005a
0954
fb3e
e98a
f3f1
0231
068d
0623
05c0
0e64
11fd
10dd
06cf
0662
0a7c
fc53
f80e
018d
0a73
12cb
119e
0c03
fdc3
f966
f9ce
fa31
f60e
edac
fc51
0e8b
0922
ff90
fb17
f6e5
f2f6
ef46
f555
0458
0948
06dd
06a1
fd33
f6b1
f0e0
f725
f8c9
fccd
fc28
fdeb
fd62
fab5
f85b
ffa1
01a6
fb8b
f5d2
ec74
edac
ecd1
fc03
0642
0bdd
131f
19ed
1a4e
0ea9
11be
14a2
0757
02e1
02b2
fa86
fedd
f2ef
ffc0
ffc4
f3c7
f88a
f101
f1f0
f2d1
f7a3
0828
ffa5
0baa
04ef
08a0
0816
0394
ff5a
f764
f7ed
ee6e
f187
f66e
f907
0176
055e
0308
02d7
06a9
083e
01ba
059e
0744
02cf
f8a2
f917
fb85
fbcc
000f
0c0e
074d
fed8
f8ea
fb5b
f3a5
f66a
f103
f9f2
0652
0bec
152d
07da
0d5c
0486
023d
fc19
fa57
f6b1
f945
fbb0
01f5
0dd5
08f7
0267
fa40
fe9c
06b2
0846
07c1
0d44
006f
fa68
f2c1
f594
fa3a
fc96
f6cc
f15f
f049
e944
f2af
f784
fe0b
022a
0407
05c6
0b69
0cb2
03e6
fda7
fdcc
fdef
0610
09af
0914
1282
0d59
1083
0d7a
0ca2
01d7
ffb9
ffbd
fbc1
f404
eac3
f616
fcb4
f702
e9f2
ea63
e779
ed81
f7bb
0193
fec0
0024
0570
0e3b
0e07
0965
04c1
0040
0005
0404
fbc3
fe06
fa25
fe82
0299
046f
0628
01c5
fba8
ffed
03ee
07af
0b34
0480
0438
0800
0800
0c00
0a00
0000
fe00
fe00
fa00
0200
0600
0a00
0e00
0a00
0e00
0000
f600
f6a0
f336
f202
fae1
fb32
fb7e
f7c6
f849
f6c4
f157
f241
f11c
fc0a
0449
0a04
0d63
0b8c
0cd3
0b05
0754
04de
0090
0187
ff6e
fc77
f7af
fc34
fd70
0499
064f
feea
01fb
fbdb
fc1d
f85b
f8d5
ff47
0b52
0e9c
09b2
0516
08c4
0437
03f3
01b3
fd97
0bbd
0f01
1010
0d0f
023e
001a
fc18
f056
f750
e9db
e93d
e6a9
ec3e
f37a
fe42
fe5d
0077
f86f
f8e8
ed59
f683
eb1a
fc68
e8a1
0216
edf4
0714
02a2
1677
110f
1ffe
19fe
205e
1658
0ef2
0802
ff81
0388
ff4f
055a
0f04
0e13
0d31
125d
0b37
1283
095a
04c4
f677
f30f
ea44
ecb2
f593
0239
0202
03bd
013e
fcdc
f8d8
f94c
f5ed
f913
fc3d
fb52
f89a
f048
ed43
f26e
fb47
eb92
f4d8
f18a
f271
ff49
ff54
075e
06e8
0279
fe51
026b
0644
05df
0381
0b48
0893
0209
01e8
fbc9
fe0c
042b
07e8
0769
fef2
0902
0871
09e9
054a
08f5
0c65
0b9e
0ee4
09f5
fd55
ed7f
f2a7
f77c
f804
f883
f0fa
f5ea
f68b
f722
efaf
ecb4
e682
ed7e
f49e
eba6
efdf
ec55
f9a0
fe49
06b5
0664
0de4
0c7c
1ac6
1f54
169e
0dbe
08e2
0853
09cd
0930
069d
0c33
0f6f
0c78
09b0
0715
0aa3
0bf8
1138
0224
fe01
f220
f0fe
fdee
000f
040e
05cd
f970
f5d9
f27b
f153
f43d
ecf9
e829
eba6
eeeb
e5fc
eb9c
f0e2
f7d3
f855
f6cf
fb62
fbab
07f0
0771
10f9
11e9
12ca
119d
0883
fffa
f9fa
fe5a
0274
044c
0607
09a6
090b
067a
0212
01f0
03d1
0d93
12b9
118d
0274
fa4c
f6a7
ed3c
e668
ee01
fb20
f76e
f7f7
f877
02ef
04c0
0a74
0dcc
08ef
0860
01da
05bc
0760
02ea
02a4
fe4c
fc46
fa7d
f8fc
f7ca
f6ec
fa63
05ce
0853
026c
02cf
0914
0cab
0ba2
044b
fc06
fa45
faa0
f8f6
fb66
f7af
f234
e910
ee7f
fd97
f7bd
f441
ecfc
ec2c
f969
fbd2
0214
0bf2
1132
161e
06bc
0650
03eb
ffac
07b1
0735
06c1
1054
0f4e
1059
1153
0c3d
0d79
02a1
fe76
f88e
ff05
fb14
f962
f9cb
042e
fdeb
fa0c
f26b
f144
f02f
f32c
f9f9
0459
0c13
0b51
069b
fa31
f88d
ef04
f213
f6f1
f581
fe28
fa45
fca0
fad6
0528
02d5
04a7
fe5c
0276
064e
0fe9
12ea
15bb
0a5f
09b9
011d
fd0b
f93a
f5a6
f24b
fb26
f573
ee1b
ff39
0745
02d0
f2a3
eb78
f8c0
fd34
f160
fa4a
faa5
fefa
070a
1299
0d6f
0898
040e
fbcd
0410
ffcf
fbd2
0c14
0f52
0e5c
0976
00de
fcd0
f903
f572
f21a
fef8
0308
02d7
06a9
0a3e
099a
0500
04b0
0065
045e
0818
fb96
efdc
e8de
fa50
f6ab
f740
ffcc
f000
fc00
0000
fc00
0c00
0400
f800
0c00
0c00
0c00
1000
0400
0400
0800
0400
0400
02c0
fe94
00aa
019f
fc85
ffbc
00c0
02b4
0388
074f
00da
04cc
007f
fb77
fdbf
fce3
0000
f400
f800
f400
fa00
f800
f600
f800
f400
fa00
0600
fe00
0000
fe00
fc00
0800
0780
0308
02d7
04a9
0a5e
09b8
071c
02aa
087f
0bf7
0b37
0683
fe1a
f438
f0f4
f7e4
fa65
f9be
fe22
fa3f
fb9b
f6e1
f172
f55a
f904
ff73
fd7b
04a3
0158
0042
043d
04f9
04a9
085e
09d8
053a
fce6
f317
f5e5
f686
ff1d
012b
0518
06c6
0a59
07b3
0337
0303
fcb9
f6ed
f5c5
f500
f69f
f66f
ec8d
e9e3
ec13
fabf
06aa
0da0
17b9
1672
168b
13ed
0c00
1000
0400
f400
f400
f000
f800
fc00
0000
0000
0800
0c00
0400
0400
0400
0400
07c0
0744
facf
fd22
fd4f
037a
0b42
128d
1164
044d
f608
f8a7
f91c
fd8a
f9b1
fe15
f433
e8ef
e860
efda
fadc
052e
0edb
0ded
050e
f8bd
fd31
fb5d
05a7
074c
06d7
1069
0f62
166b
1504
0bb3
06f7
fe87
fa9e
f6f4
ef84
008b
0c82
07b9
073d
0ac9
0a1c
fd7a
fdb5
edfe
e7d2
eac9
e23a
eb21
041f
036c
0ea7
10b8
0e21
0b41
0434
0176
02d7
000a
fd69
fd06
fac0
f8c8
f929
f5ba
f2d3
f283
f4a3
f2fb
f5d5
00d2
0118
0350
0749
08c8
09e8
08a6
0732
039b
0020
00db
0183
0213
0489
00b3
ff14
f196
f362
f575
fdbb
0f8e
1495
194b
0db6
04da
008c
fc83
04ba
046e
0027
f624
f0c1
ebb4
f0f8
f1e8
fac9
f71c
fbf0
fc96
f74c
fa9b
fddf
0aff
0ef4
1231
18a8
13f2
0ee7
0fb5
05f8
04a6
0743
ff7b
fb83
efca
eccd
f600
f6a0
f336
f802
fc81
f8b8
fd2c
0559
0503
0cb2
0be6
0f27
fe34
f650
f2eb
efbc
f4c0
fd74
0d9c
10c2
13b5
1279
0151
fd3b
0567
0510
08bf
0833
03af
0174
015c
fd46
ff71
fb79
f9c1
f624
f6c1
f154
f83e
f6ba
f74e
f7d9
f25b
ef35
f641
00dc
fece
02e1
06b2
0646
0be1
1522
11cf
08b2
0226
fc03
fe42
fe5d
fc77
00af
fca4
f4f3
f415
f9a4
ff0c
fe24
fd58
f8ad
ee86
e98c
eb94
fa1e
fbee
07c0
1496
13f9
10c5
0a41
045c
fed6
fee8
07b9
08fd
06ac
0641
041c
005a
0214
01f2
fe53
faed
f7be
ff42
f84d
ffc8
018b
06b2
0106
0635
0092
0408
fcc7
fcfa
00aa
fedf
fb70
ff39
0105
0475
00ad
f7e1
f323
f771
f9b9
f85d
fa96
072c
0179
0321
02ee
09bf
0922
114f
13ba
0efe
0e0e
0d2d
0c5a
0814
f993
f2f9
e5c9
e76c
ec75
f12e
fc9b
0ad1
0a24
0601
0221
fe7f
fc80
0000
01c0
0000
0000
08c0
0540
0700
0700
0540
0380
0540
08c0
fe40
fe40
f900
f5f0
f311
f59f
f804
fa43
ffde
fc60
039a
ffe0
ffe2
fc64
f59d
ef43
f74e
f999
00ff
062e
05cb
072e
fc3a
0376
04fe
012d
fd9a
0300
09d0
03f2
0c72
0f2b
18b8
11ec
0d4d
0c0d
0a80
0a77
069a
fa05
f1e8
f53c
f371
f926
f976
ef74
ed95
efe7
f614
fc2d
0582
0700
08c0
0380
0380
08c0
0a80
0540
fac0
fc80
fe40
f740
fc80
01c0
0540
0380
fac0
fb14
f7e2
0664
05fd
0c9d
12d3
0aa5
ff7b
f502
f231
f68e
faa4
f779
0601
0221
057f
0366
04ef
09df
0b01
0510
ff7f
0147
0132
ff5f
fda8
fdcd
f530
f79c
f822
fc1f
fc5d
f756
f0e1
ec92
f309
f918
0086
03fe
fcbe
fb31
fd3d
fd69
0492
0b49
1194
123a
0d96
0afc
0c0c
0b4b
0395
019c
fe01
f8e1
f253
f32d
fafa
f7ca
f84d
0508
0837
07b3
08f8
0a28
0b45
0710
015e
ff88
fa4f
fc6a
fae3
f5f4
f4d4
f747
fb52
fb9c
f322
f5b0
f9d4
f876
fc6e
fca7
fe9c
f7b2
fbb6
013b
0ba6
11eb
0b8c
03d3
fc95
004c
fe86
fcdd
fb4f
ff19
02a7
0b3d
0a88
081f
009d
fed3
05e5
0ac6
0f59
1023
1460
131a
0ae8
0879
02b1
fd2f
f81c
f718
f66b
f614
f992
ef0a
e232
e514
ec1f
f358
fa82
fde5
0120
009f
071f
06ac
0d41
fe6c
f785
f10c
fffb
06fb
0d8b
0932
0c1e
07dc
0e5e
0d78
1020
0b9e
0ae3
06b4
0649
f7e4
f166
eb4f
f39a
f7e0
f4e1
f593
f2b9
f70d
fb1b
fee9
027a
fed2
0264
fea9
0234
01f3
01a6
fdd0
fa48
faa5
fb27
fbc6
fc7c
0b42
0e40
109c
0b4c
0976
0af1
0341
030d
011c
fd8a
fdb1
f896
f58c
00b3
fee8
fef9
ff09
fd58
f842
effd
f2bd
f550
ed3b
ee67
f680
fe17
0535
0a21
0ebe
1152
13bd
0b81
0588
0def
0b50
0c5b
0655
fb6f
f4b8
ecac
e521
edcf
ed31
f39d
f463
fa5d
f8f7
f967
fb90
0497
0b4d
0a98
09ee
fd0f
fd3d
0629
0946
0fb2
13f6
1476
0fae
0b33
0380
ffc8
fe0b
fc6a
f923
f450
f50a
fcb9
0086
fed2
fb81
fdc9
fc7c
05e0
093d
0199
f8a2
f075
f047
f958
058d
09d1
04c1
fc5b
f755
f0df
fc50
01cb
0a6e
0b87
03ce
0711
031f
082d
05e9
090a
0db9
0cdd
0c0f
0d0d
04d2
0073
ffd6
fbc3
f9d2
f4b2
f3be
f87b
f7e7
f95c
03af
047d
051a
03c4
fb64
f56e
f617
fbf5
fa75
f74e
f459
0153
09fd
0cdd
0f8f
0cd5
0888
02bf
ff12
fd60
f4ca
f57d
f9a5
048a
0441
007d
f5f5
f315
f063
f4dd
038e
0a55
ff2f
fbbc
ff80
ff88
ff8f
0696
00ec
00dd
044f
078a
0551
087b
0b73
03bb
fc7f
f3f7
f837
fdf3
0194
017a
fc22
fc5f
0019
0397
ffdd
ffdf
0361
06ab
02c0
ff13
f821
ea9e
f2f4
f3c4
0287
05de
057f
fe27
01c4
08a7
081c
0b1a
0de8
1089
0f80
1207
02e6
f837
ffb3
fc38
fff4
fc74
002c
f929
f296
f36c
fb35
0281
0b19
0a67
02c0
fd53
f9fd
f89d
0013
01d1
fff3
fc73
01eb
070c
0bdb
025d
f977
f65f
fc39
fc75
f76d
fef6
0286
025d
0237
0053
fe8d
0064
f5dd
f13f
eb2a
eff7
fb77
02bf
ff12
0d20
054e
0f79
0781
0388
f8cf
fcc2
f5f6
f696
f3ac
f7f1
edf2
f993
f9f9
0319
fda7
030c
fd9b
f501
f5b1
ff15
0463
025c
0076
fb2e
043b
05b7
01db
fffd
fe3d
01d9
08bb
09ef
0cd0
0a42
0d1e
0a8c
0663
00bd
05f0
0ad1
0da4
0b09
0358
f6e2
eb33
f000
f47f
fdf7
0357
ffa1
fde6
fc48
f903
f7b2
f836
0173
fddb
fc3d
0539
06a5
063a
0416
0214
01f2
08d3
0a05
0ce4
0c16
0454
fece
f621
f4fe
f5ae
f112
fe40
fe5c
fe76
020e
002d
056a
0893
064a
05e5
0206
0025
0023
0020
055d
0dc7
05ea
fb0b
f45a
f194
eb7a
e942
ee2d
fd4a
0b75
03bd
0000
0000
0700
0310
fbdf
f520
fccd
f900
fc80
fc80
0380
0000
1180
0e00
fc80
0000
1180
0e00
0e00
0e00
0000
0380
0000
f740
f7cc
f68f
fc65
039e
fc64
039d
fe23
fac0
fcd4
f7c6
fd8a
02f1
fbc2
f6c5
f918
f986
f9ee
f6cf
0022
fe5f
0038
fe74
004d
fe87
fe9e
f974
f49c
f8d2
f405
fbc4
f6c8
f05b
ff55
02df
09b1
1015
0b93
075a
06e4
09f5
1055
0bd0
0413
fcd1
0084
007b
03f3
03b3
0378
ffc0
fc43
037f
0887
07fe
febe
f452
f34c
f417
fd95
04bb
062f
094c
fff7
fff7
fe37
fc93
f949
f634
fa50
f8eb
005b
03d5
0c57
0d51
0abc
0d90
0af7
0887
07fe
007e
fcf6
00a6
f61b
f6b9
facd
fb20
feee
f7fe
f17e
f5e6
fd87
04ae
f9e3
0144
f32f
ecfc
f52c
f5d9
047b
00b3
fd28
00d5
f9c7
fa2a
f707
fe96
0cac
1661
187a
1372
0ebb
0a80
fc80
fc80
fe40
fac0
0540
fe40
01c0
0a80
0540
fe40
f740
f740
f900
f900
fe40
fe5c
faf6
05c6
01ea
08cb
0bbe
0782
0389
ffd0
ffd3
fc56
fc90
fcc6
0779
0a81
0d58
06d6
0085
fc55
f883
fc2a
ffb4
0a08
08e4
078c
060b
02b3
ff79
f736
f17d
e913
eaa5
f048
f98e
f7f2
f4ef
eef4
f0e0
f4e5
fe41
0a95
0d0d
0475
0881
0507
051c
0885
07f3
05b3
08d7
04c9
047c
0434
03f0
0571
0359
0163
fdcc
f52f
f09b
f6d1
fca3
0219
03b7
0a7b
0813
05d2
01f4
fad5
0067
0060
075a
ffe4
ffe5
01a6
ffcb
fa8e
fae4
fb36
fb82
02ed
0648
05ba
0886
0920
0426
ff59
fc9d
0127
001f
fd66
f92c
f72c
fad3
0027
0a64
1029
0e0f
0826
079a
06da
f9af
f648
f525
f7e9
f741
fa69
064a
087a
0c03
09b3
03b8
017f
011c
f7f6
f321
f0c0
f43e
fb62
05b8
04bb
0026
0118
03b1
0283
0692
06ab
030c
f50e
f646
f7b7
f254
fbb3
011e
ff28
f9d9
fc0e
fabf
00ae
f837
f086
ed4a
f1d7
fa0c
fdeb
050c
0bbb
0e7e
0a16
0cf4
1164
094d
06f8
12c8
135b
13e5
0ba6
022b
fb08
f617
f175
f79d
f9e3
fdc4
0a27
0984
fe6b
03c4
08c7
10fb
0aaa
02ff
fd8f
fa35
fc51
fc8c
fb1d
f82b
f925
fa45
f800
fd1f
fcc1
fe42
fa78
f8d6
fcc6
fd10
fd6d
04d7
04a4
00cd
0280
0258
0072
022a
f947
fb72
f9fb
015b
04c5
00f8
0628
0945
0a71
010a
f9f9
fc19
02dd
05af
0253
ff2e
ff3a
f946
f3b2
fbf6
fab7
028b
0861
07db
08dd
084f
0949
02b4
0108
ff77
ff7f
fb07
f9d6
f739
f1c5
efa8
f9ad
fb92
fd58
0382
034a
0915
0a03
0963
05cc
0b6f
0db8
00dc
face
f820
f89e
ff13
ff22
022f
050c
07bb
013f
012b
0118
fb06
fb56
01a0
fb86
f5cd
f070
ee69
e682
eb19
fb67
fbb0
f2f5
02c5
0298
026e
0547
01f2
01d3
07b6
02ba
010e
03fc
00bc
00b0
0225
fc02
0242
069d
0333
077f
0887
037e
0346
0177
05b8
0687
0594
fe84
f670
f229
f615
fe90
ff0e
ff8b
fd03
ff3b
ffd5
fee6
010e
00fc
00ec
03dd
021f
007c
f8f4
f664
fffd
05fd
ff9d
0123
f991
fb77
01bf
0923
0891
0942
081c
06c8
06d2
06a3
04c2
fcd7
fa04
fd8d
fc71
fd02
ff21
fb24
fa8d
fbab
ffd9
015b
0445
0700
0690
07a7
02ac
0401
09c0
0624
08c1
0b35
0601
02a0
fdf6
f696
f42c
f969
f3d2
f314
f562
f90c
fafb
fb4b
fe96
f72d
f03a
f736
f7c2
fb45
0010
018f
02f5
05c5
03e8
0229
0086
fd7d
faa5
f67a
fd12
fec1
0054
07ce
02d1
0423
0561
0b0a
05d9
fdfc
011c
070a
0819
0a97
0ced
0c1e
085c
fd56
ff00
f910
faff
ffce
0451
0a0b
0c6a
083f
fe14
fd99
f739
f184
ef9e
fa58
fb93
fcdd
fe2b
ff72
06a8
0735
f87f
f6f0
01c1
0480
fe80
fb80
fe80
fe80
fb80
f880
0000
0000
fe80
f700
fb80
fd00
0000
0180
0180
08f4
09a8
0704
0451
fea6
fde0
0336
021d
0704
03e4
ff55
f995
f8e3
fe75
023a
ffaf
02b4
0108
03f7
03b7
037b
0043
04bf
fb72
f8bb
f62f
fb4c
fd17
0045
0041
fd3c
0368
0915
051d
0a3b
05b5
014a
0019
fefa
faf4
f757
f438
f628
f9c7
fd5e
fad0
f113
ee69
f274
ffab
0310
0325
fd1f
fd90
fe0d
fe91
fc17
02e4
002c
069d
0972
08cd
01eb
0167
00df
0358
0a0e
0a07
06b0
04d7
fff5
02e1
0106
ff40
039c
0314
03fc
04b4
03bb
0133
02a0
03f6
03b6
fefa
fa8a
fae1
f6b2
f2c7
f51a
f748
f7d3
fb56
04a0
0156
fcc0
f574
0000
0480
0780
0300
fd00
f880
fa00
0000
0000
0480
0900
0780
0900
0000
fe80
0000
0168
02ae
03ca
07b6
06a4
026d
fb66
f673
f39b
f8d3
0270
03de
0c97
0cdf
053b
0267
0540
01ec
064d
ffe8
f869
f2e2
f533
fee0
fd72
fc1a
fad8
fe2a
0147
0132
f99f
0005
fe84
031b
0a69
0b42
108d
0c84
073b
0547
01f2
07d3
0156
fb40
f58c
f4b3
f3e8
f629
f246
f921
028e
03e5
0526
0354
fe9e
feb4
fd48
fbf3
f7b4
fe38
fe54
ffee
046f
02a8
fde7
0102
0862
0a89
0db7
0ec4
094a
03dc
fd26
f271
ed54
ea9d
ed3b
ed45
f263
fc1c
ff57
ff64
00f3
0262
03a6
04b8
0711
090c
0c1d
071c
fdb1
faef
fb80
ff2b
0ba2
0df3
1014
0c12
0851
fbcb
fc0e
f34d
0018
0016
0315
02e3
fcb5
f9e9
fd4a
0375
093d
11a9
0cff
0538
f7c3
f166
eee3
ed10
f1f1
f6f4
f8ee
0101
028a
fde5
fc9b
f880
fae2
fa46
f922
f98f
02f6
0746
06d1
04e3
0915
0103
ff73
057b
09a3
0d89
09b0
0795
041b
0859
04d3
0786
0d0d
0c3c
0878
04f0
f8a1
f616
f0b5
f7a9
fb2e
fe7a
0192
0179
0161
014a
fe2a
f3ca
f370
f67f
f9aa
fcd4
f9e4
fa53
f4e7
f92b
fbe0
fd0a
0139
039a
0438
0c29
0866
035f
01a9
fe8e
04a4
02d9
012c
fe19
0437
0273
facc
f81f
fd1d
07cb
0bcd
0b10
05df
fc80
f538
f8e4
fdd5
ff78
fb00
f9d0
fbb3
01f7
01d7
fbb9
fd7e
faa5
f7fb
f57b
f7f6
fd8a
02d6
0337
0078
ff60
f85e
f388
f9e3
0789
0c96
0dee
0ec0
0f0e
075e
ffee
0075
026f
ffb5
0329
01cb
07f3
05f9
faed
f83b
fd70
fc66
f709
ef48
f188
f117
efa4
f649
0152
029e
0840
05c5
04c3
fc2b
f739
f5dd
fc66
05a3
069e
0a54
0bfc
0d29
07d8
02da
fe2c
ffc9
02cc
089f
1115
1003
0c03
0842
003d
0039
0635
0a51
0b2b
05f8
0298
fdd8
f975
f58c
f6b4
fc94
fab0
fa94
f925
fc82
ffc5
05d5
03d5
01d5
f866
efcb
e9b9
e99e
f103
f7f3
fcf3
0024
04a1
05d7
0879
0af2
0a42
099e
0a83
085b
01d4
01b6
001b
0018
fd16
fd45
04f0
07a1
08a6
0e1c
08ba
052e
005a
f8d4
f1c6
f2aa
f7ff
fcfe
f2ae
ea83
ebdb
ea1c
e87a
f2f2
f0c2
00b6
06aa
033f
030a
08d9
054c
07f7
0a77
09cf
0632
0a4e
0829
04a6
075b
0865
0ade
0eb0
10c5
0fb8
0ebc
0ad0
02a3
fc78
f830
fead
fa42
fa9d
f673
ef8b
fb12
fb61
002a
04a7
05dc
09fe
07dd
ffdf
fb61
f72a
f637
f6d3
fd66
fda3
fc6f
f9ea
fabd
fbac
f9ae
fb02
f967
f99b
f87e
ff2e
00f9
fe1f
f880
f976
0211
0a11
1a3f
2298
1d55
0e7c
061c
0111
ff4c
fda9
f932
f538
fad3
fa3d
f6de
fcfd
f9d3
fc75
feed
01fe
035d
00e7
0018
fd16
fec5
fd58
fa82
f89a
f490
f247
f562
f78b
fc92
0300
0480
0900
0900
0780
0780
0900
0480
fe80
fb80
f700
0180
0780
0780
0600
0300
03c0
0480
0300
fe80
fd00
ff40
fdc0
fdc0
fb80
0000
0000
00c0
0000
00c0
00c0
fdc0
f964
f84d
f5c8
f96b
fe54
046e
08a7
0e1c
0bba
097e
02e5
ffb7
f83b
fa37
fa93
026a
ff43
face
ffa0
0126
0293
faea
fe3b
0456
0711
039f
0365
feae
fa43
fa9f
f674
f70c
fc1b
fad9
fe2b
02c8
029b
fdf1
ff91
f818
f416
f955
ffbf
05c3
06e7
07f8
0778
0100
fdf0
fb11
fc1f
fddd
00ff
056e
02d7
02a9
04bf
0472
066b
06c4
0717
08e5
0317
00a5
009b
0391
0657
f9f1
f452
f50d
f5bc
f960
fcca
f9fd
fd5d
fd87
00ae
fda2
f7c8
014b
0d36
0f63
116c
1055
0c4f
fc8a
edc1
f1e4
f8c5
ff39
0845
0dc0
09e4
0345
fa11
fd6f
0098
fc0e
f94d
f9b8
001c
fd1a
0048
fec3
fed7
fa69
f642
f85d
f757
f361
f2aa
f7ff
febf
039c
050d
093f
0864
02d2
fd82
fe9b
05ac
049e
037b
03cf
09fe
0afa
058e
07cb
074e
03d9
069b
fd31
f75d
eee7
e6f8
ee88
fb9f
01e5
fbc6
f90a
ff79
ff81
ff88
088f
0dc1
0db0
0d32
0c52
0e1c
0ad8
0771
0583
ff07
fefb
0076
fbd6
fda0
fc60
f850
fabd
ff91
f518
ee46
f0e2
f953
fcbe
fff1
0472
08ab
0520
034e
0498
08ce
03c1
fd84
f4ab
f2ba
f451
f62b
0435
083d
0bc1
08ad
0b85
07d2
0a1b
08ee
0d8b
0e71
08d4
034a
00fd
fecd
fb49
fb22
f6a3
f437
f550
ffac
01e4
00ea
f877
f9c7
fb33
fcaf
02ac
ff34
fd7a
faa2
f677
fd0f
fd3e
0069
01e3
01c4
0327
0d74
0b1c
016a
fb53
f59d
f643
f3de
f31f
0000
0780
0a80
0900
0a80
fb80
fb80
fe80
fd00
0480
0600
0480
0780
0480
0480
0300
0150
013b
fe26
fcc4
fcf7
f8a7
f61c
f83a
f8b6
eeaa
f5bf
ff62
faec
fb3d
fe89
01a0
0786
100d
0f0c
0e1b
1039
0635
05d1
0573
ff1c
022a
ff07
fc16
fc54
f98e
fcf5
0325
0a59
0c45
0ab0
05de
0129
ffb6
ffdc
ffff
0020
fbbc
f4c0
f78d
f771
0099
0aaa
0ac2
0600
0000
0000
0600
0600
0000
0600
ee00
f400
0000
0600
0600
0c00
0000
fa00
f400
fa00
fd00
f400
f700
f700
0000
0600
0000
f700
0300
0600
0c00
0900
0300
0000
0000
0300
0bd0
0393
04d9
000b
030a
ffd9
ffdc
f9de
fd3f
fd6b
0394
005a
01d4
fd36
f8e3
fad4
0126
0594
03ba
fefe
f90e
f7fd
017d
02e5
0736
0843
0c3e
0b79
0942
072d
083a
0636
0a52
09ac
0d91
06b7
034b
0196
fe7d
fb95
005b
01d5
01b7
fb9b
f5e1
f502
f2b2
f386
004e
0048
f743
f4cf
ec81
f3b8
fd7c
03a4
0369
0633
05cf
0872
04ea
019b
fb81
f880
0500
0500
0a00
0500
0780
0280
0280
0000
fb00
f880
f880
f600
f600
0000
0a00
0960
028a
04e1
0993
0b79
05c1
0565
064e
0229
fd06
fab5
fc4a
fb45
ff51
fe1b
00b9
00ad
00a2
0097
008d
0084
007b
0573
0a1c
ff7a
ff82
fa89
f860
f65a
f474
f52c
f359
f880
f380
0280
fd80
0280
fb00
0780
fb00
0780
0780
0280
0a00
0500
0000
fd80
0000
0000
fc40
fc7c
fdf4
ff54
045f
0699
076f
00b8
032c
02f9
02c9
03dc
04de
0350
009b
0000
0000
fb00
fd80
0280
0500
0280
f880
fd80
fb00
fd80
f880
fb00
0280
0500
0500
0370
00b9
fe2d
fa89
fd60
050a
0239
0215
00b4
0328
06b6
0a0a
0969
0c92
0949
0134
f9a1
f3c7
f84a
fdc5
ff29
fdf6
fe16
fe34
fa90
fae7
fdb8
fc9d
fa52
f96d
f896
fb8c
ff93
0219
fa77
fd4f
013a
fea6
fffb
fc3b
fb37
fa43
f95f
f4c8
f93c
fd68
fd91
0038
02b4
0788
0c10
03cf
0891
fe08
0827
0024
0522
024f
022a
0207
0466
0420
03de
03a0
0348
07db
0825
06ea
094a
04f9
0205
006f
feef
000f
fe9b
0109
0707
03ad
f8ea
f2cc
f278
f296
f59d
f8c5
f6f4
f588
f705
f3b3
f377
f3a4
f1b0
f2cd
00c1
064f
08d2
05e5
0807
0786
048d
0944
08af
0824
03e1
0623
0340
01cc
02ef
08ff
0c2f
0dec
080d
028b
0262
037b
0203
01e3
fe04
ff63
ff6d
fcf5
f966
f74f
fb9a
f820
f75e
fba8
fe6d
fd46
0131
075e
0828
07a5
036b
05b4
0418
fed7
03e9
062a
0207
01e6
0588
02af
fd84
f76b
fa74
f70c
fb5b
ff65
00af
00a3
0099
030f
019d
0043
f9ff
f69e
f5f4
f695
f86c
f7a5
f86d
f5a4
f5db
f79e
fd47
002b
fddf
fe48
faf7
fbc4
fa25
004e
0111
043f
0ad7
0cee
0f3f
12aa
1040
0c1c
0bfa
09fa
077a
0482
01b9
fe7d
fb75
fd9e
0044
ff9f
ff05
ff15
fa2a
f83c
f2eb
f357
f421
f53d
f69d
f831
fc6a
02fb
068b
086d
04ed
03fc
01ba
020e
032d
02f9
0549
0634
0491
0448
0543
062f
0acb
0b5e
06e8
0539
08a5
06db
016d
fc55
fc90
fcc7
ff7a
fa82
f5d9
f17b
eae3
f135
f4a1
f557
f601
f420
efde
fae0
0532
075e
0828
07a6
05eb
030c
005b
02d5
0027
02a4
feba
fd8e
f775
ff7d
00c5
05b9
02dd
03ee
010f
ff94
fcf4
0216
0814
0871
0c44
0a77
0733
0b68
0c7e
06df
fda2
fa0b
f95c
fa2c
ff89
fd10
f5bf
f163
f24d
f327
f174
f25d
fab7
fb0b
055a
0784
048b
fa42
fd1d
ffcb
060e
096d
0515
04c4
01f7
01d7
ff39
01c5
01a9
018e
fef5
ff05
02d5
0027
fc64
fdde
fe10
020e
097b
08a5
0796
029b
ff1a
fbd8
fcaa
feca
fa90
fe44
01cb
03ca
058a
ff82
ff89
fbd0
f853
f78e
f455
fa0f
fa6e
fd47
0132
04de
05d0
07f3
0634
0350
fcdb
fe4d
0228
0205
00a5
fb9a
f820
fb1e
006c
01a5
054a
08b5
05aa
054f
027a
fd52
fafc
f8cc
f43f
f9fb
009b
fe11
fa70
f5c9
f66c
fe85
039c
0362
082b
08e8
0999
03ff
063f
071b
0429
0526
0394
049a
0591
0537
0263
ffbd
fd40
fc2c
fb29
fa36
fa92
f5e8
f90a
fab9
fd8d
f3b4
f978
fee1
f9f2
ff52
fcdd
fd0f
023e
fd1a
fac8
029b
faf1
02c2
0295
ffec
0c80
0780
0500
0280
0280
0500
0500
0500
0780
0000
0000
0500
0500
0280
0000
0000
fd80
f3a8
f6ed
f9fe
fcde
0210
06ef
067f
0897
008d
f684
f21b
fa79
0251
04ac
06e1
07b2
0876
092f
061b
05b9
019d
fdc3
fa27
f804
fc43
003f
03fa
027b
ffd3
0255
ffb0
0235
ff91
0218
01f6
fcd6
ff88
00cf
fd02
f5b1
fa16
ff74
fe3c
fd18
fe87
fade
fdb0
0055
054f
027a
0252
036c
0335
ff42
ff4d
f918
f5c6
f669
f5c2
f8e6
fe57
fe71
f98a
fb31
007e
02f6
02c6
0799
ff9f
0725
07f3
08b3
05a8
068d
08a4
0a99
062f
048c
01c3
0426
0163
014d
0137
0123
f991
f9f7
fa57
f331
eefe
ed8e
eeb5
f9c9
01ac
0691
0b28
0e35
0c12
0510
087f
0937
0b23
0bb1
09b5
069a
0130
ffdd
ffde
ffe0
fd62
fc4b
f786
f44d
fa08
fa67
0100
09b0
07d5
0397
fd1d
facb
fc5e
f658
f1f2
f552
f37d
f6c5
fb19
f667
f840
fb3c
fcc8
fcfb
ffab
fe70
fd49
feb4
fec8
fedc
002e
052b
0898
0a8e
0c65
069e
fff4
0134
fea1
03b7
037b
0483
06ba
fd8e
fef5
fc85
fa3d
fd18
fc07
fc46
02c1
013e
ffc9
fe6c
ffb1
fbe4
fd73
fefd
0075
0bd2
0c1a
097c
ff3b
fd23
f8c3
f762
f65b
ef75
f2fd
fb4d
0098
080e
028d
04e3
0495
094b
0db6
0f5a
0be4
03a5
0feb
0c6c
0925
0892
0f88
0710
041f
03dc
f99e
f004
ec04
e343
e78f
f095
f18c
f4f3
faa3
f879
fdf1
06e1
0b4b
0c94
09a3
07d3
0861
0763
0279
ff09
00d8
0642
0763
0976
075c
07a8
07b2
0876
ff2f
fb7b
fe43
fa9f
faf4
f785
f6cd
fb1f
fded
044e
0049
fc84
f53b
f367
f2f0
f501
fd31
025d
0737
0a83
039b
0221
fbbe
ffc2
fe85
025d
0236
fa93
fea9
fffe
fc3e
fc7a
fcb3
0467
0420
fede
08f0
fe61
fbfa
feba
03ce
0611
032f
02fc
02cc
001f
fd9c
fa02
f7e2
f863
fc9d
0092
0089
01c0
02e4
03f5
0276
038e
0215
0473
01ac
fc91
01c7
ff2a
f7b8
f83c
f638
f954
f9be
fca2
fcd8
ff8a
fd11
fac0
f894
030a
0cda
070c
ff1b
f8e9
fd1a
ffc8
ffcb
fe8e
ffe5
fc26
fc63
02dd
016e
0297
fead
fc42
02bd
0791
0ad8
07aa
022f
034c
0597
08fd
0d6c
0a15
0334
fe00
fe20
01fe
01de
ff40
fccc
f6bf
f892
ff49
fb94
fbdb
fd5d
f887
fa3e
ff9a
0361
046a
02e3
fef5
f785
f6cd
f9df
fcc1
00b5
0780
0500
0000
0000
0000
fb00
f880
f880
f880
fb00
fb00
fb00
f600
fd80
0a00
0780
062c
087b
06a2
00f1
01d3
0017
f6f6
f62e
fd41
fb38
fbf5
fe05
fec4
0480
05fc
00f0
0361
06ea
053b
ffe7
04e8
0ada
0a2c
0849
0a44
0adf
0531
039e
05e4
0445
0181
fee8
fef9
ff09
fc98
fa4f
f5a9
f64e
f969
f752
fa5d
f337
f683
fe9b
0131
fc1d
03db
0b1d
056b
0154
f9be
f7a2
fbe8
04e9
085a
0695
08ab
0460
0a5a
0874
02ec
fc7d
02f5
0546
0b31
07fe
04fe
04ae
00a3
fb98
f81e
f89c
f552
f9bc
fca0
fe16
00b4
00a8
fe1e
033c
ff48
ff53
fcde
0210
06ef
feff
fc8f
fe06
fe25
fd03
00f2
fd22
fad0
f8a3
f198
f13e
f86a
fa23
ff81
0348
0813
08d2
0844
07c0
0384
020b
046a
0423
02a1
0276
010e
00fd
03c0
fec0
f9c0
fb00
fb00
fc40
0280
fec0
fb00
fec0
0280
0280
fb00
f880
f9c0
fb00
fa10
fbaf
fe73
024c
05e7
0588
08ef
04a0
0316
0064
fc9d
fe13
fcf2
00e2
0714
06a2
03c0
fec0
fd80
0140
fec0
fb00
fec0
03c0
0780
03c0
0140
fec0
fc40
fb00
03c0
0280
0140
0000
0500
0280
fec0
fec0
0780
0000
03c0
0280
f880
0640
fec0
0280
0000
f9c0
06a4
03b9
087d
02f5
fb46
fe11
0330
007d
fb74
fe3d
fe59
f6f3
f784
f58b
f8b2
f926
f74a
024f
0012
07f8
051f
024a
fa90
fffc
0f10
0dbb
048b
00ca
023e
0108
ffdd
0145
fc30
f76d
f075
eeee
f27f
fd56
fb01
0050
02cb
079e
04a4
ff59
01e3
01c5
06a8
063d
0fd9
0c5b
0695
062c
0349
0d14
0ec2
0b56
05a0
02c6
0519
fd47
faf2
f643
fbdf
f9a0
ff06
ff15
f7a4
f969
fc52
018d
fef4
0044
fc80
f8f8
f468
f521
f5cf
f531
f99e
fdc4
fca7
fcdc
ff8e
05d5
0bb8
09bc
0ba0
05e6
ff47
06d2
fda5
040b
028a
0761
01eb
094c
03b7
fe7b
0253
fd2d
f85a
f794
f95a
f885
fa3c
fa98
feae
03c3
04c6
05b9
041d
fedb
fc6d
fd46
feb1
fec6
ff79
fc61
fa1b
f899
f90f
fb5d
fc47
fdc2
ff26
02f3
0224
0341
080d
0c8b
06c2
0b55
0aa0
0276
ffce
ffd1
ffd3
f5d6
02f8
07c8
fd4b
fd76
051e
074c
fb00
fb00
0000
f380
f600
0000
fb00
fb00
fd80
fb00
fb00
fd80
0000
0500
0c80
0780
03c0
0280
fec0
0000
0140
fd80
0640
03c0
0280
0500
fec0
0000
fb00
fc40
fb00
fc40
fefc
ff0c
f79b
ffa1
f826
fda3
f8c9
f43c
f778
0200
06e0
0672
038a
00d2
fe44
f960
f77e
f5fe
f765
fa3a
fa8f
fb0a
f923
fb52
0143
01ca
073a
0998
0a43
06d1
085e
05cf
0a00
0c80
0780
0280
0000
0780
0a00
0c80
fd80
f600
fb00
0500
fd80
f380
f380
0280
0ed8
03ea
f9ab
f510
fabf
fd92
fdb9
fb5d
f927
0114
fc03
0143
feae
fc43
fefe
040e
03cd
fe8f
fea6
063b
05d7
0079
02f1
02c2
0295
026c
fd45
fff0
04f1
fd21
f84f
02c9
051c
024a
ffa6
fd2b
f858
f8d2
00c4
fe38
f954
f4be
f572
fd9b
0041
02bd
0010
0a0f
0bee
0daf
0f53
0bde
0620
fe3e
fbda
fc1c
f9da
fa3c
f598
f63e
fbda
f99c
0402
03c1
ffa6
fe4f
f95a
f8a9
fabd
f559
f5a0
fdb5
041a
09f8
07a8
02bf
01cf
035e
0879
07fe
05fe
099e
0904
0674
040c
01cb
01ae
ff93
fb9a
fbe0
fe22
fe3f
f85b
fad5
0328
02f5
fe00
fe80
fe00
0080
0000
fd80
fd00
fd80
fe00
0180
0000
fe80
fd80
0100
0280
0200
05e0
0682
0619
06b7
024c
0427
06e4
0276
fd4e
fb79
fac1
f915
f883
f6fb
f48b
f542
f7ed
fb6e
fcb7
fbec
012d
041a
03d8
019a
0080
fe78
0290
0167
fe50
fb6b
fcb4
fde8
fa00
0800
0a00
0a00
0a00
0400
fe00
fe00
0000
0000
fe00
0800
0600
0400
0800
0600
04a0
0256
fe30
fe4d
f868
fce1
fe13
fe31
fe4e
fe69
fd82
f9a9
f90e
f97d
f9e5
fb47
fe92
02a9
027e
0256
0330
fefd
000d
030c
07db
065d
07f7
0977
09e0
0742
02cd
02a0
0560
03c9
012c
00b0
fa35
f950
f8ae
f851
f436
f3ba
f5a8
f7ca
f80b
fa87
fe06
fd5d
fa87
f9de
fb40
018c
0273
024b
0526
0ad4
0a26
0b84
09cb
082e
01ab
0290
0267
0240
0609
0565
05a0
04a9
089d
050c
028b
fb1d
fb4c
f89e
fc55
fded
fa7c
f86e
f4bc
f49f
f455
f610
f8af
fb24
fc71
fdaa
fdcf
00f2
01e2
00c4
01b7
049c
0352
001c
021a
05f8
0a98
08ee
075f
02e9
01ba
019e
ff84
ff8c
0193
fe79
fc91
fac8
fd1b
fb49
fc94
fecb
ffde
00e0
fbd2
f914
fa83
ffda
01dc
03be
0682
061a
06b8
044c
0807
0487
003e
fb3a
fb86
fbce
fd11
ff3f
fa4b
fea6
03bc
0480
0438
03f4
03b5
0079
0271
064a
00e5
fed6
ffe9
fcea
fe1b
0039
ff35
0041
013d
0029
fd26
f953
fdbe
fde2
fb03
fd53
fd7d
fda5
fecb
ffde
ffe0
03e2
03a3
0569
0112
0000
0500
04b0
0165
014e
0139
ff25
0033
fe2f
ff4c
fc57
fb92
fcd8
ff0a
0019
fa17
f976
f7de
fb60
faaa
fdff
041f
04dd
058f
0236
fd80
fa29
fa36
fd70
fd8a
fe37
fe66
001f
053a
08da
08f8
07cd
04f5
00a3
fd10
fd4d
fd78
02a0
0376
053e
06ea
047b
0033
0030
022d
050a
04b9
046d
0526
00d3
fec6
fcd9
f80b
fa8a
fae1
ff33
023f
fb1b
fb69
f7b2
fa37
fc93
fbca
010d
04fc
05ac
0a51
07ab
05f2
0225
ff83
fe0e
fec0
0470
05a1
0592
0456
fe0b
fd34
fd80
fddb
fe41
fbae
f966
f9d0
ff33
033f
040b
03ca
018d
ff74
fc7d
f8b5
f529
f6d6
fc69
fca2
fed7
02ea
febb
fed8
fefd
fe27
ff6c
ffa1
fed5
021f
0222
0114
ff0d
fa2e
f7cb
facf
fecc
0192
031f
02ed
01be
fda2
ffc7
01cb
fdae
01d3
01b5
009a
fe90
fea7
00bc
04b0
0765
03ee
06af
0844
06c0
0454
020e
02ed
01be
05a2
0348
0513
02c2
fe95
fcac
fbe1
fb22
fc70
00a9
029e
0074
fb6c
fdb5
fbda
fa1c
fa7a
f9d2
f834
fab1
fe05
0325
08f2
0863
05dc
017e
0466
0320
01ee
ffcf
03d2
0294
026b
0144
012f
031c
00ea
ffdb
fedd
fbef
fc30
fd6d
fe96
feac
fac1
fa15
fd73
009c
fe92
fea8
f8bd
f931
fb9e
fbe4
fc25
ff63
006c
0065
005f
0159
0243
061e
04bc
0570
0319
00e7
02d8
04aa
045f
0419
05d7
027a
0152
fe3c
f958
fbc2
fc06
f845
f9c1
fc24
ff62
016b
0354
051f
04cd
0380
0148
ff33
fe40
ff5c
0166
024f
012a
0017
0116
fd04
fb34
ff80
ff88
018f
0276
044f
010a
01f9
02d9
03ab
0252
02fb
0182
0013
00bb
0951
0d13
0c30
06f9
01de
fd05
f891
fa9f
fab7
faf7
f75a
f63c
f37e
ed4f
f018
fb33
01c2
01da
01e2
01d9
ffc2
03ce
077b
0ab0
095c
07d2
0621
05bf
0363
fd2c
fb59
fda3
ffc9
ffcc
ffcf
ffd2
01d4
ffb7
fbbb
f7ff
fe7f
0297
006e
fd00
ff00
0100
0400
0400
0400
0300
0300
fe00
0100
fe00
fc00
0300
0500
0400
0200
03e0
01a2
0287
015f
fb49
fc94
fcca
fefd
000d
000c
fc0b
fd4a
fb75
f5be
fb62
ffab
09b0
0715
02a3
fc79
f4b1
f365
f62f
fccc
feff
fd0f
fd3e
fb6a
fdb3
fbd7
001a
0418
02d6
03a9
076e
06f7
0787
080f
0a8e
0ae5
0636
05d3
0275
fd4e
fa79
fad1
0123
0511
0896
049e
02c0
05e9
09b0
0aed
0cbe
0a0b
0433
fc96
fa8d
fbd0
fe20
fa59
f8fc
f8ed
fa5e
f4b8
f66c
f705
fa95
ffeb
ffec
ffed
fdee
fd0f
003e
023a
0216
fff5
fdf5
0116
0304
02d4
00a6
fc9c
fad2
f924
fb92
fbd8
fe1a
0038
fe34
fc51
fc8b
06c2
0a56
09b0
0400
fe00
fb00
ff00
0100
0300
0200
0200
0100
0200
0100
fe00
fe00
ff00
fc00
fe00
fc20
005e
0258
f832
faaf
0304
08d3
0a46
0da1
04c7
047a
fe32
fc4f
008a
0281
0258
0432
03ef
fdb0
f9d5
f637
f2d4
eda6
f6cc
f75f
f7e9
fc6a
04a3
0458
0612
05b1
0555
06d4
1004
1021
09ba
096b
00d6
fec2
fed9
fcf8
f94c
fa11
fcf8
fbc8
fccd
f7db
f379
f641
fbdc
001e
001c
011a
0408
04c7
037b
0643
05de
0580
0128
fe15
ff34
fb40
f98c
f8f3
fe63
047d
0935
0aa1
0af7
0647
01e3
fec4
fad8
f92a
fa97
feee
02ff
00cf
fbc2
f805
f485
f03c
f238
f814
fc93
00c9
04bc
0970
06d9
036b
0134
0520
06ce
0861
09da
0a3c
0498
014e
0439
01f5
01d6
01b8
009c
ff92
fd99
fcbf
fbf3
ff33
0240
fb1c
fb6a
f7b3
0037
fe34
fe50
026b
0644
0bdf
0921
048f
fe46
fe61
f87b
f8f3
fb63
ffad
ffb2
0136
0223
0000
0000
fd80
fea8
fc3d
fc79
ff31
003e
fe3a
fb56
fd20
ffce
ff51
fd5b
039a
0757
0a9e
095a
ffe0
fcfe
fa62
f81c
fc39
0032
01e9
0176
fcfd
fae4
f714
f9c9
f883
fb8e
008b
0033
fdde
fbc0
fce5
0010
0208
02cf
0574
05c2
03dc
02f6
0205
ff13
fc00
fc00
fe00
0200
0200
0000
0800
0800
0800
0400
0400
0000
0000
fc00
f800
f800
fe80
0098
028e
0065
fc5f
fa99
faef
0340
030c
00db
04cd
0280
0458
0812
0991
08f7
0568
0211
fef0
fd01
f730
f7bd
fd41
006c
0065
035f
0129
fc16
fa54
f7af
f734
fdc0
02e4
03b5
067a
0112
fa00
f660
f4fa
f7aa
fe2f
034c
0417
04d5
0088
fc7f
fbb7
fdfc
062b
09a6
099b
0a43
078e
06c7
03d6
fcf5
fc99
ff5e
00fc
0277
03c6
ffe1
fc3a
f5ec
f58d
f834
fdb1
03d5
0798
0a1e
0b7c
04c4
fe78
fe90
f9a7
fd0c
ff3b
0347
0713
05a1
0747
02d2
fea5
fdba
fdde
0000
0100
01f0
fed1
fbe3
fc25
ff62
026c
0245
0220
05fe
029e
0274
ff4c
fa57
f4b2
f366
f130
f61d
f6bb
fb4f
fc9a
fad0
fe23
0440
05fc
059c
0442
04fd
0aad
0902
0572
011a
fb08
fa57
00b2
07a6
0a2c
0389
0450
010b
00fa
feea
fafb
fb4b
ff96
039c
0362
012c
ff19
fd27
fd54
fd7f
f5a7
f64c
f8e7
ff59
0563
0b0c
0e5b
0775
02fe
00ce
fec1
fed4
fee7
00f8
04e8
0299
fe6f
fa88
f6df
f371
f43a
faf6
fe46
0362
022b
0008
fd07
ff37
0043
043f
04fb
01ab
0090
0087
fd7e
fea6
02bc
0590
0737
00c3
ffb7
00bb
ffaf
01b4
0299
026f
0248
0123
0011
010f
f9fe
fc5e
f898
000e
010d
fefc
ff0c
011b
0309
03d8
fd9a
fac0
fc14
fe52
fe6d
fd86
faad
fe02
fb22
fc6f
fea8
febd
02d1
0aa4
0bf9
0b39
0885
01fd
01dd
f9bf
fe23
0240
fe1c
fe3a
fc56
fa90
fce7
fb18
fa66
fec0
fdd4
fcf6
fd27
fe54
016f
ff58
fe62
ff7c
0384
044b
0406
04c6
0552
05ab
02d0
030c
01ab
ffd3
ff99
ffe5
03ad
061b
04b0
0036
fd01
fb17
f973
f81c
fc9a
01d0
06b3
0847
03c3
0386
054e
00f9
00e9
00da
fecc
fcdf
fb11
fc5f
fb99
fddf
ff00
0000
0200
ff00
ff00
ff00
fe00
fd00
ff00
0200
0200
0400
0300
0400
fe00
fe00
fd20
ff4e
fc59
fa93
01e9
05ca
056d
0216
fef5
fb05
f855
f7cf
fd52
fe7d
fc95
ffcb
00cf
03bc
065c
099e
095e
06d7
0241
00e2
0091
0040
fdf2
f8d9
f44a
f162
f21d
ef3b
f30d
fe08
0363
034d
071e
0478
00d8
036b
00b9
032c
045e
0259
0162
036e
043e
02df
0600
0200
0000
fc00
fe00
0200
0000
fa00
fc00
fe00
fc00
fa00
fa00
0200
0800
0400
ffc0
ffc4
05c7
036b
ff34
f940
fbac
fbf1
0431
07ee
0d6f
0a98
03ee
01af
fb94
03db
019d
0183
fb6a
f7b3
f838
f4b4
f769
f9f2
fa52
fead
08c2
0835
07b2
0536
06e3
0674
040d
03cc
038f
f956
f9c0
f624
fec1
fad5
fb27
ff75
017d
0765
08ef
0660
03fa
05ba
0730
0755
023d
0364
055d
070b
0665
0396
fed6
fc6b
fb43
fc52
fd6e
fc8c
f6d3
f5be
f462
fb1c
f56a
fe13
0431
03ee
01af
0394
035a
0324
fcf2
fd22
f950
f7bb
fa3f
009b
0291
0667
0001
fe00
f820
fc9e
02d4
0aa6
09fc
055c
0706
0895
060c
07ab
0530
02dd
ffaf
fdb4
f8d8
f74a
fbd5
fc18
fe56
fd71
fd99
00bf
01b3
0298
036e
0337
0404
fec3
00d7
fdc9
f6ec
f77d
fa05
fb65
fdae
fad3
fd26
ff53
055e
0608
03a7
056d
0516
08c4
0a38
0794
021b
fff9
fcf9
fe29
fe46
fe61
fe7b
fb93
ffd9
fedb
ffed
fdee
ff0f
fe1e
014b
0439
02d7
0273
0002
fdb7
f7a2
f731
fb0d
ffd3
024d
018c
06cb
067e
0302
fca5
f8db
f74d
fad8
022a
0307
01d7
03b9
047d
0235
ff12
0420
01de
ffc0
fec4
ffd7
00da
00cc
00bf
ffb3
ffb7
febc
fdd0
fff3
02f3
04c4
0477
0330
01fd
fcdd
fb0f
ff5e
0068
0261
003b
0037
fe33
fc50
fa8b
f6e2
fd73
039c
0362
072b
08b8
042c
ffe9
fbea
fc2b
fd68
fa91
f4e8
f799
fd1f
ff4d
fe58
0072
ff6b
0174
045c
0416
03d5
0297
046e
0227
0400
0400
0200
fe00
fd00
0000
0200
0300
0200
fd00
fe00
0000
0200
0200
0500
0200
fce0
fd12
0140
042c
02e9
feba
fdce
f9f1
fd51
ff7c
0084
fd7b
f7a3
fb29
0276
044e
0309
fdd8
fbfa
fa3a
fb96
00dd
ffcf
02d2
00a4
059a
0540
06ec
057d
0625
04c2
0276
024e
fe29
fe46
fc62
fc9b
fed1
06e4
0675
040e
01cd
fdb0
fbd5
fc17
fc56
fa90
f8e7
0000
ff00
fc00
fe00
fb00
fb00
0200
0200
0300
ff00
ff00
0000
0100
0300
0000
ff00
fe18
fd4d
fea5
fbf1
0189
00ba
fff3
0538
05fe
0888
0aa5
044a
0033
005b
f67d
f588
fa2f
fa8c
f9e3
f745
f6d0
fe63
017c
0564
080e
068d
0524
05d1
0674
0b0c
035b
fd25
fc53
fd8d
feb4
ffc9
01cc
08af
0524
00d1
fdc4
fae7
fb39
fc85
fbbc
fa00
f760
fbea
fc4c
02c5
02c0
06a5
0816
072f
001d
fd7a
f715
ef5d
eea6
f084
f8bf
00b1
061d
0501
04b0
0665
08fe
0a6e
05c7
006b
fd64
fd8d
02b4
ff89
0090
0587
082e
03ab
0170
fe59
ff80
f898
fa5a
fe2d
fdd1
038c
04ce
05d5
009c
fdb2
f908
f6e0
f123
f239
f9ac
02d9
0eab
09c0
fd24
f951
fbbc
fe00
fe20
fa3e
f89a
ff10
011f
030d
04dc
048e
0845
0bc0
0804
0283
ff5b
fd65
fb8e
00d5
fcc8
fcfb
002b
0228
0505
04b5
0269
0142
ff2e
fe3b
fd00
fa00
f900
fb00
0300
0300
0200
0200
0000
0200
0300
0100
0000
0300
0200
0200
03e0
fea2
feb7
fecc
fbdf
fe21
fe3e
fe5a
0074
fd6d
fe96
f9ac
f911
fd80
01a8
ff8d
0294
056b
0714
0ba2
0de8
0c09
0548
02f3
ffc4
fec7
fedb
feed
fdfe
fe1e
043c
01f8
fdd8
fdfa
f81a
f498
f54e
eff9
f4f9
f7a9
fe2e
024b
0026
0024
fc21
f65f
fcf9
0529
0520
034e
00d9
ff4b
0196
023d
0459
0353
025e
0238
0514
0583
046a
0363
026d
00c6
fff9
fe7a
fd12
fec0
fc94
f9cb
fa2e
f78b
fa52
fcec
001e
031c
00aa
021f
007d
01f5
0055
fe10
feef
013f
01eb
01cc
00f0
0021
00de
0250
02eb
02bc
04d0
0543
01ef
01cf
04b2
03a7
01ec
010d
003c
01b8
ff5c
fde7
fe08
fca7
fc1c
fa1a
f8f8
fae8
fcba
fcee
fc77
00a4
ff48
0048
0135
0089
02e3
05c0
0841
0697
0054
fbf1
fbb5
fe9f
0164
feb2
fec6
005a
0354
019e
0184
fcec
fb9d
f763
faed
f9be
fba2
0067
fee1
0672
018b
0472
042b
0268
0541
07ed
046e
05a7
024c
fda7
fc4c
f987
f86f
fa67
ff41
024c
00a7
009d
0393
0299
0270
00c9
fdbc
fae0
fd72
fd9a
fd01
00f0
00e1
0253
02ed
04fe
06ee
04ff
01af
ff54
fdde
fbc0
fc04
fc43
faff
fd8f
fe76
00ce
0001
ff41
fd0c
febb
fe0f
fe2e
05cb
086e
0967
0a50
052b
01d8
fd3a
fbe7
f628
fcc5
fcf8
fd29
fbd6
f799
fc9f
fcd5
fe87
031f
046c
0a26
0803
0483
043b
0277
03cf
ff12
fc20
f95e
f3c8
f48b
f6c2
fa56
fe71
0009
ff49
ff54
031e
046c
0125
0413
03d2
0514
0403
0603
0662
06bc
07d0
0513
0641
045d
ff97
fd5d
fd87
022f
014b
fef6
fcc7
ff3a
fe86
fa1e
f6bc
f990
fc37
ff73
00fc
00ec
025d
fc37
fc73
fb2c
f9f9
fd59
ff04
0213
0672
060a
042a
0267
0240
fd9c
fb82
fd49
fe35
0091
0148
0373
027c
0254
03ae
02b3
0288
019f
fdc5
fa28
fb46
fd11
fed7
02c9
0126
0052
ff8a
01d1
00e5
0180
0205
00f1
ffe7
ffae
fafa
f83a
f5e4
f4c3
fb77
febf
0653
076e
06f7
0b07
0a56
0831
04ad
0162
fe4c
fb67
fd30
005d
fed7
fd69
fd93
f939
fb26
fcf3
fea4
0039
0036
feb2
fec7
005a
04d4
0a87
085e
04d8
fd0a
fd39
013b
0373
06eb
06f5
03c6
02eb
0386
003b
0022
ff4a
fd04
fd3a
ffc3
00a4
00b2
0178
0221
013f
01ea
01cc
032f
02fc
008c
fe43
ff1f
ff2c
fffa
fcfa
fbaa
feef
fc00
ff40
ff4c
0557
0501
0331
fe7e
fd16
f8c4
f4b8
f6ec
fbfd
fdbd
ff61
ff6b
ff74
fdfd
fc9d
ffd3
0215
0134
0360
00ea
025b
0235
0211
0130
041d
03db
ffdd
fe5f
fdb9
fe9d
0273
00cc
00bf
fdb3
fdd8
feba
034e
0259
0173
05dc
03fe
017e
0226
02c3
01d7
ff79
fe02
fe31
03ab
04f0
02f9
01c9
015d
002d
fccd
f9bd
f950
f9de
fe54
01cf
02c4
0153
03ae
0133
0120
004e
fc89
fe40
015c
0146
0131
ff9e
0064
005e
0298
00ee
019f
ff45
fb90
f757
f962
fd8b
fcf2
f963
f9cd
fbb0
fcb5
fe69
fb82
fe0a
0069
02a2
0338
0244
0460
029a
0630
044d
0408
0247
0762
07ac
0431
00ee
fb9f
fa64
fb7e
ff86
ff8e
0055
004f
010a
0279
0191
ff38
fdc4
fba8
fa6d
f886
f5fe
fb1e
fdac
fd11
fb00
fe50
016b
02d4
0366
0270
0549
04f4
0624
0742
054d
07f8
08f8
07a9
07ee
05ef
01d0
feb3
fb07
fcd7
fe89
fea0
f8b6
f62a
f547
f5f3
f993
fe7a
fd12
fec0
0054
01cf
01b1
0016
0015
fe93
fd2a
fd57
fa81
00d9
024b
03a6
096c
0455
ff8f
ff96
fc9d
02d3
0725
0833
0930
071d
0132
fddb
fe8c
fe7c
fc3a
fbb9
fe62
fdee
fe51
feba
fe68
ffa6
0254
0043
fcd2
fcb0
fc25
fae3
fbf5
fb75
fbbd
fc01
fd01
ff71
01b9
ff5e
0028
00e5
ff56
fde1
fbc3
f906
ff76
027e
03d6
0399
01df
01c1
01a5
060a
0729
06b7
064b
0466
0120
ff8e
0115
0103
04aa
05b2
07fb
055f
0502
00c3
fd81
fb46
fad5
fcd4
fb0b
f987
f48e
f100
f1e2
f627
f9c4
fea8
04bd
08f1
0862
01db
04bd
0771
03fa
053a
0366
04b0
0165
ffce
fcd1
fe84
00db
00cd
0180
02e8
fd79
ff21
fdaf
fe94
002a
0027
fde5
fa46
fb62
fbab
fbf0
fe71
fe8a
0021
031f
05ed
070e
039d
01e3
01c4
0328
02f5
02c5
fc99
fccf
fe82
fd1a
f8c8
f87b
fa73
fc4c
fe07
fee6
02b8
010c
01bb
00df
0251
02ec
01fd
fe1d
013b
0367
0331
03bd
0441
04bd
0231
02ce
0061
feda
fcac
faa1
f8b7
f6eb
f9bc
f961
fb4a
fdd5
0278
0310
045f
0419
0557
0502
0571
ffda
fd9c
0002
fe82
fc59
fbd4
fd96
fffd
fcfd
fead
f8cc
f682
f628
f923
fda4
01f0
0167
00db
fbd1
fd38
031f
0a0e
0a3d
0717
00ea
ff99
fe5f
01c6
0368
0354
04a6
05be
0696
072b
047e
fbd7
f9dc
fe31
024f
0198
fddf
fd73
fb5c
fa26
fb43
000f
fe8e
00e5
ff56
04a1
0516
0105
0034
01b1
0255
00b0
ffe5
ffe6
ffe8
01c9
026c
0005
fe25
fd22
fb10
fa3f
f8bb
fb6f
fc78
fef0
0141
02ad
0342
048d
0204
0124
0351
025c
00b6
fc2b
fc68
fb21
f9ef
fa4f
fcea
00db
ff4d
00d8
030a
009a
0090
0507
0636
0452
040d
00cc
00bf
fab3
fc88
fcbf
fcf3
0024
01a1
0487
02be
0592
0479
05b1
03d6
0519
0407
0306
0396
01dc
027e
0316
02e5
04f6
0267
00c0
fdb4
fad8
fd6a
fcd4
f886
f77e
f986
fe6d
0306
0396
035c
fea6
fa3c
f798
f8de
fdd0
feb3
0108
01b7
fe9b
fd31
fbde
fb60
fdea
004b
0286
03de
0460
041a
03d8
039a
02a0
ff76
febe
fed2
ffa5
feea
ffbc
fd80
fc28
fba5
fd6a
ffd4
0156
0441
00fc
032c
02f9
014a
0075
fe2d
014a
ffb5
007a
0432
01ae
00d3
fdc6
fde9
fe0b
01ea
01cb
032e
047b
0373
003c
0038
ff74
fdfd
005d
01d7
00f9
00e9
fd1b
fa49
fc24
0021
031f
05ed
01ce
00f1
ff61
fd00
fd00
f880
fd00
fb80
fe80
f880
fb80
fa00
fd00
fb80
0480
0600
0780
0480
0480
05b8
03dc
ff1e
f92c
f999
fe80
fd18
fbc6
fa8a
fc61
fc9b
ffd1
0153
ffbe
fe42
fe5d
02f7
0448
0103
ff73
027b
0553
0afe
08ce
0541
01ec
fbcd
fc10
00cf
03c2
0385
fecd
fe80
0000
0180
fb80
f700
fa00
0480
0480
0180
0000
fd00
fb80
fb80
f880
fb80
fd00
0330
05fd
011d
010b
fdfa
fc9a
fe50
05eb
088c
0383
004b
01c6
0029
fba7
fa6c
03c5
0b08
0758
06e2
04f4
0324
fb72
f73a
fc47
0102
00f1
00e2
0254
022e
ff0b
009a
0390
04d7
0489
05c1
03e4
fda6
ff4b
fdd6
faf9
f849
f8c5
fdb8
025c
03b7
01fb
fedb
fa6d
fdc6
00e9
06db
07ed
ffee
fe6f
fe87
fe9f
feb4
fd49
fd74
009d
0093
ff09
fa99
f96f
f558
f602
f522
fbcf
fd92
fdb9
00dd
024f
022a
0207
04e7
0618
0136
fe23
fb40
fa0c
fcab
ffe0
00a2
0097
fc0e
fe8d
ff64
00ed
fdde
fe00
fd60
fcca
00bd
03b1
0676
06ce
05a1
0487
073e
054a
0135
0061
fedb
feed
fe3e
fcda
000c
024b
ffe6
fe68
0181
ffe9
03aa
02af
0284
019b
00c1
fe75
018d
02f4
02c5
0418
0256
0171
009a
ffd0
fc13
f7d1
f9d4
fa37
fcd3
fdc6
0029
01a7
000c
000b
ff4a
fad5
fa68
fa01
fa61
fdba
001e
025c
02f6
02c7
029a
0030
00ed
019e
0004
fd03
feb3
fe08
fca7
fc1c
001a
0498
074e
0799
0660
05fa
071a
02e8
fef9
0089
ffc1
fcc4
fab8
fe0c
feeb
fd7c
fe65
fffe
ff3e
fe8a
fea1
0037
0333
0300
ffd0
fcd3
fb85
004d
fd48
fa73
f64c
f9e7
0048
0643
045f
ff99
fc9f
fa95
feac
0101
01b1
ff55
fde0
fd42
ffad
04f2
0563
068d
0624
0381
04c9
05fc
0480
0000
fe80
fd00
fb80
fdc0
fc40
fb80
0180
03c0
03c0
0240
0180
0180
0000
fac0
fa7e
fb2c
fcb5
fc01
fcf7
0275
03c8
05a6
07f9
06e7
04ef
016e
01da
fdb0
fb5a
fdcf
ff72
fd3b
fa67
fe80
fdd8
fdfa
fb1a
fce8
00d9
030c
009b
0091
0388
034f
019a
ff40
ff4c
ff57
0261
017b
fe63
fdbd
fae1
fd72
fc1b
fdd9
00fb
002b
ff68
fd32
fd5e
0208
fe80
0000
0480
0300
0000
fe80
f580
0480
0780
f880
0000
0480
fd00
0300
0600
0000
0240
069c
03f2
0532
04df
0011
0010
00cf
fe82
0019
0198
053e
02aa
ff7f
01c7
002b
fd28
fbd5
fd97
fabe
fc92
ffc8
014c
0137
0123
0411
ff50
fddb
fc7d
f6b5
f749
fc54
010f
033d
0489
0081
fef8
fb48
f954
fcbe
fb72
fdfb
fedb
feed
01fe
029e
0274
018c
fff3
fe74
fe8c
fd23
0051
01cc
002f
032c
0479
0431
056e
0397
fedd
fbef
fab0
fe05
02b4
0702
0952
0533
042c
0313
fbf3
f9e6
fcaa
00dc
04c3
09c6
082a
04e6
04af
ffd6
fe58
fb72
f73b
f947
fcb3
ffe7
02e9
02ba
028e
ff65
fdee
fc8f
f9c6
f429
f1e7
f748
ff98
03a7
0697
03e2
02ba
000e
ff0c
0061
00de
020b
0556
03c0
0226
0093
ffd5
02e4
02b5
ff8a
fc91
f848
f5c3
f7e7
fe68
0601
0421
00de
fdd0
fdf3
fb14
f862
fd5c
0086
01f9
0044
fd28
fa55
f95b
fba6
026e
08b7
0b55
08ed
04e4
ff74
fd5f
fd00
ffbe
ff52
ff5c
fc67
fe20
013e
ffaa
ffaf
0134
0720
03ae
0073
feeb
01fc
005d
fed7
fd69
fc12
f951
f5fc
fb1c
f92a
fbd7
fb59
fd24
ff91
0358
06e2
08b4
05e9
01ca
fead
0042
027d
06d5
07e8
0769
03f2
ff33
00c0
ff34
ff40
00cc
fdbf
ff63
ff6d
0276
024e
ff29
fc36
f751
f5fe
f691
fca6
ff73
0159
0194
003f
fd7d
fdfa
0300
025c
01b0
0280
026f
024b
0166
0150
013b
0367
04b0
0825
06e2
05b4
0258
0172
015b
fe45
fb61
fc6b
fe24
ff01
ffd9
0223
0138
fa51
fa06
f9ef
fb8a
feaf
fd2b
0057
004c
003f
0031
01a2
fe6e
017a
00a2
0217
01f6
0356
0561
050a
00f9
01aa
00cf
ff42
ff4d
fdd8
feba
01cf
00f1
00e2
0254
ff2e
fdbb
fddf
fc81
fb39
f885
f5fc
f69d
fbb3
fd77
fda0
ff46
00d1
fac4
fb18
fce6
fb98
fe1e
013c
04e8
0919
0708
0397
01dd
027f
0197
023e
02da
012c
0299
03ef
0230
ff0d
fd9c
00c2
fdb5
f7da
f55c
f786
fc8d
0144
02b0
0585
082c
0aa9
06ff
008e
fd00
fd00
fdc0
fdc0
0240
0480
0300
0300
0240
ff40
fd00
fe80
fe80
0000
00c0
0300
02d0
0423
04a0
0216
fd74
fd9d
fdc3
fc66
fd60
fc0a
ff49
fe94
fdeb
004c
0407
0306
0396
005c
fed6
0069
fca2
fb57
fde2
fd43
fe2f
008c
02c3
0417
0255
022f
038c
0113
01c2
00e5
0017
fe95
032c
0539
04e5
0197
ff3d
ff49
0195
00bb
fe6f
fe88
001f
025d
0177
fe5f
f9f9
f99a
f940
fb2c
fdb9
fddd
fdff
fc9f
fb55
fc60
fc9a
0090
fd87
ffee
00af
02e3
01f5
01d5
03f8
0478
0430
032d
02fa
05ca
062d
020a
0069
0063
005c
0116
febc
f991
f96b
f97d
f9c1
0033
033c
047a
0280
0091
01bc
0147
fdce
fa9e
f7cc
f9e8
fa93
015f
0332
034f
04cf
0190
0178
ffd6
ffce
05c9
09b5
0714
02e4
0060
fb00
f79f
f4b6
f9d6
fd55
03b1
0809
05db
0520
0148
0222
fcdd
f806
f0bb
f1df
f661
fae8
fc4e
ff89
0410
03cf
ff12
03a0
04e6
0618
0436
00f3
0263
053d
0369
04b2
0767
09f0
0951
043c
06f8
0508
0337
0184
fb6b
fbb4
fef9
ff09
ff19
00a7
021c
037a
01c2
01a6
fd0b
f8ba
f4af
ef63
f06d
f766
fc6f
ffa8
012d
029a
0270
fc49
fc84
f9bc
fba0
0066
01df
04c1
0775
027d
00d5
fc48
f983
f86b
fd64
ff0d
009c
0152
037d
0585
052c
065a
0534
04b7
059b
04c5
0315
00a8
ff1b
ffef
fe75
fb9f
fc19
fd6b
00fc
02cb
0227
023c
017d
ffe5
fb67
f730
f63d
fb59
01a3
0309
ffd8
015a
fe45
fe60
fffa
fffa
fe7a
0312
05e0
0402
00c2
03b5
07fa
077a
0582
03a9
036f
01b7
fb9c
fbe2
fda3
fc49
fb04
fcd4
fa06
fe26
ff03
0093
038a
0111
01c0
01a4
0189
0231
fe4d
fce8
fdd9
f97c
f9e4
fe05
fd65
ffce
fe51
ff2c
fff9
00ba
03ae
02b3
0047
fbc3
f786
fb0e
ffdd
021f
007c
ffb5
fef9
fcc9
00bd
0471
05a9
054f
0139
fee6
fcb7
fdac
ff51
fe9c
fd32
fc9e
ff14
02e3
04f5
0325
fff2
fcf3
fd24
fd51
007c
01f4
fed5
fd67
0210
04ef
0020
001e
031c
fe6a
f883
fbfb
00bb
022f
020b
01ea
04cc
05ff
059f
0245
0220
037e
fec6
fd5a
0084
037b
0643
05df
0401
ff41
fdcc
fdef
fe10
fcaf
f9e4
fec5
04d9
030b
ffda
fe5d
fcf7
fba7
fa6c
fc71
0172
0318
0249
0235
ff11
fce5
faf5
fd0c
fd98
feef
feb8
ff4e
ff20
fe3c
fd73
ffdc
009e
fe54
fc2e
f8ab
f920
f8ce
fe81
0258
0472
072b
09b8
09dd
057f
06a7
07bc
02c0
0114
0102
fdf2
ff92
fb19
ffe8
ffe9
fb6a
fd33
fa60
faba
fb0e
fcdd
030f
ffdd
045f
01d9
033c
0308
0157
ffc1
fcc5
fcf8
f969
fa92
fc69
fd62
008c
0203
0123
0110
027f
0317
00a5
021b
02b9
010d
fd3c
fd68
fe51
fe6c
0005
0485
02bc
ff91
fd57
fe42
fb5d
fc67
fa61
fdba
025e
0478
07f0
02f1
0502
01b2
00d6
fe89
fde0
fc82
fd79
fe62
00bb
052f
035c
00e6
fdd8
ff7a
0282
031a
02e8
04f9
0029
fde7
fb08
fc17
fdd5
feb8
fc8c
fa83
fa1b
f779
fb01
fcd1
ff44
00cf
0182
022a
0447
04c2
0176
ff1e
ff2c
ff39
0246
03a1
0367
06f0
0501
0631
050d
04bc
00b0
ffe5
ffe6
fe68
fb81
f809
fc48
fec3
fca0
f7ba
f7e5
f6cd
f910
fce6
0097
ff88
000d
020a
0556
0542
0385
01c8
0018
0001
0101
fef0
ff81
fe89
ffa0
00a6
011b
018a
0071
feea
fffb
00fb
01eb
02cd
0120
010e
0200
0200
0300
0280
0000
ff80
ff80
fe80
0080
0180
0280
0380
0280
0380
0000
fd80
fda8
fccd
fc80
feb8
fecc
fedf
fdf1
fe12
fdb1
fc55
fc90
fc47
ff02
0112
0281
0358
02e3
0334
02c1
01d5
0137
0024
0061
ffdb
ff1d
fdeb
ff0d
ff5c
0126
0193
ffba
007e
fef6
ff07
fe16
fe35
ffd1
02d4
03a7
026c
0145
0231
010d
00fc
006c
ff65
02ef
03c0
0404
0343
008f
0006
ff06
fc15
fdd4
fa76
fa4f
f9aa
fb0f
fcde
ff90
ff97
001d
fe1b
fe3a
fb56
fda0
fac6
ff1a
fa28
0085
fb7d
01c5
00a8
059d
0443
07ff
067f
0817
0596
03bc
0200
ffe0
00e2
ffd3
0156
03c1
0384
034c
0497
02cd
04a0
0256
0131
fd9d
fcc3
fa91
fb2c
fd64
008e
0080
00ef
004f
ff37
fe36
fe53
fd7b
fe44
ff0f
fed4
fe26
fc12
fb50
fc9b
fed1
fae4
fd36
fc62
fc9c
ffd2
ffd5
01d7
01ba
009e
ff94
009a
0191
0177
00e0
02d2
0224
0082
007a
fef2
ff83
010a
01fa
01da
ffbc
0240
021c
027a
0152
023d
0319
02e7
03b9
027d
ff55
fb5f
fca9
fddf
fe01
fe20
fc3e
fd7a
fda2
fdc8
fbeb
fb2d
f9a0
fb5f
fd27
fae9
fbf7
fb15
fe68
ff92
01ad
0199
0379
031f
06b1
07d5
05a7
036f
0238
0214
0273
024c
01a7
030c
03db
031e
026c
01c5
02a8
02fe
044e
0089
ff80
fc88
fc3f
ff7b
0003
0103
0173
fe5c
fd76
fc9e
fc54
fd0f
fb3e
fa0a
fae9
fbba
f97f
fae7
fc38
fdf4
fe15
fdb3
fed8
feea
01fc
01dc
043e
047a
04b2
0467
0220
fffe
fe7e
ff96
009d
0113
0181
0269
0242
019e
0084
007c
00f4
0364
04ae
0463
009d
fe93
fda9
fb4f
f99a
fb80
fec8
fddb
fdfd
fe1d
00bb
0130
029d
0373
023b
0218
0076
016f
01d8
00ba
00a9
ff93
ff11
fe9f
fe3f
fdf2
fdbb
fe98
0173
0214
009b
00b3
0245
032a
02e8
0112
ff01
fe91
fea8
fe3d
fed9
fdeb
fc8d
fa44
fb9f
ff65
fdef
fd10
fb3f
fb0b
fe5a
fef4
0085
02fc
044c
0587
01af
0194
00fa
ffeb
01ec
01cd
01b0
0415
03d3
0416
0454
030f
035e
00a8
ff9d
fe23
ffc1
fec5
fe58
fe72
010b
ff7a
fe83
fc9a
fc51
fc0b
fccb
fe7e
0116
0304
02d4
01a6
fe8c
fe23
fbc1
fc84
fdbc
fd60
ff8a
fe91
ff28
feb5
014a
00b5
0129
ff97
009d
0193
03fa
04ba
056e
0297
026e
0047
ff42
fe4e
fd69
fc92
fec9
fd5c
fb86
ffce
01d1
00b4
fca8
fade
fe30
ff4d
fc58
fe92
fea9
ffbe
01c2
04a6
035b
0226
0103
fef3
0104
fff3
fef4
0305
03d4
0397
025d
0037
ff34
fe40
fd5c
fc86
ffbe
00c2
00b5
01aa
028f
0266
0140
012c
0019
0117
0206
fee5
fbf7
fa37
fe94
fdaa
fdd0
fff3
fc00
ff00
0000
ff00
0300
0100
fe00
0300
0300
0300
0400
0100
0100
0200
0100
0100
00b0
ffa5
002a
0067
ff21
ffef
0030
00ad
00e2
01d3
0036
0133
001f
fedd
ff6f
ff38
0000
fd00
fe00
fd00
fe80
fe00
fd80
fe00
fd00
fe80
0180
ff80
0000
ff80
ff00
0200
01e0
00c2
00b5
012a
0297
026e
01c7
00aa
021f
02fd
02cd
01a0
ff86
fd0e
fc3d
fdf9
fe99
fe6f
ff88
fe8f
fee6
fdb8
fc5c
fd56
fe41
ffdc
ff5e
0128
0056
0010
010f
013e
012a
0217
0276
014e
ff39
fcc5
fd79
fda1
ffc7
004a
0146
01b1
0296
01ec
00cd
00c0
ff2e
fdbb
fd71
fd40
fda7
fd9b
fb23
fa78
fb04
feaf
01aa
0368
05ee
059c
05a2
04fb
0300
0400
0100
fd00
fd00
fc00
fe00
ff00
0000
0000
0200
0300
0100
0100
0100
0100
01f0
01d1
feb3
ff48
ff53
00de
02d0
04a3
0459
0113
fd82
fe29
fe47
ff62
fe6c
ff85
fd0c
fa3b
fa18
fbf6
feb7
014b
03b6
037b
0143
fe2f
ff4c
fed7
0169
01d3
01b5
041a
03d8
059a
0541
02ec
01bd
ffa1
fea7
fdbd
fbe1
0022
0320
01ee
01cf
02b2
0287
ff5e
ff6d
fb7f
f9f4
fab2
f88e
fac8
0107
00db
03a9
042e
0388
02d0
010d
005d
00b5
0002
ff5a
ff41
feb0
fe32
fe4a
fd6e
fcb4
fca0
fd28
fcbe
fd75
0034
0046
00d4
01d2
0232
027a
0229
01cc
00e6
0008
0036
0060
0084
0122
002c
ffc5
fc65
fcd8
fd5d
ff6e
03e3
0525
0652
036d
0136
0023
ff20
012e
011b
0009
fd89
fc30
faed
fc3e
fc7a
feb2
fdc7
fefc
ff25
fdd3
fea6
ff77
02bf
03bd
048c
062a
04fc
03b9
03ed
017e
0129
01d0
ffde
fee0
fbf2
fb33
fd80
fda8
fccd
fe00
ff20
fe2e
ff4b
0156
0140
032c
02f9
03c9
ff8d
fd94
fcba
fbef
fd30
ff5d
0367
0430
04ed
049e
0054
ff4e
0159
0144
022f
020c
00eb
005d
0057
ff51
ffdc
fede
fe70
fd89
fdb0
fc55
fe0f
fdae
fdd3
fdf6
fc96
fbcd
fd90
0037
ffb3
00b8
01ac
0191
02f8
0548
0473
022c
0089
ff00
ff90
ff97
ff1d
002b
ff29
fd3c
fd05
fe69
ffc3
ff89
ff56
fe2b
fba1
fa63
fae5
fe87
fefb
01f0
0525
04fe
0431
02ee
013f
ffab
ffb0
0235
0291
01e8
01c9
012c
0019
0098
008e
ff85
fe8d
fda4
ffc9
fdcd
fff0
0071
01e9
004b
01c6
0029
0127
ff14
ff23
0030
ffad
feb2
ffc7
004a
0146
0031
fdae
fc53
fd8e
fe35
fdd1
fe74
020c
006b
00e5
00d6
02c9
029c
04f2
05a3
0448
0404
03c3
0387
024f
fe2a
fc47
f882
f8fa
fa6a
fbc4
ff07
0317
02e5
01b7
009b
ff92
ff00
0000
0080
0000
0000
0280
0180
0200
0200
0180
0100
0180
0280
ff80
ff80
fe00
fd20
fc4e
fd09
fdb8
fe5c
fff6
fef7
0107
fff7
fff7
fef8
fd08
fb37
fd84
fe2b
0049
01c4
01a7
020d
feec
00fd
016d
0056
ff50
00db
02cd
0120
038e
0455
0710
051f
03cd
0371
0300
02fd
01e3
fe4a
fbf9
fcec
fc69
fe0b
fe21
fb45
fabd
fb66
fd2a
fee8
0193
0200
0280
0100
0100
0280
0300
0180
fe80
ff00
ff80
fd80
ff00
0080
0180
0100
fe80
fe98
fdae
01d3
01b6
039a
0561
030a
ffda
fcdc
fc0e
fd4d
fe78
fd90
01b7
009b
0192
00f8
0169
02d2
0325
0172
ffdb
005d
0057
ffd2
ff54
ff5f
fce9
fd9a
fdc0
fee4
fef6
fd86
fbae
fa73
fc4b
fe07
0026
0124
ff11
fea0
ff36
ff42
014e
0339
0505
0535
03e1
0323
0371
033a
0106
0075
ff6e
fdf7
fc17
fc56
fe90
fda7
fdcd
0170
0259
0233
0290
02e7
0338
0204
0064
ffdd
fe5f
fef9
fe8a
fd21
fccf
fd82
fea9
febf
fc53
fd0d
fe3c
fdd8
fefb
ff0b
ff9a
fda0
fec6
005a
0354
051e
034c
0117
ff06
0015
ff94
ff1a
fea9
ffbe
00c2
0336
0302
0252
002d
ffaa
01af
0314
0462
049c
05d2
0575
031d
026b
00c5
ff32
fdbf
fd74
fd43
fd2a
fe29
fb27
f77c
f84f
fa52
fc62
fe6e
ff66
0052
002d
0209
01e8
03c9
ff8c
fd93
fbba
fffe
01fe
03de
02a0
0376
023f
041b
03d9
049b
0351
031c
01ea
01cb
fdaf
fbd4
fa16
fc75
fdad
fcd2
fd05
fc35
fd71
fe9a
ffb0
00b5
ffa9
00af
ff9e
00a1
008e
0078
ff60
fe5d
fe78
fe9d
fecb
feff
0337
0412
04bf
033a
02b4
0320
00ee
00df
0051
ff4c
ff57
fde1
fd03
0033
ffb0
ffb5
ffb9
ff3d
fdc9
fb6d
fc36
fcf2
faa3
faf9
fd49
ff74
017d
02e5
0436
04f3
05a3
0349
0194
03fb
033b
0387
01cf
feb2
fcc7
fa7a
f852
facd
faa0
fc76
fcae
fe63
fdfd
fe1d
febb
014f
033a
0307
02d6
ff29
ff36
01c2
02a6
047c
05b4
05d8
047b
0333
0100
fff0
ff71
fef9
fe0a
fca9
fcde
ff10
0026
ffa9
feb7
ff5e
feff
01ad
02a3
0075
fde5
fb8f
fb82
fe19
0196
02ce
015b
fef5
fd86
fbad
fef2
0083
02fb
034b
0116
0205
00e4
0256
01b0
0295
03eb
03ad
0372
03ba
0160
0021
fff4
feca
fe3c
fcc5
fc7f
fdda
fdaf
fe1a
010d
0148
0175
0113
feaf
fcfb
fd2b
fed8
fe6a
fd84
fcab
0061
02da
03ad
0472
03aa
0270
00c9
ffbc
ff40
fccc
fcff
fe2f
014c
0137
0023
fd21
fc4f
fb8a
fcd1
0104
02f3
ffc4
fec8
ffdb
ffdd
ffdf
01e1
0043
003f
013b
0227
0185
026c
0345
0111
feff
fc8f
fdc6
ff6a
0073
006c
fee5
fef6
0007
0106
fff6
fff6
00f7
01e7
00c9
ffbc
fdc0
f9e4
fc45
fc81
00b9
01ad
0192
ff79
0081
0279
0251
032c
03f9
04b9
046d
0526
00d4
fdc6
ffea
feeb
fffc
fefc
000c
fe0b
fc2b
fc68
fea1
00b7
032b
02f9
00c9
ff3c
fe48
fde3
0005
0085
fffc
fefc
008c
0203
0363
00ad
fe22
fd3f
feeb
fefd
fd8d
ffb4
00b8
00ad
00a2
0017
ff96
001c
fd1a
fbc9
fa0c
fb6b
feb4
00c9
ffbc
03c0
0184
046b
0225
0102
fdf2
ff13
fd21
fd4f
fc7a
fdb2
fad7
fe2a
fe47
00e2
ff54
00df
ff51
fcdb
fd0e
ffbd
0141
00ac
0021
fe9f
0135
01a2
0087
ffff
ff7f
0087
027e
02d6
03a9
02ee
03bf
0303
01d3
0036
01b2
0317
03e5
0327
00f4
fd65
fa0e
fb6d
fcb6
ff6b
00f4
ffe5
ff66
fef0
fe01
fda0
fdc6
006a
ff63
feed
017e
01e6
01c7
012b
0098
008e
0285
02dd
03af
0374
013c
ffa8
fd2e
fcdb
fd0d
fbbc
ff80
ff88
ff8f
0096
000d
018c
0273
01cc
01af
0094
000a
000a
0009
0188
03ef
01b0
fe95
fcac
fbe1
fa23
f980
fae8
ff39
0346
0111
0000
0000
0200
00e0
fed2
fce4
ff16
fe00
ff00
ff00
0100
0000
0500
0400
ff00
0000
0500
0400
0400
0400
0000
0100
0000
fd80
fda8
fd4d
fef8
0108
fef8
0108
ff77
fe80
ff18
fda6
ff4c
00d7
fec9
fd5d
fe07
fe26
fe44
fd5f
0009
ff89
0010
ff8f
0016
ff94
ff9b
fe21
fcbf
fdf3
fc93
feca
fd5d
fb87
ffcf
00d2
02c5
0498
034e
0219
01f8
02d8
04aa
0360
012a
ff17
0025
0023
0121
010e
00fd
ffed
feee
00ff
026f
0248
ffa4
fca9
fc5f
fc99
ff4f
015a
01c4
02a8
fffd
fffd
ff7d
ff05
fe15
fd33
fe60
fdfa
001a
0118
0386
03ce
0311
03e0
0322
026f
0248
0024
ff21
002f
fd2c
fd59
fe83
fe9b
ffb1
fdb6
fbdb
fd1d
ff4b
0156
fe41
005c
fc56
fa91
fce8
fd19
0147
0033
ff30
003d
fe39
fe55
fd6f
ff98
039f
0665
06fe
058e
0435
0300
ff00
ff00
ff80
fe80
0180
ff80
0080
0300
0180
ff80
fd80
fd80
fe00
fe00
ff80
ff88
fe8f
01a6
008c
0283
035b
0225
0102
fff2
fff3
fef4
ff04
ff14
0222
0300
03d0
01f4
0026
fef3
fddc
fee7
ffea
02dd
028a
0228
01ba
00c5
ffd9
fd7d
fbda
f973
f9e6
fb82
fe28
fdb3
fcd6
fb21
fbad
fcd3
ff80
0306
03ba
0146
026e
016f
0175
026f
0245
01a1
0286
015e
0148
0133
0120
018e
00f5
0065
ff5f
fce9
fb9a
fd60
ff0a
0099
010f
02fe
024e
01a9
008f
fe86
001d
001b
0219
fff8
fff8
0078
fff1
fe71
fe8a
fea1
feb7
00d6
01cb
01a3
026f
029b
012f
ffd0
ff08
0054
0009
ff41
fe0c
fd7a
fe85
000b
02f8
049e
0404
0254
022c
01f5
fe32
fd39
fce6
fdb0
fd80
fe67
01cc
026c
036e
02c5
0110
006d
0051
fdb4
fc52
fba4
fca4
feae
01a2
015a
000b
0050
010e
00b7
01e0
01e7
00df
fcdf
fd38
fda2
fc18
fec5
0051
ffc2
fe3e
fedf
fe7f
0031
fdc6
fb94
faa7
fbf4
fe4c
ff67
0171
035a
0424
02e1
03b3
04f8
02a8
01fd
055d
0587
05af
0354
009e
fe94
fd2b
fbd8
fd9a
fe41
ff5c
02e6
02b8
ff8c
0113
0282
04da
030c
00db
ff4d
fe58
fef2
ff03
fe9a
fdc3
fe0a
fe5d
fdb7
ff2d
ff12
ff80
fe6b
fdf4
ff14
ff29
ff43
0162
0153
003a
00b7
00ab
0020
009e
fe14
feb3
fe47
0063
015d
0047
01c2
02a6
02fb
004c
fe47
fee2
00f4
01e5
00c6
ffba
ffbe
fdc2
fbe6
fea7
fe3d
00d9
02cb
029e
02f4
02c5
0318
00e6
0058
ffd2
ffd5
fe57
fdf2
fd13
fb41
fa8d
fde4
fe86
ff1d
012b
0118
0307
0356
0321
01ee
03cf
0492
0049
fe44
fd60
fd8a
ffb1
ffb6
00ba
01ae
0293
006a
0063
005d
fe57
fe72
008a
fe82
fc99
fad0
fa23
f780
f908
fe77
fe90
fba7
00ec
00dd
00cf
01c2
00a6
009b
0292
00e8
005a
0154
003e
003a
00b7
feab
00c0
0234
0111
027f
02d7
012a
0117
007d
01e8
022d
01dc
ff81
fcd0
fb63
fcb1
ff85
ffaf
ffd9
ff01
ffbe
fff1
ffa2
005a
0054
004e
0149
00b5
0029
fda6
fccc
ffff
01ff
ffdf
0061
fddb
fe7d
0095
030b
02db
0316
02b4
0242
0246
0236
0196
fef2
fe01
ff2f
fed0
ff00
ffb5
fe61
fe2f
fe8e
fff3
0073
016c
0255
0230
028d
00e4
0155
0340
020c
02eb
03bc
0200
00e0
ff52
fcdc
fc0e
fdcd
fbf0
fbb1
fc76
fdae
fe53
fe6e
ff87
fd0f
fabe
fd12
fd40
fe6c
0005
0085
00fc
01ec
014d
00b8
002c
ff29
fe37
fcd3
ff06
ff95
001c
029a
00f0
0161
01cb
03ae
01f3
ff54
005e
0258
02b3
0387
044f
040a
02c9
ff1c
ffaa
fdb0
fe55
ffef
0170
0359
0423
02bf
ff5c
ff33
fd13
fb2c
fa8a
fe1d
fe86
fef4
ff63
ffd0
0238
0267
fd7f
fcfa
0095
0180
ff80
fe80
ff80
ff80
fe80
fd80
0000
0000
ff80
fd00
fe80
ff00
0000
0080
0080
02fc
0338
0256
0170
ff8c
ff4a
0112
00b4
0256
014c
ffc7
fddc
fda1
ff7c
00be
ffe5
00e6
0058
0152
013d
0129
0016
0195
fe7b
fd93
fcba
fe6e
ff07
0017
0015
ff14
0122
0307
01b4
0369
01e7
006e
0008
ffa8
fe51
fd1d
fc12
fcb8
fded
ff1f
fe45
fb06
fa23
fb7c
ffe3
0105
010c
ff0a
ff30
ff59
ff85
feb2
00f6
000e
0234
0326
02ef
00a3
0077
004a
011d
035a
0357
023a
019d
fffc
00f5
0057
ffc0
0134
0106
0154
0191
013e
0066
00e0
0152
013c
ffa8
fe2e
fe4b
fce6
fb97
fc5e
fd18
fd46
fe72
018a
0072
feea
fc7c
0000
0180
0280
0100
ff00
fd80
fe00
0000
0000
0180
0300
0280
0300
0000
ff80
0000
0078
00e4
0143
0292
0236
00cf
fe77
fcd1
fbde
fd9b
00d0
014a
0432
044a
01be
00cd
01c0
00a4
0219
fff8
fd78
fba0
fc66
ffa0
ff26
feb3
fe48
ff63
006d
0066
fddf
0001
ff81
0109
0378
03c0
0584
042c
0269
01c2
00a6
029b
0072
fe6a
fc84
fc3b
fbf8
fcb8
fb6c
fdb5
00da
014c
01b7
011c
ff8a
ff91
ff18
fea6
fd3c
ff68
ff71
fffa
017a
00e2
ff4d
0056
02cb
0383
0492
04ec
0318
0149
ff0c
fb7b
f9c6
f8df
f9be
f9c1
fb76
feb4
ffc7
ffcc
0051
00cb
0137
0192
025b
0304
0409
025e
ff3b
fe4f
fe80
ffb9
03e0
04a6
055c
0406
02c5
fe99
feaf
fbc4
0008
0007
0107
00f6
fee7
fdf8
ff18
0127
0314
05e3
0455
01bd
fd41
fb22
fa4b
f9b0
fb50
fcfc
fda4
0055
00d8
ff4c
fede
fd80
fe4b
fe17
fdb6
fdda
00fc
026c
0245
01a1
0307
0056
ffd1
01d3
0336
0483
033a
0287
015e
02c8
019b
0282
0459
0414
02d2
01a5
fd8b
fcb2
fae7
fd38
fe64
ff7e
0086
007d
0075
006e
ff63
fbee
fbd0
fcd5
fde3
fef1
fdf6
fe1b
fc4d
fdb9
fea0
ff03
0068
0133
0168
040d
02cc
011f
008d
ff84
018c
00f3
0064
ff5d
0167
00d1
fe44
fd5f
ff09
0299
03ef
03b0
01f5
fed5
fc68
fda1
ff47
ffd2
fe55
fdf0
fe91
00a7
009d
fe93
ff2a
fe37
fd53
fc7e
fd52
ff2e
00f2
0112
0028
ffca
fd74
fbd8
fdf6
0283
0432
04a4
04ea
0504
0274
fffa
0027
00cf
ffe7
010d
0099
02a6
01fd
fe4f
fd69
ff25
fecc
fd03
fa6d
fb2d
fb07
fa8c
fcc3
0070
00df
02c0
01ec
0196
feb9
fd13
fc9f
fecc
01e1
0234
0371
03fe
0463
029d
00f3
ff64
ffed
00ee
02df
05b1
0556
0401
02c0
0014
0013
0211
0370
03b9
01fd
00dd
ff48
fdd1
fc84
fce6
fedc
fe3a
fe31
fdb7
fed6
ffec
01f1
0147
009c
fd77
fa99
f893
f88a
fb01
fd51
fefb
000c
018b
01f2
02d3
03a6
036b
0334
0381
02c9
009c
0092
0009
0008
ff07
ff17
01a5
028b
02e2
04b4
02e8
01ba
001e
fd9c
fb42
fb8e
fd55
feff
fb8f
f8d6
f949
f8b4
f828
fba6
faeb
003c
0238
0115
0103
02f3
01c4
02a7
037d
0345
0210
036f
02b8
018c
0273
02cc
039f
04e5
0597
053d
04e9
039a
00e1
fed2
fd65
ff8f
fe16
fe34
fcd1
fa83
fe5b
fe75
000e
018d
01f4
0354
029f
fff5
fe75
fd0e
fcbd
fcf1
ff22
ff36
fecf
fdf8
fe3f
fe8e
fde4
fe56
fdcd
fdde
fd7f
ffba
0053
ff5f
fd80
fdd2
00b0
035b
08bf
0b88
09c7
04d4
0209
005b
ffc4
ff38
fdbb
fc68
fe46
fe14
fcf4
feff
fdf1
fed1
ffa4
00aa
011f
004d
0008
ff07
ff97
ff1d
fe2b
fd88
fc30
fb6d
fc76
fd2e
fedb
0100
0180
0300
0300
0280
0280
0300
0180
ff80
fe80
fd00
0080
0280
0280
0200
0100
0140
0180
0100
ff80
ff00
ffc0
ff40
ff40
fe80
0000
0000
0040
0000
0040
0040
ff40
fdcc
fd6f
fc98
fdce
ff71
017a
02e2
04b4
03e8
032a
00f7
ffe7
fd69
fe12
fe31
00ce
ffc1
fe44
ffe0
0062
00db
fe4e
ff69
0172
025b
0135
0121
ff8f
fe16
fe35
fcd1
fd04
feb3
fe48
ff63
00ed
00de
ff50
ffdb
fd5d
fc07
fdc7
ffea
01eb
024d
02a8
027d
0055
ff50
fe5b
feb5
ff49
0055
01cf
00f2
00e3
0195
017b
0223
0241
025d
02f7
0107
0037
0033
0130
021d
fdfb
fc1b
fc59
fc94
fdca
feee
fdff
ff1f
ff2d
003a
ff36
fd42
006e
0467
0521
05ce
0571
041a
fed8
f9eb
fb4c
fd97
ffbd
02c1
0495
034c
0117
fe05
ff25
0032
feaf
fdc4
fde8
0009
ff08
0018
ff96
ff9d
fe23
fcc0
fd74
fd1d
fbcb
fb8e
fd55
ff95
0134
01af
0315
02cc
00f0
ff2b
ff89
01e4
018a
0129
0145
0354
03a8
01da
0299
026f
0148
0233
ff10
fd1f
fa4d
f7a8
fa2d
fe8a
00a1
fe97
fdae
ffd3
ffd5
ffd8
02da
0495
0490
0466
041b
04b4
039d
027b
01d6
ffad
ffa9
0027
fe9c
ff35
feca
fd70
fe3f
ffdb
fc5d
fa17
faf6
fdc6
feea
fffb
017b
02e3
01b5
011a
0188
02ef
0140
ff2c
fc39
fb93
fc1b
fcb9
0167
02bf
03eb
02e4
03d7
029b
035e
02fa
0483
04d0
02f1
0118
0054
ff99
fe6d
fe60
fce1
fc12
fc70
ffe4
00a1
004e
fd7d
fded
fe66
fee5
00e4
ffbc
ff28
fe36
fcd2
ff05
ff14
0023
00a1
0096
010d
047c
03b4
0078
fe71
fc89
fcc1
fbf4
fbb5
0000
0280
0380
0300
0380
fe80
fe80
ff80
ff00
0180
0200
0180
0280
0180
0180
0100
0070
0069
ff62
feec
fefd
fd8d
fcb4
fd68
fd92
fa38
fc95
ffcb
fe4e
fe69
ff83
008a
0282
0559
0504
04b3
0568
0211
01f0
01d1
ffb4
00b8
ffad
feb2
fec6
fdda
fefc
010c
0373
0417
0390
01f4
0063
ffe7
fff4
ffff
000a
fe94
fc40
fd2f
fd25
0033
038e
0396
0200
0000
0000
0200
0200
0000
0200
fa00
fc00
0000
0200
0200
0400
0000
fe00
fc00
fe00
ff00
fc00
fd00
fd00
0000
0200
0000
fd00
0100
0200
0400
0300
0100
0000
0000
0100
03f0
0131
019d
0003
0103
fff3
fff4
fdf4
ff15
ff23
0131
001e
009c
ff12
fda1
fe46
0062
01dc
013e
ffaa
fdaf
fd54
007f
00f7
0267
02c1
0414
03d3
0316
0264
02be
0212
0370
0339
0485
023d
0119
0087
ff7f
fe87
001e
009c
0092
fe89
fca0
fc56
fb90
fbd7
001a
0018
fd16
fc45
f980
fbe8
ff29
0136
0123
0211
01ef
02d0
01a3
0089
fe80
fd00
0200
0200
0400
0200
0300
0100
0100
0000
fe00
fd00
fd00
fc00
fc00
0000
0400
03c0
0104
01f3
03d4
0497
024d
0228
0285
00dd
fecf
fde2
fe84
fe1b
ffba
ff3e
004a
0045
0041
003c
0038
0035
0031
022e
040b
ffca
ffcd
fdd0
fcf3
fc24
fb61
fbab
faf0
fd00
fb00
0100
ff00
0100
fe00
0300
fe00
0300
0300
0100
0400
0200
0000
ff00
0000
0000
fe80
fe98
ff2e
ffbb
01bf
02a3
02f9
0049
0145
0130
011d
018b
01f2
0153
003e
0000
0000
fe00
ff00
0100
0200
0100
fd00
ff00
fe00
ff00
fd00
fe00
0100
0200
0200
0160
004a
ff45
fdd0
fef3
0204
00e3
00d5
0048
0143
02af
0404
03c3
0507
03b7
007b
fd73
fb1c
fcea
ff1b
ffaa
ff2f
ff3c
ff48
fdd3
fdf6
ff16
fea5
fdba
fd5f
fd09
fe38
ffd4
00d7
fdc9
feec
007d
ff75
fffe
fe7e
fe16
fdb4
fd59
fb83
fd4b
fef6
ff07
0016
0115
0303
04d3
0186
036d
ff36
0343
000e
020d
00ec
00dd
00cf
01c2
01a6
018c
0173
00a8
0192
01a1
0162
01db
00fe
0067
0016
ffc9
0003
ffb8
0035
0167
00bc
fe95
fd5c
fd4b
fd51
fdec
fe8d
fe30
fde8
fe34
fd8a
fd7e
fd87
fd23
fd5c
0026
0143
01c3
012d
019b
0181
00e9
01da
01bc
01a0
00c6
013a
00a6
005c
0096
01cc
026f
02c8
019c
0082
007a
00b2
0067
0060
ff9a
ffe0
ffe2
ff64
feae
fe43
ff1e
fe6c
fe46
ff21
ffaf
ff74
003d
0179
01a1
0187
00af
0124
00d1
ffc4
00c8
013b
0067
0061
011b
0089
ff80
fe48
fee4
fe35
ff12
ffe1
0023
0020
001e
009c
0052
000d
fecc
fe1f
fdfd
fe1d
fe7c
fe54
fe7c
fded
fdf8
fe52
ff74
0008
ff93
ffa8
fefe
ff27
fed4
000f
0036
00d9
022b
0296
030c
03bb
0340
026c
0265
01fe
017e
00e6
0058
ffb2
ff17
ff86
000d
ffec
ffcd
ffd1
fed5
fe72
fd62
fd77
fda0
fdd9
fe1f
fe70
ff48
0098
014f
01af
00fc
00cc
0058
0069
00a2
0098
010e
013d
00e9
00db
010d
013c
0228
0246
0161
010b
01ba
015f
0049
ff44
ff50
ff5b
ffe5
fee6
fdf8
fd18
fbc7
fd0a
fdb9
fdde
fe00
fda0
fcc6
fef9
010a
0179
01a1
0187
012f
009c
0012
0091
0007
0087
ffbe
ff82
fe4a
ffe5
0027
0125
0092
00c9
0036
ffea
ff64
006a
019d
01b0
0274
0217
0170
0248
027f
015f
ff86
fecf
feac
fed5
ffe8
ff69
fdf3
fd13
fd42
fd6e
fd17
fd45
fef1
ff02
0112
0180
00e8
feda
ff6c
fff5
0136
01e2
0104
00f4
0064
005e
ffd8
005a
0055
004f
ffca
ffcd
0091
0007
ff47
ff92
ff9c
0069
01e5
01ba
0184
0085
ffd2
ff2b
ff55
ffc2
fee9
ffa7
005b
00c2
011b
ffe6
ffe8
ff29
fe77
fe4f
fdaa
fecf
fee2
ff74
003d
00f9
0129
0197
013d
00a9
ff5f
ffa9
006e
0067
0021
ff1e
fe6c
ff06
0015
0054
010e
01bd
0122
010f
007e
ff76
feff
fe8f
fda6
fecb
001f
ff9d
fee3
fdf5
fe15
ffb4
00b8
00ad
01a2
01c8
01eb
00cc
013f
016b
00d5
0107
00b7
00eb
011d
010b
007a
fff2
ff73
ff3c
ff08
fed7
feea
fdfb
fe9b
fef1
ff82
fd8a
feb1
ffc6
feca
ffdd
ff5f
ff69
0072
ff6b
fef4
0085
fefd
008d
0084
fffc
0280
0180
0100
0080
0080
0100
0100
0100
0180
0000
0000
0100
0100
0080
0000
0000
ff80
fd88
fe2f
fecc
ff5f
0069
0163
014c
01b7
001c
fe1a
fd38
fee5
0076
00ef
0160
018a
01b1
01d6
0138
0125
0052
ff8d
fed4
fe67
ff40
000c
00cb
007f
fff7
0077
fff0
0071
ffe9
006b
0064
ff5e
ffe8
0029
ff66
fdf0
fed1
ffe4
ffa5
ff6b
ffb4
fef9
ff89
0011
010f
007e
0076
00af
00a4
ffda
ffdc
fe9e
fdf4
fe15
fdf3
fe94
ffab
ffb0
feb5
ff09
0019
0097
008e
0185
ffec
016d
0197
01bd
0121
014f
01ba
021e
013c
00e8
005a
00d4
0047
0042
003e
003a
feb6
fecb
fede
fd70
fc99
fc4f
fc8a
fec1
0055
0150
023b
02d7
026a
0103
01b3
01d7
023a
0256
01f1
0152
003c
fff9
fff9
fff9
ff7a
ff42
fe4e
fda9
fece
fee1
0033
01f0
0191
00b7
ff6c
fef5
ff46
fe11
fd30
fddd
fd7f
fe27
ff05
fe14
fe73
ff0c
ff5b
ff65
ffef
ffb0
ff75
ffbd
ffc1
ffc5
0009
0108
01b8
021c
027a
0152
fffd
003d
ffb9
00be
00b2
00e7
0158
ff82
ffca
ff4d
fed9
ff6b
ff34
ff41
008d
003f
fff5
ffaf
fff0
ff2d
ff7d
ffcc
0017
025d
026b
01e5
ffd8
ff6d
fe8d
fe46
fe12
fcb1
fd65
ff0f
001e
019c
0082
00fa
00ea
01db
02be
0312
0260
00ba
032f
027c
01d4
01b6
031b
0169
00d3
00c5
feb9
fccd
fc00
fa40
fb1c
fcea
fd1c
fdca
feed
fe7e
ff96
0160
0242
0284
01ed
0190
01ad
017a
007e
ffce
002b
0140
017a
01e4
0178
0188
018a
01b1
ffd6
ff18
ffa7
feec
fefd
fe4d
fe29
ff06
ff95
00dc
000e
ff4d
fdd8
fd7b
fd63
fdcd
ff70
0079
0171
021a
00b8
006d
ff26
fff3
ffb4
0079
0071
feea
ffbb
ffff
ff3f
ff4b
ff57
00e1
00d3
ffc6
01c9
ffad
ff32
ffbe
00c2
0136
00a3
0098
008f
0006
ff85
fecd
fe60
fe7a
ff52
001d
001b
0059
0094
00ca
007e
00b6
006a
00e3
0055
ff50
005b
ffd5
fe58
fe72
fe0b
feaa
febf
ff53
ff5e
ffe8
ff69
fef3
fe84
009b
0292
0168
ffd2
fe95
ff6b
fff4
fff5
ffb6
fffa
ff3a
ff47
0092
0049
0084
ffbc
ff40
008c
0183
022b
0188
006f
00a8
011e
01cc
02af
0204
00a4
ff99
ffa0
0066
005f
ffd9
ff5c
fe26
fe83
ffdb
ff1d
ff2b
ff79
fe81
fed9
ffeb
00ad
00e2
0093
ffca
fe4d
fe29
fec6
ff59
0024
0180
0100
0000
0000
0000
ff00
fe80
fe80
fe80
ff00
ff00
ff00
fe00
ff80
0200
0180
013c
01b2
0153
0030
005d
0004
fe31
fe09
ff73
ff0b
ff31
ff9a
ffc0
00e6
0132
0030
00ad
0162
010b
fffb
00fb
022b
0208
01a8
020d
022c
0109
00b9
012d
00da
004d
ffc8
ffcb
ffce
ff51
fedc
fdee
fe0f
feae
fe43
fedf
fd71
fe1a
ffb8
003d
ff39
00c5
0239
0115
0044
febf
fe53
ff2e
00fb
01ab
0151
01bb
00e0
0212
01b0
0095
ff4c
0097
010e
023d
0199
00ff
00ef
0020
ff1e
fe6c
fe85
fddd
febf
ff53
ff9e
0024
0021
ff9f
00a5
ffdb
ffdd
ff5f
0069
0163
ffcc
ff4f
ff9a
ffa1
ff67
0030
ff6d
fef6
fe87
fd1e
fd0c
fe7b
fed3
ffe6
00a8
019d
01c3
01a7
018c
00b4
0068
00e2
00d3
0086
007e
0036
0032
00c0
ffc0
fec0
ff00
ff00
ff40
0080
ffc0
ff00
ffc0
0080
0080
ff00
fe80
fec0
ff00
fed0
ff23
ffb0
0075
012e
011b
01c9
00ec
009e
0014
ff52
ff9d
ff63
002d
016a
0153
00c0
ffc0
ff80
0040
ffc0
ff00
ffc0
00c0
0180
00c0
0040
ffc0
ff40
ff00
00c0
0080
0040
0000
0100
0080
ffc0
ffc0
0180
0000
00c0
0080
fe80
0140
ffc0
0080
0000
fec0
0154
00be
01b2
0097
ff0e
ff9d
00a3
0019
ff17
ffa5
ffab
fe30
fe4d
fde8
fe8a
fea1
fe42
0076
0003
0198
0106
0075
fee9
ffff
0303
02bf
00e8
0028
0072
0034
fff9
0041
ff3c
fe49
fce4
fc96
fd4c
ff77
ff00
0010
008f
0186
00ed
ffde
0060
005a
0154
013f
032b
0278
0151
013c
00a8
029d
02f3
0244
0120
008e
0105
ff74
fefd
fe0d
ff2c
feb9
ffce
ffd1
fe54
feae
ff43
004f
ffca
000d
ff4c
fe98
fdae
fdd3
fdf6
fdd6
feb9
ff8d
ff54
ff5f
ffe9
012a
0258
01f2
0253
012e
ffdb
015d
ff87
00cf
0082
0179
0062
01dc
00be
ffb2
0077
ff6f
fe78
fe50
feab
fe81
fed8
feeb
ffbc
00c0
00f4
0125
00d2
ffc5
ff49
ff74
ffbd
ffc1
ffe5
ff46
fed2
fe85
fe9c
ff12
ff41
ff8d
ffd4
0097
006d
00a6
019c
0282
015a
0244
0220
007e
fff6
fff6
fff7
fdf7
0098
018e
ff75
ff7e
0106
0175
ff00
ff00
0000
fd80
fe00
0000
ff00
ff00
ff80
ff00
ff00
ff80
0000
0100
0280
0180
00c0
0080
ffc0
0000
0040
ff80
0140
00c0
0080
0100
ffc0
0000
ff00
ff40
ff00
ff40
ffcc
ffcf
fe52
ffed
fe6e
ff87
fe8e
fda5
fe4b
0066
0160
014a
00b5
002a
ffa7
feac
fe4c
fdff
fe47
fed8
fee9
ff02
fea0
ff10
0040
005b
0172
01eb
020d
015d
01ac
0129
0200
0280
0180
0080
0000
0180
0200
0280
ff80
fe00
ff00
0100
ff80
fd80
fd80
0080
02f8
00c8
febb
fdd0
fef3
ff83
ff8b
ff12
fea1
0037
ff33
0040
ffbc
ff40
ffcc
00cf
00c2
ffb6
ffba
013f
012b
0018
0096
008d
0084
007c
ff74
fffc
00fd
ff6d
fe76
008e
0105
0075
ffee
ff6f
fe78
fe90
0027
ffa4
feaa
fdbf
fde3
ff85
000d
008c
0003
0203
0262
02bc
0310
025f
0139
ffa6
ff2b
ff38
fec5
fed8
fdeb
fe0c
ff2b
feb8
00cd
00c0
ffee
ffa9
feab
fe88
fef2
fdde
fdec
ff8a
00d2
01fe
0188
008c
005c
00ac
01b1
0199
017f
0267
0241
019d
0103
0072
006b
ffe4
fee6
fef8
ff88
ff8f
fe16
feb5
00ca
00bd
ff80
ffa0
ff80
0020
0000
ff60
ff40
ff60
ff80
0060
0000
ffa0
ff60
0040
00a0
0080
0178
01a0
0186
01ad
0093
0109
01b9
009d
ff53
fede
feb0
fe45
fe20
fdbe
fd22
fd50
fdfb
fedb
ff2d
fefb
004b
0106
00f6
0066
0020
ff9e
00a4
0059
ff94
feda
ff2d
ff7a
fe80
0200
0280
0280
0280
0100
ff80
ff80
0000
0000
ff80
0200
0180
0100
0200
0180
0128
0095
ff8c
ff93
fe1a
ff38
ff84
ff8c
ff93
ff9a
ff60
fe6a
fe43
fe5f
fe79
fed1
ffa4
00aa
009f
0095
00cc
ffbf
0003
00c3
01f6
0197
01fd
025d
0278
01d0
00b3
00a8
0158
00f2
004b
002c
fe8d
fe54
fe2b
fe14
fd0d
fcee
fd6a
fdf2
fe02
fea1
ff81
ff57
fea1
fe77
fed0
0063
009c
0092
0149
02b5
0289
02e1
0272
020b
006a
00a4
0099
0090
0182
0159
0168
012a
0227
0143
00a2
fec7
fed3
fe27
ff15
ff7b
fe9f
fe1b
fd2f
fd27
fd15
fd84
fe2b
fec9
ff1c
ff6a
ff73
003c
0078
0031
006d
0127
00d4
0007
0086
017e
02a6
023b
01d7
00ba
006e
0067
ffe1
ffe3
0064
ff9e
ff24
feb2
ff46
fed2
ff25
ffb2
fff7
0038
fef4
fe45
fea0
fff6
0077
00ef
01a0
0186
01ae
0113
0201
0121
000f
fece
fee1
fef3
ff44
ffcf
fe92
ffa9
00ef
0120
010e
00fd
00ed
001e
009c
0192
0039
ffb5
fffa
ff3a
ff86
000e
ffcd
0010
004f
000a
ff49
fe54
ff6f
ff78
fec0
ff54
ff5f
ff69
ffb2
fff7
fff8
00f8
00e8
015a
0044
0000
0140
012c
0059
0053
004e
ffc9
000c
ff8b
ffd3
ff15
fee4
ff36
ffc2
0006
fe85
fe5d
fdf7
fed8
feaa
ff7f
0107
0137
0163
008d
ff60
fe8a
fe8d
ff5c
ff62
ff8d
ff99
0007
014e
0236
023e
01f3
013d
0028
ff44
ff53
ff5e
00a8
00dd
014f
01ba
011e
000c
000c
008b
0142
012e
011b
0149
0034
ffb1
ff36
fe02
fea2
feb8
ffcc
008f
fec6
feda
fdec
fe8d
ff24
fef2
0043
013f
016b
0294
01ea
017c
0089
ffe0
ff83
ffb0
011c
0168
0164
0115
ff82
ff4d
ff60
ff76
ff90
feeb
fe59
fe74
ffcc
00cf
0102
00f2
0063
ffdd
ff1f
fe2d
fd4a
fdb5
ff1a
ff28
ffb5
00ba
ffae
ffb6
ffbf
ff89
ffdb
ffe8
ffb5
0087
0088
0045
ffc3
fe8b
fdf2
feb3
ffb3
0064
00c7
00bb
006f
ff68
fff1
0072
ff6b
0074
006d
0026
ffa4
ffa9
002f
012c
01d9
00fb
01ab
0211
01b0
0115
0083
00bb
006f
0168
00d2
0144
00b0
ffa5
ff2b
fef8
fec8
ff1c
002a
00a7
001d
fedb
ff6d
fef6
fe87
fe9e
fe74
fe0d
feac
ff81
00c9
023c
0218
0177
005f
0119
00c8
007b
fff3
00f4
00a5
009a
0051
004b
00c7
003a
fff6
ffb7
fefb
ff0c
ff5b
ffa5
ffab
feb0
fe85
ff5c
0027
ffa4
ffaa
fe2f
fe4c
fee7
fef9
ff09
ffd8
001b
0019
0017
0056
0090
0187
012f
015c
00c6
0039
00b6
012a
0117
0106
0175
009e
0054
ff8f
fe56
fef0
ff01
fe11
fe70
ff09
ffd8
005a
00d5
0147
0133
00e0
0052
ffcc
ff90
ffd7
0059
0093
004a
0005
0045
ff41
fecd
ffe0
ffe2
0063
009d
0113
0042
007e
00b6
00ea
0094
00be
0060
0004
002e
0254
0344
030c
01be
0077
ff41
fe24
fea7
fead
febd
fdd6
fd8f
fcdf
fb53
fc06
fecc
0070
0076
0078
0076
fff0
00f3
01de
02ac
0257
01f4
0188
016f
00d8
ff4b
fed6
ff68
fff2
fff3
fff3
fff4
0075
ffed
feee
fdff
ff9f
00a5
001b
ff40
ffc0
0040
0100
0100
0100
00c0
00c0
ff80
0040
ff80
ff00
00c0
0140
0100
0080
00f8
0068
00a1
0057
fed2
ff25
ff32
ffbf
0003
0003
ff02
ff52
fedd
fd6f
fed8
ffea
026c
01c5
00a8
ff1e
fd2c
fcd9
fd8b
ff33
ffbf
ff43
ff4f
feda
ff6c
fef5
0006
0106
00b5
00ea
01db
01bd
01e1
0203
02a3
02b9
018d
0174
009d
ff53
fe9e
feb4
0048
0144
0225
0127
00b0
017a
026c
02bb
032f
0282
010c
ff25
fea3
fef4
ff88
fe96
fe3f
fe3b
fe97
fd2e
fd9b
fdc1
fea5
fffa
fffb
fffb
ff7b
ff43
000f
008e
0085
fffd
ff7d
0045
00c1
00b5
0029
ff27
feb4
fe49
fee4
fef6
ff86
000e
ff8d
ff14
ff22
01b0
0295
026c
0100
ff80
fec0
ffc0
0040
00c0
0080
0080
0040
0080
0040
ff80
ff80
ffc0
ff00
ff80
ff08
0017
0096
fe0c
feab
00c1
0234
0291
0368
0131
011e
ff8c
ff13
0022
00a0
0096
010c
00fb
ff6c
fe75
fd8d
fcb5
fb69
fdb3
fdd7
fdfa
ff1a
0128
0116
0184
016c
0155
01b5
0401
0408
026e
025a
0035
ffb0
ffb6
ff3e
fe53
fe84
ff3e
fef2
ff33
fdf6
fcde
fd90
fef7
0007
0007
0046
0102
0131
00de
0190
0177
0160
004a
ff85
ffcd
fed0
fe63
fe3c
ff98
011f
024d
02a8
02bd
0191
0078
ffb1
feb6
fe4a
fea5
ffbb
00bf
0033
fef0
fe01
fd21
fc0f
fc8e
fe05
ff24
0032
012f
025c
01b6
00da
004d
0148
01b3
0218
0276
028f
0126
0053
010e
007d
0075
006e
0027
ffe4
ff66
ff2f
fefc
ffcc
0090
fec7
feda
fdec
000d
ff8d
ff94
009a
0191
02f7
0248
0123
ff91
ff98
fe1e
fe3c
fed8
ffeb
ffec
004d
0088
0000
0000
ff60
ffaa
ff0f
ff1e
ffcc
000f
ff8e
fed5
ff48
fff3
ffd4
ff56
00e6
01d5
02a7
0256
fff8
ff3f
fe98
fe07
ff0e
000c
007a
005d
ff3f
feb9
fdc5
fe72
fe20
fee3
0022
000c
ff77
fef0
ff39
0004
0082
00b3
015d
0170
00f7
00bd
0081
ffc4
ff00
ff00
ff80
0080
0080
0000
0200
0200
0200
0100
0100
0000
0000
ff00
fe00
fe00
ffa0
0026
00a3
0019
ff17
fea6
febb
00d0
00c3
0036
0133
00a0
0116
0204
0264
023d
015a
0084
ffbc
ff40
fdcc
fdef
ff50
001b
0019
00d7
004a
ff05
fe95
fdeb
fdcd
ff70
00b9
00ed
019e
0044
fe80
fd98
fd3e
fdea
ff8b
00d3
0105
0135
0022
ff1f
feed
ff7f
018a
0269
0266
0290
01e3
01b1
00f5
ff3d
ff26
ffd7
003f
009d
00f1
fff8
ff0e
fd7b
fd63
fe0d
ff6c
00f5
01e6
0287
02df
0131
ff9e
ffa4
fe69
ff43
ffce
00d1
01c4
0168
01d1
00b4
ffa9
ff6e
ff77
0000
0040
007c
ffb4
fef8
ff09
ffd8
009b
0091
0088
017f
00a7
009d
ffd3
fe95
fd2c
fcd9
fc4c
fd87
fdae
fed3
ff26
feb4
ff88
0110
017f
0167
0110
013f
02ab
0240
015c
0046
fec2
fe95
002c
01e9
028b
00e2
0114
0042
003e
ffba
febe
fed2
ffe5
00e7
00d8
004b
ffc6
ff49
ff55
ff5f
fd69
fd93
fe39
ffd6
0158
02c3
0396
01dd
00bf
0033
ffb0
ffb5
ffb9
003e
013a
00a6
ff9b
fea2
fdb7
fcdc
fd0e
febd
ff91
00d8
008a
0002
ff41
ffcd
0010
010f
013e
006a
0024
0021
ff5f
ffa9
00af
0164
01cd
0030
ffed
002e
ffeb
006d
00a6
009b
0092
0048
0004
0043
fe7f
ff17
fe26
0003
0043
ffbf
ffc3
0046
00c2
00f6
ff66
feb0
ff05
ff94
ff9b
ff61
feab
ff80
fec8
ff1b
ffaa
ffaf
00b4
02a9
02fe
02ce
0221
007f
0077
fe6f
ff88
0090
ff87
ff8e
ff15
fea4
ff39
fec6
fe99
ffb0
ff75
ff3d
ff49
ff95
005b
ffd6
ff98
ffdf
00e1
0112
0101
0131
0154
016a
00b4
00c3
006a
fff4
ffe6
fff9
00eb
0186
012c
000d
ff40
fec5
fe5c
fe07
ff26
0074
01ac
0211
00f0
00e1
0153
003e
003a
0036
ffb3
ff37
fec4
ff17
fee6
ff77
ffc0
0000
0080
ffc0
ffc0
ffc0
ff80
ff40
ffc0
0080
0080
0100
00c0
0100
ff80
ff80
ff48
ffd3
ff16
fea4
007a
0172
015b
0085
ffbd
fec1
fe15
fdf3
ff54
ff9f
ff25
fff2
0033
00ef
0197
0267
0257
01b5
0090
0038
0024
0010
ff7c
fe36
fd12
fc58
fc87
fbce
fcc3
ff82
00d8
00d3
01c7
011e
0036
00da
002e
00cb
0117
0096
0058
00db
010f
00b7
0180
0080
0000
ff00
ff80
0080
0000
fe80
ff00
ff80
ff00
fe80
fe80
0080
0200
0100
fff0
fff1
0171
00da
ffcd
fe50
feeb
fefc
010c
01fb
035b
02a6
00fb
006b
fee5
00f6
0067
0060
feda
fdec
fe0e
fd2d
fdda
fe7c
fe94
ffab
0230
020d
01ec
014d
01b8
019d
0103
00f3
00e3
fe55
fe70
fd89
ffb0
feb5
fec9
ffdd
005f
01d9
023b
0198
00fe
016e
01cc
01d5
008f
00d9
0157
01c2
0199
00e5
ffb5
ff1a
fed0
ff14
ff5b
ff23
fdb4
fd6f
fd18
fec7
fd5a
ff84
010c
00fb
006b
00e5
00d6
00c9
ff3c
ff48
fe54
fdee
fe8f
0026
00a4
0199
0000
ff80
fe08
ff27
00b5
02a9
027f
0157
01c1
0225
0183
01ea
014c
00b7
ffeb
ff6d
fe36
fdd2
fef5
ff06
ff95
ff5c
ff66
002f
006c
00a6
00db
00cd
0101
ffb0
0035
ff72
fdbb
fddf
fe81
fed9
ff6b
feb4
ff49
ffd4
0157
0182
00e9
015b
0145
0231
028e
01e5
0086
fffe
ff3e
ff8a
ff91
ff98
ff9e
fee4
fff6
ffb6
fffb
ff7b
ffc3
ff87
0052
010e
00b5
009c
0000
ff6d
fde8
fdcc
fec3
fff4
0093
0063
01b2
019f
00c0
ff29
fe36
fdd3
feb6
008a
00c1
0075
00ee
011f
008d
ffc4
0108
0077
fff0
ffb1
fff5
0036
0033
002f
ffec
ffed
ffaf
ff74
fffc
00bc
0131
011d
00cc
007f
ff37
fec3
ffd7
001a
0098
000e
000d
ff8c
ff14
fea2
fdb8
ff5c
00e7
00d8
01ca
022e
010b
fffa
fefa
ff0a
ff5a
fea4
fd3a
fde6
ff47
ffd3
ff96
001c
ffda
005d
0117
0105
00f5
00a5
011b
0089
0100
0100
0080
ff80
ff40
0000
0080
00c0
0080
ff40
ff80
0000
0080
0080
0140
0080
ff38
ff44
0050
010b
00ba
ffae
ff73
fe7c
ff54
ffdf
0021
ff5e
fde8
feca
009d
0113
00c2
ff76
fefe
fe8e
fee5
0037
fff3
00b4
0029
0166
0150
01bb
015f
0189
0130
009d
0093
ff8a
ff91
ff18
ff26
ffb4
01b9
019d
0103
0073
ff6c
fef5
ff05
ff15
fea4
fe39
0000
ffc0
ff00
ff80
fec0
fec0
0080
0080
00c0
ffc0
ffc0
0000
0040
00c0
0000
ffc0
ff86
ff53
ffa9
fefc
0062
002e
fffc
014e
017f
0222
02a9
0112
000c
0016
fd9f
fd62
fe8b
fea3
fe78
fdd1
fdb4
ff98
005f
0159
0203
01a3
0149
0174
019d
02c3
00d6
ff49
ff14
ff63
ffad
fff2
0073
022b
0149
0034
ff71
feb9
fece
ff21
feef
fe80
fdd8
fefa
ff13
00b1
00b0
01a9
0205
01cb
0007
ff5e
fdc5
fbd7
fba9
fc21
fe2f
002c
0187
0140
012c
0199
023f
029b
0171
001a
ff59
ff63
00ad
ffe2
0024
0161
020b
00ea
005c
ff96
ffe0
fe26
fe96
ff8b
ff74
00e3
0133
0175
0027
ff6c
fe42
fdb8
fc48
fc8e
fe6b
00b6
03aa
0270
ff49
fe54
feef
ff80
ff88
fe8f
fe26
ffc4
0047
00c3
0137
0123
0211
02f0
0201
00a0
ffd6
ff59
fee3
0035
ff32
ff3e
000a
008a
0141
012d
009a
0050
ffcb
ff8e
ff40
fe80
fe40
fec0
00c0
00c0
0080
0080
0000
0080
00c0
0040
0000
00c0
0080
0080
00f8
ffa8
ffad
ffb3
fef7
ff88
ff8f
ff96
001d
ff5b
ffa5
fe6b
fe44
ff60
006a
ffe3
00a5
015a
01c5
02e8
037a
0302
0152
00bc
fff1
ffb1
ffb6
ffbb
ff7f
ff87
010f
007e
ff76
ff7e
fe06
fd26
fd53
fbfe
fd3e
fdea
ff8b
0092
0009
0009
ff08
fd97
ff3e
014a
01b5
011a
0048
ffc3
0087
00bf
0173
011b
00ca
00bd
01b1
01d6
0178
0121
00cf
0042
fffd
ff7e
ff06
ff95
fedc
fdee
fe0f
fd2e
fe1b
fef9
000a
0109
0038
00b5
0029
00a7
001c
ff5a
ffa5
006a
00a3
0099
0050
000b
004a
00c5
00f9
00e9
019a
01c1
00a5
009a
0190
0137
00a4
0059
0014
0092
ffc9
ff4d
ff58
fee2
feb4
fe08
fda8
fe4d
fee8
fefa
fed2
0036
ffc2
0018
0067
002d
00f6
01ea
02c0
0232
001c
fea5
fe91
ff8a
0076
ff90
ff97
001e
011c
008a
0081
fef9
fe89
fd21
fe4f
fdea
fe8b
0022
ffa0
0226
0083
017b
0163
00cd
01c0
02a4
017a
01e2
00c4
ff37
fec4
fdd7
fd7a
fe22
ffc0
00c4
0037
0034
0131
00dd
00d0
0043
ff3e
fe4a
ff26
ff33
ff00
0050
004b
00c6
00f9
01aa
024f
01aa
008f
ffc6
ff4a
fe95
feac
fec1
fe55
ff2f
ff7c
0044
0000
ffc0
ff04
ff93
ff5a
ff64
01ee
02cf
0322
0370
01b9
009d
ff13
fea2
fcb8
feec
fefd
ff0d
fe9c
fd33
fedf
fef1
ff82
010a
0179
0362
02ab
0181
0169
00d2
0145
ffb0
feb5
fdca
fbed
fc2e
fceb
fe1c
ff7b
0003
ffc3
ffc6
010a
0179
0061
015b
0146
01b1
0156
0201
0220
023e
029a
01b1
0215
0174
ffdd
ff1f
ff2d
00ba
006e
ffa7
feed
ffbe
ff82
fe0a
fce9
fdda
febd
ffd1
0054
004e
00c9
febd
fed1
fe64
fdfd
ff1d
ffac
00b1
0226
0203
0163
00cd
00c0
ff34
fe80
ff18
ff67
0030
006d
0126
00d4
00c6
013a
00e6
00d8
008a
ff41
fe0d
fe6c
ff05
ff9d
00ed
0062
001b
ffd8
009b
004c
0080
00ac
0050
fff7
ffe4
fe53
fd68
fca1
fc41
fe7d
ff95
021b
027a
0252
03ad
0372
02bb
018f
0076
ff6e
fe77
ff10
001f
ff9d
ff23
ff31
fdbd
fe62
fefb
ff8c
0013
0012
ff90
ff97
001e
019c
0382
02ca
019d
ff03
ff13
0069
0126
024e
0251
0142
00f9
012c
0013
000b
ffc3
ff01
ff13
ffeb
0036
003b
007d
00b5
006a
00a3
0099
010f
00fe
002e
ff6b
ffb5
ffb9
fffe
fefe
fe8e
ffa5
feaa
ffc0
ffc4
01c7
01ab
0110
ff7f
ff07
fd96
fc3d
fcf9
fea9
ff3f
ffcb
ffce
ffd1
ff54
fedf
fff1
00b1
0066
0120
004e
00c9
00bc
00b0
0065
015f
0149
fff4
ff75
ff3d
ff89
00d1
0044
003f
ff3b
ff48
ff93
011a
00c8
007b
01f4
0154
007f
00b7
00eb
009d
ffd3
ff56
ff65
0139
01a5
00fd
0098
0074
000f
feef
fde9
fdc5
fdf4
ff71
009a
00ec
0071
013a
0066
0060
001a
fed8
ff6a
0074
006c
0065
ffdf
0021
001f
00dd
004f
008a
ffc1
fe85
fd1d
fdcb
ff2e
fefb
fdcb
fdef
fe90
fee7
ff78
fe80
ff58
0023
00e0
0112
00c1
0175
00de
0210
016f
0158
00c2
0276
028e
0165
004f
fe8a
fe21
fe7f
ffd7
ffda
001c
001a
0058
00d3
0085
ffbd
ff41
fe8d
fe24
fd82
fcaa
fe5f
ff39
ff05
fe55
ff70
0079
00f1
0122
00d0
01c3
01a6
020c
026b
01c4
02a8
02fd
028d
02a4
01fa
009a
ff91
fe57
fef2
ff83
ff8a
fd92
fcb8
fc6d
fca6
fddb
ff7e
ff06
ff95
001c
009a
0090
0007
0007
ff86
ff0e
ff1d
fe2b
0048
00c3
0137
0324
0171
ffda
ffdc
fedf
00f1
0261
02bb
0310
025f
0066
ff49
ff84
ff7e
febe
fe93
ff76
ff4f
ff70
ff93
ff78
ffe2
00c6
0016
fef0
fee5
feb7
fe4b
fea7
fe7c
fe94
feab
ff00
ffd0
0093
ffca
000d
004c
ffc7
ff4b
fe96
fdac
ffd2
00d4
0147
0133
009f
0095
008c
0203
0263
023d
0219
0177
0060
ffda
005c
0056
018e
01e6
02a9
01ca
01ab
0041
ff2b
fe6c
fe47
fef1
fe59
fdd7
fc2f
fb00
fb4b
fcb7
fdec
ff8d
0194
02fb
02cb
009e
0194
027b
0153
01be
0122
0190
0077
ffef
fef0
ff81
0049
0044
0080
00f8
ff28
ffb5
ff3a
ff86
000e
000d
ff4c
fe17
fe76
fe8e
fea5
ff7b
ff83
000b
010a
01f9
025a
0134
00a1
0096
010d
00fc
00ec
fedd
feef
ff80
ff08
fd98
fd7e
fe26
fec4
ff57
ffa2
00e8
0059
0093
004a
00c5
00f9
00a9
ff5f
0069
0122
0110
013f
016b
0194
00bb
00ef
0020
ff9e
fee4
fe35
fd92
fcf9
fde9
fdcb
fe6e
ff47
00d2
0105
0175
015d
01c7
01ab
01d0
fff3
ff34
0000
ff80
fec8
fe9c
ff32
ffff
feff
ff8f
fd99
fcd6
fcb8
fdb6
ff36
00a5
0077
0049
fe9b
ff12
010a
035a
0369
025d
004e
ffdd
ff75
0097
0122
011c
018c
01ea
0232
0263
017f
fe9d
fdf4
ff65
00c5
0088
ff4a
ff26
fe74
fe0c
fe6b
0005
ff84
004c
ffc7
018b
01b2
0057
0011
0090
00c7
003a
fff7
fff7
fff8
0098
00ce
0001
ff61
ff0b
fe5a
fe15
fd93
fe7a
fed2
ffa5
006b
00e4
0116
0184
00ac
0061
011b
00c9
003c
feb9
fecd
fe60
fdfa
fe1a
fef8
0049
ffc4
0048
0103
0033
0030
01ad
0212
0170
0159
0044
003f
fe3b
fed8
feea
fefb
000c
008b
0182
00ea
01db
017d
01e5
0147
01b3
0157
0102
0132
009e
00d4
0107
00f7
01a7
00cd
0040
ff3c
fe48
ff23
fef1
fd82
fd2a
fdd7
ff79
0102
0132
011e
ff8c
fe14
fd32
fd9f
ff45
ff91
0058
0092
ff89
ff10
fe9f
fe75
ff4e
0019
00d7
014a
0175
015e
0148
0133
00e0
ffd2
ff94
ff9b
ffe1
ffa3
ffe9
ff2a
feb8
fe8c
ff23
fff1
0072
016b
0054
010e
00fd
006e
0027
ff64
006e
ffe7
0028
0166
008f
0046
ff42
ff4d
ff59
00a3
0099
010f
017e
0126
0014
0012
ffd1
ff54
001f
009d
0053
004d
ff09
fe18
feb6
000b
010a
01f9
009a
0050
ffcb
ff00
ff00
fd80
ff00
fe80
ff80
fd80
fe80
fe00
ff00
fe80
0180
0200
0280
0180
0180
01e8
0149
ffb4
fdb9
fddd
ff80
ff08
fe97
fe2e
fecb
fede
fff0
0071
ffea
ff6b
ff74
00fd
016d
0056
ffd1
00d3
01c6
03aa
02ef
01c0
00a4
fe99
feb0
0045
0140
012c
ff99
ff80
0000
0080
fe80
fd00
fe00
0180
0180
0080
0000
ff00
fe80
fe80
fd80
fe80
ff00
0110
01ff
005f
0059
ff53
fede
ff70
01f9
02d9
012b
0019
0097
000d
fe8d
fe24
0141
03ad
0272
024b
01a6
010c
fe7b
fd13
fec2
0056
0050
004b
00c6
00ba
ffae
0033
0130
019d
0183
01eb
014c
ff37
ffc3
ff47
fe53
fd6d
fd97
ff3d
00c9
013d
00a9
ff9e
fe24
ff42
004d
0249
02a4
fffa
ff7a
ff82
ff8a
ff91
ff18
ff26
0034
0031
ffad
fe33
fdcf
fc72
fcab
fc60
fe9a
ff30
ff3d
0049
00c5
00b8
00ad
01a2
0208
0067
ff61
fe6a
fe04
fee3
fff5
0036
0032
feaf
ff84
ffcc
004f
ff4a
ff55
ff20
feee
003f
013b
0227
0244
01e0
0182
026a
01c3
0067
0020
ff9e
ffa4
ff6a
fef3
0004
00c3
fff7
ff78
0080
fff8
0138
00e5
00d6
0089
0040
ff7c
0084
00fc
00ec
015d
00c7
007b
0033
fff0
feb1
fd45
fdf1
fe12
fef1
ff42
000d
008d
0004
0003
ffc3
fe47
fe22
fe00
fe20
ff3e
000a
00c9
00fc
00ed
00de
0010
004f
008a
0001
ff01
ff91
ff58
fee2
feb4
0008
0188
026f
0288
0220
01fe
025e
00f8
ffa8
002d
ffeb
feec
fe3d
ff59
ffa3
ff29
ff77
ffff
ffbf
ff83
ff8b
0012
0111
0100
fff0
fef1
fe81
0019
ff18
fe26
fcc4
fdf7
0018
0216
0175
ffdd
fedf
fe31
ff8e
0055
0090
ffc7
ff4a
ff16
ffe4
01a6
01cb
022f
020c
012b
0198
01fe
0180
0000
ff80
ff00
fe80
ff40
fec0
fe80
0080
0140
0140
00c0
0080
0080
0000
fe40
0000
0000
0000
0000
0000
0000
0000
0000
0000
0000
0000
0000
0000
0000
0000
0000
0000
0000
0000
0000
0000
0000
0000
0000
0000
0000
0000
0000
0000
0000
0000
0000
0000
0000
0000
0000
0000
0000
0000
0000
0000
0000
0000
0000
0000
0000
0000
0000
0000
0000
0000
0000
0000
0000
0000
0000
0000
0000
0000
0000
0000
0000
0000
0000
0000
0000
0000
0000
0000
0000
0000
0000
0000
0000
0000
0000
0000
0000
0000
0000
0000
0000
0000
0000
0000
0000
0000
0000
0000
0000
0000
0000
0000
0000
0000
0000
0000
0000
0000
0000
0000
0000
0000
0000
0000
0000
0000
0000
0000
0000
0000
0000
0000
0000
0000
0000
0000
0000
0000
0000
0000
0000
0000
0000
0000
0000
0000
0000
0000
0000
0000
0000
0000
0000
0000
0000
0000
0000
0000
0000
0000
0000
0000
0000
0000
0000
0000
0000
0000
0000
0000
0000
0000
0000
0000
0000
0000
0000
0000
0000
0000
0000
0000
0000
0000
0000
0000
0000
0000
0000
0000
0000
0000
0000
0000
0000
0000
0000
0000
0000
0000
0000
0000
0000
0000
0000
0000
0000
0000
0000
0000
0000
0000
0000
0000
0000
0000
0000
0000
0000
0000
0000
0000
0000
0000
0000
0000
0000
0000
0000
0000
0000
0000
0000
0000
0000
0000
0000
0000
0000
0000
0000
0000
0000
0000
0000
0000
0000
0000
0000
0000
0000
0000
0000
0000
0000
0000
0000
0000
0000
0000
0000
0000
0000
0000
0000
0000
0000
0000
0000
0000
0000
0000
0000
0000
0000
0000
0000
0000
0000
0000
0000
0000
0000
0000
0000
0000
0000
0000
0000
0000
0000
0000
0000
0000
0000
0000
0000
0000
0000
0000
0000
0000
0000
0000
0000
0000
0000
0000
0000
0000
0000
0000
0000
0000
0000
0000
0000
0000
0000
0000
0000
0000
0000
0000
0000
0000
0000
0000
0000
0000
0000
0000
0000
0000
0000
0000
0000
0000
0000
0000
0000
0000
0000
0000
0000
0000
0000
0000
0000
0000
0000
0000
0000
0000
0000
0000
0000
0000
0000
0000
0000
0000
0000
0000
0000
0000
0000
0000
0000
0000
0000
0000
0000
0000
0000
0000
0000
0000
0000
0000
0000
0000
0000
0000
0000
0000
0000
0000
0000
0000
0000
0000
0000
0000
0000
0000
0000
0000
0000
0000
0000
0000
0000
0000
0000
0000
0000
0000
0000
0000
0000
0000
0000
0000
0000
0000
0000
0000
0000
0000
0000
0000
0000
0000
0000
0000
0000
0000
0000
0000
0000
0000
0000
0000
0000
0000
0000
0000
0000
0000
0000
0000
0000
0000
0000
0000
0000
0000
0000
0000
0000
0000
0000
0000
0000
0000
0000
0000
0000
0000
0000
0000
0000
0000
0000
0000
0000
0000
0000
0000
0000
0000
0000
0000
0000
0000
0000
0000
0000
0000
0000
0000
0000
0000
0000
0000
0000
0000
0000
0000
0000
0000
0000
0000
0000
0000
0000
0000
0000
0000
0000
0000
0000
0000
0000
0000
0000
0000
0000
0000
0000
0000
0000
0000
0000
0000
0000
0000
0000
0000
0000
0000
0000
0000
0000
0000
0000
0000
0000
0000
0000
0000
0000
0000
0000
0000
0000
0000
0000
0000
0000
0000
0000
0000
0000
0000
0000
0000
0000
0000
0000
0000
0000
0000
0000
0000
0000
0000
0000
0000
0000
0000
0000
0000
0000
0000
0000
0000
0000
0000
0000
0000
0000
0000
0000
0000
0000
0000
0000
0000
0000
0000
0000
0000
0000
0000
0000
0000
0000
0000
0000
0000
0000
0000
0000
0000
0000
0000
0000
0000
0000
0000
0000
0000
0000
0000
0000
0000
0000
0000
0000
0000
0000
0000
0000
0000
0000
0000
0000
0000
0000
0000
0000
0000
0000
0000
0000
0000
0000
0000
0000
0000
0000
0000
0000
0000
0000
0000
0000
0000
0000
0000
0000
0000
0000
0000
0000
0000
0000
0000
0000
0000
0000
0000
0000
0000
0000
0000
0000
0000
0000
0000
0000
0000
0000
0000
0000
0000
0000
0000
0000
0000
0000
0000
0000
0000
0000
0000
0000
0000
0000
0000
0000
0000
0000
0000
0000
0000
0000
0000
0000
0000
0000
0000
0000
0000
0000
0000
0000
0000
0000
0000
0000
0000
0000
0000
0000
0000
0000
0000
0000
0000
0000
0000
0000
0000
0000
0000
0000
0000
0000
0000
0000
0000
0000
0000
0000
0000
0000
0000
0000
0000
0000
0000
0000
0000
0000
0000
0000
0000
0000
0000
0000
0000
0000
0000
0000
0000
0000
0000
0000
0000
0000
0000
0000
0000
0000
0000
0000
0000
0000
0000
0000
0000
0000
0000
0000
0000
0000
0000
0000
0000
0000
0000
0000
0000
0000
0000
0000
0000
0000
0000
0000
0000
0000
0000
0000
0000
0000
0000
0000
0000
0000
0000
0000
0000
0000
0000
0000
0000
0000
0000
0000
0000
0000
0000
0000
0000
0000
0000
0000
0000
0000
0000
0000
0000
0000
0000
0000
0000
0000
0000
0000
0000
0000
0000
0000
0000
0000
0000
0000
0000
0000
0000
0000
0000
0000
0000
0000
0000
0000
0000
0000
0000
0000
0000
0000
0000
0000
0000
0000
0000
0000
0000
0000
0000
0000
0000
0000
0000
0000
0000
0000
0000
0000
0000
0000
0000
0000
0000
0000
0000
0000
0000
0000
0000
0000
0000
0000
0000
0000
0000
0000
0000
0000
0000
0000
0000
0000
0000
0000
0000
0000
0000
0000
0000
0000
0000
0000
0000
0000
0000
0000
0000
0000
0000
0000
0000
0000
0000
0000
0000
0000
0000
0000
0000
0000
0000
0000
0000
0000
0000
0000
0000
0000
0000
0000
0000
0000
0000
0000
0000
0000
0000
0000
0000
0000
0000
0000
0000
0000
0000
0000
0000
0000
0000
0000
0000
0000
0000
0000
0000
0000
0000
0000
0000
0000
0000
0000
0000
0000
0000
0000
0000
0000
0000
0000
0000
0000
0000
0000
0000
0000
0000
0000
0000
0000
0000
0000
0000
0000
0000
0000
0000
0000
0000
0000
0000
0000
0000
0000
0000
0000
0000
0000
0000
0000
0000
0000
0000
0000
0000
0000
0000
0000
0000
0000
0000
0000
0000
0000
0000
0000
0000
0000
0000
0000
0000
0000
0000
0000
0000
0000
0000
0000
0000
0000
0000
0000
0000
0000
0000
0000
0000
0000
0000
0000
0000
0000
0000
0000
0000
0000
0000
0000
0000
0000
0000
0000
0000
0000
0000
0000
0000
0000
0000
0000
0000
0000
0000
0000
0000
0000
0000
0000
0000
0000
0000
0000
0000
0000
0000
0000
0000
0000
0000
0000
0000
0000
0000
0000
0000
0000
0000
0000
0000
0000
0000
0000
0000
0000
0000
0000
0000
0000
0000
0000
0000
0000
0000
0000
0000
0000
0000
0000
0000
0000
0000
0000
0000
0000
0000
0000
0000
0000
0000
0000
0000
0000
0000
0000
0000
0000
0000
0000
0000
0000
0000
0000
0000
0000
0000
0000
0000
0000
0000
0000
0000
0000
0000
0000
0000
0000
0000
0000
0000
0000
0000
0000
0000
0000
0000
0000
0000
0000
0000
0000
0000
0000
0000
0000
0000
0000
0000
0000
0000
0000
0000
0000
0000
0000
0000
0000
0000
0000
0000
0000
0000
0000
0000
0000
0000
0000
0000
0000
0000
0000
0000
0000
0000
0000
0000
0000
0000
0000
0000
0000
0000
0000
0000
0000
0000
0000
0000
0000
0000
0000
0000
0000
0000
0000
0000
0000
0000
0000
0000
0000
0000
0000
0000
0000
0000
0000
0000
0000
0000
0000
0000
0000
0000
0000
0000
0000
0000
0000
0000
0000
0000
0000
0000
0000
0000
0000
0000
0000
0000
0000
0000
0000
0000
0000
0000
0000
0000
0000
0000
0000
0000
0000
0000
0000
0000
0000
0000
0000
0000
0000
0000
0000
0000
0000
0000
0000
0000
0000
0000
0000
0000
0000
0000
0000
0000
0000
0000
0000
0000
0000
0000
0000
0000
0000
0000
0000
0000
0000
0000
0000
0000
0000
0000
0000
0000
0000
0000
0000
0000
0000
0000
0000
0000
0000
0000
0000
0000
0000
0000
0000
0000
0000
0000
0000
0000
0000
0000
0000
0000
0000
0000
0000
0000
0000
0000
0000
0000
0000
0000
0000
0000
0000
0000
0000
0000
0000
0000
0000
0000
0000
0000
0000
0000
0000
0000
0000
0000
0000
0000
0000
0000
0000
0000
0000
0000
0000
0000
0000
0000
0000
0000
0000
0000
0000
0000
0000
0000
0000
0000
0000
0000
0000
0000
0000
0000
0000
0000
0000
0000
0000
0000
0000
0000
0000
0000
0000
0000
0000
0000
0000
0000
0000
0000
0000
0000
0000
0000
0000
0000
0000
0000
0000
0000
0000
0000
0000
0000
0000
0000
0000
0000
0000
0000
0000
0000
0000
0000
0000
0000
0000
0000
0000
0000
0000
0000
0000
0000
0000
0000
0000
0000
0000
0000
0000
0000
0000
0000
0000
0000
0000
0000
0000
0000
0000
0000
0000
0000
0000
0000
0000
0000
0000
0000
0000
0000
0000
0000
0000
0000
0000
0000
0000
0000
0000
0000
0000
0000
0000
0000
0000
0000
0000
0000
0000
0000
0000
0000
0000
0000
0000
0000
0000
0000
0000
0000
0000
0000
0000
0000
0000
0000
0000
0000
0000
0000
0000
0000
0000
0000
0000
0000
0000
0000
0000
0000
0000
0000
0000
0000
0000
0000
0000
0000
0000
0000
0000
0000
0000
0000
0000
0000
0000
0000
0000
0000
0000
0000
0000
0000
0000
0000
0000
0000
0000
0000
0000
0000
0000
0000
0000
0000
0000
0000
0000
0000
0000
0000
0000
0000
0000
0000
0000
0000
0000
0000
0000
0000
0000
0000
0000
0000
0000
0000
0000
0000
0000
0000
0000
0000
0000
0000
0000
0000
0000
0000
0000
0000
0000
0000
0000
0000
0000
0000
0000
0000
0000
0000
0000
0000
0000
0000
0000
0000
0000
0000
0000
0000
0000
0000
0000
0000
0000
0000
0000
0000
0000
0000
0000
0000
0000
0000
0000
0000
0000
0000
0000
0000
0000
0000
0000
0000
0000
0000
0000
0000
0000
0000
0000
0000
0000
0000
0000
0000
0000
0000
0000
0000
0000
0000
0000
0000
0000
0000
0000
0000
0000
0000
0000
0000
0000
0000
0000
0000
0000
0000
0000
0000
0000
0000
0000
0000
0000
0000
0000
0000
0000
0000
0000
0000
0000
0000
0000
0000
0000
0000
0000
0000
0000
0000
0000
0000
0000
0000
0000
0000
0000
0000
0000
0000
0000
0000
0000
0000
0000
0000
0000
0000
0000
0000
0000
0000
0000
0000
0000
0000
0000
0000
0000
0000
0000
0000
0000
0000
0000
0000
0000
0000
0000
0000
0000
0000
0000
0000
0000
0000
0000
0000
0000
0000
0000
0000
0000
0000
0000
0000
0000
0000
0000
0000
0000
0000
0000
0000
0000
0000
0000
0000
0000
0000
0000
0000
0000
0000
0000
0000
0000
0000
0000
0000
0000
0000
0000
0000
0000
0000
0000
0000
0000
0000
0000
0000
0000
0000
0000
0000
0000
0000
0000
0000
0000
0000
0000
0000
0000
0000
0000
0000
0000
0000
0000
0000
0000
0000
0000
0000
0000
0000
0000
0000
0000
0000
0000
0000
0000
0000
0000
0000
0000
0000
0000
0000
0000
0000
0000
0000
0000
0000
0000
0000
0000
0000
0000
0000
0000
0000
0000
0000
0000
0000
0000
0000
0000
0000
0000
0000
0000
0000
0000
0000
0000
0000
0000
0000
0000
0000
0000
0000
0000
0000
0000
0000
0000
0000
0000
0000
0000
0000
0000
0000
0000
0000
0000
0000
0000
0000
0000
0000
0000
0000
0000
0000
0000
0000
0000
0000
0000
0000
0000
0000
0000
0000
0000
0000
0000
0000
0000
0000
0000
0000
0000
0000
0000
0000
0000
0000
0000
0000
0000
0000
0000
0000
0000
0000
0000
0000
0000
0000
0000
0000
0000
0000
0000
0000
0000
0000
0000
0000
0000
0000
0000
0000
0000
0000
0000
0000
0000
0000
0000
0000
0000
0000
0000
0000
0000
0000
0000
0000
0000
0000
0000
0000
0000
0000
0000
0000
0000
0000
0000
0000
0000
0000
0000
0000
0000
0000
0000
0000
0000
0000
0000
0000
0000
0000
0000
0000
0000
0000
0000
0000
0000
0000
0000
0000
0000
0000
0000
0000
0000
0000
0000
0000
0000
0000
0000
0000
0000
0000
0000
0000
0000
0000
0000
0000
0000
0000
0000
0000
0000
0000
0000
0000
0000
0000
0000
0000
0000
0000
0000
0000
0000
0000
0000
0000
0000
0000
0000
0000
0000
0000
0000
0000
0000
0000
0000
0000
0000
0000
0000
0000
0000
0000
0000
0000
0000
0000
0000
0000
0000
0000
0000
0000
0000
0000
0000
0000
0000
0000
0000
0000
0000
0000
0000
0000
0000
0000
0000
0000
0000
0000
0000
0000
0000
0000
0000
0000
0000
0000
0000
0000
0000
0000
0000
0000
0000
0000
0000
0000
0000
0000
0000
0000
0000
0000
0000
0000
0000
0000
0000
0000
0000
0000
0000
0000
0000
0000
0000
0000
0000
0000
0000
0000
0000
0000
0000
0000
0000
0000
0000
0000
0000
0000
0000
0000
0000
0000
0000
0000
0000
0000
0000
0000
0000
0000
0000
0000
0000
0000
0000
0000
0000
0000
0000
0000
0000
0000
0000
0000
0000
0000
0000
0000
0000
0000
0000
0000
0000
0000
0000
0000
0000
0000
0000
0000
0000
0000
0000
0000
0000
0000
0000
0000
0000
0000
0000
0000
0000
0000
0000
0000
0000
0000
0000
0000
0000
0000
0000
0000
0000
0000
0000
0000
0000
0000
0000
0000
0000
0000
0000
0000
0000
0000
0000
0000
0000
0000
0000
0000
0000
0000
0000
0000
0000
0000
0000
0000
0000
0000
0000
0000
0000
0000
0000
0000
0000
0000
0000
0000
0000
0000
0000
0000
0000
0000
0000
0000
0000
0000
0000
0000
0000
0000
0000
0000
0000
0000
0000
0000
0000
0000
0000
0000
0000
0000
0000
0000
0000
0000
0000
0000
0000
0000
0000
0000
0000
0000
0000
0000
0000
0000
0000
0000
0000
0000
0000
0000
0000
0000
0000
0000
0000
0000
0000
0000
0000
0000
0000
0000
0000
0000
0000
0000
0000
0000
0000
0000
0000
0000
0000
0000
0000
0000
0000
0000
0000
0000
0000
0000
0000
0000
0000
0000
0000
0000
0000
0000
0000
0000
0000
0000
0000
0000
0000
0000
0000
0000
0000
0000
0000
0000
0000
0000
0000
0000
0000
0000
0000
0000
0000
0000
0000
0000
0000
0000
0000
0000
0000
0000
0000
0000
0000
0000
0000
0000
0000
0000
0000
0000
0000
0000
0000
0000
0000
0000
0000
0000
0000
0000
0000
0000
0000
0000
0000
0000
0000
0000
0000
0000
0000
0000
0000
0000
0000
0000
0000
0000
0000
0000
0000
0000
0000
0000
0000
0000
0000
0000
0000
0000
0000
0000
0000
0000
0000
0000
0000
0000
0000
0000
0000
0000
0000
0000
0000
0000
0000
0000
0000
0000
0000
0000
0000
0000
0000
0000
0000
0000
0000
0000
0000
0000
0000
0000
0000
0000
0000
0000
0000
0000
0000
0000
0000
0000
0000
0000
0000
0000
0000
0000
0000
0000
0000
0000
0000
0000
0000
0000
0000
0000
0000
0000
0000
0000
0000
0000
0000
0000
0000
0000
0000
0000
0000
0000
0000
0000
0000
0000
0000
0000
0000
0000
0000
0000
0000
0000
0000
0000
0000
0000
0000
0000
0000
0000
0000
0000
0000
0000
0000
0000
0000
0000
0000
0000
0000
0000
0000
0000
0000
0000
0000
0000
0000
0000
0000
0000
0000
0000
0000
0000
0000
0000
0000
0000
0000
0000
0000
0000
0000
0000
0000
0000
0000
0000
0000
0000
0000
0000
0000
0000
0000
0000
0000
0000
0000
0000
0000
0000
0000
0000
0000
0000
0000
0000
0000
0000
0000
0000
0000
0000
0000
0000
0000
0000
0000
0000
0000
0000
0000
0000
0000
0000
0000
0000
0000
0000
0000
0000
0000
0000
0000
0000
0000
0000
0000
0000
0000
0000
0000
0000
0000
0000
0000
0000
0000
0000
0000
0000
0000
0000
0000
0000
0000
0000
0000
0000
0000
0000
0000
0000
0000
0000
0000
0000
0000
0000
0000
0000
0000
0000
0000
0000
0000
0000
0000
0000
0000
0000
0000
0000
0000
0000
0000
0000
0000
0000
0000
0000
0000
0000
0000
0000
0000
0000
0000
0000
0000
0000
0000
0000
0000
0000
0000
0000
0000
0000
0000
0000
0000
0000
0000
0000
0000
0000
0000
0000
0000
0000
0000
0000
0000
0000
0000
0000
0000
0000
0000
0000
0000
0000
0000
0000
0000
0000
0000
0000
0000
0000
0000
0000
0000
0000
0000
0000
0000
0000
0000
0000
0000
0000
0000
0000
0000
0000
0000
0000
0000
0000
0000
0000
0000
0000
0000
0000
0000
0000
0000
0000
0000
0000
0000
0000
0000
0000
0000
0000
0000
0000
0000
0000
0000
0000
0000
0000
0000
0000
0000
0000
0000
0000
0000
0000
0000
0000
0000
0000
0000
0000
0000
0000
0000
0000
0000
0000
0000
0000
0000
0000
0000
0000
0000
0000
0000
0000
0000
0000
0000
0000
0000
0000
0000
0000
0000
0000
0000
0000
0000
0000
0000
0000
0000
0000
0000
0000
0000
0000
0000
0000
0000
0000
0000
0000
0000
0000
0000
0000
0000
0000
0000
0000
0000
0000
0000
0000
0000
0000
0000
0000
0000
0000
0000
0000
0000
0000
0000
0000
0000
0000
0000
0000
0000
0000
0000
0000
0000
0000
0000
0000
0000
0000
0000
0000
0000
0000
0000
0000
0000
0000
0000
0000
0000
0000
0000
0000
0000
0000
0000
0000
0000
0000
0000
0000
0000
0000
0000
0000
0000
0000
0000
0000
0000
0000
0000
0000
0000
0000
0000
0000
0000
0000
0000
0000
0000
0000
0000
0000
0000
0000
0000
0000
0000
0000
0000
0000
0000
0000
0000
0000
0000
0000
0000
0000
0000
0000
0000
0000
0000
0000
0000
0000
0000
0000
0000
0000
0000
0000
0000
0000
0000
0000
0000
0000
0000
0000
0000
0000
0000
0000
0000
0000
0000
0000
0000
0000
0000
0000
0000
0000
0000
0000
0000
0000
0000
0000
0000
0000
0000
0000
0000
0000
0000
0000
0000
0000
0000
0000
0000
0000
0000
0000
0000
0000
0000
0000
0000
0000
0000
0000
0000
0000
0000
0000
0000
0000
0000
0000
0000
0000
0000
0000
0000
0000
0000
0000
0000
0000
0000
0000
0000
0000
0000
0000
0000
0000
0000
0000
0000
0000
0000
0000
0000
0000
0000
0000
0000
0000
0000
0000
0000
0000
0000
0000
0000
0000
0000
0000
0000
0000
0000
0000
0000
0000
0000
0000
0000
0000
0000
0000
0000
0000
0000
0000
0000
0000
0000
0000
0000
0000
0000
0000
0000
0000
0000
0000
0000
0000
0000
0000
0000
0000
0000
0000
0000
0000
0000
0000
0000
0000
0000
0000
0000
0000
0000
0000
0000
0000
0000
0000
0000
0000
0000
0000
0000
0000
0000
0000
0000
0000
0000
0000
0000
0000
0000
0000
0000
0000
0000
0000
0000
0000
0000
0000
0000
0000
0000
0000
0000
0000
0000
0000
0000
0000
0000
0000
0000
0000
0000
0000
0000
0000
0000
0000
0000
0000
0000
0000
0000
0000
0000
0000
0000
0000
0000
0000
0000
0000
0000
0000
0000
0000
0000
0000
0000
0000
0000
0000
0000
0000
0000
0000
0000
0000
0000
0000
0000
0000
0000
0000
0000
0000
0000
0000
0000
0000
0000
0000
0000
0000
0000
0000
0000
0000
0000
0000
0000
0000
0000
0000
0000
0000
0000
0000
0000
0000
0000
0000
0000
0000
0000
0000
0000
0000
0000
0000
0000
0000
0000
0000
0000
0000
0000
0000
0000
0000
0000
0000
0000
0000
0000
0000
0000
0000
0000
0000
0000
0000
0000
0000
0000
0000
0000
0000
0000
0000
0000
0000
0000
0000
0000
0000
0000
0000
0000
0000
0000
0000
0000
0000
0000
0000
0000
0000
0000
0000
0000
0000
0000
0000
0000
0000
0000
0000
0000
0000
0000
0000
0000
0000
0000
0000
0000
0000
0000
0000
0000
0000
0000
0000
0000
0000
0000
0000
0000
0000
0000
0000
0000
0000
0000
0000
0000
0000
0000
0000
0000
0000
0000
0000
0000
0000
0000
0000
0000
0000
0000
0000
0000
0000
0000
0000
0000
0000
0000
0000
0000
0000
0000
0000
0000
0000
0000
0000
0000
0000
0000
0000
0000
0000
0000
0000
0000
0000
0000
0000
0000
0000
0000
0000
0000
0000
0000
0000
0000
0000
0000
0000
0000
0000
0000
0000
0000
0000
0000
0000
0000
0000
0000
0000
0000
0000
0000
0000
0000
0000
0000
0000
0000
0000
0000
0000
0000
0000
0000
0000
0000
0000
0000
0000
0000
0000
0000
0000
0000
0000
0000
0000
0000
0000
0000
0000
0000
0000
0000
0000
0000
0000
0000
0000
0000
0000
0000
0000
0000
0000
0000
0000
0000
0000
0000
0000
0000
0000
0000
0000
0000
0000
0000
0000
0000
0000
0000
0000
0000
0000
0000
0000
0000
0000
0000
0000
0000
0000
0000
0000
0000
0000
0000
0000
0000
0000
0000
0000
0000
0000
0000
0000
0000
0000
0000
0000
0000
0000
0000
0000
0000
0000
0000
0000
0000
0000
0000
0000
0000
0000
0000
0000
0000
0000
0000
0000
0000
0000
0000
0000
0000
0000
0000
0000
0000
0000
0000
0000
0000
0000
0000
0000
0000
0000
0000
0000
0000
0000
0000
0000
0000
0000
0000
0000
0000
0000
0000
0000
0000
0000
0000
0000
0000
0000
0000
0000
0000
0000
0000
0000
0000
0000
0000
0000
0000
0000
0000
0000
0000
0000
0000
0000
0000
0000
0000
0000
0000
0000
0000
0000
0000
0000
0000
0000
0000
0000
0000
0000
0000
0000
0000
0000
0000
0000
0000
0000
0000
0000
0000
0000
0000
0000
0000
0000
0000
0000
0000
0000
0000
0000
0000
0000
0000
0000
0000
0000
0000
0000
0000
0000
0000
0000
0000
0000
0000
0000
0000
0000
0000
0000
0000
0000
0000
0000
0000
0000
0000
0000
0000
0000
0000
0000
0000
0000
0000
0000
0000
0000
0000
0000
0000
0000
0000
0000
0000
0000
0000
0000
0000
0000
0000
0000
0000
0000
0000
0000
0000
0000
0000
0000
0000
0000
0000
0000
0000
0000
0000
0000
0000
0000
0000
0000
0000
0000
0000
0000
0000
0000
0000
0000
0000
0000
0000
0000
0000
0000
0000
0000
0000
0000
0000
0000
0000
0000
0000
0000
0000
0000
0000
0000
0000
0000
0000
0000
0000
0000
0000
0000
0000
0000
0000
0000
0000
0000
0000
0000
0000
0000
0000
0000
0000
0000
0000
0000
0000
0000
0000
0000
0000
0000
0000
0000
0000
0000
0000
0000
0000
0000
0000
0000
0000
0000
0000
0000
0000
0000
0000
0000
0000
0000
0000
0000
0000
0000
0000
0000
0000
0000
0000
0000
0000
0000
0000
0000
0000
0000
0000
0000
0000
0000
0000
0000
0000
0000
0000
0000
0000
0000
0000
0000
0000
0000
0000
0000
0000
0000
0000
0000
0000
0000
0000
0000
0000
0000
0000
0000
0000
0000
0000
0000
0000
0000
0000
0000
0000
0000
0000
0000
0000
0000
0000
0000
0000
0000
0000
0000
0000
0000
0000
0000
0000
0000
0000
0000
0000
0000
0000
0000
0000
0000
0000
0000
0000
0000
0000
0000
0000
0000
0000
0000
0000
0000
0000
0000
0000
0000
0000
0000
0000
0000
0000
0000
0000
0000
0000
0000
0000
0000
0000
0000
0000
0000
0000
0000
0000
0000
0000
0000
0000
0000
0000
0000
0000
0000
0000
0000
0000
0000
0000
0000
0000
0000
0000
0000
0000
0000
0000
0000
0000
0000
0000
0000
0000
0000
0000
0000
0000
0000
0000
0000
0000
0000
0000
0000
0000
0000
0000
0000
0000
0000
0000
0000
0000
0000
0000
0000
0000
0000
0000
0000
0000
0000
0000
0000
0000
0000
0000
0000
0000
0000
0000
0000
0000
0000
0000
0000
0000
0000
0000
0000
0000
0000
0000
0000
0000
0000
0000
0000
0000
0000
0000
0000
0000
0000
0000
0000
0000
0000
0000
0000
0000
0000
0000
0000
0000
0000
0000
0000
0000
0000
0000
0000
0000
0000
0000
0000
0000
0000
0000
0000
0000
0000
0000
0000
0000
0000
0000
0000
0000
0000
0000
0000
0000
0000
0000
0000
0000
0000
0000
0000
0000
0000
0000
0000
0000
0000
0000
0000
0000
0000
0000
0000
0000
0000
0000
0000
0000
0000
0000
0000
0000
0000
0000
0000
0000
0000
0000
0000
0000
0000
0000
0000
0000
0000
0000
0000
0000
0000
0000
0000
0000
0000
0000
0000
0000
0000
0000
0000
0000
0000
0000
0000
0000
0000
0000
0000
0000
0000
0000
0000
0000
0000
0000
0000
0000
0000
0000
0000
0000
0000
0000
0000
0000
0000
0000
0000
0000
0000
0000
0000
0000
0000
0000
0000
0000
0000
0000
0000
0000
0000
0000
0000
0000
0000
0000
0000
0000
0000
0000
0000
0000
0000
0000
0000
0000
0000
0000
0000
0000
0000
0000
0000
0000
0000
0000
0000
0000
0000
0000
0000
0000
0000
0000
0000
0000
0000
0000
0000
0000
0000
0000
0000
0000
0000
0000
0000
0000
0000
0000
0000
0000
0000
0000
0000
0000
0000
0000
0000
0000
0000
0000
0000
0000
0000
0000
0000
0000
0000
0000
0000
0000
0000
0000
0000
0000
0000
0000
0000
0000
0000
0000
0000
0000
0000
0000
0000
0000
0000
0000
0000
0000
0000
0000
0000
0000
0000
0000
0000
0000
0000
0000
0000
0000
0000
0000
0000
0000
0000
0000
0000
0000
0000
0000
0000
0000
0000
0000
0000
0000
0000
0000
0000
0000
0000
0000
0000
0000
0000
0000
0000
0000
0000
0000
0000
0000
0000
0000
0000
0000
0000
0000
0000
0000
0000
0000
0000
0000
0000
0000
0000
0000
0000
0000
0000
0000
0000
0000
0000
0000
0000
0000
0000
0000
0000
0000
0000
0000
0000
0000
0000
0000
0000
0000
0000
0000
0000
0000
0000
0000
0000
0000
0000
0000
0000
0000
0000
0000
0000
0000
0000
0000
0000
0000
0000
0000
0000
0000
0000
0000
0000
0000
0000
0000
0000
0000
0000
0000
0000
0000
0000
0000
0000
0000
0000
0000
0000
0000
0000
0000
0000
0000
0000
0000
0000
0000
0000
0000
0000
0000
0000
0000
0000
0000
0000
0000
0000
0000
0000
0000
0000
0000
0000
0000
0000
0000
0000
0000
0000
0000
0000
0000
0000
0000
0000
0000
0000
0000
0000
0000
0000
0000
0000
0000
0000
0000
0000
0000
0000
0000
0000
0000
0000
0000
0000
0000
0000
0000
0000
0000
0000
0000
0000
0000
0000
0000
0000
0000
0000
0000
0000
0000
0000
0000
0000
0000
0000
0000
0000
0000
0000
0000
0000
0000
0000
0000
0000
0000
0000
0000
0000
0000
0000
0000
0000
0000
0000
0000
0000
0000
0000
0000
0000
0000
0000
0000
0000
0000
0000
0000
0000
0000
0000
0000
0000
0000
0000
0000
0000
0000
0000
0000
0000
0000
0000
0000
0000
0000
0000
0000
0000
0000
0000
0000
0000
0000
0000
0000
0000
0000
0000
0000
0000
0000
0000
0000
0000
0000
0000
0000
0000
0000
0000
0000
0000
0000
0000
0000
0000
0000
0000
0000
0000
0000
0000
0000
0000
0000
0000
0000
0000
0000
0000
0000
0000
0000
0000
0000
0000
0000
0000
0000
0000
0000
0000
0000
0000
0000
0000
0000
0000
0000
0000
0000
0000
0000
0000
0000
0000
0000
0000
0000
0000
0000
0000
0000
0000
0000
0000
0000
0000
0000
0000
0000
0000
0000
0000
0000
0000
0000
0000
0000
0000
0000
0000
0000
0000
0000
0000
0000
0000
0000
0000
0000
0000
0000
0000
0000
0000
0000
0000
0000
0000
0000
0000
0000
0000
0000
0000
0000
0000
0000
0000
0000
0000
0000
0000
0000
0000
0000
0000
0000
0000
0000
0000
0000
0000
0000
0000
0000
0000
0000
0000
0000
0000
0000
0000
0000
0000
0000
0000
0000
0000
0000
0000
0000
0000
0000
0000
0000
0000
0000
0000
0000
0000
0000
0000
0000
0000
0000
0000
0000
0000
0000
0000
0000
0000
0000
0000
0000
0000
0000
0000
0000
0000
0000
0000
0000
0000
0000
0000
0000
0000
0000
0000
0000
0000
0000
0000
0000
0000
0000
0000
0000
0000
0000
0000
0000
0000
0000
0000
0000
0000
0000
0000
0000
0000
0000
0000
0000
0000
0000
0000
0000
0000
0000
0000
0000
0000
0000
0000
0000
0000
0000
0000
0000
0000
0000
0000
0000
0000
0000
0000
0000
0000
0000
0000
0000
0000
0000
0000
0000
0000
0000
0000
0000
0000
0000
0000
0000
0000
0000
0000
0000
0000
0000
0000
0000
0000
0000
0000
0000
0000
0000
0000
0000
0000
0000
0000
0000
0000
0000
0000
0000
0000
0000
0000
0000
0000
0000
0000
0000
0000
0000
0000
0000
0000
0000
0000
0000
0000
0000
0000
0000
0000
0000
0000
0000
0000
0000
0000
0000
0000
0000
0000
0000
0000
0000
0000
0000
0000
0000
0000
0000
0000
0000
0000
0000
0000
0000
0000
0000
0000
0000
0000
0000
0000
0000
0000
0000
0000
0000
0000
0000
0000
0000
0000
0000
0000
0000
0000
0000
0000
0000
0000
0000
0000
0000
0000
0000
0000
0000
0000
0000
0000
0000
0000
0000
0000
0000
0000
0000
0000
0000
0000
0000
0000
0000
0000
0000
0000
0000
0000
0000
0000
0000
0000
0000
0000
0000
0000
0000
0000
0000
0000
0000
0000
0000
0000
0000
0000
0000
0000
0000
0000
0000
0000
0000
0000
0000
0000
0000
0000
0000
0000
0000
0000
0000
0000
0000
0000
0000
0000
0000
0000
0000
0000
0000
0000
0000
0000
0000
0000
0000
0000
0000
0000
0000
0000
0000
0000
0000
0000
0000
0000
0000
0000
0000
0000
0000
0000
0000
0000
0000
0000
0000
0000
0000
0000
0000
0000
0000
0000
0000
0000
0000
0000
0000
0000
0000
0000
0000
0000
0000
0000
0000
0000
0000
0000
0000
0000
0000
0000
0000
0000
0000
0000
0000
0000
0000
0000
0000
0000
0000
0000
0000
0000
0000
0000
0000
0000
0000
0000
0000
0000
0000
0000
0000
0000
0000
0000
0000
0000
0000
0000
0000
0000
0000
0000
0000
0000
0000
0000
0000
0000
0000
0000
0000
0000
0000
0000
0000
0000
0000
0000
0000
0000
0000
0000
0000
0000
0000
0000
0000
0000
0000
0000
0000
0000
0000
0000
0000
0000
0000
0000
0000
0000
0000
0000
0000
0000
0000
0000
0000
0000
0000
0000
0000
0000
0000
0000
0000
0000
0000
0000
0000
0000
0000
0000
0000
0000
0000
0000
0000
0000
0000
0000
0000
0000
0000
0000
0000
0000
0000
0000
0000
0000
0000
0000
0000
0000
0000
0000
0000
0000
0000
0000
0000
0000
0000
0000
0000
0000
0000
0000
0000
0000
0000
0000
0000
0000
0000
0000
0000
0000
0000
0000
0000
0000
0000
0000
0000
0000
0000
0000
0000
0000
0000
0000
0000
0000
0000
0000
0000
0000
0000
0000
0000
0000
0000
0000
0000
0000
0000
0000
0000
0000
0000
0000
0000
0000
0000
0000
0000
0000
0000
0000
0000
0000
0000
0000
0000
0000
0000
0000
0000
0000
0000
0000
0000
0000
0000
0000
0000
0000
0000
0000
0000
0000
0000
0000
0000
0000
0000
0000
0000
0000
0000
0000
0000
0000
0000
0000
0000
0000
0000
0000
0000
0000
0000
0000
0000
0000
0000
0000
0000
0000
0000
0000
0000
0000
0000
0000
0000
0000
0000
0000
0000
0000
0000
0000
0000
0000
0000
0000
0000
0000
0000
0000
0000
0000
0000
0000
0000
0000
0000
0000
0000
0000
0000
0000
0000
0000
0000
0000
0000
0000
0000
0000
0000
0000
0000
0000
0000
0000
0000
0000
0000
0000
0000
0000
0000
0000
0000
0000
0000
0000
0000
0000
0000
0000
0000
0000
0000
0000
0000
0000
0000
0000
0000
0000
0000
0000
0000
0000
0000
0000
0000
0000
0000
0000
0000
0000
0000
0000
0000
0000
0000
0000
0000
0000
0000
0000
0000
0000
0000
0000
0000
0000
0000
0000
0000
0000
0000
0000
0000
0000
0000
0000
0000
0000
0000
0000
0000
0000
0000
0000
0000
0000
0000
0000
0000
0000
0000
0000
0000
0000
0000
0000
0000
0000
0000
0000
0000
0000
0000
0000
0000
0000
0000
0000
0000
0000
0000
0000
0000
0000
0000
0000
0000
0000
0000
0000
0000
0000
0000
0000
0000
0000
0000
0000
0000
0000
0000
0000
0000
0000
0000
0000
0000
0000
0000
0000
0000
0000
0000
0000
0000
0000
0000
0000
0000
0000
0000
0000
0000
0000
0000
0000
0000
0000
0000
0000
0000
0000
0000
0000
0000
0000
0000
0000
0000
0000
0000
0000
0000
0000
0000
0000
0000
0000
0000
0000
0000
0000
0000
0000
0000
0000
0000
0000
0000
0000
0000
0000
0000
0000
0000
0000
0000
0000
0000
0000
0000
0000
0000
0000
0000
0000
0000
0000
0000
0000
0000
0000
0000
0000
0000
0000
0000
0000
0000
0000
0000
0000
0000
0000
0000
0000
0000
0000
0000
0000
0000
0000
0000
0000
0000
0000
0000
0000
0000
0000
0000
0000
0000
0000
0000
0000
0000
0000
0000
0000
0000
0000
0000
0000
0000
0000
0000
0000
0000
0000
0000
0000
0000
0000
0000
0000
0000
0000
0000
0000
0000
0000
0000
0000
0000
0000
0000
0000
0000
0000
0000
0000
0000
0000
0000
0000
0000
0000
0000
0000
0000
0000
0000
0000
0000
0000
0000
0000
0000
0000
0000
0000
0000
0000
0000
0000
0000
0000
0000
0000
0000
0000
0000
0000
0000
0000
0000
0000
0000
0000
0000
0000
0000
0000
0000
0000
0000
0000
0000
0000
0000
0000
0000
0000
0000
0000
0000
0000
0000
0000
0000
0000
0000
0000
0000
0000
0000
0000
0000
0000
0000
0000
0000
0000
0000
0000
0000
0000
0000
0000
0000
0000
0000
0000
0000
0000
0000
0000
0000
0000
0000
0000
0000
0000
0000
0000
0000
0000
0000
0000
0000
0000
0000
0000
0000
0000
0000
0000
0000
0000
0000
0000
0000
0000
0000
0000
0000
0000
0000
0000
0000
0000
0000
0000
0000
0000
0000
0000
0000
0000
0000
0000
0000
0000
0000
0000
0000
0000
0000
0000
0000
0000
0000
0000
0000
0000
0000
0000
0000
0000
0000
0000
0000
0000
0000
0000
0000
0000
0000
0000
0000
0000
0000
0000
0000
0000
0000
0000
0000
0000
0000
0000
0000
0000
0000
0000
0000
0000
0000
0000
0000
0000
0000
0000
0000
0000
0000
0000
0000
0000
0000
0000
0000
0000
0000
0000
0000
0000
0000
0000
0000
0000
0000
0000
0000
0000
0000
0000
0000
0000
0000
0000
0000
0000
0000
0000
0000
0000
0000
0000
0000
0000
0000
0000
0000
0000
0000
0000
0000
0000
0000
0000
0000
0000
0000
0000
0000
0000
0000
0000
0000
0000
0000
0000
0000
0000
0000
0000
0000
0000
0000
0000
0000
0000
0000
0000
0000
0000
0000
0000
0000
0000
0000
0000
0000
0000
0000
0000
0000
0000
0000
0000
0000
0000
0000
0000
0000
0000
0000
0000
0000
0000
0000
0000
0000
0000
0000
0000
0000
0000
0000
0000
0000
0000
0000
0000
0000
0000
0000
0000
0000
0000
0000
0000
0000
0000
0000
0000
0000
0000
0000
0000
0000
0000
0000
0000
0000
0000
0000
0000
0000
0000
0000
0000
0000
0000
0000
0000
0000
0000
0000
0000
0000
0000
0000
0000
0000
0000
0000
0000
0000
0000
0000
0000
0000
0000
0000
0000
0000
0000
0000
0000
0000
0000
0000
0000
0000
0000
0000
0000
0000
0000
0000
0000
0000
0000
0000
0000
0000
0000
0000
0000
0000
0000
0000
0000
0000
0000
0000
0000
0000
0000
0000
0000
0000
0000
0000
0000
0000
0000
0000
0000
0000
0000
0000
0000
0000
0000
0000
0000
0000
0000
0000
0000
0000
0000
0000
0000
0000
0000
0000
0000
0000
0000
0000
0000
0000
0000
0000
0000
0000
0000
0000
0000
0000
0000
0000
0000
0000
0000
0000
0000
0000
0000
0000
0000
0000
0000
0000
0000
0000
0000
0000
0000
0000
0000
0000
0000
0000
0000
0000
0000
0000
0000
0000
0000
0000
0000
0000
0000
0000
0000
0000
0000
0000
0000
0000
0000
0000
0000
0000
0000
0000
0000
0000
0000
0000
0000
0000
0000
0000
0000
0000
0000
0000
0000
0000
0000
0000
0000
0000
0000
0000
0000
0000
0000
0000
0000
0000
0000
0000
0000
0000
0000
0000
0000
0000
0000
0000
0000
0000
0000
0000
0000
0000
0000
0000
0000
0000
0000
0000
0000
0000
0000
0000
0000
0000
0000
0000
0000
0000
0000
0000
0000
0000
0000
0000
0000
0000
0000
0000
0000
0000
0000
0000
0000
0000
0000
0000
0000
0000
0000
0000
0000
0000
0000
0000
0000
0000
0000
0000
0000
0000
0000
0000
0000
0000
0000
0000
0000
0000
0000
0000
0000
0000
0000
0000
0000
0000
0000
0000
0000
0000
0000
0000
0000
0000
0000
0000
0000
0000
0000
0000
0000
0000
0000
0000
0000
0000
0000
0000
0000
0000
0000
0000
0000
0000
0000
0000
0000
0000
0000
0000
0000
0000
0000
0000
0000
0000
0000
0000
0000
0000
0000
0000
0000
0000
0000
0000
0000
0000
0000
0000
0000
0000
0000
0000
0000
0000
0000
0000
0000
0000
0000
0000
0000
0000
0000
0000
0000
0000
0000
0000
0000
0000
0000
0000
0000
0000
0000
0000
0000
0000
0000
0000
0000
0000
0000
0000
0000
0000
0000
0000
0000
0000
0000
0000
0000
0000
0000
0000
0000
0000
0000
0000
0000
0000
0000
0000
0000
0000
0000
0000
0000
0000
0000
0000
0000
0000
0000
0000
0000
0000
0000
0000
0000
0000
0000
0000
0000
0000
0000
0000
0000
0000
0000
0000
0000
0000
0000
0000
0000
0000
0000
0000
0000
0000
0000
0000
0000
0000
0000
0000
0000
0000
0000
0000
0000
0000
0000
0000
0000
0000
0000
0000
0000
0000
0000
0000
0000
0000
0000
0000
0000
0000
0000
0000
0000
0000
0000
0000
0000
0000
0000
0000
0000
0000
0000
0000
0000
0000
0000
0000
0000
0000
0000
0000
0000
0000
0000
0000
0000
0000
0000
0000
0000
0000
0000
0000
0000
0000
0000
0000
0000
0000
0000
0000
0000
0000
0000
0000
0000
0000
0000
0000
0000
0000
0000
0000
0000
0000
0000
0000
0000
0000
0000
0000
0000
0000
0000
0000
0000
0000
0000
0000
0000
0000
0000
0000
0000
0000
0000
0000
0000
0000
0000
0000
0000
0000
0000
0000
0000
0000
0000
0000
0000
0000
0000
0000
0000
0000
0000
0000
0000
0000
0000
0000
0000
0000
0000
0000
0000
0000
0000
0000
0000
0000
0000
0000
0000
0000
0000
0000
0000
0000
0000
0000
0000
0000
0000
0000
0000
0000
0000
0000
0000
0000
0000
0000
0000
0000
0000
0000
0000
0000
0000
0000
0000
0000
0000
0000
0000
0000
0000
0000
0000
0000
0000
0000
0000
0000
0000
0000
0000
0000
0000
0000
0000
0000
0000
0000
0000
0000
0000
0000
0000
0000
0000
0000
0000
0000
0000
0000
0000
0000
0000
0000
0000
0000
0000
0000
0000
0000
0000
0000
0000
0000
0000
0000
0000
0000
0000
0000
0000
0000
0000
0000
0000
0000
0000
0000
0000
0000
0000
0000
0000
0000
0000
0000
0000
0000
0000
0000
0000
0000
0000
0000
0000
0000
0000
0000
0000
0000
0000
0000
0000
0000
0000
0000
0000
0000
0000
0000
0000
0000
0000
0000
0000
0000
0000
0000
0000
0000
0000
0000
0000
0000
0000
0000
0000
0000
0000
0000
0000
0000
0000
0000
0000
0000
0000
0000
0000
0000
0000
0000
0000
0000
0000
0000
0000
0000
0000
0000
0000
0000
0000
0000
0000
0000
0000
0000
0000
0000
0000
0000
0000
0000
0000
0000
0000
0000
0000
0000
0000
0000
0000
0000
0000
0000
0000
0000
0000
0000
0000
0000
0000
0000
0000
0000
0000
0000
0000
0000
0000
0000
0000
0000
0000
0000
0000
0000
0000
0000
0000
0000
0000
0000
0000
0000
0000
0000
0000
0000
0000
0000
0000
0000
0000
0000
0000
0000
0000
0000
0000
0000
0000
0000
0000
0000
0000
0000
0000
0000
0000
0000
0000
0000
0000
0000
0000
0000
0000
0000
0000
0000
0000
0000
0000
0000
0000
0000
0000
0000
0000
0000
0000
0000
0000
0000
0000
0000
0000
0000
0000
0000
0000
0000
0000
0000
0000
0000
0000
0000
0000
0000
0000
0000
0000
0000
0000
0000
0000
0000
0000
0000
0000
0000
0000
0000
0000
0000
0000
0000
0000
0000
0000
0000
0000
0000
0000
0000
0000
0000
0000
0000
0000
0000
0000
0000
0000
0000
0000
0000
0000
0000
0000
0000
0000
0000
0000
0000
0000
0000
0000
0000
0000
0000
0000
0000
0000
0000
0000
0000
0000
0000
0000
0000
0000
0000
0000
0000
0000
0000
0000
0000
0000
0000
0000
0000
0000
0000
0000
0000
0000
0000
0000
0000
0000
0000
0000
0000
0000
0000
0000
0000
0000
0000
0000
0000
0000
0000
0000
0000
0000
0000
0000
0000
0000
0000
0000
0000
0000
0000
0000
0000
0000
0000
0000
0000
0000
0000
0000
0000
0000
0000
0000
0000
0000
0000
0000
0000
0000
0000
0000
0000
0000
0000
0000
0000
0000
0000
0000
0000
0000
0000
0000
0000
0000
0000
0000
0000
0000
0000
0000
0000
0000
0000
0000
0000
0000
0000
0000
0000
0000
0000
0000
0000
0000
0000
0000
0000
0000
0000
0000
0000
0000
0000
0000
0000
0000
0000
0000
0000
0000
0000
0000
0000
0000
0000
0000
0000
0000
0000
0000
0000
0000
0000
0000
0000
0000
0000
0000
0000
0000
0000
0000
0000
0000
0000
0000
0000
0000
0000
0000
0000
0000
0000
0000
0000
0000
0000
0000
0000
0000
0000
0000
0000
0000
0000
0000
0000
0000
0000
0000
0000
0000
0000
0000
0000
0000
0000
0000
0000
0000
0000
0000
0000
0000
0000
0000
0000
0000
0000
0000
0000
0000
0000
0000
0000
0000
0000
0000
0000
0000
0000
0000
0000
0000
0000
0000
0000
0000
0000
0000
0000
0000
0000
0000
0000
0000
0000
0000
0000
0000
0000
0000
0000
0000
0000
0000
0000
0000
0000
0000
0000
0000
0000
0000
0000
0000
0000
0000
0000
0000
0000
0000
0000
0000
0000
0000
0000
0000
0000
0000
0000
0000
0000
0000
0000
0000
0000
0000
0000
0000
0000
0000
0000
0000
0000
0000
0000
0000
0000
0000
0000
0000
0000
0000
0000
0000
0000
0000
0000
0000
0000
0000
0000
0000
0000
0000
0000
0000
0000
0000
0000
0000
0000
0000
0000
0000
0000
0000
0000
0000
0000
0000
0000
0000
0000
0000
0000
0000
0000
0000
0000
0000
0000
0000
0000
0000
0000
0000
0000
0000
0000
0000
0000
0000
0000
0000
0000
0000
0000
0000
0000
0000
0000
0000
0000
0000
0000
0000
0000
0000
0000
0000
0000
0000
0000
0000
0000
0000
0000
0000
0000
0000
0000
0000
0000
0000
0000
0000
0000
0000
0000
0000
0000
0000
0000
0000
0000
0000
0000
0000
0000
0000
0000
0000
0000
0000
0000
0000
0000
0000
0000
0000
0000
0000
0000
0000
0000
0000
0000
0000
0000
0000
0000
0000
0000
0000
0000
0000
0000
0000
0000
0000
0000
0000
0000
0000
0000
0000
0000
0000
0000
0000
0000
0000
0000
0000
0000
0000
0000
0000
0000
0000
0000
0000
0000
0000
0000
0000
0000
0000
0000
0000
0000
0000
0000
0000
0000
0000
0000
0000
0000
0000
0000
0000
0000
0000
0000
0000
0000
0000
0000
0000
0000
0000
0000
0000
0000
0000
0000
0000
0000
0000
0000
0000
0000
0000
0000
0000
0000
0000
0000
0000
0000
0000
0000
0000
0000
0000
0000
0000
0000
0000
0000
0000
0000
0000
0000
0000
0000
0000
0000
0000
0000
0000
0000
0000
0000
0000
0000
0000
0000
0000
0000
0000
0000
0000
0000
0000
0000
0000
0000
0000
0000
0000
0000
0000
0000
0000
0000
0000
0000
0000
0000
0000
0000
0000
0000
0000
0000
0000
0000
0000
0000
0000
0000
0000
0000
0000
0000
0000
0000
0000
0000
0000
0000
0000
0000
0000
0000
0000
0000
0000
0000
0000
0000
0000
0000
0000
0000
0000
0000
0000
0000
0000
0000
0000
0000
0000
0000
0000
0000
0000
0000
0000
0000
0000
0000
0000
0000
0000
0000
0000
0000
0000
0000
0000
0000
0000
0000
0000
0000
0000
0000
0000
0000
0000
0000
0000
0000
0000
0000
0000
0000
0000
0000
0000
0000
0000
0000
0000
0000
0000
0000
0000
0000
0000
0000
0000
0000
0000
0000
0000
0000
0000
0000
0000
0000
0000
0000
0000
0000
0000
0000
0000
0000
0000
0000
0000
0000
0000
0000
0000
0000
0000
0000
0000
0000
0000
0000
0000
0000
0000
0000
0000
0000
0000
0000
0000
0000
0000
0000
0000
0000
0000
0000
0000
0000
0000
0000
0000
0000
0000
0000
0000
0000
0000
0000
0000
0000
0000
0000
0000
0000
0000
0000
0000
0000
0000
0000
0000
0000
0000
0000
0000
0000
0000
0000
0000
0000
0000
0000
0000
0000
0000
0000
0000
0000
0000
0000
0000
0000
0000
0000
0000
0000
0000
0000
0000
0000
0000
0000
0000
0000
0000
0000
0000
0000
0000
0000
0000
0000
0000
0000
0000
0000
0000
0000
0000
0000
0000
0000
0000
0000
0000
0000
0000
0000
0000
0000
0000
0000
0000
0000
0000
0000
0000
0000
0000
0000
0000
0000
0000
0000
0000
0000
0000
0000
0000
0000
0000
0000
0000
0000
0000
0000
0000
0000
0000
0000
0000
0000
0000
0000
0000
0000
0000
0000
0000
0000
0000
0000
0000
0000
0000
0000
0000
0000
0000
0000
0000
0000
0000
0000
0000
0000
0000
0000
0000
0000
0000
0000
0000
0000
0000
0000
0000
0000
0000
0000
0000
0000
0000
0000
0000
0000
0000
0000
0000
0000
0000
0000
0000
0000
0000
0000
0000
0000
0000
0000
0000
0000
0000
0000
0000
0000
0000
0000
0000
0000
0000
0000
0000
0000
0000
0000
0000
0000
0000
0000
0000
0000
0000
0000
0000
0000
0000
0000
0000
0000
0000
0000
0000
0000
0000
0000
0000
0000
0000
0000
0000
0000
0000
0000
0000
0000
0000
0000
0000
0000
0000
0000
0000
0000
0000
0000
0000
0000
0000
0000
0000
0000
0000
0000
0000
0000
0000
0000
0000
0000
0000
0000
0000
0000
0000
0000
0000
0000
0000
0000
0000
0000
0000
0000
0000
0000
0000
0000
0000
0000
0000
0000
0000
0000
0000
0000
0000
0000
0000
0000
0000
0000
0000
0000
0000
0000
0000
0000
0000
0000
0000
0000
0000
0000
0000
0000
0000
0000
0000
0000
0000
0000
0000
0000
0000
0000
0000
0000
0000
0000
0000
0000
0000
0000
0000
0000
0000
0000
0000
0000
0000
0000
0000
0000
0000
0000
0000
0000
0000
0000
0000
0000
0000
0000
0000
0000
0000
0000
0000
0000
0000
0000
0000
0000
0000
0000
0000
0000
0000
0000
0000
0000
0000
0000
0000
0000
0000
0000
0000
0000
0000
0000
0000
0000
0000
0000
0000
0000
0000
0000
0000
0000
0000
0000
0000
0000
0000
0000
0000
0000
0000
0000
0000
0000
0000
0000
0000
0000
0000
0000
0000
0000
0000
0000
0000
0000
0000
0000
0000
0000
0000
0000
0000
0000
0000
0000
0000
0000
0000
0000
0000
0000
0000
0000
0000
0000
0000
0000
0000
0000
0000
0000
0000
0000
0000
0000
0000
0000
0000
0000
0000
0000
0000
0000
0000
0000
0000
0000
0000
0000
0000
0000
0000
0000
0000
0000
0000
0000
0000
0000
0000
0000
0000
0000
0000
0000
0000
0000
0000
0000
0000
0000
0000
0000
0000
0000
0000
0000
0000
0000
0000
0000
0000
0000
0000
0000
0000
0000
0000
0000
0000
0000
0000
0000
0000
0000
0000
0000
0000
0000
0000
0000
0000
0000
0000
0000
0000
0000
0000
0000
0000
0000
0000
0000
0000
0000
0000
0000
0000
0000
0000
0000
0000
0000
0000
0000
0000
0000
0000
0000
0000
0000
0000
0000
0000
0000
0000
0000
0000
0000
0000
0000
0000
0000
0000
0000
0000
0000
0000
0000
0000
0000
0000
0000
0000
0000
0000
0000
0000
0000
0000
0000
0000
0000
0000
0000
0000
0000
0000
0000
0000
0000
0000
0000
0000
0000
0000
0000
0000
0000
0000
0000
0000
0000
0000
0000
0000
0000
0000
0000
0000
0000
0000
0000
0000
0000
0000
0000
0000
0000
0000
0000
0000
0000
0000
0000
0000
0000
0000
0000
0000
0000
0000
0000
0000
0000
0000
0000
0000
0000
0000
0000
0000
0000
0000
0000
0000
0000
0000
0000
0000
0000
0000
0000
0000
0000
0000
0000
0000
0000
0000
0000
0000
0000
0000
0000
0000
0000
0000
0000
0000
0000
0000
0000
0000
0000
0000
0000
0000
0000
0000
0000
0000
0000
0000
0000
0000
0000
0000
0000
0000
0000
0000
0000
0000
0000
0000
0000
0000
0000
0000
0000
0000
0000
0000
0000
0000
0000
0000
0000
0000
0000
0000
0000
0000
0000
0000
0000
0000
0000
0000
0000
0000
0000
0000
0000
0000
0000
0000
0000
0000
0000
0000
0000
0000
0000
0000
0000
0000
0000
0000
0000
0000
0000
0000
0000
0000
0000
0000
0000
0000
0000
0000
0000
0000
0000
0000
0000
0000
0000
0000
0000
0000
0000
0000
0000
0000
0000
0000
0000
0000
0000
0000
0000
0000
0000
0000
0000
0000
0000
0000
0000
0000
0000
0000
0000
0000
0000
0000
0000
0000
0000
0000
0000
0000
0000
0000
0000
0000
0000
0000
0000
0000
0000
0000
0000
0000
0000
0000
0000
0000
0000
0000
0000
0000
0000
0000
0000
0000
0000
0000
0000
0000
0000
0000
0000
0000
0000
0000
0000
0000
0000
0000
0000
0000
0000
0000
0000
0000
0000
0000
0000
0000
0000
0000
0000
0000
0000
0000
0000
0000
0000
0000
0000
0000
0000
0000
0000
0000
0000
0000
0000
0000
0000
0000
0000
0000
0000
0000
0000
0000
0000
0000
0000
0000
0000
0000
0000
0000
0000
0000
0000
0000
0000
0000
0000
0000
0000
0000
0000
0000
0000
0000
0000
0000
0000
0000
0000
0000
0000
0000
0000
0000
0000
0000
0000
0000
0000
0000
0000
0000
0000
0000
0000
0000
0000
0000
0000
0000
0000
0000
0000
0000
0000
0000
0000
0000
0000
0000
0000
0000
0000
0000
0000
0000
0000
0000
0000
0000
0000
0000
0000
0000
0000
0000
0000
0000
0000
0000
0000
0000
0000
0000
0000
0000
0000
0000
0000
0000
0000
0000
0000
0000
0000
0000
0000
0000
0000
0000
0000
0000
0000
0000
0000
0000
0000
0000
0000
0000
0000
0000
0000
0000
0000
0000
0000
0000
0000
0000
0000
0000
0000
0000
0000
0000
0000
0000
0000
0000
0000
0000
0000
0000
0000
0000
0000
0000
0000
0000
0000
0000
0000
0000
0000
0000
0000
0000
0000
0000
0000
0000
0000
0000
0000
0000
0000
0000
0000
0000
0000
0000
0000
0000
0000
0000
0000
0000
0000
0000
0000
0000
0000
0000
0000
0000
0000
0000
0000
0000
0000
0000
0000
0000
0000
0000
0000
0000
0000
0000
0000
0000
0000
0000
0000
0000
0000
0000
0000
0000
0000
0000
0000
0000
0000
0000
0000
0000
0000
0000
0000
0000
0000
0000
0000
0000
0000
0000
0000
0000
0000
0000
0000
0000
0000
0000
0000
0000
0000
0000
0000
0000
0000
0000
0000
0000
0000
0000
0000
0000
0000
0000
0000
0000
0000
0000
0000
0000
0000
0000
0000
0000
0000
0000
0000
0000
0000
0000
0000
0000
0000
0000
0000
0000
0000
0000
0000
0000
0000
0000
0000
0000
0000
0000
0000
0000
0000
0000
0000
0000
0000
0000
0000
0000
0000
0000
0000
0000
0000
0000
0000
0000
0000
0000
0000
0000
0000
0000
0000
0000
0000
0000
0000
0000
0000
0000
0000
0000
0000
0000
0000
0000
0000
0000
0000
0000
0000
0000
0000
0000
0000
0000
0000
0000
0000
0000
0000
0000
0000
0000
0000
0000
0000
0000
0000
0000
0000
0000
0000
0000
0000
0000
0000
0000
0000
0000
0000
0000
0000
0000
0000
0000
0000
0000
0000
0000
0000
0000
0000
0000
0000
0000
0000
0000
0000
0000
0000
0000
0000
0000
0000
0000
0000
0000
0000
0000
0000
0000
0000
0000
0000
0000
0000
0000
0000
0000
0000
0000
0000
0000
0000
0000
0000
0000
0000
0000
0000
0000
0000
0000
0000
0000
0000
0000
0000
0000
0000
0000
0000
0000
0000
0000
0000
0000
0000
0000
0000
0000
0000
0000
0000
0000
0000
0000
0000
0000
0000
0000
0000
0000
0000
0000
0000
0000
0000
0000
0000
0000
0000
0000
0000
0000
0000
0000
0000
0000
0000
0000
0000
0000
0000
0000
0000
0000
0000
0000
0000
0000
0000
0000
0000
0000
0000
0000
0000
0000
0000
0000
0000
0000
0000
0000
0000
0000
0000
0000
0000
0000
0000
0000
0000
0000
0000
0000
0000
0000
0000
0000
0000
0000
0000
0000
0000
0000
0000
0000
0000
0000
0000
0000
0000
0000
0000
0000
0000
0000
0000
0000
0000
0000
0000
0000
0000
0000
0000
0000
0000
0000
0000
0000
0000
0000
0000
0000
0000
0000
0000
0000
0000
0000
0000
0000
0000
0000
0000
0000
0000
0000
0000
0000
0000
0000
0000
0000
0000
0000
0000
0000
0000
0000
0000
0000
0000
0000
0000
0000
0000
0000
0000
0000
0000
0000
0000
0000
0000
0000
0000
0000
0000
0000
0000
0000
0000
0000
0000
0000
0000
0000
0000
0000
0000
0000
0000
0000
0000
0000
0000
0000
0000
0000
0000
0000
0000
0000
0000
0000
0000
0000
0000
0000
0000
0000
0000
0000
0000
0000
0000
0000
0000
0000
0000
0000
0000
0000
0000
0000
0000
0000
0000
0000
0000
0000
0000
0000
0000
0000
0000
0000
0000
0000
0000
0000
0000
0000
0000
0000
0000
0000
0000
0000
0000
0000
0000
0000
0000
0000
0000
0000
0000
0000
0000
0000
0000
0000
0000
0000
0000
0000
0000
0000
0000
0000
0000
0000
0000
0000
0000
0000
0000
0000
0000
0000
0000
0000
0000
0000
0000
0000
0000
0000
0000
0000
0000
0000
0000
0000
0000
0000
0000
0000
0000
0000
0000
0000
0000
0000
0000
0000
0000
0000
0000
0000
0000
0000
0000
0000
0000
0000
0000
0000
0000
0000
0000
0000
0000
0000
0000
0000
0000
0000
0000
0000
0000
0000
0000
0000
0000
0000
0000
0000
0000
0000
0000
0000
0000
0000
0000
0000
0000
0000
0000
0000
0000
0000
0000
0000
0000
0000
0000
0000
0000
0000
0000
0000
0000
0000
0000
0000
0000
0000
0000
0000
0000
0000
0000
0000
0000
0000
0000
0000
0000
0000
0000
0000
0000
0000
0000
0000
0000
0000
0000
0000
0000
0000
0000
0000
0000
0000
0000
0000
0000
0000
0000
0000
0000
0000
0000
0000
0000
0000
0000
0000
0000
0000
0000
0000
0000
0000
0000
0000
0000
0000
0000
0000
0000
0000
0000
0000
0000
0000
0000
0000
0000
0000
0000
0000
0000
0000
0000
0000
0000
0000
0000
0000
0000
0000
0000
0000
0000
0000
0000
0000
0000
0000
0000
0000
0000
0000
0000
0000
0000
0000
0000
0000
0000
0000
0000
0000
0000
0000
0000
0000
0000
0000
0000
0000
0000
0000
0000
0000
0000
0000
0000
0000
0000
0000
0000
0000
0000
0000
0000
0000
0000
0000
0000
0000
0000
0000
0000
0000
0000
0000
0000
0000
0000
0000
0000
0000
0000
0000
0000
0000
0000
0000
0000
0000
0000
0000
0000
0000
0000
0000
0000
0000
0000
0000
0000
0000
0000
0000
0000
0000
0000
0000
0000
0000
0000
0000
0000
0000
0000
0000
0000
0000
0000
0000
0000
0000
0000
0000
0000
0000
0000
0000
0000
0000
0000
0000
0000
0000
0000
0000
0000
0000
0000
0000
0000
0000
0000
0000
0000
0000
0000
0000
0000
0000
0000
0000
0000
0000
0000
0000
0000
0000
0000
0000
0000
0000
0000
0000
0000
0000
0000
0000
0000
0000
0000
0000
0000
0000
0000
0000
0000
0000
0000
0000
0000
0000
0000
0000
0000
0000
0000
0000
0000
0000
0000
0000
0000
0000
0000
0000
0000
0000
0000
0000
0000
0000
0000
0000
0000
0000
0000
0000
0000
0000
0000
0000
0000
0000
0000
0000
0000
0000
0000
0000
0000
0000
0000
0000
0000
0000
0000
0000
0000
0000
0000
0000
0000
0000
0000
0000
0000
0000
0000
0000
0000
0000
0000
0000
0000
0000
0000
0000
0000
0000
0000
0000
0000
0000
0000
0000
0000
0000
0000
0000
0000
0000
0000
0000
0000
0000
0000
0000
0000
0000
0000
0000
0000
0000
0000
0000
0000
0000
0000
0000
0000
0000
0000
0000
0000
0000
0000
0000
0000
0000
0000
0000
0000
0000
0000
0000
0000
0000
0000
0000
0000
0000
0000
0000
0000
0000
0000
0000
0000
0000
0000
0000
0000
0000
0000
0000
0000
0000
0000
0000
0000
0000
0000
0000
0000
0000
0000
0000
0000
0000
0000
0000
0000
0000
0000
0000
0000
0000
0000
0000
0000
0000
0000
0000
0000
0000
0000
0000
0000
0000
0000
0000
0000
0000
0000
0000
0000
0000
0000
0000
0000
0000
0000
0000
0000
0000
0000
0000
0000
0000
0000
0000
0000
0000
0000
0000
0000
0000
0000
0000
0000
0000
0000
0000
0000
0000
0000
0000
0000
0000
0000
0000
0000
0000
0000
0000
0000
0000
0000
0000
0000
0000
0000
0000
0000
0000
0000
0000
0000
0000
0000
0000
0000
0000
0000
0000
0000
0000
0000
0000
0000
0000
0000
0000
0000
0000
0000
0000
0000
0000
0000
0000
0000
0000
0000
0000
0000
0000
0000
0000
0000
0000
0000
0000
0000
0000
0000
0000
0000
0000
0000
0000
0000
0000
0000
0000
0000
0000
0000
0000
0000
0000
0000
0000
0000
0000
0000
0000
0000
0000
0000
0000
0000
0000
0000
0000
0000
0000
0000
0000
0000
0000
0000
0000
0000
0000
0000
0000
0000
0000
0000
0000
0000
0000
0000
0000
0000
0000
0000
0000
0000
0000
0000
0000
0000
0000
0000
0000
0000
0000
0000
0000
0000
0000
0000
0000
0000
0000
0000
0000
0000
0000
0000
0000
0000
0000
0000
0000
0000
0000
0000
0000
0000
0000
0000
0000
0000
0000
0000
0000
0000
0000
0000
0000
0000
0000
0000
0000
0000
0000
0000
0000
0000
0000
0000
0000
0000
0000
0000
0000
0000
0000
0000
0000
0000
0000
0000
0000
0000
0000
0000
0000
0000
0000
0000
0000
0000
0000
0000
0000
0000
0000
0000
0000
0000
0000
0000
0000
0000
0000
0000
0000
0000
0000
0000
0000
0000
0000
0000
0000
0000
0000
0000
0000
0000
0000
0000
0000
0000
0000
0000
0000
0000
0000
0000
0000
0000
0000
0000
0000
0000
0000
0000
0000
0000
0000
0000
0000
0000
0000
0000
0000
0000
0000
0000
0000
0000
0000
0000
0000
0000
0000
0000
0000
0000
0000
0000
0000
0000
0000
0000
0000
0000
0000
0000
0000
0000
0000
0000
0000
0000
0000
0000
0000
0000
0000
0000
0000
0000
0000
0000
0000
0000
0000
0000
0000
0000
0000
0000
0000
0000
0000
0000
0000
0000
0000
0000
0000
0000
0000
0000
0000
0000
0000
0000
0000
0000
0000
0000
0000
0000
0000
0000
0000
0000
0000
0000
0000
0000
0000
0000
0000
0000
0000
0000
0000
0000
0000
0000
0000
0000
0000
0000
0000
0000
0000
0000
0000
0000
0000
0000
0000
0000
0000
0000
0000
0000
0000
0000
0000
0000
0000
0000
0000
0000
0000
0000
0000
0000
0000
0000
0000
0000
0000
0000
0000
0000
0000
0000
0000
0000
0000
0000
0000
0000
0000
0000
0000
0000
0000
0000
0000
0000
0000
0000
0000
0000
0000
0000
0000
0000
0000
0000
0000
0000
0000
0000
0000
0000
0000
0000
0000
0000
0000
0000
0000
0000
0000
0000
0000
0000
0000
0000
0000
0000
0000
0000
0000
0000
0000
0000
0000
0000
0000
0000
0000
0000
0000
0000
0000
0000
0000
0000
0000
0000
0000
0000
0000
0000
0000
0000
0000
0000
0000
0000
0000
0000
0000
0000
0000
0000
0000
0000
0000
0000
0000
0000
0000
0000
0000
0000
0000
0000
0000
0000
0000
0000
0000
0000
0000
0000
0000
0000
0000
0000
0000
0000
0000
0000
0000
0000
0000
0000
0000
0000
0000
0000
0000
0000
0000
0000
0000
0000
0000
0000
0000
0000
0000
0000
0000
0000
0000
0000
0000
0000
0000
0000
0000
0000
0000
0000
0000
0000
0000
0000
0000
0000
0000
0000
0000
0000
0000
0000
0000
0000
0000
0000
0000
0000
0000
0000
0000
0000
0000
0000
0000
0000
0000
0000
0000
0000
0000
0000
0000
0000
0000
0000
0000
0000
0000
0000
0000
0000
0000
0000
0000
0000
0000
0000
0000
0000
0000
0000
0000
0000
0000
0000
0000
0000
0000
0000
0000
0000
0000
0000
0000
0000
0000
0000
0000
0000
0000
0000
0000
0000
0000
0000
0000
0000
0000
0000
0000
0000
0000
0000
0000
0000
0000
0000
0000
0000
0000
0000
0000
0000
0000
0000
0000
0000
0000
0000
0000
0000
0000
0000
0000
0000
0000
0000
0000
0000
0000
0000
0000
0000
0000
0000
0000
0000
0000
0000
0000
0000
0000
0000
0000
0000
0000
0000
0000
0000
0000
0000
0000
0000
0000
0000
0000
0000
0000
0000
0000
0000
0000
0000
0000
0000
0000
0000
0000
0000
0000
0000
0000
0000
0000
0000
0000
0000
0000
0000
0000
0000
0000
0000
0000
0000
0000
0000
0000
0000
0000
0000
0000
0000
0000
0000
0000
0000
0000
0000
0000
0000
0000
0000
0000
0000
0000
0000
0000
0000
0000
0000
0000
0000
0000
0000
0000
0000
0000
0000
0000
0000
0000
0000
0000
0000
0000
0000
0000
0000
0000
0000
0000
0000
0000
0000
0000
0000
0000
0000
0000
0000
0000
0000
0000
0000
0000
0000
0000
0000
0000
0000
0000
0000
0000
0000
0000
0000
0000
0000
0000
0000
0000
0000
0000
0000
0000
0000
0000
0000
0000
0000
0000
0000
0000
0000
0000
0000
0000
0000
0000
0000
0000
0000
0000
0000
0000
0000
0000
0000
0000
0000
0000
0000
0000
0000
0000
0000
0000
0000
0000
0000
0000
0000
0000
0000
0000
0000
0000
0000
0000
0000
0000
0000
0000
0000
0000
0000
0000
0000
0000
0000
0000
0000
0000
0000
0000
0000
0000
0000
0000
0000
0000
0000
0000
0000
0000
0000
0000
0000
0000
0000
0000
0000
0000
0000
0000
0000
0000
0000
0000
0000
0000
0000
0000
0000
0000
0000
0000
0000
0000
0000
0000
0000
0000
0000
0000
0000
0000
0000
0000
0000
0000
0000
0000
0000
0000
0000
0000
0000
0000
0000
0000
0000
0000
0000
0000
0000
0000
0000
0000
0000
0000
0000
0000
0000
0000
0000
0000
0000
0000
0000
0000
0000
0000
0000
0000
0000
0000
0000
0000
0000
0000
0000
0000
0000
0000
0000
0000
0000
0000
0000
0000
0000
0000
0000
0000
0000
0000
0000
0000
0000
0000
0000
0000
0000
0000
0000
0000
0000
0000
0000
0000
0000
0000
0000
0000
0000
0000
0000
0000
0000
0000
0000
0000
0000
0000
0000
0000
0000
0000
0000
0000
0000
0000
0000
0000
0000
0000
0000
0000
0000
0000
0000
0000
0000
0000
0000
0000
0000
0000
0000
0000
0000
0000
0000
0000
0000
0000
0000
0000
0000
0000
0000
0000
0000
0000
0000
0000
0000
0000
0000
0000
0000
0000
0000
0000
0000
0000
0000
0000
0000
0000
0000
0000
0000
0000
0000
0000
0000
0000
0000
0000
0000
0000
0000
0000
0000
0000
0000
0000
0000
0000
0000
0000
0000
0000
0000
0000
0000
0000
0000
0000
0000
0000
0000
0000
0000
0000
0000
0000
0000
0000
0000
0000
0000
0000
0000
0000
0000
0000
0000
0000
0000
0000
0000
0000
0000
0000
0000
0000
0000
0000
0000
0000
0000
0000
0000
0000
0000
0000
0000
0000
0000
0000
0000
0000
0000
0000
0000
0000
0000
0000
0000
0000
0000
0000
0000
0000
0000
0000
0000
0000
0000
0000
0000
0000
0000
0000
0000
0000
0000
0000
0000
0000
0000
0000
0000
0000
0000
0000
0000
0000
0000
0000
0000
0000
0000
0000
0000
0000
0000
0000
0000
0000
0000
0000
0000
0000
0000
0000
0000
0000
0000
0000
0000
0000
0000
0000
0000
0000
0000
0000
0000
0000
0000
0000
0000
0000
0000
0000
0000
0000
0000
0000
0000
0000
0000
0000
0000
0000
0000
0000
0000
0000
0000
0000
0000
0000
0000
0000
0000
0000
0000
0000
0000
0000
0000
0000
0000
0000
0000
0000
0000
0000
0000
0000
0000
0000
0000
0000
0000
0000
0000
0000
0000
0000
0000
0000
0000
0000
0000
0000
0000
0000
0000
0000
0000
0000
0000
0000
0000
0000
0000
0000
0000
0000
0000
0000
0000
0000
0000
0000
0000
0000
0000
0000
0000
0000
0000
0000
0000
0000
0000
0000
0000
0000
0000
0000
0000
0000
0000
0000
0000
0000
0000
0000
0000
0000
0000
0000
0000
0000
0000
0000
0000
0000
0000
0000
0000
0000
0000
0000
0000
0000
0000
0000
0000
0000
0000
0000
0000
0000
0000
0000
0000
0000
0000
0000
0000
0000
0000
0000
0000
0000
0000
0000
0000
0000
0000
0000
0000
0000
0000
0000
0000
0000
0000
0000
0000
0000
0000
0000
0000
0000
0000
0000
0000
0000
0000
0000
0000
0000
0000
0000
0000
0000
0000
0000
0000
0000
0000
0000
0000
0000
0000
0000
0000
0000
0000
0000
0000
0000
0000
0000
0000
0000
0000
0000
0000
0000
0000
0000
0000
0000
0000
0000
0000
0000
0000
0000
0000
0000
0000
0000
0000
0000
0000
0000
0000
0000
0000
0000
0000
0000
0000
0000
0000
0000
0000
0000
0000
0000
0000
0000
0000
0000
0000
0000
0000
0000
0000
0000
0000
0000
0000
0000
0000
0000
0000
0000
0000
0000
0000
0000
0000
0000
0000
0000
0000
0000
0000
0000
0000
0000
0000
0000
0000
0000
0000
0000
0000
0000
0000
0000
0000
0000
0000
0000
0000
0000
0000
0000
0000
0000
0000
0000
0000
0000
0000
0000
0000
0000
0000
0000
0000
0000
0000
0000
0000
0000
0000
0000
0000
0000
0000
0000
0000
0000
0000
0000
0000
0000
0000
0000
0000
0000
0000
0000
0000
0000
0000
0000
0000
0000
0000
0000
0000
0000
0000
0000
0000
0000
0000
0000
0000
0000
0000
0000
0000
0000
0000
0000
0000
0000
0000
0000
0000
0000
0000
0000
0000
0000
0000
0000
0000
0000
0000
0000
0000
0000
0000
0000
0000
0000
0000
0000
0000
0000
0000
0000
0000
0000
0000
0000
0000
0000
0000
0000
0000
0000
0000
0000
0000
0000
0000
0000
0000
0000
0000
0000
0000
0000
0000
0000
0000
0000
0000
0000
0000
0000
0000
0000
0000
0000
0000
0000
0000
0000
0000
0000
0000
0000
0000
0000
0000
0000
0000
0000
0000
0000
0000
0000
0000
0000
0000
0000
0000
0000
0000
0000
0000
0000
0000
0000
0000
0000
0000
0000
0000
0000
0000
0000
0000
0000
0000
0000
0000
0000
0000
0000
0000
0000
0000
0000
0000
0000
0000
0000
0000
0000
0000
0000
0000
0000
0000
0000
0000
0000
0000
0000
0000
0000
0000
0000
0000
0000
0000
0000
0000
0000
0000
0000
0000
0000
0000
0000
0000
0000
0000
0000
0000
0000
0000
0000
0000
0000
0000
0000
0000
0000
0000
0000
0000
0000
0000
0000
0000
0000
0000
0000
0000
0000
0000
0000
0000
0000
0000
0000
0000
0000
0000
0000
0000
0000
0000
0000
0000
0000
0000
0000
0000
0000
0000
0000
0000
0000
0000
0000
0000
0000
0000
0000
0000
0000
0000
0000
0000
0000
0000
0000
0000
0000
0000
0000
0000
0000
0000
0000
0000
0000
0000
0000
0000
0000
0000
0000
0000
0000
0000
0000
0000
0000
0000
0000
0000
0000
0000
0000
0000
0000
0000
0000
0000
0000
0000
0000
0000
0000
0000
0000
0000
0000
0000
0000
0000
0000
0000
0000
0000
0000
0000
0000
0000
0000
0000
0000
0000
0000
0000
0000
0000
0000
0000
0000
0000
0000
0000
0000
0000
0000
0000
0000
0000
0000
0000
0000
0000
0000
0000
0000
0000
0000
0000
0000
0000
0000
0000
0000
0000
0000
0000
0000
0000
0000
0000
0000
0000
0000
0000
0000
0000
0000
0000
0000
0000
0000
0000
0000
0000
0000
0000
0000
0000
0000
0000
0000
0000
0000
0000
0000
0000
0000
0000
0000
0000
0000
0000
0000
0000
0000
0000
0000
0000
0000
0000
0000
0000
0000
0000
0000
0000
0000
0000
0000
0000
0000
0000
0000
0000
0000
0000
0000
0000
0000
0000
0000
0000
0000
0000
0000
0000
0000
0000
0000
0000
0000
0000
0000
0000
0000
0000
0000
0000
0000
0000
0000
0000
0000
0000
0000
0000
0000
0000
0000
0000
0000
0000
0000
0000
0000
0000
0000
0000
0000
0000
0000
0000
0000
0000
0000
0000
0000
0000
0000
0000
0000
0000
0000
0000
0000
0000
0000
0000
0000
0000
0000
0000
0000
0000
0000
0000
0000
0000
0000
0000
0000
0000
0000
0000
0000
0000
0000
0000
0000
0000
0000
0000
0000
0000
0000
0000
0000
0000
0000
0000
0000
0000
0000
0000
0000
0000
0000
0000
0000
0000
0000
0000
0000
0000
0000
0000
0000
0000
0000
0000
0000
0000
0000
0000
0000
0000
0000
0000
0000
0000
0000
0000
0000
0000
0000
0000
0000
0000
0000
0000
0000
0000
0000
0000
0000
0000
0000
0000
0000
0000
0000
0000
0000
0000
0000
0000
0000
0000
0000
0000
0000
0000
0000
0000
0000
0000
0000
0000
0000
0000
0000
0000
0000
0000
0000
0000
0000
0000
0000
0000
0000
0000
0000
0000
0000
0000
0000
0000
0000
0000
0000
0000
0000
0000
0000
0000
0000
0000
0000
0000
0000
0000
0000
0000
0000
0000
0000
0000
0000
0000
0000
0000
0000
0000
0000
0000
0000
0000
0000
0000
0000
0000
0000
0000
0000
0000
0000
0000
0000
0000
0000
0000
0000
0000
0000
0000
0000
0000
0000
0000
0000
0000
0000
0000
0000
0000
0000
0000
0000
0000
0000
0000
0000
0000
0000
0000
0000
0000
0000
0000
0000
0000
0000
0000
0000
0000
0000
0000
0000
0000
0000
0000
0000
0000
0000
0000
0000
0000
0000
0000
0000
0000
0000
0000
0000
0000
0000
0000
0000
0000
0000
0000
0000
0000
0000
0000
0000
0000
0000
0000
0000
0000
0000
0000
0000
0000
0000
0000
0000
0000
0000
0000
0000
0000
0000
0000
0000
0000
0000
0000
0000
0000
0000
0000
0000
0000
0000
0000
0000
0000
0000
0000
0000
0000
0000
0000
0000
0000
0000
0000
0000
0000
0000
0000
0000
0000
0000
0000
0000
0000
0000
0000
0000
0000
0000
0000
0000
0000
0000
0000
0000
0000
0000
0000
0000
0000
0000
0000
0000
0000
0000
0000
0000
0000
0000
0000
0000
0000
0000
0000
0000
0000
0000
0000
0000
0000
0000
0000
0000
0000
0000
0000
0000
0000
0000
0000
0000
0000
0000
0000
0000
0000
0000
0000
0000
0000
0000
0000
0000
0000
0000
0000
0000
0000
0000
0000
0000
0000
0000
0000
0000
0000
0000
0000
0000
0000
0000
0000
0000
0000
0000
0000
0000
0000
0000
0000
0000
0000
0000
0000
0000
0000
0000
0000
0000
0000
0000
0000
0000
0000
0000
0000
0000
0000
0000
0000
0000
0000
0000
0000
0000
0000
0000
0000
0000
0000
0000
0000
0000
0000
0000
0000
0000
0000
0000
0000
0000
0000
0000
0000
0000
0000
0000
0000
0000
0000
0000
0000
0000
0000
0000
0000
0000
0000
0000
0000
0000
0000
0000
0000
0000
0000
0000
0000
0000
0000
0000
0000
0000
0000
0000
0000
0000
0000
0000
0000
0000
0000
0000
0000
0000
0000
0000
0000
0000
0000
0000
0000
0000
0000
0000
0000
0000
0000
0000
0000
0000
0000
0000
0000
0000
0000
0000
0000
0000
0000
0000
0000
0000
0000
0000
0000
0000
0000
0000
0000
0000
0000
0000
0000
0000
0000
0000
0000
0000
0000
0000
0000
0000
0000
0000
0000
0000
0000
0000
0000
0000
0000
0000
0000
0000
0000
0000
0000
0000
0000
0000
0000
0000
0000
0000
0000
0000
0000
0000
0000
0000
0000
0000
0000
0000
0000
0000
0000
0000
0000
0000
0000
0000
0000
0000
0000
0000
0000
0000
0000
0000
0000
0000
0000
0000
0000
0000
0000
0000
0000
0000
0000
0000
0000
0000
0000
0000
0000
0000
0000
0000
0000
0000
0000
0000
0000
0000
0000
0000
0000
0000
0000
0000
0000
0000
0000
0000
0000
0000
0000
0000
0000
0000
0000
0000
0000
0000
0000
0000
0000
0000
0000
0000
0000
0000
0000
0000
0000
0000
0000
0000
0000
0000
0000
0000
0000
0000
0000
0000
0000
0000
0000
0000
0000
0000
0000
0000
0000
0000
0000
0000
0000
0000
0000
0000
0000
0000
0000
0000
0000
0000
0000
0000
0000
0000
0000
0000
0000
0000
0000
0000
0000
0000
0000
0000
0000
0000
0000
0000
0000
0000
0000
0000
0000
0000
0000
0000
0000
0000
0000
0000
0000
0000
0000
0000
0000
0000
0000
0000
0000
0000
0000
0000
0000
0000
0000
0000
0000
0000
0000
0000
0000
0000
0000
0000
0000
0000
0000
0000
0000
0000
0000
0000
0000
0000
0000
0000
0000
0000
0000
0000
0000
0000
0000
0000
0000
0000
0000
0000
0000
0000
0000
0000
0000
0000
0000
0000
0000
0000
0000
0000
0000
0000
0000
0000
0000
0000
0000
0000
0000
0000
0000
0000
0000
0000
0000
0000
0000
0000
0000
0000
0000
0000
0000
0000
0000
0000
0000
0000
0000
0000
0000
0000
0000
0000
0000
0000
0000
0000
0000
0000
0000
0000
0000
0000
0000
0000
0000
0000
0000
0000
0000
0000
0000
0000
0000
0000
0000
0000
0000
0000
0000
0000
0000
0000
0000
0000
0000
0000
0000
0000
0000
0000
0000
0000
0000
0000
0000
0000
0000
0000
0000
0000
0000
0000
0000
0000
0000
0000
0000
0000
0000
0000
0000
0000
0000
0000
0000
0000
0000
0000
0000
0000
0000
0000
0000
0000
0000
0000
0000
0000
0000
0000
0000
0000
0000
0000
0000
0000
0000
0000
0000
0000
0000
0000
0000
0000
0000
0000
0000
0000
0000
0000
0000
0000
0000
0000
0000
0000
0000
0000
0000
0000
0000
0000
0000
0000
0000
0000
0000
0000
0000
0000
0000
0000
0000
0000
0000
0000
0000
0000
0000
0000
0000
0000
0000
0000
0000
0000
0000
0000
0000
0000
0000
0000
0000
0000
0000
0000
0000
0000
0000
0000
0000
0000
0000
0000
0000
0000
0000
0000
0000
0000
0000
0000
0000
0000
0000
0000
0000
0000
0000
0000
0000
0000
0000
0000
0000
0000
0000
0000
0000
0000
0000
0000
0000
0000
0000
0000
0000
0000
0000
0000
0000
0000
0000
0000
0000
0000
0000
0000
0000
0000
0000
0000
0000
0000
0000
0000
0000
0000
0000
0000
0000
0000
0000
0000
0000
0000
0000
0000
0000
0000
0000
0000
0000
0000
0000
0000
0000
0000
0000
0000
0000
0000
0000
0000
0000
0000
0000
0000
0000
0000
0000
0000
0000
0000
0000
0000
0000
0000
0000
0000
0000
0000
0000
0000
0000
0000
0000
0000
0000
0000
0000
0000
0000
0000
0000
0000
0000
0000
0000
0000
0000
0000
0000
0000
0000
0000
0000
0000
0000
0000
0000
0000
0000
0000
0000
0000
0000
0000
0000
0000
0000
0000
0000
0000
0000
0000
0000
0000
0000
0000
0000
0000
0000
0000
0000
0000
0000
0000
0000
0000
0000
0000
0000
0000
0000
0000
0000
0000
0000
0000
0000
0000
0000
0000
0000
0000
0000
0000
0000
0000
0000
0000
0000
0000
0000
0000
0000
0000
0000
0000
0000
0000
0000
0000
0000
0000
0000
0000
0000
0000
0000
0000
0000
0000
0000
0000
0000
0000
0000
0000
0000
0000
0000
0000
0000
0000
0000
0000
0000
0000
0000
0000
0000
0000
0000
0000
0000
0000
0000
0000
0000
0000
0000
0000
0000
0000
0000
0000
0000
0000
0000
0000
0000
0000
0000
0000
0000
0000
0000
0000
0000
0000
0000
0000
0000
0000
0000
0000
0000
0000
0000
0000
0000
0000
0000
0000
0000
0000
0000
0000
0000
0000
0000
0000
0000
0000
0000
0000
0000
0000
0000
0000
0000
0000
0000
0000
0000
0000
0000
0000
0000
0000
0000
0000
0000
0000
0000
0000
0000
0000
0000
0000
0000
0000
0000
0000
0000
0000
0000
0000
0000
0000
0000
0000
0000
0000
0000
0000
0000
0000
0000
0000
0000
0000
0000
0000
0000
0000
0000
0000
0000
0000
0000
0000
0000
0000
0000
0000
0000
0000
0000
0000
0000
0000
0000
0000
0000
0000
0000
0000
0000
0000
0000
0000
0000
0000
0000
0000
0000
0000
0000
0000
0000
0000
0000
0000
0000
0000
0000
0000
0000
0000
0000
0000
0000
0000
0000
0000
0000
0000
0000
0000
0000
0000
0000
0000
0000
0000
0000
0000
0000
0000
0000
0000
0000
0000
0000
0000
0000
0000
0000
0000
0000
0000
0000
0000
0000
0000
0000
0000
0000
0000
0000
0000
0000
0000
0000
0000
0000
0000
0000
0000
0000
0000
0000
0000
0000
0000
0000
0000
0000
0000
0000
0000
0000
0000
0000
0000
0000
0000
0000
0000
0000
0000
0000
0000
0000
0000
0000
0000
0000
0000
0000
0000
0000
0000
0000
0000
0000
0000
0000
0000
0000
0000
0000
0000
0000
0000
0000
0000
0000
0000
0000
0000
0000
0000
0000
0000
0000
0000
0000
0000
0000
0000
0000
0000
0000
0000
0000
0000
0000
0000
0000
0000
0000
0000
0000
0000
0000
0000
0000
0000
0000
0000
0000
0000
0000
0000
0000
0000
0000
0000
0000
0000
0000
0000
0000
0000
0000
0000
0000
0000
0000
0000
0000
0000
0000
0000
0000
0000
0000
0000
0000
0000
0000
0000
0000
0000
0000
0000
0000
0000
0000
0000
0000
0000
0000
0000
0000
0000
0000
0000
0000
0000
0000
0000
0000
0000
0000
0000
0000
0000
0000
0000
0000
0000
0000
0000
0000
0000
0000
0000
0000
0000
0000
0000
0000
0000
0000
0000
0000
0000
0000
0000
0000
0000
0000
0000
0000
0000
0000
0000
0000
0000
0000
0000
0000
0000
0000
0000
0000
0000
0000
0000
0000
0180
0100
0000
0000
0000
ff00
fe80
fe80
fe80
ff00
ff00
ff00
fe00
ff80
0200
0180
013c
01b2
0153
0030
005d
0004
fe31
fe09
ff73
ff0b
ff31
ff9a
ffc0
00e6
0132
0030
00ad
0162
010b
fffb
00fb
022b
0208
01a8
020d
022c
0109
00b9
012d
00da
004d
ffc8
ffcb
ffce
ff51
fedc
fdee
fe0f
feae
fe43
fedf
fd71
fe1a
ffb8
003d
ff39
00c5
0239
0115
0044
febf
fe53
ff2e
00fb
01ab
0151
01bb
00e0
0212
01b0
0095
ff4c
0097
010e
023d
0199
00ff
00ef
0020
ff1e
fe6c
fe85
fddd
febf
ff53
ff9e
0024
0021
ff9f
00a5
ffdb
ffdd
ff5f
0069
0163
ffcc
ff4f
ff9a
ffa1
ff67
0030
ff6d
fef6
fe87
fd1e
fd0c
fe7b
fed3
ffe6
00a8
019d
01c3
01a7
018c
00b4
0068
00e2
00d3
0086
007e
0036
0032
00c0
ffc0
fec0
ff00
ff00
ff40
0080
ffc0
ff00
ffc0
0080
0080
ff00
fe80
fec0
ff00
fed0
ff23
ffb0
0075
012e
011b
01c9
00ec
009e
0014
ff52
ff9d
ff63
002d
016a
0153
00c0
ffc0
ff80
0040
ffc0
ff00
ffc0
00c0
0180
00c0
0040
ffc0
ff40
ff00
00c0
0080
0040
0000
0100
0080
ffc0
ffc0
0180
0000
00c0
0080
fe80
0140
ffc0
0080
0000
fec0
0154
00be
01b2
0097
ff0e
ff9d
00a3
0019
ff17
ffa5
ffab
fe30
fe4d
fde8
fe8a
fea1
fe42
0076
0003
0198
0106
0075
fee9
ffff
0303
02bf
00e8
0028
0072
0034
fff9
0041
ff3c
fe49
fce4
fc96
fd4c
ff77
ff00
0010
008f
0186
00ed
ffde
0060
005a
0154
013f
032b
0278
0151
013c
00a8
029d
02f3
0244
0120
008e
0105
ff74
fefd
fe0d
ff2c
feb9
ff9c
ffa2
fca8
fd5d
fe87
009f
ff95
001b
fe99
fd30
fb5d
fba7
fbec
fbad
fd72
ff1b
fea9
febe
ffd2
0255
04b0
03e5
04a6
025c
ffb6
02ba
ff0f
019e
0104
02f3
00c4
03b8
017c
ff64
00ee
fedf
fcf1
fca1
fd57
fd02
fdb1
fdd6
ff79
0181
01e9
024a
01a5
ff8b
fe92
fee9
ff7a
ff82
ffca
fe8d
fda4
fd0a
fd39
fe25
fe83
ff1a
ffa9
012e
00db
014d
0338
0504
02b4
0488
0440
00fc
ffec
ffed
ffee
fbef
0130
031d
feeb
fefc
020c
02eb
fe00
fe00
0000
fb00
fc00
0000
fe00
fe00
ff00
fe00
fe00
ff00
0000
0200
0500
0300
0180
0100
ff80
0000
0080
ff00
0280
0180
0100
0200
ff80
0000
fe00
fe80
fe00
fe80
ff98
ff9e
fca4
ffda
fcdc
ff0e
fd1d
fb4b
fc96
00cd
02c0
0294
016a
0054
ff4e
fd59
fc99
fbff
fc8f
fdb1
fdd3
fe04
fd41
fe21
0081
00b7
02e4
03d6
041b
02ba
0359
0253
0400
0500
0300
0100
0000
0300
0400
0500
ff00
fc00
fe00
0200
ff00
fb00
fb00
0100
05f0
0191
fd77
fba0
fde6
ff07
ff17
fe25
fd43
006e
fe67
0081
ff79
fe81
ff99
019f
0185
ff6c
ff75
027e
0256
0030
012d
011a
0108
00f8
fee8
fff9
01fa
feda
fcec
011d
020b
00ea
ffdc
fede
fcf0
fd21
004e
ff49
fd55
fb7f
fbc7
ff0b
001a
0118
0006
0406
04c5
0579
0621
04bf
0273
ff4c
fe57
fe71
fd8a
fdb1
fbd6
fc19
fe57
fd71
019a
0180
ffdc
ff53
fd57
fd10
fde5
fbbd
fbd9
ff15
01a4
03fd
0310
0119
00b9
0159
0363
0332
047e
0736
06c3
04d7
0309
0158
0142
ffae
fcb3
fce8
fe99
feaf
fa44
fc20
025e
0238
fe80
fee0
fe80
0060
0000
fe20
fdc0
fe20
fe80
0120
0000
fee0
fe20
00c0
01e0
0180
0468
04e1
0493
0509
01b9
031d
052b
01d8
fdfa
fc9b
fc11
facf
fa62
f93c
f768
f7f1
f9f2
fc92
fd89
fcf1
00e1
0313
02e2
0133
0060
feda
01ec
010d
febc
fc90
fd87
fe6e
fb80
0600
0780
0780
0780
0300
fe80
fe80
0000
0000
fe80
0600
0480
0300
0600
0480
0378
01c0
fea4
feb9
fa4e
fda9
fe8e
fea5
feba
fece
fe21
fb3f
faca
fb1e
fb6c
fc75
feed
01fe
01de
01c0
0264
ff3d
0009
0249
05e4
04c5
05f9
0719
0768
0571
021a
01f8
0408
02d6
00e1
0084
fba8
fafc
fa82
fa3c
f728
f6cb
f83e
f9d7
fa08
fbe5
fe84
fe05
fbe5
fb66
fc70
0129
01d6
01b8
03dc
081f
079c
08a3
0758
0622
0140
01ec
01cd
01b0
0487
040c
0438
037f
0675
03c9
01e8
fc55
fc79
fa76
fd3f
fe72
fbdd
fa52
f78d
f777
f740
f88c
fa83
fc5b
fd55
fe3f
fe5b
00b5
0169
0093
0149
0375
027d
0015
0193
047a
07f2
06b2
0587
022f
014b
0136
ffa3
ffa9
012e
fedb
fd6d
fc16
fdd4
fc77
fd6f
ff18
ffe6
00a8
fcdd
facf
fbe2
ffe3
0165
02ce
04e1
0493
050a
0339
0605
0365
002e
fc6b
fca4
fcda
fdcc
ff6f
fbb8
fefc
02cd
0360
032a
02f7
02c7
005b
01d5
04b7
00ab
ff20
ffee
fdaf
fe94
002a
ff67
0031
00ed
001e
fddc
fafe
fe4e
fe69
fc42
fdfe
fe1e
fe3c
ff18
ffe6
ffe8
02e9
02ba
040e
00cd
0000
03c0
0384
010b
00fa
00eb
ff5c
0026
fea3
ff4c
fc57
fb92
fcd8
ff0a
0019
fa17
f976
f7de
fb60
faaa
fdff
041f
04dd
058f
0236
fd80
fa29
fa36
fd70
fd8a
fe37
fe66
001f
053a
08da
08f8
07cd
04f5
00a3
fd10
fd4d
fd78
02a0
0376
053e
06ea
047b
0033
0030
022d
050a
04b9
046d
0526
00d3
fec6
fcd9
f80b
fa8a
fae1
ff33
023f
fb1b
fb69
f7b2
fa37
fc93
fbca
010d
04fc
05ac
0a51
07ab
05f2
0225
ff83
fe0e
fec0
0470
05a1
0592
0456
fe0b
fd34
fd80
fddb
fe41
fbae
f966
f9d0
ff33
033f
040b
03ca
018d
ff74
fc7d
f8b5
f529
f6d6
fc69
fca2
fed7
02ea
febb
fed8
fefd
fe27
ff6c
ffa1
fed5
021f
0222
0114
ff0d
fa2e
f7cb
facf
fecc
0192
031f
02ed
01be
fda2
ffc7
01cb
fdae
01d3
01b5
009a
fe90
fea7
00bc
04b0
0765
03ee
06af
0844
06c0
0454
020e
02ed
01be
05a2
0348
0513
02c2
fe95
fcac
fbe1
fb22
fc70
00a9
029e
0074
fb6c
fdb5
fbda
fa1c
fa7a
f9d2
f834
fab1
fe05
0325
08f2
0863
05dc
017e
0466
0320
01ee
ffcf
03d2
0294
026b
0144
012f
031c
00ea
ffdb
fedd
fbef
fc30
fd6d
fe96
feac
fac1
fa15
fd73
009c
fe92
fea8
f8bd
f931
fb9e
fbe4
fc25
ff63
006c
0065
005f
0159
0243
061e
04bc
0570
0319
00e7
02d8
04aa
045f
0419
05d7
027a
0152
fe3c
f958
fbc2
fc06
f845
f9c1
fc24
ff62
016b
0354
051f
04cd
0380
0148
ff33
fe40
ff5c
0166
024f
012a
0017
0116
fd04
fb34
ff80
ff88
018f
0276
044f
010a
01f9
02d9
03ab
0252
02fb
0182
0013
00bb
0951
0d13
0c30
06f9
01de
fd05
f891
fa9f
fab7
faf7
f75a
f3cb
f05d
e8a2
ec1e
f9ff
0233
0251
025a
024f
ffb3
04c2
0959
0d5c
0bb3
09c6
07a9
072e
043b
fc77
fa2f
fd0c
ffbb
ffbf
ffc2
ffc6
0249
ffa4
faaa
f5ff
fe1f
033d
0089
fc40
fec0
0140
0500
0500
0500
03c0
03c0
fd80
0140
fd80
fb00
03c0
0640
0500
0280
04d8
020a
0329
01b6
fa1b
fbb9
fbfd
febc
0010
000f
fb0e
fc9d
fa52
f32d
fa3a
ff96
0c1c
08da
034c
fb97
f1dd
f03e
f3ba
fbff
febe
fc52
fc8d
fa44
fd1f
facd
0020
051e
038c
0493
0949
08b4
0969
0a12
0d31
0d9e
07c4
0747
0312
fca1
f917
f985
016c
0655
0abc
05c6
0370
0763
0c1c
0da8
0fed
0c8e
053f
fbbb
f930
fac4
fda8
f8ef
f73b
f728
f8f5
f1e6
f407
f4c6
f93a
ffe6
ffe7
ffe8
fd6a
fc53
004e
02c9
029c
fff2
fd72
015b
03c5
0389
00d0
fbc3
f986
f76d
fa76
face
fda1
0046
fdc1
fb65
fbae
0873
0ceb
0c1c
0500
fd80
f9c0
fec0
0140
03c0
0280
0280
0140
0280
0140
fd80
fd80
fec0
fb00
fd80
fb28
0075
02ee
f63f
f95a
03c5
0b08
0cd7
1109
05f8
0599
fdbf
fb62
00ac
0321
02ee
053f
04ea
fd1c
f84a
f3c5
ef89
e910
f47f
f536
f5e3
fb84
05cb
056e
0797
071d
06aa
0889
1405
1429
0c28
0bc6
010b
fe73
fe8f
fc36
f79f
f895
fc36
faba
fc00
f5d2
f057
f3d1
fad3
0026
0023
0161
050a
05f9
0459
07d3
0756
06e0
0172
fd9a
ff01
fa10
f7ef
f72f
fdfc
059c
0b82
0d49
0db4
07d9
025b
fe75
f98e
f775
f93d
fea9
03be
0102
fab2
f606
f1a6
ec4b
eec6
f619
fbb7
00fb
05eb
0bcc
088f
0445
0181
0668
0881
0a79
0c51
0f5a
06e4
01f5
0656
02f0
02c1
0294
00ea
ff5b
fc65
fb1e
f9ec
fecd
0360
f8aa
f91f
f38c
0053
fd4e
fd78
03a0
0966
11cf
0db2
06d6
fd69
fd92
f4b8
f56c
f915
ff83
ff8b
01d1
0334
0000
0000
fc40
fdfc
fa5c
fab6
feca
005d
fd57
f901
fbb0
ffb5
fef9
fc09
0567
0b03
0fed
0e07
ffd0
fb7d
f793
f42a
fa55
004b
02de
0231
fb7c
f856
f29e
f6ad
f4c5
f955
00d0
004c
fccd
f9a0
fb57
0018
030c
0437
082e
08a3
05ca
0471
0308
fe9c
fa00
fa00
fd00
0300
0300
0000
0c00
0c00
0c00
0600
0600
0000
0000
fa00
f400
f400
fdc0
00e4
03d5
0098
fa8e
f7e5
f866
04e0
0492
0148
0733
03c0
0684
0c1b
0e59
0d73
081c
031a
fe68
fb81
f2c8
f39b
fbe1
00a2
0098
050e
01bd
fa21
f77e
f386
f2ce
fca0
0456
0590
09b7
019b
f700
f190
ef77
f37f
fd46
04f2
0622
0740
00cc
fabf
f993
fcfa
0941
0e79
0e68
0f64
0b55
0a2b
05c1
fb6f
fae6
ff0d
017a
03b2
05a9
ffd1
fa57
f0e2
f054
f44e
fc89
05c0
0b64
0f2d
113a
0726
fdb4
fdd8
f67a
fb92
fed9
04eb
0a9c
0872
0aea
043b
fdf7
fc97
fccd
0000
0180
02e8
fe39
f9d5
fa37
ff13
03a2
0367
0330
08fd
03ed
03ae
fef2
f783
ef0b
ed19
e9c8
f12b
f218
f8f6
fae7
f838
fd34
0660
08fa
086a
0663
077c
1004
0d83
082b
01a7
f88c
f783
010b
0b79
0f42
054d
0678
0190
0177
fe5f
f878
f8f0
ff61
056a
0513
01c2
fea5
fbba
fbfe
fc3e
f07a
f172
f55b
ff05
0814
1092
1589
0b30
047d
0135
fe21
fe3e
fe5a
0174
075c
03e6
fda7
f7cc
f24f
ed2a
ee57
f871
fcfb
05eb
03cc
000e
facd
fea0
0076
076e
08b7
02eb
00fc
00ec
fb9d
fda3
04c9
09bc
0ca0
0156
ff80
0148
ff73
02fb
048b
0442
03fe
01fe
001d
01db
f57d
f9a5
f30a
0019
01d7
fe39
fe55
01f0
0550
06ba
fbce
f6d0
f923
fd10
fd3e
fbaa
f6af
fc84
f77b
f9c3
fda6
fdcb
04ee
129f
14f4
13a4
0ee9
037a
0342
f50e
fcbd
03f0
fcb1
fce5
f996
f67c
fa94
f76a
f633
fdd0
fc33
faaf
fb04
fd13
0282
feda
fd2c
ff19
0627
0784
070b
085a
0950
09eb
04ec
0555
02ec
ffb1
ff4b
ffd1
066f
0aaf
0834
005e
fac2
f769
f489
f231
fa0e
032c
0bb9
0e7d
0695
062b
0948
01b3
0197
017d
fde5
fa86
f75d
f9a7
f84c
fc47
fe40
0000
0380
fe40
fe40
fe40
fc80
fac0
fe40
0380
0380
0700
0540
0700
fc80
fc80
faf8
fec8
f99b
f681
0358
0a22
097f
03a7
fe2c
f749
f294
f1ab
fb50
fd5a
fa04
ffa4
016b
0689
0b21
10d4
1065
0bf9
03f2
018b
00fd
0070
fc67
f37b
eb82
e66c
e7b3
e2a8
e956
fc8e
05ee
05c7
0c74
07d2
017a
05fb
0143
058d
07a4
041c
026b
0601
076d
0506
0a80
0380
0000
f900
fc80
0380
0000
f580
f900
fc80
f900
f580
f580
0380
0e00
0700
ff90
ff97
0a1d
05fb
fe9b
f430
f86d
f8e5
0756
0de0
1782
128a
06e1
02f3
f843
06bf
02d2
02a5
f7fa
f17a
f262
ec3b
f0f7
f567
f610
fdae
0f53
0e5d
0d77
091f
0c0d
0b4b
0716
06a5
063a
f456
f510
eebf
fdd2
f6f4
f785
ff0c
029b
0cf1
0fa2
0b28
06f5
0a05
0e60
0eaa
047a
06c8
0aba
0e16
0cca
072c
fdad
f8d7
f686
f8a5
fadc
f918
eda6
eb7d
e8c5
f638
ead4
fc26
0863
07dc
035e
0728
06b5
0649
f9e4
fa45
f2a0
ef76
f47e
0136
0522
0ccf
0002
fc01
f040
f93c
05a8
154d
13f8
0ab8
0e0c
112b
0c18
0f56
0a60
05ba
ff5e
fb68
f1b1
ee95
f7ab
f830
fcad
fae2
fb33
017f
0367
0530
06dd
066f
0808
fd87
01ae
fb93
edd9
eefb
f40b
f6ca
fb5d
f5a7
fa4c
fea7
0abc
0c10
074f
0ada
0a2c
1189
1470
0f29
0436
fff2
f9f2
fc52
fc8c
fcc3
fcf6
f726
ffb3
fdb7
ffdb
fbdd
fe1f
fc3d
0296
0873
05ae
04e7
0004
fb6e
ef45
ee63
f61b
ffa6
049a
0319
0d96
0cfd
0605
f94b
f1b6
ee9a
f5b0
0455
060f
03ae
0773
08fb
046b
fe24
0841
03bc
ff80
fd88
ffaf
01b4
0198
017e
ff66
ff6f
fd78
fba0
ffe6
05e7
0988
08ef
0660
03fa
f9ba
f61e
febc
00d0
04c3
0076
006e
fc67
f8a0
f516
edc4
fae7
0738
06c4
0e57
1171
0859
ffd3
f7d5
f857
fad1
f523
e9d0
ef33
fa3f
fe9b
fcb1
00e5
fed6
02e8
08b9
082d
07aa
052f
08dc
044e
0800
0800
0400
fc00
fa00
0000
0400
0600
0400
fa00
fc00
0000
0400
0400
0a00
0400
f9c0
fa24
0281
0858
05d2
fd74
fb9c
f3e2
faa3
fef8
0108
faf7
ef47
f652
04ec
089d
0613
fbb1
f7f5
f475
f72d
01ba
ff9e
05a4
0149
0b34
0a80
0dd8
0afa
0c4a
0985
04ec
049d
fc53
fc8d
f8c4
f937
fda3
0dc8
0ceb
081c
039a
fb60
f7aa
f82f
f8ac
f521
f1ce
0000
fe00
f800
fc00
f600
f600
0400
0400
0600
fe00
fe00
0000
0200
0600
0000
fe00
fbb6
f9ee
fcf3
f6df
0374
01a3
ffe2
0bbe
0d7c
1333
17f3
09a7
0072
00cc
ea99
e873
f2ea
f3bc
f23f
ec5b
eb55
fc5e
0358
0c22
121f
0ebd
0b91
0d17
0e85
18dc
078d
f994
f7ba
fa7e
fd16
ff84
040b
1389
0b91
01d7
faf9
f488
f540
f82b
f668
f281
ec98
f6ce
f7ab
063b
0630
0ef3
1232
102a
0041
fa52
ebef
da92
d8f5
dd29
efae
018e
0dc1
0b42
0a8d
0e63
143c
1778
0d00
00f0
fa21
fa7e
0616
fef4
0144
0c6f
1268
0841
033d
fc48
fee0
ef57
f34b
fbe6
fb17
07fb
0acf
0d1f
0160
fad0
f052
eb78
de8f
e101
f1c3
0669
2101
15f1
f991
f0f7
f667
fb80
fbc8
f30b
ef5a
fde4
0285
06dd
0aef
0a3f
129b
1a71
1209
05a7
fe8c
fa23
f600
01e0
f8c2
f935
0061
04db
0b4c
0a97
056d
02d5
fe27
fc04
f940
f280
f040
f4c0
06c0
06c0
0480
0480
0000
0480
06c0
0240
0000
06c0
0480
0480
08b8
fcec
fd1c
fd4b
f6b5
fbca
fc0c
fc4b
0106
fa35
fcd1
f1c4
f067
fa60
03ba
fefe
05ce
0c30
0fed
1a2d
1f4a
1b15
0be3
06a3
ff79
fd40
fd6c
fd95
fb7b
fbc3
0987
046e
fb27
fb73
ee3b
e657
e7f0
dbf1
e731
ed3d
fbe8
0529
0056
0051
f74b
ea55
f930
0b9c
0f61
09eb
028b
fde1
04c3
06b7
0d0b
09f9
071a
06a8
0f3d
1089
0d3f
0a2b
0748
0253
ffec
fb6e
f737
fc42
f5be
ed61
ee8a
e6a1
eef6
f6c6
005a
0954
01fe
065e
0177
05e0
0101
fa30
fccd
03bf
05c2
0566
02d0
0063
029c
06f1
08c2
0835
0e71
0fca
05cd
056f
0e17
0af5
05c6
0328
00b6
0529
fe16
f9b5
fa19
f5f6
f456
ee4f
eaea
f0ba
f62e
f6cb
f566
01ec
fdd9
00d8
039f
019b
08aa
1141
18c4
13c7
00fc
f3d4
f320
fbdd
042d
fc16
fc54
010f
09fd
04dc
048d
f6c4
f2d7
e62a
f0c7
ed3a
f2e6
0137
fca3
1358
04a1
0d57
0c81
0739
0fc5
17c8
0d4b
10f5
06e5
f8f5
f4e6
ec96
e94d
ef37
fdc3
06e6
01f6
01d7
0ab9
07cc
0750
025b
f934
f0a0
f856
f8d0
f703
02d2
02a4
06f9
08c8
0efc
14cb
0efe
059d
fdc3
f8e6
f1d7
f2b9
f38c
ef53
f7dd
fadf
02b0
0005
fd83
f62a
fbc6
f98a
f9f0
1351
1c1b
1f59
2262
113b
0627
f6c4
f257
df31
f53d
f5e8
f689
f220
e3fe
f4bd
f571
fb1a
0a67
0ec0
21d4
1ab6
0f0b
0e1a
0837
0cb3
fce7
f318
e9e6
d747
d9d2
e134
ed20
face
0020
fd9e
fdc3
0a66
0ebf
03d2
0d95
0cbc
10f0
0d61
140a
1548
1673
1a0b
10ea
14da
0e8d
fea3
f738
f7c4
0747
0452
fc8c
f543
fd6e
fb16
ec64
e11d
ea8b
f362
fe2b
0348
0313
07e1
f363
f42c
efe9
ebe9
f72a
fcb8
06ec
157d
1424
0de1
0803
0782
f809
f107
f6f6
fa06
01e5
0445
0b81
0848
07c3
0c46
0901
0870
0569
f891
ec88
f03f
f63a
fc23
094a
03d4
0114
fe77
060f
02fb
0500
06bb
0325
ffad
feef
ef44
e618
de4d
da8b
f0e2
fbd3
1515
18c4
1737
24c3
2276
1b4e
0f98
049e
fa53
f0ad
f6a2
0137
fc23
f760
f7ea
e96a
efd4
f5d6
fb79
00c0
00b4
fba8
fbed
012e
101a
2317
1be5
1025
f623
f6c0
041c
0b81
1712
1731
0c94
09ba
0bbf
00c5
0074
fda3
f610
f6c4
ff35
0224
0251
04e8
0719
0427
0664
05fd
0a9d
09f3
01d3
fa35
fd12
fd40
ffec
f5ed
f18d
fc73
f2ab
fd80
fda8
11cd
10b0
0aa5
faf9
f649
e7e4
da65
e1bf
f2a2
f878
fdf0
fe11
fe2f
f94b
f4b6
ff6a
06f2
0403
0b42
030d
07db
075d
06e6
03f7
0db7
0cdb
ff8d
fa93
f869
fb62
082c
02a9
027d
f855
f8d0
fbc3
0b06
07d5
04d6
1389
0d4f
04f9
0729
0936
0623
fe40
f95c
