0000
0000
0000
0000
0000
0000
0000
0000
0000
0000
0000
0000
0000
0000
0000
0000
0400
0ea0
1520
148e
1360
13a8
154e
142e
117c
1368
1198
0956
074a
0622
ffda
f8f6
f1b6
ef5a
eca6
e8b6
e9be
e966
e5c6
e530
e978
f22e
f8c4
fb28
008c
0694
0a06
0dee
0e26
0ae8
0d86
128c
11ac
0f4a
0f92
0f58
0aa4
01e4
fca0
faca
f73a
f528
f78c
fb0c
fe7a
01bc
05ba
0948
0850
0624
03e8
ffb0
fdbc
00f8
05f6
0672
04b0
03e2
fe00
f58c
eef2
eb48
eb7c
ee50
f282
f4da
f664
fa20
face
f69a
f4f2
f6ba
fbae
0372
089c
0e2c
13ee
12b2
0ff2
0cdc
068e
016e
0092
ffbe
fbf8
f88c
fb90
ff86
ff3e
0000
01b4
023e
041a
03d8
019a
0180
0368
0330
00fc
fcec
f71c
f5aa
fc4e
0288
fe5e
f678
f510
f5be
f3b2
f126
f038
f1d6
f6c8
fab2
fb86
fe6e
0432
0776
0648
04f8
0594
06f8
080c
07cc
0650
06b8
07e2
06b8
036a
0234
01fe
05ba
0c0a
0b92
04c4
023a
ffc6
fc78
fe7a
0166
0016
fed8
01b4
0052
f502
eabc
e9c4
ed8a
eda6
f052
f750
fa22
faf4
fbe0
fedc
07b0
0c00
0400
0600
0800
fc00
fe00
0a00
0000
fc00
0c00
0a00
0000
0800
0c00
0000
fc00
0440
fffc
f9fc
005c
0056
fc50
fe8a
00a0
0496
004c
f846
fcc0
02f4
00c4
fcb6
fcea
f91a
f188
f06e
f566
f00e
e90c
f27a
fd52
fd7c
fba4
01e8
09c8
092a
0a96
0dec
090c
0230
01ae
ff24
fec8
047a
07ac
086a
08d8
0cf6
1268
12ee
10d2
0650
0042
0090
f6d4
ed66
f08e
f584
f62a
f8c6
fd38
fd64
ff8c
0992
0cf8
0a28
1384
1a4a
10a4
0398
015e
0948
0cb2
ffe6
fbe6
f826
eca2
e5d6
df78
e980
fae8
f738
f7c4
0846
03c0
ff84
ff8a
fd92
ffcc
fbe2
f856
fb3e
fa1c
0338
0da6
0cfe
0ff8
1440
11a0
0e9c
0d52
0bb0
0bc8
057e
fb6c
f81c
f33e
ed12
edde
f12c
ecb8
eb24
f24e
f572
f2b6
f28e
f6d2
f71a
f5a2
0092
0cce
11de
120c
0fa4
0ee4
0bb8
0c60
1098
0c06
015a
fb4c
f1c2
eb40
edcc
f4c0
fb9e
fa30
f504
f480
f060
f0fe
fc0a
fe82
fcdc
0168
079e
0932
0460
01b6
0528
0638
09d4
0d36
0c62
079a
ff20
f52e
f1da
f2bc
f390
f456
f710
039e
0f64
0c6c
ffa4
ffa8
07ac
0930
0a9c
0df2
0f12
1620
1abe
1312
0de0
0f02
0a10
056e
0316
00e4
fcd4
f706
f2da
f158
ee60
ed22
ef8e
f156
f074
f01a
f042
f5e2
fe78
0390
0838
0a52
0af6
0c36
0bfe
0968
07ae
07d0
04b0
019a
fda6
f702
f40e
f3a8
efaa
e96e
ea48
efc0
f362
fa2e
00ba
00d6
02e6
0cbc
0f8e
0db4
0d88
08f0
0058
fa44
f6bc
f5b6
f510
f6ca
fab0
fc80
004e
03dc
0110
fd66
fe0a
ffb2
fe40
00f2
0870
0a30
0a80
0c76
09e8
0432
01b4
034e
01b2
fa20
f534
f5ec
f7e6
f800
f658
f916
fedc
fd4c
f7e8
f91a
fa6e
f5d6
f2d6
f36c
f35a
f5ac
fa28
fb8a
fcf8
ff66
feb0
000e
0654
0a02
0822
071e
08f0
0a5a
0c58
0dd0
0bf2
0a32
0a8e
09e4
0744
07ce
0750
00da
fdcc
01ee
07ce
0b50
0b9a
0ce0
0c12
0950
056e
019c
03f8
090c
0a84
0b8e
0b2a
0872
05a0
00cc
fb3e
f42e
efea
eb6a
e3d6
df9a
e2a2
e662
eeb2
f906
feea
0278
05b8
0494
075c
0fba
1112
0fca
1216
15aa
1056
06d2
ffae
fbfc
f9a4
f6a2
f11a
ee60
ef5c
efcc
f5b4
fe8e
ffe4
fe24
fe8e
fffc
0152
0386
0378
024e
0422
07b6
06d2
03c4
00c6
00f0
020e
0208
00f0
fde0
fa10
f8ac
f696
f2ea
f3e0
f726
fa7e
fdcc
fff4
fff8
fefa
fd12
fc5e
fad0
f982
f77a
f3d6
f5ca
fbee
01ce
0640
0638
01fe
fdf6
fb3c
fad2
fd96
003e
04b8
0ac2
0d12
0dd4
101a
11b8
10ac
0e28
0e44
0c5e
0c98
0dce
0af0
0640
00dc
face
f720
f3ae
f072
ed6a
ed92
f4b8
f96c
f8d4
f87e
fa68
fe5e
0220
0392
04d0
07d2
0c64
0c48
09ca
0724
086e
0d5e
1192
0ef4
0606
ffa4
01a8
078c
0b12
0660
fffa
01fa
03da
ff9c
f9a2
f206
ece4
e814
e392
e358
df22
de34
e662
e8d8
ebde
f152
f6e2
fc60
03a2
0652
06a4
08ba
0668
0806
0f48
159a
16d8
0b48
fc14
f1f2
ece0
ecb6
ed28
fa28
0e86
1128
0316
f9ca
fd42
0896
12ee
1806
180a
134c
0c3e
053e
0482
05aa
0e92
1876
18f6
12a4
0220
fc92
0178
0002
04a0
06ce
00a2
00d2
00f8
fb12
f3b0
f524
fad6
fa54
f606
f64a
00d6
0cb0
0d64
09a0
05ca
0202
0264
02ac
fcd8
fd78
0220
006a
f4cc
e840
e13a
df9a
dd14
dfcc
e758
ed2e
f73a
feea
0826
148c
1b86
2032
2490
2582
2836
2a7c
2948
26da
205a
193c
12c4
0e1a
0a48
005e
f50e
e8c8
d9fe
cf50
c8d0
c470
ca30
d540
dcf4
dd44
daa2
db54
e520
f124
f8de
0054
0b4e
193c
2180
2232
1fc6
1c80
188a
160e
1308
0d98
0410
f8fe
f2d4
eb74
e52c
e81c
ed9a
f150
f93e
fae2
f892
fca2
008a
002e
fbd4
fbe0
040a
0990
0870
071c
05a2
0a10
0de6
0d0e
13da
1b98
17fa
0fd4
09b0
099e
0d3e
0e38
0aae
0504
ff8a
f66a
ea28
e358
e5d8
e4fe
df08
db76
e040
ecba
fc06
087a
0de2
0e82
10a2
151a
17a0
193e
19f8
18d4
15fa
101c
0b98
0a7c
0a9c
0962
096e
0b2c
0af2
0762
064e
0698
0326
fed0
f948
f2cc
efa0
ed28
e86e
e9ba
efa2
f1ac
f506
f780
f816
fae0
fba4
f97e
f8ae
f722
f7f4
faf8
f9f2
f552
effc
edfc
f31c
f7ea
fb6a
feb2
ffc6
00c8
fcba
f9ee
fe4e
0268
0540
06ec
067c
07de
0de8
1320
146a
12fc
110c
10b0
0dd2
08b2
079c
0a58
0b92
095a
07f8
066a
00c0
f66a
ec06
e6e6
e6e0
e7a2
e91a
ee30
f580
fcae
0282
02e2
0224
0460
0254
0056
0272
0100
0100
0400
0500
0500
0100
fc00
fe00
ff00
fa00
fb00
0100
0300
0400
0500
0300
00d0
fdc2
fce4
0014
0112
0200
02e0
01b2
fc96
facc
ff1e
032c
03f8
02b8
028c
0662
09c6
06a4
047e
0756
06c2
01fe
fd76
fc48
f748
f1dc
f036
ef26
eeac
efc2
f346
f8f6
fb02
fc92
0024
037a
04fe
04c0
04de
04d2
061e
0922
0aaa
08c4
0634
051a
05e6
0774
04fc
01ac
0390
0656
04f0
01a0
ff86
fd8c
fdb2
fbd6
f718
f7a6
f82a
f4a6
f85a
fed4
ffee
fef4
fc10
f978
fa3c
fb20
fe1a
03f2
064a
0648
0512
02c6
0386
061c
0856
0a26
0c86
0e5a
0d9c
0a7a
0834
05ce
035e
fef8
f7de
f074
eafa
e87e
ebe4
f1b2
f494
f5a2
fa46
ffa0
fca6
f6da
fa6c
fdc4
fce6
0116
0804
0882
03f8
04b8
046c
fe24
fa40
f99c
fb34
fcd6
fc74
fe32
03e0
0b12
0f78
0f1a
0e46
110a
0d18
fefa
f7c4
fb40
fcaa
f818
f20c
eece
ee4c
f05e
f2ca
f576
fc4a
fecc
fd2e
ffbe
0426
0e24
1b10
1e54
1870
1624
154a
0fd2
0e32
0c38
fffa
f87e
f7b4
f136
e994
e91e
ed64
edf8
e912
e530
ea60
f3e8
f738
f598
f762
fd52
01f8
0642
0e12
12f4
13ee
1736
178e
1122
0892
0446
021a
fafe
f27a
efe8
f0fe
f37a
f930
febe
fffc
0124
072e
109c
12ec
0d7c
08f6
086e
0aa8
0b68
06b0
0244
fc1e
f45c
f316
efe4
ece4
f414
fcd2
0304
04d2
0084
027a
0652
03ec
01ac
0090
fc86
f8bc
f830
f5ac
f250
f12a
f216
f3f4
f7b4
fb38
fb84
f8ca
f83c
ffb8
03bc
ff60
fd4c
fd6e
03a0
0f50
0fca
09bc
09c0
0f74
1250
0c6a
047e
04ec
0728
ff06
f96c
fdd4
01f6
01d6
01b8
fd9c
f5c2
f264
f73c
f7c8
fc4a
0884
0bfa
fb3a
eb86
f0cc
f9be
0452
1018
109e
0694
04f4
0b44
0ed2
05b0
faf0
f902
fb68
01cc
03ba
fd6a
fb92
fdfa
001a
0118
ff06
fd14
fe42
025c
0636
04d2
0084
fe7a
fe92
04a8
065c
fff6
00f6
07e6
0a26
07f0
0d9c
167e
1e1c
184c
0a14
fc6e
efbc
e456
de80
da12
e31a
fc76
0c56
0ad2
010e
efdc
e03c
e692
f14c
f7ce
fe28
042a
05aa
02e4
f832
ee68
f5c6
00fe
077a
0d50
047a
fa32
fe8e
fca4
fcd8
070a
0a98
0dee
130e
11dc
0cbe
07f2
0d72
149a
1950
1bba
13fe
0cbe
0bf2
0d32
105e
0d58
0482
0238
0214
fbf2
f632
f0ce
efc0
f0c4
edb6
e6da
e16c
e554
eafe
eb4e
ee98
f5ae
fb52
019c
0582
0528
04d4
0286
025c
0736
07c2
0544
08c2
0dc0
0c00
05fc
0228
047e
0a8a
0dde
0a8c
0318
fc00
fb78
fb1c
f2ea
e9a2
e7a0
eb80
eec6
f060
f25c
f7a4
fcd8
02d0
0850
0f34
162e
1d04
2282
2592
2444
1de6
14fe
09fc
fd58
f990
f836
f32e
e8da
dfe2
da78
da90
d7d0
d27c
d8e8
e624
f15a
f850
f912
fbfe
00da
fd5e
f82c
fb88
00d0
09bc
13ca
1296
10de
14b8
15ac
15e0
1560
183c
1e28
1cc2
1c8a
1b70
138a
0d84
0770
fd80
f442
ebf4
e2ca
dd1a
e4da
f2f4
f692
f040
f0d0
f9c2
fa24
f080
eb78
f6c0
0554
08fe
0a6e
0fc6
14c8
137a
0e42
0d5c
1086
117c
1464
1078
0646
0482
04b4
febc
fb2c
f9f8
f706
f288
eabc
e616
e686
efb8
fed8
090c
0852
0360
02a0
05d6
04a8
ff66
027c
094c
0f62
109a
0d38
0da0
1992
1ff8
10f6
f65a
e1b2
db44
ce60
c7d6
cb74
cc7a
d70a
e636
e93c
f8c6
138e
2c0c
45a0
4f6c
461e
3332
1fd8
0cb2
f656
edaa
f21a
f0b0
e9d4
e416
e390
dff4
d790
d8f4
e378
f436
0444
0d2c
151a
1dde
2124
1e2a
1a6e
1818
1324
0be4
04b8
fdd8
f974
f888
f8e4
fd72
00ca
fee4
fb24
f870
f5e8
f388
f1ce
f530
f75c
f5e6
f606
f3a4
f168
f450
f78a
f910
f77e
f586
f42c
f144
f0fe
f534
f97a
ffae
ff7e
fd54
ff60
ff4e
0342
10da
1910
15f8
1660
180c
1cdc
2076
1ad0
16ac
1c12
1840
09e8
0426
029e
ff18
fbce
f6d8
f278
eec8
e7da
ea1a
ece2
ee12
f730
f9bc
f420
f4de
f990
fbf6
fc36
fe72
fe8a
f8a0
f716
fda4
01c8
03aa
056e
fd16
f544
f3ee
f0ae
efa2
f2a6
f77a
fc02
fc40
fe7c
0294
026a
0442
05fc
059c
0142
fa2c
fa88
ffde
00e0
02d2
03a4
0268
0740
0acc
0a1e
0d7c
10a4
1198
147e
1236
0b12
0686
048c
038c
037e
0554
06e0
049a
0152
fdb2
f9dc
f672
f508
f68a
f93e
fb7c
fab8
f90c
f8fa
faea
fcba
fc6e
fd26
fe52
fbec
fbac
fe70
ff88
000e
000c
ff8a
fd90
fbb6
fbfa
fc3a
fc76
feae
00c2
02b4
0888
0bfe
073e
00ca
fcbc
f8f0
f560
f80a
0088
087e
0bf6
0c36
0972
06da
066c
0704
0592
0038
ff34
0540
08ec
085c
07d6
0a58
0bb2
06f6
ff4c
fb20
f85c
f400
f148
f430
fb46
fc0e
f8e8
f82c
f9b8
fc5c
fbf0
f8a8
fbce
fde2
f402
f4c0
fd74
fb9c
ffe2
09e2
0b42
0c8c
0bc2
0704
0492
0248
0222
01fe
01de
03c0
0784
030a
fad8
f52a
f3d6
f498
f54e
f9f8
fc58
f492
f148
f432
f4ee
f79e
fc24
f860
f4da
f58c
f832
feae
02c2
0294
046a
0622
03be
0382
0548
02f2
02c2
0894
0c0a
0748
04d2
0a84
0dda
06fc
008c
0282
0858
09d2
0934
0ea0
0fb6
0aba
0e0e
132c
0bf8
0f38
0e44
fd5e
f988
01ee
01ce
f9b0
ee14
eb32
e47e
da36
dc92
e2c8
ec9a
f9d0
fe32
fa4e
fea8
05bc
0860
08da
074c
02d6
ffa8
fdac
fbd0
f812
f890
fc06
fd44
fc6e
fea6
fbba
f600
fc00
0800
0800
0000
fe00
0000
0600
0800
0600
0400
0600
0600
0400
0200
0a00
1160
0c4a
0384
ff4a
fb54
f99e
fe04
0022
fc1e
f45c
f516
fbc4
fe06
0224
0800
0b80
0c6c
0ae4
081c
053e
0462
086e
0bf4
0be0
096c
01d2
fca2
fdde
fe16
fd56
f9b4
f37c
f40a
f4ec
f216
f3da
f9e0
fbb4
ff8c
fd28
f500
efb2
f13a
f71e
fee8
083c
0cb8
0884
05fa
019a
f780
f208
f2e6
efb6
ecba
f3ee
fcae
fce2
fd12
0140
092c
0c98
0bce
0f10
13a4
1750
1a06
11be
056c
fbb0
f4b0
f478
f89e
faba
f8dc
f752
f824
f726
f27e
f28c
f962
faca
f81c
f89a
fb10
ff5e
0368
0430
03ec
04ac
0360
ff2a
fe36
0152
033c
0508
0ab6
100a
0d08
0836
06b2
0446
0000
fe00
fe20
ff3e
014a
0434
04f0
03a0
0866
0cde
0aa6
0a3a
0882
009e
fd32
fe10
feee
fac4
f404
f30e
f48e
f550
f85a
fa6e
fe8a
076e
0a86
0716
04a2
022e
01ce
0564
0794
0a64
0ab2
05a4
04b8
04b4
fe88
f7c8
f6b4
f7fa
f87a
00f2
08e2
0052
f84c
f8c6
f938
f9a4
fa08
ea66
ebbe
1502
2bb0
10f4
07e4
0f64
066c
f604
e6a2
d836
e2b2
fc86
0cbc
fbf0
e430
ddec
d80c
d28a
dd60
ef8a
f890
0906
142a
11fa
035c
f98a
0086
130c
1fd0
26c8
2818
1c10
0be6
0c5e
106a
13b0
1622
13ba
0a7e
05d6
0778
0700
0290
fe66
007e
fe76
f68e
f324
eff0
e8f0
e860
f1da
f6bc
f750
f7da
f65c
f0f6
f3e6
f8a6
f51a
fbc8
020a
f7e8
f068
f360
f62a
fac6
fd18
0346
0b10
0d04
0e6e
114c
0d70
0a64
0a34
0ab4
0ed4
0e3a
0836
054e
ff68
f7e4
f518
f3ce
f3f8
f87e
f8f6
f79c
fc98
fd5c
f026
e240
e426
eccc
f780
fdcc
01c4
0b6c
141c
159e
1258
0bb0
0b12
1024
1662
1a88
1796
1614
15f8
102c
0d38
0b08
02a0
fba8
fa42
f71e
f272
f27a
eeec
e81c
e676
e7b4
e79e
e74a
e7be
e6ec
e9ec
f16a
f2e4
f3ae
f7cc
fce8
ffca
fd7e
ff6a
053a
0582
0596
057a
0432
03da
0166
ff0c
fbde
f802
f9a0
fe56
fdcc
fa5a
fcb4
00e8
02d8
04aa
085e
0dd8
08fa
026a
0242
021c
01fa
fdda
f7fc
fc7c
00b4
04a8
0b5c
0ba6
08ea
0e5a
1174
0e5c
0b76
05be
0162
034a
0514
05c2
0364
ff2c
fc38
fa74
f6f6
f3f6
f784
fb1a
fa9c
fc4e
0000
fd76
fb28
0124
04b6
07e8
0ea6
1082
0bba
04e0
fc4a
fa5a
fcb4
fd00
fd5e
f9ca
f49e
f61e
f9d2
017a
089a
0700
0b46
18ec
1cee
11c6
fac0
e954
edb4
f25e
ef28
ecaa
eeee
f194
f082
e3fa
e11a
e75c
e9fc
ed20
eca6
ecce
f38c
f240
f176
ff2c
0a0a
07e8
05a8
0b5e
185c
21c4
1f84
206a
263e
2e82
34ca
3306
2dc4
2966
1c02
0a92
fbe4
ee40
e404
db4a
d040
c964
d0aa
d4f6
de54
f028
ff5c
09a0
1106
13f4
12b4
0d88
04ae
fe62
007a
0272
fa4a
f4a4
f358
ee22
ed3e
f66a
0102
02f0
06a6
0fea
181a
1904
1314
0cea
06ba
feb6
f93a
f04a
e864
e9b8
f1a8
f98a
0120
0632
04ce
ff80
0088
057e
0726
02b2
fe86
fe9c
00b2
06a6
0c3a
0e76
128e
1264
0f3c
0f48
10d6
0dc2
0a6e
08fa
0354
f7ec
ef78
f00e
f318
f656
f7aa
fb2a
fe98
fbd8
f562
f3a6
f668
f94a
f632
f198
edb8
eea6
f20e
f1ae
edc4
f0a8
fbd8
0474
0860
0dc8
126a
182e
14d2
0704
05d8
0a8e
04a2
fcee
fbcc
f8dc
f252
ec9c
e9da
e5f2
e316
e54c
ea32
ed76
f418
fcac
02ce
0576
06c6
07c8
0b7a
1294
15a6
16d8
143e
0b2a
014c
f800
f388
f4ba
fa32
037e
0418
f884
f5e2
03ba
0c96
0c7c
0ffe
0ac6
f988
f590
f62a
ef08
f4de
02ae
0988
13a6
1884
144e
15b8
145c
0c70
0a9c
088e
045a
0244
fc3a
f0ae
ea52
e708
e8b8
f306
fb14
fec8
0a48
12bc
1012
0f10
0da4
ffe0
f2f8
f146
f422
f52e
f87e
01d4
0284
fe5a
0674
080c
038a
0550
04fa
02aa
007e
fc76
f6ae
f342
f80c
fe8a
fca0
f8d6
ff48
0252
ff2c
fe38
fb54
f99e
fd04
fd32
fd5e
0088
027e
0756
0ae0
0932
069e
0734
06c0
fe1c
f610
f4d2
f200
f1ca
f408
f480
f94c
0400
0be8
0ef2
1352
16d0
115e
09b6
0838
07b4
0338
0304
fed2
f6e4
ef74
e87c
ddf4
dc14
e252
f42c
00e8
fcd8
f90a
f978
f1e0
ecc2
f1f4
fad4
0526
0ed2
15e4
1684
131a
0fe8
0ae8
0838
0fb4
18b8
152c
0bd8
051a
009c
fc5e
fa7e
fce6
ff3e
0176
017c
f974
f01e
ebda
e878
e806
ec58
f300
f7a4
fa40
fee0
013e
036c
0758
04c8
0438
0b8e
1210
1198
0e98
0f50
1180
1300
13d0
11f4
0da4
042a
fb26
f5d8
ed2e
e8a2
e818
e754
eb60
f0ce
f15e
f058
f4dc
fe6e
0770
0da4
0e06
0b24
0b70
0bb8
05fc
019c
0082
fe78
fe90
ffa6
fbaa
faee
ff3e
fe4a
ff64
036c
fe34
f75c
f334
f1b2
f0b8
f046
f456
fa80
fa72
fe90
0a76
0f48
0950
036c
01c8
042e
084a
09c4
0526
fed2
fee4
f8f4
f164
f84c
fec6
fed8
00ea
04da
088c
1002
1b00
2150
1f3a
1546
03f0
f3b0
ec74
edac
f6d0
f762
e7ea
d96a
dbd2
e614
e7b2
d136
d422
f6de
ef70
e078
fa70
0ac8
061a
15b8
1c5c
0a96
fdec
120c
20ea
16da
1d6c
1b94
fdda
01fc
15dc
047e
ec36
e572
f31a
03e8
03a8
036c
0334
f300
efd0
04d2
0484
043a
0ff6
02f6
f2c6
f798
f41e
ecdc
f20e
faec
f73c
ebc8
f10a
fdf8
0218
19f6
2456
1210
0cee
101e
0b1c
0a0e
04be
fb9c
f32c
eba6
e53a
dc0a
cc8a
cf9c
e3fe
f7f8
0af0
185e
2430
1e20
0f7e
1086
0b7c
fec4
02d6
04a8
fc5c
f896
f90c
f97a
fbe2
0022
0a1e
137c
1e44
285e
1fd8
11da
0cbc
07f0
0370
fb38
ff84
0b8a
06d0
f662
eefa
ec0a
ed48
f272
fb4a
ff94
ff9a
03a0
0566
030e
fedc
faee
f13e
ea2a
f186
fa6c
fac4
0116
0504
feb2
fec6
04d8
028a
fc4a
f68a
ed70
e57a
e2d6
e742
ea2a
eb92
f386
f95c
fb08
00be
0212
fd3e
02cc
11e8
1982
17d4
1982
2046
1f9a
1dfa
2382
2392
1e84
1ed0
1a20
0ee8
05ec
fd4e
f34e
ea52
e092
de68
dd6c
db92
e0f8
e6fe
e76a
ee92
f9d2
fc8e
0138
0d8c
12ac
0ee2
08dc
02ee
0144
ffa8
fa28
f52e
f0d8
e93e
e2d2
e5b4
ed38
ecd8
ed14
fde2
0db2
1416
1d70
2146
1b30
1a7c
1dd4
18f6
1066
0b5e
09a8
030c
fdda
01fc
02dc
feae
fcc2
fbf4
fe34
0450
0be6
06a2
fb7c
fb2c
ff04
00a4
fa24
ee3a
e59c
e258
e632
ec9a
ef34
f628
fafa
03a6
0b6a
08b2
0626
01c2
ffa4
0ba8
0eec
09fc
0b5c
0aa6
0bfa
0d3a
0a66
07be
0542
04ec
0272
f80a
f086
f1f4
f3ba
f5c4
f5fc
f680
f346
f4a4
fa46
fbba
ff38
0082
fbb0
f94c
f742
f59c
f462
ef96
ed98
f44a
f6ec
f5aa
fcce
0798
0d76
1688
1e52
1cac
1838
1748
13aa
0da8
0798
01aa
fe0c
feb6
fd5e
fa2e
f75c
f2fa
f544
fdbc
05be
0510
0242
058c
0a74
0eb8
1240
0afc
fbd4
f7be
f82a
eecc
e28c
dbfa
dcf0
e4ec
eb3e
efd0
f698
ff3c
095a
1288
148c
13ca
1674
123e
05b8
fdca
fc6a
f33c
e906
ea28
ede6
ebf8
ecc8
f222
f594
fd22
0a4c
1450
1310
154a
1eb4
1e90
1378
0c74
097a
0462
0176
feac
f616
f056
f350
f61a
f8b8
ff2c
0138
0324
08f0
0c60
0b9a
0ae0
0a32
0b8e
08d4
0046
fa40
fc9c
fdd2
faf4
f944
f8ae
f822
fb9e
fee4
01f4
05d4
0576
011e
030c
06da
026c
fd44
fa6e
f5f0
f408
f69c
fd50
05ac
0952
0672
038a
06b2
0970
03b4
fe34
ff18
fff2
00bc
0372
013a
f926
f792
0018
0016
fa14
0072
026a
fa42
f89c
fb12
f760
f3ea
f6aa
f73e
f1ca
eeac
f3c0
f484
f53a
fbe6
0026
0422
09de
0b40
0a8c
0be2
0722
00ae
00a2
0296
fe6c
f68e
ef78
f156
f788
f598
f018
ef6c
f34c
f752
f75c
eba8
d950
dd52
ee28
ee7e
eb5a
f90a
0e14
1d5c
2ac2
31f8
2f2a
270e
1a3a
0960
0146
01a2
fdea
fe7e
0314
0346
ff58
fd62
018a
0770
0af8
0e48
0f62
0e6a
0782
0308
02d6
fca8
f8dc
fd4e
fb78
f7c0
f844
f6fc
f610
f380
f17c
f40c
f2d0
ee10
ec2a
e900
dec0
da2e
e312
ea4e
efc2
fd5e
0634
03d0
0592
0d38
1064
135c
1a26
1c82
1cb8
1aec
193c
17a8
0e2c
0348
ff12
f920
f38e
f2b8
f458
fa38
01e6
0708
099e
0bbc
1158
120c
1022
0dd4
073c
fad2
f556
f684
efe8
e836
e5bc
ea3a
f71c
ff74
0548
0e92
18d2
1fa6
210e
1d56
12ec
008e
f150
e77a
e104
e1ea
e3b2
e63e
f16e
fe5c
0886
0bc6
0872
070e
0786
01b8
f638
edbc
ec58
eba4
e79c
e496
e298
e1a2
e7ac
ee16
f4a6
0326
12a4
1694
1990
1b8e
168e
1128
0b8e
03f0
feaa
fbc2
ff28
065e
08ec
0706
0504
0af8
1034
0a98
00fe
f7f4
edb8
ecb0
f250
f402
f3f6
f44a
f4f4
f5ea
f720
f888
0a14
2a36
3f02
4086
1fec
085a
f9fc
ecb2
f0d4
fd2c
00d2
0cc4
17f6
0e76
018e
fd74
019c
fd82
fda8
09cc
092e
f89a
e510
debe
e0d2
cec4
c9d6
dae6
d40c
c2fe
c8e8
d02a
d076
d638
e4ea
f788
093e
218e
3f4a
552e
6708
788a
792e
69fc
5c6c
4cce
33c2
12a6
f306
d5c6
afaa
8e72
82d8
83de
8cb2
9c90
b28a
cd8e
f074
11a6
2c36
3fba
4806
498a
48a8
398e
2998
1152
f604
e8b8
e4fa
e24e
e8b8
f374
fde6
07c0
0ebe
18d6
1982
0f54
014e
f61c
edea
e0ca
db74
e196
ee46
feb6
1028
1e00
280a
2a32
24e4
1cc2
103a
fdf8
ece8
e180
dbc2
d980
de96
e864
f250
fc0a
0746
0992
036c
fd8a
fc18
f8da
f606
f5ac
f3a8
f026
f35a
00be
0d44
1294
10fa
0cf0
08bc
0884
0a08
0722
0030
ffaa
092e
13ce
1f24
24ca
1eee
1276
0830
fc4a
f33e
ef28
ebd8
ed5c
f75a
fcfa
0056
0376
0246
0114
03ec
0874
0c6e
09c2
02f0
fc72
f276
ed84
f172
f394
f5f6
fc80
06bc
0e1e
0e96
0e8e
1010
16f8
20b8
24d4
2186
195e
0aec
0506
0754
0742
fef4
f532
ee60
ec86
e764
dd58
d700
d654
d700
dae8
d9ba
d3d0
d7a4
e07c
e3c2
e9b2
f9f4
0860
0fa0
18ee
23de
26fe
28b2
2f02
2d72
258e
1efa
13d6
06c2
fb46
eea6
e75a
e446
e23e
e744
f2bc
f9e6
fecc
076c
1344
19c2
1908
1590
11a2
0d64
04fe
f4f6
ec44
ecb8
efbe
f314
f89a
fc00
fd4e
009c
09ae
0dde
095a
06d0
0636
0372
fcbc
f08a
e794
e7f0
eb04
ec8c
ec96
ef38
f434
fb3c
05f8
0fd6
1094
10c0
1462
1526
1734
1a66
1690
0c42
047c
0334
fe00
f720
f7ae
f832
f6ae
fb42
018c
0272
004a
0044
043e
08fa
066a
0102
00f0
fee0
f4f2
efa2
f0a6
ef9a
f0a0
f796
fe1c
fe3a
fc56
f890
f506
f9b4
0218
03f6
0094
fc62
fd8e
03ba
0864
0a7e
0b22
0b60
0c3e
0bac
04c2
f91e
f16a
efa4
f07c
f5c2
fd02
fde4
fcc8
01d6
0882
0a7c
0c02
110c
193c
1a1e
121e
080a
0054
f916
f480
f48e
f944
f7ae
ee32
eb4e
f098
f38e
f854
02ce
02a0
fc76
faae
fb02
f950
f7ba
f63e
f8da
ff82
05c0
096c
0c90
071c
fdc4
f910
f8de
f6e6
f354
f460
f7b6
f918
f698
f888
0292
0ce6
0f2c
0dd2
0a1e
0752
0876
0d42
1154
119a
104c
0e8e
0976
0162
fcc2
fd84
fe4c
ff14
ffd6
ff8a
fc44
f84e
f5d4
f5d2
f520
f2ce
f20a
f5c0
fb8c
031e
0b1c
103e
148a
17ea
1a54
1bc4
143c
0a8a
051c
fdda
f31a
e96a
e508
e7c2
ed10
f2a0
f840
ffc4
06d0
0a34
0e0e
1638
1b2c
1cf4
20b6
2134
1a9e
0f9a
06c6
fe46
f05a
e3c8
ddde
d962
d660
d6da
d894
d96c
db68
e268
ede4
fb38
05dc
07a4
0510
067c
079c
026a
fb76
fb14
fede
02f0
04c0
0674
080c
078a
0510
02be
0292
0868
0de0
0b02
0650
05ea
058a
0330
fefc
ff12
052c
06b8
01f4
ff6a
ff0c
f8ba
f906
0182
0368
0114
04dc
083e
0926
09b4
0dea
116c
1428
1416
0d62
07ac
0312
fca8
f8be
f54c
ef64
ed5e
f00c
f30c
f742
fb78
ff8e
0464
06c8
02ce
f9fc
f3e6
f190
f4d2
fc38
0044
010a
03ba
0720
0714
08d0
0b28
0700
01e2
0106
002e
fe60
faba
f378
f00c
f454
f6b4
f536
f624
f950
f87e
f2f4
f128
f5ee
f9b6
f972
f564
f0ea
f430
fd9e
0286
0408
0750
0b28
1468
2070
24b2
2588
2022
1510
1006
12ca
14ca
1402
0ca4
0756
0620
feca
f1f2
f256
f51e
f20e
f39c
f572
f37c
f608
f8a6
f71a
f5a8
f44c
f106
eff4
f4f4
f7a4
f228
f104
f5f2
fc92
02c8
049a
0050
004a
0844
11be
14a2
1756
19e0
1042
093c
0ea8
09bc
ff20
ff2e
fd3a
f966
f7ce
f250
eb2a
e71c
e214
de4a
dfc8
e02e
db8a
da52
dc5a
e15c
ef00
0250
0c58
0d5a
13de
1d58
1f4c
1e24
1e1c
1722
09dc
051a
0a78
072a
ffd6
00f6
05fa
087c
0690
fe8c
ff12
0196
ffe2
07e2
1362
122a
0106
f4f4
f5a4
ee48
e362
e92a
ee96
efac
f8b0
fd24
f950
fdba
f5de
eace
f116
076e
1c22
1aa8
1070
1256
0b88
04c8
fe4c
f044
eb98
efd8
f852
fc80
f886
fd06
0b54
1062
089a
0308
07b4
0dd6
1124
17b2
1b18
136c
0f9c
078a
fbba
f6c8
f66c
f704
f392
f458
f912
0180
0d68
1090
ff86
ef8c
f492
fd48
f572
e61a
e7b8
e93c
eaa8
f0a6
f0be
f14e
fc48
00ae
06c6
0c44
0f06
1922
23d2
28b8
2208
18b0
1526
0f2a
0714
ff46
f9f8
f52e
ef04
ebc2
ed54
e962
e062
deee
e898
f260
f5f6
f3a2
efd4
f2c4
fbec
03a0
08ba
0a3c
0752
0a5a
12dc
143c
11e2
131c
10a8
0bd4
07ee
0304
004e
fcc0
f484
ef26
eba4
e8fc
e836
e638
e626
e9e2
f312
fa16
fcd6
0480
0e8a
117e
0eb6
0da2
1030
1312
172c
1d48
1f16
1bcc
17d6
145e
0d78
0692
01e4
fd70
f956
f2b0
ecdc
ecfc
ecb0
e900
ec42
f3ec
f77a
f712
f8f6
fcf2
fcc4
fab0
fae6
f940
f7ea
fcea
ffb2
024e
0cac
11fc
0e66
0e94
124a
0d30
03fc
ff3a
fac8
fac4
fce8
f902
f190
ed08
f15e
fbe2
ffdc
0396
0ef4
1322
0e72
0d98
0c5c
02ce
f9c0
f374
eff0
ef22
eee6
f336
f7a6
fa10
fc82
f8e6
f5bc
fd16
080e
0a14
05a8
0754
0caa
1144
1308
1016
0cd0
0f56
0b36
00fc
f75c
ea98
dd48
d9e0
d7de
d73c
dbe8
e168
eb84
f7a0
033c
0804
083c
0e2e
114c
0bac
0a06
0964
03cc
fe8e
f8a4
f918
ff86
028c
0262
053a
08e6
0756
02e0
01b2
ff96
fa9c
f5f2
f3e0
f44e
f912
04c0
138c
1ace
1bc4
1fca
2490
20e4
176a
0fcc
0828
fdbc
f508
f134
ee20
ef3e
f44a
f904
fd72
ff9a
fda0
fbc6
f808
f686
fd1c
fd4a
fb74
03bc
0d80
0ea8
09bc
0520
00ce
f8c0
f534
f5e0
fa82
fed8
feea
eefa
e40a
e5c8
e76a
ecf2
f622
febe
04d2
0a84
09da
0f3c
1248
0722
00ae
04a2
0456
0410
05ce
0770
08f8
0e68
0f80
0e88
0c2a
0390
fd62
fcaa
fc18
ffac
0406
02f8
ffe2
fdfc
f944
f30a
f39a
f882
fd54
fdee
f98c
f2a2
eb90
ea92
e94e
e6d2
e746
e976
f236
ffd6
0a9a
115a
1820
1eb6
1dec
183c
1324
10c2
0dfe
09f6
05dc
03d2
07c8
0a3e
073a
042a
0228
0134
0244
ff2e
f84e
f518
f26a
ec52
ea38
edec
f1f2
f526
fb7c
fe90
ff7c
015c
0010
fbd6
f9fe
f772
f450
f1bc
efc2
ee66
f1ac
fb2e
083c
1036
152c
1926
1e16
1fc4
1c56
1a3a
176c
0c0c
0100
fc9c
f798
f424
f444
f0be
edea
f0d2
f204
ee90
e9de
e826
ed46
f5a8
f9d6
f9f0
f936
f7bc
f89a
fea2
0752
113c
17fc
1c8e
20f0
1e02
1650
1266
1426
1928
1910
1330
0e12
06d4
fdd2
fa70
f76e
eede
e75e
e318
defa
e024
e438
e7e8
f01c
f94a
fd18
fcbe
0082
0602
04f8
03d6
04a4
033e
01d4
0270
fcec
f7d6
f750
f716
f724
fb76
05a6
0b04
07b2
0656
04da
014c
ffea
fe9e
fb70
0296
0d32
10b8
137e
137a
10d8
0dd6
0c92
0afc
0926
0722
0604
fec6
f404
f04c
f24c
f398
f530
f702
f7fc
f926
fc72
01a4
0474
06f2
090e
07be
0542
02ec
00bc
03b0
0674
010c
fbfa
fa3a
f696
f72c
f8b8
f52c
f5d8
fa7a
fad2
f924
f5c6
f7ee
fe32
001e
01e8
0584
03b8
fdea
f888
f4b6
f27a
f1cc
ec98
e850
eb08
ed3a
efde
f8d6
0174
057a
0a12
150e
1eb0
1fc0
1fc0
23c2
2864
2a78
2816
2096
1386
05a8
fd7a
f7e2
efe2
e7e2
e422
e37c
e4c4
e5ce
e598
ec36
f706
036e
0ef2
1444
139c
1060
0fd2
13ce
11ea
0e94
0efe
09e8
ffd2
f75e
edb4
e634
e5f8
ec8e
f254
f22a
f470
f9ec
fa4c
f7a6
f72a
f5b6
f65a
fdf4
0314
05e2
0482
ff38
0144
012e
fe1a
fd38
fe64
027c
063e
0d90
13fe
1564
1a06
158c
10ac
0b92
046c
fd92
f538
e7b8
dfd0
d766
cec6
d238
d8e0
e454
ebee
f1ac
fd7e
06a6
0b04
0ec2
13cc
17e6
18fe
133c
0f3a
0cfc
0878
01f6
fdca
fdf0
fc22
fa8e
fb3e
fa08
f712
fa92
0204
06ec
0b4c
0b0a
0472
001e
fe0c
fc28
fc80
faee
f69c
f2d8
f2b6
f4fe
f778
fc0c
0274
0960
0f90
11e0
137a
175e
1746
1372
0e3a
0956
06c0
0454
020e
03ec
05ac
ff50
f75a
f3e4
f6a4
fd38
0164
ff4c
fb56
fba0
0206
04f4
048a
0600
072e
0a0e
0c6e
0a42
07e4
086c
04a6
fdf6
f8c0
f216
e944
e8b2
ea26
e382
df48
e152
e73c
f0c8
f9ba
001e
041c
03da
079c
0d22
0c4e
0988
0aee
0a3e
0846
0728
06e2
0468
fef2
f9da
f642
f72e
fd50
0324
0680
0772
0718
0788
09b2
096a
08da
0a0a
08d4
036a
fe3a
fa6a
f702
f516
f59e
f56e
f592
f706
f8a8
f86a
f76c
f5c0
f564
fa0c
fe6a
fe82
0098
058e
0534
02e0
00b2
ffa6
00aa
009e
0294
076a
08f2
0a62
0a66
0716
01c0
fbb0
f622
f13a
ee16
edb0
ebe0
e9cc
ed8a
f59e
fa82
fc40
fd00
fdcc
019c
0820
09f8
0b62
0e58
09aa
03f8
0480
07da
08be
044c
03fc
0690
02c4
011c
0584
0376
ff6c
fba4
f83a
f544
f4d0
f8bc
00a2
0202
ff3a
00a4
fff0
ff46
06aa
0d62
0b42
05e8
03b4
0584
0808
0822
06f8
06a8
0726
0362
fcbe
f79e
f110
eb60
edae
f168
ef5a
edf0
f02a
f4be
fd62
058e
070a
0b34
11c0
1454
151c
162c
1376
104e
0fd4
0ee2
0c86
08ea
0140
f906
f286
eed8
edec
ee9c
eeca
f17c
f676
fb6a
0132
0792
084e
01ba
fd80
fb9c
f7f8
f6cc
f7fa
f754
f6fc
f6f0
fb2a
0546
0c94
0f08
0eda
0636
ffe8
fffe
0012
fa22
f2be
f23a
f02a
e8b8
ec76
fa92
01f6
02d2
0588
0be4
157a
1bca
1ad4
1916
16a8
0daa
02ce
fc88
fac0
f93e
f60a
f156
ed60
ec3c
f1c8
f96a
fcc6
0004
ff0c
fe2a
0364
032c
fcf8
fd28
ff54
015e
ff48
ff52
055c
0706
0694
082a
07a6
092a
0e96
09ac
0310
06de
0670
0208
05e6
0786
070c
069a
fa30
f08c
f182
ec68
eba0
eee6
f3f6
feb6
08ca
09f4
08ba
034c
0018
fd14
f856
001e
0d66
116c
0aa4
fbf2
f24a
f1a8
f382
f9a0
ff8e
ff20
02be
080c
0cc2
14c4
199e
175c
1280
0f5c
0fee
0df4
03a8
f5e2
e948
e22c
e26e
df96
dbec
df9a
e80e
f0b8
f550
f5f2
fcd8
0766
0d0e
11f2
11f6
0768
fd46
f7da
f504
f1b0
f102
f4d4
f7c2
fcc0
0788
0e66
0d62
0e02
0d26
09ee
0998
05f8
fd60
fb64
faac
f428
f06a
f564
fc62
fb0c
f3f2
f5a8
ff94
04e4
05b6
064c
08a4
0890
0438
0002
fe0c
f844
f714
fe3e
0502
032e
015c
079a
1134
1da8
2866
2534
150a
1138
0d18
f8ce
f200
fa0e
fdca
fd5a
f904
f728
fbb0
0010
0628
03ac
f938
f1a0
e4f2
d7e6
d4ea
d776
e11c
f71c
0800
1194
1a02
1d16
190e
187c
152e
0d68
0bb2
11b8
16ce
18da
15fc
149a
12a6
0f3a
088a
00fe
f9e2
f866
f63e
ef86
ecba
ecb4
eb46
eb92
ea7c
e422
e10a
e31a
e6ee
eb4a
f004
f8f0
0784
14f0
1cdc
1f60
20be
1f00
1864
0b6e
02ea
00d6
00da
00d4
fcc6
f710
f3fc
f378
f45e
f490
f118
ef4c
f320
f81c
fc06
00ce
0442
065a
0c1c
0d1e
0aa4
0cfa
0dc2
0a0c
0a40
091e
00c4
fde6
fd46
f9c4
f8aa
f8dc
f642
f71c
f92e
f852
fac0
0030
0246
0226
03f6
0588
02d2
ff30
ffcc
fe5e
fc12
fc08
fb1c
fc64
00b2
02b4
017e
014e
ff94
fcf8
fa1c
f89a
f8e8
f968
fb14
fdcc
0068
0056
ff40
fdc0
fbea
fc52
fdd0
fe46
ffc0
0324
0538
0600
098a
0f8e
10b4
0d40
0a98
08c4
09c4
0764
00ee
fed6
fce6
fb16
f964
f5cc
f26e
ef46
ee50
f16a
f052
ed4c
f476
fd2e
ff5a
0564
0b0c
0a5a
09b4
0718
02a6
047a
0a32
098e
00f4
fae4
fd34
fb60
f9aa
020e
07ec
0b6c
0eb4
09c8
052a
02ac
ff3e
fd0c
fe12
0216
01c6
006a
ff20
f9f0
f842
f7ea
f1d8
ea96
e770
eb3e
f374
fc3c
0478
0830
07ac
0b30
127c
1954
13be
0682
0a18
0d76
fc9e
f0d4
f5c6
fe68
0680
0618
05b6
075a
02e4
fcb4
f6e8
f578
fe20
063e
07da
0b5c
08a6
041a
09d8
093a
fea6
fcba
faee
ed3e
ea6a
f5c2
f864
f0dc
f1ce
f6b0
f744
f5ce
f870
fce8
ff18
fd26
fb52
ff9c
03a2
0566
090e
0c7c
0fb4
06b8
fa4c
fea6
06ba
064e
01e8
fbc8
fc0a
0248
0622
fdbe
fbe2
0222
01fe
01de
03c0
0184
016a
ff52
f55c
ee06
ed24
ec50
e58a
e130
e71c
f06e
f7a4
fea8
0746
0c1e
0d46
0dee
0d1a
0de8
1138
0ec8
0a06
0b3e
0b08
097a
08b8
082c
05a8
044c
0506
03b4
0178
0360
062a
06c6
0858
08d2
0644
04de
0190
fd76
fd9e
fcd4
f72e
f226
f3dc
f7d6
fcce
ff8e
0224
077e
0b46
0a74
095a
0804
0480
ff10
fcfe
fb2e
f17a
ea62
e7ba
e53e
e8ea
ee5a
e974
eadc
f62e
fcca
00fc
0aec
0e3c
0f58
1462
1876
1484
0c2a
08f4
08a8
061a
0782
0594
ff98
fefc
fd70
f90e
f628
f5be
f6ac
f4d2
f784
fc0a
f848
f8c2
0134
0520
04ce
0280
fe58
0072
066a
0602
01a0
0386
094c
08b6
01e2
ff6a
fd1e
f90c
f770
f430
e980
e22e
de3e
dd9a
e410
ecfc
f3f0
fcd2
013e
fb58
f7f2
0100
0f74
1884
223c
2a46
2a7a
2b56
2cc6
22b6
1630
0fbe
0b34
0696
000a
f1e4
e6c4
e856
f9d0
0e32
0d4e
0478
0830
0bac
06f0
0680
0618
f9b6
e61a
dfb8
edbc
f2e0
e818
deba
d2fa
c95c
ce0a
d7fa
da8a
d61a
cf3e
da54
e9e4
f12a
f072
f440
042e
16fa
27e0
3676
3c6e
3c20
3df4
41ba
3734
259a
21ea
2764
274a
21f6
1de6
1726
1218
12c8
0ed4
0aa8
fe68
e6f8
ddc6
ea36
ea8c
df86
d232
cf20
d5c4
d14e
ce94
d190
d5ce
e718
fc12
0bda
1e44
2692
1926
07c6
0b3c
1e20
2ae2
2980
22e8
17a2
fc52
ded4
d436
cb9e
bee4
c2f4
d6c4
f156
0240
021c
e1fa
d3da
de9c
f0b2
09a6
210a
1ef8
1508
13b6
127a
1152
0c3c
0b78
1ac0
2514
1ec2
04d4
f086
f97c
01e4
f9c4
f226
f702
ff90
0396
ff5c
fb68
ffd6
07fc
135e
1d6c
15ea
0630
0b3e
0ba0
f79c
dd1a
d154
d3be
db62
dfae
e4b6
e646
e088
e020
ecbc
f928
0502
13f4
2d56
3bb4
334c
1dce
0cb8
084c
0be2
16de
1c72
18c6
1a8c
1f60
14ea
0074
f540
f914
f4e2
ed4a
f0c0
f678
f420
f64a
fa9e
f6d6
f390
f456
fd10
0d3e
086a
f3e2
eca2
fdd6
0df8
0918
fc86
fcbc
08f0
1460
131a
09e8
fd48
f886
f44a
ebae
e13c
db66
d810
d72e
db9e
e3e8
ef8c
f4f8
f564
f51c
f22e
f5da
fe9a
02b0
0484
063a
09d6
1538
17e4
1064
0f5c
1666
1efe
1d0e
0f3c
0c48
1582
1628
0ec4
0f5e
0b72
0166
f9ee
f31c
ed1c
f010
f752
f864
f5a0
f75a
ff3c
04a4
018e
fa9c
f642
f6dc
fb6e
fbb6
f3fa
f0ba
f9ae
fe12
fe30
044c
0c06
0f44
0a4e
ffa8
f9ac
f810
f48e
f144
f22e
f10a
f1f8
f8d8
ff4a
fd54
f77e
fa06
0264
063c
07d8
0b5a
0ca4
0fd8
10da
0d42
0b76
0f6a
10a2
0940
080a
0ca6
0892
fe7a
f30e
eebe
f73c
ff76
ff2e
fcee
fae8
f538
f1e4
f4c4
f976
fdde
0000
0200
05e0
0382
fb48
ef92
ee98
fbae
07f2
0f72
147a
0d32
065e
05f8
0198
fb7e
f9c6
0028
0624
01c0
fba4
f9e8
f248
ef22
f42e
faea
013a
0926
0692
0028
fe24
0040
023c
0218
fff6
01f6
01d6
01b8
019c
0182
0568
0710
069e
0434
03f0
09b0
1114
0c02
0540
02ec
febc
fad0
f322
edee
f30e
f7dc
f85e
f6d8
f56a
fb66
0226
0468
0762
0df0
11a4
138e
11bc
0c78
0922
06b6
033a
01da
ff7e
fb4a
f27c
e4a6
dc86
de02
e274
e78a
ed10
f0d4
f6d4
fcbc
fc5e
fc20
0002
09a4
125e
13f8
10d6
0f5c
0f7c
0d1c
0676
0404
0996
1080
1076
09e8
0372
ff46
fd60
ffac
fdd4
f42a
ed78
f5c4
fdda
ff7e
010a
0272
05ae
0c86
108a
0dc8
06c2
fff4
fd92
f568
ea14
e624
eb40
f1b0
f52a
f5c2
f7a0
f7a2
f5e6
f696
fa84
005c
03d2
01f0
011a
0546
0b02
1308
18f4
18b8
18b8
18f0
145a
0e68
0960
075c
083c
04ca
0166
022c
fdd2
f5ce
ef9a
ed4a
f1b2
f344
f120
f594
fb14
fc62
fbb6
fa36
fefa
0778
0930
0880
0696
0294
febc
fa2a
f60e
f882
fd08
ff5c
018e
038e
ff50
fb5a
fdc6
041a
07e6
0734
0252
ffaa
032e
025e
f986
f4ec
f99c
ff02
ff10
021e
03fc
ffbc
fec0
04d4
0a86
0bdc
0b1e
076c
00f4
fce4
fc14
f770
f158
f214
f732
f942
f964
f8b8
f750
f742
f778
f5ee
f3ca
f028
ec3e
ea30
e6ee
e7a6
ed14
efc2
f3c4
fde6
0876
1018
15bc
1a56
1ad0
156a
12ae
1186
09e2
0468
0222
fdee
fc0c
fb66
f7ee
f5ec
f858
fdd8
040e
08be
0bdc
0966
06ca
0720
0836
05f8
02ac
017c
fe52
fd66
009c
fd98
f4d4
f2f4
f398
f092
f236
f42c
f25e
f118
ee5a
f052
fca6
04da
048c
0442
03fc
03bc
0b80
1ac8
191a
0f88
0e8e
1da4
3bc8
400a
1c08
2246
4020
2800
f800
e800
e800
e000
e800
f800
e800
d800
f000
0000
e800
e000
f000
f000
e800
eb80
f4c8
ed7a
e2a2
ea76
ebce
e510
ecbe
f7f2
f672
f70a
fb98
fdde
0400
07c0
0744
06ce
0a60
0dba
18de
2350
291a
2e88
1b9e
01e4
05c4
0966
fcce
ed00
f230
ff0c
031a
02cc
006a
fc2a
fe4c
0058
fe3e
fc52
f8a0
f562
f0ac
f0ba
fb40
0942
0c18
065e
08ca
10c6
15ba
15b0
10f6
0bfe
0af4
07a0
0042
fb56
fcdc
fe60
fbd6
fb94
f978
fbb0
05e4
0184
f16a
f252
032c
fef8
f308
f3d6
f898
f50e
edbc
eae0
ec32
ed6e
ee96
efac
f0b0
f21c
f5de
fdb2
0818
0d94
0c4a
06b0
0238
02f4
018a
fe28
ff0a
04e4
0b38
09cc
0526
06a0
05cc
00d6
0026
097e
11f4
1150
102a
1094
0a72
045c
fc82
f53e
f2c4
f2d8
f952
0398
051a
0258
fdac
f35a
ee10
f1a8
f578
f55e
f798
fbee
fe1c
0634
0b96
0842
08de
0a50
07aa
052e
02da
02ac
0280
fc58
f492
f948
fdb2
f7d6
f058
f152
f43c
f4f8
f7a8
006e
0ea2
1b7c
1cac
16e0
14b8
140c
0ec8
0560
fe62
fbe0
f7a6
f1f2
ed08
eb02
edc2
ece6
e8b0
eb76
f4b2
fdb2
0232
fe56
fcc2
015e
09a4
0f16
0db6
0bfc
0bfc
0d9a
0eae
0938
ffce
00fa
080a
0866
0478
04a4
08a6
0a22
0334
f89a
f2e2
f3ec
f744
f4aa
ee94
ea6a
e82e
e6d2
e854
ec7a
f3f8
fd5c
063c
0c5a
0fb0
0d50
06aa
0638
079a
01a6
fe02
0120
fd0e
f93c
fba8
fbec
f82c
f4a8
f55c
f706
f994
fdfa
001a
fd18
fc46
fe80
0298
0458
fdd6
fdca
07ce
0ef2
0f2a
0ce4
0a5a
09a4
08aa
057a
0050
f774
f568
f5d0
f482
f8a2
fcba
feaa
fd84
fc82
fbaa
f902
f8ba
fcb0
007e
010a
fe82
fc2c
fb18
fc3a
0266
083e
05ba
055e
0908
0a76
09ce
0730
06bc
0e50
156a
1212
08f0
0260
fc3a
fa76
f6ce
efa8
ec76
ed12
f23a
f87c
f994
f9cc
fb30
f8a2
f876
fd88
005a
01fa
016e
00dc
024a
0124
fb10
f85e
fbd8
fe1a
fd38
fd64
fe8c
ffa2
00a6
ff9a
f9a0
f606
f9a4
fd08
fd36
fc76
fbdc
fc6a
fc0a
f9ce
fbe6
03fc
0970
0d3e
0f64
0dea
0f18
0fb8
0dce
0b92
0a1c
076a
ffa6
fa60
fa9a
f8fa
f9aa
fd80
fe2c
00da
0454
0372
ff80
fbd0
fb7c
fc50
fa32
fc8e
00c4
feb6
fcca
02fc
04cc
fa7e
f0d6
f5c8
fe6a
0082
0078
fc70
f6a8
f73c
f7c8
f48a
f3da
f694
f86c
f960
fb78
fc92
fcb4
fbec
f84e
f726
fa56
fe7e
046e
07d8
09ca
0f2c
1138
0d24
0b50
0a9a
08f0
0a60
0bba
08fe
036e
0336
0902
0970
05d8
047a
0532
07de
0960
05ca
016c
0254
062e
04ca
007c
ff74
017c
0564
080c
058a
0130
ff1c
ff2a
fd3c
fb82
fb04
fab4
f792
f2e4
efe8
f09c
f3be
f30e
efce
f042
f12a
f07a
f150
f38c
f506
f4be
f3d4
f458
f32e
f07a
ef6c
f0f0
f3d2
f8e6
fee0
0582
0c8c
16c0
1f9a
23e8
24d0
2182
1b5a
12b8
0a08
0790
0702
0442
fe8a
f438
ede8
ee8c
edb0
ec72
eee2
f1b2
f4c6
f700
f75e
f9fa
ff9a
00e0
0208
050c
05b6
0626
085c
062a
05e8
057a
ffe6
faaa
f5ec
f1c8
ee56
efa6
f962
feb6
ffbe
02b6
0366
03ee
0a4c
11f0
1288
0c80
0874
0864
0ddc
12fe
11ce
0cb0
03e4
fda4
fbc8
fc0a
fa48
f8a2
fb16
ff64
fb6c
f3b4
f278
ff50
135a
1624
00c0
f8b4
0128
fd14
f542
fdec
020c
f9ea
f24a
f324
f7f0
f870
f8e8
f958
f9c2
f924
fb90
00d6
01c8
02aa
057e
0726
09b2
0a16
0574
031c
04ea
fe9a
f8b0
fc24
fd7e
fad6
fa7e
fb56
f942
fa82
fcd8
fc20
fe90
04e4
08aa
07ee
07fc
09c8
0d26
0de4
0826
0182
f93a
edac
ea66
eb00
e738
e872
f152
fa18
007e
0278
033c
01d8
0078
0428
0a7a
0b12
0646
0592
05bc
00b4
fdf4
fc6e
fd1a
02d0
0812
07be
0130
f9fe
f76e
f848
fd50
051c
0740
0606
04ae
0344
03d4
023c
faaa
f5ba
f76a
f642
f278
f156
f1b8
f584
ff64
08aa
0f16
15a0
1c12
1d3c
1b68
1bd4
185a
0e52
0476
fb12
f46a
f488
f4fe
f4c4
f5e4
f642
f9e6
fd80
fff4
0340
043c
0006
fd10
fe60
ffa6
fcda
f952
f736
f180
ef98
f450
f518
f528
fa8c
ffc4
03a8
0330
01a4
0322
066e
0c50
0f70
0ee0
0ce0
0598
0096
008c
0082
fe78
fa90
f8e6
fb56
fda0
01c6
09a8
0f0c
121a
14f8
13a8
146c
1724
0fb0
fe34
f3dc
f288
f3b2
f32a
ef10
ebbe
ed42
eb40
e604
e7ea
f072
f6ec
fb44
ff7a
0170
0338
00c8
f676
f114
f67e
fbdc
ff02
03fa
0a82
0e4a
1162
13bc
1552
1822
1802
1122
0a26
0948
062c
ff0e
f868
f168
eb4c
e836
e50e
e7ee
f15e
fbaa
0272
01b8
fdfa
0086
027c
0054
024e
0328
fff4
f9f4
f554
f3fe
f6be
fd52
017c
0264
093c
0da8
06cc
025e
0e22
1cb6
1d7a
0d44
05a4
1250
119e
f868
ed00
f6e6
fc76
fdc8
f314
ed72
f0bc
f04a
f25a
f0b4
eda0
f54e
00d6
099c
0f86
0e92
0d38
0d88
0f64
0ca6
05ae
00f6
fe80
fa3c
f898
fb0e
f75c
f1e6
f4c6
fb78
ffc0
fdc4
f7e6
f866
fade
f330
edfc
f11c
fa0a
0068
fc60
f69a
f530
f7dc
fe5e
0278
0450
080a
0f88
148e
1144
0c2e
0b6a
0cb2
09e6
0346
fb10
f55e
f208
eee6
ebf6
ef36
f842
00bc
04b0
0864
0bdc
0f1e
102c
0b28
0274
044c
0606
ffa4
ffa8
05ac
0750
08da
084c
05c6
0168
0150
053a
00e6
f8d6
f948
fdb2
fdd6
ff06
fe28
fa66
f80c
fa16
fc2c
fc3c
fc68
faac
f634
f550
f4ce
f4ac
f7e4
fb28
ff5e
0954
115e
125a
0eb0
0bc8
05ae
fac6
f7b4
f714
f5c4
f8d8
fbf2
faf8
fc34
0278
0742
08cc
0a3e
079a
0320
03ee
04ae
0362
002a
fb26
fb72
00ba
01ae
fe92
fda8
fccc
f9fe
fb8c
fb22
f2e4
f192
f8c8
01c2
0a1c
099e
00d8
fa94
f6de
f5aa
fada
fdde
fcc0
fbcc
fe0e
012c
0018
ff16
0024
fa20
f47e
f736
f7c2
f544
f4ee
f29e
f374
fb3c
0188
006e
fe66
027e
0a56
0fb0
0eb4
0dc8
0cea
0a1a
0578
0120
030e
04dc
fe8e
f8a4
fb18
ff66
0372
0520
fc88
f094
f1da
f97a
f8d2
f66c
fe76
0c0a
1062
0bf0
0d64
0e54
06c2
ff70
0096
09a2
0bce
ff78
f3ea
ef74
ebc8
e2f6
d798
dc30
ef9a
f84e
f6b2
fb78
0414
0404
fdd2
f614
f320
fac0
0410
0aaa
0e84
0baa
06a0
07b0
1070
161e
16be
209c
26d4
2370
2538
1ae4
0934
08a0
0c16
fb54
f79e
0424
fbe0
e822
e99e
e704
e492
ee48
f362
ec2a
f000
0800
1800
1000
0c00
0000
e400
e800
0800
0800
f800
0400
0800
f800
0000
1000
0700
0a90
15e6
1886
16fc
198c
17f2
0672
fa0a
fa68
fac0
fb14
fb62
f7aa
f82e
f8aa
f758
f85e
fb8e
faac
f400
f21e
f6c8
f56e
f27c
f824
fdae
fcf0
0054
097e
0bc8
098c
0926
047c
01f8
fd8a
f174
ea92
ecc8
f172
f444
f744
fa58
fb66
0286
0d1e
14a2
1d06
23fa
215e
15de
0e64
10ec
0cc2
0472
0482
066a
0400
ff9c
f780
ee28
ebf4
ea82
e1d0
dc9a
ded0
dbea
d852
da30
df1c
eabe
f44e
f9a0
08ce
18c2
24ee
2b2e
23ae
1986
1732
13be
0c82
05b8
ff5c
f766
f5ee
fc8e
00c4
fab6
f90a
fb78
f9c0
f824
faa0
fef6
0106
fef4
ff04
fd12
f740
fbcc
020e
fdec
fa0c
fc6a
f6a2
ef36
f642
02dc
02ae
0482
0e38
0f54
085e
09d8
093a
04a6
065a
09f4
0554
fcfe
f72e
f1ba
ec9e
edd4
f0f6
f1e6
fac6
0540
06e8
0a3e
0f0c
1112
126e
111e
0758
01f0
06cc
0522
ff68
fc0e
fb08
fc38
fb72
feda
0812
0c74
0c2a
0982
04b6
fe10
f7e2
ee56
e5ee
deda
db3e
db00
d9ec
da18
df6e
e570
e5e4
ed20
fc7e
0702
0ea2
1952
208c
1c4c
156c
164c
166a
15d2
1a94
1c34
12d6
0974
085a
050c
fdc8
fb08
fc9a
042c
0d20
111a
0e4a
0732
fe50
fa08
fa32
f686
f15e
f4fc
fcb6
fe0c
fd5a
fec6
fc22
f9c6
fbc0
ffbc
fd7a
fb6e
fda4
ffc8
ffca
ffcc
fdce
f800
f8ce
fdc8
fe82
033a
0d8c
14ca
16ec
1232
0530
fcd2
f712
eff4
ebc6
ea7a
e5ee
e478
e7f4
edf6
f426
f650
fca4
06ac
0bdc
0e58
0a36
0202
023e
0664
0412
fdc4
fbea
fe4e
0498
0a56
0762
0c60
18aa
1f6a
14c2
0e1c
0f6e
082c
f51a
f38e
fe7c
00c6
fae2
f584
f2ce
f2ac
f4f4
fb6e
ffa2
0194
0d5a
19f6
1cf6
1adc
180a
18a2
1c6a
1b12
18f6
1732
12ce
0a18
fe9a
f3dc
f128
f114
f078
ee60
ebf4
ec4e
ec3e
e5cc
e090
e0a2
e1ac
e396
ea42
ef2e
f250
f1ac
f382
f39c
f616
02b4
0e70
0cfa
0b32
0f2a
1068
0b0e
05b0
0678
07fe
072a
0528
031c
ff16
f954
f722
f858
fab6
ff16
0234
ff0c
fb1c
fa90
fa36
fe92
06a8
0a3c
0998
0cfe
142e
1aea
153a
0be6
0b26
0a72
f9ca
f22c
fb08
ff56
f760
f22c
efb8
ebec
e2fa
df7e
e73c
ef42
ef4a
f1d6
fca8
02e6
fea8
f8b8
fd60
03d0
09ba
16f6
22a4
2080
197a
0e18
02f8
0070
0e0a
1a58
1d0c
1aaa
1798
13f8
0ff0
0ba6
0b42
0c88
0554
f868
ea86
e22c
e744
f0ce
f438
f5c8
ff8e
08ba
090c
090e
10c6
157a
0f36
07da
01b2
fcdc
f96a
f562
efee
e850
dee8
dc1e
de9e
defe
dd5e
ddea
e37c
ed98
f6a2
fe64
08b6
141c
1c28
1cd0
1a86
1c8a
2188
2528
2264
1bb8
1598
112a
0d78
0894
04b8
fef2
f78e
f2e2
eee8
e7b6
e1b8
e10a
e55c
e63c
e1da
e8ac
f9c8
0202
ffa6
fd72
ff74
ff7c
f984
f6ea
f87a
f8f2
f962
fdca
00ec
00dc
02ce
05a0
0746
06d0
0662
06fa
098a
0ba2
0c3a
0e66
0efa
090c
0132
fbca
fbd8
fc04
fa4a
fcd8
0054
fd94
f612
f056
f170
f8ea
0224
06b8
08cc
0a76
07b0
04d6
0a00
1286
17ee
1e3e
2136
1ef2
1dd8
1dde
18f2
0f8a
043a
fb7c
f36c
e43e
d8e0
d96e
dd26
dfb8
e322
eb3a
f576
fd60
02de
0bec
1206
102c
0bec
088e
0620
04a6
041e
037c
02c6
0102
fb50
f41e
f1bc
f1f0
ef8e
edd4
f2c6
fad0
0082
04d2
09b6
0cfc
10a4
128a
12bc
1554
1516
0d30
065c
ffc0
fb8e
fbc2
f812
f1dc
f078
f2a4
f516
f7b6
f86c
f850
f772
f6e4
f5a6
f4ce
f65c
f71c
f614
f86a
00d6
08b2
08c8
0794
0c36
0f2a
0c74
0684
febc
f77a
f3ee
f3f8
f560
f704
fcd4
0460
064e
05e8
0988
0aee
083e
0bba
0efe
080e
058c
0932
029e
fa74
f6cc
f35e
f028
f124
f410
f92c
fc2a
ff16
03d8
0a2c
0dc6
10b6
16f0
1a0c
1424
0ff8
0b8e
030c
fcf8
f75c
f45c
f7e6
fd76
fec0
03fe
0cc8
169c
1b1c
1478
0b98
06e6
fe46
f23c
e960
e1c4
df92
e486
e904
e9f0
e97c
ecc2
f46a
f7f4
f884
fd44
04cc
08b4
0916
0a26
07d2
0864
0ea8
0f12
0cfc
0c9e
0ade
08e0
08b8
084c
04a2
fc0c
f41e
f00c
edb8
ef1a
f4ea
f7b4
f792
f9b4
fbe4
fc10
fd58
039e
0b60
0d48
0aa6
08d8
09de
0a82
06c4
020a
018a
0104
ff7c
fe10
f8c8
f20c
ee2a
eb14
e6d6
e7a2
ed22
f0e0
eeda
f37c
fc36
0080
fc80
fadc
ff7a
05d0
0972
0ada
0c2c
0f68
1a70
22c8
1a9a
10f0
11e0
0ec2
05d4
0176
ff5e
fb68
f9b0
fc14
0070
0280
045a
07f2
090e
05ce
0292
0174
025a
ff1c
fa16
fd8c
04dc
018e
f266
e69c
e858
fab2
0c0e
13f2
16b6
1496
0df0
0742
00c2
faa2
f50e
f02a
ec12
e4da
deec
e262
e98c
edf6
f6a8
ff18
0206
03b2
0224
fd9c
fa6e
fa9c
fff0
03ec
0286
0120
fec6
fd9a
ffc0
02c4
0696
082c
05a8
014c
fe36
fe52
ff6c
0174
025c
0036
fc32
fa6e
fec6
02d8
04aa
065e
05f8
0498
024e
fe28
fc44
fd7e
ffa6
00aa
fe9e
fdb4
02d8
05aa
004e
fb48
ff92
0598
0b3e
0e8a
13a0
1466
0f1e
062c
ffc8
fdca
ffec
01ec
03cc
058e
0534
00e0
f9c8
f752
f748
f382
f05a
ece0
e734
e6a8
e9ee
ecae
efda
f652
fbae
fed4
00d0
02a4
0544
068e
038e
01a0
ffc2
0002
043c
0810
0b64
0f26
1232
127a
1228
1248
12d2
15bc
1660
0efa
0a0a
0b68
08b0
0024
fa20
f67e
f316
ede4
eb04
ee52
f36c
f834
fcb0
fce4
f82c
f3fc
f46e
f932
fade
fa96
fa7a
f88a
f3f2
ed02
e916
eb1e
f0aa
f856
fac2
fa2e
f9d0
f9a8
fdb4
0190
0720
121c
13d6
0cd2
0fd6
1428
0f92
14c8
1d02
1bce
1dce
18be
0738
f88e
f108
ec70
eabc
ebcc
f16a
f722
fec4
01f4
00e0
05d4
0e4a
0fc4
0ea6
0d24
0c50
0d26
0984
03ce
ff54
f926
f890
fe3e
fe9e
0100
0732
06c6
0328
00aa
fc4e
f854
f6d6
f4b6
f010
eb32
ed46
f4cc
fc32
fd3e
fd4e
0070
015a
0128
03ee
0366
00ca
0050
ffda
fb6a
f764
f9e2
0468
0822
035e
feca
fe86
fe50
fe2a
fe14
fe0e
fc16
fa5a
fae4
fc8c
fc34
f9fe
fa1a
0060
053c
05a0
06ce
04b2
0190
0492
033e
fae4
f736
f908
faf2
fe42
035c
0526
05d2
0974
0cdc
090e
057c
0924
0990
02f6
fec6
fed8
ffea
fdea
fa0a
f896
f772
faa2
fbc8
f4fc
eef4
f5d2
0292
0a70
097a
0846
06e0
0358
03ec
0454
0292
05d6
07b4
0534
02b0
003c
f9ec
f52e
f410
f262
f13a
f29a
f34c
f656
f97a
f99e
faf0
fe40
035c
0926
0a92
0ee8
14f8
12a8
107c
1274
0e4c
0866
05de
0680
0b18
0d66
078e
f9d6
eb28
e80a
eddc
f1e0
f212
f0b0
f5dc
fd04
fdce
fc9c
ff96
0660
0888
0648
fdf8
ee3c
e808
ecf4
ec28
ea06
eeb4
f7a0
fe3e
0480
0838
0b72
141a
1994
17e8
1596
14ba
116e
0c56
0a90
06e6
0276
044e
0708
0596
033c
0208
00e6
fdd6
f9f8
f658
f3f2
f1b2
ef06
f00a
f57c
faea
ff28
0028
ff16
021a
05da
082c
0a14
078c
feee
f8e0
f66a
f568
f9ca
0116
02e2
0278
0600
071e
05f0
08a2
0ce2
0e76
0f7c
0ef4
0afa
08e6
08aa
052c
04ba
0628
014c
fbb2
fa92
f7ae
f338
f16e
ef32
e99e
e514
e4a8
e81c
ec16
ee6c
f026
f542
fb60
ff40
00e8
fe6e
ff26
03d8
031e
0054
02b2
06d2
0b78
0e76
12ce
1848
19a6
1a20
1bc0
1668
0cb2
0330
fa2a
f1e2
ee8e
effa
efce
f224
fac2
00fe
fcce
f8f8
f796
f68a
f6d8
f768
f832
fa2c
fa32
f964
f7d6
f3a0
f10e
f21c
f286
f252
f48e
fb00
ff32
fc3e
f97a
fde2
0302
05d0
0972
0ada
0c2c
1168
1350
0f1a
0d28
0c54
0a8e
09e4
0b44
0d32
0c96
0e9c
0f0a
0cf6
0d9a
10c4
1332
12de
12f6
1372
0f48
07e4
01b6
f9dc
f2ae
f15a
ef8e
ea60
e530
e528
e7f6
ea56
ec3a
ef9c
f248
f034
edbe
f000
f29c
f378
f6a8
faee
fd16
ff30
002c
0114
05e4
0a36
09f0
0a5c
0f6c
12ac
1020
0e3a
0e00
0e58
0f36
118a
112a
0e46
091c
01fa
fd38
fcd6
fa90
f898
f6f8
f7b8
fcac
0168
ffcc
f64a
efac
f2b0
f184
ee6a
f582
fc28
f664
f2fc
f4cc
f37e
ef46
ec50
ed8a
f0b0
f4a4
fa58
fdb2
fae6
fb6e
0310
0c1e
1038
0f8c
0e6c
0fe8
11cc
1102
10ba
11f0
1180
0f8a
0f36
0b6c
0280
fe0e
fef2
ffce
019c
063e
0762
0536
0802
0d5e
0bf8
0746
03a2
fe1a
f4f8
f1be
f028
ec28
eb06
ea9c
e7e2
e512
e546
e94a
f1c2
f522
f4a2
fa84
ff32
fd9a
fe2c
02c0
0694
0b2a
0d76
0a9e
06f4
0384
fe4a
f964
f9cc
fe2e
034a
0714
08a2
0716
04a4
0258
011c
01e8
0396
040a
0554
065e
0622
07b6
07f2
07e8
089e
0402
fe8c
fe78
fc70
f8a2
f94a
fb1c
faf6
faf8
fd20
ff3a
0238
04f2
0656
096e
0e06
0de2
0a50
07a4
05e4
0110
fb80
f76c
f7dc
f984
f742
f568
f400
f20e
f5aa
fb5e
fbda
f96c
f756
f5a4
f45e
f488
f688
f9b2
fbda
fd7e
fe9a
002c
04a0
0826
0832
097a
0b60
09ca
087e
0902
08b2
0720
046c
01be
022c
027e
00b6
0102
013e
fb6c
f618
f666
f8fa
fb9c
ff34
0096
02da
03e0
ffb4
fbcc
fd42
02b4
08b8
0914
0720
0610
07e0
0c52
0d1a
076a
00d8
fba6
f7e8
f5a6
f45a
f27e
f12a
ee60
ebce
ed06
f0c0
f3b8
f562
f744
fa4c
fe50
03a0
06fc
07ea
0888
05d6
001e
fcbe
fbac
fcca
00ee
04c6
0438
0090
ff1c
fec4
ff78
0224
0892
0c54
0b76
0a48
0a58
0a12
097e
06a6
00c4
fbb8
f99e
f756
f374
efb2
ecac
e86e
e72e
e8c6
e97c
ecda
f298
f462
f66a
fd9e
0370
07c6
0c96
0fb2
141c
199c
1df4
1d14
1a58
17f2
12f0
0aa4
0686
0774
0816
056a
00bc
fb52
f862
f5dc
f3ce
f340
f720
ff08
0478
056c
0622
059a
04ec
061e
020a
fa24
f8ea
f9fc
f62c
f1e4
ef50
ed6a
ef36
f16a
efee
ed08
eee6
f52e
f866
f8a6
fa1c
fca8
0124
094e
10aa
140a
1692
1a3c
19d8
15a8
100c
0948
06a4
05f4
021e
0072
01da
fe1a
f9a2
f7a2
f504
f1e6
ef6a
ee9a
ee60
edb4
eda4
ee26
ee2e
f0c2
f5a4
fe8a
08ec
0c5e
0734
0620
08ea
0d40
0ae6
065a
03e2
0170
0118
04ba
01fa
feda
01ec
ffcc
fcce
fe00
0020
011e
010c
02fa
03ca
038c
0752
0cdc
110e
12fc
0ecc
0766
ff3a
f896
f594
f614
f6da
f4da
f250
f15a
f2e6
f7c0
fb8e
ff42
01be
fe04
fa92
f7e8
f468
f620
fabe
fd12
fe40
ff5c
0266
023e
ff1a
0128
0514
05c2
0464
041c
07da
0b1a
09ca
063e
00b8
fa82
f5d8
f6c8
f7f0
f644
f7fe
fbdc
fc9a
ff64
0504
0520
0410
06ce
0960
07ca
054c
01f6
ffd6
01d8
00ba
fcae
fee2
02f2
03c2
0184
fd6a
f992
f9f8
fc86
fb04
f8c0
f7da
f742
f8f6
fac6
00a0
0a16
0ea2
0f6e
0fb0
0f6e
0eb2
0b8a
0736
03ec
feb4
fbd8
fe48
fe9c
f9f4
f3c4
f056
ed9a
ea9a
e772
e53e
e702
ec6e
f11e
f4f8
faea
02a4
09cc
0e32
11de
18be
2068
2092
17b4
0ea4
07ae
fee8
f6b6
f350
f484
f5fe
f4b0
f3ce
f55a
f920
fdde
0460
0954
0cae
0b6a
04de
0192
036c
040a
047c
06c2
03aa
fda6
fa14
f9ea
fdf2
01c8
0150
00d4
ff58
fff6
0688
0c7a
0ba8
0884
034c
fe4c
faa8
f768
f5a0
f446
f25e
f200
f016
ecc8
ec46
ed68
f30c
fabc
fe1a
ff4e
0272
084e
0e88
13e8
1752
14ca
0dc2
07ba
03d4
000c
fe7e
ff14
fda6
f860
f3aa
f4a2
f8e4
fa1a
fa6a
fbc2
ff04
0112
ff00
fd10
fc3e
fb7a
fbc2
0004
0302
ffd0
f9d2
f934
fca0
fed6
ffe8
01e8
04b8
0934
0e1c
0e42
08f0
01aa
faca
f480
eff6
eb34
ea62
ee48
f17c
f1f0
f1ca
f216
f3ca
f6c2
fbd2
03b2
0af4
0d68
0f48
128e
120a
0cfc
0bd6
0f60
1034
0c78
0992
068c
0280
00a0
01d8
01ec
00ec
fff2
ff06
fe2e
fe70
fcb8
f734
f14c
ed36
ebf6
eb68
eb86
f044
f732
fbf6
fe8c
0002
025e
0880
0efa
1094
0e8e
0e32
1068
0df6
083a
0696
092c
0b98
0ade
0730
04bc
0870
0ae8
0938
04a4
0058
0152
053c
03e8
ffa8
faac
f700
f6d6
f8f6
f72a
f2c0
f106
f2de
f400
f36e
f648
f740
f46e
f424
f43c
f2b0
f3a4
f4ea
f374
f378
f5de
fc6c
02aa
076e
0ca8
0f28
0d06
0d9c
11ba
1306
11a2
10c6
0d70
05e2
fc9c
f504
f13a
f122
f580
f7ec
f670
f656
f688
f600
f9d0
fc94
ff46
01d0
0022
ff8c
0002
ff6e
fe66
fd7a
fbb0
f922
f872
fa88
fda6
ffa4
0084
01d0
0178
0218
051a
0540
0438
071e
069a
01e6
016c
02ec
023a
ff80
fcf4
fda8
ff62
fe04
fcca
febc
0098
004e
fd04
fa04
fb62
02ce
0dac
156c
1902
1b94
1f20
2078
1fb6
1a00
0fd4
04cc
fa4c
efa0
e620
df06
dc64
dd08
e1b8
e80e
ebbc
edd0
f452
fac8
fbfe
ff40
0552
06d8
040c
004a
00c0
0128
0180
05c6
0998
0cde
0f86
1584
1674
0ea0
02d2
fbaa
0116
0a20
0246
eed6
e924
f082
f3e4
eb70
e026
e28e
f5ba
0404
0146
f6a8
f8fe
0766
0caa
0934
01aa
fe8a
0aa0
15f6
0e96
01ac
0190
0b76
0ebe
07d2
0354
071e
0eac
11c0
0ea4
0db8
0edc
09ee
00fc
f890
f4e4
f1ca
ef52
f186
f408
f2c0
edf6
e608
df66
ea32
f8fe
0714
100e
13f6
14fe
114c
0f48
12e8
19b6
1d48
1bb4
135a
04e8
fd34
fc10
f31c
e71c
e0a0
dd84
dfac
e8b2
efe0
f51a
0056
0ad8
0e58
0b2a
09d4
0a44
0058
f706
f28e
ecc8
e7f6
e630
e552
e956
f1cc
fe2a
0dd0
1c0c
2882
30ea
3144
2a0c
1df6
0db0
fdfe
f156
e7ea
dfd4
dd40
dfea
e96a
f506
003e
08c0
0c72
0d84
0c16
005c
f358
eb86
e6d2
e932
f220
f8ec
f982
fc40
04f0
0eec
1bce
2502
2478
1cd2
14be
0e84
0436
f46a
e9f6
ecd8
f222
f384
f932
01ba
07aa
0cfc
0c90
07c4
0504
ff46
f6e8
f258
ef7c
ee50
efc2
f39c
f89a
fe80
0012
fd8a
fd3c
fe08
fcd4
facc
fb0c
016e
075c
07ae
05ba
06b6
096a
08a6
06a8
0794
0634
0236
0164
0312
040c
0154
fd3c
fcfa
fe52
fea0
01f2
06fe
0800
0630
02ca
fd82
fa20
fb22
fa3a
f58e
f27e
f40a
f3da
f30c
f6b0
fb62
fcec
0074
03be
04b4
0472
030e
00a6
019a
0280
0158
0442
08fc
0a6c
0ac4
0d16
0c44
0c7e
11b6
129a
0c70
0aa8
09fc
035c
fb08
f55e
f062
ea30
e50e
e714
efc0
f662
f8e6
fb7a
0008
004a
fa84
f344
f2dc
f2e2
ef4e
ea78
e99a
ec7a
eec6
f074
f582
fa90
fe78
052c
0c48
118e
12f2
11a6
10e0
139e
1592
10b8
0fa4
1422
17b6
1852
1620
115e
0c5c
0544
fa70
f474
f532
f438
efaa
e9e6
e62e
e47e
e5c4
e7c4
ea64
ed86
f308
fa98
00d8
04aa
0718
0b24
0f94
0d40
08a6
0910
087e
05f6
0396
fd5c
f786
fa0c
fc6a
f8a2
f916
ff84
038a
0550
06fa
048a
0040
fe3c
fe66
fd18
f974
f43c
f034
eee8
f038
f370
f8d6
fe9c
050e
0bee
107e
1340
14ba
12f6
1134
1102
0e48
09c6
04bc
ff5c
fcd4
fc8c
fc62
fcd6
fd5a
fce8
fb14
f804
f7e2
f902
f946
f93a
f8e4
f94a
fb5e
fbf4
fc9e
ffd6
0358
0604
0852
0938
0ac4
0c5e
0afa
07d2
069c
0542
01d0
fb86
f8c2
f862
f544
f1ac
f1be
f440
f8f6
fc98
fc18
fabc
fc9e
007a
0012
faae
f5c8
f380
f1c0
ef8e
ee02
ef1c
f0aa
f398
f9b8
00a6
071e
0af4
0e32
11c8
1514
1782
188a
173c
14c8
12d2
0fe4
0a24
05ee
03ca
0128
ffa6
febe
fdee
fcb8
fa2e
f6f8
f73c
fac0
fd34
fc96
fa1a
f7f2
f62a
f2cc
ef0c
f00e
f47e
f602
f4ba
f4e0
f85a
fd58
0098
019c
0000
fd7c
fd34
fd84
fd60
ff52
01aa
024e
04d4
090a
0ab2
0968
07e6
053c
0092
fd2c
fc10
fc24
fb54
fbb6
fc32
fbc2
fb78
f956
f488
f460
f896
fdc2
01aa
028e
0264
043c
07f8
0978
08e0
0852
09cc
0b2e
0c7a
0fb2
10b6
0baa
06ee
057e
0326
ffd8
febe
fcbe
faf6
fb70
fa04
f6dc
f52e
f4ee
f508
f276
ef78
f12c
f838
0010
0468
0420
01de
05c0
0564
fd0c
fd3a
ff66
f96e
f7d6
fa58
f6b2
f346
f810
fe8e
fea4
02b8
0e8c
0ba2
02e6
02b6
048a
0640
07dc
095e
08c8
063a
03d6
0198
fb7e
f9c6
fa28
f884
f534
f36e
f426
f830
fd36
ff00
feb4
fd76
fc5e
fd72
0086
0162
0124
03e0
0650
0566
02de
fd66
f9d8
fa32
f9b2
fa6a
fd42
fd00
fada
f87e
f802
fb4a
fe02
009c
0306
032e
00fa
feea
fdfa
fd1a
fa48
f7a2
f726
f8b2
fc26
fe62
ff7a
0382
0548
01f2
01d2
02b4
0270
031a
029e
0212
037c
05b2
0694
0632
07a2
0abc
0b4e
0d7a
1116
0eec
086a
040c
02ca
029c
0272
014a
0034
ff30
fe3c
fb58
f8a2
fa16
fa74
f7cc
f74e
f6d8
f66a
fb02
0276
065e
04d2
0236
00b0
003a
01c8
062c
0716
04b6
0354
06ec
0b10
0998
07e8
0c12
1198
1236
0d36
081a
060c
04ec
00b4
fab8
f844
f732
f176
eb88
ea9a
e864
e50c
e3c0
e66a
ecb6
f536
fd82
055a
0a88
0c0c
0b16
09d4
0956
0792
04ac
02cc
00f2
fd2c
fcb6
ff6a
fff2
fd72
fc1a
fdd8
fefa
fd8a
fc30
fa6c
f944
fc2e
fdea
fe0a
0028
02a4
0478
050a
0468
04ac
04c4
00b2
fbda
f76e
f38a
f246
f282
f124
f152
f4f2
faae
0136
064a
09d8
0bdc
095e
04ba
0338
03b2
0404
002e
f992
f692
f60c
f4dc
f516
f6a0
f95a
fc1c
fece
025c
039c
01a8
04c4
0786
06de
0908
0ac4
0a0c
0b0e
0ca6
0bbe
0686
ff6a
fdc4
fce6
f816
f394
f25a
f334
f600
faa0
fcf6
fc26
fe62
017a
ff62
fe6a
0082
0178
0060
ffd4
ff52
fe5c
fe00
ffb8
01d6
04c0
05d4
0428
04f4
080a
0aac
0c4c
0a6e
0658
024e
ff28
ff34
01c0
0024
fda0
ff46
fed0
fbe2
fba2
fc66
fb9e
fbe4
fda4
fd48
faf2
f942
f9e0
fc24
fce2
faac
f742
f652
f5be
f604
f992
ff1a
044e
078a
08d4
08c2
0868
0950
0bde
0ae2
069c
0364
0142
fd36
f980
f538
ef8a
eab8
e9dc
ecbc
f306
f950
fd6a
fd56
fe56
0250
06f6
0c18
1084
1522
1acc
1f44
1d78
17dc
10d8
0dba
0c5e
07b2
0010
f8e6
f356
f220
f2fe
efce
ead0
ec22
f55e
fe08
0626
0dc2
04e4
fa94
02ea
02ba
fc8e
fcc4
f8f6
f966
ffce
fbd0
f012
e910
f47e
0136
0122
010e
00fc
fcec
ff1c
ff2a
fd36
0162
043e
034a
0148
ffda
0082
0098
fea6
fc5c
fad2
fb88
fc54
fc30
fcaa
fd36
fe4e
0260
071c
0c52
11d0
1666
19fe
198c
1252
09f8
02d2
fe06
fa94
f684
edfe
e390
ddaa
dd34
df5a
e260
e6a0
ed66
f454
f8b0
fbfe
ff36
043e
0a52
0db0
0f68
1108
1204
11de
0eaa
09be
0522
01ce
02b0
0484
023a
ff16
fe24
0140
052c
06d8
066a
0702
0690
0426
ffe2
f9e2
f672
f584
f0f6
ed28
ee2c
f9ac
08a4
0a66
05b8
0326
02a2
0410
0546
083c
12c0
1404
0e92
0902
0180
006a
0162
fc3e
fb8a
f702
fb08
08f4
09b8
0620
008e
f750
f6ea
fa7a
f8d2
f344
f30e
f9dc
fd3e
fb6a
fbb2
00f6
06e6
0576
001e
011c
020a
fee8
fff8
00f6
fdda
fefe
0016
0118
05fe
0664
fe8e
fb40
f84c
f1c4
ec14
eb5e
eb56
eff0
04be
0000
e800
0000
1800
f000
f000
1800
0800
0000
2000
2000
1000
1000
1000
0000
0000
1000
0300
ead0
f422
ecde
de10
e42e
e9ea
ef4a
fc54
008e
0884
0ffa
0afa
0a4a
0da4
08c8
033a
fe06
fe24
0040
013c
0328
01f4
01d4
04b6
036a
0632
09ce
0530
01dc
ffbe
fbc2
f824
f0fe
e8c2
edc0
fd00
0564
0716
0c72
1112
10de
1024
0cf2
078a
0a3a
066c
f4a4
ea52
ed52
f0b6
f45c
fe22
0958
118e
12b2
0b2c
03c2
00ae
fbc4
f748
f158
ee3a
f156
f440
eefc
ea0c
ed6a
f692
fb28
fd74
fd9c
f9c2
f824
fca0
fcd6
ff08
0716
0ca4
0f72
1396
14d8
135c
135a
12ba
0d8c
0442
ff68
fce0
f698
eefe
ec64
ea8e
e980
f136
f7e6
f96a
fc0a
fe9e
fe12
fe9c
ff26
fdac
fd5a
0020
03b6
06f4
06c4
065e
0aca
0e96
0dae
0864
052a
06fa
0674
03c0
0318
0160
fdb6
fb58
fc42
0238
04bc
03f0
030e
0120
050e
06bc
0050
024a
0424
ffe0
ffe2
fde2
fc02
0040
083c
0bb8
06fc
008c
fc82
fab8
f834
f614
f464
f72a
f90a
f702
f860
f9e4
f880
f86e
f998
f9e0
fc52
02ba
05a4
0530
0598
07ca
0998
0afa
09ec
059c
0362
022e
fefa
fe00
ff24
023c
0910
0b2c
08ca
0746
059e
03e2
ff20
f9b0
f6c8
f356
f27e
f61e
f6d0
f7be
fbde
ffda
0094
003c
fce6
f9dc
f932
fac6
fc68
fe0c
fea4
ff3c
00d0
0242
0288
03b4
08ae
0c10
0bda
0c46
0946
042a
04e6
0796
061c
02ba
028e
0364
022c
ff08
fd16
fb44
f68e
f224
ef00
ed10
ef3e
f34a
f578
f9d6
ff1c
0112
00de
00a4
0266
03f8
0150
fdc6
fc84
fe70
0148
03e6
063a
0636
05d2
0974
09dc
083e
07ba
073e
08ca
093c
04a8
015c
0246
0320
01ee
fece
fbe0
fd22
0066
fe72
f8a8
f874
fb7e
f87a
f2e0
f306
f590
f944
fdf0
ff60
ffbc
0314
041c
06f0
0d5c
0ff4
0de0
0d7c
0cb2
0a8c
0932
09a2
09bc
0886
061c
02a6
0050
011c
02d0
0450
0394
00c6
001c
fd7a
f714
f35a
f43e
eb70
e1d0
e3ba
e266
dc12
df42
e742
f186
fb98
032a
0d28
131c
1616
192c
1844
14a6
139c
1004
0822
017c
fc34
f55c
f344
f5b0
f746
fa06
00c8
0816
0cac
0c90
0b10
064e
ffa4
fa66
f5a8
f488
f2d4
eea4
f240
fa10
fc92
fe06
0370
0666
03f8
0390
0810
0d06
0c42
0726
0422
032c
022a
0226
0010
fb1a
f898
fd0e
043c
08f8
0768
03f0
02b0
0084
ff7a
fd82
f6a8
f33c
f808
ff86
048c
0442
01fc
07ca
0afa
079e
0838
0484
fce4
fbd6
fcf8
f61e
edfe
f0ee
fc24
00c4
ff12
fb82
f84c
ff86
064e
0676
0266
0682
1026
12ae
1076
0bdc
092a
0e58
14be
1416
0ad4
01ce
fb48
f692
f228
f104
eef2
f002
f700
f790
f416
f3d4
f696
fc2c
ff68
fa70
f8c8
ff3a
0446
0100
fcf0
ff20
012e
fd1a
f648
f4e2
fa92
fce8
f918
f586
f62c
fcc8
00fa
feea
fdfa
0428
0ed0
1756
1c96
219a
233e
1fac
1c52
1c4a
185e
0cec
05c6
03e2
fcfc
f49c
f31a
f514
f544
f3c4
f3bc
f416
f4c6
f3c2
f12e
f038
f0ce
f1d2
f236
f100
ee54
ef60
f4de
f95c
fac4
fd3c
01a2
06b2
0a3a
0a36
07de
096a
0a90
074e
0404
04cc
0960
0b5e
09e0
08c2
06b4
04c8
03fa
00ba
fd2e
fbda
fa1c
fb7a
fdc2
fb64
f9ac
fb10
fcde
fe90
0026
0122
030e
07dc
0a5e
05b8
015c
0046
fd40
f76c
f4f4
f2a4
ef78
ef80
f388
f74e
f7d8
fa98
0254
0880
0904
0736
044a
0268
0590
0958
0896
0498
04b2
04a2
056c
09fc
0bf2
0966
05b6
fd12
f50e
f4e0
f70c
f85c
f8d2
f578
f3a6
f852
fcf0
ff5a
02a0
079a
0b06
0954
08be
0c32
0d6e
0996
02fc
fccc
f5fe
f19e
f684
f91a
f788
fc0e
ff4c
fd56
fc80
ff52
02fc
0352
0306
03a4
031a
027e
0156
ff32
fdb4
fcde
fc2c
fd20
fd9a
fc9e
fbca
fb22
faaa
fa64
fb4e
fe4e
fe2a
fd16
0228
09d6
0bb8
071c
048e
0402
ff5c
fc04
fbfe
f818
f8ac
f96e
f456
f7ea
0184
0276
0544
0bb8
0b66
0cbc
0f96
0fc2
0d6a
08cc
0630
088a
0678
0052
ff8a
02d0
05ca
0764
0aa8
0e62
0f6c
0fe8
0edc
0868
0216
fb16
f0aa
e95e
e73a
e8fc
ee58
f1e8
f3ae
f9b8
ff92
0010
0184
03d2
02dc
00dc
00f2
fffc
fd14
f970
f738
f668
f5f0
f9ce
ff9e
0212
024c
036e
0260
014e
0242
0212
01d4
ff8a
fa66
f7c0
f386
ebf2
ed76
f174
f5a4
fde2
ffac
f95a
fba0
ffe2
ffe0
01de
07ac
0adc
0980
04e8
0098
028e
0064
fb5c
fda6
fcca
fafc
004c
0446
0400
05c0
0864
07dc
0b5e
08a8
fc00
fc00
0c00
0c00
fc00
fc00
0800
0400
0400
0c00
0800
0400
0800
0800
0000
0000
0800
0340
f6b2
f736
fff6
0828
0b94
0a6c
0d00
0f02
0c6a
0d98
0644
0330
0432
0100
fff0
04f0
04a0
fd56
f680
f818
f996
f5fc
f19c
ed82
eaa8
eafc
f04c
f546
f4f0
f4a0
f856
fbd0
fe12
fd30
fc5c
fc96
fdcc
00ee
02de
02b0
0184
fb6a
f7b2
fd36
0362
052a
05ac
09f6
0faa
0e84
07fa
0098
f9a4
f750
f766
f3be
f5b2
fdd6
0186
ffec
016a
04c4
04c0
0496
0a48
0d4a
09b0
0700
0542
0374
04a6
079e
0828
0666
038c
03c2
04d4
03ae
fd72
f79a
f720
fbae
fff2
fbf2
f832
fdae
00d2
fcc4
f6f6
f786
fe0c
002a
0026
0022
fc1c
fb74
fdf8
fc62
fb00
fadc
f9e2
fb26
fc7c
f7d8
f1bc
f172
f59e
fad8
fde4
fdce
fdf0
0010
060e
0bac
0cf0
0e20
0f3e
0e4a
0964
02cc
fe9e
fab4
fd08
0936
12a2
0976
f890
f8f2
0184
017e
016c
094c
0062
f002
e926
f36e
0574
1e2c
2464
1114
f670
f5c0
1e64
2c7c
09b4
0118
1906
1774
05fc
f59c
ee42
ef5c
e866
d1de
c4c0
d074
db6c
d5b4
d1a8
d94e
ebae
f788
08e6
1ae6
28ee
3acc
43b4
41ee
3832
2b4e
17dc
00e0
f14a
e322
dcc2
dbe0
d82c
d7f0
e0f6
e462
e472
ed5c
f84a
00c4
06ae
0802
06fe
09d2
0e28
09c6
015a
0168
0568
06fc
063e
0558
0452
0b38
1154
1282
1306
0ee8
0c94
1000
10b4
0ed6
09e8
0148
fd32
fd5e
fd88
fdae
f9d2
ea34
df90
e196
e37c
dd44
e36e
f536
f1e2
eac2
fc14
0452
fc0c
044a
1004
1302
11d0
14b2
1b66
11ae
0c92
17c8
124a
0924
0890
0806
0542
027e
07d2
0890
fefc
fe08
f530
e53a
e318
e5fc
e980
f37e
f940
f8da
fab2
0494
11b2
156e
1840
1c22
14e4
0772
009a
fa28
f44a
f326
f07a
ee74
f318
f9d6
fe56
fc98
fcce
0100
04f0
04a0
0456
0410
07ce
0f50
1a5a
18b4
0728
f2b4
e788
f50e
01bc
f1a0
ea86
ffdc
0fde
0ee0
01f2
f5d2
f274
f34c
fc16
fc54
f88e
0504
10b2
13a6
166a
1502
1306
1290
108c
0a22
00cc
fa04
fad6
fdc2
f98e
f6d0
f886
fa5a
003c
07bc
0984
06e0
042e
0284
fbde
f1c2
eeb6
ea64
e202
e114
e12c
de36
e37c
ea50
ed62
f1d6
f972
00c6
039c
0526
0a6c
0e08
0cf8
0c90
0fc8
124c
1414
121e
0ab4
0568
0544
03f6
019c
0158
ff0a
fce6
fcfc
f728
edf6
ede6
f266
f50a
f7da
fcbc
ff68
03ec
0606
05cc
0766
0aaa
0764
0116
fc22
f89a
f784
f9c0
fe0a
031e
07c6
07e2
07bc
0a5a
0c78
0e0e
0c18
08de
0950
0aba
080e
028c
fe62
fc7a
fcb2
fbe6
f826
f7a2
fe26
0142
ff2c
fd38
fc64
fd9c
ffc2
fec4
fad6
f828
f9a4
fb08
fa56
f8b0
f724
f6b0
f944
ffae
03b2
0176
ff5e
0368
0714
094c
0a94
09f2
0b08
0f32
119e
1154
0e82
0be6
0a14
070e
03fe
027e
0000
fa28
f684
f81a
fa98
fbee
fb2e
f87a
f5f2
f492
f348
f112
f000
f400
f8c0
fa34
f890
f806
f8c2
fa2a
feaa
03ec
0538
02c4
00de
028e
040c
0350
0384
0496
0570
078e
07cc
0546
04bc
0614
0924
0cb8
0bac
0950
0ace
0cdc
0d60
0c6e
0726
00f8
fe24
fa8a
f654
f3ae
f312
f566
f768
f98e
fc44
fdea
fd06
f946
f4f6
f442
f5f4
f6da
f978
fd1e
019e
08c6
0d32
0cec
0a40
036c
fee8
00b4
005c
fc04
fa0e
fa66
fee4
0722
08a2
03c4
0314
0656
01f0
f7d0
f452
f30c
edda
f0fc
f7ec
fa6c
02c4
0a96
07ec
076c
0cf4
1024
1120
100e
0b0c
025a
0234
0610
fdae
fbd2
0414
01d2
fbb4
fff8
01f8
f9d8
f63a
f8d6
f748
f7d2
f894
f784
f6c6
ee5c
ed04
f456
f58e
fb04
0848
0874
0c58
0d98
0254
01b0
0106
005c
ffb8
f91e
fb22
fd2a
fb28
fd6c
ff9e
01ae
0b8c
146e
101c
0f8c
0c86
054a
0456
054c
0306
02ca
ff7a
fa62
fbc6
ff34
0070
0192
fc94
f900
f7dc
fa0a
fb42
f88a
f438
ec88
e9be
f122
f80e
f68c
f122
f60e
fcac
fee0
00f2
02e2
00b2
00a6
049a
0450
060a
0fa8
16ac
0d40
066c
0c04
0742
facc
fd1e
054c
02f6
00c6
06b8
044c
fe06
0424
0be0
0922
068e
0a24
0b80
02c8
fa9a
faf0
fb40
f78c
fc12
0450
020a
fde8
fe08
fa26
f482
f338
f368
f1f8
f20e
f490
f244
ec88
ebc2
f2a8
fb8a
0500
0db6
1172
1364
169a
17e6
195c
19ee
14a4
0d08
087c
03f4
0092
0060
fe2c
f928
f6aa
f79e
f8c4
fc0e
0142
0216
ffca
ffa2
fd7e
f990
f812
faea
f9bc
f2d2
f0be
f544
f3d4
eedc
ecba
f152
f814
fca8
030c
08da
024c
fc26
fc62
fe9a
02b0
0484
023a
0216
fff4
fdf4
0214
07f2
0972
08da
064c
05b2
07f2
08cc
0850
0898
0594
0292
04aa
057a
0410
009a
fa54
f89e
fd3c
00a4
01ce
02b0
0384
024a
ff24
fd30
fc5c
f996
f3fc
f3bc
f780
f708
f596
f33c
f208
f7e6
fe66
fe8a
fcb6
ff18
ff58
fd96
0000
0a42
0f8c
0e04
1022
139c
1040
0e96
1690
1354
03b0
0174
075c
02e6
fcb6
02ea
06ba
fc4e
fa88
fede
f8f0
ef60
f26a
f742
f1cc
eeae
f3c2
f384
f34a
f714
fba2
fde6
fe06
0024
0320
00ee
fede
fff0
fdf0
fb10
fe5e
0078
fe70
fe92
ffbc
00d4
06d2
0c38
0ce4
0f1c
12b6
107e
0ce4
0b1a
0912
05e0
03b0
0184
ff6c
fb78
f4e6
ef14
ec26
ee04
ef52
ed10
ef88
f55a
f922
fde2
0466
0a5e
0ba2
0b72
0de8
10c6
11ee
1072
0d88
085e
0042
f9a2
f39e
f25c
f298
ee38
ecaa
efce
f440
f9c8
fc28
fa80
fa1e
fef0
047a
0b86
0ec2
0d52
0f8e
1328
12ee
111e
0de0
0864
00fc
f802
f1d4
f036
f1b2
f516
f5c4
f366
f22e
f50a
f8b8
f92c
fa98
fcee
ff9e
02a4
00f8
fee8
fff8
f3f8
f6b8
f74c
f3d6
ee98
f1ae
f892
fd08
0136
0522
04ce
0480
0638
07d4
0756
02e0
0298
093e
0c2e
098a
06c2
04ee
040e
021a
0032
0364
0246
fb26
fa9e
fb48
f70a
f256
ee58
ee24
ed80
eb7a
ef38
f13e
ef98
ef8c
f402
fc8e
02ac
0450
09b6
0f76
125c
147e
12d8
0db2
0e6e
11a8
0f20
0b46
0a4e
0912
03a0
fa66
f4ec
f320
efd6
ee40
f150
f5a4
fa04
fe4c
035c
07fe
0814
06e6
0592
0226
00de
04a2
0a02
0aba
0910
0836
0226
f964
f262
ee3c
ede6
f024
f3bc
f57c
f672
f9a2
f9d0
f52c
f326
f4a6
f968
0112
0638
0bd8
11bc
10b2
0e30
0b62
0564
009a
0016
ff96
fc1e
f8fa
fc3e
006a
004e
0130
02f8
038a
0550
04fa
02aa
027e
0456
0410
01ce
fdb0
f7d4
f656
fcf0
0320
feee
f6fe
f58e
f634
f41c
f182
f082
f20c
f6ec
fac4
fb86
fe5e
0414
074c
0614
04be
0556
06b6
07c8
0788
060e
067a
07aa
0688
0342
0214
01e8
05ae
0c08
0b9a
04d4
0252
ffe4
fc9c
fea2
0190
0042
ff04
01e0
007e
f52e
eae6
e9ea
edae
edc6
f06c
f762
fa2c
faf6
fbda
fece
079a
0c00
0400
0600
0800
fc00
fe00
0a00
0000
fc00
0c00
0a00
0000
0800
0c00
0000
fc00
0440
fffc
f9fc
005c
0056
fc50
fe8a
00a0
0496
004c
f846
fcc0
02f4
00c4
fcb6
fcea
f91a
f188
f06e
f566
f00e
e90c
f27a
fd52
fd7c
fba4
01e8
09c8
092a
0a96
0dec
090c
0230
01ae
ff24
fec8
047a
07ac
086a
08d8
0cf6
1268
12ee
10d2
0650
0042
0090
f6d4
ed66
f08e
f584
f62a
f8c6
fd38
fd64
ff8c
0992
0cf8
0a28
1384
1a4a
10a4
0398
015e
0948
0cb2
ffe6
fbe6
f826
eca2
e5d6
df78
e980
fae8
f738
f7c4
0846
03c0
ff84
ff8a
fd92
ffcc
fbe2
f856
fb3e
fa1c
0338
0da6
0cfe
0ff8
1440
11a0
0e9c
0d52
0bb0
0bc8
057e
fb6c
f81c
f33e
ed12
edde
f12c
ecb8
eb24
f24e
f572
f2b6
f28e
f6d2
f71a
f5a2
0092
0cce
11de
120c
0fa4
0ee4
0bb8
0c60
1098
0c06
015a
fb4c
f1c2
eb40
edcc
f4c0
fb9e
fa30
f504
f480
f060
f0fe
fc0a
fe82
fcdc
0168
079e
0932
0460
01b6
0528
0638
09d4
0d36
0c62
079a
ff20
f52e
f1da
f2bc
f390
f456
f710
039e
0f64
0c6c
ffa4
ffa8
07ac
0930
0a9c
0df2
0f12
1620
1abe
1312
0de0
0f02
0a10
056e
0316
00e4
fcd4
f706
f2da
f158
ee60
ed22
ef8e
f156
f074
f01a
f042
f5e2
fe78
0390
0838
0a52
0af6
0c36
0bfe
0968
07ae
07d0
04b0
019a
fda6
f702
f40e
f3a8
efaa
e96e
ea48
efc0
f362
fa2e
00ba
00d6
02e6
0cbc
0f8e
0db4
0d88
08f0
0058
fa44
f6bc
f5b6
f510
f6ca
fab0
fc80
004e
03dc
0110
fd66
fe0a
ffb2
fe40
00f2
0870
0a30
0a80
0c76
09e8
0432
01b4
034e
01b2
fa20
f534
f5ec
f7e6
f800
f658
f916
fedc
fd4c
f7e8
f91a
fa6e
f5d6
f2d6
f36c
f35a
f5ac
fa28
fb8a
fcf8
ff66
feb0
000e
0654
0a02
0822
071e
08f0
0a5a
0c58
0dd0
0bf2
0a32
0a8e
09e4
0744
07ce
0750
00da
fdcc
01ee
07ce
0b50
0b9a
0ce0
0c12
0950
056e
019c
03f8
090c
0a84
0b8e
0b2a
0872
05a0
00cc
fb3e
f42e
efea
eb6a
e3d6
df9a
e2a2
e662
eeb2
f906
feea
0278
05b8
0494
075c
0fba
1112
0fca
1216
15aa
1056
06d2
ffae
fbfc
f9a4
f6a2
f11a
ee60
ef5c
efcc
f5b4
fe8e
ffe4
fe24
fe8e
fffc
0152
0386
0378
024e
0422
07b6
06d2
03c4
00c6
00f0
020e
0208
00f0
fde0
fa10
f8ac
f696
f2ea
f3e0
f726
fa7e
fdcc
fff4
fff8
fefa
fd12
fc5e
fad0
f982
f77a
f3d6
f5ca
fbee
01ce
0640
0638
01fe
fdf6
fb3c
fad2
fd96
003e
04b8
0ac2
0d12
0dd4
101a
11b8
10ac
0e28
0e44
0c5e
0c98
0dce
0af0
0640
00dc
face
f720
f3ae
f072
ed6a
ed92
f4b8
f96c
f8d4
f87e
fa68
fe5e
0220
0392
04d0
07d2
0c64
0c48
09ca
0724
086e
0d5e
1192
0ef4
0606
ffa4
01a8
078c
0b12
0660
fffa
01fa
03da
ff9c
f9a2
f206
ece4
e814
e392
e358
df22
de34
e662
e8d8
ebde
f152
f6e2
fc60
03a2
0652
06a4
08ba
0668
0806
0f48
159a
16d8
0b48
fc14
f1f2
ece0
ecb6
ed28
fa28
0e86
1128
0316
f9ca
fd42
0896
12ee
1806
180a
134c
0c3e
053e
0482
05aa
0e92
1876
18f6
12a4
0220
fc92
0178
0002
04a0
06ce
00a2
00d2
00f8
fb12
f3b0
f524
fad6
fa54
f606
f64a
00d6
0cb0
0d64
09a0
05ca
0202
0264
02ac
fcd8
fd78
0220
006a
f4cc
e840
e13a
df9a
dd14
dfcc
e758
ed2e
f73a
feea
0826
148c
1b86
2032
2490
2582
2836
2a7c
2948
26da
205a
193c
12c4
0e1a
0a48
005e
f50e
e8c8
d9fe
cf50
c8d0
c470
ca30
d540
dcf4
dd44
daa2
db54
e520
f124
f8de
0054
0b4e
193c
2180
2232
1fc6
1c80
188a
160e
1308
0d98
0410
f8fe
f2d4
eb74
e52c
e81c
ed9a
f150
f93e
fae2
f892
fca2
008a
002e
fbd4
fbe0
040a
0990
0870
071c
05a2
0a10
0de6
0d0e
13da
1b98
17fa
0fd4
09b0
099e
0d3e
0e38
0aae
0504
ff8a
f66a
ea28
e358
e5d8
e4fe
df08
db76
e040
ecba
fc06
087a
0de2
0e82
10a2
151a
17a0
193e
19f8
18d4
15fa
101c
0b98
0a7c
0a9c
0962
096e
0b2c
0af2
0762
064e
0698
0326
fed0
f948
f2cc
efa0
ed28
e86e
e9ba
efa2
f1ac
f506
f780
f816
fae0
fba4
f97e
f8ae
f722
f7f4
faf8
f9f2
f552
effc
edfc
f31c
f7ea
fb6a
feb2
ffc6
00c8
fcba
f9ee
fe4e
0268
0540
06ec
067c
07de
0de8
1320
146a
12fc
110c
10b0
0dd2
08b2
079c
0a58
0b92
095a
07f8
066a
00c0
f66a
ec06
e6e6
e6e0
e7a2
e91a
ee30
f580
fcae
0282
02e2
0224
0460
0254
0056
0272
0100
0100
0400
0500
0500
0100
fc00
fe00
ff00
fa00
fb00
0100
0300
0400
0500
0300
00d0
fdc2
fce4
0014
0112
0200
02e0
01b2
fc96
facc
ff1e
032c
03f8
02b8
028c
0662
09c6
06a4
047e
0756
06c2
01fe
fd76
fc48
f748
f1dc
f036
ef26
eeac
efc2
f346
f8f6
fb02
fc92
0024
037a
04fe
04c0
04de
04d2
061e
0922
0aaa
08c4
0634
051a
05e6
0774
04fc
01ac
0390
0656
04f0
01a0
ff86
fd8c
fdb2
fbd6
f718
f7a6
f82a
f4a6
f85a
fed4
ffee
fef4
fc10
f978
fa3c
fb20
fe1a
03f2
064a
0648
0512
02c6
0386
061c
0856
0a26
0c86
0e5a
0d9c
0a7a
0834
05ce
035e
fef8
f7de
f074
eafa
e87e
ebe4
f1b2
f494
f5a2
fa46
ffa0
fca6
f6da
fa6c
fdc4
fce6
0116
0804
0882
03f8
04b8
046c
fe24
fa40
f99c
fb34
fcd6
fc74
fe32
03e0
0b12
0f78
0f1a
0e46
110a
0d18
fefa
f7c4
fb40
fcaa
f818
f20c
eece
ee4c
f05e
f2ca
f576
fc4a
fecc
fd2e
ffbe
0426
0e24
1b10
1e54
1870
1624
154a
0fd2
0e32
0c38
fffa
f87e
f7b4
f136
e994
e91e
ed64
edf8
e912
e530
ea60
f3e8
f738
f598
f762
fd52
01f8
0642
0e12
12f4
13ee
1736
178e
1122
0892
0446
021a
fafe
f27a
efe8
f0fe
f37a
f930
febe
fffc
0124
072e
109c
12ec
0d7c
08f6
086e
0aa8
0b68
06b0
0244
fc1e
f45c
f316
efe4
ece4
f414
fcd2
0304
04d2
0084
027a
0652
03ec
01ac
0090
fc86
f8bc
f830
f5ac
f250
f12a
f216
f3f4
f7b4
fb38
fb84
f8ca
f83c
ffb8
03bc
ff60
fd4c
fd6e
03a0
0f50
0fca
09bc
09c0
0f74
1250
0c6a
047e
04ec
0728
ff06
f96c
fdd4
01f6
01d6
01b8
fd9c
f5c2
f264
f73c
f7c8
fc4a
0884
0bfa
fb3a
eb86
f0cc
f9be
0452
1018
109e
0694
04f4
0b44
0ed2
05b0
faf0
f902
fb68
01cc
03ba
fd6a
fb92
fdfa
001a
0118
ff06
fd14
fe42
025c
0636
04d2
0084
fe7a
fe92
04a8
065c
fff6
00f6
07e6
0a26
07f0
0d9c
167e
1e1c
184c
0a14
fc6e
efbc
e456
de80
da12
e31a
fc76
0c56
0ad2
010e
efdc
e03c
e692
f14c
f7ce
fe28
042a
05aa
02e4
f832
ee68
f5c6
00fe
077a
0d50
047a
fa32
fe8e
fca4
fcd8
070a
0a98
0dee
130e
11dc
0cbe
07f2
0d72
149a
1950
1bba
13fe
0cbe
0bf2
0d32
105e
0d58
0482
0238
0214
fbf2
f632
f0ce
efc0
f0c4
edb6
e6da
e16c
e554
eafe
eb4e
ee98
f5ae
fb52
019c
0582
0528
04d4
0286
025c
0736
07c2
0544
08c2
0dc0
0c00
05fc
0228
047e
0a8a
0dde
0a8c
0318
fc00
fb78
fb1c
f2ea
e9a2
e7a0
eb80
eec6
f060
f25c
f7a4
fcd8
02d0
0850
0f34
162e
1d04
2282
2592
2444
1de6
14fe
09fc
fd58
f990
f836
f32e
e8da
dfe2
da78
da90
d7d0
d27c
d8e8
e624
f15a
f850
f912
fbfe
00da
fd5e
f82c
fb88
00d0
09bc
13ca
1296
10de
14b8
15ac
15e0
1560
183c
1e28
1cc2
1c8a
1b70
138a
0d84
0770
fd80
f442
ebf4
e2ca
dd1a
e4da
f2f4
f692
f040
f0d0
f9c2
fa24
f080
eb78
f6c0
0554
08fe
0a6e
0fc6
14c8
137a
0e42
0d5c
1086
117c
1464
1078
0646
0482
04b4
febc
fb2c
f9f8
f706
f288
eabc
e616
e686
efb8
fed8
090c
0852
0360
02a0
05d6
04a8
ff66
027c
094c
0f62
109a
0d38
0da0
1992
1ff8
10f6
f65a
e1b2
db44
ce60
c7d6
cb74
cc7a
d70a
e636
e93c
f8c6
138e
2c0c
45a0
4f6c
461e
3332
1fd8
0cb2
f656
edaa
f21a
f0b0
e9d4
e416
e390
dff4
d790
d8f4
e378
f436
0444
0d2c
151a
1dde
2124
1e2a
1a6e
1818
1324
0be4
04b8
fdd8
f974
f888
f8e4
fd72
00ca
fee4
fb24
f870
f5e8
f388
f1ce
f530
f75c
f5e6
f606
f3a4
f168
f450
f78a
f910
f77e
f586
f42c
f144
f0fe
f534
f97a
ffae
ff7e
fd54
ff60
ff4e
0342
10da
1910
15f8
1660
180c
1cdc
2076
1ad0
16ac
1c12
1840
09e8
0426
029e
ff18
fbce
f6d8
f278
eec8
e7da
ea1a
ece2
ee12
f730
f9bc
f420
f4de
f990
fbf6
fc36
fe72
fe8a
f8a0
f716
fda4
01c8
03aa
056e
fd16
f544
f3ee
f0ae
efa2
f2a6
f77a
fc02
fc40
fe7c
0294
026a
0442
05fc
059c
0142
fa2c
fa88
ffde
00e0
02d2
03a4
0268
0740
0acc
0a1e
0d7c
10a4
1198
147e
1236
0b12
0686
048c
038c
037e
0554
06e0
049a
0152
fdb2
f9dc
f672
f508
f68a
f93e
fb7c
fab8
f90c
f8fa
faea
fcba
fc6e
fd26
fe52
fbec
fbac
fe70
ff88
000e
000c
ff8a
fd90
fbb6
fbfa
fc3a
fc76
feae
00c2
02b4
0888
0bfe
073e
00ca
fcbc
f8f0
f560
f80a
0088
087e
0bf6
0c36
0972
06da
066c
0704
0592
0038
ff34
0540
08ec
085c
07d6
0a58
0bb2
06f6
ff4c
fb20
f85c
f400
f148
f430
fb46
fc0e
f8e8
f82c
f9b8
fc5c
fbf0
f8a8
fbce
fde2
f402
f4c0
fd74
fb9c
ffe2
09e2
0b42
0c8c
0bc2
0704
0492
0248
0222
01fe
01de
03c0
0784
030a
fad8
f52a
f3d6
f498
f54e
f9f8
fc58
f492
f148
f432
f4ee
f79e
fc24
f860
f4da
f58c
f832
feae
02c2
0294
046a
0622
03be
0382
0548
02f2
02c2
0894
0c0a
0748
04d2
0a84
0dda
06fc
008c
0282
0858
09d2
0934
0ea0
0fb6
0aba
0e0e
132c
0bf8
0f38
0e44
fd5e
f988
01ee
01ce
f9b0
ee14
eb32
e47e
da36
dc92
e2c8
ec9a
f9d0
fe32
fa4e
fea8
05bc
0860
08da
074c
02d6
ffa8
fdac
fbd0
f812
f890
fc06
fd44
fc6e
fea6
fbba
f600
fc00
0800
0800
0000
fe00
0000
0600
0800
0600
0400
0600
0600
0400
0200
0a00
1160
0c4a
0384
ff4a
fb54
f99e
fe04
0022
fc1e
f45c
f516
fbc4
fe06
0224
0800
0b80
0c6c
0ae4
081c
053e
0462
086e
0bf4
0be0
096c
01d2
fca2
fdde
fe16
fd56
f9b4
f37c
f40a
f4ec
f216
f3da
f9e0
fbb4
ff8c
fd28
f500
efb2
f13a
f71e
fee8
083c
0cb8
0884
05fa
019a
f780
f208
f2e6
efb6
ecba
f3ee
fcae
fce2
fd12
0140
092c
0c98
0bce
0f10
13a4
1750
1a06
11be
056c
fbb0
f4b0
f478
f89e
faba
f8dc
f752
f824
f726
f27e
f28c
f962
faca
f81c
f89a
fb10
ff5e
0368
0430
03ec
04ac
0360
ff2a
fe36
0152
033c
0508
0ab6
100a
0d08
0836
06b2
0446
0000
fe00
fe20
ff3e
014a
0434
04f0
03a0
0866
0cde
0aa6
0a3a
0882
009e
fd32
fe10
feee
fac4
f404
f30e
f48e
f550
f85a
fa6e
fe8a
076e
0a86
0716
04a2
022e
01ce
0564
0794
0a64
0ab2
05a4
04b8
04b4
fe88
f7c8
f6b4
f7fa
f87a
00f2
08e2
0052
f84c
f8c6
f938
f9a4
fa08
ea66
ebbe
1502
2bb0
10f4
07e4
0f64
066c
f604
e6a2
d836
e2b2
fc86
0cbc
fbf0
e430
ddec
d80c
d28a
dd60
ef8a
f890
0906
142a
11fa
035c
f98a
0086
130c
1fd0
26c8
2818
1c10
0be6
0c5e
106a
13b0
1622
13ba
0a7e
05d6
0778
0700
0290
fe66
007e
fe76
f68e
f324
eff0
e8f0
e860
f1da
f6bc
f750
f7da
f65c
f0f6
f3e6
f8a6
f51a
fbc8
020a
f7e8
f068
f360
f62a
fac6
fd18
0346
0b10
0d04
0e6e
114c
0d70
0a64
0a34
0ab4
0ed4
0e3a
0836
054e
ff68
f7e4
f518
f3ce
f3f8
f87e
f8f6
f79c
fc98
fd5c
f026
e240
e426
eccc
f780
fdcc
01c4
0b6c
141c
159e
1258
0bb0
0b12
1024
1662
1a88
1796
1614
15f8
102c
0d38
0b08
02a0
fba8
fa42
f71e
f272
f27a
eeec
e81c
e676
e7b4
e79e
e74a
e7be
e6ec
e9ec
f16a
f2e4
f3ae
f7cc
fce8
ffca
fd7e
ff6a
053a
0582
0596
057a
0432
03da
0166
ff0c
fbde
f802
f9a0
fe56
fdcc
fa5a
fcb4
00e8
02d8
04aa
085e
0dd8
08fa
026a
0242
021c
01fa
fdda
f7fc
fc7c
00b4
04a8
0b5c
0ba6
08ea
0e5a
1174
0e5c
0b76
05be
0162
034a
0514
05c2
0364
ff2c
fc38
fa74
f6f6
f3f6
f784
fb1a
fa9c
fc4e
0000
fd76
fb28
0124
04b6
07e8
0ea6
1082
0bba
04e0
fc4a
fa5a
fcb4
fd00
fd5e
f9ca
f49e
f61e
f9d2
017a
089a
0700
0b46
18ec
1cee
11c6
fac0
e954
edb4
f25e
ef28
ecaa
eeee
f194
f082
e3fa
e11a
e75c
e9fc
ed20
eca6
ecce
f38c
f240
f176
ff2c
0a0a
07e8
05a8
0b5e
185c
21c4
1f84
206a
263e
2e82
34ca
3306
2dc4
2966
1c02
0a92
fbe4
ee40
e404
db4a
d040
c964
d0aa
d4f6
de54
f028
ff5c
09a0
1106
13f4
12b4
0d88
04ae
fe62
007a
0272
fa4a
f4a4
f358
ee22
ed3e
f66a
0102
02f0
06a6
0fea
181a
1904
1314
0cea
06ba
feb6
f93a
f04a
e864
e9b8
f1a8
f98a
0120
0632
04ce
ff80
0088
057e
0726
02b2
fe86
fe9c
00b2
06a6
0c3a
0e76
128e
1264
0f3c
0f48
10d6
0dc2
0a6e
08fa
0354
f7ec
ef78
f00e
f318
f656
f7aa
fb2a
fe98
fbd8
f562
f3a6
f668
f94a
f632
f198
edb8
eea6
f20e
f1ae
edc4
f0a8
fbd8
0474
0860
0dc8
126a
182e
14d2
0704
05d8
0a8e
04a2
fcee
fbcc
f8dc
f252
ec9c
e9da
e5f2
e316
e54c
ea32
ed76
f418
fcac
02ce
0576
06c6
07c8
0b7a
1294
15a6
16d8
143e
0b2a
014c
f800
f388
f4ba
fa32
037e
0418
f884
f5e2
03ba
0c96
0c7c
0ffe
0ac6
f988
f590
f62a
ef08
f4de
02ae
0988
13a6
1884
144e
15b8
145c
0c70
0a9c
088e
045a
0244
fc3a
f0ae
ea52
e708
e8b8
f306
fb14
fec8
0a48
12bc
1012
0f10
0da4
ffe0
f2f8
f146
f422
f52e
f87e
01d4
0284
fe5a
0674
080c
038a
0550
04fa
02aa
007e
fc76
f6ae
f342
f80c
fe8a
fca0
f8d6
ff48
0252
ff2c
fe38
fb54
f99e
fd04
fd32
fd5e
0088
027e
0756
0ae0
0932
069e
0734
06c0
fe1c
f610
f4d2
f200
f1ca
f408
f480
f94c
0400
0be8
0ef2
1352
16d0
115e
09b6
0838
07b4
0338
0304
fed2
f6e4
ef74
e87c
ddf4
dc14
e252
f42c
00e8
fcd8
f90a
f978
f1e0
ecc2
f1f4
fad4
0526
0ed2
15e4
1684
131a
0fe8
0ae8
0838
0fb4
18b8
152c
0bd8
051a
009c
fc5e
fa7e
fce6
ff3e
0176
017c
f974
f01e
ebda
e878
e806
ec58
f300
f7a4
fa40
fee0
013e
036c
0758
04c8
0438
0b8e
1210
1198
0e98
0f50
1180
1300
13d0
11f4
0da4
042a
fb26
f5d8
ed2e
e8a2
e818
e754
eb60
f0ce
f15e
f058
f4dc
fe6e
0770
0da4
0e06
0b24
0b70
0bb8
05fc
019c
0082
fe78
fe90
ffa6
fbaa
faee
ff3e
fe4a
ff64
036c
fe34
f75c
f334
f1b2
f0b8
f046
f456
fa80
fa72
fe90
0a76
0f48
0950
036c
01c8
042e
084a
09c4
0526
fed2
fee4
f8f4
f164
f84c
fec6
fed8
00ea
04da
088c
1002
1b00
2150
1f3a
1546
03f0
f3b0
ec74
edac
f6d0
f762
e7ea
d96a
dbd2
e614
e7b2
d136
d422
f6de
ef70
e078
fa70
0ac8
061a
15b8
1c5c
0a96
fdec
120c
20ea
16da
1d6c
1b94
fdda
01fc
15dc
047e
ec36
e572
f31a
03e8
03a8
036c
0334
f300
efd0
04d2
0484
043a
0ff6
02f6
f2c6
f798
f41e
ecdc
f20e
faec
f73c
ebc8
f10a
fdf8
0218
19f6
2456
1210
0cee
101e
0b1c
0a0e
04be
fb9c
f32c
eba6
e53a
dc0a
cc8a
cf9c
e3fe
f7f8
0af0
185e
2430
1e20
0f7e
1086
0b7c
fec4
02d6
04a8
fc5c
f896
f90c
f97a
fbe2
0022
0a1e
137c
1e44
285e
1fd8
11da
0cbc
07f0
0370
fb38
ff84
0b8a
06d0
f662
eefa
ec0a
ed48
f272
fb4a
ff94
ff9a
03a0
0566
030e
fedc
faee
f13e
ea2a
f186
fa6c
fac4
0116
0504
feb2
fec6
04d8
028a
fc4a
f68a
ed70
e57a
e2d6
e742
ea2a
eb92
f386
f95c
fb08
00be
0212
fd3e
02cc
11e8
1982
17d4
1982
2046
1f9a
1dfa
2382
2392
1e84
1ed0
1a20
0ee8
05ec
fd4e
f34e
ea52
e092
de68
dd6c
db92
e0f8
e6fe
e76a
ee92
f9d2
fc8e
0138
0d8c
12ac
0ee2
08dc
02ee
0144
ffa8
fa28
f52e
f0d8
e93e
e2d2
e5b4
ed38
ecd8
ed14
fde2
0db2
1416
1d70
2146
1b30
1a7c
1dd4
18f6
1066
0b5e
09a8
030c
fdda
01fc
02dc
feae
fcc2
fbf4
fe34
0450
0be6
06a2
fb7c
fb2c
ff04
00a4
fa24
ee3a
e59c
e258
e632
ec9a
ef34
f628
fafa
03a6
0b6a
08b2
0626
01c2
ffa4
0ba8
0eec
09fc
0b5c
0aa6
0bfa
0d3a
0a66
07be
0542
04ec
0272
f80a
f086
f1f4
f3ba
f5c4
f5fc
f680
f346
f4a4
fa46
fbba
ff38
0082
fbb0
f94c
f742
f59c
f462
ef96
ed98
f44a
f6ec
f5aa
fcce
0798
0d76
1688
1e52
1cac
1838
1748
13aa
0da8
0798
01aa
fe0c
feb6
fd5e
fa2e
f75c
f2fa
f544
fdbc
05be
0510
0242
058c
0a74
0eb8
1240
0afc
fbd4
f7be
f82a
eecc
e28c
dbfa
dcf0
e4ec
eb3e
efd0
f698
ff3c
095a
1288
148c
13ca
1674
123e
05b8
fdca
fc6a
f33c
e906
ea28
ede6
ebf8
ecc8
f222
f594
fd22
0a4c
1450
1310
154a
1eb4
1e90
1378
0c74
097a
0462
0176
feac
f616
f056
f350
f61a
f8b8
ff2c
0138
0324
08f0
0c60
0b9a
0ae0
0a32
0b8e
08d4
0046
fa40
fc9c
fdd2
faf4
f944
f8ae
f822
fb9e
fee4
01f4
05d4
0576
011e
030c
06da
026c
fd44
fa6e
f5f0
f408
f69c
fd50
05ac
0952
0672
038a
06b2
0970
03b4
fe34
ff18
fff2
00bc
0372
013a
f926
f792
0018
0016
fa14
0072
026a
fa42
f89c
fb12
f760
f3ea
f6aa
f73e
f1ca
eeac
f3c0
f484
f53a
fbe6
0026
0422
09de
0b40
0a8c
0be2
0722
00ae
00a2
0296
fe6c
f68e
ef78
f156
f788
f598
f018
ef6c
f34c
f752
f75c
eba8
d950
dd52
ee28
ee7e
eb5a
f90a
0e14
1d5c
2ac2
31f8
2f2a
270e
1a3a
0960
0146
01a2
fdea
fe7e
0314
0346
ff58
fd62
018a
0770
0af8
0e48
0f62
0e6a
0782
0308
02d6
fca8
f8dc
fd4e
fb78
f7c0
f844
f6fc
f610
f380
f17c
f40c
f2d0
ee10
ec2a
e900
dec0
da2e
e312
ea4e
efc2
fd5e
0634
03d0
0592
0d38
1064
135c
1a26
1c82
1cb8
1aec
193c
17a8
0e2c
0348
ff12
f920
f38e
f2b8
f458
fa38
01e6
0708
099e
0bbc
1158
120c
1022
0dd4
073c
fad2
f556
f684
efe8
e836
e5bc
ea3a
f71c
ff74
0548
0e92
18d2
1fa6
210e
1d56
12ec
008e
f150
e77a
e104
e1ea
e3b2
e63e
f16e
fe5c
0886
0bc6
0872
070e
0786
01b8
f638
edbc
ec58
eba4
e79c
e496
e298
e1a2
e7ac
ee16
f4a6
0326
12a4
1694
1990
1b8e
168e
1128
0b8e
03f0
feaa
fbc2
ff28
065e
08ec
0706
0504
0af8
1034
0a98
00fe
f7f4
edb8
ecb0
f250
f402
f3f6
f44a
f4f4
f5ea
f720
f888
0a14
2a36
3f02
4086
1fec
085a
f9fc
ecb2
f0d4
fd2c
00d2
0cc4
17f6
0e76
018e
fd74
019c
fd82
fda8
09cc
092e
f89a
e510
debe
e0d2
cec4
c9d6
dae6
d40c
c2fe
c8e8
d02a
d076
d638
e4ea
f788
093e
218e
3f4a
552e
6708
788a
792e
69fc
5c6c
4cce
33c2
12a6
f306
d5c6
afaa
8e72
82d8
83de
8cb2
9c90
b28a
cd8e
f074
11a6
2c36
3fba
4806
498a
48a8
398e
2998
1152
f604
e8b8
e4fa
e24e
e8b8
f374
fde6
07c0
0ebe
18d6
1982
0f54
014e
f61c
edea
e0ca
db74
e196
ee46
feb6
1028
1e00
280a
2a32
24e4
1cc2
103a
fdf8
ece8
e180
dbc2
d980
de96
e864
f250
fc0a
0746
0992
036c
fd8a
fc18
f8da
f606
f5ac
f3a8
f026
f35a
00be
0d44
1294
10fa
0cf0
08bc
0884
0a08
0722
0030
ffaa
092e
13ce
1f24
24ca
1eee
1276
0830
fc4a
f33e
ef28
ebd8
ed5c
f75a
fcfa
0056
0376
0246
0114
03ec
0874
0c6e
09c2
02f0
fc72
f276
ed84
f172
f394
f5f6
fc80
06bc
0e1e
0e96
0e8e
1010
16f8
20b8
24d4
2186
195e
0aec
0506
0754
0742
fef4
f532
ee60
ec86
e764
dd58
d700
d654
d700
dae8
d9ba
d3d0
d7a4
e07c
e3c2
e9b2
f9f4
0860
0fa0
18ee
23de
26fe
28b2
2f02
2d72
258e
1efa
13d6
06c2
fb46
eea6
e75a
e446
e23e
e744
f2bc
f9e6
fecc
076c
1344
19c2
1908
1590
11a2
0d64
04fe
f4f6
ec44
ecb8
efbe
f314
f89a
fc00
fd4e
009c
09ae
0dde
095a
06d0
0636
0372
fcbc
f08a
e794
e7f0
eb04
ec8c
ec96
ef38
f434
fb3c
05f8
0fd6
1094
10c0
1462
1526
1734
1a66
1690
0c42
047c
0334
fe00
f720
f7ae
f832
f6ae
fb42
018c
0272
004a
0044
043e
08fa
066a
0102
00f0
fee0
f4f2
efa2
f0a6
ef9a
f0a0
f796
fe1c
fe3a
fc56
f890
f506
f9b4
0218
03f6
0094
fc62
fd8e
03ba
0864
0a7e
0b22
0b60
0c3e
0bac
04c2
f91e
f16a
efa4
f07c
f5c2
fd02
fde4
fcc8
01d6
0882
0a7c
0c02
110c
193c
1a1e
121e
080a
0054
f916
f480
f48e
f944
f7ae
ee32
eb4e
f098
f38e
f854
02ce
02a0
fc76
faae
fb02
f950
f7ba
f63e
f8da
ff82
05c0
096c
0c90
071c
fdc4
f910
f8de
f6e6
f354
f460
f7b6
f918
f698
f888
0292
0ce6
0f2c
0dd2
0a1e
0752
0876
0d42
1154
119a
104c
0e8e
0976
0162
fcc2
fd84
fe4c
ff14
ffd6
ff8a
fc44
f84e
f5d4
f5d2
f520
f2ce
f20a
f5c0
fb8c
031e
0b1c
103e
148a
17ea
1a54
1bc4
143c
0a8a
051c
fdda
f31a
e96a
e508
e7c2
ed10
f2a0
f840
ffc4
06d0
0a34
0e0e
1638
1b2c
1cf4
20b6
2134
1a9e
0f9a
06c6
fe46
f05a
e3c8
ddde
d962
d660
d6da
d894
d96c
db68
e268
ede4
fb38
05dc
07a4
0510
067c
079c
026a
fb76
fb14
fede
02f0
04c0
0674
080c
078a
0510
02be
0292
0868
0de0
0b02
0650
05ea
058a
0330
fefc
ff12
052c
06b8
01f4
ff6a
ff0c
f8ba
f906
0182
0368
0114
04dc
083e
0926
09b4
0dea
116c
1428
1416
0d62
07ac
0312
fca8
f8be
f54c
ef64
ed5e
f00c
f30c
f742
fb78
ff8e
0464
06c8
02ce
f9fc
f3e6
f190
f4d2
fc38
0044
010a
03ba
0720
0714
08d0
0b28
0700
01e2
0106
002e
fe60
faba
f378
f00c
f454
f6b4
f536
f624
f950
f87e
f2f4
f128
f5ee
f9b6
f972
f564
f0ea
f430
fd9e
0286
0408
0750
0b28
1468
2070
24b2
2588
2022
1510
1006
12ca
14ca
1402
0ca4
0756
0620
feca
f1f2
f256
f51e
f20e
f39c
f572
f37c
f608
f8a6
f71a
f5a8
f44c
f106
eff4
f4f4
f7a4
f228
f104
f5f2
fc92
02c8
049a
0050
004a
0844
11be
14a2
1756
19e0
1042
093c
0ea8
09bc
ff20
ff2e
fd3a
f966
f7ce
f250
eb2a
e71c
e214
de4a
dfc8
e02e
db8a
da52
dc5a
e15c
ef00
0250
0c58
0d5a
13de
1d58
1f4c
1e24
1e1c
1722
09dc
051a
0a78
072a
ffd6
00f6
05fa
087c
0690
fe8c
ff12
0196
ffe2
07e2
1362
122a
0106
f4f4
f5a4
ee48
e362
e92a
ee96
efac
f8b0
fd24
f950
fdba
f5de
eace
f116
076e
1c22
1aa8
1070
1256
0b88
04c8
fe4c
f044
eb98
efd8
f852
fc80
f886
fd06
0b54
1062
089a
0308
07b4
0dd6
1124
17b2
1b18
136c
0f9c
078a
fbba
f6c8
f66c
f704
f392
f458
f912
0180
0d68
1090
ff86
ef8c
f492
fd48
f572
e61a
e7b8
e93c
eaa8
f0a6
f0be
f14e
fc48
00ae
06c6
0c44
0f06
1922
23d2
28b8
2208
18b0
1526
0f2a
0714
ff46
f9f8
f52e
ef04
ebc2
ed54
e962
e062
deee
e898
f260
f5f6
f3a2
efd4
f2c4
fbec
03a0
08ba
0a3c
0752
0a5a
12dc
143c
11e2
131c
10a8
0bd4
07ee
0304
004e
fcc0
f484
ef26
eba4
e8fc
e836
e638
e626
e9e2
f312
fa16
fcd6
0480
0e8a
117e
0eb6
0da2
1030
1312
172c
1d48
1f16
1bcc
17d6
145e
0d78
0692
01e4
fd70
f956
f2b0
ecdc
ecfc
ecb0
e900
ec42
f3ec
f77a
f712
f8f6
fcf2
fcc4
fab0
fae6
f940
f7ea
fcea
ffb2
024e
0cac
11fc
0e66
0e94
124a
0d30
03fc
ff3a
fac8
fac4
fce8
f902
f190
ed08
f15e
fbe2
ffdc
0396
0ef4
1322
0e72
0d98
0c5c
02ce
f9c0
f374
eff0
ef22
eee6
f336
f7a6
fa10
fc82
f8e6
f5bc
fd16
080e
0a14
05a8
0754
0caa
1144
1308
1016
0cd0
0f56
0b36
00fc
f75c
ea98
dd48
d9e0
d7de
d73c
dbe8
e168
eb84
f7a0
033c
0804
083c
0e2e
114c
0bac
0a06
0964
03cc
fe8e
f8a4
f918
ff86
028c
0262
053a
08e6
0756
02e0
01b2
ff96
fa9c
f5f2
f3e0
f44e
f912
04c0
138c
1ace
1bc4
1fca
2490
20e4
176a
0fcc
0828
fdbc
f508
f134
ee20
ef3e
f44a
f904
fd72
ff9a
fda0
fbc6
f808
f686
fd1c
fd4a
fb74
03bc
0d80
0ea8
09bc
0520
00ce
f8c0
f534
f5e0
fa82
fed8
feea
eefa
e40a
e5c8
e76a
ecf2
f622
febe
04d2
0a84
09da
0f3c
1248
0722
00ae
04a2
0456
0410
05ce
0770
08f8
0e68
0f80
0e88
0c2a
0390
fd62
fcaa
fc18
ffac
0406
02f8
ffe2
fdfc
f944
f30a
f39a
f882
fd54
fdee
f98c
f2a2
eb90
ea92
e94e
e6d2
e746
e976
f236
ffd6
0a9a
115a
1820
1eb6
1dec
183c
1324
10c2
0dfe
09f6
05dc
03d2
07c8
0a3e
073a
042a
0228
0134
0244
ff2e
f84e
f518
f26a
ec52
ea38
edec
f1f2
f526
fb7c
fe90
ff7c
015c
0010
fbd6
f9fe
f772
f450
f1bc
efc2
ee66
f1ac
fb2e
083c
1036
152c
1926
1e16
1fc4
1c56
1a3a
176c
0c0c
0100
fc9c
f798
f424
f444
f0be
edea
f0d2
f204
ee90
e9de
e826
ed46
f5a8
f9d6
f9f0
f936
f7bc
f89a
fea2
0752
113c
17fc
1c8e
20f0
1e02
1650
1266
1426
1928
1910
1330
0e12
06d4
fdd2
fa70
f76e
eede
e75e
e318
defa
e024
e438
e7e8
f01c
f94a
fd18
fcbe
0082
0602
04f8
03d6
04a4
033e
01d4
0270
fcec
f7d6
f750
f716
f724
fb76
05a6
0b04
07b2
0656
04da
014c
ffea
fe9e
fb70
0296
0d32
10b8
137e
137a
10d8
0dd6
0c92
0afc
0926
0722
0604
fec6
f404
f04c
f24c
f398
f530
f702
f7fc
f926
fc72
01a4
0474
06f2
090e
07be
0542
02ec
00bc
03b0
0674
010c
fbfa
fa3a
f696
f72c
f8b8
f52c
f5d8
fa7a
fad2
f924
f5c6
f7ee
fe32
001e
01e8
0584
03b8
fdea
f888
f4b6
f27a
f1cc
ec98
e850
eb08
ed3a
efde
f8d6
0174
057a
0a12
150e
1eb0
1fc0
1fc0
23c2
2864
2a78
2816
2096
1386
05a8
fd7a
f7e2
efe2
e7e2
e422
e37c
e4c4
e5ce
e598
ec36
f706
036e
0ef2
1444
139c
1060
0fd2
13ce
11ea
0e94
0efe
09e8
ffd2
f75e
edb4
e634
e5f8
ec8e
f254
f22a
f470
f9ec
fa4c
f7a6
f72a
f5b6
f65a
fdf4
0314
05e2
0482
ff38
0144
012e
fe1a
fd38
fe64
027c
063e
0d90
13fe
1564
1a06
158c
10ac
0b92
046c
fd92
f538
e7b8
dfd0
d766
cec6
d238
d8e0
e454
ebee
f1ac
fd7e
06a6
0b04
0ec2
13cc
17e6
18fe
133c
0f3a
0cfc
0878
01f6
fdca
fdf0
fc22
fa8e
fb3e
fa08
f712
fa92
0204
06ec
0b4c
0b0a
0472
001e
fe0c
fc28
fc80
faee
f69c
f2d8
f2b6
f4fe
f778
fc0c
0274
0960
0f90
11e0
137a
175e
1746
1372
0e3a
0956
06c0
0454
020e
03ec
05ac
ff50
f75a
f3e4
f6a4
fd38
0164
ff4c
fb56
fba0
0206
04f4
048a
0600
072e
0a0e
0c6e
0a42
07e4
086c
04a6
fdf6
f8c0
f216
e944
e8b2
ea26
e382
df48
e152
e73c
f0c8
f9ba
001e
041c
03da
079c
0d22
0c4e
0988
0aee
0a3e
0846
0728
06e2
0468
fef2
f9da
f642
f72e
fd50
0324
0680
0772
0718
0788
09b2
096a
08da
0a0a
08d4
036a
fe3a
fa6a
f702
f516
f59e
f56e
f592
f706
f8a8
f86a
f76c
f5c0
f564
fa0c
fe6a
fe82
0098
058e
0534
02e0
00b2
ffa6
00aa
009e
0294
076a
08f2
0a62
0a66
0716
01c0
fbb0
f622
f13a
ee16
edb0
ebe0
e9cc
ed8a
f59e
fa82
fc40
fd00
fdcc
019c
0820
09f8
0b62
0e58
09aa
03f8
0480
07da
08be
044c
03fc
0690
02c4
011c
0584
0376
ff6c
fba4
f83a
f544
f4d0
f8bc
00a2
0202
ff3a
00a4
fff0
ff46
06aa
0d62
0b42
05e8
03b4
0584
0808
0822
06f8
06a8
0726
0362
fcbe
f79e
f110
eb60
edae
f168
ef5a
edf0
f02a
f4be
fd62
058e
070a
0b34
11c0
1454
151c
162c
1376
104e
0fd4
0ee2
0c86
08ea
0140
f906
f286
eed8
edec
ee9c
eeca
f17c
f676
fb6a
0132
0792
084e
01ba
fd80
fb9c
f7f8
f6cc
f7fa
f754
f6fc
f6f0
fb2a
0546
0c94
0f08
0eda
0636
ffe8
fffe
0012
fa22
f2be
f23a
f02a
e8b8
ec76
fa92
01f6
02d2
0588
0be4
157a
1bca
1ad4
1916
16a8
0daa
02ce
fc88
fac0
f93e
f60a
f156
ed60
ec3c
f1c8
f96a
fcc6
0004
ff0c
fe2a
0364
032c
fcf8
fd28
ff54
015e
ff48
ff52
055c
0706
0694
082a
07a6
092a
0e96
09ac
0310
06de
0670
0208
05e6
0786
070c
069a
fa30
f08c
f182
ec68
eba0
eee6
f3f6
feb6
08ca
09f4
08ba
034c
0018
fd14
f856
001e
0d66
116c
0aa4
fbf2
f24a
f1a8
f382
f9a0
ff8e
ff20
02be
080c
0cc2
14c4
199e
175c
1280
0f5c
0fee
0df4
03a8
f5e2
e948
e22c
e26e
df96
dbec
df9a
e80e
f0b8
f550
f5f2
fcd8
0766
0d0e
11f2
11f6
0768
fd46
f7da
f504
f1b0
f102
f4d4
f7c2
fcc0
0788
0e66
0d62
0e02
0d26
09ee
0998
05f8
fd60
fb64
faac
f428
f06a
f564
fc62
fb0c
f3f2
f5a8
ff94
04e4
05b6
064c
08a4
0890
0438
0002
fe0c
f844
f714
fe3e
0502
032e
015c
079a
1134
1da8
2866
2534
150a
1138
0d18
f8ce
f200
fa0e
fdca
fd5a
f904
f728
fbb0
0010
0628
03ac
f938
f1a0
e4f2
d7e6
d4ea
d776
e11c
f71c
0800
1194
1a02
1d16
190e
187c
152e
0d68
0bb2
11b8
16ce
18da
15fc
149a
12a6
0f3a
088a
00fe
f9e2
f866
f63e
ef86
ecba
ecb4
eb46
eb92
ea7c
e422
e10a
e31a
e6ee
eb4a
f004
f8f0
0784
14f0
1cdc
1f60
20be
1f00
1864
0b6e
02ea
00d6
00da
00d4
fcc6
f710
f3fc
f378
f45e
f490
f118
ef4c
f320
f81c
fc06
00ce
0442
065a
0c1c
0d1e
0aa4
0cfa
0dc2
0a0c
0a40
091e
00c4
fde6
fd46
f9c4
f8aa
f8dc
f642
f71c
f92e
f852
fac0
0030
0246
0226
03f6
0588
02d2
ff30
ffcc
fe5e
fc12
fc08
fb1c
fc64
00b2
02b4
017e
014e
ff94
fcf8
fa1c
f89a
f8e8
f968
fb14
fdcc
0068
0056
ff40
fdc0
fbea
fc52
fdd0
fe46
ffc0
0324
0538
0600
098a
0f8e
10b4
0d40
0a98
08c4
09c4
0764
00ee
fed6
fce6
fb16
f964
f5cc
f26e
ef46
ee50
f16a
f052
ed4c
f476
fd2e
ff5a
0564
0b0c
0a5a
09b4
0718
02a6
047a
0a32
098e
00f4
fae4
fd34
fb60
f9aa
020e
07ec
0b6c
0eb4
09c8
052a
02ac
ff3e
fd0c
fe12
0216
01c6
006a
ff20
f9f0
f842
f7ea
f1d8
ea96
e770
eb3e
f374
fc3c
0478
0830
07ac
0b30
127c
1954
13be
0682
0a18
0d76
fc9e
f0d4
f5c6
fe68
0680
0618
05b6
075a
02e4
fcb4
f6e8
f578
fe20
063e
07da
0b5c
08a6
041a
09d8
093a
fea6
fcba
faee
ed3e
ea6a
f5c2
f864
f0dc
f1ce
f6b0
f744
f5ce
f870
fce8
ff18
fd26
fb52
ff9c
03a2
0566
090e
0c7c
0fb4
06b8
fa4c
fea6
06ba
064e
01e8
fbc8
fc0a
0248
0622
fdbe
fbe2
0222
01fe
01de
03c0
0184
016a
ff52
f55c
ee06
ed24
ec50
e58a
e130
e71c
f06e
f7a4
fea8
0746
0c1e
0d46
0dee
0d1a
0de8
1138
0ec8
0a06
0b3e
0b08
097a
08b8
082c
05a8
044c
0506
03b4
0178
0360
062a
06c6
0858
08d2
0644
04de
0190
fd76
fd9e
fcd4
f72e
f226
f3dc
f7d6
fcce
ff8e
0224
077e
0b46
0a74
095a
0804
0480
ff10
fcfe
fb2e
f17a
ea62
e7ba
e53e
e8ea
ee5a
e974
eadc
f62e
fcca
00fc
0aec
0e3c
0f58
1462
1876
1484
0c2a
08f4
08a8
061a
0782
0594
ff98
fefc
fd70
f90e
f628
f5be
f6ac
f4d2
f784
fc0a
f848
f8c2
0134
0520
04ce
0280
fe58
0072
066a
0602
01a0
0386
094c
08b6
01e2
ff6a
fd1e
f90c
f770
f430
e980
e22e
de3e
dd9a
e410
ecfc
f3f0
fcd2
013e
fb58
f7f2
0100
0f74
1884
223c
2a46
2a7a
2b56
2cc6
22b6
1630
0fbe
0b34
0696
000a
f1e4
e6c4
e856
f9d0
0e32
0d4e
0478
0830
0bac
06f0
0680
0618
f9b6
e61a
dfb8
edbc
f2e0
e818
deba
d2fa
c95c
ce0a
d7fa
da8a
d61a
cf3e
da54
e9e4
f12a
f072
f440
042e
16fa
27e0
3676
3c6e
3c20
3df4
41ba
3734
259a
21ea
2764
274a
21f6
1de6
1726
1218
12c8
0ed4
0aa8
fe68
e6f8
ddc6
ea36
ea8c
df86
d232
cf20
d5c4
d14e
ce94
d190
d5ce
e718
fc12
0bda
1e44
2692
1926
07c6
0b3c
1e20
2ae2
2980
22e8
17a2
fc52
ded4
d436
cb9e
bee4
c2f4
d6c4
f156
0240
021c
e1fa
d3da
de9c
f0b2
09a6
210a
1ef8
1508
13b6
127a
1152
0c3c
0b78
1ac0
2514
1ec2
04d4
f086
f97c
01e4
f9c4
f226
f702
ff90
0396
ff5c
fb68
ffd6
07fc
135e
1d6c
15ea
0630
0b3e
0ba0
f79c
dd1a
d154
d3be
db62
dfae
e4b6
e646
e088
e020
ecbc
f928
0502
13f4
2d56
3bb4
334c
1dce
0cb8
084c
0be2
16de
1c72
18c6
1a8c
1f60
14ea
0074
f540
f914
f4e2
ed4a
f0c0
f678
f420
f64a
fa9e
f6d6
f390
f456
fd10
0d3e
086a
f3e2
eca2
fdd6
0df8
0918
fc86
fcbc
08f0
1460
131a
09e8
fd48
f886
f44a
ebae
e13c
db66
d810
d72e
db9e
e3e8
ef8c
f4f8
f564
f51c
f22e
f5da
fe9a
02b0
0484
063a
09d6
1538
17e4
1064
0f5c
1666
1efe
1d0e
0f3c
0c48
1582
1628
0ec4
0f5e
0b72
0166
f9ee
f31c
ed1c
f010
f752
f864
f5a0
f75a
ff3c
04a4
018e
fa9c
f642
f6dc
fb6e
fbb6
f3fa
f0ba
f9ae
fe12
fe30
044c
0c06
0f44
0a4e
ffa8
f9ac
f810
f48e
f144
f22e
f10a
f1f8
f8d8
ff4a
fd54
f77e
fa06
0264
063c
07d8
0b5a
0ca4
0fd8
10da
0d42
0b76
0f6a
10a2
0940
080a
0ca6
0892
fe7a
f30e
eebe
f73c
ff76
ff2e
fcee
fae8
f538
f1e4
f4c4
f976
fdde
0000
0200
05e0
0382
fb48
ef92
ee98
fbae
07f2
0f72
147a
0d32
065e
05f8
0198
fb7e
f9c6
0028
0624
01c0
fba4
f9e8
f248
ef22
f42e
faea
013a
0926
0692
0028
fe24
0040
023c
0218
fff6
01f6
01d6
01b8
019c
0182
0568
0710
069e
0434
03f0
09b0
1114
0c02
0540
02ec
febc
fad0
f322
edee
f30e
f7dc
f85e
f6d8
f56a
fb66
0226
0468
0762
0df0
11a4
138e
11bc
0c78
0922
06b6
033a
01da
ff7e
fb4a
f27c
e4a6
dc86
de02
e274
e78a
ed10
f0d4
f6d4
fcbc
fc5e
fc20
0002
09a4
125e
13f8
10d6
0f5c
0f7c
0d1c
0676
0404
0996
1080
1076
09e8
0372
ff46
fd60
ffac
fdd4
f42a
ed78
f5c4
fdda
ff7e
010a
0272
05ae
0c86
108a
0dc8
06c2
fff4
fd92
f568
ea14
e624
eb40
f1b0
f52a
f5c2
f7a0
f7a2
f5e6
f696
fa84
005c
03d2
01f0
011a
0546
0b02
1308
18f4
18b8
18b8
18f0
145a
0e68
0960
075c
083c
04ca
0166
022c
fdd2
f5ce
ef9a
ed4a
f1b2
f344
f120
f594
fb14
fc62
fbb6
fa36
fefa
0778
0930
0880
0696
0294
febc
fa2a
f60e
f882
fd08
ff5c
018e
038e
ff50
fb5a
fdc6
041a
07e6
0734
0252
ffaa
032e
025e
f986
f4ec
f99c
ff02
ff10
021e
03fc
ffbc
fec0
04d4
0a86
0bdc
0b1e
076c
00f4
fce4
fc14
f770
f158
f214
f732
f942
f964
f8b8
f750
f742
f778
f5ee
f3ca
f028
ec3e
ea30
e6ee
e7a6
ed14
efc2
f3c4
fde6
0876
1018
15bc
1a56
1ad0
156a
12ae
1186
09e2
0468
0222
fdee
fc0c
fb66
f7ee
f5ec
f858
fdd8
040e
08be
0bdc
0966
06ca
0720
0836
05f8
02ac
017c
fe52
fd66
009c
fd98
f4d4
f2f4
f398
f092
f236
f42c
f25e
f118
ee5a
f052
fca6
04da
048c
0442
03fc
03bc
0b80
1ac8
191a
0f88
0e8e
1da4
3bc8
400a
1c08
2246
4020
2800
f800
e800
e800
e000
e800
f800
e800
d800
f000
0000
e800
e000
f000
f000
e800
eb80
f4c8
ed7a
e2a2
ea76
ebce
e510
ecbe
f7f2
f672
f70a
fb98
fdde
0400
07c0
0744
06ce
0a60
0dba
18de
2350
291a
2e88
1b9e
01e4
05c4
0966
fcce
ed00
f230
ff0c
031a
02cc
006a
fc2a
fe4c
0058
fe3e
fc52
f8a0
f562
f0ac
f0ba
fb40
0942
0c18
065e
08ca
10c6
15ba
15b0
10f6
0bfe
0af4
07a0
0042
fb56
fcdc
fe60
fbd6
fb94
f978
fbb0
05e4
0184
f16a
f252
032c
fef8
f308
f3d6
f898
f50e
edbc
eae0
ec32
ed6e
ee96
efac
f0b0
f21c
f5de
fdb2
0818
0d94
0c4a
06b0
0238
02f4
018a
fe28
ff0a
04e4
0b38
09cc
0526
06a0
05cc
00d6
0026
097e
11f4
1150
102a
1094
0a72
045c
fc82
f53e
f2c4
f2d8
f952
0398
051a
0258
fdac
f35a
ee10
f1a8
f578
f55e
f798
fbee
fe1c
0634
0b96
0842
08de
0a50
07aa
052e
02da
02ac
0280
fc58
f492
f948
fdb2
f7d6
f058
f152
f43c
f4f8
f7a8
006e
0ea2
1b7c
1cac
16e0
14b8
140c
0ec8
0560
fe62
fbe0
f7a6
f1f2
ed08
eb02
edc2
ece6
e8b0
eb76
f4b2
fdb2
0232
fe56
fcc2
015e
09a4
0f16
0db6
0bfc
0bfc
0d9a
0eae
0938
ffce
00fa
080a
0866
0478
04a4
08a6
0a22
0334
f89a
f2e2
f3ec
f744
f4aa
ee94
ea6a
e82e
e6d2
e854
ec7a
f3f8
fd5c
063c
0c5a
0fb0
0d50
06aa
0638
079a
01a6
fe02
0120
fd0e
f93c
fba8
fbec
f82c
f4a8
f55c
f706
f994
fdfa
001a
fd18
fc46
fe80
0298
0458
fdd6
fdca
07ce
0ef2
0f2a
0ce4
0a5a
09a4
08aa
057a
0050
f774
f568
f5d0
f482
f8a2
fcba
feaa
fd84
fc82
fbaa
f902
f8ba
fcb0
007e
010a
fe82
fc2c
fb18
fc3a
0266
083e
05ba
055e
0908
0a76
09ce
0730
06bc
0e50
156a
1212
08f0
0260
fc3a
fa76
f6ce
efa8
ec76
ed12
f23a
f87c
f994
f9cc
fb30
f8a2
f876
fd88
005a
01fa
016e
00dc
024a
0124
fb10
f85e
fbd8
fe1a
fd38
fd64
fe8c
ffa2
00a6
ff9a
f9a0
f606
f9a4
fd08
fd36
fc76
fbdc
fc6a
fc0a
f9ce
fbe6
03fc
0970
0d3e
0f64
0dea
0f18
0fb8
0dce
0b92
0a1c
076a
ffa6
fa60
fa9a
f8fa
f9aa
fd80
fe2c
00da
0454
0372
ff80
fbd0
fb7c
fc50
fa32
fc8e
00c4
feb6
fcca
02fc
04cc
fa7e
f0d6
f5c8
fe6a
0082
0078
fc70
f6a8
f73c
f7c8
f48a
f3da
f694
f86c
f960
fb78
fc92
fcb4
fbec
f84e
f726
fa56
fe7e
046e
07d8
09ca
0f2c
1138
0d24
0b50
0a9a
08f0
0a60
0bba
08fe
036e
0336
0902
0970
05d8
047a
0532
07de
0960
05ca
016c
0254
062e
04ca
007c
ff74
017c
0564
080c
058a
0130
ff1c
ff2a
fd3c
fb82
fb04
fab4
f792
f2e4
efe8
f09c
f3be
f30e
efce
f042
f12a
f07a
f150
f38c
f506
f4be
f3d4
f458
f32e
f07a
ef6c
f0f0
f3d2
f8e6
fee0
0582
0c8c
16c0
1f9a
23e8
24d0
2182
1b5a
12b8
0a08
0790
0702
0442
fe8a
f438
ede8
ee8c
edb0
ec72
eee2
f1b2
f4c6
f700
f75e
f9fa
ff9a
00e0
0208
050c
05b6
0626
085c
062a
05e8
057a
ffe6
faaa
f5ec
f1c8
ee56
efa6
f962
feb6
ffbe
02b6
0366
03ee
0a4c
11f0
1288
0c80
0874
0864
0ddc
12fe
11ce
0cb0
03e4
fda4
fbc8
fc0a
fa48
f8a2
fb16
ff64
fb6c
f3b4
f278
ff50
135a
1624
00c0
f8b4
0128
fd14
f542
fdec
020c
f9ea
f24a
f324
f7f0
f870
f8e8
f958
f9c2
f924
fb90
00d6
01c8
02aa
057e
0726
09b2
0a16
0574
031c
04ea
fe9a
f8b0
fc24
fd7e
fad6
fa7e
fb56
f942
fa82
fcd8
fc20
fe90
04e4
08aa
07ee
07fc
09c8
0d26
0de4
0826
0182
f93a
edac
ea66
eb00
e738
e872
f152
fa18
007e
0278
033c
01d8
0078
0428
0a7a
0b12
0646
0592
05bc
00b4
fdf4
fc6e
fd1a
02d0
0812
07be
0130
f9fe
f76e
f848
fd50
051c
0740
0606
04ae
0344
03d4
023c
faaa
f5ba
f76a
f642
f278
f156
f1b8
f584
ff64
08aa
0f16
15a0
1c12
1d3c
1b68
1bd4
185a
0e52
0476
fb12
f46a
f488
f4fe
f4c4
f5e4
f642
f9e6
fd80
fff4
0340
043c
0006
fd10
fe60
ffa6
fcda
f952
f736
f180
ef98
f450
f518
f528
fa8c
ffc4
03a8
0330
01a4
0322
066e
0c50
0f70
0ee0
0ce0
0598
0096
008c
0082
fe78
fa90
f8e6
fb56
fda0
01c6
09a8
0f0c
121a
14f8
13a8
146c
1724
0fb0
fe34
f3dc
f288
f3b2
f32a
ef10
ebbe
ed42
eb40
e604
e7ea
f072
f6ec
fb44
ff7a
0170
0338
00c8
f676
f114
f67e
fbdc
ff02
03fa
0a82
0e4a
1162
13bc
1552
1822
1802
1122
0a26
0948
062c
ff0e
f868
f168
eb4c
e836
e50e
e7ee
f15e
fbaa
0272
01b8
fdfa
0086
027c
0054
024e
0328
fff4
f9f4
f554
f3fe
f6be
fd52
017c
0264
093c
0da8
06cc
025e
0e22
1cb6
1d7a
0d44
05a4
1250
119e
f868
ed00
f6e6
fc76
fdc8
f314
ed72
f0bc
f04a
f25a
f0b4
eda0
f54e
00d6
099c
0f86
0e92
0d38
0d88
0f64
0ca6
05ae
00f6
fe80
fa3c
f898
fb0e
f75c
f1e6
f4c6
fb78
ffc0
fdc4
f7e6
f866
fade
f330
edfc
f11c
fa0a
0068
fc60
f69a
f530
f7dc
fe5e
0278
0450
080a
0f88
148e
1144
0c2e
0b6a
0cb2
09e6
0346
fb10
f55e
f208
eee6
ebf6
ef36
f842
00bc
04b0
0864
0bdc
0f1e
102c
0b28
0274
044c
0606
ffa4
ffa8
05ac
0750
08da
084c
05c6
0168
0150
053a
00e6
f8d6
f948
fdb2
fdd6
ff06
fe28
fa66
f80c
fa16
fc2c
fc3c
fc68
faac
f634
f550
f4ce
f4ac
f7e4
fb28
ff5e
0954
115e
125a
0eb0
0bc8
05ae
fac6
f7b4
f714
f5c4
f8d8
fbf2
faf8
fc34
0278
0742
08cc
0a3e
079a
0320
03ee
04ae
0362
002a
fb26
fb72
00ba
01ae
fe92
fda8
fccc
f9fe
fb8c
fb22
f2e4
f192
f8c8
01c2
0a1c
099e
00d8
fa94
f6de
f5aa
fada
fdde
fcc0
fbcc
fe0e
012c
0018
ff16
0024
fa20
f47e
f736
f7c2
f544
f4ee
f29e
f374
fb3c
0188
006e
fe66
027e
0a56
0fb0
0eb4
0dc8
0cea
0a1a
0578
0120
030e
04dc
fe8e
f8a4
fb18
ff66
0372
0520
fc88
f094
f1da
f97a
f8d2
f66c
fe76
0c0a
1062
0bf0
0d64
0e54
06c2
ff70
0096
09a2
0bce
ff78
f3ea
ef74
ebc8
e2f6
d798
dc30
ef9a
f84e
f6b2
fb78
0414
0404
fdd2
f614
f320
fac0
0410
0aaa
0e84
0baa
06a0
07b0
1070
161e
16be
209c
26d4
2370
2538
1ae4
0934
08a0
0c16
fb54
f79e
0424
fbe0
e822
e99e
e704
e492
ee48
f362
ec2a
f000
0800
1800
1000
0c00
0000
e400
e800
0800
0800
f800
0400
0800
f800
0000
1000
0700
0a90
15e6
1886
16fc
198c
17f2
0672
fa0a
fa68
fac0
fb14
fb62
f7aa
f82e
f8aa
f758
f85e
fb8e
faac
f400
f21e
f6c8
f56e
f27c
f824
fdae
fcf0
0054
097e
0bc8
098c
0926
047c
01f8
fd8a
f174
ea92
ecc8
f172
f444
f744
fa58
fb66
0286
0d1e
14a2
1d06
23fa
215e
15de
0e64
10ec
0cc2
0472
0482
066a
0400
ff9c
f780
ee28
ebf4
ea82
e1d0
dc9a
ded0
dbea
d852
da30
df1c
eabe
f44e
f9a0
08ce
18c2
24ee
2b2e
23ae
1986
1732
13be
0c82
05b8
ff5c
f766
f5ee
fc8e
00c4
fab6
f90a
fb78
f9c0
f824
faa0
fef6
0106
fef4
ff04
fd12
f740
fbcc
020e
fdec
fa0c
fc6a
f6a2
ef36
f642
02dc
02ae
0482
0e38
0f54
085e
09d8
093a
04a6
065a
09f4
0554
fcfe
f72e
f1ba
ec9e
edd4
f0f6
f1e6
fac6
0540
06e8
0a3e
0f0c
1112
126e
111e
0758
01f0
06cc
0522
ff68
fc0e
fb08
fc38
fb72
feda
0812
0c74
0c2a
0982
04b6
fe10
f7e2
ee56
e5ee
deda
db3e
db00
d9ec
da18
df6e
e570
e5e4
ed20
fc7e
0702
0ea2
1952
208c
1c4c
156c
164c
166a
15d2
1a94
1c34
12d6
0974
085a
050c
fdc8
fb08
fc9a
042c
0d20
111a
0e4a
0732
fe50
fa08
fa32
f686
f15e
f4fc
fcb6
fe0c
fd5a
fec6
fc22
f9c6
fbc0
ffbc
fd7a
fb6e
fda4
ffc8
ffca
ffcc
fdce
f800
f8ce
fdc8
fe82
033a
0d8c
14ca
16ec
1232
0530
fcd2
f712
eff4
ebc6
ea7a
e5ee
e478
e7f4
edf6
f426
f650
fca4
06ac
0bdc
0e58
0a36
0202
023e
0664
0412
fdc4
fbea
fe4e
0498
0a56
0762
0c60
18aa
1f6a
14c2
0e1c
0f6e
082c
f51a
f38e
fe7c
00c6
fae2
f584
f2ce
f2ac
f4f4
fb6e
ffa2
0194
0d5a
19f6
1cf6
1adc
180a
18a2
1c6a
1b12
18f6
1732
12ce
0a18
fe9a
f3dc
f128
f114
f078
ee60
ebf4
ec4e
ec3e
e5cc
e090
e0a2
e1ac
e396
ea42
ef2e
f250
f1ac
f382
f39c
f616
02b4
0e70
0cfa
0b32
0f2a
1068
0b0e
05b0
0678
07fe
072a
0528
031c
ff16
f954
f722
f858
fab6
ff16
0234
ff0c
fb1c
fa90
fa36
fe92
06a8
0a3c
0998
0cfe
142e
1aea
153a
0be6
0b26
0a72
f9ca
f22c
fb08
ff56
f760
f22c
efb8
ebec
e2fa
df7e
e73c
ef42
ef4a
f1d6
fca8
02e6
fea8
f8b8
fd60
03d0
09ba
16f6
22a4
2080
197a
0e18
02f8
0070
0e0a
1a58
1d0c
1aaa
1798
13f8
0ff0
0ba6
0b42
0c88
0554
f868
ea86
e22c
e744
f0ce
f438
f5c8
ff8e
08ba
090c
090e
10c6
157a
0f36
07da
01b2
fcdc
f96a
f562
efee
e850
dee8
dc1e
de9e
defe
dd5e
ddea
e37c
ed98
f6a2
fe64
08b6
141c
1c28
1cd0
1a86
1c8a
2188
2528
2264
1bb8
1598
112a
0d78
0894
04b8
fef2
f78e
f2e2
eee8
e7b6
e1b8
e10a
e55c
e63c
e1da
e8ac
f9c8
0202
ffa6
fd72
ff74
ff7c
f984
f6ea
f87a
f8f2
f962
fdca
00ec
00dc
02ce
05a0
0746
06d0
0662
06fa
098a
0ba2
0c3a
0e66
0efa
090c
0132
fbca
fbd8
fc04
fa4a
fcd8
0054
fd94
f612
f056
f170
f8ea
0224
06b8
08cc
0a76
07b0
04d6
0a00
1286
17ee
1e3e
2136
1ef2
1dd8
1dde
18f2
0f8a
043a
fb7c
f36c
e43e
d8e0
d96e
dd26
dfb8
e322
eb3a
f576
fd60
02de
0bec
1206
102c
0bec
088e
0620
04a6
041e
037c
02c6
0102
fb50
f41e
f1bc
f1f0
ef8e
edd4
f2c6
fad0
0082
04d2
09b6
0cfc
10a4
128a
12bc
1554
1516
0d30
065c
ffc0
fb8e
fbc2
f812
f1dc
f078
f2a4
f516
f7b6
f86c
f850
f772
f6e4
f5a6
f4ce
f65c
f71c
f614
f86a
00d6
08b2
08c8
0794
0c36
0f2a
0c74
0684
febc
f77a
f3ee
f3f8
f560
f704
fcd4
0460
064e
05e8
0988
0aee
083e
0bba
0efe
080e
058c
0932
029e
fa74
f6cc
f35e
f028
f124
f410
f92c
fc2a
ff16
03d8
0a2c
0dc6
10b6
16f0
1a0c
1424
0ff8
0b8e
030c
fcf8
f75c
f45c
f7e6
fd76
fec0
03fe
0cc8
169c
1b1c
1478
0b98
06e6
fe46
f23c
e960
e1c4
df92
e486
e904
e9f0
e97c
ecc2
f46a
f7f4
f884
fd44
04cc
08b4
0916
0a26
07d2
0864
0ea8
0f12
0cfc
0c9e
0ade
08e0
08b8
084c
04a2
fc0c
f41e
f00c
edb8
ef1a
f4ea
f7b4
f792
f9b4
fbe4
fc10
fd58
039e
0b60
0d48
0aa6
08d8
09de
0a82
06c4
020a
018a
0104
ff7c
fe10
f8c8
f20c
ee2a
eb14
e6d6
e7a2
ed22
f0e0
eeda
f37c
fc36
0080
fc80
fadc
ff7a
05d0
0972
0ada
0c2c
0f68
1a70
22c8
1a9a
10f0
11e0
0ec2
05d4
0176
ff5e
fb68
f9b0
fc14
0070
0280
045a
07f2
090e
05ce
0292
0174
025a
ff1c
fa16
fd8c
04dc
018e
f266
e69c
e858
fab2
0c0e
13f2
16b6
1496
0df0
0742
00c2
faa2
f50e
f02a
ec12
e4da
deec
e262
e98c
edf6
f6a8
ff18
0206
03b2
0224
fd9c
fa6e
fa9c
fff0
03ec
0286
0120
fec6
fd9a
ffc0
02c4
0696
082c
05a8
014c
fe36
fe52
ff6c
0174
025c
0036
fc32
fa6e
fec6
02d8
04aa
065e
05f8
0498
024e
fe28
fc44
fd7e
ffa6
00aa
fe9e
fdb4
02d8
05aa
004e
fb48
ff92
0598
0b3e
0e8a
13a0
1466
0f1e
062c
ffc8
fdca
ffec
01ec
03cc
058e
0534
00e0
f9c8
f752
f748
f382
f05a
ece0
e734
e6a8
e9ee
ecae
efda
f652
fbae
fed4
00d0
02a4
0544
068e
038e
01a0
ffc2
0002
043c
0810
0b64
0f26
1232
127a
1228
1248
12d2
15bc
1660
0efa
0a0a
0b68
08b0
0024
fa20
f67e
f316
ede4
eb04
ee52
f36c
f834
fcb0
fce4
f82c
f3fc
f46e
f932
fade
fa96
fa7a
f88a
f3f2
ed02
e916
eb1e
f0aa
f856
fac2
fa2e
f9d0
f9a8
fdb4
0190
0720
121c
13d6
0cd2
0fd6
1428
0f92
14c8
1d02
1bce
1dce
18be
0738
f88e
f108
ec70
eabc
ebcc
f16a
f722
fec4
01f4
00e0
05d4
0e4a
0fc4
0ea6
0d24
0c50
0d26
0984
03ce
ff54
f926
f890
fe3e
fe9e
0100
0732
06c6
0328
00aa
fc4e
f854
f6d6
f4b6
f010
eb32
ed46
f4cc
fc32
fd3e
fd4e
0070
015a
0128
03ee
0366
00ca
0050
ffda
fb6a
f764
f9e2
0468
0822
035e
feca
fe86
fe50
fe2a
fe14
fe0e
fc16
fa5a
fae4
fc8c
fc34
f9fe
fa1a
0060
053c
05a0
06ce
04b2
0190
0492
033e
fae4
f736
f908
faf2
fe42
035c
0526
05d2
0974
0cdc
090e
057c
0924
0990
02f6
fec6
fed8
ffea
fdea
fa0a
f896
f772
faa2
fbc8
f4fc
eef4
f5d2
0292
0a70
097a
0846
06e0
0358
03ec
0454
0292
05d6
07b4
0534
02b0
003c
f9ec
f52e
f410
f262
f13a
f29a
f34c
f656
f97a
f99e
faf0
fe40
035c
0926
0a92
0ee8
14f8
12a8
107c
1274
0e4c
0866
05de
0680
0b18
0d66
078e
f9d6
eb28
e80a
eddc
f1e0
f212
f0b0
f5dc
fd04
fdce
fc9c
ff96
0660
0888
0648
fdf8
ee3c
e808
ecf4
ec28
ea06
eeb4
f7a0
fe3e
0480
0838
0b72
141a
1994
17e8
1596
14ba
116e
0c56
0a90
06e6
0276
044e
0708
0596
033c
0208
00e6
fdd6
f9f8
f658
f3f2
f1b2
ef06
f00a
f57c
faea
ff28
0028
ff16
021a
05da
082c
0a14
078c
feee
f8e0
f66a
f568
f9ca
0116
02e2
0278
0600
071e
05f0
08a2
0ce2
0e76
0f7c
0ef4
0afa
08e6
08aa
052c
04ba
0628
014c
fbb2
fa92
f7ae
f338
f16e
ef32
e99e
e514
e4a8
e81c
ec16
ee6c
f026
f542
fb60
ff40
00e8
fe6e
ff26
03d8
031e
0054
02b2
06d2
0b78
0e76
12ce
1848
19a6
1a20
1bc0
1668
0cb2
0330
fa2a
f1e2
ee8e
effa
efce
f224
fac2
00fe
fcce
f8f8
f796
f68a
f6d8
f768
f832
fa2c
fa32
f964
f7d6
f3a0
f10e
f21c
f286
f252
f48e
fb00
ff32
fc3e
f97a
fde2
0302
05d0
0972
0ada
0c2c
1168
1350
0f1a
0d28
0c54
0a8e
09e4
0b44
0d32
0c96
0e9c
0f0a
0cf6
0d9a
10c4
1332
12de
12f6
1372
0f48
07e4
01b6
f9dc
f2ae
f15a
ef8e
ea60
e530
e528
e7f6
ea56
ec3a
ef9c
f248
f034
edbe
f000
f29c
f378
f6a8
faee
fd16
ff30
002c
0114
05e4
0a36
09f0
0a5c
0f6c
12ac
1020
0e3a
0e00
0e58
0f36
118a
112a
0e46
091c
01fa
fd38
fcd6
fa90
f898
f6f8
f7b8
fcac
0168
ffcc
f64a
efac
f2b0
f184
ee6a
f582
fc28
f664
f2fc
f4cc
f37e
ef46
ec50
ed8a
f0b0
f4a4
fa58
fdb2
fae6
fb6e
0310
0c1e
1038
0f8c
0e6c
0fe8
11cc
1102
10ba
11f0
1180
0f8a
0f36
0b6c
0280
fe0e
fef2
ffce
019c
063e
0762
0536
0802
0d5e
0bf8
0746
03a2
fe1a
f4f8
f1be
f028
ec28
eb06
ea9c
e7e2
e512
e546
e94a
f1c2
f522
f4a2
fa84
ff32
fd9a
fe2c
02c0
0694
0b2a
0d76
0a9e
06f4
0384
fe4a
f964
f9cc
fe2e
034a
0714
08a2
0716
04a4
0258
011c
01e8
0396
040a
0554
065e
0622
07b6
07f2
07e8
089e
0402
fe8c
fe78
fc70
f8a2
f94a
fb1c
faf6
faf8
fd20
ff3a
0238
04f2
0656
096e
0e06
0de2
0a50
07a4
05e4
0110
fb80
f76c
f7dc
f984
f742
f568
f400
f20e
f5aa
fb5e
fbda
f96c
f756
f5a4
f45e
f488
f688
f9b2
fbda
fd7e
fe9a
002c
04a0
0826
0832
097a
0b60
09ca
087e
0902
08b2
0720
046c
01be
022c
027e
00b6
0102
013e
fb6c
f618
f666
f8fa
fb9c
ff34
0096
02da
03e0
ffb4
fbcc
fd42
02b4
08b8
0914
0720
0610
07e0
0c52
0d1a
076a
00d8
fba6
f7e8
f5a6
f45a
f27e
f12a
ee60
ebce
ed06
f0c0
f3b8
f562
f744
fa4c
fe50
03a0
06fc
07ea
0888
05d6
001e
fcbe
fbac
fcca
00ee
04c6
0438
0090
ff1c
fec4
ff78
0224
0892
0c54
0b76
0a48
0a58
0a12
097e
06a6
00c4
fbb8
f99e
f756
f374
efb2
ecac
e86e
e72e
e8c6
e97c
ecda
f298
f462
f66a
fd9e
0370
07c6
0c96
0fb2
141c
199c
1df4
1d14
1a58
17f2
12f0
0aa4
0686
0774
0816
056a
00bc
fb52
f862
f5dc
f3ce
f340
f720
ff08
0478
056c
0622
059a
04ec
061e
020a
fa24
f8ea
f9fc
f62c
f1e4
ef50
ed6a
ef36
f16a
efee
ed08
eee6
f52e
f866
f8a6
fa1c
fca8
0124
094e
10aa
140a
1692
1a3c
19d8
15a8
100c
0948
06a4
05f4
021e
0072
01da
fe1a
f9a2
f7a2
f504
f1e6
ef6a
ee9a
ee60
edb4
eda4
ee26
ee2e
f0c2
f5a4
fe8a
08ec
0c5e
0734
0620
08ea
0d40
0ae6
065a
03e2
0170
0118
04ba
01fa
feda
01ec
ffcc
fcce
fe00
0020
011e
010c
02fa
03ca
038c
0752
0cdc
110e
12fc
0ecc
0766
ff3a
f896
f594
f614
f6da
f4da
f250
f15a
f2e6
f7c0
fb8e
ff42
01be
fe04
fa92
f7e8
f468
f620
fabe
fd12
fe40
ff5c
0266
023e
ff1a
0128
0514
05c2
0464
041c
07da
0b1a
09ca
063e
00b8
fa82
f5d8
f6c8
f7f0
f644
f7fe
fbdc
fc9a
ff64
0504
0520
0410
06ce
0960
07ca
054c
01f6
ffd6
01d8
00ba
fcae
fee2
02f2
03c2
0184
fd6a
f992
f9f8
fc86
fb04
f8c0
f7da
f742
f8f6
fac6
00a0
0a16
0ea2
0f6e
0fb0
0f6e
0eb2
0b8a
0736
03ec
feb4
fbd8
fe48
fe9c
f9f4
f3c4
f056
ed9a
ea9a
e772
e53e
e702
ec6e
f11e
f4f8
faea
02a4
09cc
0e32
11de
18be
2068
2092
17b4
0ea4
07ae
fee8
f6b6
f350
f484
f5fe
f4b0
f3ce
f55a
f920
fdde
0460
0954
0cae
0b6a
04de
0192
036c
040a
047c
06c2
03aa
fda6
fa14
f9ea
fdf2
01c8
0150
00d4
ff58
fff6
0688
0c7a
0ba8
0884
034c
fe4c
faa8
f768
f5a0
f446
f25e
f200
f016
ecc8
ec46
ed68
f30c
fabc
fe1a
ff4e
0272
084e
0e88
13e8
1752
14ca
0dc2
07ba
03d4
000c
fe7e
ff14
fda6
f860
f3aa
f4a2
f8e4
fa1a
fa6a
fbc2
ff04
0112
ff00
fd10
fc3e
fb7a
fbc2
0004
0302
ffd0
f9d2
f934
fca0
fed6
ffe8
01e8
04b8
0934
0e1c
0e42
08f0
01aa
faca
f480
eff6
eb34
ea62
ee48
f17c
f1f0
f1ca
f216
f3ca
f6c2
fbd2
03b2
0af4
0d68
0f48
128e
120a
0cfc
0bd6
0f60
1034
0c78
0992
068c
0280
00a0
01d8
01ec
00ec
fff2
ff06
fe2e
fe70
fcb8
f734
f14c
ed36
ebf6
eb68
eb86
f044
f732
fbf6
fe8c
0002
025e
0880
0efa
1094
0e8e
0e32
1068
0df6
083a
0696
092c
0b98
0ade
0730
04bc
0870
0ae8
0938
04a4
0058
0152
053c
03e8
ffa8
faac
f700
f6d6
f8f6
f72a
f2c0
f106
f2de
f400
f36e
f648
f740
f46e
f424
f43c
f2b0
f3a4
f4ea
f374
f378
f5de
fc6c
02aa
076e
0ca8
0f28
0d06
0d9c
11ba
1306
11a2
10c6
0d70
05e2
fc9c
f504
f13a
f122
f580
f7ec
f670
f656
f688
f600
f9d0
fc94
ff46
01d0
0022
ff8c
0002
ff6e
fe66
fd7a
fbb0
f922
f872
fa88
fda6
ffa4
0084
01d0
0178
0218
051a
0540
0438
071e
069a
01e6
016c
02ec
023a
ff80
fcf4
fda8
ff62
fe04
fcca
febc
0098
004e
fd04
fa04
fb62
02ce
0dac
156c
1902
1b94
1f20
2078
1fb6
1a00
0fd4
04cc
fa4c
efa0
e620
df06
dc64
dd08
e1b8
e80e
ebbc
edd0
f452
fac8
fbfe
ff40
0552
06d8
040c
004a
00c0
0128
0180
05c6
0998
0cde
0f86
1584
1674
0ea0
02d2
fbaa
0116
0a20
0246
eed6
e924
f082
f3e4
eb70
e026
e28e
f5ba
0404
0146
f6a8
f8fe
0766
0caa
0934
01aa
fe8a
0aa0
15f6
0e96
01ac
0190
0b76
0ebe
07d2
0354
071e
0eac
11c0
0ea4
0db8
0edc
09ee
00fc
f890
f4e4
f1ca
ef52
f186
f408
f2c0
edf6
e608
df66
ea32
f8fe
0714
100e
13f6
14fe
114c
0f48
12e8
19b6
1d48
1bb4
135a
04e8
fd34
fc10
f31c
e71c
e0a0
dd84
dfac
e8b2
efe0
f51a
0056
0ad8
0e58
0b2a
09d4
0a44
0058
f706
f28e
ecc8
e7f6
e630
e552
e956
f1cc
fe2a
0dd0
1c0c
2882
30ea
3144
2a0c
1df6
0db0
fdfe
f156
e7ea
dfd4
dd40
dfea
e96a
f506
003e
08c0
0c72
0d84
0c16
005c
f358
eb86
e6d2
e932
f220
f8ec
f982
fc40
04f0
0eec
1bce
2502
2478
1cd2
14be
0e84
0436
f46a
e9f6
ecd8
f222
f384
f932
01ba
07aa
0cfc
0c90
07c4
0504
ff46
f6e8
f258
ef7c
ee50
efc2
f39c
f89a
fe80
0012
fd8a
fd3c
fe08
fcd4
facc
fb0c
016e
075c
07ae
05ba
06b6
096a
08a6
06a8
0794
0634
0236
0164
0312
040c
0154
fd3c
fcfa
fe52
fea0
01f2
06fe
0800
0630
02ca
fd82
fa20
fb22
fa3a
f58e
f27e
f40a
f3da
f30c
f6b0
fb62
fcec
0074
03be
04b4
0472
030e
00a6
019a
0280
0158
0442
08fc
0a6c
0ac4
0d16
0c44
0c7e
11b6
129a
0c70
0aa8
09fc
035c
fb08
f55e
f062
ea30
e50e
e714
efc0
f662
f8e6
fb7a
0008
004a
fa84
f344
f2dc
f2e2
ef4e
ea78
e99a
ec7a
eec6
f074
f582
fa90
fe78
052c
0c48
118e
12f2
11a6
10e0
139e
1592
10b8
0fa4
1422
17b6
1852
1620
115e
0c5c
0544
fa70
f474
f532
f438
efaa
e9e6
e62e
e47e
e5c4
e7c4
ea64
ed86
f308
fa98
00d8
04aa
0718
0b24
0f94
0d40
08a6
0910
087e
05f6
0396
fd5c
f786
fa0c
fc6a
f8a2
f916
ff84
038a
0550
06fa
048a
0040
fe3c
fe66
fd18
f974
f43c
f034
eee8
f038
f370
f8d6
fe9c
050e
0bee
107e
1340
14ba
12f6
1134
1102
0e48
09c6
04bc
ff5c
fcd4
fc8c
fc62
fcd6
fd5a
fce8
fb14
f804
f7e2
f902
f946
f93a
f8e4
f94a
fb5e
fbf4
fc9e
ffd6
0358
0604
0852
0938
0ac4
0c5e
0afa
07d2
069c
0542
01d0
fb86
f8c2
f862
f544
f1ac
f1be
f440
f8f6
fc98
fc18
fabc
fc9e
007a
0012
faae
f5c8
f380
f1c0
ef8e
ee02
ef1c
f0aa
f398
f9b8
00a6
071e
0af4
0e32
11c8
1514
1782
188a
173c
14c8
12d2
0fe4
0a24
05ee
03ca
0128
ffa6
febe
fdee
fcb8
fa2e
f6f8
f73c
fac0
fd34
fc96
fa1a
f7f2
f62a
f2cc
ef0c
f00e
f47e
f602
f4ba
f4e0
f85a
fd58
0098
019c
0000
fd7c
fd34
fd84
fd60
ff52
01aa
024e
04d4
090a
0ab2
0968
07e6
053c
0092
fd2c
fc10
fc24
fb54
fbb6
fc32
fbc2
fb78
f956
f488
f460
f896
fdc2
01aa
028e
0264
043c
07f8
0978
08e0
0852
09cc
0b2e
0c7a
0fb2
10b6
0baa
06ee
057e
0326
ffd8
febe
fcbe
faf6
fb70
fa04
f6dc
f52e
f4ee
f508
f276
ef78
f12c
f838
0010
0468
0420
01de
05c0
0564
fd0c
fd3a
ff66
f96e
f7d6
fa58
f6b2
f346
f810
fe8e
fea4
02b8
0e8c
0ba2
02e6
02b6
048a
0640
07dc
095e
08c8
063a
03d6
0198
fb7e
f9c6
fa28
f884
f534
f36e
f426
f830
fd36
ff00
feb4
fd76
fc5e
fd72
0086
0162
0124
03e0
0650
0566
02de
fd66
f9d8
fa32
f9b2
fa6a
fd42
fd00
fada
f87e
f802
fb4a
fe02
009c
0306
032e
00fa
feea
fdfa
fd1a
fa48
f7a2
f726
f8b2
fc26
fe62
ff7a
0382
0548
01f2
01d2
02b4
0270
031a
029e
0212
037c
05b2
0694
0632
07a2
0abc
0b4e
0d7a
1116
0eec
086a
040c
02ca
029c
0272
014a
0034
ff30
fe3c
fb58
f8a2
fa16
fa74
f7cc
f74e
f6d8
f66a
fb02
0276
065e
04d2
0236
00b0
003a
01c8
062c
0716
04b6
0354
06ec
0b10
0998
07e8
0c12
1198
1236
0d36
081a
060c
04ec
00b4
fab8
f844
f732
f176
eb88
ea9a
e864
e50c
e3c0
e66a
ecb6
f536
fd82
055a
0a88
0c0c
0b16
09d4
0956
0792
04ac
02cc
00f2
fd2c
fcb6
ff6a
fff2
fd72
fc1a
fdd8
fefa
fd8a
fc30
fa6c
f944
fc2e
fdea
fe0a
0028
02a4
0478
050a
0468
04ac
04c4
00b2
fbda
f76e
f38a
f246
f282
f124
f152
f4f2
faae
0136
064a
09d8
0bdc
095e
04ba
0338
03b2
0404
002e
f992
f692
f60c
f4dc
f516
f6a0
f95a
fc1c
fece
025c
039c
01a8
04c4
0786
06de
0908
0ac4
0a0c
0b0e
0ca6
0bbe
0686
ff6a
fdc4
fce6
f816
f394
f25a
f334
f600
faa0
fcf6
fc26
fe62
017a
ff62
fe6a
0082
0178
0060
ffd4
ff52
fe5c
fe00
ffb8
01d6
04c0
05d4
0428
04f4
080a
0aac
0c4c
0a6e
0658
024e
ff28
ff34
01c0
0024
fda0
ff46
fed0
fbe2
fba2
fc66
fb9e
fbe4
fda4
fd48
faf2
f942
f9e0
fc24
fce2
faac
f742
f652
f5be
f604
f992
ff1a
044e
078a
08d4
08c2
0868
0950
0bde
0ae2
069c
0364
0142
fd36
f980
f538
ef8a
eab8
e9dc
ecbc
f306
f950
fd6a
fd56
fe56
0250
06f6
0c18
1084
1522
1acc
1f44
1d78
17dc
10d8
0dba
0c5e
07b2
0010
f8e6
f356
f220
f2fe
efce
ead0
ec22
f55e
fe08
0626
0dc2
04e4
fa94
02ea
02ba
fc8e
fcc4
f8f6
f966
ffce
fbd0
f012
e910
f47e
0136
0122
010e
00fc
fcec
ff1c
ff2a
fd36
0162
043e
034a
0148
ffda
0082
0098
fea6
fc5c
fad2
fb88
fc54
fc30
fcaa
fd36
fe4e
0260
071c
0c52
11d0
1666
19fe
198c
1252
09f8
02d2
fe06
fa94
f684
edfe
e390
ddaa
dd34
df5a
e260
e6a0
ed66
f454
f8b0
fbfe
ff36
043e
0a52
0db0
0f68
1108
1204
11de
0eaa
09be
0522
01ce
02b0
0484
023a
ff16
fe24
0140
052c
06d8
066a
0702
0690
0426
ffe2
f9e2
f672
f584
f0f6
ed28
ee2c
f9ac
08a4
0a66
05b8
0326
02a2
0410
0546
083c
12c0
1404
0e92
0902
0180
006a
0162
fc3e
fb8a
f702
fb08
08f4
09b8
0620
008e
f750
f6ea
fa7a
f8d2
f344
f30e
f9dc
fd3e
fb6a
fbb2
00f6
06e6
0576
001e
011c
020a
fee8
fff8
00f6
fdda
fefe
0016
0118
05fe
0664
fe8e
fb40
f84c
f1c4
ec14
eb5e
eb56
eff0
04be
0000
e800
0000
1800
f000
f000
1800
0800
0000
2000
2000
1000
1000
1000
0000
0000
1000
0300
ead0
f422
ecde
de10
e42e
e9ea
ef4a
fc54
008e
0884
0ffa
0afa
0a4a
0da4
08c8
033a
fe06
fe24
0040
013c
0328
01f4
01d4
04b6
036a
0632
09ce
0530
01dc
ffbe
fbc2
f824
f0fe
e8c2
edc0
fd00
0564
0716
0c72
1112
10de
1024
0cf2
078a
0a3a
066c
f4a4
ea52
ed52
f0b6
f45c
fe22
0958
118e
12b2
0b2c
03c2
00ae
fbc4
f748
f158
ee3a
f156
f440
eefc
ea0c
ed6a
f692
fb28
fd74
fd9c
f9c2
f824
fca0
fcd6
ff08
0716
0ca4
0f72
1396
14d8
135c
135a
12ba
0d8c
0442
ff68
fce0
f698
eefe
ec64
ea8e
e980
f136
f7e6
f96a
fc0a
fe9e
fe12
fe9c
ff26
fdac
fd5a
0020
03b6
06f4
06c4
065e
0aca
0e96
0dae
0864
052a
06fa
0674
03c0
0318
0160
fdb6
fb58
fc42
0238
04bc
03f0
030e
0120
050e
06bc
0050
024a
0424
ffe0
ffe2
fde2
fc02
0040
083c
0bb8
06fc
008c
fc82
fab8
f834
f614
f464
f72a
f90a
f702
f860
f9e4
f880
f86e
f998
f9e0
fc52
02ba
05a4
0530
0598
07ca
0998
0afa
09ec
059c
0362
022e
fefa
fe00
ff24
023c
0910
0b2c
08ca
0746
059e
03e2
ff20
f9b0
f6c8
f356
f27e
f61e
f6d0
f7be
fbde
ffda
0094
003c
fce6
f9dc
f932
fac6
fc68
fe0c
fea4
ff3c
00d0
0242
0288
03b4
08ae
0c10
0bda
0c46
0946
042a
04e6
0796
061c
02ba
028e
0364
022c
ff08
fd16
fb44
f68e
f224
ef00
ed10
ef3e
f34a
f578
f9d6
ff1c
0112
00de
00a4
0266
03f8
0150
fdc6
fc84
fe70
0148
03e6
063a
0636
05d2
0974
09dc
083e
07ba
073e
08ca
093c
04a8
015c
0246
0320
01ee
fece
fbe0
fd22
0066
fe72
f8a8
f874
fb7e
f87a
f2e0
f306
f590
f944
fdf0
ff60
ffbc
0314
041c
06f0
0d5c
0ff4
0de0
0d7c
0cb2
0a8c
0932
09a2
09bc
0886
061c
02a6
0050
011c
02d0
0450
0394
00c6
001c
fd7a
f714
f35a
f43e
eb70
e1d0
e3ba
e266
dc12
df42
e742
f186
fb98
032a
0d28
131c
1616
192c
1844
14a6
139c
1004
0822
017c
fc34
f55c
f344
f5b0
f746
fa06
00c8
0816
0cac
0c90
0b10
064e
ffa4
fa66
f5a8
f488
f2d4
eea4
f240
fa10
fc92
fe06
0370
0666
03f8
0390
0810
0d06
0c42
0726
0422
032c
022a
0226
0010
fb1a
f898
fd0e
043c
08f8
0768
03f0
02b0
0084
ff7a
fd82
f6a8
f33c
f808
ff86
048c
0442
01fc
07ca
0afa
079e
0838
0484
fce4
fbd6
fcf8
f61e
edfe
f0ee
fc24
00c4
ff12
fb82
f84c
ff86
064e
0676
0266
0682
1026
12ae
1076
0bdc
092a
0e58
14be
1416
0ad4
01ce
fb48
f692
f228
f104
eef2
f002
f700
f790
f416
f3d4
f696
fc2c
ff68
fa70
f8c8
ff3a
0446
0100
fcf0
ff20
012e
fd1a
f648
f4e2
fa92
fce8
f918
f586
f62c
fcc8
00fa
feea
fdfa
0428
0ed0
1756
1c96
219a
233e
1fac
1c52
1c4a
185e
0cec
05c6
03e2
fcfc
f49c
f31a
f514
f544
f3c4
f3bc
f416
f4c6
f3c2
f12e
f038
f0ce
f1d2
f236
f100
ee54
ef60
f4de
f95c
fac4
fd3c
01a2
06b2
0a3a
0a36
07de
096a
0a90
074e
0404
04cc
0960
0b5e
09e0
08c2
06b4
04c8
03fa
00ba
fd2e
fbda
fa1c
fb7a
fdc2
fb64
f9ac
fb10
fcde
fe90
0026
0122
030e
07dc
0a5e
05b8
015c
0046
fd40
f76c
f4f4
f2a4
ef78
ef80
f388
f74e
f7d8
fa98
0254
0880
0904
0736
044a
0268
0590
0958
0896
0498
04b2
04a2
056c
09fc
0bf2
0966
05b6
fd12
f50e
f4e0
f70c
f85c
f8d2
f578
f3a6
f852
fcf0
ff5a
02a0
079a
0b06
0954
08be
0c32
0d6e
0996
02fc
fccc
f5fe
f19e
f684
f91a
f788
fc0e
ff4c
fd56
fc80
ff52
02fc
0352
0306
03a4
031a
027e
0156
ff32
fdb4
fcde
fc2c
fd20
fd9a
fc9e
fbca
fb22
faaa
fa64
fb4e
fe4e
fe2a
fd16
0228
09d6
0bb8
071c
048e
0402
ff5c
fc04
fbfe
f818
f8ac
f96e
f456
f7ea
0184
0276
0544
0bb8
0b66
0cbc
0f96
0fc2
0d6a
08cc
0630
088a
0678
0052
ff8a
02d0
05ca
0764
0aa8
0e62
0f6c
0fe8
0edc
0868
0216
fb16
f0aa
e95e
e73a
e8fc
ee58
f1e8
f3ae
f9b8
ff92
0010
0184
03d2
02dc
00dc
00f2
fffc
fd14
f970
f738
f668
f5f0
f9ce
ff9e
0212
024c
036e
0260
014e
0242
0212
01d4
ff8a
fa66
f7c0
f386
ebf2
ed76
f174
f5a4
fde2
ffac
f95a
fba0
ffe2
ffe0
01de
07ac
0adc
0980
04e8
0098
028e
0064
fb5c
fda6
fcca
fafc
004c
0446
0400
05c0
0864
07dc
0b5e
08a8
fc00
fc00
0c00
0c00
fc00
fc00
0800
0400
0400
0c00
0800
0400
0800
0800
0000
0000
0800
0340
f6b2
f736
fff6
0828
0b94
0a6c
0d00
0f02
0c6a
0d98
0644
0330
0432
0100
fff0
04f0
04a0
fd56
f680
f818
f996
f5fc
f19c
ed82
eaa8
eafc
f04c
f546
f4f0
f4a0
f856
fbd0
fe12
fd30
fc5c
fc96
fdcc
00ee
02de
02b0
0184
fb6a
f7b2
fd36
0362
052a
05ac
09f6
0faa
0e84
07fa
0098
f9a4
f750
f766
f3be
f5b2
fdd6
0186
ffec
016a
04c4
04c0
0496
0a48
0d4a
09b0
0700
0542
0374
04a6
079e
0828
0666
038c
03c2
04d4
03ae
fd72
f79a
f720
fbae
fff2
fbf2
f832
fdae
00d2
fcc4
f6f6
f786
fe0c
002a
0026
0022
fc1c
fb74
fdf8
fc62
fb00
fadc
f9e2
fb26
fc7c
f7d8
f1bc
f172
f59e
fad8
fde4
fdce
fdf0
0010
060e
0bac
0cf0
0e20
0f3e
0e4a
0964
02cc
fe9e
fab4
fd08
0936
12a2
0976
f890
f8f2
0184
017e
016c
094c
0062
f002
e926
f36e
0574
1e2c
2464
1114
f670
f5c0
1e64
2c7c
09b4
0118
1906
1774
05fc
f59c
ee42
ef5c
e866
d1de
c4c0
d074
db6c
d5b4
d1a8
d94e
ebae
f788
08e6
1ae6
28ee
3acc
43b4
41ee
3832
2b4e
17dc
00e0
f14a
e322
dcc2
dbe0
d82c
d7f0
e0f6
e462
e472
ed5c
f84a
00c4
06ae
0802
06fe
09d2
0e28
09c6
015a
0168
0568
06fc
063e
0558
0452
0b38
1154
1282
1306
0ee8
0c94
1000
10b4
0ed6
09e8
0148
fd32
fd5e
fd88
fdae
f9d2
ea34
df90
e196
e37c
dd44
e36e
f536
f1e2
eac2
fc14
0452
fc0c
044a
1004
1302
11d0
14b2
1b66
11ae
0c92
17c8
124a
0924
0890
0806
0542
027e
07d2
0890
fefc
fe08
f530
e53a
e318
e5fc
e980
f37e
f940
f8da
fab2
0494
11b2
156e
1840
1c22
14e4
0772
009a
fa28
f44a
f326
f07a
ee74
f318
f9d6
fe56
fc98
fcce
0100
04f0
04a0
0456
0410
07ce
0f50
1a5a
18b4
0728
f2b4
e788
f50e
01bc
f1a0
ea86
ffdc
0fde
0ee0
01f2
f5d2
f274
f34c
fc16
fc54
f88e
0504
10b2
13a6
166a
1502
1306
1290
108c
0a22
00cc
fa04
fad6
fdc2
f98e
f6d0
f886
fa5a
003c
07bc
0984
06e0
042e
0284
fbde
f1c2
eeb6
ea64
e202
e114
e12c
de36
e37c
ea50
ed62
f1d6
f972
00c6
039c
0526
0a6c
0e08
0cf8
0c90
0fc8
124c
1414
121e
0ab4
0568
0544
03f6
019c
0158
ff0a
fce6
fcfc
f728
edf6
ede6
f266
f50a
f7da
fcbc
ff68
03ec
0606
05cc
0766
0aaa
0764
0116
fc22
f89a
f784
f9c0
fe0a
031e
07c6
07e2
07bc
0a5a
0c78
0e0e
0c18
08de
0950
0aba
080e
028c
fe62
fc7a
fcb2
fbe6
f826
f7a2
fe26
0142
ff2c
fd38
fc64
fd9c
ffc2
fec4
fad6
f828
f9a4
fb08
fa56
f8b0
f724
f6b0
f944
ffae
03b2
0176
ff5e
0368
0714
094c
0a94
09f2
0b08
0f32
119e
1154
0e82
0be6
0a14
070e
03fe
027e
0000
fa28
f684
f81a
fa98
fbee
fb2e
f87a
f5f2
f492
f348
f112
f000
f400
f8c0
fa34
f890
f806
f8c2
fa2a
feaa
03ec
0538
02c4
00de
028e
040c
0350
0384
0496
0570
078e
07cc
0546
04bc
0614
0924
0cb8
0bac
0950
0ace
0cdc
0d60
0c6e
0726
00f8
fe24
fa8a
f654
f3ae
f312
f566
f768
f98e
fc44
fdea
fd06
f946
f4f6
f442
f5f4
f6da
f978
fd1e
019e
08c6
0d32
0cec
0a40
036c
fee8
00b4
005c
fc04
fa0e
fa66
fee4
0722
08a2
03c4
0314
0656
01f0
f7d0
f452
f30c
edda
f0fc
f7ec
fa6c
02c4
0a96
07ec
076c
0cf4
1024
1120
100e
0b0c
025a
0234
0610
fdae
fbd2
0414
01d2
fbb4
fff8
01f8
f9d8
f63a
f8d6
f748
f7d2
f894
f784
f6c6
ee5c
ed04
f456
f58e
fb04
0848
0874
0c58
0d98
0254
01b0
0106
005c
ffb8
f91e
fb22
fd2a
fb28
fd6c
ff9e
01ae
0b8c
146e
101c
0f8c
0c86
054a
0456
054c
0306
02ca
ff7a
fa62
fbc6
ff34
0070
0192
fc94
f900
f7dc
fa0a
fb42
f88a
f438
ec88
e9be
f122
f80e
f68c
f122
f60e
fcac
fee0
00f2
02e2
00b2
00a6
049a
0450
060a
0fa8
16ac
0d40
066c
0c04
0742
facc
fd1e
054c
02f6
00c6
06b8
044c
fe06
0424
0be0
0922
068e
0a24
0b80
02c8
fa9a
faf0
fb40
f78c
fc12
0450
020a
fde8
fe08
fa26
f482
f338
f368
f1f8
f20e
f490
f244
ec88
ebc2
f2a8
fb8a
0500
0db6
1172
1364
169a
17e6
195c
19ee
14a4
0d08
087c
03f4
0092
0060
fe2c
f928
f6aa
f79e
f8c4
fc0e
0142
0216
ffca
ffa2
fd7e
f990
f812
faea
f9bc
f2d2
f0be
f544
f3d4
eedc
ecba
f152
f814
fca8
030c
08da
024c
fc26
fc62
fe9a
02b0
0484
023a
0216
fff4
fdf4
0214
07f2
0972
08da
064c
05b2
07f2
08cc
0850
0898
0594
0292
04aa
057a
0410
009a
fa54
f89e
fd3c
00a4
01ce
02b0
0384
024a
ff24
fd30
fc5c
f996
f3fc
f3bc
f780
f708
f596
f33c
f208
f7e6
fe66
fe8a
fcb6
ff18
ff58
fd96
0000
0a42
0f8c
0e04
1022
139c
1040
0e96
1690
1354
03b0
0174
075c
02e6
fcb6
02ea
06ba
fc4e
fa88
fede
f8f0
ef60
f26a
f742
f1cc
eeae
f3c2
f384
f34a
f714
fba2
fde6
fe06
0024
0320
00ee
fede
fff0
fdf0
fb10
fe5e
0078
fe70
fe92
ffbc
00d4
06d2
0c38
0ce4
0f1c
12b6
107e
0ce4
0b1a
0912
05e0
03b0
0184
ff6c
fb78
f4e6
ef14
ec26
ee04
ef52
ed10
ef88
f55a
f922
fde2
0466
0a5e
0ba2
0b72
0de8
10c6
11ee
1072
0d88
085e
0042
f9a2
f39e
f25c
f298
ee38
ecaa
efce
f440
f9c8
fc28
fa80
fa1e
fef0
047a
0b86
0ec2
0d52
0f8e
1328
12ee
111e
0de0
0864
00fc
f802
f1d4
f036
f1b2
f516
f5c4
f366
f22e
f50a
f8b8
f92c
fa98
fcee
ff9e
02a4
00f8
fee8
fff8
f3f8
f6b8
f74c
f3d6
ee98
f1ae
f892
fd08
0136
0522
04ce
0480
0638
07d4
0756
02e0
0298
093e
0c2e
098a
06c2
04ee
040e
021a
0032
0364
0246
fb26
fa9e
fb48
f70a
f256
ee58
ee24
ed80
eb7a
ef38
f13e
ef98
ef8c
f402
fc8e
02ac
0450
09b6
0f76
125c
147e
