0000
0000
0000
0000
0000
0000
0000
0000
0000
0000
0000
0000
0000
0000
0000
0000
03fc
0e91
150a
1479
134c
1394
1538
1419
116a
1354
1186
094c
0742
061b
ffda
f8fd
f1c4
ef6a
ecb9
e8cd
e9d4
e97c
e5e0
e54a
e98e
f23b
f8cb
fb2c
008b
068d
09fb
0de0
0e17
0add
0d78
1279
119a
0f3a
0f82
0f48
0a99
01e2
fca3
facf
f742
f532
f794
fb10
fe7b
01ba
05b4
093e
0847
061d
03e4
ffb0
fdbe
00f7
05f0
066b
04ab
03de
fe02
f596
ef03
eb5c
eb90
ee61
f28f
f4e5
f66d
fa25
fad3
f6a3
f4fd
f6c3
fbb2
036e
0893
0e1d
13da
129f
0fe2
0ccf
0687
016c
0091
ffbe
fbfc
f893
fb94
ff86
ff3e
0000
01b2
023b
0415
03d4
0198
017e
0364
032c
00fb
fcef
f724
f5b4
fc51
0285
fe5f
f681
f51a
f5c8
f3be
f134
f047
f1e4
f6d1
fab7
fb8a
fe6f
042d
076e
0641
04f3
058e
06f1
0803
07c4
0649
06b1
07da
06b1
0366
0231
01fc
05b4
0bfd
0b86
04bf
0237
ffc6
fc7b
fe7b
0164
0015
fed9
01b2
0051
f50c
ead1
e9da
ed9c
edb8
f061
f758
fa27
faf9
fbe4
fedd
07a8
0bf4
03fc
05fa
07f8
fc04
fe02
09f6
0000
fc04
0bf4
09f6
0000
07f8
0bf4
0000
fc04
043b
fffc
fa02
005b
0055
fc53
fe8b
009f
0491
004b
f84d
fcc3
02f1
00c3
fcb9
fced
f920
f196
f07d
f570
f01d
e922
f287
fd54
fd7e
fba8
01e6
09be
0920
0a8b
0dde
0902
022d
01ac
ff24
fec9
0475
07a4
0861
08cf
0ce9
1255
12db
10c1
0649
0041
008f
f6dd
ed78
f09d
f58e
f633
f8cd
fd3a
fd66
ff8c
0988
0ceb
0a1d
1370
1a2f
1093
0394
015c
093e
0ca5
ffe6
fbea
f82d
ecb5
e5f0
df98
e996
faed
f740
f7cc
083d
03bc
ff84
ff8a
fd94
ffcc
fbe6
f85d
fb42
fa21
0334
0d98
0cf1
0fe8
142b
118e
0e8d
0d44
0ba4
0bbc
0578
fb70
f823
f34a
ed24
edf0
f13a
eccb
eb38
f25b
f57c
f2c3
f29b
f6db
f722
f5ac
0091
0cc1
11cc
11f9
0f94
0ed5
0bac
0c53
1087
0bf9
0158
fb50
f1d0
eb54
edde
f4cb
fba2
fa35
f50e
f48b
f06f
f10d
fc0d
fe83
fcdf
0166
0796
0928
045b
01b4
0522
0631
09ca
0d28
0c55
0792
ff20
f538
f1e8
f2c9
f39c
f461
f718
039a
0f54
0c5f
ffa4
ffa8
07a4
0926
0a91
0de4
0f02
1609
1aa3
12fe
0dd2
0ef2
0a05
0568
0312
00e3
fcd7
f70e
f2e7
f166
ee71
ed34
ef9e
f164
f083
f029
f051
f5ec
fe79
038c
082f
0a47
0aeb
0c29
0bf2
095e
07a6
07c8
04ab
0198
fda8
f70a
f419
f3b4
efba
e984
ea5d
efd0
f36e
fa33
00b9
00d5
02e3
0caf
0f7e
0da6
0d7a
08e7
0057
fa49
f6c5
f5c0
f51a
f6d3
fab5
fc83
004d
03d8
010e
fd68
fe0b
ffb2
fe41
00f1
0867
0a25
0a75
0c69
09de
042d
01b2
034a
01b0
fa25
f53e
f5f6
f7ee
f808
f661
f91c
fedd
fd4e
f7f0
f920
fa73
f5e0
f2e3
f378
f366
f5b6
fa2d
fb8e
fcfb
ff66
feb1
000d
064d
09f7
0819
0716
08e7
0a4f
0c4b
0dc2
0be6
0a27
0a83
09da
073c
07c6
0748
00d9
fdce
01ec
07c6
0b44
0b8e
0cd3
0c05
0946
0568
019a
03f4
0902
0a79
0b82
0b1e
0869
059a
00cb
fb42
f439
effa
eb7e
e3f2
dfba
e2bf
e67b
eec3
f90c
feeb
0275
05b2
048f
0754
0faa
1100
0fba
1203
1594
1045
06cb
ffae
fc00
f9aa
f6ab
f128
ee71
ef6c
efdc
f5be
fe8f
ffe4
fe25
fe8f
fffc
0150
0382
0374
024b
041d
07ae
06cb
03c0
00c5
00ef
020b
0205
00ef
fde2
fa15
f8b3
f69f
f2f7
f3ec
f72e
fa83
fdce
fff4
fff8
fefb
fd14
fc61
fad5
f988
f782
f3e2
f5d4
fbf2
01cc
0639
0631
01fc
fdf8
fb40
fad7
fd98
003d
04b3
0ab7
0d04
0dc6
1009
11a6
109b
0e19
0e35
0c51
0c8b
0dc0
0ae5
0639
00db
fad3
f728
f3ba
f081
ed7c
eda4
f4c3
f972
f8db
f885
fa6d
fe5f
021d
038e
04cb
07ca
0c57
0c3b
09c0
071c
0865
0d50
1180
0ee5
05ff
ffa4
01a6
0784
0b06
0659
fffa
01f8
03d6
ff9c
f9a8
f213
ecf7
e82b
e3ae
e374
df42
de55
e67b
e8ef
ebf2
f160
f6eb
fc63
039e
064b
069d
08b1
0661
07fd
0f38
1584
16c1
0b3c
fc17
f200
ecf3
ecc9
ed3a
fa2d
0e77
1116
0312
f9d0
fd44
088d
12db
17ed
17f1
1338
0c31
0538
047d
05a4
0e83
185d
18dd
1291
021d
fc95
0176
0001
049b
06c7
00a1
00d1
00f7
fb16
f3bc
f52e
fadb
fa59
f60f
f653
00d5
0ca3
0d56
0996
05c4
01ff
0261
02a9
fcdb
fd7a
021d
0069
f4d7
e857
e158
dfba
dd36
dfec
e770
ed40
f742
feeb
081d
1477
1b6a
2011
246b
255c
280d
2a51
291e
26b3
2039
1922
12b1
0e0b
0a3d
005d
f518
e8df
da24
cf80
c907
c4ab
ca65
d56a
dd17
dd66
dac7
db78
e53a
f132
f8e5
0053
0b42
1922
215e
220f
1fa6
1c63
1871
15f7
12f4
0d8a
040b
f905
f2e1
eb88
e546
e833
edac
f15e
f944
fae7
f899
fca5
0089
002d
fbd8
fbe4
0405
0986
0867
0714
059c
0a05
0dd8
0d00
13c6
1b7c
17e2
0fc4
09a6
0994
0d30
0e29
0aa3
04fe
ff8a
f673
ea3d
e374
e5f2
e519
df28
db9a
e05f
eccd
fc09
0871
0dd4
0e73
1091
1504
1788
1924
19de
18bb
15e4
100b
0b8c
0a71
0a91
0958
0964
0b20
0ae7
075a
0647
0691
0322
fed1
f94e
f2d9
efb0
ed3a
e885
e9d0
efb2
f1ba
f510
f788
f81d
fae5
fba8
f984
f8b5
f72a
f7fc
fafd
f9f8
f55c
f00c
ee0e
f328
f7f2
fb6e
feb3
ffc6
00c7
fcbd
f9f4
fe4f
0265
053a
06e5
0675
07d6
0dda
130c
1455
12e9
10fa
109f
0dc4
08a9
0794
0a4d
0b86
0950
07f0
0663
00bf
f673
ec19
e6ff
e6f9
e7ba
e930
ee41
f58a
fcb1
027f
02df
0221
045b
0251
0055
026f
00ff
00ff
03fc
04fb
04fb
00ff
fc04
fe02
ff01
fa06
fb05
00ff
02fd
03fc
04fb
02fd
00cf
fdc4
fce7
0013
0110
01fe
02dd
01b0
fc99
fad1
ff1e
0328
03f4
02b5
0289
065b
09bc
069d
0479
074e
06bb
01fc
fd78
fc4b
f750
f1ea
f045
ef36
eebd
efd2
f352
f8fd
fb06
fc95
0023
0376
04f9
04bb
04d9
04cd
0617
0918
0a9f
08bb
062d
0514
05e0
076c
04f7
01aa
038c
064f
04eb
019e
ff86
fd8e
fdb4
fbda
f720
f7ae
f831
f4b1
f861
fed5
ffee
fef5
fc13
f97e
fa41
fb24
fe1b
03ee
0643
0641
050c
02c3
0382
0615
084d
0a1b
0c79
0e4b
0d8e
0a6f
082b
05c8
035a
fef9
f7e6
f083
eb0f
e895
ebf8
f1c0
f49f
f5ac
fa4b
ffa0
fca9
f6e3
fa71
fdc6
fce9
0114
07fb
0879
03f4
04b3
0467
fe25
fa45
f9a2
fb38
fcd9
fc77
fe33
03dc
0b06
0f68
0f0a
0e37
10f8
0d0a
fefb
f7cc
fb44
fcad
f81f
f219
eedf
ee5d
f06d
f2d7
f580
fc4d
fecd
fd30
ffbe
0421
0e15
1af4
1e35
1857
160d
1534
0fc2
0e23
0c2b
fffa
f885
f7bc
f144
e9aa
e934
ed76
ee0a
e928
e54a
ea75
f3f4
f740
f5a2
f76a
fd54
01f6
063b
0e03
12e1
13da
171e
1776
1110
0889
0441
0217
fb03
f287
eff8
f10d
f386
f936
febf
fffc
0122
0726
108b
12d9
0d6e
08ed
0865
0a9d
0b5c
06a9
0241
fc21
f467
f322
eff4
ecf7
f41f
fcd5
0300
04cd
0083
0277
064b
03e8
01aa
008f
fc89
f8c3
f837
f5b6
f25d
f138
f223
f400
f7bc
fb3c
fb88
f8d1
f843
ffb8
03b8
ff60
fd4e
fd70
039c
0f40
0fba
09b2
09b6
0f64
123d
0c5d
0479
04e7
0720
ff06
f972
fdd6
01f4
01d4
01b6
fd9e
f5cc
f271
f744
f7d0
fc4d
087b
0bee
fb3e
eb9a
f0db
f9c4
044d
1007
108d
068d
04ef
0b38
0ec3
05aa
faf5
f908
fb6c
01ca
03b6
fd6c
fb96
fdfc
0019
0116
ff06
fd16
fe43
0259
062f
04cd
0083
fe7b
fe93
04a3
0655
fff6
00f5
07de
0a1b
07e8
0d8e
1667
1dfd
1833
0a09
fc71
efcc
e471
dea1
da37
e336
fc79
0c49
0ac7
010c
efec
e05b
e6ab
f15a
f7d6
fe29
0425
05a4
02e1
f839
ee79
f5d0
00fd
0772
0d42
0475
fa37
fe8f
fca7
fcdb
0702
0a8d
0de0
12fa
11ca
0cb1
07ea
0d64
1485
1936
1b9e
13ea
0cb1
0be6
0d24
104d
0d4a
047d
0235
0211
fbf6
f63b
f0dd
efd0
f0d3
edc8
e6f3
e18a
e56e
eb13
eb62
eea9
f5b8
fb56
019a
057c
0522
04cf
0283
0259
072e
07ba
053e
08b9
0db2
0bf4
05f6
0225
0479
0a7f
0dd0
0a81
0314
fc04
fb7c
fb20
f2f7
e9b8
e7b8
eb94
eed7
f06f
f269
f7ac
fcdb
02cd
0847
0f24
1617
1ce6
225f
256c
241f
1dc8
14e9
09f2
fd5a
f996
f83d
f33a
e8f1
e002
da9d
dab5
d7f8
d2a9
d90f
e63d
f168
f857
f918
fc02
00d9
fd60
f833
fb8c
00cf
09b2
13b6
1283
10cd
14a3
1596
15ca
154a
1823
1e09
1ca5
1c6d
1b54
1376
0d76
0768
fd82
f44d
ec08
e2e7
dd3c
e4f5
f301
f69b
f04f
f0df
f9c8
fa29
f08f
eb8c
f6c9
054e
08f5
0a63
0fb6
14b3
1366
0e33
0d4e
1075
116a
144f
1067
063f
047d
04af
febd
fb30
f9fe
f70e
f295
ead1
e62f
e69f
efc8
fed9
0902
0849
035c
029d
05d0
04a3
ff66
0279
0942
0f52
1089
0d2a
0d92
1978
1fd8
10e5
f663
e1d0
db68
ce91
c80e
cba8
ccad
d732
e64f
e952
f8cd
137a
2bdf
455a
4f1c
45d7
32fe
1fb8
0ca5
f65f
edbc
f227
f0bf
e9ea
e431
e3ac
e014
d7b8
d91b
e394
f441
043f
0d1e
1504
1dc0
2102
1e0b
1a53
17ff
1310
0bd8
04b3
fdda
f97a
f88f
f8eb
fd74
00c9
fee5
fb28
f877
f5f2
f394
f1dc
f53a
f764
f5f0
f60f
f3b0
f176
f45b
f792
f916
f786
f590
f437
f152
f10d
f53e
f980
ffae
ff7e
fd56
ff60
ff4e
033e
10c9
18f6
15e2
1649
17f3
1cbf
2055
1ab5
1695
1bf5
1827
09de
0421
029b
ff18
fbd2
f6e1
f285
eed9
e7f2
ea2f
ecf5
ee23
f738
f9c2
f42b
f4e9
f996
fbfa
fc39
fe73
fe8b
f8a7
f71e
fda6
01c6
03a6
0568
fd18
f54e
f3fa
f0bd
efb2
f2b3
f782
fc05
fc43
fe7d
0291
0267
043d
05f6
0596
0140
fa31
fa8d
ffde
00df
02cf
03a0
0265
0738
0ac1
0a13
0d6e
1093
1186
1469
1223
0b06
067f
0487
0388
037a
054e
06d9
0495
0150
fdb4
f9e2
f67b
f512
f693
f944
fb80
fabd
f912
f901
faef
fcbd
fc71
fd28
fe53
fbf0
fbb0
fe71
ff88
000d
000b
ff8a
fd92
fbba
fbfe
fc3d
fc79
feaf
00c1
02b1
087f
0bf2
0736
00c9
fcbf
f8f7
f56a
f811
0087
0875
0bea
0c29
0968
06d3
0665
06fc
058c
0037
ff34
053a
08e3
0853
07ce
0a4d
0ba6
06ef
ff4c
fb24
f863
f40c
f156
f43b
fb4a
fc11
f8ef
f833
f9be
fc5f
fbf4
f8af
fbd2
fde4
f40d
f4cb
fd76
fba0
ffe2
09d8
0b36
0c7f
0bb6
06fc
048d
0245
021f
01fc
01dc
03bc
077c
0306
fadd
f534
f3e2
f4a3
f558
f9fe
fc5b
f49d
f156
f43d
f4f9
f7a6
fc27
f867
f4e5
f596
f839
feaf
02bf
0291
0465
061b
03ba
037e
0542
02ef
02bf
088b
0bfd
0740
04cd
0a79
0dcc
06f5
008b
027f
084f
09c8
092a
0e91
0fa6
0aaf
0dff
1318
0bec
0f28
0e35
fd60
f98e
01ec
01cc
f9b6
ee25
eb46
e499
da5b
dcb5
e2e5
ecad
f9d6
fe33
fa53
fea9
05b6
0857
08d1
0744
02d3
ffa8
fdae
fbd4
f819
f897
fc09
fd46
fc71
fea7
fbbe
f60a
fc04
07f8
07f8
0000
fe02
0000
05fa
07f8
05fa
03fc
05fa
05fa
03fc
01fe
09f6
114e
0c3d
0380
ff4a
fb58
f9a4
fe05
0021
fc21
f467
f520
fbc8
fe07
0221
07f8
0b74
0c5f
0ad9
0813
0538
045d
0865
0be8
0bd4
0962
01d0
fca5
fde0
fe17
fd58
f9ba
f388
f415
f4f7
f223
f3e6
f9e6
fbb8
ff8c
fd2a
f50b
efc2
f148
f726
fee9
0833
0cab
087b
05f4
0198
f788
f215
f2f3
efc6
eccd
f3fa
fcb1
fce5
fd14
013e
0922
0c8b
0bc2
0f00
1390
1738
19eb
11ac
0566
fbb4
f4bb
f483
f8a5
fabf
f8e3
f75a
f82b
f72e
f28b
f299
f968
facf
f823
f8a1
fb14
ff5e
0364
042b
03e8
04a7
035c
ff2a
fe37
0150
0338
0502
0aab
0ff9
0cfa
082d
06ab
0441
0000
fe02
fe21
ff3e
0148
042f
04eb
039c
085d
0cd1
0a9b
0a2f
0879
009d
fd34
fe11
feef
fac9
f40f
f31a
f499
f55a
f861
fa73
fe8b
0766
0a7b
070e
049d
022b
01cc
055e
078c
0a59
0aa7
059e
04b3
04af
fe89
f7d0
f6bd
f802
f881
00f1
08d9
0051
f853
f8cd
f93e
f9aa
fa0d
ea7b
ebd2
14ec
2b84
10e3
07dc
0f54
0665
f60d
e6bb
d85d
e2cf
fc89
0caf
fbf4
e44b
de0e
d833
d2b7
dd82
ef9a
f897
08fc
1415
11e8
0358
f990
0085
12f8
1fb0
26a1
27ef
1bf3
0bda
0c51
1059
139c
160b
13a6
0a73
05d0
0770
06f9
028d
fe67
007d
fe77
f697
f330
f000
e907
e877
f1e8
f6c5
f758
f7e2
f665
f105
f3f2
f8ad
f524
fbcc
0207
f7f0
f077
f36c
f633
facb
fd1a
0342
0b04
0cf6
0e5f
113a
0d62
0a59
0a29
0aa9
0ec5
0e2b
082d
0548
ff68
f7ec
f522
f3da
f404
f885
f8fd
f7a4
fc9b
fd5e
f035
e25d
e441
ecdf
f788
fdce
01c2
0b60
1407
1588
1245
0ba4
0b06
1013
164b
1a6d
177e
15fd
15e2
101b
0d2a
0afc
029d
fbac
fa47
f726
f27f
f287
eefd
e833
e68f
e7cc
e7b6
e762
e7d6
e705
ea02
f178
f2f1
f3ba
f7d4
fceb
ffca
fd80
ff6a
0534
057c
0590
0574
042d
03d6
0164
ff0c
fbe2
f809
f9a6
fe57
fdce
fa5f
fcb7
00e7
02d5
04a5
0855
0dca
08f1
0267
023f
0219
01f8
fddc
f804
fc7f
00b3
04a3
0b50
0b9a
08e1
0e4b
1162
0e4d
0b6a
05b8
0160
0346
050e
05bc
0360
ff2c
fc3b
fa79
f6ff
f402
f78c
fb1e
faa1
fc51
0000
fd78
fb2c
0122
04b1
07e0
0e97
1071
0bae
04db
fc4d
fa5f
fcb7
fd03
fd60
f9d0
f4a9
f627
f9d8
0178
0891
06f9
0b3a
18d3
1cd1
11b4
fac5
e96a
edc6
f26b
ef38
ecbd
eeff
f1a2
f091
e416
e138
e774
ea12
ed32
ecb9
ece1
f398
f24d
f184
ff2c
09ff
07e0
05a2
0b52
1843
21a2
1f64
2049
2617
2e53
3495
32d2
2d96
293c
1be5
0a87
fbe8
ee51
e41f
db6e
d06f
c99a
d0d9
d521
de75
f037
ff5c
0996
10f4
13e0
12a1
0d7a
04a9
fe63
0079
026f
fa4f
f4af
f364
ee33
ed50
f673
0100
02ed
069f
0fda
1801
18ea
1300
0cdd
06b3
feb7
f940
f059
e87b
e9ce
f1b6
f990
011e
062b
04c9
ff80
0087
0578
071e
02af
fe87
fe9d
00b1
069f
0c2d
0e67
127b
1251
0f2c
0f38
10c5
0db4
0a63
08f1
0350
f7f4
ef88
f01d
f324
f65f
f7b2
fb2e
fe99
fbdc
f56c
f3b2
f671
f950
f63b
f1a6
edca
eeb7
f21b
f1bc
edd6
f0b7
fbdc
046f
0857
0dba
1257
1815
14bd
06fc
05d2
0a83
049d
fcf1
fbd0
f8e3
f25f
ecaf
e9f0
e60c
e332
e566
ea47
ed88
f423
fcaf
02cb
0570
06bf
07c0
0b6e
1281
1590
16c1
1429
0b1e
014a
f808
f394
f4c5
fa37
037a
0413
f88b
f5ec
03b6
0c89
0c6f
0fee
0abb
f98e
f59a
f633
ef18
f4e9
02ab
097e
1392
186b
1439
15a2
1447
0c63
0a91
0885
0455
0241
fc3d
f0bd
ea67
e720
e8cf
f312
fb18
fec9
0a3d
12a9
1001
0f00
0d96
ffe0
f305
f154
f42d
f538
f885
01d2
0281
fe5b
066d
0803
0386
054a
04f5
02a7
007d
fc79
f6b7
f34e
f813
fe8b
fca3
f8dd
ff48
024f
ff2c
fe39
fb58
f9a4
fd06
fd34
fd60
0087
027b
074e
0ad5
0928
0697
072c
06b9
fe1d
f619
f4dd
f20e
f1d8
f413
f48b
f952
03fc
0bdc
0ee3
133e
16b9
114c
09ac
082f
07ac
0334
0300
fed3
f6ed
ef84
e893
de16
dc37
e26f
f437
00e7
fcdb
f910
f97e
f1ee
ecd5
f202
fad9
0520
0ec3
15ce
166d
1306
0fd8
0add
082f
0fa4
189f
1516
0bcc
0514
009b
fc61
fa83
fce9
ff3e
0174
017a
f97a
f02d
ebee
e88f
e81d
ec6b
f30d
f7ac
fa45
fee1
013c
0368
0750
04c3
0433
0b82
11fd
1186
0e89
0f40
116e
12ed
13bc
11e2
0d96
0425
fb2a
f5e2
ed40
e8b9
e82f
e76c
eb74
f0dd
f16c
f067
f4e7
fe6f
0768
0d96
0df7
0b18
0b64
0bac
05f6
019a
0081
fe79
fe91
ffa6
fbae
faf3
ff3e
fe4b
ff64
0368
fe35
f764
f340
f1c0
f0c7
f055
f461
fa85
fa77
fe91
0a6b
0f38
0946
0368
01c6
0429
0841
09ba
0520
fed3
fee5
f8fb
f172
f853
fec7
fed9
00e9
04d5
0883
0ff1
1ae5
212e
1f1a
1530
03ec
f3bc
ec87
edbe
f6d9
f76a
e802
d990
dbf6
e62d
e7ca
d164
d44d
f6e7
ef80
e097
fa75
0abd
0613
15a2
1c3f
0a8b
fdee
11f9
20c9
16c3
1d4e
1b78
fddc
01fa
15c6
0479
ec49
e58c
f326
03e4
03a4
0368
0330
f30d
efe0
04cd
047f
0435
0fe6
02f3
f2d3
f7a0
f429
ecef
f21b
faf1
f744
ebdc
f118
fdfa
0215
19dc
2431
11fd
0ce1
100d
0b10
0a03
04b9
fba0
f338
ebba
e554
dc2d
ccbd
cfcc
e41a
f800
0ae5
1845
240b
1e01
0f6e
1075
0b70
fec5
02d3
04a3
fc5f
f89d
f912
f980
fbe6
0021
0a13
1368
1e25
2835
1fb8
11c8
0caf
07e8
036c
fb3c
ff84
0b7e
06c9
f66b
ef0b
ec1d
ed5a
f27f
fb4e
ff94
ff9a
039c
0560
030a
fedd
faf3
f14c
ea3f
f194
fa71
fac9
0114
04fe
feb3
fec7
04d3
0287
fc4d
f693
ed82
e594
e2f3
e75a
ea3f
eba6
f392
f962
fb0c
00bd
020f
fd40
02c9
11d6
1968
17bc
1968
2025
1f7a
1ddc
235e
236e
1e65
1eb1
1a05
0ed9
05e6
fd50
f35a
ea67
e0b1
de89
dd8e
dbb6
e117
e717
e782
eea3
f9d8
fc91
0136
0d7e
1299
0ed3
08d3
02eb
0142
ffa8
fa2d
f538
f0e7
e954
e2ef
e5ce
ed4a
eceb
ed26
fde4
0da4
1401
1d52
2124
1b14
1a61
1db6
18dd
1055
0b52
099e
0308
fddc
01fa
02d9
feaf
fcc5
fbf8
fe35
044b
0bda
069b
fb80
fb30
ff04
00a3
fa29
ee4b
e5b6
e275
e64b
ecad
ef44
f631
faff
03a2
0b5e
08a9
061f
01c0
ffa4
0b9c
0edd
09f2
0b50
0a9b
0bee
0d2c
0a5b
07b6
053c
04e7
026f
f811
f095
f202
f3c6
f5ce
f606
f689
f352
f4af
fa4b
fbbe
ff38
0081
fbb4
f952
f74a
f5a6
f46d
efa6
edaa
f455
f6f5
f5b4
fcd1
0790
0d68
1671
1e33
1c8f
181f
1730
1396
0d9a
0790
01a8
fe0d
feb7
fd60
fa33
f764
f307
f54e
fdbe
05b8
050a
023f
0586
0a69
0ea9
122d
0af1
fbd8
f7c6
f831
eedd
e2a9
dc1e
dd13
e507
eb52
efe0
f6a1
ff3c
0950
1275
1477
13b6
165d
122b
05b2
fdcc
fc6d
f348
e91c
ea3d
edf8
ec0c
ecdb
f22f
f59e
fd24
0a41
143b
12fc
1534
1e95
1e71
1364
0c67
0970
045d
0174
fead
f61f
f065
f35c
f623
f8bf
ff2c
0136
0320
08e7
0c53
0b8e
0ad5
0a27
0b82
08cb
0045
fa45
fc9f
fdd4
faf9
f94a
f8b5
f829
fba2
fee5
01f2
05ce
0570
011c
0308
06d3
0269
fd46
fa73
f5fa
f413
f6a5
fd52
05a6
0948
066b
0386
06ab
0966
03b0
fe35
ff18
fff2
00bb
036e
0138
f92c
f79a
0017
0015
fa19
0071
0267
fa47
f8a3
fb16
f768
f3f6
f6b3
f746
f1d8
eebd
f3cc
f48f
f544
fbea
0025
041d
09d4
0b34
0a81
0bd6
071a
00ad
00a1
0293
fe6d
f697
ef88
f164
f790
f5a2
f027
ef7c
f358
f75a
f764
ebbc
d976
dd74
ee39
ee8f
eb6e
f910
0e05
1d3e
2a97
31c6
2efa
26e6
1a1f
0956
0144
01a0
fdec
fe7f
0310
0342
ff58
fd64
0188
0768
0aed
0e39
0f52
0e5b
077a
0304
02d3
fcab
f8e3
fd50
fb7c
f7c8
f84b
f705
f619
f38c
f18a
f417
f2dd
ee21
ec3d
e917
dee1
da53
e32e
ea63
efd2
fd60
062d
03cc
058c
0d2a
1053
1348
1a0b
1c65
1c9b
1ad1
1922
1790
0e1d
0344
ff12
f926
f39a
f2c5
f463
fa3d
01e4
0700
0994
0bb0
1146
11f9
1011
0dc6
0734
fad7
f560
f68d
eff8
e84d
e5d6
ea4f
f724
ff74
0542
0e83
18b9
1f86
20ec
1d38
12d9
008d
f15e
e792
e122
e208
e3ce
e657
f17c
fe5d
087d
0bba
0869
0706
077e
01b6
f641
edce
ec6b
ebb8
e7b4
e4b1
e2b5
e1c0
e7c4
ee27
f4b1
0322
1291
167d
1976
1b72
1677
1116
0b82
03ec
feab
fbc6
ff28
0657
08e3
06fe
04fe
0aed
1023
0a8d
00fd
f7fc
edca
ecc3
f25d
f40d
f402
f455
f4ff
f5f4
f728
f88f
0a09
2a0b
3ec2
4045
1fcc
0851
fa02
ecc5
f0e3
fd2e
00d1
0cb7
17de
0e67
018c
fd76
019a
fd84
fdaa
09c2
0924
f8a1
e52a
dedf
e0f1
cef5
ca0c
db0b
d437
c33b
c91f
d059
d0a5
d661
e505
f790
0934
216c
3f0a
54d8
66a0
7811
78b4
6992
5c0f
4c81
338e
1293
f312
d5f0
affa
8ee3
8355
845a
8d25
9cf3
b2d7
cdc0
f083
1194
2c09
3f7a
47bd
4940
485f
3954
296e
1140
f60d
e8cf
e515
e26b
e8cf
f380
fde8
07b8
0eaf
18bd
1968
0f44
014c
f625
edfc
e0e9
db98
e1b4
ee57
feb7
1017
1de2
27e1
2a07
24bf
1ca5
1029
fdfa
ecfb
e19e
dbe6
d9a6
deb7
e87b
f25d
fc0d
073e
0988
0368
fd8c
fc1b
f8e1
f60f
f5b6
f3b4
f035
f366
00bd
0d36
1281
10e9
0ce3
08b3
087b
09fd
071a
002f
ffaa
0924
13ba
1f04
24a5
1ecf
1263
0827
fc4d
f34a
ef38
ebec
ed6e
f762
fcfd
0055
0372
0243
0112
03e8
086b
0c61
09b8
02ed
fc75
f283
ed96
f180
f3a0
f600
fc83
06b5
0e0f
0e87
0e7f
0fff
16e1
2097
24af
2164
1944
0ae1
0500
074c
073a
fef5
f53c
ee71
ec99
e77c
dd7a
d729
d67d
d729
db0d
d9e0
d3fc
d7cc
e09b
e3de
e9c8
f9fa
0857
0f90
18d5
23ba
26d7
2889
2ed2
2d44
2568
1edb
13c2
06bb
fb4a
eeb7
e772
e461
e25b
e75c
f2c9
f9ec
fecd
0764
1330
19a8
18ee
157a
1190
0d56
04f9
f501
ec57
eccb
efce
f320
f8a1
fc04
fd50
009b
09a4
0dd0
0950
06c9
062f
036e
fcbf
f099
e7ac
e808
eb18
ec9f
eca9
ef48
f43f
fb40
05f2
0fc6
1083
10af
144d
1510
171c
1a4b
1679
0c35
0477
0330
fe02
f728
f7b6
f839
f6b7
fb46
018a
026f
0049
0043
0439
08f1
0663
0100
00ef
fee1
f4fd
efb2
f0b5
efaa
f0af
f79e
fe1d
fe3b
fc59
f897
f510
f9ba
0215
03f2
0093
fc65
fd90
03b6
085b
0a73
0b16
0b54
0c31
0ba0
04bd
f924
f178
efb4
f08b
f5cc
fd04
fde6
fccb
01d4
0879
0a71
0bf5
10fa
1922
1a03
120b
0801
0053
f91c
f48b
f499
f94a
f7b6
ee43
eb62
f0a7
f39a
f85b
02cb
029d
fc79
fab3
fb06
f956
f7c2
f647
f8e1
ff82
05ba
0962
0c83
0714
fdc6
f916
f8e5
f6ef
f360
f46b
f7be
f91e
f6a1
f88f
028f
0cd9
0f1c
0dc4
0a13
074a
086d
0d34
1142
1188
103b
0e7f
096c
0160
fcc5
fd86
fe4d
ff14
ffd6
ff8a
fc47
f855
f5de
f5dc
f52a
f2db
f217
f5ca
fb90
031a
0b10
102d
1475
17d2
1a39
1ba8
1427
0a7f
0516
fddc
f326
e980
e522
e7da
ed22
f2ad
f847
ffc4
06c9
0a29
0dff
1621
1b10
1cd7
2095
2112
1a83
0f8a
06bf
fe47
f069
e3e4
de00
d988
d689
d703
d8bb
d992
db8c
e285
edf6
fb3c
05d6
079c
050a
0675
0794
0267
fb7a
fb18
fedf
02ed
04bb
066d
0803
0782
050a
02bb
028f
085f
0dd2
0af6
0649
05e4
0584
032c
fefd
ff12
0526
06b1
01f2
ff6a
ff0c
f8c1
f90c
0180
0364
0112
04d7
0835
091c
09aa
0ddc
115a
1413
1401
0d54
07a4
030e
fcab
f8c5
f556
ef74
ed70
f01b
f318
f74a
fb7c
ff8e
045f
06c1
02cb
fa02
f3f2
f19e
f4dd
fc3b
0043
0108
03b6
0718
070c
08c7
0b1c
06f9
01e0
0104
002d
fe61
fabf
f384
f01b
f45f
f6bd
f540
f62d
f956
f885
f301
f136
f5f8
f9bc
f978
f56e
f0f9
f43b
fda0
0283
0403
0748
0b1c
1453
204f
248d
2562
2001
14fa
0ff5
12b7
14b5
13ed
0c97
074e
0619
fecb
f200
f263
f528
f21b
f3a8
f57c
f388
f611
f8ad
f722
f5b2
f457
f114
f004
f4ff
f7ac
f235
f112
f5fc
fc95
02c5
0495
004f
0049
083b
11ac
148d
173e
19c6
1031
0932
0e99
09b2
ff20
ff2e
fd3c
f96c
f7d6
f25d
eb3e
e734
e231
de6b
dfe8
e04d
dbae
da77
dc7d
e17a
ef11
024d
0c4b
0d4c
13ca
1d3a
1f2c
1e05
1dfd
170a
09d2
0514
0a6d
0722
ffd6
00f5
05f4
0873
0689
fe8d
ff12
0194
ffe2
07da
134e
1217
0104
f4ff
f5ae
ee59
e37e
e940
eea7
efbc
f8b7
fd26
f956
fdbc
f5e8
eae3
f124
0766
1c05
1a8d
105f
1243
0b7c
04c3
fe4d
f053
ebac
efe8
f859
fc83
f88d
fd08
0b48
1051
0891
0304
07ac
0dc8
1112
179a
1afc
1358
0f8c
0782
fbbe
f6d1
f675
f70c
f39e
f463
f918
017e
0d5a
107f
ff86
ef9c
f49d
fd4a
f57c
e633
e7d0
e952
eabd
f0b5
f0cd
f15c
fc4b
00ad
06bf
0c37
0ef6
1908
23ae
288f
21e5
1897
1510
0f1a
070c
ff46
f9fe
f538
ef14
ebd6
ed66
e978
e081
df0f
e8af
f26d
f600
f3ae
efe4
f2d1
fbf0
039c
08b1
0a31
074a
0a4f
12c9
1427
11d0
1308
1097
0bc8
07e6
0300
004d
fcc3
f48f
ef36
ebb8
e913
e84d
e651
e63f
e9f8
f31e
fa1b
fcd9
047b
0e7b
116c
0ea7
0d94
101f
12fe
1714
1d2a
1ef6
1bb0
17be
1449
0d6a
068b
01e2
fd72
f95c
f2bd
ecef
ed0f
ecc3
e917
ec55
f3f8
f782
f71a
f8fd
fcf5
fcc7
fab5
faeb
f946
f7f2
fced
ffb2
024b
0c9f
11ea
0e57
0e85
1237
0d22
03f8
ff3a
facd
fac9
fceb
f908
f19e
ed1a
f16c
fbe6
ffdc
0392
0ee5
130e
0e63
0d8a
0c4f
02cb
f9c6
f380
f000
ef32
eef7
f342
f7ae
fa15
fc85
f8ed
f5c6
fd18
0805
0a09
05a2
074c
0c9d
1132
12f4
1005
0cc3
0f46
0b2a
00fb
f764
eaad
dd6a
da06
d806
d764
dc0c
e186
eb98
f7a8
0338
07fb
0833
0e1f
113a
0ba0
09fb
095a
03c8
fe8f
f8ab
f91e
ff86
0289
025f
0534
08dd
074e
02dd
01b0
ff96
faa1
f5fc
f3ec
f459
f918
04bb
1378
1ab3
1ba8
1faa
246b
20c3
1752
0fbc
081f
fdbe
f512
f142
ee31
ef4e
f455
f90a
fd74
ff9a
fda2
fbca
f80f
f68f
fd1e
fd4c
fb78
03b8
0d72
0e99
09b2
051a
00cd
f8c7
f53e
f5ea
fa87
fed9
feeb
ef0b
e425
e5e2
e782
ed05
f62b
febf
04cd
0a79
09d0
0f2c
1235
071a
00ad
049d
0451
040b
05c8
0768
08ef
0e59
0f70
0e79
0c1d
038c
fd64
fcad
fc1b
ffac
0401
02f5
ffe2
fdfe
f94a
f316
f3a6
f889
fd56
fdf0
f992
f2af
eba4
eaa7
e964
e6eb
e75e
e98c
f243
ffd6
0a8f
1148
1807
1e97
1dce
1823
1310
10b1
0df0
09ec
05d6
03ce
07c0
0a33
0732
0425
0225
0132
0241
ff2e
f855
f522
f277
ec65
ea4d
edfe
f200
f530
fb80
fe91
ff7c
015a
000f
fbda
fa04
f77a
f45b
f1ca
efd2
ee77
f1ba
fb32
0833
1025
1516
190c
1df7
1fa4
1c39
1a1f
1754
0bff
00ff
fc9f
f7a0
f42f
f44f
f0cd
edfc
f0e1
f211
eea1
e9f4
e83d
ed58
f5b2
f9dc
f9f6
f93c
f7c4
f8a1
fea3
074a
112a
17e4
1c71
20cf
1de3
1639
1253
1411
190e
18f6
131c
0e03
06cd
fdd4
fa75
f776
eeef
e776
e334
df1b
e043
e453
e800
f02b
f950
fd1a
fcc1
0081
05fb
04f3
03d2
049f
033a
01d2
026d
fcef
f7de
f758
f71e
f72c
fb7a
05a0
0af8
07aa
064f
04d5
014a
ffea
fe9f
fb74
0293
0d24
10a7
136a
1366
10c7
0dc8
0c85
0af1
091c
071a
05fd
fec7
f40f
f05b
f259
f3a4
f53a
f70a
f804
f92c
fc75
01a2
046f
06eb
0904
07b6
053c
02e9
00bb
03ac
066d
010a
fbfe
fa3f
f69f
f734
f8bf
f536
f5e2
fa7f
fad7
f92a
f5d0
f7f6
fe33
001d
01e6
057e
03b4
fdec
f88f
f4c1
f287
f1da
ecab
e867
eb1c
ed4c
efee
f8dd
0172
0574
0a07
14f8
1e91
1fa0
1fa0
239e
283b
2a4d
27ed
2075
1372
05a2
fd7c
f7ea
eff2
e7fa
e43d
e398
e4df
e5e8
e5b2
ec49
f70e
036a
0ee3
142f
1388
104f
0fc2
13ba
11d8
0e85
0eef
09de
ffd2
f766
edc6
e64d
e612
eca1
f261
f237
f47b
f9f2
fa51
f7ae
f732
f5c0
f663
fdf6
0310
05dc
047d
ff38
0142
012c
fe1b
fd3a
fe65
0279
0637
0d82
13ea
154e
19eb
1576
109b
0b86
0467
fd94
f542
e7d0
dff0
d78e
cef7
d265
d907
e46f
ec02
f1ba
fd80
069f
0af8
0eb3
13b8
17ce
18e5
1328
0f2a
0cef
086f
01f4
fdcc
fdf2
fc25
fa93
fb42
fa0d
f71a
fa97
0201
06e5
0b40
0afe
046d
001d
fe0d
fc2b
fc83
faf3
f6a5
f2e5
f2c3
f509
f780
fc0f
0271
0956
0f80
11ce
1366
1746
172e
135e
0e2b
094c
06b9
044f
020b
03e8
05a6
ff50
f762
f3f0
f6ad
fd3a
0162
ff4c
fb5a
fba4
0203
04ef
0485
05fa
0726
0a03
0c61
0a37
07dc
0863
04a1
fdf8
f8c7
f223
e95a
e8c9
ea3b
e39e
df68
e170
e754
f0d7
f9c0
001d
0417
03d6
0794
0d14
0c41
097e
0ae3
0a33
083d
0720
06db
0463
fef3
f9e0
f64b
f736
fd52
0320
0679
076a
0710
0780
09a8
0960
08d1
09ff
08cb
0366
fe3b
fa6f
f70a
f520
f5a8
f578
f59c
f70e
f8af
f871
f774
f5ca
f56e
fa11
fe6b
fe83
0097
0588
052e
02dd
00b1
ffa6
00a9
009d
0291
0762
08e9
0a57
0a5b
070e
01be
fbb4
f62b
f148
ee27
edc2
ebf4
e9e2
ed9c
f5a8
fa87
fc43
fd03
fdce
019a
0817
09ee
0b56
0e49
09a0
03f4
047b
07d2
08b5
0447
03f8
0689
02c1
011a
057e
0372
ff6c
fba8
f841
f54e
f4db
f8c3
00a1
01ff
ff3a
00a3
fff0
ff46
06a3
0d54
0b36
05e2
03b0
057e
07ff
0819
06f1
06a1
071e
035e
fcc1
f7a6
f11e
eb74
edc0
f176
ef6a
ee02
f039
f4c9
fd64
0588
0702
0b28
11ae
143f
1506
1615
1362
103d
0fc4
0ed3
0c79
08e1
013e
f90c
f293
eee9
edfe
eead
eedb
f18a
f67f
fb6e
0130
078a
0845
01b8
fd82
fba0
f800
f6d5
f802
f75c
f705
f6f9
fb2e
0540
0c87
0ef8
0ecb
062f
ffe8
fffe
0011
fa27
f2cb
f247
f039
e8cf
ec89
fa97
01f4
02cf
0582
0bd8
1564
1bae
1ab9
18fc
1691
0d9c
02cb
fc8b
fac5
f944
f613
f164
ed72
ec4f
f1d6
f970
fcc9
0003
ff0c
fe2b
0360
0328
fcfb
fd2a
ff54
015c
ff48
ff52
0556
06fe
068d
0821
079e
0920
0e87
09a2
030c
06d7
0669
0205
05e0
077e
0704
0693
fa35
f09b
f190
ec7b
ebb4
eef7
f402
feb7
08c1
09ea
08b1
0348
0017
fd16
f85d
001d
0d58
115a
0a99
fbf6
f257
f1b6
f38e
f9a6
ff8e
ff20
02bb
0803
0cb5
14af
1984
1744
126d
0f4c
0fde
0de6
03a4
f5ec
e95e
e249
e28b
dfb6
dc10
dfba
e825
f0c7
f55a
f5fc
fcdb
075e
0d00
11e0
11e4
0760
fd48
f7e2
f50e
f1be
f110
f4df
f7ca
fcc3
0780
0e57
0d54
0df3
0d18
09e4
098e
05f2
fd62
fb68
fab1
f433
f079
f56e
fc65
fb10
f3fe
f5b2
ff94
04df
05b0
0645
089b
0887
0433
0001
fe0d
f84b
f71c
fe3f
04fc
032a
015a
0792
1122
1d8a
283d
250e
14f4
1126
0d0a
f8d5
f20e
fa13
fdcc
fd5c
f90a
f730
fbb4
000f
0621
03a8
f93e
f1ae
e50d
d80e
d515
d79e
e13a
f724
07f8
1182
19e7
1cf8
18f4
1863
1518
0d5a
0ba6
11a6
16b7
18c1
15e6
1485
1293
0f2a
0881
00fd
f9e8
f86d
f647
ef96
eccd
ecc7
eb5a
eba6
ea91
e43d
e128
e336
e707
eb5e
f013
f8f7
077c
14db
1cbf
1f40
209d
1ee1
184b
0b62
02e7
00d5
00d9
00d3
fcc9
f718
f408
f384
f469
f49b
f126
ef5c
f32c
f823
fc09
00cd
043d
0653
0c0f
0d10
0a99
0ced
0db4
0a01
0a35
0914
00c3
fde8
fd48
f9ca
f8b1
f8e3
f64b
f724
f934
f859
fac5
002f
0243
0223
03f2
0582
02cf
ff30
ffcc
fe5f
fc15
fc0b
fb20
fc67
00b1
02b1
017c
014c
ff94
fcfb
fa21
f8a1
f8ef
f96e
fb18
fdce
0067
0055
ff40
fdc2
fbee
fc55
fdd2
fe47
ffc0
0320
0532
05fa
0980
0f7e
10a3
0d32
0a8d
08bb
09ba
075c
00ed
fed7
fce9
fb1a
f96a
f5d6
f27b
ef56
ee61
f178
f061
ed5e
f481
fd30
ff5a
055e
0b00
0a4f
09aa
0710
02a3
0475
0a27
0984
00f3
fae9
fd36
fb64
f9b0
020b
07e4
0b60
0ea5
09be
0524
02a9
ff3e
fd0e
fe13
0213
01c4
0069
ff20
f9f6
f849
f7f2
f1e6
eaab
e788
eb52
f380
fc3f
0473
0827
07a4
0b24
1269
193a
13aa
067b
0a0d
0d68
fca1
f0e3
f5d0
fe69
0679
0611
05b0
0752
02e1
fcb7
f6f1
f582
fe21
0637
07d2
0b50
089d
0415
09ce
0930
fea7
fcbd
faf3
ed50
ea7f
f5cc
f86b
f0eb
f1dc
f6b9
f74c
f5d8
f877
fceb
ff18
fd28
fb56
ff9c
039e
0560
0904
0c6f
0fa4
06b1
fa51
fea7
06b3
0647
01e6
fbcc
fc0d
0245
061b
fdc0
fbe6
021f
01fc
01dc
03bc
0182
0168
ff52
f566
ee17
ed36
ec63
e5a4
e14e
e734
f07d
f7ac
fea9
073e
0c11
0d38
0de0
0d0c
0dda
1126
0eb9
09fb
0b32
0afc
0970
08af
0823
05a2
0447
0500
03b0
0176
035c
0623
06bf
084f
08c9
063d
04d9
018e
fd78
fda0
fcd7
f736
f233
f3e8
f7de
fcd1
ff8e
0221
0776
0b3a
0a69
0950
07fb
047b
ff10
fd01
fb32
f188
ea77
e7d2
e558
e901
ee6b
e98a
eaf1
f637
fccd
00fb
0ae1
0e2d
0f48
144d
185d
146f
0c1d
08eb
089f
0613
077a
058e
ff98
fefd
fd72
f914
f631
f5c8
f6b5
f4dd
f78c
fc0d
f84f
f8c9
0132
051a
04c9
027d
fe59
0071
0663
05fb
019e
0382
0942
08ad
01e0
ff6a
fd20
f912
f778
f43b
e996
e24b
de5f
ddbc
e42b
ed0f
f3fc
fcd5
013c
fb5c
f7fa
00ff
0f64
186b
2219
2a1b
2a4f
2b2a
2c99
2293
1619
0fae
0b28
068f
0009
f1f2
e6dd
e86d
f9d6
0e23
0d40
0473
0827
0ba0
06e9
0679
0611
f9bc
e633
dfd8
edce
f2ed
e82f
dedb
d327
c992
ce3b
d822
daaf
d643
cf6e
da79
e9fa
f138
f081
f44b
0429
16e3
27b8
363f
3c31
3be3
3db6
4178
36fc
2574
21c8
273c
2722
21d4
1dc8
170e
1205
12b5
0ec5
0a9d
fe69
e711
dde8
ea4b
eaa1
dfa6
d25f
cf50
d5ee
d17c
cec5
d1be
d5f8
e730
fc15
0bce
1e25
266b
190c
07be
0b30
1e01
2ab7
2956
22c5
178a
fc55
def5
d461
cbd2
bf25
c331
d6ed
f164
023d
0219
e218
d406
debd
f0c1
099c
20e8
1ed9
14f2
13a2
1267
1140
0c2f
0b6c
1aa5
24ee
1ea3
04cf
f095
f982
01e2
f9ca
f233
f70a
ff90
0392
ff5c
fb6c
ffd6
07f4
134a
1d4e
15d4
0629
0b32
0b94
f7a4
dd3c
d182
d3ea
db86
dfce
e4d1
e65f
e0a7
e03f
eccf
f92e
04fc
13e0
2d28
3b78
3318
1db0
0cab
0843
0bd6
16c7
1c55
18ad
1a71
1f40
14d5
0073
f54a
f91a
f4ed
ed5c
f0cf
f681
f42b
f653
faa3
f6df
f39c
f461
fd12
0d30
0861
f3ee
ecb5
fdd8
0dea
090e
fc89
fcbf
08e7
144b
1306
09de
fd4a
f88d
f455
ebc2
e15a
db8a
d837
d756
dbc2
e404
ef9c
f503
f56e
f526
f23b
f5e4
fe9b
02ad
047f
0633
09cc
1522
17cc
1053
0f4c
164f
1edf
1cf0
0f2c
0c3b
156c
1611
0eb5
0f4e
0b66
0164
f9f4
f328
ed2e
f01f
f75a
f86b
f5aa
f762
ff3c
049f
018c
faa1
f64b
f6e5
fb72
fbba
f406
f0c9
f9b4
fe13
fe31
0447
0bf9
0f34
0a43
ffa8
f9b2
f817
f499
f152
f23b
f118
f206
f8df
ff4a
fd56
f786
fa0b
0261
0635
07d0
0b4e
0c97
0fc8
10c9
0d34
0b6a
0f5a
1091
0936
0801
0c99
0889
fe7b
f31a
eecf
f744
ff76
ff2e
fcf1
faed
f542
f1f2
f4cf
f97c
fde0
0000
01fe
05da
037e
fb4c
efa2
eea9
fbb2
07ea
0f62
1465
0d24
0657
05f2
0196
fb82
f9cc
0027
061d
01be
fba8
f9ee
f255
ef32
f439
faef
0138
091c
068b
0027
fe25
003f
0239
0215
fff6
01f4
01d4
01b6
019a
0180
0562
0708
0697
042f
03ec
09a6
1102
0bf5
053a
02e9
febd
fad5
f32e
ee00
f31a
f7e4
f865
f6e1
f574
fb6a
0223
0463
075a
0de2
1192
137a
11aa
0c6b
0918
06af
0336
01d8
ff7e
fb4e
f289
e4c1
dca9
de23
e291
e7a2
ed22
f0e3
f6dd
fcbf
fc61
fc23
0001
099a
124b
13e4
10c5
0f4c
0f6c
0d0e
066f
03ff
098c
106f
1065
09de
036e
ff46
fd62
ffac
fdd6
f435
ed8a
f5ce
fddc
ff7e
0108
026f
05a8
0c79
1079
0dba
06bb
fff4
fd94
f572
ea29
e63d
eb54
f1be
f534
f5cc
f7a8
f7aa
f5f0
f69f
fa89
005b
03ce
01ee
0118
0540
0af6
12f4
18db
189f
189f
18d7
1445
0e59
0956
0754
0833
04c5
0164
0229
fdd4
f5d8
efaa
ed5c
f1c0
f350
f12e
f59e
fb18
fc65
fbba
fa3b
fefb
0770
0926
0877
068f
0291
febd
fa2f
f617
f889
fd0a
ff5c
018c
038a
ff50
fb5e
fdc8
0415
07de
072c
024f
ffaa
032a
025b
f98c
f4f7
f9a2
ff02
ff10
021b
03f8
ffbc
fec1
04cf
0a7b
0bd0
0b12
0764
00f3
fce7
fc17
f778
f166
f221
f73a
f948
f96a
f8bf
f758
f74a
f780
f5f8
f3d6
f037
ec51
ea45
e707
e7be
ed26
efd2
f3d0
fde8
086d
1007
15a6
1a3b
1ab5
1554
129b
1174
09d8
0463
021f
fdf0
fc0f
fb6a
f7f6
f5f6
f85f
fdda
0409
08b5
0bd0
095c
06c3
0718
082d
05f2
02a9
017a
fe53
fd68
009b
fd9a
f4df
f301
f3a4
f0a1
f243
f437
f26b
f126
ee6b
f061
fca9
04d5
0487
043d
03f8
03b8
0b74
1aad
1900
0f78
0e7f
1d86
3b8c
3fc9
1beb
2223
3fdf
27d8
f808
e818
e818
e020
e818
f808
e818
d828
f010
0000
e818
e020
f010
f010
e818
eb94
f4d3
ed8c
e2bf
ea8b
ebe2
e52a
ecd1
f7fa
f67b
f712
fb9c
fde0
03fc
07b8
073c
06c7
0a55
0dac
18c5
232c
28f0
2e59
1b82
01e2
05be
095c
fcd1
ed13
f23d
ff0c
0316
02c9
0069
fc2d
fe4d
0057
fe3f
fc55
f8a7
f56c
f0bb
f0c9
fb44
0938
0c0b
0657
08c1
10b5
15a4
159a
10e5
0bf2
0ae9
0798
0041
fb5a
fcdf
fe61
fbda
fb98
f97e
fbb4
05de
0182
f178
f25f
0328
fef9
f314
f3e2
f89f
f518
edce
eaf5
ec45
ed80
eea7
efbc
f0bf
f229
f5e8
fdb4
080f
0d86
0c3d
06a9
0235
02f1
0188
fe29
ff0a
04df
0b2c
09c2
0520
0699
05c6
00d5
0025
0974
11e2
113e
1019
1083
0a67
0457
fc85
f548
f2d1
f2e5
f958
0394
0514
0255
fdae
f366
ee21
f1b6
f582
f568
f7a0
fbf2
fe1d
062d
0b8a
0839
08d5
0a45
07a2
0528
02d7
02a9
027d
fc5b
f49d
f94e
fdb4
f7de
f067
f160
f447
f503
f7b0
006d
0e93
1b60
1c8f
16c9
14a3
13f7
0eb9
055a
fe63
fbe4
f7ae
f200
ed1a
eb16
edd4
ecf9
e8c7
eb8a
f4bd
fdb4
022f
fe57
fcc5
015c
099a
0f06
0da8
0bf0
0bf0
0d8c
0e9f
092e
ffce
00f9
0801
085d
0473
049f
089d
0a17
0330
f8a1
f2ef
f3f8
f74c
f4b5
eea5
ea7f
e845
e6eb
e86b
ec8d
f404
fd5e
0635
0c4d
0fa0
0d42
06a3
0631
0792
01a4
fe03
011e
fd10
f942
fbac
fbf0
f833
f4b3
f566
f70e
f99a
fdfc
0019
fd1a
fc49
fe81
0295
0453
fdd8
fdcc
07c6
0ee3
0f1a
0cd7
0a4f
099a
08a1
0574
004f
f77c
f572
f5da
f48d
f8a9
fcbd
feab
fd86
fc85
fbae
f908
f8c1
fcb3
007d
0108
fe83
fc2f
fb1c
fc3d
0263
0835
05b4
0558
08fe
0a6b
09c4
0728
06b5
0e41
1554
11ff
08e7
025d
fc3d
fa7b
f6d7
efb8
ec89
ed24
f247
f883
f99a
f9d2
fb34
f8a9
f87d
fd8a
0059
01f8
016c
00db
0247
0122
fb14
f865
fbdc
fe1b
fd3a
fd66
fe8d
ffa2
00a5
ff9a
f9a6
f60f
f9aa
fd0a
fd38
fc79
fbe0
fc6d
fc0d
f9d4
fbea
03f8
0966
0d30
0f54
0ddc
0f08
0fa8
0dc0
0b86
0a11
0762
ffa6
fa65
fa9f
f901
f9b0
fd82
fe2d
00d9
044f
036e
ff80
fbd4
fb80
fc53
fa37
fc91
00c3
feb7
fccd
02f9
04c7
fa83
f0e5
f5d2
fe6b
0081
0077
fc73
f6b1
f744
f7d0
f495
f3e6
f69d
f873
f966
fb7c
fc95
fcb7
fbf0
f855
f72e
fa5b
fe7f
0469
07d0
09c0
0f1c
1126
0d16
0b44
0a8f
08e7
0a55
0bae
08f5
036a
0332
08f8
0966
05d2
0475
052c
07d6
0956
05c4
016a
0251
0627
04c5
007b
ff74
017a
055e
0803
0584
012e
ff1c
ff2a
fd3e
fb86
fb08
fab9
f79a
f2f1
eff8
f0ab
f3ca
f31a
efde
f051
f138
f089
f15e
f398
f510
f4c9
f3e0
f463
f33a
f089
ef7c
f0ff
f3de
f8ed
fee1
057c
0c7f
16a9
1f7a
23c4
24ab
2160
1b3e
12a5
09fd
0788
06fa
043d
fe8b
f443
edfa
ee9d
edc2
ec85
eef3
f1c0
f4d1
f709
f766
fa00
ff9a
00df
0205
0506
05b0
061f
0853
0623
05e2
0574
ffe6
faaf
f5f6
f1d6
ee67
efb6
f968
feb7
ffbe
02b3
0362
03ea
0a41
11de
1275
0c73
086b
085b
0dce
12eb
11bc
0ca3
03e0
fda6
fbcc
fc0d
fa4d
f8a9
fb1a
ff64
fb70
f3c0
f285
ff50
1346
160d
00bf
f8bb
0126
fd16
f54c
fdee
0209
f9f0
f257
f330
f7f8
f877
f8ef
f95e
f9c8
f92a
fb94
00d5
01c6
02a7
0578
071e
09a8
0a0b
056e
0318
04e5
fe9b
f8b7
fc27
fd80
fadb
fa83
fb5a
f948
fa87
fcdb
fc23
fe91
04df
08a1
07e6
07f4
09be
0d18
0dd6
081d
0180
f940
edbe
ea7b
eb15
e750
e889
f160
fa1d
007d
0275
0338
01d6
0077
0423
0a6f
0b06
063f
058c
05b6
00b3
fdf6
fc71
fd1c
02cd
0809
07b6
012e
fa04
f776
f84f
fd52
0516
0738
05ff
04a9
0340
03d0
0239
faaf
f5c4
f772
f64b
f285
f164
f1c6
f58e
ff64
08a1
0f06
158a
1bf5
1d1e
1b4c
1bb8
1841
0e43
0471
fb16
f475
f493
f509
f4cf
f5ee
f64b
f9ec
fd82
fff4
033c
0437
0005
fd12
fe61
ffa6
fcdd
f958
f73e
f18e
efa8
f45b
f522
f532
fa91
ffc4
03a4
032c
01a2
031e
0667
0c43
0f60
0ed1
0cd3
0592
0095
008b
0081
fe79
fa95
f8ed
fb5a
fda2
01c4
099e
0efc
1207
14e3
1394
1457
170c
0fa0
fe35
f3e8
f295
f3be
f336
ef20
ebd2
ed54
eb54
e61d
e802
f081
f6f5
fb48
ff7a
016e
0334
00c7
f67f
f122
f687
fbe0
ff02
03f6
0a77
0e3b
1150
13a8
153c
1809
17e9
1110
0a1b
093e
0625
ff0e
f86f
f176
eb60
e84d
e528
e806
f16c
fbae
026f
01b6
fdfc
0085
0279
0053
024b
0324
fff4
f9fa
f55e
f40a
f6c7
fd54
017a
0261
0932
0d9a
06c5
025b
0e13
1c99
1d5c
0d36
059e
123d
118c
f86f
ed13
f6ef
fc79
fdca
f320
ed84
f0cb
f059
f267
f0c3
edb2
f558
00d5
0992
0f76
0e83
0d2a
0d7a
0f54
0c99
05a8
00f5
fe81
fa41
f89f
fb12
f764
f1f4
f4d1
fb7c
ffc0
fdc6
f7ee
f86d
fae3
f33c
ee0e
f12a
fa0f
0067
fc63
f6a3
f53a
f7e4
fe5f
0275
044b
0801
0f78
1479
1132
0c21
0b5e
0ca5
09dc
0342
fb14
f568
f215
eef7
ec0a
ef46
f849
00bb
04ab
085b
0bd0
0f0e
101b
0b1c
0271
0447
05ff
ffa4
ffa8
05a6
0748
08d1
0843
05c0
0166
014e
0534
00e5
f8dd
f94e
fdb4
fdd8
ff06
fe29
fa6b
f813
fa1b
fc2f
fc3f
fc6b
fab1
f63d
f55a
f4d9
f4b7
f7ec
fb2c
ff5e
094a
114c
1247
0ea1
0bbc
05a8
facb
f7bc
f71c
f5ce
f8df
fbf6
fafd
fc37
0275
073a
08c3
0a33
0792
031c
03ea
04a9
035e
0029
fb2a
fb76
00b9
01ac
fe93
fdaa
fccf
fa04
fb90
fb26
f2f1
f1a0
f8cf
01c0
0a11
0994
00d7
fa99
f6e7
f5b4
fadf
fde0
fcc3
fbd0
fe0f
012a
0017
ff16
0023
fa25
f489
f73e
f7ca
f54e
f4f9
f2ab
f380
fb40
0186
006d
fe67
027b
0a4b
0fa0
0ea5
0dba
0cdd
0a0f
0572
011e
030a
04d7
fe8f
f8ab
fb1c
ff66
036e
051a
fc8b
f0a3
f1e8
f980
f8d9
f675
fe77
0bfd
1051
0be4
0d56
0e45
06bb
ff70
0095
0998
0bc2
ff78
f3f6
ef84
ebdc
e313
d7c0
dc53
efaa
f855
f6bb
fb7c
040f
03ff
fdd4
f61d
f32c
fac5
040b
0a9f
0e75
0b9e
0699
07a8
105f
1607
16a7
207b
26ad
234c
2512
1ac9
092a
0897
0c09
fb58
f7a6
041f
fbe4
e839
e9b4
e71c
e4ad
ee59
f36e
ec3d
f010
07f8
17e8
0ff0
0bf4
0000
e41c
e818
07f8
07f8
f808
03fc
07f8
f808
0000
0ff0
06f9
0a85
15d0
186d
16e5
1972
17da
066b
fa0f
fa6d
fac5
fb18
fb66
f7b2
f835
f8b1
f760
f865
fb92
fab1
f40c
f22b
f6d1
f578
f289
f82b
fdb0
fcf3
0053
0974
0bbc
0982
091c
0477
01f6
fd8c
f182
eaa7
ecdb
f180
f44f
f74c
fa5d
fb6a
0283
0d10
148d
1ce8
23d6
213c
15c8
0e55
10db
0cb5
046d
047d
0663
03fc
ff9c
f788
ee39
ec08
ea97
e1ee
dcbd
def1
dc0e
d879
da55
df3c
ead3
f459
f9a6
08c5
18a9
24c9
2b02
238a
196c
171a
13aa
0c75
05b2
ff5c
f76e
f5f8
fc91
00c3
fabb
f910
fb7c
f9c6
f82b
faa5
fef7
0104
fef5
ff04
fd14
f748
fbd0
020b
fdee
fa11
fc6d
f6ab
ef46
f64b
02d9
02ab
047d
0e29
0f44
0855
09ce
0930
04a1
0653
09ea
054e
fd01
f736
f1c8
ecb1
ede6
f105
f1f4
facb
053a
06e1
0a33
0efc
1100
125b
110c
0750
01ee
06c5
051c
ff68
fc11
fb0c
fc3b
fb76
fedb
0809
0c67
0c1d
0978
04b1
fe11
f7ea
ee67
e608
defb
db62
db25
da12
da3d
df8e
e58a
e5fe
ed32
fc81
06fa
0e93
1938
206b
1c2f
1556
1635
1653
15bc
1a79
1c17
12c3
096a
0851
0506
fdca
fb0c
fc9d
0427
0d12
1108
0e3b
072a
fe51
fa0d
fa37
f68f
f16c
f507
fcb9
fe0d
fd5c
fec7
fc25
f9cc
fbc4
ffbc
fd7c
fb72
fda6
ffc8
ffca
ffcc
fdd0
f808
f8d5
fdca
fe83
0336
0d7e
14b5
16d5
121f
052a
fcd5
f71a
f004
ebda
ea8f
e608
e493
e80c
ee08
f431
f659
fca7
06a5
0bd0
0e49
0a2b
01ff
023b
065d
040d
fdc6
fbee
fe4f
0493
0a4b
075a
0c53
1891
1f4a
14ad
0e0d
0f5e
0823
f524
f39a
fe7d
00c5
fae7
f58e
f2db
f2b9
f4ff
fb72
ffa2
0192
0d4c
19dc
1cd9
1ac1
17f1
1889
1c4d
1af6
18dd
171a
12bb
0a0d
fe9b
f3e8
f136
f122
f087
ee71
ec08
ec61
ec51
e5e6
e0af
e0c1
e1ca
e3b2
ea57
ef3e
f25d
f1ba
f38e
f3a8
f61f
02b1
0e61
0ced
0b26
0f1a
1057
0b02
05aa
0671
07f6
0722
0522
0318
ff16
f95a
f72a
f85f
fabb
ff16
0231
ff0c
fb20
fa95
fa3b
fe93
06a1
0a31
098e
0cf1
1419
1acf
1524
0bda
0b1a
0a67
f9d0
f239
fb0c
ff56
f768
f239
efc8
ec00
e317
df9e
e754
ef52
ef5a
f1e4
fcab
02e3
fea9
f8bf
fd62
03cc
09b0
16df
2281
205f
1960
0e09
02f5
006f
0dfb
1a3d
1cee
1a8f
1780
13e4
0fe0
0b9a
0b36
0c7b
054e
f86f
ea9b
e249
e75c
f0dd
f443
f5d2
ff8e
08b1
0902
0904
10b5
1564
0f26
07d2
01b0
fcdf
f970
f56c
effe
e867
df09
dc41
debf
df1f
dd80
de0c
e398
edaa
f6ab
fe65
08ad
1407
1c0b
1cb3
1a6b
1c6d
2166
2502
2241
1b9c
1582
1118
0d6a
088b
04b3
fef3
f796
f2ef
eef9
e7ce
e1d6
e128
e576
e655
e1f8
e8c3
f9ce
01ff
ffa6
fd74
ff74
ff7c
f98a
f6f3
f881
f8f9
f968
fdcc
00eb
00db
02cb
059a
073e
06c9
065b
06f3
0980
0b96
0c2d
0e57
0eeb
0902
0130
fbce
fbdc
fc07
fa4f
fcdb
0053
fd96
f61b
f065
f17e
f8f1
0221
06b1
08c3
0a6b
07a8
04d1
09f6
1273
17d6
1e1f
2114
1ed3
1dba
1dc0
18d9
0f7a
0435
fb80
f378
e459
d907
d994
dd48
dfd8
e33e
eb4e
f580
fd62
02db
0be0
11f3
101b
0be0
0885
0619
04a1
0419
0378
02c3
0100
fb54
f429
f1ca
f1fe
ef9e
ede6
f2d3
fad5
0081
04cd
09ac
0cef
1093
1277
12a9
153e
1500
0d22
0655
ffc0
fb92
fbc6
f819
f1ea
f087
f2b1
f520
f7be
f873
f857
f77a
f6ed
f5b0
f4d9
f665
f724
f61d
f871
00d5
08a9
08bf
078c
0c29
0f1a
0c67
067d
febd
f782
f3fa
f404
f56a
f70c
fcd7
045b
0647
05e2
097e
0ae3
0835
0bae
0eef
0805
0586
0928
029b
fa79
f6d5
f36a
f037
f132
f41b
f932
fc2d
ff16
03d4
0a21
0db8
10a5
16d9
19f1
140f
0fe8
0b82
0308
fcfb
f764
f467
f7ee
fd78
fec1
03fa
0cbb
1685
1b00
1463
0b8c
06df
fe47
f249
e976
e1e2
dfb2
e4a1
e91a
ea06
e992
ecd5
f475
f7fc
f88b
fd46
04c7
08ab
090c
0a1b
07ca
085b
0e99
0f02
0cef
0c91
0ad3
08d7
08af
0843
049d
fc0f
f429
f01b
edca
ef2a
f4f5
f7bc
f79a
f9ba
fbe8
fc13
fd5a
039a
0b54
0d3a
0a9b
08cf
09d4
0a77
06bd
0207
0188
0102
ff7c
fe11
f8cf
f219
ee3b
eb28
e6ef
e7ba
ed34
f0ef
eeeb
f388
fc39
007f
fc83
fae1
ff7a
05ca
0968
0acf
0c1f
0f58
1a55
22a5
1a7f
10df
11ce
0eb3
05ce
0174
ff5e
fb6c
f9b6
fc17
006f
027d
0455
07ea
0904
05c8
028f
0172
0257
ff1c
fa1b
fd8e
04d7
018c
f273
e6b5
e86f
fab7
0c01
13de
169f
1481
0de2
073a
00c1
faa7
f518
f039
ec25
e4f5
df0d
e27f
e9a2
ee08
f6b1
ff18
0203
03ae
0221
fd9e
fa73
faa1
fff0
03e8
0283
011e
fec7
fd9c
ffc0
02c1
068f
0823
05a2
014a
fe37
fe53
ff6c
0172
0259
0035
fc35
fa73
fec7
02d5
04a5
0657
05f2
0493
024b
fe29
fc47
fd80
ffa6
00a9
fe9f
fdb6
02d5
05a4
004d
fb4c
ff92
0592
0b32
0e7b
138c
1451
0f0e
0625
ffc8
fdcc
ffec
01ea
03c8
0588
052e
00df
f9ce
f75a
f750
f38e
f069
ecf3
e74c
e6c1
ea04
ecc1
efea
f65b
fbb2
fed5
00cf
02a1
053e
0687
038a
019e
ffc2
0001
0437
0807
0b58
0f16
121f
1267
1215
1235
12bf
15a6
1649
0eeb
09ff
0b5c
08a7
0023
fa25
f687
f322
edf6
eb18
ee63
f378
f83b
fcb3
fce7
f833
f408
f479
f938
fae3
fa9b
fa7f
f891
f3fe
ed14
e92c
eb32
f0b9
f85d
fac7
fa33
f9d6
f9ae
fdb6
018e
0718
1209
13c2
0cc5
0fc6
1413
0f82
14b3
1ce4
1bb2
1db0
18a5
0730
f895
f116
ec83
ead1
ebe0
f178
f72a
fec5
01f2
00df
05ce
0e3b
0fb4
0e97
0d16
0c43
0d18
097a
03ca
ff54
f92c
f897
fe3f
fe9f
00ff
072a
06bf
0324
00a9
fc51
f85b
f6df
f4c1
f01f
eb46
ed58
f4d7
fc35
fd40
fd50
006f
0158
0126
03ea
0362
00c9
004f
ffda
fb6e
f76c
f9e8
0463
0819
035a
fecb
fe87
fe51
fe2b
fe15
fe0f
fc19
fa5f
fae9
fc8f
fc37
fa04
fa1f
005f
0536
059a
06c7
04ad
018e
048d
033a
fae9
f73e
f90e
faf7
fe43
0358
0520
05cc
096a
0ccf
0904
0576
091a
0986
02f3
fec7
fed9
ffea
fdec
fa0f
f89d
f77a
faa7
fbcc
f507
ef05
f5dc
028f
0a65
0970
083d
06d9
0354
03e8
044f
028f
05d0
07ac
052e
02ad
003b
f9f2
f538
f41b
f26f
f148
f2a7
f358
f65f
f980
f9a4
faf5
fe41
0358
091c
0a87
0ed9
14e3
1295
106b
1261
0e3d
085d
05d8
0679
0b0c
0d58
0786
f9dc
eb3c
e821
edee
f1ee
f21f
f0bf
f5e6
fd06
fdd0
fc9f
ff96
0659
087f
0641
fdfa
ee4d
e81f
ed07
ec3b
ea1b
eec5
f7a8
fe3f
047b
082f
0b66
1405
197a
17d0
1580
14a5
115c
0c49
0a85
06df
0273
0449
0700
0590
0338
0205
00e5
fdd8
f9fe
f661
f3fe
f1c0
ef16
f019
f586
faef
ff28
0027
ff16
0217
05d4
0823
0a09
0784
feef
f8e7
f673
f572
f9d0
0114
02df
0275
05fa
0716
05ea
0899
0cd5
0e67
0f6c
0ee5
0aef
08dd
08a1
0526
04b5
0621
014a
fbb6
fa97
f7b6
f344
f17c
ef42
e9b4
e52e
e4c3
e833
ec29
ee7d
f035
f54c
fb64
ff40
00e7
fe6f
ff26
03d4
031a
0053
02af
06cb
0b6c
0e67
12bb
182f
198c
1a05
1ba4
1651
0ca5
032c
fa2f
f1f0
ee9f
f00a
efde
f231
fac7
00fd
fcd1
f8ff
f79e
f693
f6e1
f770
f839
fa31
fa37
f96a
f7de
f3ac
f11c
f229
f293
f25f
f499
fb05
ff32
fc41
f980
fde4
02fe
05ca
0968
0acf
0c1f
1156
133c
0f0a
0d1a
0c47
0a83
09da
0b38
0d24
0c89
0e8d
0efa
0ce9
0d8c
10b3
131e
12cb
12e3
135e
0f38
07dc
01b4
f9e2
f2bb
f168
ef9e
ea75
e54a
e542
e80e
ea6b
ec4d
efac
f255
f043
edd0
f010
f2a9
f384
f6b1
faf3
fd18
ff30
002b
0112
05de
0a2b
09e6
0a51
0f5c
1299
100f
0e2b
0df2
0e49
0f26
1178
1118
0e37
0912
01f8
fd3a
fcd9
fa95
f89f
f701
f7c0
fcaf
0166
ffcc
f653
efbc
f2bd
f192
ee7b
f58c
fc2b
f66d
f309
f4d7
f38a
ef56
ec63
ed9c
f0bf
f4af
fa5d
fdb4
faeb
fb72
030c
0c11
1027
0f7c
0e5d
0fd8
11ba
10f0
10a9
11de
116e
0f7a
0f26
0b60
027d
fe0f
fef3
ffce
019a
0637
075a
0530
07f9
0d50
0bec
073e
039e
fe1b
f503
f1cc
f037
ec3b
eb1a
eab1
e7fa
e52c
e560
e960
f1d0
f52c
f4ad
fa89
ff32
fd9c
fe2d
02bd
068d
0b1e
0d68
0a93
06ed
0380
fe4b
f96a
f9d2
fe2f
0346
070c
0899
070e
049f
0255
011a
01e6
0392
0405
054e
0657
061b
07ae
07ea
07e0
0895
03fd
fe8d
fe79
fc73
f8a9
f950
fb20
fafb
fafd
fd22
ff3a
0235
04ed
064f
0964
0df7
0dd4
0a45
079c
05de
010e
fb84
f774
f7e4
f98a
f74a
f572
f40c
f21b
f5b4
fb62
fbde
f972
f75e
f5ae
f469
f493
f691
f9b8
fbde
fd80
fe9b
002b
049b
081d
0829
0970
0b54
09c0
0875
08f8
08a9
0718
0467
01bc
0229
027b
00b5
0100
013c
fb70
f621
f66f
f901
fba0
ff34
0095
02d7
03dc
ffb4
fbd0
fd44
02b1
08af
090a
0718
0609
07d8
0c45
0d0c
0762
00d7
fbaa
f7f0
f5b0
f465
f28b
f138
ee71
ebe2
ed18
f0cf
f3c4
f56c
f74c
fa51
fe51
039c
06f5
07e2
087f
05d0
001d
fcc1
fbb0
fccd
00ed
04c1
0433
008f
ff1c
fec5
ff78
0221
0889
0c47
0b6a
0a3d
0a4d
0a07
0974
069f
00c3
fbbc
f9a4
f75e
f380
efc2
ecbf
e885
e746
e8dd
e992
eced
f2a5
f46d
f673
fda0
036c
07be
0c89
0fa2
1407
1982
1dd6
1cf6
1a3d
17da
12dd
0a99
067f
076c
080d
0564
00bb
fb56
f869
f5e6
f3da
f34c
f728
ff08
0473
0566
061b
0594
04e7
0617
0207
fa29
f8f1
fa02
f635
f1f2
ef60
ed7c
ef46
f178
effe
ed1a
eef7
f538
f86d
f8ad
fa21
fcab
0122
0944
1099
13f5
167b
1a21
19be
1592
0ffb
093e
069d
05ee
021b
0071
01d8
fe1b
f9a8
f7aa
f50e
f1f4
ef7a
eeab
ee71
edc6
edb6
ee37
ee3f
f0d1
f5ae
fe8b
08e3
0c51
072c
0619
08e1
0d32
0adb
0653
03de
016e
0116
04b5
01f8
fedb
01ea
ffcc
fcd1
fe02
001f
011c
010a
02f7
03c6
0388
074a
0ccf
10fc
12e9
0ebd
075e
ff3a
f89d
f59e
f61d
f6e3
f4e5
f25d
f168
f2f3
f7c8
fb92
ff42
01bc
fe05
fa97
f7f0
f473
f629
fac3
fd14
fe41
ff5c
0263
023b
ff1a
0126
050e
05bc
045f
0417
07d2
0b0e
09c0
0637
00b7
fa87
f5e2
f6d1
f7f8
f64d
f806
fbe0
fc9d
ff64
04fe
051a
040b
06c7
0956
07c2
0546
01f4
ffd6
01d6
00b9
fcb1
fee3
02ef
03be
0182
fd6c
f998
f9fe
fc89
fb08
f8c7
f7e2
f74a
f8fd
facb
009f
0a0b
0e93
0f5e
0fa0
0f5e
0ea3
0b7e
072e
03e8
feb5
fbdc
fe49
fe9d
f9fa
f3d0
f065
edac
eaaf
e78a
e558
e71a
ec81
f12c
f503
faef
02a1
09c2
0e23
11cc
18a5
2047
2071
179c
0e95
07a6
fee9
f6bf
f35c
f48f
f608
f4bb
f3da
f564
f926
fde0
045b
094a
0ca1
0b5e
04d9
0190
0368
0405
0477
06bb
03a6
fda8
fa19
f9f0
fdf4
01c6
014e
00d3
ff58
fff6
0681
0c6d
0b9c
087b
0348
fe4d
faad
f770
f5aa
f451
f26b
f20e
f025
ecdb
ec59
ed7a
f318
fac1
fe1b
ff4e
026f
0845
0e79
13d4
173a
14b5
0db4
07b2
03d0
000b
fe7f
ff14
fda8
f867
f3b6
f4ad
f8eb
fa1f
fa6f
fbc6
ff04
0110
ff01
fd12
fc41
fb7e
fbc6
0003
02fe
ffd0
f9d8
f93a
fca3
fed7
ffe8
01e6
04b3
092a
0e0d
0e33
08e7
01a8
facf
f48b
f006
eb48
ea77
ee59
f18a
f1fe
f1d8
f223
f3d6
f6cb
fbd6
03ae
0ae9
0d5a
0f38
127b
11f7
0cef
0bca
0f50
1023
0c6b
0988
0685
027d
009f
01d6
01ea
00eb
fff2
ff06
fe2f
fe71
fcbb
f73c
f15a
ed48
ec0a
eb7c
eb9a
f053
f73a
fbfa
fe8d
0001
025b
0877
0eeb
1083
0e7f
0e23
1057
0de8
0831
068f
0922
0b8c
0ad3
0728
04b7
0867
0add
092e
049f
0057
0150
0536
03e4
ffa8
fab1
f709
f6df
f8fd
f732
f2cd
f114
f2eb
f40c
f37a
f651
f748
f479
f42f
f447
f2bd
f3b0
f4f5
f380
f384
f5e8
fc6f
02a7
0766
0c9b
0f18
0cf8
0d8e
11a8
12f2
1190
10b5
0d62
05dc
fc9f
f50e
f148
f130
f58a
f7f4
f679
f65f
f691
f60a
f9d6
fc97
ff46
01ce
0021
ff8c
0001
ff6e
fe67
fd7c
fbb4
f928
f879
fa8d
fda8
ffa4
0083
01ce
0176
0215
0514
053a
0433
0716
0693
01e4
016a
02e9
0237
ff80
fcf7
fdaa
ff62
fe05
fccd
febd
0097
004d
fd06
fa09
fb66
02cb
0d9e
1556
18e8
1b78
1f00
2057
1f96
19e6
0fc4
04c7
fa51
efb0
e639
df26
dc87
dd2a
e1d6
e825
ebd0
ede2
f45d
facd
fc02
ff40
054c
06d1
0407
0049
00bf
0126
017e
05c0
098e
0cd1
0f76
156e
165d
0e91
02cf
fbae
0114
0a15
0243
eee7
e93a
f091
f3f0
eb84
e045
e2ab
f5c4
03ff
0144
f6b1
f905
075e
0c9d
092a
01a8
fe8b
0a95
15e0
0e87
01aa
018e
0b6a
0eaf
07ca
0350
0716
0e9d
11ae
0e95
0daa
0ecd
09e4
00fb
f897
f4ef
f1d8
ef62
f194
f413
f2cd
ee08
e621
df86
ea47
f905
070c
0ffd
13e2
14e9
113a
0f38
12d5
199c
1d2a
1b98
1346
04e3
fd36
fc13
f328
e734
e0bf
dda6
dfcc
e8c9
eff0
f524
0055
0acd
0e49
0b1e
09ca
0a39
0057
f70e
f29b
ecdb
e80e
e649
e56c
e96c
f1da
fe2b
0dc2
1bef
2859
30b9
3112
29e1
1dd8
0da2
fe00
f164
e802
dff4
dd62
e00a
e980
f510
003d
08b7
0c65
0d76
0c09
005b
f364
eb9a
e6eb
e948
f22d
f8f3
f988
fc43
04eb
0edd
1bb2
24dc
2453
1cb5
14a9
0e75
0431
f475
ea0c
eceb
f22f
f390
f938
01b8
07a2
0cef
0c83
07bc
04fe
ff46
f6f1
f265
ef8c
ee61
efd2
f3a8
f8a1
fe81
0011
fd8c
fd3e
fe09
fcd7
fad1
fb10
016c
0754
07a6
05b4
06af
0960
089d
06a1
078c
062d
0233
0162
030e
0407
0152
fd3e
fcfd
fe53
fea1
01f0
06f7
07f8
0629
02c7
fd84
fa25
fb26
fa3f
f598
f28b
f415
f3e6
f318
f6b9
fb66
fcef
0073
03ba
04af
046d
030a
00a5
0198
027d
0156
043d
08f3
0a61
0ab9
0d08
0c37
0c71
11a4
1287
0c63
0a9d
09f2
0358
fb0c
f568
f071
ea45
e528
e72c
efd0
f66b
f8ed
fb7e
0007
0049
fa89
f350
f2e9
f2ef
ef5e
ea8d
e9b0
ec8d
eed7
f083
f58c
fa95
fe79
0526
0c3b
117c
12df
1194
10cf
138a
157c
10a7
0f94
140d
179e
1839
1609
114c
0c4f
053e
fa75
f47f
f53c
f443
efba
e9fc
e647
e499
e5de
e7dc
ea79
ed98
f314
fa9d
00d7
04a5
0710
0b18
0f84
0d32
089d
0906
0875
05f0
0392
fd5e
f78e
fa11
fc6d
f8a9
f91c
ff84
0386
054a
06f3
0485
003f
fe3d
fe67
fd1a
f97a
f447
f043
eef9
f047
f37c
f8dd
fe9d
0508
0be2
106d
132c
14a5
12e3
1122
10f0
0e39
09bc
04b7
ff5c
fcd7
fc8f
fc65
fcd9
fd5c
fceb
fb18
f80b
f7ea
f908
f94c
f940
f8eb
f950
fb62
fbf8
fca1
ffd6
0354
05fd
0849
092e
0ab9
0c51
0aef
07ca
0695
053c
01ce
fb8a
f8c9
f869
f54e
f1ba
f1cc
f44b
f8fd
fc9b
fc1b
fac1
fca1
0079
0011
fab3
f5d2
f38c
f1ce
ef9e
ee13
ef2c
f0b9
f3a4
f9be
00a5
0716
0ae9
0e23
11b6
14fe
176a
1871
1724
14b3
12bf
0fd4
0a19
05e8
03c6
0126
ffa6
febf
fdf0
fcbb
fa33
f701
f744
fac5
fd36
fc99
fa1f
f7fa
f633
f2d9
ef1c
f01d
f489
f60b
f4c5
f4eb
f861
fd5a
0097
019a
0000
fd7e
fd36
fd86
fd62
ff52
01a8
024b
04cf
0900
0aa7
095e
07de
0536
0091
fd2e
fc13
fc27
fb58
fbba
fc35
fbc6
fb7c
f95c
f493
f46b
f89d
fdc4
01a8
028b
0261
0437
07f0
096e
08d7
0849
09c2
0b22
0c6d
0fa2
10a5
0b9e
06e7
0578
0322
ffd8
febf
fcc1
fafb
fb74
fa09
f6e5
f538
f4f9
f512
f283
ef88
f13a
f83f
000f
0463
041b
01dc
05ba
055e
fd0e
fd3c
ff66
f974
f7de
fa5d
f6bb
f352
f817
fe8f
fea5
02b5
0e7d
0b96
02e3
02b3
0485
0639
07d4
0954
08bf
0633
03d2
0196
fb82
f9cc
fa2d
f88b
f53e
f37a
f431
f837
fd38
ff01
feb5
fd78
fc61
fd74
0085
0160
0122
03dc
0649
0560
02db
fd68
f9de
fa37
f9b8
fa6f
fd44
fd03
fadf
f885
f809
fb4e
fe03
009b
0302
032a
00f9
feeb
fdfc
fd1c
fa4d
f7aa
f72e
f8b9
fc29
fe63
ff7a
037e
0542
01f0
01d0
02b1
026d
0316
029b
020f
0378
05ac
068d
062b
079a
0ab1
0b42
0d6c
1104
0edd
0861
0407
02c7
0299
026f
0148
0033
ff30
fe3d
fb5c
f8a9
fa1b
fa79
f7d4
f756
f6e1
f673
fb06
0273
0657
04cd
0233
00af
0039
01c6
0625
070e
04b1
0350
06e5
0b04
098e
07e0
0c05
1186
1223
0d28
0811
0605
04e7
00b3
fabd
f84b
f73a
f184
eb9c
eaaf
e87b
e526
e3dc
e683
ecc9
f540
fd84
0554
0a7d
0bff
0b0a
09ca
094c
078a
04a7
02c9
00f1
fd2e
fcb9
ff6a
fff2
fd74
fc1d
fdda
fefb
fd8c
fc33
fa71
f94a
fc31
fdec
fe0b
0027
02a1
0473
0504
0463
04a7
04bf
00b1
fbde
f776
f396
f253
f28f
f132
f160
f4fd
fab3
0134
0643
09ce
0bd0
0954
04b5
0334
03ae
03ff
002d
f998
f69b
f615
f4e7
f520
f6a9
f960
fc1f
fecf
0259
0398
01a6
04bf
077e
06d7
08fe
0ab9
0a01
0b02
0c99
0bb2
067f
ff6a
fdc6
fce9
f81d
f3a0
f267
f340
f60a
faa5
fcf9
fc29
fe63
0178
ff62
fe6b
0081
0176
005f
ffd4
ff52
fe5d
fe02
ffb8
01d4
04bb
05ce
0423
04ef
0801
0aa1
0c3f
0a63
0651
024b
ff28
ff34
01be
0023
fda2
ff46
fed1
fbe6
fba6
fc69
fba2
fbe8
fda6
fd4a
faf7
f948
f9e6
fc27
fce5
fab1
f74a
f65b
f5c8
f60d
f998
ff1a
0449
0782
08cb
08b9
085f
0946
0bd2
0ad7
0695
0360
0140
fd38
f986
f542
ef9a
eacd
e9f2
eccf
f312
f956
fd6c
fd58
fe57
024d
06ef
0c0b
1073
150c
1ab1
1f24
1d5a
17c4
10c7
0dac
0c51
07aa
000f
f8ed
f362
f22d
f30b
efde
eae5
ec35
f568
fe09
061f
0db4
04df
fa99
02e7
02b7
fc91
fcc7
f8fd
f96c
ffce
fbd4
f021
e926
f489
0134
0120
010c
00fb
fcef
ff1c
ff2a
fd38
0160
0439
0346
0146
ffda
0081
0097
fea7
fc5f
fad7
fb8c
fc57
fc33
fcad
fd38
fe4f
025d
0714
0c45
11be
164f
19e4
1972
123f
09ee
02cf
fe07
fa99
f68d
ee10
e3ac
ddcc
dd56
df7a
e27d
e6b9
ed78
f45f
f8b7
fc02
ff36
0439
0a47
0da2
0f58
10f6
11f1
11cc
0e9b
09b4
051c
01cc
02ad
047f
0237
ff16
fe25
013e
0526
06d1
0663
06fa
0689
0421
ffe2
f9e8
f67b
f58e
f105
ed3a
ee3d
f9b2
089b
0a5b
05b2
0322
029f
040b
0540
0833
12ad
13ef
0e83
08f8
017e
0069
0160
fc41
fb8e
f70a
fb0c
08eb
09ae
0619
008d
f758
f6f3
fa7f
f8d9
f350
f31a
f9e2
fd40
fb6e
fbb6
00f5
06df
0570
001d
011a
0207
fee9
fff8
00f5
fddc
feff
0015
0116
05f8
065d
fe8f
fb44
f853
f1d2
ec27
eb72
eb6a
f000
04b9
0000
e818
0000
17e8
f010
f010
17e8
07f8
0000
1fe0
1fe0
0ff0
0ff0
0ff0
0000
0000
0ff0
02fd
eae5
f42d
ecf1
de31
e449
ea00
ef5a
fc57
008d
087b
0fea
0aef
0a3f
0d96
08bf
0336
fe07
fe25
003f
013a
0324
01f2
01d2
04b1
0366
062b
09c4
052a
01da
ffbe
fbc6
f82b
f10d
e8d9
edd2
fd03
055e
070e
0c65
1100
10cd
1013
0ce5
0782
0a2f
0665
f4af
ea67
ed64
f0c5
f467
fe23
094e
117c
129f
0b20
03be
00ad
fbc8
f750
f166
ee4b
f164
f44b
ef0d
ea21
ed7c
f69b
fb2c
fd76
fd9e
f9c8
f82b
fca3
fcd9
ff08
070e
0c97
0f62
1382
14c3
1348
1346
12a7
0d7e
043d
ff68
fce3
f6a1
ef0f
ec77
eaa3
e996
f144
f7ee
f970
fc0d
fe9f
fe13
fe9d
ff26
fdae
fd5c
001f
03b2
06ed
06bd
0657
0abf
0e87
0da0
085b
0524
06f3
066d
03bc
0314
015e
fdb8
fb5c
fc45
0235
04b7
03ec
030a
011e
0508
06b5
004f
0247
041f
ffe0
ffe2
fde4
fc05
003f
0833
0bac
06f5
008b
fc85
fabd
f83b
f61d
f46f
f732
f910
f70a
f867
f9ea
f887
f875
f99e
f9e6
fc55
02b7
059e
052a
0592
07c2
098e
0aef
09e2
0596
035e
022b
fefb
fe02
ff24
0239
0906
0b20
08c1
073e
0598
03de
ff20
f9b6
f6d1
f362
f28b
f627
f6d9
f7c6
fbe2
ffda
0093
003b
fce9
f9e2
f938
facb
fc6b
fe0d
fea5
ff3c
00cf
023f
0285
03b0
08a5
0c03
0bce
0c39
093c
0425
04e1
078e
0615
02b7
028b
0360
0229
ff08
fd18
fb48
f697
f231
ef11
ed22
ef4e
f356
f582
f9dc
ff1c
0110
00dd
00a3
0263
03f4
014e
fdc8
fc87
fe71
0146
03e2
0633
062f
05cc
096a
09d2
0835
07b2
0736
08c1
0932
04a3
015a
0243
031c
01ec
fecf
fbe4
fd24
0065
fe73
f8af
f87b
fb82
f881
f2ed
f312
f59a
f94a
fdf2
ff60
ffbc
0310
0417
06e9
0d4e
0fe4
0dd2
0d6e
0ca5
0a81
0928
0998
09b2
087d
0615
02a3
004f
011a
02cd
044b
0390
00c5
001b
fd7c
f71c
f366
f449
eb84
e1ee
e3d6
e283
dc35
df62
e75a
f194
fb9c
0326
0d1a
1308
15ff
1912
182b
1491
1388
0ff3
0819
017a
fc37
f566
f350
f5ba
f74e
fa0b
00c7
080d
0c9f
0c83
0b04
0647
ffa4
fa6b
f5b2
f493
f2e1
eeb5
f24d
fa15
fc95
fe07
036c
065f
03f4
038c
0807
0cf8
0c35
071e
041d
0328
0227
0223
000f
fb1e
f89f
fd10
0437
08ef
0760
03ec
02ad
0083
ff7a
fd84
f6b1
f348
f80f
ff86
0487
043d
01fa
07c2
0aef
0796
082f
047f
fce7
fbda
fcfb
f627
ee10
f0fd
fc27
00c3
ff12
fb86
f853
ff86
0647
066f
0263
067b
1015
129b
1065
0bd0
0920
0e49
14a9
1401
0ac9
01cc
fb4c
f69b
f235
f112
ef03
f011
f709
f798
f421
f3e0
f69f
fc2f
ff68
fa75
f8cf
ff3a
0441
00ff
fcf3
ff20
012c
fd1c
f651
f4ed
fa97
fceb
f91e
f590
f635
fccb
00f9
feeb
fdfc
0423
0ec1
173e
1c79
2178
231a
1f8c
1c35
1c2d
1845
0cdf
05c0
03de
fcff
f4a7
f326
f51e
f54e
f3d0
f3c8
f421
f4d1
f3ce
f13c
f047
f0dd
f1e0
f243
f10f
ee65
ef70
f4e9
f962
fac9
fd3e
01a0
06ab
0a2f
0a2b
07d6
0960
0a85
0746
03ff
04c7
0956
0b52
09d6
08b9
06ad
04c3
03f6
00b9
fd30
fbde
fa21
fb7e
fdc4
fb68
f9b2
fb14
fce1
fe91
0025
0120
030a
07d4
0a53
05b2
015a
0045
fd42
f774
f4ff
f2b1
ef88
ef90
f394
f756
f7e0
fa9d
0251
0877
08fa
072e
0445
0265
058a
094e
088d
0493
04ad
049d
0566
09f2
0be6
095c
05b0
fd14
f518
f4eb
f714
f863
f8d9
f582
f3b2
f859
fcf3
ff5a
029d
0792
0afa
094a
08b5
0c25
0d60
098c
02f9
fccf
f608
f1ac
f68d
f920
f790
fc11
ff4c
fd58
fc83
ff52
02f9
034e
0302
03a0
0316
027b
0154
ff32
fdb6
fce1
fc2f
fd22
fd9c
fca1
fbce
fb26
faaf
fa69
fb52
fe4f
fe2b
fd18
0225
09cc
0bac
0714
0489
03fd
ff5c
fc07
fc02
f81f
f8b3
f974
f461
f7f2
0182
0273
053e
0bac
0b5a
0caf
0f86
0fb2
0d5c
08c3
0629
0881
0671
0051
ff8a
02cd
05c4
075c
0a9d
0e53
0f5c
0fd8
0ecd
085f
0213
fb1a
f0b9
e974
e752
e913
ee69
f1f6
f3ba
f9be
ff92
000f
0182
03ce
02d9
00db
00f1
fffc
fd16
f976
f740
f671
f5fa
f9d4
ff9e
020f
0249
036a
025d
014c
023f
020f
01d2
ff8a
fa6b
f7c8
f392
ec06
ed88
f182
f5ae
fde4
ffac
f960
fba4
ffe2
ffe0
01dc
07a4
0ad1
0976
04e3
0097
028b
0063
fb60
fda8
fccd
fb01
004b
0441
03fc
05ba
085b
07d4
0b52
089f
fc04
fc04
0bf4
0bf4
fc04
fc04
07f8
03fc
03fc
0bf4
07f8
03fc
07f8
07f8
0000
0000
07f8
033c
f6bb
f73e
fff6
081f
0b88
0a61
0cf3
0ef2
0c5d
0d8a
063d
032c
042d
00ff
fff0
04eb
049b
fd58
f689
f81f
f99c
f606
f1aa
ed94
eabd
eb11
f05b
f550
f4fb
f4ab
f85d
fbd4
fe13
fd32
fc5f
fc99
fdce
00ed
02db
02ad
0182
fb6e
f7ba
fd38
035e
0524
05a6
09ec
0f9a
0e75
07f2
0097
f9aa
f758
f76e
f3ca
f5bc
fdd8
0184
ffec
0168
04bf
04bb
0491
0a3d
0d3c
09a6
06f9
053c
0370
04a1
0796
081f
065f
0388
03be
04cf
03aa
fd74
f7a2
f728
fbb2
fff2
fbf6
f839
fdb0
00d1
fcc7
f6ff
f78e
fe0d
0029
0025
0021
fc1f
fb78
fdfa
fc65
fb05
fae1
f9e8
fb2a
fc7f
f7e0
f1ca
f180
f5a8
fadd
fde6
fdd0
fdf2
000f
0607
0ba0
0ce3
0e11
0f2e
0e3b
095a
02c9
fe9f
fab9
fd0a
092c
128f
096c
f897
f8f9
0182
017c
016a
0942
0061
f011
e93c
f37a
056e
1e0d
243f
1102
f679
f5ca
1e45
2c4f
09aa
0116
18ec
175c
05f6
f5a6
ee53
ef6c
e87d
d20c
c4fb
d0a3
db90
d5de
d1d6
d974
ebc2
f790
08dd
1acb
28c5
3a91
4370
41ac
37f9
2b22
17c4
00df
f158
e33e
dce5
dc04
d853
d818
e115
e47d
e48d
ed6e
f851
00c3
06a7
07f9
06f7
09c8
0e19
09bc
0158
0166
0562
06f5
0637
0552
044d
0b2c
1142
126f
12f2
0ed9
0c87
0ff0
10a3
0ec7
09de
0146
fd34
fd60
fd8a
fdb0
f9d8
ea49
dfb0
e1b4
e398
dd66
e38a
f540
f1f0
ead7
fc17
044d
fc0f
0445
0ff3
12ee
11be
149d
1b4a
119c
0c85
17b0
1237
091a
0887
07fd
053c
027b
07ca
0887
fefd
fe09
f53a
e554
e334
e616
e996
f38a
f946
f8e1
fab7
048f
11a0
1558
1827
1c05
14cf
076a
0099
fa2d
f455
f332
f089
ee85
f324
f9dc
fe57
fc9b
fcd1
00ff
04eb
049b
0451
040b
07c6
0f40
1a3f
189b
0720
f2c1
e7a0
f518
01ba
f1ae
ea9b
ffdc
0fce
0ed1
01f0
f5dc
f281
f358
fc19
fc57
f895
04fe
10a1
1392
1653
14ec
12f2
127d
107b
0a17
00cb
fa09
fadb
fdc4
f994
f6d9
f88d
fa5f
003b
07b4
097a
06d9
0429
0281
fbe2
f1d0
eec7
ea79
e21f
e132
e14a
de57
e398
ea65
ed74
f1e4
f978
00c5
0398
0520
0a61
0df9
0ceb
0c83
0fb8
1239
13ff
120b
0aa9
0562
053e
03f2
019a
0156
ff0a
fce9
fcff
f730
ee08
edf8
f273
f514
f7e2
fcbf
ff68
03e8
05ff
05c6
075e
0a9f
075c
0114
fc25
f8a1
f78c
f9c6
fe0b
031a
07be
07da
07b4
0a4f
0c6b
0dff
0c0b
08d5
0946
0aaf
0805
0289
fe63
fc7d
fcb5
fbea
f82d
f7aa
fe27
0140
ff2c
fd3a
fc67
fd9e
ffc2
fec5
fadb
f82f
f9aa
fb0c
fa5b
f8b7
f72c
f6b9
f94a
ffae
03ae
0174
ff5e
0364
070c
0942
0a89
09e8
0afc
0f22
118c
1142
0e73
0bda
0a09
0706
03fa
027b
0000
fa2d
f68d
f821
fa9d
fbf2
fb32
f881
f5fc
f49d
f354
f120
f010
f40c
f8c7
fa39
f897
f80d
f8c9
fa2f
feab
03e8
0532
02c1
00dd
028b
0407
034c
0380
0491
056a
0786
07c4
0540
04b7
060d
091a
0cab
0ba0
0946
0ac3
0ccf
0d52
0c61
071e
00f7
fe25
fa8f
f65d
f3ba
f31e
f570
f770
f994
fc47
fdec
fd08
f94c
f501
f44d
f5fe
f6e3
f97e
fd20
019c
08bd
0d24
0cdf
0a35
0368
fee9
00b3
005b
fc07
fa13
fa6b
fee5
071a
0899
03c0
0310
064f
01ee
f7d8
f45d
f318
edec
f10b
f7f4
fa71
02c1
0a8b
07e4
0764
0ce7
1013
110e
0ffd
0b00
0257
0231
0609
fdb0
fbd6
040f
01d0
fbb8
fff8
01f6
f9de
f643
f8dd
f750
f7da
f89b
f78c
f6cf
ee6d
ed16
f461
f598
fb08
083f
086b
0c4b
0d8a
0251
01ae
0104
005b
ffb8
f924
fb26
fd2c
fb2c
fd6e
ff9e
01ac
0b80
1459
100b
0f7c
0c79
0544
0451
0546
0302
02c7
ff7a
fa67
fbca
ff34
006f
0190
fc97
f907
f7e4
fa0f
fb46
f891
f443
ec9b
e9d4
f130
f815
f695
f130
f617
fcaf
fee1
00f1
02df
00b1
00a5
0495
044b
0603
0f98
1695
0d32
0665
0bf7
073a
fad1
fd20
0546
02f3
00c5
06b1
0447
fe07
041f
0bd4
0918
0687
0a19
0b74
02c5
fa9f
faf5
fb44
f794
fc15
044b
0207
fdea
fe09
fa2b
f48d
f344
f374
f206
f21b
f49b
f251
ec9b
ebd6
f2b5
fb8e
04fb
0da8
1160
1350
1683
17ce
1942
19d4
148f
0cfa
0873
03f0
0091
005f
fe2d
f92e
f6b3
f7a6
f8cb
fc11
0140
0213
ffca
ffa2
fd80
f996
f819
faef
f9c2
f2df
f0cd
f54e
f3e0
eeed
eccd
f160
f81b
fcab
0308
08d1
0249
fc29
fc65
fe9b
02ad
047f
0237
0213
fff4
fdf6
0211
07ea
0968
08d1
0645
05ac
07ea
08c3
0847
088f
058e
028f
04a5
0574
040b
0099
fa59
f8a5
fd3e
00a3
01cc
02ad
0380
0247
ff24
fd32
fc5f
f99c
f408
f3c8
f788
f710
f5a0
f348
f215
f7ee
fe67
fe8b
fcb9
ff18
ff58
fd98
0000
0a37
0f7c
0df5
1011
1388
102f
0e87
1679
1340
03ac
0172
0754
02e3
fcb9
02e7
06b3
fc51
fa8d
fedf
f8f7
ef70
f277
f74a
f1da
eebf
f3ce
f390
f356
f71c
fba6
fde8
fe07
0023
031c
00ed
fedf
fff0
fdf2
fb14
fe5f
0077
fe71
fe93
ffbc
00d3
06cb
0c2b
0cd7
0f0c
12a3
106d
0cd7
0b0e
0908
05da
03ac
0182
ff6c
fb7c
f4f1
ef24
ec39
ee15
ef62
ed22
ef98
f564
f928
fde4
0461
0a53
0b96
0b66
0dda
10b5
11dc
1061
0d7a
0855
0041
f9a8
f3aa
f269
f2a5
ee49
ecbd
efde
f44b
f9ce
fc2b
fa85
fa23
fef1
0475
0b7a
0eb3
0d44
0f7e
1314
12db
110c
0dd2
085b
00fb
f809
f1e2
f045
f1c0
f520
f5ce
f372
f23b
f514
f8bf
f932
fa9d
fcf1
ff9e
02a1
00f7
fee9
fff8
f404
f6c1
f754
f3e2
eea9
f1bc
f899
fd0a
0134
051c
04c9
047b
0631
07cc
074e
02dd
0295
0934
0c21
0980
06bb
04e9
0409
0217
0031
0360
0243
fb2a
faa3
fb4c
f712
f263
ee69
ee35
ed92
eb8e
ef48
f14c
efa8
ef9c
f40d
fc91
02a9
044b
09ac
0f66
1249
1469
12c5
0da4
0e5f
1196
0f10
0b3a
0a43
0908
039c
fa6b
f4f7
f32c
efe6
ee51
f15e
f5ae
fa09
fe4d
0358
07f6
080b
06df
058c
0223
00dd
049d
09f7
0aaf
0906
082d
0223
f96a
f26f
ee4d
edf8
f033
f3c8
f586
f67b
f9a8
f9d6
f536
f332
f4b1
f96e
0110
0631
0bcc
11aa
10a1
0e21
0b56
055e
0099
0015
ff96
fc21
f901
fc41
0069
004d
012e
02f5
0386
054a
04f5
02a7
027b
0451
040b
01cc
fdb2
f7dc
f65f
fcf3
031c
feef
f707
f598
f63d
f427
f190
f091
f219
f6f5
fac9
fb8a
fe5f
040f
0744
060d
04b9
0550
06af
07c0
0780
0607
0673
07a2
0681
033e
0211
01e6
05a8
0bfb
0b8e
04cf
024f
ffe4
fc9f
fea3
018e
0041
ff04
01de
007d
f538
eafb
ea00
edc0
edd8
f07b
f76a
fa31
fafb
fbde
fecf
0792
0bf4
03fc
05fa
07f8
fc04
fe02
09f6
0000
fc04
0bf4
09f6
0000
07f8
0bf4
0000
fc04
043b
fffc
fa02
005b
0055
fc53
fe8b
009f
0491
004b
f84d
fcc3
02f1
00c3
fcb9
fced
f920
f196
f07d
f570
f01d
e922
f287
fd54
fd7e
fba8
01e6
09be
0920
0a8b
0dde
0902
022d
01ac
ff24
fec9
0475
07a4
0861
08cf
0ce9
1255
12db
10c1
0649
0041
008f
f6dd
ed78
f09d
f58e
f633
f8cd
fd3a
fd66
ff8c
0988
0ceb
0a1d
1370
1a2f
1093
0394
015c
093e
0ca5
ffe6
fbea
f82d
ecb5
e5f0
df98
e996
faed
f740
f7cc
083d
03bc
ff84
ff8a
fd94
ffcc
fbe6
f85d
fb42
fa21
0334
0d98
0cf1
0fe8
142b
118e
0e8d
0d44
0ba4
0bbc
0578
fb70
f823
f34a
ed24
edf0
f13a
eccb
eb38
f25b
f57c
f2c3
f29b
f6db
f722
f5ac
0091
0cc1
11cc
11f9
0f94
0ed5
0bac
0c53
1087
0bf9
0158
fb50
f1d0
eb54
edde
f4cb
fba2
fa35
f50e
f48b
f06f
f10d
fc0d
fe83
fcdf
0166
0796
0928
045b
01b4
0522
0631
09ca
0d28
0c55
0792
ff20
f538
f1e8
f2c9
f39c
f461
f718
039a
0f54
0c5f
ffa4
ffa8
07a4
0926
0a91
0de4
0f02
1609
1aa3
12fe
0dd2
0ef2
0a05
0568
0312
00e3
fcd7
f70e
f2e7
f166
ee71
ed34
ef9e
f164
f083
f029
f051
f5ec
fe79
038c
082f
0a47
0aeb
0c29
0bf2
095e
07a6
07c8
04ab
0198
fda8
f70a
f419
f3b4
efba
e984
ea5d
efd0
f36e
fa33
00b9
00d5
02e3
0caf
0f7e
0da6
0d7a
08e7
0057
fa49
f6c5
f5c0
f51a
f6d3
fab5
fc83
004d
03d8
010e
fd68
fe0b
ffb2
fe41
00f1
0867
0a25
0a75
0c69
09de
042d
01b2
034a
01b0
fa25
f53e
f5f6
f7ee
f808
f661
f91c
fedd
fd4e
f7f0
f920
fa73
f5e0
f2e3
f378
f366
f5b6
fa2d
fb8e
fcfb
ff66
feb1
000d
064d
09f7
0819
0716
08e7
0a4f
0c4b
0dc2
0be6
0a27
0a83
09da
073c
07c6
0748
00d9
fdce
01ec
07c6
0b44
0b8e
0cd3
0c05
0946
0568
019a
03f4
0902
0a79
0b82
0b1e
0869
059a
00cb
fb42
f439
effa
eb7e
e3f2
dfba
e2bf
e67b
eec3
f90c
feeb
0275
05b2
048f
0754
0faa
1100
0fba
1203
1594
1045
06cb
ffae
fc00
f9aa
f6ab
f128
ee71
ef6c
efdc
f5be
fe8f
ffe4
fe25
fe8f
fffc
0150
0382
0374
024b
041d
07ae
06cb
03c0
00c5
00ef
020b
0205
00ef
fde2
fa15
f8b3
f69f
f2f7
f3ec
f72e
fa83
fdce
fff4
fff8
fefb
fd14
fc61
fad5
f988
f782
f3e2
f5d4
fbf2
01cc
0639
0631
01fc
fdf8
fb40
fad7
fd98
003d
04b3
0ab7
0d04
0dc6
1009
11a6
109b
0e19
0e35
0c51
0c8b
0dc0
0ae5
0639
00db
fad3
f728
f3ba
f081
ed7c
eda4
f4c3
f972
f8db
f885
fa6d
fe5f
021d
038e
04cb
07ca
0c57
0c3b
09c0
071c
0865
0d50
1180
0ee5
05ff
ffa4
01a6
0784
0b06
0659
fffa
01f8
03d6
ff9c
f9a8
f213
ecf7
e82b
e3ae
e374
df42
de55
e67b
e8ef
ebf2
f160
f6eb
fc63
039e
064b
069d
08b1
0661
07fd
0f38
1584
16c1
0b3c
fc17
f200
ecf3
ecc9
ed3a
fa2d
0e77
1116
0312
f9d0
fd44
088d
12db
17ed
17f1
1338
0c31
0538
047d
05a4
0e83
185d
18dd
1291
021d
fc95
0176
0001
049b
06c7
00a1
00d1
00f7
fb16
f3bc
f52e
fadb
fa59
f60f
f653
00d5
0ca3
0d56
0996
05c4
01ff
0261
02a9
fcdb
fd7a
021d
0069
f4d7
e857
e158
dfba
dd36
dfec
e770
ed40
f742
feeb
081d
1477
1b6a
2011
246b
255c
280d
2a51
291e
26b3
2039
1922
12b1
0e0b
0a3d
005d
f518
e8df
da24
cf80
c907
c4ab
ca65
d56a
dd17
dd66
dac7
db78
e53a
f132
f8e5
0053
0b42
1922
215e
220f
1fa6
1c63
1871
15f7
12f4
0d8a
040b
f905
f2e1
eb88
e546
e833
edac
f15e
f944
fae7
f899
fca5
0089
002d
fbd8
fbe4
0405
0986
0867
0714
059c
0a05
0dd8
0d00
13c6
1b7c
17e2
0fc4
09a6
0994
0d30
0e29
0aa3
04fe
ff8a
f673
ea3d
e374
e5f2
e519
df28
db9a
e05f
eccd
fc09
0871
0dd4
0e73
1091
1504
1788
1924
19de
18bb
15e4
100b
0b8c
0a71
0a91
0958
0964
0b20
0ae7
075a
0647
0691
0322
fed1
f94e
f2d9
efb0
ed3a
e885
e9d0
efb2
f1ba
f510
f788
f81d
fae5
fba8
f984
f8b5
f72a
f7fc
fafd
f9f8
f55c
f00c
ee0e
f328
f7f2
fb6e
feb3
ffc6
00c7
fcbd
f9f4
fe4f
0265
053a
06e5
0675
07d6
0dda
130c
1455
12e9
10fa
109f
0dc4
08a9
0794
0a4d
0b86
0950
07f0
0663
00bf
f673
ec19
e6ff
e6f9
e7ba
e930
ee41
f58a
fcb1
027f
02df
0221
045b
0251
0055
026f
00ff
00ff
03fc
04fb
04fb
00ff
fc04
fe02
ff01
fa06
fb05
00ff
02fd
03fc
04fb
02fd
00cf
fdc4
fce7
0013
0110
01fe
02dd
01b0
fc99
fad1
ff1e
0328
03f4
02b5
0289
065b
09bc
069d
0479
074e
06bb
01fc
fd78
fc4b
f750
f1ea
f045
ef36
eebd
efd2
f352
f8fd
fb06
fc95
0023
0376
04f9
04bb
04d9
04cd
0617
0918
0a9f
08bb
062d
0514
05e0
076c
04f7
01aa
038c
064f
04eb
019e
ff86
fd8e
fdb4
fbda
f720
f7ae
f831
f4b1
f861
fed5
ffee
fef5
fc13
f97e
fa41
fb24
fe1b
03ee
0643
0641
050c
02c3
0382
0615
084d
0a1b
0c79
0e4b
0d8e
0a6f
082b
05c8
035a
fef9
f7e6
f083
eb0f
e895
ebf8
f1c0
f49f
f5ac
fa4b
ffa0
fca9
f6e3
fa71
fdc6
fce9
0114
07fb
0879
03f4
04b3
0467
fe25
fa45
f9a2
fb38
fcd9
fc77
fe33
03dc
0b06
0f68
0f0a
0e37
10f8
0d0a
fefb
f7cc
fb44
fcad
f81f
f219
eedf
ee5d
f06d
f2d7
f580
fc4d
fecd
fd30
ffbe
0421
0e15
1af4
1e35
1857
160d
1534
0fc2
0e23
0c2b
fffa
f885
f7bc
f144
e9aa
e934
ed76
ee0a
e928
e54a
ea75
f3f4
f740
f5a2
f76a
fd54
01f6
063b
0e03
12e1
13da
171e
1776
1110
0889
0441
0217
fb03
f287
eff8
f10d
f386
f936
febf
fffc
0122
0726
108b
12d9
0d6e
08ed
0865
0a9d
0b5c
06a9
0241
fc21
f467
f322
eff4
ecf7
f41f
fcd5
0300
04cd
0083
0277
064b
03e8
01aa
008f
fc89
f8c3
f837
f5b6
f25d
f138
f223
f400
f7bc
fb3c
fb88
f8d1
f843
ffb8
03b8
ff60
fd4e
fd70
039c
0f40
0fba
09b2
09b6
0f64
123d
0c5d
0479
04e7
0720
ff06
f972
fdd6
01f4
01d4
01b6
fd9e
f5cc
f271
f744
f7d0
fc4d
087b
0bee
fb3e
eb9a
f0db
f9c4
044d
1007
108d
068d
04ef
0b38
0ec3
05aa
faf5
f908
fb6c
01ca
03b6
fd6c
fb96
fdfc
0019
0116
ff06
fd16
fe43
0259
062f
04cd
0083
fe7b
fe93
04a3
0655
fff6
00f5
07de
0a1b
07e8
0d8e
1667
1dfd
1833
0a09
fc71
efcc
e471
dea1
da37
e336
fc79
0c49
0ac7
010c
efec
e05b
e6ab
f15a
f7d6
fe29
0425
05a4
02e1
f839
ee79
f5d0
00fd
0772
0d42
0475
fa37
fe8f
fca7
fcdb
0702
0a8d
0de0
12fa
11ca
0cb1
07ea
0d64
1485
1936
1b9e
13ea
0cb1
0be6
0d24
104d
0d4a
047d
0235
0211
fbf6
f63b
f0dd
efd0
f0d3
edc8
e6f3
e18a
e56e
eb13
eb62
eea9
f5b8
fb56
019a
057c
0522
04cf
0283
0259
072e
07ba
053e
08b9
0db2
0bf4
05f6
0225
0479
0a7f
0dd0
0a81
0314
fc04
fb7c
fb20
f2f7
e9b8
e7b8
eb94
eed7
f06f
f269
f7ac
fcdb
02cd
0847
0f24
1617
1ce6
225f
256c
241f
1dc8
14e9
09f2
fd5a
f996
f83d
f33a
e8f1
e002
da9d
dab5
d7f8
d2a9
d90f
e63d
f168
f857
f918
fc02
00d9
fd60
f833
fb8c
00cf
09b2
13b6
1283
10cd
14a3
1596
15ca
154a
1823
1e09
1ca5
1c6d
1b54
1376
0d76
0768
fd82
f44d
ec08
e2e7
dd3c
e4f5
f301
f69b
f04f
f0df
f9c8
fa29
f08f
eb8c
f6c9
054e
08f5
0a63
0fb6
14b3
1366
0e33
0d4e
1075
116a
144f
1067
063f
047d
04af
febd
fb30
f9fe
f70e
f295
ead1
e62f
e69f
efc8
fed9
0902
0849
035c
029d
05d0
04a3
ff66
0279
0942
0f52
1089
0d2a
0d92
1978
1fd8
10e5
f663
e1d0
db68
ce91
c80e
cba8
ccad
d732
e64f
e952
f8cd
137a
2bdf
455a
4f1c
45d7
32fe
1fb8
0ca5
f65f
edbc
f227
f0bf
e9ea
e431
e3ac
e014
d7b8
d91b
e394
f441
043f
0d1e
1504
1dc0
2102
1e0b
1a53
17ff
1310
0bd8
04b3
fdda
f97a
f88f
f8eb
fd74
00c9
fee5
fb28
f877
f5f2
f394
f1dc
f53a
f764
f5f0
f60f
f3b0
f176
f45b
f792
f916
f786
f590
f437
f152
f10d
f53e
f980
ffae
ff7e
fd56
ff60
ff4e
033e
10c9
18f6
15e2
1649
17f3
1cbf
2055
1ab5
1695
1bf5
1827
09de
0421
029b
ff18
fbd2
f6e1
f285
eed9
e7f2
ea2f
ecf5
ee23
f738
f9c2
f42b
f4e9
f996
fbfa
fc39
fe73
fe8b
f8a7
f71e
fda6
01c6
03a6
0568
fd18
f54e
f3fa
f0bd
efb2
f2b3
f782
fc05
fc43
fe7d
0291
0267
043d
05f6
0596
0140
fa31
fa8d
ffde
00df
02cf
03a0
0265
0738
0ac1
0a13
0d6e
1093
1186
1469
1223
0b06
067f
0487
0388
037a
054e
06d9
0495
0150
fdb4
f9e2
f67b
f512
f693
f944
fb80
fabd
f912
f901
faef
fcbd
fc71
fd28
fe53
fbf0
fbb0
fe71
ff88
000d
000b
ff8a
fd92
fbba
fbfe
fc3d
fc79
feaf
00c1
02b1
087f
0bf2
0736
00c9
fcbf
f8f7
f56a
f811
0087
0875
0bea
0c29
0968
06d3
0665
06fc
058c
0037
ff34
053a
08e3
0853
07ce
0a4d
0ba6
06ef
ff4c
fb24
f863
f40c
f156
f43b
fb4a
fc11
f8ef
f833
f9be
fc5f
fbf4
f8af
fbd2
fde4
f40d
f4cb
fd76
fba0
ffe2
09d8
0b36
0c7f
0bb6
06fc
048d
0245
021f
01fc
01dc
03bc
077c
0306
fadd
f534
f3e2
f4a3
f558
f9fe
fc5b
f49d
f156
f43d
f4f9
f7a6
fc27
f867
f4e5
f596
f839
feaf
02bf
0291
0465
061b
03ba
037e
0542
02ef
02bf
088b
0bfd
0740
04cd
0a79
0dcc
06f5
008b
027f
084f
09c8
092a
0e91
0fa6
0aaf
0dff
1318
0bec
0f28
0e35
fd60
f98e
01ec
01cc
f9b6
ee25
eb46
e499
da5b
dcb5
e2e5
ecad
f9d6
fe33
fa53
fea9
05b6
0857
08d1
0744
02d3
ffa8
fdae
fbd4
f819
f897
fc09
fd46
fc71
fea7
fbbe
f60a
fc04
07f8
07f8
0000
fe02
0000
05fa
07f8
05fa
03fc
05fa
05fa
03fc
01fe
09f6
114e
0c3d
0380
ff4a
fb58
f9a4
fe05
0021
fc21
f467
f520
fbc8
fe07
0221
07f8
0b74
0c5f
0ad9
0813
0538
045d
0865
0be8
0bd4
0962
01d0
fca5
fde0
fe17
fd58
f9ba
f388
f415
f4f7
f223
f3e6
f9e6
fbb8
ff8c
fd2a
f50b
efc2
f148
f726
fee9
0833
0cab
087b
05f4
0198
f788
f215
f2f3
efc6
eccd
f3fa
fcb1
fce5
fd14
013e
0922
0c8b
0bc2
0f00
1390
1738
19eb
11ac
0566
fbb4
f4bb
f483
f8a5
fabf
f8e3
f75a
f82b
f72e
f28b
f299
f968
facf
f823
f8a1
fb14
ff5e
0364
042b
03e8
04a7
035c
ff2a
fe37
0150
0338
0502
0aab
0ff9
0cfa
082d
06ab
0441
0000
fe02
fe21
ff3e
0148
042f
04eb
039c
085d
0cd1
0a9b
0a2f
0879
009d
fd34
fe11
feef
fac9
f40f
f31a
f499
f55a
f861
fa73
fe8b
0766
0a7b
070e
049d
022b
01cc
055e
078c
0a59
0aa7
059e
04b3
04af
fe89
f7d0
f6bd
f802
f881
00f1
08d9
0051
f853
f8cd
f93e
f9aa
fa0d
ea7b
ebd2
14ec
2b84
10e3
07dc
0f54
0665
f60d
e6bb
d85d
e2cf
fc89
0caf
fbf4
e44b
de0e
d833
d2b7
dd82
ef9a
f897
08fc
1415
11e8
0358
f990
0085
12f8
1fb0
26a1
27ef
1bf3
0bda
0c51
1059
139c
160b
13a6
0a73
05d0
0770
06f9
028d
fe67
007d
fe77
f697
f330
f000
e907
e877
f1e8
f6c5
f758
f7e2
f665
f105
f3f2
f8ad
f524
fbcc
0207
f7f0
f077
f36c
f633
facb
fd1a
0342
0b04
0cf6
0e5f
113a
0d62
0a59
0a29
0aa9
0ec5
0e2b
082d
0548
ff68
f7ec
f522
f3da
f404
f885
f8fd
f7a4
fc9b
fd5e
f035
e25d
e441
ecdf
f788
fdce
01c2
0b60
1407
1588
1245
0ba4
0b06
1013
164b
1a6d
177e
15fd
15e2
101b
0d2a
0afc
029d
fbac
fa47
f726
f27f
f287
eefd
e833
e68f
e7cc
e7b6
e762
e7d6
e705
ea02
f178
f2f1
f3ba
f7d4
fceb
ffca
fd80
ff6a
0534
057c
0590
0574
042d
03d6
0164
ff0c
fbe2
f809
f9a6
fe57
fdce
fa5f
fcb7
00e7
02d5
04a5
0855
0dca
08f1
0267
023f
0219
01f8
fddc
f804
fc7f
00b3
04a3
0b50
0b9a
08e1
0e4b
1162
0e4d
0b6a
05b8
0160
0346
050e
05bc
0360
ff2c
fc3b
fa79
f6ff
f402
f78c
fb1e
faa1
fc51
0000
fd78
fb2c
0122
04b1
07e0
0e97
1071
0bae
04db
fc4d
fa5f
fcb7
fd03
fd60
f9d0
f4a9
f627
f9d8
0178
0891
06f9
0b3a
18d3
1cd1
11b4
fac5
e96a
edc6
f26b
ef38
ecbd
eeff
f1a2
f091
e416
e138
e774
ea12
ed32
ecb9
ece1
f398
f24d
f184
ff2c
09ff
07e0
05a2
0b52
1843
21a2
1f64
2049
2617
2e53
3495
32d2
2d96
293c
1be5
0a87
fbe8
ee51
e41f
db6e
d06f
c99a
d0d9
d521
de75
f037
ff5c
0996
10f4
13e0
12a1
0d7a
04a9
fe63
0079
026f
fa4f
f4af
f364
ee33
ed50
f673
0100
02ed
069f
0fda
1801
18ea
1300
0cdd
06b3
feb7
f940
f059
e87b
e9ce
f1b6
f990
011e
062b
04c9
ff80
0087
0578
071e
02af
fe87
fe9d
00b1
069f
0c2d
0e67
127b
1251
0f2c
0f38
10c5
0db4
0a63
08f1
0350
f7f4
ef88
f01d
f324
f65f
f7b2
fb2e
fe99
fbdc
f56c
f3b2
f671
f950
f63b
f1a6
edca
eeb7
f21b
f1bc
edd6
f0b7
fbdc
046f
0857
0dba
1257
1815
14bd
06fc
05d2
0a83
049d
fcf1
fbd0
f8e3
f25f
ecaf
e9f0
e60c
e332
e566
ea47
ed88
f423
fcaf
02cb
0570
06bf
07c0
0b6e
1281
1590
16c1
1429
0b1e
014a
f808
f394
f4c5
fa37
037a
0413
f88b
f5ec
03b6
0c89
0c6f
0fee
0abb
f98e
f59a
f633
ef18
f4e9
02ab
097e
1392
186b
1439
15a2
1447
0c63
0a91
0885
0455
0241
fc3d
f0bd
ea67
e720
e8cf
f312
fb18
fec9
0a3d
12a9
1001
0f00
0d96
ffe0
f305
f154
f42d
f538
f885
01d2
0281
fe5b
066d
0803
0386
054a
04f5
02a7
007d
fc79
f6b7
f34e
f813
fe8b
fca3
f8dd
ff48
024f
ff2c
fe39
fb58
f9a4
fd06
fd34
fd60
0087
027b
074e
0ad5
0928
0697
072c
06b9
fe1d
f619
f4dd
f20e
f1d8
f413
f48b
f952
03fc
0bdc
0ee3
133e
16b9
114c
09ac
082f
07ac
0334
0300
fed3
f6ed
ef84
e893
de16
dc37
e26f
f437
00e7
fcdb
f910
f97e
f1ee
ecd5
f202
fad9
0520
0ec3
15ce
166d
1306
0fd8
0add
082f
0fa4
189f
1516
0bcc
0514
009b
fc61
fa83
fce9
ff3e
0174
017a
f97a
f02d
ebee
e88f
e81d
ec6b
f30d
f7ac
fa45
fee1
013c
0368
0750
04c3
0433
0b82
11fd
1186
0e89
0f40
116e
12ed
13bc
11e2
0d96
0425
fb2a
f5e2
ed40
e8b9
e82f
e76c
eb74
f0dd
f16c
f067
f4e7
fe6f
0768
0d96
0df7
0b18
0b64
0bac
05f6
019a
0081
fe79
fe91
ffa6
fbae
faf3
ff3e
fe4b
ff64
0368
fe35
f764
f340
f1c0
f0c7
f055
f461
fa85
fa77
fe91
0a6b
0f38
0946
0368
01c6
0429
0841
09ba
0520
fed3
fee5
f8fb
f172
f853
fec7
fed9
00e9
04d5
0883
0ff1
1ae5
212e
1f1a
1530
03ec
f3bc
ec87
edbe
f6d9
f76a
e802
d990
dbf6
e62d
e7ca
d164
d44d
f6e7
ef80
e097
fa75
0abd
0613
15a2
1c3f
0a8b
fdee
11f9
20c9
16c3
1d4e
1b78
fddc
01fa
15c6
0479
ec49
e58c
f326
03e4
03a4
0368
0330
f30d
efe0
04cd
047f
0435
0fe6
02f3
f2d3
f7a0
f429
ecef
f21b
faf1
f744
ebdc
f118
fdfa
0215
19dc
2431
11fd
0ce1
100d
0b10
0a03
04b9
fba0
f338
ebba
e554
dc2d
ccbd
cfcc
e41a
f800
0ae5
1845
240b
1e01
0f6e
1075
0b70
fec5
02d3
04a3
fc5f
f89d
f912
f980
fbe6
0021
0a13
1368
1e25
2835
1fb8
11c8
0caf
07e8
036c
fb3c
ff84
0b7e
06c9
f66b
ef0b
ec1d
ed5a
f27f
fb4e
ff94
ff9a
039c
0560
030a
fedd
faf3
f14c
ea3f
f194
fa71
fac9
0114
04fe
feb3
fec7
04d3
0287
fc4d
f693
ed82
e594
e2f3
e75a
ea3f
eba6
f392
f962
fb0c
00bd
020f
fd40
02c9
11d6
1968
17bc
1968
2025
1f7a
1ddc
235e
236e
1e65
1eb1
1a05
0ed9
05e6
fd50
f35a
ea67
e0b1
de89
dd8e
dbb6
e117
e717
e782
eea3
f9d8
fc91
0136
0d7e
1299
0ed3
08d3
02eb
0142
ffa8
fa2d
f538
f0e7
e954
e2ef
e5ce
ed4a
eceb
ed26
fde4
0da4
1401
1d52
2124
1b14
1a61
1db6
18dd
1055
0b52
099e
0308
fddc
01fa
02d9
feaf
fcc5
fbf8
fe35
044b
0bda
069b
fb80
fb30
ff04
00a3
fa29
ee4b
e5b6
e275
e64b
ecad
ef44
f631
faff
03a2
0b5e
08a9
061f
01c0
ffa4
0b9c
0edd
09f2
0b50
0a9b
0bee
0d2c
0a5b
07b6
053c
04e7
026f
f811
f095
f202
f3c6
f5ce
f606
f689
f352
f4af
fa4b
fbbe
ff38
0081
fbb4
f952
f74a
f5a6
f46d
efa6
edaa
f455
f6f5
f5b4
fcd1
0790
0d68
1671
1e33
1c8f
181f
1730
1396
0d9a
0790
01a8
fe0d
feb7
fd60
fa33
f764
f307
f54e
fdbe
05b8
050a
023f
0586
0a69
0ea9
122d
0af1
fbd8
f7c6
f831
eedd
e2a9
dc1e
dd13
e507
eb52
efe0
f6a1
ff3c
0950
1275
1477
13b6
165d
122b
05b2
fdcc
fc6d
f348
e91c
ea3d
edf8
ec0c
ecdb
f22f
f59e
fd24
0a41
143b
12fc
1534
1e95
1e71
1364
0c67
0970
045d
0174
fead
f61f
f065
f35c
f623
f8bf
ff2c
0136
0320
08e7
0c53
0b8e
0ad5
0a27
0b82
08cb
0045
fa45
fc9f
fdd4
faf9
f94a
f8b5
f829
fba2
fee5
01f2
05ce
0570
011c
0308
06d3
0269
fd46
fa73
f5fa
f413
f6a5
fd52
05a6
0948
066b
0386
06ab
0966
03b0
fe35
ff18
fff2
00bb
036e
0138
f92c
f79a
0017
0015
fa19
0071
0267
fa47
f8a3
fb16
f768
f3f6
f6b3
f746
f1d8
eebd
f3cc
f48f
f544
fbea
0025
041d
09d4
0b34
0a81
0bd6
071a
00ad
00a1
0293
fe6d
f697
ef88
f164
f790
f5a2
f027
ef7c
f358
f75a
f764
ebbc
d976
dd74
ee39
ee8f
eb6e
f910
0e05
1d3e
2a97
31c6
2efa
26e6
1a1f
0956
0144
01a0
fdec
fe7f
0310
0342
ff58
fd64
0188
0768
0aed
0e39
0f52
0e5b
077a
0304
02d3
fcab
f8e3
fd50
fb7c
f7c8
f84b
f705
f619
f38c
f18a
f417
f2dd
ee21
ec3d
e917
dee1
da53
e32e
ea63
efd2
fd60
062d
03cc
058c
0d2a
1053
1348
1a0b
1c65
1c9b
1ad1
1922
1790
0e1d
0344
ff12
f926
f39a
f2c5
f463
fa3d
01e4
0700
0994
0bb0
1146
11f9
1011
0dc6
0734
fad7
f560
f68d
eff8
e84d
e5d6
ea4f
f724
ff74
0542
0e83
18b9
1f86
20ec
1d38
12d9
008d
f15e
e792
e122
e208
e3ce
e657
f17c
fe5d
087d
0bba
0869
0706
077e
01b6
f641
edce
ec6b
ebb8
e7b4
e4b1
e2b5
e1c0
e7c4
ee27
f4b1
0322
1291
167d
1976
1b72
1677
1116
0b82
03ec
feab
fbc6
ff28
0657
08e3
06fe
04fe
0aed
1023
0a8d
00fd
f7fc
edca
ecc3
f25d
f40d
f402
f455
f4ff
f5f4
f728
f88f
0a09
2a0b
3ec2
4045
1fcc
0851
fa02
ecc5
f0e3
fd2e
00d1
0cb7
17de
0e67
018c
fd76
019a
fd84
fdaa
09c2
0924
f8a1
e52a
dedf
e0f1
cef5
ca0c
db0b
d437
c33b
c91f
d059
d0a5
d661
e505
f790
0934
216c
3f0a
54d8
66a0
7811
78b4
6992
5c0f
4c81
338e
1293
f312
d5f0
affa
8ee3
8355
845a
8d25
9cf3
b2d7
cdc0
f083
1194
2c09
3f7a
47bd
4940
485f
3954
296e
1140
f60d
e8cf
e515
e26b
e8cf
f380
fde8
07b8
0eaf
18bd
1968
0f44
014c
f625
edfc
e0e9
db98
e1b4
ee57
feb7
1017
1de2
27e1
2a07
24bf
1ca5
1029
fdfa
ecfb
e19e
dbe6
d9a6
deb7
e87b
f25d
fc0d
073e
0988
0368
fd8c
fc1b
f8e1
f60f
f5b6
f3b4
f035
f366
00bd
0d36
1281
10e9
0ce3
08b3
087b
09fd
071a
002f
ffaa
0924
13ba
1f04
24a5
1ecf
1263
0827
fc4d
f34a
ef38
ebec
ed6e
f762
fcfd
0055
0372
0243
0112
03e8
086b
0c61
09b8
02ed
fc75
f283
ed96
f180
f3a0
f600
fc83
06b5
0e0f
0e87
0e7f
0fff
16e1
2097
24af
2164
1944
0ae1
0500
074c
073a
fef5
f53c
ee71
ec99
e77c
dd7a
d729
d67d
d729
db0d
d9e0
d3fc
d7cc
e09b
e3de
e9c8
f9fa
0857
0f90
18d5
23ba
26d7
2889
2ed2
2d44
2568
1edb
13c2
06bb
fb4a
eeb7
e772
e461
e25b
e75c
f2c9
f9ec
fecd
0764
1330
19a8
18ee
157a
1190
0d56
04f9
f501
ec57
eccb
efce
f320
f8a1
fc04
fd50
009b
09a4
0dd0
0950
06c9
062f
036e
fcbf
f099
e7ac
e808
eb18
ec9f
eca9
ef48
f43f
fb40
05f2
0fc6
1083
10af
144d
1510
171c
1a4b
1679
0c35
0477
0330
fe02
f728
f7b6
f839
f6b7
fb46
018a
026f
0049
0043
0439
08f1
0663
0100
00ef
fee1
f4fd
efb2
f0b5
efaa
f0af
f79e
fe1d
fe3b
fc59
f897
f510
f9ba
0215
03f2
0093
fc65
fd90
03b6
085b
0a73
0b16
0b54
0c31
0ba0
04bd
f924
f178
efb4
f08b
f5cc
fd04
fde6
fccb
01d4
0879
0a71
0bf5
10fa
1922
1a03
120b
0801
0053
f91c
f48b
f499
f94a
f7b6
ee43
eb62
f0a7
f39a
f85b
02cb
029d
fc79
fab3
fb06
f956
f7c2
f647
f8e1
ff82
05ba
0962
0c83
0714
fdc6
f916
f8e5
f6ef
f360
f46b
f7be
f91e
f6a1
f88f
028f
0cd9
0f1c
0dc4
0a13
074a
086d
0d34
1142
1188
103b
0e7f
096c
0160
fcc5
fd86
fe4d
ff14
ffd6
ff8a
fc47
f855
f5de
f5dc
f52a
f2db
f217
f5ca
fb90
031a
0b10
102d
1475
17d2
1a39
1ba8
1427
0a7f
0516
fddc
f326
e980
e522
e7da
ed22
f2ad
f847
ffc4
06c9
0a29
0dff
1621
1b10
1cd7
2095
2112
1a83
0f8a
06bf
fe47
f069
e3e4
de00
d988
d689
d703
d8bb
d992
db8c
e285
edf6
fb3c
05d6
079c
050a
0675
0794
0267
fb7a
fb18
fedf
02ed
04bb
066d
0803
0782
050a
02bb
028f
085f
0dd2
0af6
0649
05e4
0584
032c
fefd
ff12
0526
06b1
01f2
ff6a
ff0c
f8c1
f90c
0180
0364
0112
04d7
0835
091c
09aa
0ddc
115a
1413
1401
0d54
07a4
030e
fcab
f8c5
f556
ef74
ed70
f01b
f318
f74a
fb7c
ff8e
045f
06c1
02cb
fa02
f3f2
f19e
f4dd
fc3b
0043
0108
03b6
0718
070c
08c7
0b1c
06f9
01e0
0104
002d
fe61
fabf
f384
f01b
f45f
f6bd
f540
f62d
f956
f885
f301
f136
f5f8
f9bc
f978
f56e
f0f9
f43b
fda0
0283
0403
0748
0b1c
1453
204f
248d
2562
2001
14fa
0ff5
12b7
14b5
13ed
0c97
074e
0619
fecb
f200
f263
f528
f21b
f3a8
f57c
f388
f611
f8ad
f722
f5b2
f457
f114
f004
f4ff
f7ac
f235
f112
f5fc
fc95
02c5
0495
004f
0049
083b
11ac
148d
173e
19c6
1031
0932
0e99
09b2
ff20
ff2e
fd3c
f96c
f7d6
f25d
eb3e
e734
e231
de6b
dfe8
e04d
dbae
da77
dc7d
e17a
ef11
024d
0c4b
0d4c
13ca
1d3a
1f2c
1e05
1dfd
170a
09d2
0514
0a6d
0722
ffd6
00f5
05f4
0873
0689
fe8d
ff12
0194
ffe2
07da
134e
1217
0104
f4ff
f5ae
ee59
e37e
e940
eea7
efbc
f8b7
fd26
f956
fdbc
f5e8
eae3
f124
0766
1c05
1a8d
105f
1243
0b7c
04c3
fe4d
f053
ebac
efe8
f859
fc83
f88d
fd08
0b48
1051
0891
0304
07ac
0dc8
1112
179a
1afc
1358
0f8c
0782
fbbe
f6d1
f675
f70c
f39e
f463
f918
017e
0d5a
107f
ff86
ef9c
f49d
fd4a
f57c
e633
e7d0
e952
eabd
f0b5
f0cd
f15c
fc4b
00ad
06bf
0c37
0ef6
1908
23ae
288f
21e5
1897
1510
0f1a
070c
ff46
f9fe
f538
ef14
ebd6
ed66
e978
e081
df0f
e8af
f26d
f600
f3ae
efe4
f2d1
fbf0
039c
08b1
0a31
074a
0a4f
12c9
1427
11d0
1308
1097
0bc8
07e6
0300
004d
fcc3
f48f
ef36
ebb8
e913
e84d
e651
e63f
e9f8
f31e
fa1b
fcd9
047b
0e7b
116c
0ea7
0d94
101f
12fe
1714
1d2a
1ef6
1bb0
17be
1449
0d6a
068b
01e2
fd72
f95c
f2bd
ecef
ed0f
ecc3
e917
ec55
f3f8
f782
f71a
f8fd
fcf5
fcc7
fab5
faeb
f946
f7f2
fced
ffb2
024b
0c9f
11ea
0e57
0e85
1237
0d22
03f8
ff3a
facd
fac9
fceb
f908
f19e
ed1a
f16c
fbe6
ffdc
0392
0ee5
130e
0e63
0d8a
0c4f
02cb
f9c6
f380
f000
ef32
eef7
f342
f7ae
fa15
fc85
f8ed
f5c6
fd18
0805
0a09
05a2
074c
0c9d
1132
12f4
1005
0cc3
0f46
0b2a
00fb
f764
eaad
dd6a
da06
d806
d764
dc0c
e186
eb98
f7a8
0338
07fb
0833
0e1f
113a
0ba0
09fb
095a
03c8
fe8f
f8ab
f91e
ff86
0289
025f
0534
08dd
074e
02dd
01b0
ff96
faa1
f5fc
f3ec
f459
f918
04bb
1378
1ab3
1ba8
1faa
246b
20c3
1752
0fbc
081f
fdbe
f512
f142
ee31
ef4e
f455
f90a
fd74
ff9a
fda2
fbca
f80f
f68f
fd1e
fd4c
fb78
03b8
0d72
0e99
09b2
051a
00cd
f8c7
f53e
f5ea
fa87
fed9
feeb
ef0b
e425
e5e2
e782
ed05
f62b
febf
04cd
0a79
09d0
0f2c
1235
071a
00ad
049d
0451
040b
05c8
0768
08ef
0e59
0f70
0e79
0c1d
038c
fd64
fcad
fc1b
ffac
0401
02f5
ffe2
fdfe
f94a
f316
f3a6
f889
fd56
fdf0
f992
f2af
eba4
eaa7
e964
e6eb
e75e
e98c
f243
ffd6
0a8f
1148
1807
1e97
1dce
1823
1310
10b1
0df0
09ec
05d6
03ce
07c0
0a33
0732
0425
0225
0132
0241
ff2e
f855
f522
f277
ec65
ea4d
edfe
f200
f530
fb80
fe91
ff7c
015a
000f
fbda
fa04
f77a
f45b
f1ca
efd2
ee77
f1ba
fb32
0833
1025
1516
190c
1df7
1fa4
1c39
1a1f
1754
0bff
00ff
fc9f
f7a0
f42f
f44f
f0cd
edfc
f0e1
f211
eea1
e9f4
e83d
ed58
f5b2
f9dc
f9f6
f93c
f7c4
f8a1
fea3
074a
112a
17e4
1c71
20cf
1de3
1639
1253
1411
190e
18f6
131c
0e03
06cd
fdd4
fa75
f776
eeef
e776
e334
df1b
e043
e453
e800
f02b
f950
fd1a
fcc1
0081
05fb
04f3
03d2
049f
033a
01d2
026d
fcef
f7de
f758
f71e
f72c
fb7a
05a0
0af8
07aa
064f
04d5
014a
ffea
fe9f
fb74
0293
0d24
10a7
136a
1366
10c7
0dc8
0c85
0af1
091c
071a
05fd
fec7
f40f
f05b
f259
f3a4
f53a
f70a
f804
f92c
fc75
01a2
046f
06eb
0904
07b6
053c
02e9
00bb
03ac
066d
010a
fbfe
fa3f
f69f
f734
f8bf
f536
f5e2
fa7f
fad7
f92a
f5d0
f7f6
fe33
001d
01e6
057e
03b4
fdec
f88f
f4c1
f287
f1da
ecab
e867
eb1c
ed4c
efee
f8dd
0172
0574
0a07
14f8
1e91
1fa0
1fa0
239e
283b
2a4d
27ed
2075
1372
05a2
fd7c
f7ea
eff2
e7fa
e43d
e398
e4df
e5e8
e5b2
ec49
f70e
036a
0ee3
142f
1388
104f
0fc2
13ba
11d8
0e85
0eef
09de
ffd2
f766
edc6
e64d
e612
eca1
f261
f237
f47b
f9f2
fa51
f7ae
f732
f5c0
f663
fdf6
0310
05dc
047d
ff38
0142
012c
fe1b
fd3a
fe65
0279
0637
0d82
13ea
154e
19eb
1576
109b
0b86
0467
fd94
f542
e7d0
dff0
d78e
cef7
d265
d907
e46f
ec02
f1ba
fd80
069f
0af8
0eb3
13b8
17ce
18e5
1328
0f2a
0cef
086f
01f4
fdcc
fdf2
fc25
fa93
fb42
fa0d
f71a
fa97
0201
06e5
0b40
0afe
046d
001d
fe0d
fc2b
fc83
faf3
f6a5
f2e5
f2c3
f509
f780
fc0f
0271
0956
0f80
11ce
1366
1746
172e
135e
0e2b
094c
06b9
044f
020b
03e8
05a6
ff50
f762
f3f0
f6ad
fd3a
0162
ff4c
fb5a
fba4
0203
04ef
0485
05fa
0726
0a03
0c61
0a37
07dc
0863
04a1
fdf8
f8c7
f223
e95a
e8c9
ea3b
e39e
df68
e170
e754
f0d7
f9c0
001d
0417
03d6
0794
0d14
0c41
097e
0ae3
0a33
083d
0720
06db
0463
fef3
f9e0
f64b
f736
fd52
0320
0679
076a
0710
0780
09a8
0960
08d1
09ff
08cb
0366
fe3b
fa6f
f70a
f520
f5a8
f578
f59c
f70e
f8af
f871
f774
f5ca
f56e
fa11
fe6b
fe83
0097
0588
052e
02dd
00b1
ffa6
00a9
009d
0291
0762
08e9
0a57
0a5b
070e
01be
fbb4
f62b
f148
ee27
edc2
ebf4
e9e2
ed9c
f5a8
fa87
fc43
fd03
fdce
019a
0817
09ee
0b56
0e49
09a0
03f4
047b
07d2
08b5
0447
03f8
0689
02c1
011a
057e
0372
ff6c
fba8
f841
f54e
f4db
f8c3
00a1
01ff
ff3a
00a3
fff0
ff46
06a3
0d54
0b36
05e2
03b0
057e
07ff
0819
06f1
06a1
071e
035e
fcc1
f7a6
f11e
eb74
edc0
f176
ef6a
ee02
f039
f4c9
fd64
0588
0702
0b28
11ae
143f
1506
1615
1362
103d
0fc4
0ed3
0c79
08e1
013e
f90c
f293
eee9
edfe
eead
eedb
f18a
f67f
fb6e
0130
078a
0845
01b8
fd82
fba0
f800
f6d5
f802
f75c
f705
f6f9
fb2e
0540
0c87
0ef8
0ecb
062f
ffe8
fffe
0011
fa27
f2cb
f247
f039
e8cf
ec89
fa97
01f4
02cf
0582
0bd8
1564
1bae
1ab9
18fc
1691
0d9c
02cb
fc8b
fac5
f944
f613
f164
ed72
ec4f
f1d6
f970
fcc9
0003
ff0c
fe2b
0360
0328
fcfb
fd2a
ff54
015c
ff48
ff52
0556
06fe
068d
0821
079e
0920
0e87
09a2
030c
06d7
0669
0205
05e0
077e
0704
0693
fa35
f09b
f190
ec7b
ebb4
eef7
f402
feb7
08c1
09ea
08b1
0348
0017
fd16
f85d
001d
0d58
115a
0a99
fbf6
f257
f1b6
f38e
f9a6
ff8e
ff20
02bb
0803
0cb5
14af
1984
1744
126d
0f4c
0fde
0de6
03a4
f5ec
e95e
e249
e28b
dfb6
dc10
dfba
e825
f0c7
f55a
f5fc
fcdb
075e
0d00
11e0
11e4
0760
fd48
f7e2
f50e
f1be
f110
f4df
f7ca
fcc3
0780
0e57
0d54
0df3
0d18
09e4
098e
05f2
fd62
fb68
fab1
f433
f079
f56e
fc65
fb10
f3fe
f5b2
ff94
04df
05b0
0645
089b
0887
0433
0001
fe0d
f84b
f71c
fe3f
04fc
032a
015a
0792
1122
1d8a
283d
250e
14f4
1126
0d0a
f8d5
f20e
fa13
fdcc
fd5c
f90a
f730
fbb4
000f
0621
03a8
f93e
f1ae
e50d
d80e
d515
d79e
e13a
f724
07f8
1182
19e7
1cf8
18f4
1863
1518
0d5a
0ba6
11a6
16b7
18c1
15e6
1485
1293
0f2a
0881
00fd
f9e8
f86d
f647
ef96
eccd
ecc7
eb5a
eba6
ea91
e43d
e128
e336
e707
eb5e
f013
f8f7
077c
14db
1cbf
1f40
209d
1ee1
184b
0b62
02e7
00d5
00d9
00d3
fcc9
f718
f408
f384
f469
f49b
f126
ef5c
f32c
f823
fc09
00cd
043d
0653
0c0f
0d10
0a99
0ced
0db4
0a01
0a35
0914
00c3
fde8
fd48
f9ca
f8b1
f8e3
f64b
f724
f934
f859
fac5
002f
0243
0223
03f2
0582
02cf
ff30
ffcc
fe5f
fc15
fc0b
fb20
fc67
00b1
02b1
017c
014c
ff94
fcfb
fa21
f8a1
f8ef
f96e
fb18
fdce
0067
0055
ff40
fdc2
fbee
fc55
fdd2
fe47
ffc0
0320
0532
05fa
0980
0f7e
10a3
0d32
0a8d
08bb
09ba
075c
00ed
fed7
fce9
fb1a
f96a
f5d6
f27b
ef56
ee61
f178
f061
ed5e
f481
fd30
ff5a
055e
0b00
0a4f
09aa
0710
02a3
0475
0a27
0984
00f3
fae9
fd36
fb64
f9b0
020b
07e4
0b60
0ea5
09be
0524
02a9
ff3e
fd0e
fe13
0213
01c4
0069
ff20
f9f6
f849
f7f2
f1e6
eaab
e788
eb52
f380
fc3f
0473
0827
07a4
0b24
1269
193a
13aa
067b
0a0d
0d68
fca1
f0e3
f5d0
fe69
0679
0611
05b0
0752
02e1
fcb7
f6f1
f582
fe21
0637
07d2
0b50
089d
0415
09ce
0930
fea7
fcbd
faf3
ed50
ea7f
f5cc
f86b
f0eb
f1dc
f6b9
f74c
f5d8
f877
fceb
ff18
fd28
fb56
ff9c
039e
0560
0904
0c6f
0fa4
06b1
fa51
fea7
06b3
0647
01e6
fbcc
fc0d
0245
061b
fdc0
fbe6
021f
01fc
01dc
03bc
0182
0168
ff52
f566
ee17
ed36
ec63
e5a4
e14e
e734
f07d
f7ac
fea9
073e
0c11
0d38
0de0
0d0c
0dda
1126
0eb9
09fb
0b32
0afc
0970
08af
0823
05a2
0447
0500
03b0
0176
035c
0623
06bf
084f
08c9
063d
04d9
018e
fd78
fda0
fcd7
f736
f233
f3e8
f7de
fcd1
ff8e
0221
0776
0b3a
0a69
0950
07fb
047b
ff10
fd01
fb32
f188
ea77
e7d2
e558
e901
ee6b
e98a
eaf1
f637
fccd
00fb
0ae1
0e2d
0f48
144d
185d
146f
0c1d
08eb
089f
0613
077a
058e
ff98
fefd
fd72
f914
f631
f5c8
f6b5
f4dd
f78c
fc0d
f84f
f8c9
0132
051a
04c9
027d
fe59
0071
0663
05fb
019e
0382
0942
08ad
01e0
ff6a
fd20
f912
f778
f43b
e996
e24b
de5f
ddbc
e42b
ed0f
f3fc
fcd5
013c
fb5c
f7fa
00ff
0f64
186b
2219
2a1b
2a4f
2b2a
2c99
2293
1619
0fae
0b28
068f
0009
f1f2
e6dd
e86d
f9d6
0e23
0d40
0473
0827
0ba0
06e9
0679
0611
f9bc
e633
dfd8
edce
f2ed
e82f
dedb
d327
c992
ce3b
d822
daaf
d643
cf6e
da79
e9fa
f138
f081
f44b
0429
16e3
27b8
363f
3c31
3be3
3db6
4178
36fc
2574
21c8
273c
2722
21d4
1dc8
170e
1205
12b5
0ec5
0a9d
fe69
e711
dde8
ea4b
eaa1
dfa6
d25f
cf50
d5ee
d17c
cec5
d1be
d5f8
e730
fc15
0bce
1e25
266b
190c
07be
0b30
1e01
2ab7
2956
22c5
178a
fc55
def5
d461
cbd2
bf25
c331
d6ed
f164
023d
0219
e218
d406
debd
f0c1
099c
20e8
1ed9
14f2
13a2
1267
1140
0c2f
0b6c
1aa5
24ee
1ea3
04cf
f095
f982
01e2
f9ca
f233
f70a
ff90
0392
ff5c
fb6c
ffd6
07f4
134a
1d4e
15d4
0629
0b32
0b94
f7a4
dd3c
d182
d3ea
db86
dfce
e4d1
e65f
e0a7
e03f
eccf
f92e
04fc
13e0
2d28
3b78
3318
1db0
0cab
0843
0bd6
16c7
1c55
18ad
1a71
1f40
14d5
0073
f54a
f91a
f4ed
ed5c
f0cf
f681
f42b
f653
faa3
f6df
f39c
f461
fd12
0d30
0861
f3ee
ecb5
fdd8
0dea
090e
fc89
fcbf
08e7
144b
1306
09de
fd4a
f88d
f455
ebc2
e15a
db8a
d837
d756
dbc2
e404
ef9c
f503
f56e
f526
f23b
f5e4
fe9b
02ad
047f
0633
09cc
1522
17cc
1053
0f4c
164f
1edf
1cf0
0f2c
0c3b
156c
1611
0eb5
0f4e
0b66
0164
f9f4
f328
ed2e
f01f
f75a
f86b
f5aa
f762
ff3c
049f
018c
faa1
f64b
f6e5
fb72
fbba
f406
f0c9
f9b4
fe13
fe31
0447
0bf9
0f34
0a43
ffa8
f9b2
f817
f499
f152
f23b
f118
f206
f8df
ff4a
fd56
f786
fa0b
0261
0635
07d0
0b4e
0c97
0fc8
10c9
0d34
0b6a
0f5a
1091
0936
0801
0c99
0889
fe7b
f31a
eecf
f744
ff76
ff2e
fcf1
faed
f542
f1f2
f4cf
f97c
fde0
0000
01fe
05da
037e
fb4c
efa2
eea9
fbb2
07ea
0f62
1465
0d24
0657
05f2
0196
fb82
f9cc
0027
061d
01be
fba8
f9ee
f255
ef32
f439
faef
0138
091c
068b
0027
fe25
003f
0239
0215
fff6
01f4
01d4
01b6
019a
0180
0562
0708
0697
042f
03ec
09a6
1102
0bf5
053a
02e9
febd
fad5
f32e
ee00
f31a
f7e4
f865
f6e1
f574
fb6a
0223
0463
075a
0de2
1192
137a
11aa
0c6b
0918
06af
0336
01d8
ff7e
fb4e
f289
e4c1
dca9
de23
e291
e7a2
ed22
f0e3
f6dd
fcbf
fc61
fc23
0001
099a
124b
13e4
10c5
0f4c
0f6c
0d0e
066f
03ff
098c
106f
1065
09de
036e
ff46
fd62
ffac
fdd6
f435
ed8a
f5ce
fddc
ff7e
0108
026f
05a8
0c79
1079
0dba
06bb
fff4
fd94
f572
ea29
e63d
eb54
f1be
f534
f5cc
f7a8
f7aa
f5f0
f69f
fa89
005b
03ce
01ee
0118
0540
0af6
12f4
18db
189f
189f
18d7
1445
0e59
0956
0754
0833
04c5
0164
0229
fdd4
f5d8
efaa
ed5c
f1c0
f350
f12e
f59e
fb18
fc65
fbba
fa3b
fefb
0770
0926
0877
068f
0291
febd
fa2f
f617
f889
fd0a
ff5c
018c
038a
ff50
fb5e
fdc8
0415
07de
072c
024f
ffaa
032a
025b
f98c
f4f7
f9a2
ff02
ff10
021b
03f8
ffbc
fec1
04cf
0a7b
0bd0
0b12
0764
00f3
fce7
fc17
f778
f166
f221
f73a
f948
f96a
f8bf
f758
f74a
f780
f5f8
f3d6
f037
ec51
ea45
e707
e7be
ed26
efd2
f3d0
fde8
086d
1007
15a6
1a3b
1ab5
1554
129b
1174
09d8
0463
021f
fdf0
fc0f
fb6a
f7f6
f5f6
f85f
fdda
0409
08b5
0bd0
095c
06c3
0718
082d
05f2
02a9
017a
fe53
fd68
009b
fd9a
f4df
f301
f3a4
f0a1
f243
f437
f26b
f126
ee6b
f061
fca9
04d5
0487
043d
03f8
03b8
0b74
1aad
1900
0f78
0e7f
1d86
3b8c
3fc9
1beb
2223
3fdf
27d8
f808
e818
e818
e020
e818
f808
e818
d828
f010
0000
e818
e020
f010
f010
e818
eb94
f4d3
ed8c
e2bf
ea8b
ebe2
e52a
ecd1
f7fa
f67b
f712
fb9c
fde0
03fc
07b8
073c
06c7
0a55
0dac
18c5
232c
28f0
2e59
1b82
01e2
05be
095c
fcd1
ed13
f23d
ff0c
0316
02c9
0069
fc2d
fe4d
0057
fe3f
fc55
f8a7
f56c
f0bb
f0c9
fb44
0938
0c0b
0657
08c1
10b5
15a4
159a
10e5
0bf2
0ae9
0798
0041
fb5a
fcdf
fe61
fbda
fb98
f97e
fbb4
05de
0182
f178
f25f
0328
fef9
f314
f3e2
f89f
f518
edce
eaf5
ec45
ed80
eea7
efbc
f0bf
f229
f5e8
fdb4
080f
0d86
0c3d
06a9
0235
02f1
0188
fe29
ff0a
04df
0b2c
09c2
0520
0699
05c6
00d5
0025
0974
11e2
113e
1019
1083
0a67
0457
fc85
f548
f2d1
f2e5
f958
0394
0514
0255
fdae
f366
ee21
f1b6
f582
f568
f7a0
fbf2
fe1d
062d
0b8a
0839
08d5
0a45
07a2
0528
02d7
02a9
027d
fc5b
f49d
f94e
fdb4
f7de
f067
f160
f447
f503
f7b0
006d
0e93
1b60
1c8f
16c9
14a3
13f7
0eb9
055a
fe63
fbe4
f7ae
f200
ed1a
eb16
edd4
ecf9
e8c7
eb8a
f4bd
fdb4
022f
fe57
fcc5
015c
099a
0f06
0da8
0bf0
0bf0
0d8c
0e9f
092e
ffce
00f9
0801
085d
0473
049f
089d
0a17
0330
f8a1
f2ef
f3f8
f74c
f4b5
eea5
ea7f
e845
e6eb
e86b
ec8d
f404
fd5e
0635
0c4d
0fa0
0d42
06a3
0631
0792
01a4
fe03
011e
fd10
f942
fbac
fbf0
f833
f4b3
f566
f70e
f99a
fdfc
0019
fd1a
fc49
fe81
0295
0453
fdd8
fdcc
07c6
0ee3
0f1a
0cd7
0a4f
099a
08a1
0574
004f
f77c
f572
f5da
f48d
f8a9
fcbd
feab
fd86
fc85
fbae
f908
f8c1
fcb3
007d
0108
fe83
fc2f
fb1c
fc3d
0263
0835
05b4
0558
08fe
0a6b
09c4
0728
06b5
0e41
1554
11ff
08e7
025d
fc3d
fa7b
f6d7
efb8
ec89
ed24
f247
f883
f99a
f9d2
fb34
f8a9
f87d
fd8a
0059
01f8
016c
00db
0247
0122
fb14
f865
fbdc
fe1b
fd3a
fd66
fe8d
ffa2
00a5
ff9a
f9a6
f60f
f9aa
fd0a
fd38
fc79
fbe0
fc6d
fc0d
f9d4
fbea
03f8
0966
0d30
0f54
0ddc
0f08
0fa8
0dc0
0b86
0a11
0762
ffa6
fa65
fa9f
f901
f9b0
fd82
fe2d
00d9
044f
036e
ff80
fbd4
fb80
fc53
fa37
fc91
00c3
feb7
fccd
02f9
04c7
fa83
f0e5
f5d2
fe6b
0081
0077
fc73
f6b1
f744
f7d0
f495
f3e6
f69d
f873
f966
fb7c
fc95
fcb7
fbf0
f855
f72e
fa5b
fe7f
0469
07d0
09c0
0f1c
1126
0d16
0b44
0a8f
08e7
0a55
0bae
08f5
036a
0332
08f8
0966
05d2
0475
052c
07d6
0956
05c4
016a
0251
0627
04c5
007b
ff74
017a
055e
0803
0584
012e
ff1c
ff2a
fd3e
fb86
fb08
fab9
f79a
f2f1
eff8
f0ab
f3ca
f31a
efde
f051
f138
f089
f15e
f398
f510
f4c9
f3e0
f463
f33a
f089
ef7c
f0ff
f3de
f8ed
fee1
057c
0c7f
16a9
1f7a
23c4
24ab
2160
1b3e
12a5
09fd
0788
06fa
043d
fe8b
f443
edfa
ee9d
edc2
ec85
eef3
f1c0
f4d1
f709
f766
fa00
ff9a
00df
0205
0506
05b0
061f
0853
0623
05e2
0574
ffe6
faaf
f5f6
f1d6
ee67
efb6
f968
feb7
ffbe
02b3
0362
03ea
0a41
11de
1275
0c73
086b
085b
0dce
12eb
11bc
0ca3
03e0
fda6
fbcc
fc0d
fa4d
f8a9
fb1a
ff64
fb70
f3c0
f285
ff50
1346
160d
00bf
f8bb
0126
fd16
f54c
fdee
0209
f9f0
f257
f330
f7f8
f877
f8ef
f95e
f9c8
f92a
fb94
00d5
01c6
02a7
0578
071e
09a8
0a0b
056e
0318
04e5
fe9b
f8b7
fc27
fd80
fadb
fa83
fb5a
f948
fa87
fcdb
fc23
fe91
04df
08a1
07e6
07f4
09be
0d18
0dd6
081d
0180
f940
edbe
ea7b
eb15
e750
e889
f160
fa1d
007d
0275
0338
01d6
0077
0423
0a6f
0b06
063f
058c
05b6
00b3
fdf6
fc71
fd1c
02cd
0809
07b6
012e
fa04
f776
f84f
fd52
0516
0738
05ff
04a9
0340
03d0
0239
faaf
f5c4
f772
f64b
f285
f164
f1c6
f58e
ff64
08a1
0f06
158a
1bf5
1d1e
1b4c
1bb8
1841
0e43
0471
fb16
f475
f493
f509
f4cf
f5ee
f64b
f9ec
fd82
fff4
033c
0437
0005
fd12
fe61
ffa6
fcdd
f958
f73e
f18e
efa8
f45b
f522
f532
fa91
ffc4
03a4
032c
01a2
031e
0667
0c43
0f60
0ed1
0cd3
0592
0095
008b
0081
fe79
fa95
f8ed
fb5a
fda2
01c4
099e
0efc
1207
14e3
1394
1457
170c
0fa0
fe35
f3e8
f295
f3be
f336
ef20
ebd2
ed54
eb54
e61d
e802
f081
f6f5
fb48
ff7a
016e
0334
00c7
f67f
f122
f687
fbe0
ff02
03f6
0a77
0e3b
1150
13a8
153c
1809
17e9
1110
0a1b
093e
0625
ff0e
f86f
f176
eb60
e84d
e528
e806
f16c
fbae
026f
01b6
fdfc
0085
0279
0053
024b
0324
fff4
f9fa
f55e
f40a
f6c7
fd54
017a
0261
0932
0d9a
06c5
025b
0e13
1c99
1d5c
0d36
059e
123d
118c
f86f
ed13
f6ef
fc79
fdca
f320
ed84
f0cb
f059
f267
f0c3
edb2
f558
00d5
0992
0f76
0e83
0d2a
0d7a
0f54
0c99
05a8
00f5
fe81
fa41
f89f
fb12
f764
f1f4
f4d1
fb7c
ffc0
fdc6
f7ee
f86d
fae3
f33c
ee0e
f12a
fa0f
0067
fc63
f6a3
f53a
f7e4
fe5f
0275
044b
0801
0f78
1479
1132
0c21
0b5e
0ca5
09dc
0342
fb14
f568
f215
eef7
ec0a
ef46
f849
00bb
04ab
085b
0bd0
0f0e
101b
0b1c
0271
0447
05ff
ffa4
ffa8
05a6
0748
08d1
0843
05c0
0166
014e
0534
00e5
f8dd
f94e
fdb4
fdd8
ff06
fe29
fa6b
f813
fa1b
fc2f
fc3f
fc6b
fab1
f63d
f55a
f4d9
f4b7
f7ec
fb2c
ff5e
094a
114c
1247
0ea1
0bbc
05a8
facb
f7bc
f71c
f5ce
f8df
fbf6
fafd
fc37
0275
073a
08c3
0a33
0792
031c
03ea
04a9
035e
0029
fb2a
fb76
00b9
01ac
fe93
fdaa
fccf
fa04
fb90
fb26
f2f1
f1a0
f8cf
01c0
0a11
0994
00d7
fa99
f6e7
f5b4
fadf
fde0
fcc3
fbd0
fe0f
012a
0017
ff16
0023
fa25
f489
f73e
f7ca
f54e
f4f9
f2ab
f380
fb40
0186
006d
fe67
027b
0a4b
0fa0
0ea5
0dba
0cdd
0a0f
0572
011e
030a
04d7
fe8f
f8ab
fb1c
ff66
036e
051a
fc8b
f0a3
f1e8
f980
f8d9
f675
fe77
0bfd
1051
0be4
0d56
0e45
06bb
ff70
0095
0998
0bc2
ff78
f3f6
ef84
ebdc
e313
d7c0
dc53
efaa
f855
f6bb
fb7c
040f
03ff
fdd4
f61d
f32c
fac5
040b
0a9f
0e75
0b9e
0699
07a8
105f
1607
16a7
207b
26ad
234c
2512
1ac9
092a
0897
0c09
fb58
f7a6
041f
fbe4
e839
e9b4
e71c
e4ad
ee59
f36e
ec3d
f010
07f8
17e8
0ff0
0bf4
0000
e41c
e818
07f8
07f8
f808
03fc
07f8
f808
0000
0ff0
06f9
0a85
15d0
186d
16e5
1972
17da
066b
fa0f
fa6d
fac5
fb18
fb66
f7b2
f835
f8b1
f760
f865
fb92
fab1
f40c
f22b
f6d1
f578
f289
f82b
fdb0
fcf3
0053
0974
0bbc
0982
091c
0477
01f6
fd8c
f182
eaa7
ecdb
f180
f44f
f74c
fa5d
fb6a
0283
0d10
148d
1ce8
23d6
213c
15c8
0e55
10db
0cb5
046d
047d
0663
03fc
ff9c
f788
ee39
ec08
ea97
e1ee
dcbd
def1
dc0e
d879
da55
df3c
ead3
f459
f9a6
08c5
18a9
24c9
2b02
238a
196c
171a
13aa
0c75
05b2
ff5c
f76e
f5f8
fc91
00c3
fabb
f910
fb7c
f9c6
f82b
faa5
fef7
0104
fef5
ff04
fd14
f748
fbd0
020b
fdee
fa11
fc6d
f6ab
ef46
f64b
02d9
02ab
047d
0e29
0f44
0855
09ce
0930
04a1
0653
09ea
054e
fd01
f736
f1c8
ecb1
ede6
f105
f1f4
facb
053a
06e1
0a33
0efc
1100
125b
110c
0750
01ee
06c5
051c
ff68
fc11
fb0c
fc3b
fb76
fedb
0809
0c67
0c1d
0978
04b1
fe11
f7ea
ee67
e608
defb
db62
db25
da12
da3d
df8e
e58a
e5fe
ed32
fc81
06fa
0e93
1938
206b
1c2f
1556
1635
1653
15bc
1a79
1c17
12c3
096a
0851
0506
fdca
fb0c
fc9d
0427
0d12
1108
0e3b
072a
fe51
fa0d
fa37
f68f
f16c
f507
fcb9
fe0d
fd5c
fec7
fc25
f9cc
fbc4
ffbc
fd7c
fb72
fda6
ffc8
ffca
ffcc
fdd0
f808
f8d5
fdca
fe83
0336
0d7e
14b5
16d5
121f
052a
fcd5
f71a
f004
ebda
ea8f
e608
e493
e80c
ee08
f431
f659
fca7
06a5
0bd0
0e49
0a2b
01ff
023b
065d
040d
fdc6
fbee
fe4f
0493
0a4b
075a
0c53
1891
1f4a
14ad
0e0d
0f5e
0823
f524
f39a
fe7d
00c5
fae7
f58e
f2db
f2b9
f4ff
fb72
ffa2
0192
0d4c
19dc
1cd9
1ac1
17f1
1889
1c4d
1af6
18dd
171a
12bb
0a0d
fe9b
f3e8
f136
f122
f087
ee71
ec08
ec61
ec51
e5e6
e0af
e0c1
e1ca
e3b2
ea57
ef3e
f25d
f1ba
f38e
f3a8
f61f
02b1
0e61
0ced
0b26
0f1a
1057
0b02
05aa
0671
07f6
0722
0522
0318
ff16
f95a
f72a
f85f
fabb
ff16
0231
ff0c
fb20
fa95
fa3b
fe93
06a1
0a31
098e
0cf1
1419
1acf
1524
0bda
0b1a
0a67
f9d0
f239
fb0c
ff56
f768
f239
efc8
ec00
e317
df9e
e754
ef52
ef5a
f1e4
fcab
02e3
fea9
f8bf
fd62
03cc
09b0
16df
2281
205f
1960
0e09
02f5
006f
0dfb
1a3d
1cee
1a8f
1780
13e4
0fe0
0b9a
0b36
0c7b
054e
f86f
ea9b
e249
e75c
f0dd
f443
f5d2
ff8e
08b1
0902
0904
10b5
1564
0f26
07d2
01b0
fcdf
f970
f56c
effe
e867
df09
dc41
debf
df1f
dd80
de0c
e398
edaa
f6ab
fe65
08ad
1407
1c0b
1cb3
1a6b
1c6d
2166
2502
2241
1b9c
1582
1118
0d6a
088b
04b3
fef3
f796
f2ef
eef9
e7ce
e1d6
e128
e576
e655
e1f8
e8c3
f9ce
01ff
ffa6
fd74
ff74
ff7c
f98a
f6f3
f881
f8f9
f968
fdcc
00eb
00db
02cb
059a
073e
06c9
065b
06f3
0980
0b96
0c2d
0e57
0eeb
0902
0130
fbce
fbdc
fc07
fa4f
fcdb
0053
fd96
f61b
f065
f17e
f8f1
0221
06b1
08c3
0a6b
07a8
04d1
09f6
1273
17d6
1e1f
2114
1ed3
1dba
1dc0
18d9
0f7a
0435
fb80
f378
e459
d907
d994
dd48
dfd8
e33e
eb4e
f580
fd62
02db
0be0
11f3
101b
0be0
0885
0619
04a1
0419
0378
02c3
0100
fb54
f429
f1ca
f1fe
ef9e
ede6
f2d3
fad5
0081
04cd
09ac
0cef
1093
1277
12a9
153e
1500
0d22
0655
ffc0
fb92
fbc6
f819
f1ea
f087
f2b1
f520
f7be
f873
f857
f77a
f6ed
f5b0
f4d9
f665
f724
f61d
f871
00d5
08a9
08bf
078c
0c29
0f1a
0c67
067d
febd
f782
f3fa
f404
f56a
f70c
fcd7
045b
0647
05e2
097e
0ae3
0835
0bae
0eef
0805
0586
0928
029b
fa79
f6d5
f36a
f037
f132
f41b
f932
fc2d
ff16
03d4
0a21
0db8
10a5
16d9
19f1
140f
0fe8
0b82
0308
fcfb
f764
f467
f7ee
fd78
fec1
03fa
0cbb
1685
1b00
1463
0b8c
06df
fe47
f249
e976
e1e2
dfb2
e4a1
e91a
ea06
e992
ecd5
f475
f7fc
f88b
fd46
04c7
08ab
090c
0a1b
07ca
085b
0e99
0f02
0cef
0c91
0ad3
08d7
08af
0843
049d
fc0f
f429
f01b
edca
ef2a
f4f5
f7bc
f79a
f9ba
fbe8
fc13
fd5a
039a
0b54
0d3a
0a9b
08cf
09d4
0a77
06bd
0207
0188
0102
ff7c
fe11
f8cf
f219
ee3b
eb28
e6ef
e7ba
ed34
f0ef
eeeb
f388
fc39
007f
fc83
fae1
ff7a
05ca
0968
0acf
0c1f
0f58
1a55
22a5
1a7f
10df
11ce
0eb3
05ce
0174
ff5e
fb6c
f9b6
fc17
006f
027d
0455
07ea
0904
05c8
028f
0172
0257
ff1c
fa1b
fd8e
04d7
018c
f273
e6b5
e86f
fab7
0c01
13de
169f
1481
0de2
073a
00c1
faa7
f518
f039
ec25
e4f5
df0d
e27f
e9a2
ee08
f6b1
ff18
0203
03ae
0221
fd9e
fa73
faa1
fff0
03e8
0283
011e
fec7
fd9c
ffc0
02c1
068f
0823
05a2
014a
fe37
fe53
ff6c
0172
0259
0035
fc35
fa73
fec7
02d5
04a5
0657
05f2
0493
024b
fe29
fc47
fd80
ffa6
00a9
fe9f
fdb6
02d5
05a4
004d
fb4c
ff92
0592
0b32
0e7b
138c
1451
0f0e
0625
ffc8
fdcc
ffec
01ea
03c8
0588
052e
00df
f9ce
f75a
f750
f38e
f069
ecf3
e74c
e6c1
ea04
ecc1
efea
f65b
fbb2
fed5
00cf
02a1
053e
0687
038a
019e
ffc2
0001
0437
0807
0b58
0f16
121f
1267
1215
1235
12bf
15a6
1649
0eeb
09ff
0b5c
08a7
0023
fa25
f687
f322
edf6
eb18
ee63
f378
f83b
fcb3
fce7
f833
f408
f479
f938
fae3
fa9b
fa7f
f891
f3fe
ed14
e92c
eb32
f0b9
f85d
fac7
fa33
f9d6
f9ae
fdb6
018e
0718
1209
13c2
0cc5
0fc6
1413
0f82
14b3
1ce4
1bb2
1db0
18a5
0730
f895
f116
ec83
ead1
ebe0
f178
f72a
fec5
01f2
00df
05ce
0e3b
0fb4
0e97
0d16
0c43
0d18
097a
03ca
ff54
f92c
f897
fe3f
fe9f
00ff
072a
06bf
0324
00a9
fc51
f85b
f6df
f4c1
f01f
eb46
ed58
f4d7
fc35
fd40
fd50
006f
0158
0126
03ea
0362
00c9
004f
ffda
fb6e
f76c
f9e8
0463
0819
035a
fecb
fe87
fe51
fe2b
fe15
fe0f
fc19
fa5f
fae9
fc8f
fc37
fa04
fa1f
005f
0536
059a
06c7
04ad
018e
048d
033a
fae9
f73e
f90e
faf7
fe43
0358
0520
05cc
096a
0ccf
0904
0576
091a
0986
02f3
fec7
fed9
ffea
fdec
fa0f
f89d
f77a
faa7
fbcc
f507
ef05
f5dc
028f
0a65
0970
083d
06d9
0354
03e8
044f
028f
05d0
07ac
052e
02ad
003b
f9f2
f538
f41b
f26f
f148
f2a7
f358
f65f
f980
f9a4
faf5
fe41
0358
091c
0a87
0ed9
14e3
1295
106b
1261
0e3d
085d
05d8
0679
0b0c
0d58
0786
f9dc
eb3c
e821
edee
f1ee
f21f
f0bf
f5e6
fd06
fdd0
fc9f
ff96
0659
087f
0641
fdfa
ee4d
e81f
ed07
ec3b
ea1b
eec5
f7a8
fe3f
047b
082f
0b66
1405
197a
17d0
1580
14a5
115c
0c49
0a85
06df
0273
0449
0700
0590
0338
0205
00e5
fdd8
f9fe
f661
f3fe
f1c0
ef16
f019
f586
faef
ff28
0027
ff16
0217
05d4
0823
0a09
0784
feef
f8e7
f673
f572
f9d0
0114
02df
0275
05fa
0716
05ea
0899
0cd5
0e67
0f6c
0ee5
0aef
08dd
08a1
0526
04b5
0621
014a
fbb6
fa97
f7b6
f344
f17c
ef42
e9b4
e52e
e4c3
e833
ec29
ee7d
f035
f54c
fb64
ff40
00e7
fe6f
ff26
03d4
031a
0053
02af
06cb
0b6c
0e67
12bb
182f
198c
1a05
1ba4
1651
0ca5
032c
fa2f
f1f0
ee9f
f00a
efde
f231
fac7
00fd
fcd1
f8ff
f79e
f693
f6e1
f770
f839
fa31
fa37
f96a
f7de
f3ac
f11c
f229
f293
f25f
f499
fb05
ff32
fc41
f980
fde4
02fe
05ca
0968
0acf
0c1f
1156
133c
0f0a
0d1a
0c47
0a83
09da
0b38
0d24
0c89
0e8d
0efa
0ce9
0d8c
10b3
131e
12cb
12e3
135e
0f38
07dc
01b4
f9e2
f2bb
f168
ef9e
ea75
e54a
e542
e80e
ea6b
ec4d
efac
f255
f043
edd0
f010
f2a9
f384
f6b1
faf3
fd18
ff30
002b
0112
05de
0a2b
09e6
0a51
0f5c
1299
100f
0e2b
0df2
0e49
0f26
1178
1118
0e37
0912
01f8
fd3a
fcd9
fa95
f89f
f701
f7c0
fcaf
0166
ffcc
f653
efbc
f2bd
f192
ee7b
f58c
fc2b
f66d
f309
f4d7
f38a
ef56
ec63
ed9c
f0bf
f4af
fa5d
fdb4
faeb
fb72
030c
0c11
1027
0f7c
0e5d
0fd8
11ba
10f0
10a9
11de
116e
0f7a
0f26
0b60
027d
fe0f
fef3
ffce
019a
0637
075a
0530
07f9
0d50
0bec
073e
039e
fe1b
f503
f1cc
f037
ec3b
eb1a
eab1
e7fa
e52c
e560
e960
f1d0
f52c
f4ad
fa89
ff32
fd9c
fe2d
02bd
068d
0b1e
0d68
0a93
06ed
0380
fe4b
f96a
f9d2
fe2f
0346
070c
0899
070e
049f
0255
011a
01e6
0392
0405
054e
0657
061b
07ae
07ea
07e0
0895
03fd
fe8d
fe79
fc73
f8a9
f950
fb20
fafb
fafd
fd22
ff3a
0235
04ed
064f
0964
0df7
0dd4
0a45
079c
05de
010e
fb84
f774
f7e4
f98a
f74a
f572
f40c
f21b
f5b4
fb62
fbde
f972
f75e
f5ae
f469
f493
f691
f9b8
fbde
fd80
fe9b
002b
049b
081d
0829
0970
0b54
09c0
0875
08f8
08a9
0718
0467
01bc
0229
027b
00b5
0100
013c
fb70
f621
f66f
f901
fba0
ff34
0095
02d7
03dc
ffb4
fbd0
fd44
02b1
08af
090a
0718
0609
07d8
0c45
0d0c
0762
00d7
fbaa
f7f0
f5b0
f465
f28b
f138
ee71
ebe2
ed18
f0cf
f3c4
f56c
f74c
fa51
fe51
039c
06f5
07e2
087f
05d0
001d
fcc1
fbb0
fccd
00ed
04c1
0433
008f
ff1c
fec5
ff78
0221
0889
0c47
0b6a
0a3d
0a4d
0a07
0974
069f
00c3
fbbc
f9a4
f75e
f380
efc2
ecbf
e885
e746
e8dd
e992
eced
f2a5
f46d
f673
fda0
036c
07be
0c89
0fa2
1407
1982
1dd6
1cf6
1a3d
17da
12dd
0a99
067f
076c
080d
0564
00bb
fb56
f869
f5e6
f3da
f34c
f728
ff08
0473
0566
061b
0594
04e7
0617
0207
fa29
f8f1
fa02
f635
f1f2
ef60
ed7c
ef46
f178
effe
ed1a
eef7
f538
f86d
f8ad
fa21
fcab
0122
0944
1099
13f5
167b
1a21
19be
1592
0ffb
093e
069d
05ee
021b
0071
01d8
fe1b
f9a8
f7aa
f50e
f1f4
ef7a
eeab
ee71
edc6
edb6
ee37
ee3f
f0d1
f5ae
fe8b
08e3
0c51
072c
0619
08e1
0d32
0adb
0653
03de
016e
0116
04b5
01f8
fedb
01ea
ffcc
fcd1
fe02
001f
011c
010a
02f7
03c6
0388
074a
0ccf
10fc
12e9
0ebd
075e
ff3a
f89d
f59e
f61d
f6e3
f4e5
f25d
f168
f2f3
f7c8
fb92
ff42
01bc
fe05
fa97
f7f0
f473
f629
fac3
fd14
fe41
ff5c
0263
023b
ff1a
0126
050e
05bc
045f
0417
07d2
0b0e
09c0
0637
00b7
fa87
f5e2
f6d1
f7f8
f64d
f806
fbe0
fc9d
ff64
04fe
051a
040b
06c7
0956
07c2
0546
01f4
ffd6
01d6
00b9
fcb1
fee3
02ef
03be
0182
fd6c
f998
f9fe
fc89
fb08
f8c7
f7e2
f74a
f8fd
facb
009f
0a0b
0e93
0f5e
0fa0
0f5e
0ea3
0b7e
072e
03e8
feb5
fbdc
fe49
fe9d
f9fa
f3d0
f065
edac
eaaf
e78a
e558
e71a
ec81
f12c
f503
faef
02a1
09c2
0e23
11cc
18a5
2047
2071
179c
0e95
07a6
fee9
f6bf
f35c
f48f
f608
f4bb
f3da
f564
f926
fde0
045b
094a
0ca1
0b5e
04d9
0190
0368
0405
0477
06bb
03a6
fda8
fa19
f9f0
fdf4
01c6
014e
00d3
ff58
fff6
0681
0c6d
0b9c
087b
0348
fe4d
faad
f770
f5aa
f451
f26b
f20e
f025
ecdb
ec59
ed7a
f318
fac1
fe1b
ff4e
026f
0845
0e79
13d4
173a
14b5
0db4
07b2
03d0
000b
fe7f
ff14
fda8
f867
f3b6
f4ad
f8eb
fa1f
fa6f
fbc6
ff04
0110
ff01
fd12
fc41
fb7e
fbc6
0003
02fe
ffd0
f9d8
f93a
fca3
fed7
ffe8
01e6
04b3
092a
0e0d
0e33
08e7
01a8
facf
f48b
f006
eb48
ea77
ee59
f18a
f1fe
f1d8
f223
f3d6
f6cb
fbd6
03ae
0ae9
0d5a
0f38
127b
11f7
0cef
0bca
0f50
1023
0c6b
0988
0685
027d
009f
01d6
01ea
00eb
fff2
ff06
fe2f
fe71
fcbb
f73c
f15a
ed48
ec0a
eb7c
eb9a
f053
f73a
fbfa
fe8d
0001
025b
0877
0eeb
1083
0e7f
0e23
1057
0de8
0831
068f
0922
0b8c
0ad3
0728
04b7
0867
0add
092e
049f
0057
0150
0536
03e4
ffa8
fab1
f709
f6df
f8fd
f732
f2cd
f114
f2eb
f40c
f37a
f651
f748
f479
f42f
f447
f2bd
f3b0
f4f5
f380
f384
f5e8
fc6f
02a7
0766
0c9b
0f18
0cf8
0d8e
11a8
12f2
1190
10b5
0d62
05dc
fc9f
f50e
f148
f130
f58a
f7f4
f679
f65f
f691
f60a
f9d6
fc97
ff46
01ce
0021
ff8c
0001
ff6e
fe67
fd7c
fbb4
f928
f879
fa8d
fda8
ffa4
0083
01ce
0176
0215
0514
053a
0433
0716
0693
01e4
016a
02e9
0237
ff80
fcf7
fdaa
ff62
fe05
fccd
febd
0097
004d
fd06
fa09
fb66
02cb
0d9e
1556
18e8
1b78
1f00
2057
1f96
19e6
0fc4
04c7
fa51
efb0
e639
df26
dc87
dd2a
e1d6
e825
ebd0
ede2
f45d
facd
fc02
ff40
054c
06d1
0407
0049
00bf
0126
017e
05c0
098e
0cd1
0f76
156e
165d
0e91
02cf
fbae
0114
0a15
0243
eee7
e93a
f091
f3f0
eb84
e045
e2ab
f5c4
03ff
0144
f6b1
f905
075e
0c9d
092a
01a8
fe8b
0a95
15e0
0e87
01aa
018e
0b6a
0eaf
07ca
0350
0716
0e9d
11ae
0e95
0daa
0ecd
09e4
00fb
f897
f4ef
f1d8
ef62
f194
f413
f2cd
ee08
e621
df86
ea47
f905
070c
0ffd
13e2
14e9
113a
0f38
12d5
199c
1d2a
1b98
1346
04e3
fd36
fc13
f328
e734
e0bf
dda6
dfcc
e8c9
eff0
f524
0055
0acd
0e49
0b1e
09ca
0a39
0057
f70e
f29b
ecdb
e80e
e649
e56c
e96c
f1da
fe2b
0dc2
1bef
2859
30b9
3112
29e1
1dd8
0da2
fe00
f164
e802
dff4
dd62
e00a
e980
f510
003d
08b7
0c65
0d76
0c09
005b
f364
eb9a
e6eb
e948
f22d
f8f3
f988
fc43
04eb
0edd
1bb2
24dc
2453
1cb5
14a9
0e75
0431
f475
ea0c
eceb
f22f
f390
f938
01b8
07a2
0cef
0c83
07bc
04fe
ff46
f6f1
f265
ef8c
ee61
efd2
f3a8
f8a1
fe81
0011
fd8c
fd3e
fe09
fcd7
fad1
fb10
016c
0754
07a6
05b4
06af
0960
089d
06a1
078c
062d
0233
0162
030e
0407
0152
fd3e
fcfd
fe53
fea1
01f0
06f7
07f8
0629
02c7
fd84
fa25
fb26
fa3f
f598
f28b
f415
f3e6
f318
f6b9
fb66
fcef
0073
03ba
04af
046d
030a
00a5
0198
027d
0156
043d
08f3
0a61
0ab9
0d08
0c37
0c71
11a4
1287
0c63
0a9d
09f2
0358
fb0c
f568
f071
ea45
e528
e72c
efd0
f66b
f8ed
fb7e
0007
0049
fa89
f350
f2e9
f2ef
ef5e
ea8d
e9b0
ec8d
eed7
f083
f58c
fa95
fe79
0526
0c3b
117c
12df
1194
10cf
138a
157c
10a7
0f94
140d
179e
1839
1609
114c
0c4f
053e
fa75
f47f
f53c
f443
efba
e9fc
e647
e499
e5de
e7dc
ea79
ed98
f314
fa9d
00d7
04a5
0710
0b18
0f84
0d32
089d
0906
0875
05f0
0392
fd5e
f78e
fa11
fc6d
f8a9
f91c
ff84
0386
054a
06f3
0485
003f
fe3d
fe67
fd1a
f97a
f447
f043
eef9
f047
f37c
f8dd
fe9d
0508
0be2
106d
132c
14a5
12e3
1122
10f0
0e39
09bc
04b7
ff5c
fcd7
fc8f
fc65
fcd9
fd5c
fceb
fb18
f80b
f7ea
f908
f94c
f940
f8eb
f950
fb62
fbf8
fca1
ffd6
0354
05fd
0849
092e
0ab9
0c51
0aef
07ca
0695
053c
01ce
fb8a
f8c9
f869
f54e
f1ba
f1cc
f44b
f8fd
fc9b
fc1b
fac1
fca1
0079
0011
fab3
f5d2
f38c
f1ce
ef9e
ee13
ef2c
f0b9
f3a4
f9be
00a5
0716
0ae9
0e23
11b6
14fe
176a
1871
1724
14b3
12bf
0fd4
0a19
05e8
03c6
0126
ffa6
febf
fdf0
fcbb
fa33
f701
f744
fac5
fd36
fc99
fa1f
f7fa
f633
f2d9
ef1c
f01d
f489
f60b
f4c5
f4eb
f861
fd5a
0097
019a
0000
fd7e
fd36
fd86
fd62
ff52
01a8
024b
04cf
0900
0aa7
095e
07de
0536
0091
fd2e
fc13
fc27
fb58
fbba
fc35
fbc6
fb7c
f95c
f493
f46b
f89d
fdc4
01a8
028b
0261
0437
07f0
096e
08d7
0849
09c2
0b22
0c6d
0fa2
10a5
0b9e
06e7
0578
0322
ffd8
febf
fcc1
fafb
fb74
fa09
f6e5
f538
f4f9
f512
f283
ef88
f13a
f83f
000f
0463
041b
01dc
05ba
055e
fd0e
fd3c
ff66
f974
f7de
fa5d
f6bb
f352
f817
fe8f
fea5
02b5
0e7d
0b96
02e3
02b3
0485
0639
07d4
0954
08bf
0633
03d2
0196
fb82
f9cc
fa2d
f88b
f53e
f37a
f431
f837
fd38
ff01
feb5
fd78
fc61
fd74
0085
0160
0122
03dc
0649
0560
02db
fd68
f9de
fa37
f9b8
fa6f
fd44
fd03
fadf
f885
f809
fb4e
fe03
009b
0302
032a
00f9
feeb
fdfc
fd1c
fa4d
f7aa
f72e
f8b9
fc29
fe63
ff7a
037e
0542
01f0
01d0
02b1
026d
0316
029b
020f
0378
05ac
068d
062b
079a
0ab1
0b42
0d6c
1104
0edd
0861
0407
02c7
0299
026f
0148
0033
ff30
fe3d
fb5c
f8a9
fa1b
fa79
f7d4
f756
f6e1
f673
fb06
0273
0657
04cd
0233
00af
0039
01c6
0625
070e
04b1
0350
06e5
0b04
098e
07e0
0c05
1186
1223
0d28
0811
0605
04e7
00b3
fabd
f84b
f73a
f184
eb9c
eaaf
e87b
e526
e3dc
e683
ecc9
f540
fd84
0554
0a7d
0bff
0b0a
09ca
094c
078a
04a7
02c9
00f1
fd2e
fcb9
ff6a
fff2
fd74
fc1d
fdda
fefb
fd8c
fc33
fa71
f94a
fc31
fdec
fe0b
0027
02a1
0473
0504
0463
04a7
04bf
00b1
fbde
f776
f396
f253
f28f
f132
f160
f4fd
fab3
0134
0643
09ce
0bd0
0954
04b5
0334
03ae
03ff
002d
f998
f69b
f615
f4e7
f520
f6a9
f960
fc1f
fecf
0259
0398
01a6
04bf
077e
06d7
08fe
0ab9
0a01
0b02
0c99
0bb2
067f
ff6a
fdc6
fce9
f81d
f3a0
f267
f340
f60a
faa5
fcf9
fc29
fe63
0178
ff62
fe6b
0081
0176
005f
ffd4
ff52
fe5d
fe02
ffb8
01d4
04bb
05ce
0423
04ef
0801
0aa1
0c3f
0a63
0651
024b
ff28
ff34
01be
0023
fda2
ff46
fed1
fbe6
fba6
fc69
fba2
fbe8
fda6
fd4a
faf7
f948
f9e6
fc27
fce5
fab1
f74a
f65b
f5c8
f60d
f998
ff1a
0449
0782
08cb
08b9
085f
0946
0bd2
0ad7
0695
0360
0140
fd38
f986
f542
ef9a
eacd
e9f2
eccf
f312
f956
fd6c
fd58
fe57
024d
06ef
0c0b
1073
150c
1ab1
1f24
1d5a
17c4
10c7
0dac
0c51
07aa
000f
f8ed
f362
f22d
f30b
efde
eae5
ec35
f568
fe09
061f
0db4
04df
fa99
02e7
02b7
fc91
fcc7
f8fd
f96c
ffce
fbd4
f021
e926
f489
0134
0120
010c
00fb
fcef
ff1c
ff2a
fd38
0160
0439
0346
0146
ffda
0081
0097
fea7
fc5f
fad7
fb8c
fc57
fc33
fcad
fd38
fe4f
025d
0714
0c45
11be
164f
19e4
1972
123f
09ee
02cf
fe07
fa99
f68d
ee10
e3ac
ddcc
dd56
df7a
e27d
e6b9
ed78
f45f
f8b7
fc02
ff36
0439
0a47
0da2
0f58
10f6
11f1
11cc
0e9b
09b4
051c
01cc
02ad
047f
0237
ff16
fe25
013e
0526
06d1
0663
06fa
0689
0421
ffe2
f9e8
f67b
f58e
f105
ed3a
ee3d
f9b2
089b
0a5b
05b2
0322
029f
040b
0540
0833
12ad
13ef
0e83
08f8
017e
0069
0160
fc41
fb8e
f70a
fb0c
08eb
09ae
0619
008d
f758
f6f3
fa7f
f8d9
f350
f31a
f9e2
fd40
fb6e
fbb6
00f5
06df
0570
001d
011a
0207
fee9
fff8
00f5
fddc
feff
0015
0116
05f8
065d
fe8f
fb44
f853
f1d2
ec27
eb72
eb6a
f000
04b9
0000
e818
0000
17e8
f010
f010
17e8
07f8
0000
1fe0
1fe0
0ff0
0ff0
0ff0
0000
0000
0ff0
02fd
eae5
f42d
ecf1
de31
e449
ea00
ef5a
fc57
008d
087b
0fea
0aef
0a3f
0d96
08bf
0336
fe07
fe25
003f
013a
0324
01f2
01d2
04b1
0366
062b
09c4
052a
01da
ffbe
fbc6
f82b
f10d
e8d9
edd2
fd03
055e
070e
0c65
1100
10cd
1013
0ce5
0782
0a2f
0665
f4af
ea67
ed64
f0c5
f467
fe23
094e
117c
129f
0b20
03be
00ad
fbc8
f750
f166
ee4b
f164
f44b
ef0d
ea21
ed7c
f69b
fb2c
fd76
fd9e
f9c8
f82b
fca3
fcd9
ff08
070e
0c97
0f62
1382
14c3
1348
1346
12a7
0d7e
043d
ff68
fce3
f6a1
ef0f
ec77
eaa3
e996
f144
f7ee
f970
fc0d
fe9f
fe13
fe9d
ff26
fdae
fd5c
001f
03b2
06ed
06bd
0657
0abf
0e87
0da0
085b
0524
06f3
066d
03bc
0314
015e
fdb8
fb5c
fc45
0235
04b7
03ec
030a
011e
0508
06b5
004f
0247
041f
ffe0
ffe2
fde4
fc05
003f
0833
0bac
06f5
008b
fc85
fabd
f83b
f61d
f46f
f732
f910
f70a
f867
f9ea
f887
f875
f99e
f9e6
fc55
02b7
059e
052a
0592
07c2
098e
0aef
09e2
0596
035e
022b
fefb
fe02
ff24
0239
0906
0b20
08c1
073e
0598
03de
ff20
f9b6
f6d1
f362
f28b
f627
f6d9
f7c6
fbe2
ffda
0093
003b
fce9
f9e2
f938
facb
fc6b
fe0d
fea5
ff3c
00cf
023f
0285
03b0
08a5
0c03
0bce
0c39
093c
0425
04e1
078e
0615
02b7
028b
0360
0229
ff08
fd18
fb48
f697
f231
ef11
ed22
ef4e
f356
f582
f9dc
ff1c
0110
00dd
00a3
0263
03f4
014e
fdc8
fc87
fe71
0146
03e2
0633
062f
05cc
096a
09d2
0835
07b2
0736
08c1
0932
04a3
015a
0243
031c
01ec
fecf
fbe4
fd24
0065
fe73
f8af
f87b
fb82
f881
f2ed
f312
f59a
f94a
fdf2
ff60
ffbc
0310
0417
06e9
0d4e
0fe4
0dd2
0d6e
0ca5
0a81
0928
0998
09b2
087d
0615
02a3
004f
011a
02cd
044b
0390
00c5
001b
fd7c
f71c
f366
f449
eb84
e1ee
e3d6
e283
dc35
df62
e75a
f194
fb9c
0326
0d1a
1308
15ff
1912
182b
1491
1388
0ff3
0819
017a
fc37
f566
f350
f5ba
f74e
fa0b
00c7
080d
0c9f
0c83
0b04
0647
ffa4
fa6b
f5b2
f493
f2e1
eeb5
f24d
fa15
fc95
fe07
036c
065f
03f4
038c
0807
0cf8
0c35
071e
041d
0328
0227
0223
000f
fb1e
f89f
fd10
0437
08ef
0760
03ec
02ad
0083
ff7a
fd84
f6b1
f348
f80f
ff86
0487
043d
01fa
07c2
0aef
0796
082f
047f
fce7
fbda
fcfb
f627
ee10
f0fd
fc27
00c3
ff12
fb86
f853
ff86
0647
066f
0263
067b
1015
129b
1065
0bd0
0920
0e49
14a9
1401
0ac9
01cc
fb4c
f69b
f235
f112
ef03
f011
f709
f798
f421
f3e0
f69f
fc2f
ff68
fa75
f8cf
ff3a
0441
00ff
fcf3
ff20
012c
fd1c
f651
f4ed
fa97
fceb
f91e
f590
f635
fccb
00f9
feeb
fdfc
0423
0ec1
173e
1c79
2178
231a
1f8c
1c35
1c2d
1845
0cdf
05c0
03de
fcff
f4a7
f326
f51e
f54e
f3d0
f3c8
f421
f4d1
f3ce
f13c
f047
f0dd
f1e0
f243
f10f
ee65
ef70
f4e9
f962
fac9
fd3e
01a0
06ab
0a2f
0a2b
07d6
0960
0a85
0746
03ff
04c7
0956
0b52
09d6
08b9
06ad
04c3
03f6
00b9
fd30
fbde
fa21
fb7e
fdc4
fb68
f9b2
fb14
fce1
fe91
0025
0120
030a
07d4
0a53
05b2
015a
0045
fd42
f774
f4ff
f2b1
ef88
ef90
f394
f756
f7e0
fa9d
0251
0877
08fa
072e
0445
0265
058a
094e
088d
0493
04ad
049d
0566
09f2
0be6
095c
05b0
fd14
f518
f4eb
f714
f863
f8d9
f582
f3b2
f859
fcf3
ff5a
029d
0792
0afa
094a
08b5
0c25
0d60
098c
02f9
fccf
f608
f1ac
f68d
f920
f790
fc11
ff4c
fd58
fc83
ff52
02f9
034e
0302
03a0
0316
027b
0154
ff32
fdb6
fce1
fc2f
fd22
fd9c
fca1
fbce
fb26
faaf
fa69
fb52
fe4f
fe2b
fd18
0225
09cc
0bac
0714
0489
03fd
ff5c
fc07
fc02
f81f
f8b3
f974
f461
f7f2
0182
0273
053e
0bac
0b5a
0caf
0f86
0fb2
0d5c
08c3
0629
0881
0671
0051
ff8a
02cd
05c4
075c
0a9d
0e53
0f5c
0fd8
0ecd
085f
0213
fb1a
f0b9
e974
e752
e913
ee69
f1f6
f3ba
f9be
ff92
000f
0182
03ce
02d9
00db
00f1
fffc
fd16
f976
f740
f671
f5fa
f9d4
ff9e
020f
0249
036a
025d
014c
023f
020f
01d2
ff8a
fa6b
f7c8
f392
ec06
ed88
f182
f5ae
fde4
ffac
f960
fba4
ffe2
ffe0
01dc
07a4
0ad1
0976
04e3
0097
028b
0063
fb60
fda8
fccd
fb01
004b
0441
03fc
05ba
085b
07d4
0b52
089f
fc04
fc04
0bf4
0bf4
fc04
fc04
07f8
03fc
03fc
0bf4
07f8
03fc
07f8
07f8
0000
0000
07f8
033c
f6bb
f73e
fff6
081f
0b88
0a61
0cf3
0ef2
0c5d
0d8a
063d
032c
042d
00ff
fff0
04eb
049b
fd58
f689
f81f
f99c
f606
f1aa
ed94
eabd
eb11
f05b
f550
f4fb
f4ab
f85d
fbd4
fe13
fd32
fc5f
fc99
fdce
00ed
02db
02ad
0182
fb6e
f7ba
fd38
035e
0524
05a6
09ec
0f9a
0e75
07f2
0097
f9aa
f758
f76e
f3ca
f5bc
fdd8
0184
ffec
0168
04bf
04bb
0491
0a3d
0d3c
09a6
06f9
053c
0370
04a1
0796
081f
065f
0388
03be
04cf
03aa
fd74
f7a2
f728
fbb2
fff2
fbf6
f839
fdb0
00d1
fcc7
f6ff
f78e
fe0d
0029
0025
0021
fc1f
fb78
fdfa
fc65
fb05
fae1
f9e8
fb2a
fc7f
f7e0
f1ca
f180
f5a8
fadd
fde6
fdd0
fdf2
000f
0607
0ba0
0ce3
0e11
0f2e
0e3b
095a
02c9
fe9f
fab9
fd0a
092c
128f
096c
f897
f8f9
0182
017c
016a
0942
0061
f011
e93c
f37a
056e
1e0d
243f
1102
f679
f5ca
1e45
2c4f
09aa
0116
18ec
175c
05f6
f5a6
ee53
ef6c
e87d
d20c
c4fb
d0a3
db90
d5de
d1d6
d974
ebc2
f790
08dd
1acb
28c5
3a91
4370
41ac
37f9
2b22
17c4
00df
f158
e33e
dce5
dc04
d853
d818
e115
e47d
e48d
ed6e
f851
00c3
06a7
07f9
06f7
09c8
0e19
09bc
0158
0166
0562
06f5
0637
0552
044d
0b2c
1142
126f
12f2
0ed9
0c87
0ff0
10a3
0ec7
09de
0146
fd34
fd60
fd8a
fdb0
f9d8
ea49
dfb0
e1b4
e398
dd66
e38a
f540
f1f0
ead7
fc17
044d
fc0f
0445
0ff3
12ee
11be
149d
1b4a
119c
0c85
17b0
1237
091a
0887
07fd
053c
027b
07ca
0887
fefd
fe09
f53a
e554
e334
e616
e996
f38a
f946
f8e1
fab7
048f
11a0
1558
1827
1c05
14cf
076a
0099
fa2d
f455
f332
f089
ee85
f324
f9dc
fe57
fc9b
fcd1
00ff
04eb
049b
0451
040b
07c6
0f40
1a3f
189b
0720
f2c1
e7a0
f518
01ba
f1ae
ea9b
ffdc
0fce
0ed1
01f0
f5dc
f281
f358
fc19
fc57
f895
04fe
10a1
1392
1653
14ec
12f2
127d
107b
0a17
00cb
fa09
fadb
fdc4
f994
f6d9
f88d
fa5f
003b
07b4
097a
06d9
0429
0281
fbe2
f1d0
eec7
ea79
e21f
e132
e14a
de57
e398
ea65
ed74
f1e4
f978
00c5
0398
0520
0a61
0df9
0ceb
0c83
0fb8
1239
13ff
120b
0aa9
0562
053e
03f2
019a
0156
ff0a
fce9
fcff
f730
ee08
edf8
f273
f514
f7e2
fcbf
ff68
03e8
05ff
05c6
075e
0a9f
075c
0114
fc25
f8a1
f78c
f9c6
fe0b
031a
07be
07da
07b4
0a4f
0c6b
0dff
0c0b
08d5
0946
0aaf
0805
0289
fe63
fc7d
fcb5
fbea
f82d
f7aa
fe27
0140
ff2c
fd3a
fc67
fd9e
ffc2
fec5
fadb
f82f
f9aa
fb0c
fa5b
f8b7
f72c
f6b9
f94a
ffae
03ae
0174
ff5e
0364
070c
0942
0a89
09e8
0afc
0f22
118c
1142
0e73
0bda
0a09
0706
03fa
027b
0000
fa2d
f68d
f821
fa9d
fbf2
fb32
f881
f5fc
f49d
f354
f120
f010
f40c
f8c7
fa39
f897
f80d
f8c9
fa2f
feab
03e8
0532
02c1
00dd
028b
0407
034c
0380
0491
056a
0786
07c4
0540
04b7
060d
091a
0cab
0ba0
0946
0ac3
0ccf
0d52
0c61
071e
00f7
fe25
fa8f
f65d
f3ba
f31e
f570
f770
f994
fc47
fdec
fd08
f94c
f501
f44d
f5fe
f6e3
f97e
fd20
019c
08bd
0d24
0cdf
0a35
0368
fee9
00b3
005b
fc07
fa13
fa6b
fee5
071a
0899
03c0
0310
064f
01ee
f7d8
f45d
f318
edec
f10b
f7f4
fa71
02c1
0a8b
07e4
0764
0ce7
1013
110e
0ffd
0b00
0257
0231
0609
fdb0
fbd6
040f
01d0
fbb8
fff8
01f6
f9de
f643
f8dd
f750
f7da
f89b
f78c
f6cf
ee6d
ed16
f461
f598
fb08
083f
086b
0c4b
0d8a
0251
01ae
0104
005b
ffb8
f924
fb26
fd2c
fb2c
fd6e
ff9e
01ac
0b80
1459
100b
0f7c
0c79
0544
0451
0546
0302
02c7
ff7a
fa67
fbca
ff34
006f
0190
fc97
f907
f7e4
fa0f
fb46
f891
f443
ec9b
e9d4
f130
f815
f695
f130
f617
fcaf
fee1
00f1
02df
00b1
00a5
0495
044b
0603
0f98
1695
0d32
0665
0bf7
073a
fad1
fd20
0546
02f3
00c5
06b1
0447
fe07
041f
0bd4
0918
0687
0a19
0b74
02c5
fa9f
faf5
fb44
f794
fc15
044b
0207
fdea
fe09
fa2b
f48d
f344
f374
f206
f21b
f49b
f251
ec9b
ebd6
f2b5
fb8e
04fb
0da8
1160
1350
1683
17ce
1942
19d4
148f
0cfa
0873
03f0
0091
005f
fe2d
f92e
f6b3
f7a6
f8cb
fc11
0140
0213
ffca
ffa2
fd80
f996
f819
faef
f9c2
f2df
f0cd
f54e
f3e0
eeed
eccd
f160
f81b
fcab
0308
08d1
0249
fc29
fc65
fe9b
02ad
047f
0237
0213
fff4
fdf6
0211
07ea
0968
08d1
0645
05ac
07ea
08c3
0847
088f
058e
028f
04a5
0574
040b
0099
fa59
f8a5
fd3e
00a3
01cc
02ad
0380
0247
ff24
fd32
fc5f
f99c
f408
f3c8
f788
f710
f5a0
f348
f215
f7ee
fe67
fe8b
fcb9
ff18
ff58
fd98
0000
0a37
0f7c
0df5
1011
1388
102f
0e87
1679
1340
03ac
0172
0754
02e3
fcb9
02e7
06b3
fc51
fa8d
fedf
f8f7
ef70
f277
f74a
f1da
eebf
f3ce
f390
f356
f71c
fba6
fde8
fe07
0023
031c
00ed
fedf
fff0
fdf2
fb14
fe5f
0077
fe71
fe93
ffbc
00d3
06cb
0c2b
0cd7
0f0c
12a3
106d
0cd7
0b0e
0908
05da
03ac
0182
ff6c
fb7c
f4f1
ef24
ec39
ee15
ef62
ed22
ef98
f564
f928
fde4
0461
0a53
0b96
0b66
0dda
10b5
11dc
1061
0d7a
0855
0041
f9a8
f3aa
f269
f2a5
ee49
ecbd
efde
f44b
f9ce
fc2b
fa85
fa23
fef1
0475
0b7a
0eb3
0d44
0f7e
1314
12db
110c
0dd2
085b
00fb
f809
f1e2
f045
f1c0
f520
f5ce
f372
f23b
f514
f8bf
f932
fa9d
fcf1
ff9e
02a1
00f7
fee9
fff8
f404
f6c1
f754
f3e2
eea9
f1bc
f899
fd0a
0134
051c
04c9
047b
0631
07cc
074e
02dd
0295
0934
0c21
0980
06bb
04e9
0409
0217
0031
0360
0243
fb2a
faa3
fb4c
f712
f263
ee69
ee35
ed92
eb8e
ef48
f14c
efa8
ef9c
f40d
fc91
02a9
044b
09ac
0f66
1249
1469
