0000
0000
0000
0000
0000
0000
0000
0000
0000
0000
0000
0000
0000
0000
0000
0000
0000
0000
0000
0000
0000
0000
0000
0000
0000
0000
0000
0000
0000
0000
0000
0000
0000
0000
0000
0000
0000
0000
0000
0000
0000
0000
0000
0000
0000
0000
0000
0000
0000
0000
0000
0000
0000
0000
0000
0000
0000
0000
0000
0000
0000
0000
0000
0000
0000
0000
0000
0000
0000
0000
0000
0000
0000
0000
0000
0000
0000
0000
0000
0000
0000
0000
0000
0000
0000
0000
0000
0000
0000
0000
0000
0000
0000
0000
0000
0000
0000
0000
0000
0000
0000
0000
0000
0000
0000
0000
0000
0000
0000
0000
0000
0000
0000
0000
0000
0000
0000
0000
0000
0000
0000
0000
0000
0000
0000
0000
0000
0000
0000
0000
0000
0000
0000
0000
0000
0000
0000
0000
0000
0000
0000
0000
0000
0000
0000
0000
0000
0000
0000
0000
0000
0000
0000
0000
0000
0000
0000
0000
0000
0000
0000
0000
0000
0000
0000
0000
0000
0000
0000
0000
0000
0000
0000
0000
0000
0000
0000
0000
0000
0000
0000
0000
0000
0000
0000
0000
0000
0000
0000
0000
0000
0000
0000
0000
0000
0000
0000
0000
0000
0000
0000
0000
0000
0000
0000
0000
0000
0000
0000
0000
0000
0000
0000
0000
0000
0000
0000
0000
0000
0000
0000
0000
0000
0000
0000
0000
0000
0000
0000
0000
0000
0000
0000
0000
0000
0000
0000
0000
0000
0000
0000
0000
0000
0000
0000
0000
0000
0000
0000
0000
0000
0000
0000
0000
0000
0000
0000
0000
0000
0000
0000
0000
0000
0000
0000
0000
0000
0000
0000
0000
0000
0000
0000
0000
0000
0000
0000
0000
0000
0000
0000
0000
0000
0000
0000
0000
0000
0000
0000
0000
0000
0000
0000
0000
0000
0000
0000
0000
0000
0000
0000
0000
0000
0000
0000
0000
0000
0000
0000
0000
0000
0000
0000
0000
0000
0000
0000
0000
0000
0000
0000
0000
0000
0000
0000
0000
0000
0000
0000
0000
0000
0000
0000
0000
0000
0000
0000
0000
0000
0000
0000
0000
0000
0000
0000
0000
0000
0000
0000
0000
0000
0000
0000
0000
0000
0000
0000
0000
0000
0000
0000
0000
0000
0000
0000
0000
0000
0000
0000
0000
0000
0000
0000
0000
0000
0000
0000
0000
0000
0000
0000
0000
0000
0000
0000
0000
0000
0000
0000
0000
0000
0000
0000
0000
0000
0000
0000
0000
0000
0000
0000
0000
0000
0000
0000
0000
0000
0000
0000
0000
0000
0000
0000
0000
0000
0000
0000
0000
0000
0000
0000
0000
0000
0000
0000
0000
0000
0000
0000
0000
0000
0000
0000
0000
0000
0000
0000
0000
0000
0000
0000
0000
0000
0000
0000
0000
0000
0000
0000
0000
0000
0000
0000
0000
0000
0000
0000
0000
0000
0000
0000
0000
0000
0000
0000
0000
0000
0000
0000
0000
0000
0000
0000
0000
0000
0000
0000
0000
0000
0000
0000
0000
0000
0000
0000
0000
0000
0000
0000
0000
0000
0000
0000
0000
0000
0000
0000
0000
0000
0000
0000
0000
0000
0000
0000
0000
0000
0000
0000
0000
0000
0000
0000
0000
0000
0000
0000
0000
0000
0000
0000
0000
0000
0000
0000
0000
0000
0000
0000
0000
0000
0000
0000
0000
0000
0000
0000
0000
0000
0000
0000
0000
0000
0000
0000
0000
0000
0000
0000
0000
0000
0000
0000
0000
0000
0000
0000
0000
0000
0000
0000
0000
0000
0000
0000
0000
0000
0000
0000
0000
0000
0000
0000
0000
0000
0000
0000
0000
0000
0000
0000
0000
0000
0000
0000
0000
0000
0000
0000
0000
0000
0000
0000
0000
0000
0000
0000
0000
0000
0000
0000
0000
0000
0000
0000
0000
0000
0000
0000
0000
0000
0000
0000
0000
0000
0000
0000
0000
0000
0000
0000
0000
0000
0000
0000
0000
0000
0000
0000
0000
0000
0000
0000
0000
0000
0000
0000
0000
0000
0000
0000
0000
0000
0000
0000
0000
0000
0000
0000
0000
0000
0000
0000
0000
0000
0000
0000
0000
0000
0000
0000
0000
0000
0000
0000
0000
0000
0000
0000
0000
0000
0000
0000
0000
0000
0000
0000
0000
0000
0000
0000
0000
0000
0000
0000
0000
0000
0000
0000
0000
0000
0000
0000
0000
0000
0000
0000
0000
0000
0000
0000
0000
0000
0000
0000
0000
0000
0000
0000
0000
0000
0000
0000
0000
0000
0000
0000
0000
0000
0000
0000
0000
0000
0000
0000
0000
0000
0000
0000
0000
0000
0000
0000
0000
0000
0000
0000
0000
0000
0000
0000
0000
0000
0000
0000
0000
0000
0000
0000
0000
0000
0000
0000
0000
0000
0000
0000
0000
0000
0000
0000
0000
0000
0000
0000
0000
0000
0000
0000
0000
0000
0000
0000
0000
0000
0000
0000
0000
0000
0000
0000
0000
0000
0000
0000
0000
0000
0000
0000
0000
0000
0000
0000
0000
0000
0000
0000
0000
0000
0000
0000
0000
0000
0000
0000
0000
0000
0000
0000
0000
0000
0000
0000
0000
0000
0000
0000
0000
0000
0000
0000
0000
0000
0000
0000
0000
0000
0000
0000
0000
0000
0000
0000
0000
0000
0000
0000
0000
0000
0000
0000
0000
0000
0000
0000
0000
0000
0000
0000
0000
0000
0000
0000
0000
0000
0000
0000
0000
0000
0000
0000
0000
0000
0000
0000
0000
0000
0000
0000
0000
0000
0000
0000
0000
0000
0000
0000
0000
0000
0000
0000
0000
0000
0000
0000
0000
0000
0000
0000
0000
0000
0000
0000
0000
0000
0000
0000
0000
0000
0000
0000
0000
0000
0000
0000
0000
0000
0000
0000
0000
0000
0000
0000
0000
0000
0000
0000
0000
0000
0000
0000
0000
0000
0000
0000
0000
0000
0000
0000
0000
0000
0000
0000
0000
0000
0000
0000
0000
0000
0000
0000
0000
0000
0000
0000
0000
0000
0000
0000
0000
0000
0000
0000
0000
0000
0000
0000
0000
0000
0000
0000
0000
0000
0000
0000
0000
0000
0000
0000
0000
0000
0000
0000
0000
0000
0000
0000
0000
0000
0000
0000
0000
0000
0000
0000
0000
0000
0000
0000
0000
0000
0000
0000
0000
0000
0000
0000
0000
0000
0000
0000
0000
0000
0000
0000
0000
0000
0000
0000
0000
0000
0000
0000
0000
0000
0000
0000
0000
0000
0000
0000
0000
0000
0000
0000
0000
0000
0000
0000
0000
0000
0000
0000
0000
0000
0000
0000
0000
0000
0000
0000
0000
0000
0000
0000
0000
0000
0000
0000
0000
0000
0000
0000
0000
0000
0000
0000
0000
0000
0000
0000
0000
0000
0000
0000
0000
0000
0000
0000
0000
0000
0000
0000
0000
0000
0000
0000
0000
0000
0000
0000
0000
0000
0000
0000
0000
0000
0000
0000
0000
0000
0000
0000
0000
0000
0000
0000
0000
0000
0000
0000
0000
0000
0000
0000
0000
0000
0000
0000
0000
0000
0000
0000
0000
0000
0000
0000
0000
0000
0000
0000
0000
0000
0000
0000
0000
0000
0000
0000
0000
0000
0000
0000
0000
0000
0000
0000
0000
0000
0000
0000
0000
0000
0000
0000
0000
0000
0000
0000
0000
0000
0000
0000
0000
0000
0000
0000
0000
0000
0000
0000
0000
0000
0000
0000
0000
0000
0000
0000
0000
0000
0000
0000
0000
0000
0000
0000
0000
0000
0000
0000
0000
0000
0000
0000
0000
0000
0000
0000
0000
0000
0000
0000
0000
0000
0000
0000
0000
0000
0000
0000
0000
0000
0000
0000
0000
0000
0000
0000
0000
0000
0000
0000
0000
0000
0000
0000
0000
0000
0000
0000
0000
0000
0000
0000
0000
0000
0000
0000
0000
0000
0000
0000
0000
0000
0000
0000
0000
0000
0000
0000
0000
0000
0000
0000
0000
0000
0000
0000
0000
0000
0000
0000
0000
0000
0000
0000
0000
0000
0000
0000
0000
0000
0000
0000
0000
0000
0000
0000
0000
0000
0000
0000
0000
0000
0000
0000
0000
0000
0000
0000
0000
0000
0000
0000
0000
0000
0000
0000
0000
0000
0000
0000
0000
0000
0000
0000
0000
0000
0000
0000
0000
0000
0000
0000
0000
0000
0000
0000
0000
0000
0000
0000
0000
0000
0000
0000
0000
0000
0000
0000
0000
0000
0000
0000
0000
0000
0000
0000
0000
0000
0000
0000
0000
0000
0000
0000
0000
0000
0000
0000
0000
0000
0000
0000
0000
0000
0000
0000
0000
0000
0000
0000
0000
0000
0000
0000
0000
0000
0000
0000
0000
0000
0000
0000
0000
0000
0000
0000
0000
0000
0000
0000
0000
0000
0000
0000
0000
0000
0000
0000
0000
0000
0000
0000
0000
0000
0000
0000
0000
0000
0000
0000
0000
0000
0000
0000
0000
0000
0000
0000
0000
0000
0000
0000
0000
0000
0000
0000
0000
0000
0000
0000
0000
0000
0000
0000
0000
0000
0000
0000
0000
0000
0000
0000
0000
0000
0000
0000
0000
0000
0000
0000
0000
0000
0000
0000
0000
0000
0000
0000
0000
0000
0000
0000
0000
0000
0000
0000
0000
0000
0000
0000
0000
0000
0000
0000
0000
0000
0000
0000
0000
0000
0000
0000
0000
0000
0000
0000
0000
0000
0000
0000
0000
0000
0000
0000
0000
0000
0000
0000
0000
0000
0000
0000
0000
0000
0000
0000
0000
0000
0000
0000
0000
0000
0000
0000
0000
0000
0000
0000
0000
0000
0000
0000
0000
0000
0000
0000
0000
0000
0000
0000
0000
0000
0000
0000
0000
0000
0000
0000
0000
0000
0000
0000
0000
0000
0000
0000
0000
0000
0000
0000
0000
0000
0000
0000
0000
0000
0000
0000
0000
0000
0000
0000
0000
0000
0000
0000
0000
0000
0000
0000
0000
0000
0000
0000
0000
0000
0000
0000
0000
0000
0000
0000
0000
0000
0000
0000
0000
0000
0000
0000
0000
0000
0000
0000
0000
0000
0000
0000
0000
0000
0000
0000
0000
0000
0000
0000
0000
0000
0000
0000
0000
0000
0000
0000
0000
0000
0000
0000
0000
0000
0000
0000
0000
0000
0000
0000
0000
0000
0000
0000
0000
0000
0000
0000
0000
0000
0000
0000
0000
0000
0000
0000
0000
0000
0000
0000
0000
0000
0000
0000
0000
0000
0000
0000
0000
0000
0000
0000
0000
0000
0000
0000
0000
0000
0000
0000
0000
0000
0000
0000
0000
0000
0000
0000
0000
0000
0000
0000
0000
0000
0000
0000
0000
0000
0000
0000
0000
0000
0000
0000
0000
0000
0000
0000
0000
0000
0000
0000
0000
0000
0000
0000
0000
0000
0000
0000
0000
0000
0000
0000
0000
0000
0000
0000
0000
0000
0000
0000
0000
0000
0000
0000
0000
0000
0000
0000
0000
0000
0000
0000
0000
0000
0000
0000
0000
0000
0000
0000
0000
0000
0000
0000
0000
0000
0000
0000
0000
0000
0000
0000
0000
0000
0000
0000
0000
0000
0000
0000
0000
0000
0000
0000
0000
0000
0000
0000
0000
0000
0000
0000
0000
0000
0000
0000
0000
0000
0000
0000
0000
0000
0000
0000
0000
0000
0000
0000
0000
0000
0000
0000
0000
0000
0000
0000
0000
0000
0000
0000
0000
0000
0000
0000
0000
0000
0000
0000
0000
0000
0000
0000
0000
0000
0000
0000
0000
0000
0000
0000
0000
0000
0000
0000
0000
0000
0000
0000
0000
0000
0000
0000
0000
0000
0000
0000
0000
0000
0000
0000
0000
0000
0000
0000
0000
0000
0000
0000
0000
0000
0000
0000
0000
0000
0000
0000
0000
0000
0000
0000
0000
0000
0000
0000
0000
0000
0000
0000
0000
0000
0000
0000
0000
0000
0000
0000
0000
0000
0000
0000
0000
0000
0000
0000
0000
0000
0000
0000
0000
0000
0000
0000
0000
0000
0000
0000
0000
0000
0000
0000
0000
0000
0000
0000
0000
0000
0000
0000
0000
0000
0000
0000
0000
0000
0000
0000
0000
0000
0000
0000
0000
0000
0000
0000
0000
0000
0000
0000
0000
0000
0000
0000
0000
0000
0000
0000
0000
0000
0000
0000
0000
0000
0000
0000
0000
0000
0000
0000
0000
0000
0000
0000
0000
0000
0000
0000
0000
0000
0000
0000
0000
0000
0000
0000
0000
0000
0000
0000
0000
0000
0000
0000
0000
0000
0000
0000
0000
0000
0000
0000
0000
0000
0000
0000
0000
0000
0000
0000
0000
0000
0000
0000
0000
0000
0000
0000
0000
0000
0000
0000
0000
0000
0000
0000
0000
0000
0000
0000
0000
0000
0000
0000
0000
0000
0000
0000
0000
0000
0000
0000
0000
0000
0000
0000
0000
0000
0000
0000
0000
0000
0000
0000
0000
0000
0000
0000
0000
0000
0000
0000
0000
0000
0000
0000
0000
0000
0000
0000
0000
0000
0000
0000
0000
0000
0000
0000
0000
0000
0000
0000
0000
0000
0000
0000
0000
0000
0000
0000
0000
0000
0000
0000
0000
0000
0000
0000
0000
0000
0000
0000
0000
0000
0000
0000
0000
0000
0000
0000
0000
0000
0000
0000
0000
0000
0000
0000
0000
0000
0000
0000
0000
0000
0000
0000
0000
0000
0000
0000
0000
0000
0000
0000
0000
0000
0000
0000
0000
0000
0000
0000
0000
0000
0000
0000
0000
0000
0000
0000
0000
0000
0000
0000
0000
0000
0000
0000
0000
0000
0000
0000
0000
0000
0000
0000
0000
0000
0000
0000
0000
0000
0000
0000
0000
0000
0000
0000
0000
0000
0000
0000
0000
0000
0000
0000
0000
0000
0000
0000
0000
0000
0000
0000
0000
0000
0000
0000
0000
0000
0000
0000
0000
0000
0000
0000
0000
0000
0000
0000
0000
0000
0000
0000
0000
0000
0000
0000
0000
0000
0000
0000
0000
0000
0000
0000
0000
0000
0000
0000
0000
0000
0000
0000
0000
0000
0000
0000
0000
0000
0000
0000
0000
0000
0000
0000
0000
0000
0000
0000
0000
0000
0000
0000
0000
0000
0000
0000
0000
0000
0000
0000
0000
0000
0000
0000
0000
0000
0000
0000
0000
0000
0000
0000
0000
0000
0000
0000
0000
0000
0000
0000
0000
0000
0000
0000
0000
0000
0000
0000
0000
0000
0000
0000
0000
0000
0000
0000
0000
0000
0000
0000
0000
0000
0000
0000
0000
0000
0000
0000
0000
0000
0000
0000
0000
0000
0000
0000
0000
0000
0000
0000
0000
0000
0000
0000
0000
0000
0000
0000
0000
0000
0000
0000
0000
0000
0000
0000
0000
0000
0000
0000
0000
0000
0000
0000
0000
0000
0000
0000
0000
0000
0000
0000
0000
0000
0000
0000
0000
0000
0000
0000
0000
0000
0000
0000
0000
0000
0000
0000
0000
0000
0000
0000
0000
0000
0000
0000
0000
0000
0000
0000
0000
0000
0000
0000
0000
0000
0000
0000
0000
0000
0000
0000
0000
0000
0000
0000
0000
0000
0000
0000
0000
0000
0000
0000
0000
0000
0000
0000
0000
0000
0000
0000
0000
0000
0000
0000
0000
0000
0000
0000
0000
0000
0000
0000
0000
0000
0000
0000
0000
0000
0000
0000
0000
0000
0000
0000
0000
0000
0000
ffd3
0987
0e93
0f18
0c4a
0943
08f1
0a3b
0a2e
06fe
00f7
f966
f282
ee55
eeb7
f44b
fda2
0765
0f5f
147e
17b5
1ae8
1fe0
2657
2c24
3031
318a
2e6f
2560
18e5
0e48
0891
063d
0625
05db
0566
04ca
0411
0501
0858
0f96
1881
2018
2393
2158
1ab5
11e3
09ee
0307
fd53
f80e
f27a
ebea
e4a2
ddc9
da2d
db78
e152
e8a2
f037
f60f
f858
f739
f4b1
f38b
f3b9
f445
f443
f1fc
ecc8
e4ff
dcc9
d62f
d3ec
d5cb
db7d
e2d6
e9c1
ee4f
f15f
f580
fb28
030a
0b25
1193
149c
138e
0de3
05b1
fea2
fa7f
f938
f90b
f9e6
fa13
fa6b
fae8
fdf6
04f1
0f63
1a4f
23b9
29ce
2bc1
29c4
25c8
21ac
1e64
1b2c
174d
12ef
0d6e
0638
fe73
f9a5
fa34
fef7
05e4
0c31
10e7
1259
1250
10e2
10a3
1181
1294
122f
0ecd
074e
fe1d
f4cc
ec68
e765
e5b7
e734
e95d
ea98
eae9
ea5c
ea85
ecd5
f298
f928
fec5
0051
fdff
f821
f09e
e94e
e3e7
e135
e063
e099
df85
dd45
db7d
dc75
e177
ea1c
f524
ffd1
0793
0b9b
0c04
09c4
0759
0718
0822
0817
058b
00ba
faaf
f52f
f1dc
f22f
f6aa
fe27
05fa
0c5e
1078
130b
159a
1993
1ebe
235f
269a
27ab
252c
1deb
13ed
0b70
06de
055e
054a
050d
04aa
0426
0387
0454
0730
0d63
1506
1b84
1e7c
1c90
16dd
0f4c
0879
0257
fdde
f9bc
f55e
f03b
ea86
e527
e254
e359
e7f2
edb0
f3a4
f839
fa01
f91b
f71b
f62f
f650
f6bc
f6b9
f4ef
f0da
eabf
e44d
df1e
dd57
decf
e349
e90f
ee7e
f212
f47c
f719
fbe4
0291
096e
0ee0
1173
1090
0bc6
04d8
fee2
fb62
fa4f
fa2a
fae4
fb0a
fb55
fc22
fe7a
03d7
0be0
1448
1b87
2035
21b4
202d
1d1c
19f2
1769
14ed
11f0
0e92
0a53
04c5
fec8
fb15
fb83
ff2e
0483
095d
0cfe
0e1b
0e15
0cfd
0ccd
0d7a
0e4e
0e02
0b6a
061f
fe77
f6b5
efb8
eb8d
ea26
eb63
ed31
ee37
ee7b
ee05
ee26
f011
f4db
fa51
fefc
003c
fe7e
fa16
f474
eef7
eae9
e8e2
e845
e86e
e7a0
e5f0
e49a
e554
e916
ef91
f7d8
ffda
05ae
08b5
0905
0756
0587
0558
0620
061a
0433
0097
fc10
f7ef
f571
f5af
f90b
fea7
0484
094d
0c5e
0e4b
1036
132f
170e
1a86
1cf1
1dbc
1bdc
1669
0ee9
0887
0517
03f5
03e4
03b4
0367
0303
028c
0326
054c
09f4
0fb0
1492
16d1
1564
1122
0b7a
0660
01f3
fe4c
faec
f75a
f324
ee78
ea12
e7c0
e894
ec56
f108
f5e5
f9a5
fb1a
fa5e
f8bb
f8df
f8f7
f944
f941
f7f3
f4fa
f088
ebd8
e813
e6c9
e7dd
eb20
ef55
f34c
f5e8
f7aa
f992
fd0e
01e9
06e6
0adb
0cb9
0c12
0894
0389
ff32
fca6
fbdd
fbc1
fc47
fc62
fc97
fce3
fec2
030c
0978
1030
15fa
19b7
1ae9
19b0
173c
14b5
12b0
10b5
0e54
0ba6
0845
03d7
ff10
fc1c
fc76
ff65
03a9
078b
0a71
0b54
0b4e
0a6d
0a45
0acc
0b73
0b33
091d
04df
febd
f886
f2ed
ef95
ee75
ef73
f0e5
f1b8
f1ef
f192
f1ad
f338
f70f
fb6f
ff2c
0032
fea5
fabb
f5b9
f0d8
ed3d
eb71
eae5
eb0a
ea54
e8d6
e7a8
e84f
eba8
f16d
f8c9
ffe8
0515
07c6
080d
068e
04f1
04c5
0575
056e
03bb
0084
fc7b
f8ce
f694
f6c8
f9c2
febd
03f2
0833
0aee
0ca5
0e5a
1100
1473
178b
19b4
1a6c
18c4
13ef
0d47
079e
0492
0391
0383
0359
0316
02bd
0253
02dc
04c5
08e8
0e01
1257
1454
130e
0f43
0a39
05ad
01bb
fe79
fb76
f846
f486
f05d
ec73
ea63
eb20
ee78
f2a6
f6fb
fa52
fba0
fafc
f98a
f8e2
f8fc
f94c
f94b
f7fe
f505
f092
ebe1
e81b
e6d0
e7e2
eb23
ef56
f34a
f5e4
f7a4
f98a
fd05
01df
06dc
0ad1
0caf
0c09
088c
0381
ff29
fc9d
fbd4
fbb8
fc3f
fc5b
fc91
fcde
febf
030b
0978
1031
15fc
19ba
1aed
19b4
1740
14b9
12b4
10b9
0e57
0ba7
0844
03d4
ff0c
fc17
fc6f
ff5d
03a0
0781
0a67
0b4b
0b45
0a64
0a3d
0ac6
0b6f
0b31
091c
04df
febe
f888
f2f0
ef99
ee7a
ef78
f0e9
f1bb
f1f1
f193
f1ae
f339
f710
fb70
ff2e
0036
feaa
fac1
f5bf
f0df
ed45
eb79
eaed
eb11
ea59
e8d9
e7a9
e84e
eba5
f168
f8c3
ffe1
050d
07bd
0803
0683
04e6
04bb
056c
0565
03b2
007c
fc75
f8ca
f693
f6ca
f9c7
fec5
03fc
083f
0afb
0cb2
0e67
110d
147f
1795
19bc
1a72
18c8
13f2
0d49
07a0
0494
0394
0387
035e
031c
02c4
025a
02e3
04cb
08ed
0e04
1258
1453
130b
0f3e
0a33
05a6
01b4
fe73
fb72
f845
f488
f062
ec7a
ea6c
eb2a
ee82
f2af
f703
fa58
fba4
fafd
f988
f8dd
f8f5
f943
f941
f7f4
f4fc
f08b
ebdb
e816
e6cb
e7dd
eb1e
ef51
f345
f5df
f7a0
f987
fd03
01de
06dc
0ad2
0cb1
0c0c
0890
0386
ff30
fca5
fbdd
fbc2
fc49
fc65
fc9b
fce8
fec8
0313
0980
103a
1606
19c4
1af7
19be
174a
14c2
12bb
10be
0e5a
0ba8
0843
03d1
ff07
fc11
fc69
ff58
039c
077e
0a65
0b49
0b44
0a64
0a3e
0ac8
0b72
0b35
0922
04e6
fec6
f891
f2fa
efa4
ee85
ef83
f0f4
f1c6
f1fc
f19e
f1b8
f341
f716
fb74
ff30
0036
fea9
fabf
f5bd
f0dc
ed41
eb74
eae8
eb0d
ea56
e8d6
e7a6
e84b
eba2
f165
f8c0
ffdf
050d
07be
0805
0686
04ea
04c0
0572
056d
03bc
0087
fc80
f8d5
f69e
f6d5
f9d1
fece
0404
0845
0aff
0cb5
0e69
110e
147f
1794
19ba
1a6f
18c4
13ec
0d41
0795
0487
0385
0376
034b
0307
02ae
0244
02cd
04b6
08d9
0df2
1249
1448
1304
0f3b
0a34
05ab
01bc
fe7d
fb7d
f850
f492
f06b
ec82
ea72
eb2f
ee86
f2b2
f705
fa5a
fba6
faff
f98a
f8df
f8f7
f944
f941
f7f3
f4fa
f088
ebd8
e813
e6c9
e7dd
eb20
ef55
f34c
f5e8
f7aa
f992
fd0e
01e9
06e6
0adb
0cb9
0c12
0894
0389
ff32
fca6
fbdd
fbc1
fc47
fc62
fc97
fce3
fec2
030c
0978
1030
15fa
19b7
1ae9
19b0
173c
14b5
12b0
10b5
0e54
0ba6
0845
03d7
ff10
fc1c
fc76
ff65
03a9
078b
0a71
0b54
0b4e
0a6d
0a45
0acc
0b73
0b33
091d
04df
febd
f886
f2ed
ef95
ee75
ef73
f0e5
f1b8
f1ef
f192
f1ad
f338
f70f
fb6f
ff2c
0032
fea5
fabb
f5b9
f0d8
ed3d
eb71
eae5
eb0a
ea54
e8d6
e7a8
e84f
eba8
f16d
f8c9
ffe8
0515
07c6
080d
068e
04f1
04c5
0575
056e
03bb
0084
fc7b
f8ce
f694
f6c8
f9c2
febd
03f2
0833
0aee
0ca5
0e5a
1100
1473
178b
19b4
1a6c
18c4
13ef
0d47
079e
0492
0391
0383
0359
0316
02bd
0253
02dc
04c5
08e8
0e01
1257
1454
130e
0f43
0a39
05ad
01bb
fe79
fb76
f846
f486
f05d
ec73
ea63
eb20
ee78
f2a6
f6fb
fa52
fba0
fafc
f98a
f8e2
f8fc
f94c
f94b
f7fe
f505
f092
ebe1
e81b
e6d0
e7e2
eb23
ef56
f34a
f5e4
f7a4
f98a
fd05
01df
06dc
0ad1
0caf
0c09
088c
0381
ff29
fc9d
fbd4
fbb8
fc3f
fc5b
fc91
fcde
febf
030b
0978
1031
15fc
19ba
1aed
19b4
1740
14b9
12b4
10b9
0e57
0ba7
0844
03d4
ff0c
fc17
fc6f
ff5d
03a0
0781
0a67
0b4b
0b45
0a64
0a3d
0ac6
0b6f
0b31
091c
04df
febe
f888
f2f0
ef99
ee7a
ef78
f0e9
f1bb
f1f1
f193
f1ae
f339
f710
fb70
ff2e
0036
feaa
fac1
f5bf
f0df
ed45
eb79
eaed
eb11
ea59
e8d9
e7a9
e84e
eba5
f168
f8c3
ffe1
050d
07bd
0803
0683
04e6
04bb
056c
0565
03b2
007c
fc75
f8ca
f693
f6ca
f9c7
fec5
03fc
083f
0afb
0cb2
0e67
110d
147f
1795
19bc
1a72
18c8
13f2
0d49
07a0
0494
0394
0387
035e
031c
02c4
025a
02e3
04cb
08ed
0e04
1258
1453
130b
0f3e
0a33
05a6
01b4
fe73
fb72
f845
f488
f062
ec7a
ea6c
eb2a
ee82
f2af
f703
fa58
fba4
fafd
f988
f8dd
f8f5
f943
f941
f7f4
f4fc
f08b
ebdb
e816
e6cb
e7dd
eb1e
ef51
f345
f5df
f7a0
f987
fd03
01de
06dc
0ad2
0cb1
0c0c
0890
0386
ff30
fca5
fbdd
fbc2
fc49
fc65
fc9b
fce8
fec8
0313
0980
103a
1606
19c4
1af7
19be
174a
14c2
12bb
10be
0e5a
0ba8
0843
03d1
ff07
fc11
fc69
ff58
039c
077e
0a65
0b49
0b44
0a64
0a3e
0ac8
0b72
0b35
0922
04e6
fec6
f891
f2fa
efa4
ee85
ef83
f0f4
f1c6
f1fc
f19e
f1b8
f341
f716
fb74
ff30
0036
fea9
fabf
f5bd
f0dc
ed41
eb74
eae8
eb0d
ea56
e8d6
e7a6
e84b
eba2
f165
f8c0
ffdf
050d
07be
0805
0686
04ea
04c0
0572
056d
03bc
0087
fc80
f8d5
f69e
f6d5
f9d1
fece
0404
0845
0aff
0cb5
0e69
110e
147f
1794
19ba
1a6f
18c4
13ec
0d41
0795
0487
0385
0376
034b
0307
02ae
0244
02cd
04b6
08d9
0df2
1249
1448
1304
0f3b
0a34
05ab
01bc
fe7d
fb7d
f850
f492
f06b
ec82
ea72
eb2f
ee86
f2b2
f705
fa5a
fba6
faff
f98a
f8df
f8f7
f944
f941
f7f3
f4fa
f088
ebd8
e813
e6c9
e7dd
eb20
ef55
f34c
f5e8
f7aa
f992
fd0e
01e9
06e6
0adb
0cb9
0c12
0894
0389
ff32
fca6
fbdd
fbc1
fc47
fc62
fc97
fce3
fec2
030c
0978
1030
15fa
19b7
1ae9
19b0
173c
14b5
12b0
10b5
0e54
0ba6
0845
03d7
ff10
fc1c
fc76
ff65
03a9
078b
0a71
0b54
0b4e
0a6d
0a45
0acc
0b73
0b33
091d
04df
febd
f886
f2ed
ef95
ee75
ef73
f0e5
f1b8
f1ef
f192
f1ad
f338
f70f
fb6f
ff2c
002b
fed0
fb63
f701
f2bd
ef95
ee02
ed88
eda8
ed09
ebbb
eab3
eb45
ee33
f33f
f9af
ffeb
0472
06cd
070b
05bc
0452
042c
04c6
04c0
0343
0073
fceb
f9b4
f7c1
f7ef
fa89
fee5
0373
072c
0990
0b10
0c8e
0ee0
11e4
1499
167d
171e
15ab
1171
0b9e
06aa
03ff
031e
0312
02ed
02b3
0265
0208
0280
042c
07cb
0c40
100c
11c9
10ac
0d5a
08f1
04f7
0183
fea9
fc07
f93d
f5f5
f251
eee4
ed16
edbc
f0a9
f451
f81b
fb07
fc2c
fb9c
fa58
f9c5
f9dc
fa22
fa21
f8fe
f664
f27f
ee64
eb17
e9f6
eae5
edbe
f16b
f4e0
f727
f8af
fa58
fd64
01a3
0600
0976
0b19
0a87
077a
0310
ff43
fd09
fc59
fc41
fcb7
fccf
fcfe
fd42
fee7
02a9
0849
0e2a
133c
1682
178f
167d
1458
1221
105d
0ea1
0c8c
0a32
073b
0359
ff2a
fc94
fce1
ff71
032c
0690
091a
09e1
09dc
0917
08f5
096d
0a01
09ca
07f8
0443
fee6
f977
f492
f1a5
f0aa
f189
f2cb
f383
f3b2
f360
f378
f4d1
f82e
fc02
ff48
002f
fed4
fb68
f707
f2c3
ef9c
ee09
ed8f
edae
ed0d
ebbd
eab3
eb44
ee30
f33b
f9aa
ffe4
046b
06c5
0702
05b2
0449
0423
04be
04b8
033b
006c
fce6
f9b0
f7c0
f7f0
fa8e
feec
037c
0737
099b
0b1b
0c9a
0eeb
11ef
14a2
1684
1723
15af
1173
0b9f
06ac
0401
0321
0316
02f2
02b8
026b
020e
0286
0431
07cf
0c43
100d
11c8
10a9
0d56
08ec
04f1
017d
fea4
fc03
f93c
f5f7
f255
eeea
ed1e
edc4
f0b1
f459
f822
fb0d
fc2f
fb9d
fa57
f9c1
f9d6
fa1a
fa18
f8f5
f65c
f279
ee5f
eb13
e9f1
eae1
edba
f166
f4dc
f723
f8ac
fa56
fd62
01a2
0600
0977
0b1a
0a8a
077e
0315
ff4a
fd10
fc61
fc49
fcbf
fcd8
fd07
fd4b
feef
02b0
0850
0e32
1345
168b
1798
1686
1460
1229
1063
0ea6
0c8e
0a33
073a
0356
ff26
fc8e
fcdb
ff6d
0328
068e
0918
09df
09db
0917
08f6
096f
0a03
09ce
07fd
0449
feed
f97e
f49a
f1af
f0b4
f192
f2d5
f38d
f3bc
f36a
f381
f4d8
f833
fc05
ff4a
002f
fed3
fb67
f705
f2c0
ef98
ee05
ed8b
edab
ed0b
ebbb
eab1
eb41
ee2d
f338
f9a8
ffe3
046b
06c6
0704
05b5
044c
0428
04c3
04bf
0344
0076
fcf0
f9ba
f7ca
f7fa
fa96
fef4
0383
073c
099f
0b1e
0c9b
0eec
11ef
14a1
1682
1721
15ab
116e
0b98
06a2
03f6
0314
0307
02e1
02a6
0258
01fb
0273
041f
07bd
0c33
0fff
11bf
10a3
0d53
08ed
04f5
0184
fead
fc0d
f946
f5ff
f25d
eef1
ed23
edc9
f0b5
f45b
f824
fb0e
fc31
fb9f
fa58
f9c3
f9d8
fa1b
fa18
f8f4
f65a
f277
ee5d
eb10
e9ef
eae1
edbc
f16a
f4e2
f72b
f8b4
fa5f
fd6c
01ab
0609
097f
0b21
0a8f
0781
0317
ff4b
fd11
fc61
fc48
fcbe
fcd5
fd04
fd46
fee9
02aa
0849
0e2a
133a
1680
178b
167a
1454
121e
105a
0e9e
0c89
0a31
073c
035c
ff2e
fc98
fce7
ff78
0333
0699
0922
09e9
09e4
091f
08fc
0972
0a04
09cc
07f9
0443
fee5
f975
f48f
f1a2
f0a6
f184
f2c8
f381
f3b1
f35f
f377
f4d1
f82d
fc01
ff46
002b
fed0
fb63
f701
f2bd
ef95
ee02
ed88
eda8
ed09
ebbb
eab3
eb45
ee33
f33f
f9af
ffeb
0472
06cd
070b
05bc
0452
042c
04c6
04c0
0343
0073
fceb
f9b4
f7c1
f7ef
fa89
fee5
0373
072c
0990
0b10
0c8e
0ee0
11e4
1499
167d
171e
15ab
1171
0b9e
06aa
03ff
031e
0312
02ed
02b3
0265
0208
0280
042c
07cb
0c40
100c
11c9
10ac
0d5a
08f1
04f7
0183
fea9
fc07
f93d
f5f5
f251
eee4
ed16
edbc
f0a9
f451
f81b
fb07
fc2c
fb9c
fa58
f9c5
f9dc
fa22
fa21
f8fe
f664
f27f
ee64
eb17
e9f6
eae5
edbe
f16b
f4e0
f727
f8af
fa58
fd64
01a3
0600
0976
0b19
0a87
077a
0310
ff43
fd09
fc59
fc41
fcb7
fccf
fcfe
fd42
fee7
02a9
0849
0e2a
133c
1682
178f
167d
1458
1221
105d
0ea1
0c8c
0a32
073b
0359
ff2a
fc94
fce1
ff71
032c
0690
091a
09e1
09dc
0917
08f5
096d
0a01
09ca
07f8
0443
fee6
f977
f492
f1a5
f0aa
f189
f2cb
f383
f3b2
f360
f378
f4d1
f82e
fc02
ff48
002f
fed4
fb68
f707
f2c3
ef9c
ee09
ed8f
edae
ed0d
ebbd
eab3
eb44
ee30
f33b
f9aa
ffe4
046b
06c5
0702
05b2
0449
0423
04be
04b8
033b
006c
fce6
f9b0
f7c0
f7f0
fa8e
feec
037c
0737
099b
0b1b
0c9a
0eeb
11ef
14a2
1684
1723
15af
1173
0b9f
06ac
0401
0321
0316
02f2
02b8
026b
020e
0286
0431
07cf
0c43
100d
11c8
10a9
0d56
08ec
04f1
017d
fea4
fc03
f93c
f5f7
f255
eeea
ed1e
edc4
f0b1
f459
f822
fb0d
fc2f
fb9d
fa57
f9c1
f9d6
fa1a
fa18
f8f5
f65c
f279
ee5f
eb13
e9f1
eae1
edba
f166
f4dc
f723
f8ac
fa56
fd62
01a2
0600
0977
0b1a
0a8a
077e
0315
ff4a
fd10
fc61
fc49
fcbf
fcd8
fd07
fd4b
feef
02b0
0850
0e32
1345
168b
1798
1686
1460
1229
1063
0ea6
0c8e
0a33
073a
0356
ff26
fc8e
fcdb
ff6d
0328
068e
0918
09df
09db
0917
08f6
096f
0a03
09ce
07fd
0449
feed
f97e
f49a
f1af
f0b4
f192
f2d5
f38d
f3bc
f36a
f381
f4d8
f833
fc05
ff4a
002f
fed3
fb67
f705
f2c0
ef98
ee05
ed8b
edab
ed0b
ebbb
eab1
eb41
ee2d
f338
f9a8
ffe3
046b
06c6
0704
05b5
044c
0428
04c3
04bf
0344
0076
fcf0
f9ba
f7ca
f7fa
fa96
fef4
0383
073c
099f
0b1e
0c9b
0eec
11ef
14a1
1682
1721
15ab
116e
0b98
06a2
03f6
0314
0307
02e1
02a6
0258
01fb
0273
041f
07bd
0c33
0fff
11bf
10a3
0d53
08ed
04f5
0184
fead
fc0d
f946
f5ff
f25d
eef1
ed23
edc9
f0b5
f45b
f824
fb0e
fc31
fb9f
fa58
f9c3
f9d8
fa1b
fa18
f8f4
f65a
f277
ee5d
eb10
e9ef
eae1
edbc
f16a
f4e2
f72b
f8b4
fa5f
fd6c
01ab
0609
097f
0b21
0a8f
0781
0317
ff4b
fd11
fc61
fc48
fcbe
fcd5
fd04
fd46
fee9
02aa
0849
0e2a
133a
1680
178b
167a
1454
121e
105a
0e9e
0c89
0a31
073c
035c
ff2e
fc98
fce7
ff78
0333
0699
0922
09e9
09e4
091f
08fc
0972
0a04
09cc
07f9
0443
fee5
f975
f48f
f1a2
f0a6
f184
f2c8
f381
f3b1
f35f
f377
f4d1
f82d
fc01
ff46
002b
fed0
fb63
f701
f2bd
ef95
ee02
ed88
eda8
ed09
ebbb
eab3
eb45
ee33
f33f
f9af
ffeb
0472
06cd
070b
05bc
0452
042c
04c6
04c0
0343
0073
fceb
f9b4
f7c1
f7ef
fa89
fee5
0373
072c
0990
0b10
0c8e
0ee0
11e4
1499
167d
171e
15ab
1171
0b9e
06aa
03ff
031e
0312
02ed
02b3
0265
0208
0280
042c
07cb
0c40
100c
11c9
10ac
0d5a
08f1
04f7
0183
fea9
fc07
f93d
f5f5
f251
eee4
ed16
edbc
f0a9
f451
f81b
fb07
fc2c
fb9c
fa58
f9c5
f9dc
fa22
fa21
f8fe
f664
f27f
ee64
eb17
e9f6
eae5
edbe
f16b
f4e0
f727
f8af
fa58
fd64
01a3
0600
0976
0b19
0a87
077a
0310
ff43
fd09
fc59
fc41
fcb7
fccf
fcfe
fd42
fee7
02a9
0849
0e2a
133c
1682
178f
167d
1458
1221
105d
0ea1
0c8c
0a32
073b
0359
ff2a
fc94
fce1
ff71
032c
0690
091a
09e1
09dc
0917
08f5
096d
0a01
09ca
07f8
0443
fee6
f977
f492
f1a5
f0aa
f189
f2cb
f383
f3b2
f360
f378
f4d1
f82e
fc02
ff48
002f
fed4
fb68
f707
f2c3
ef9c
ee09
ed8f
edae
ed0d
ebbd
eab3
eb44
ee30
f33b
f9aa
ffe4
046b
06c5
0702
05b2
0449
0423
04be
04b8
033b
006c
fce6
f9b0
f7c0
f7f0
fa8e
feec
037c
0737
099b
0b1b
0c9a
0eeb
11ef
14a2
1684
1723
15af
1173
0b9f
06ac
0401
0321
0316
02f2
02b8
026b
020e
0286
0431
07cf
0c43
100d
11c8
10a9
0d56
08ec
04f1
017d
fea4
fc03
f93c
f5f7
f255
eeea
ed1e
edc4
f0b1
f459
f822
fb0d
fc2f
fb9d
fa57
f9c1
f9d6
fa1a
fa18
f8f5
f65c
f279
ee5f
eb13
e9f1
eae1
edba
f166
f4dc
f723
f8ac
fa56
fd62
01a2
0600
0977
0b1a
0a8a
077e
0315
ff4a
fd10
fc61
fc49
fcbf
fcd8
fd07
fd4b
feef
02b0
0850
0e32
1345
168b
1798
1686
1460
1229
1063
0ea6
0c8e
0a33
073a
0356
ff26
fc8e
fcdb
ff6d
0328
068e
0918
09df
09db
0917
08f6
096f
0a03
09ce
07fd
0449
feed
f97e
f49a
f1af
f0b4
f192
f2d5
f38d
f3bc
f36a
f381
f4d8
f833
fc05
ff4a
002f
fed3
fb67
f705
f2c0
ef98
ee05
ed8b
edab
ed0b
ebbb
eab1
eb41
ee2d
f338
f9a8
ffe3
046b
06c6
0704
05b5
044c
0428
04c3
04bf
0344
0076
fcf0
f9ba
f7ca
f7fa
fa96
fef4
0383
073c
099f
0b1e
0c9b
0eec
11ef
14a1
1682
1721
15ab
116e
0b98
06a2
03f6
0314
0307
02e1
02a6
0258
01fb
0273
041f
07bd
0c33
0fff
11bf
10a3
0d53
08ed
04f5
0184
fead
fc0d
f946
f5ff
f25d
eef1
ed23
edc9
f0b5
f45b
f824
fb0e
fc31
fb9f
fa58
f9c3
f9d8
fa1b
fa18
f8f4
f65a
f277
ee5d
eb10
e9ef
eae1
edbc
f16a
f4e2
f72b
f8b4
fa5f
fd6c
01ab
0609
097f
0b21
0a8f
0781
0317
ff4b
fd11
fc61
fc48
fcbe
fcd5
fd04
fd46
fee9
02aa
0849
0e2a
133a
1680
178b
167a
1454
121e
105a
0e9e
0c89
0a31
073c
035c
ff2e
fc98
fce7
ff78
0333
0699
0922
09e9
09e4
091f
08fc
0972
0a04
09cc
07f9
0443
fee5
f975
f48f
f1a2
f0a6
f184
f2c8
f381
f3b1
f35f
f377
f4d1
f82d
fc01
ff46
002b
fed0
fb63
f701
f2bd
ef95
ee02
ed88
eda8
ed09
ebbb
eab3
eb45
ee33
f33f
f9af
ffeb
0472
06cd
070b
05bc
0452
042c
04c6
04c0
0343
0073
fceb
f9b4
f7c1
f7ef
fa89
fee5
0373
072c
0990
0b10
0c8e
0ee0
11e4
1499
167d
171e
15ab
1171
0b9e
06aa
03ff
031e
0312
02ed
02b3
0265
0208
0280
042c
07cb
0c40
100c
11c9
10ac
0d5a
08f1
04f7
0183
fea9
fc07
f93d
f5f5
f251
eee4
ed16
edbc
f0a9
f451
f81b
fb07
fc2c
fb9c
fa58
f9c5
f9dc
fa22
fa21
f8fe
f664
f27f
ee64
eb17
e9f6
eae5
edbe
f16b
f4e0
f727
f8af
fa58
fd64
01a3
0600
0976
0b19
0a87
077a
0310
ff43
fd09
fc59
fc41
fcb7
fccf
fcfe
fd42
fee7
02a9
0849
0e2a
133c
1682
178f
167d
1458
1221
105d
0ea1
0c8c
0a32
073b
0359
ff2a
fc94
fce1
ff71
032c
0690
091a
09e1
09dc
0917
08f5
096d
0a01
09ca
07f8
0443
fee6
f977
f492
f1a5
f0aa
f189
f2cb
f383
f3b2
f360
f378
f4d1
f82e
fc02
ff48
002f
fed4
fb68
f707
f2c3
ef9c
ee09
ed8f
edae
ed0d
ebbd
eab3
eb44
ee30
f33b
f9aa
ffe4
046b
06c5
0702
05b2
0449
0423
04be
04b8
033b
006c
fce6
f9b0
f7c0
f7f0
fa8e
feec
037c
0737
099b
0b1b
0c9a
0eeb
11ef
14a2
1684
1723
15af
1173
0b9f
06ac
0401
0321
0316
02f2
02b8
026b
020e
0286
0431
07cf
0c43
100d
11c8
10a9
0d56
08ec
04f1
017d
fea4
fc03
f93c
f5f7
f255
eeea
ed1e
edc4
f0b1
f459
f822
fb0d
fc2f
fb9d
fa57
f9c1
f9d6
fa1a
fa18
f8f5
f65c
f279
ee5f
eb13
e9f1
eae1
edba
f166
f4dc
f723
f8ac
fa56
fd62
01a2
0600
0977
0b1a
0a8a
077e
0315
ff4a
fd10
fc61
fc49
fcbf
fcd8
fd07
fd4b
feef
02b0
0850
0e32
1345
168b
1798
1686
1460
1229
1063
0ea6
0c8e
0a33
073a
0356
ff26
fc8e
fcdb
ff6d
0328
068e
0918
09df
09db
0917
08f6
096f
0a03
09ce
07fd
0449
feed
f97e
f49a
f1af
f0b4
f192
f2d5
f38d
f3bc
f36a
f381
f4d8
f833
fc05
ff4a
002f
fed3
fb67
f705
f2c0
ef98
ee05
ed8b
edab
ed0b
ebbb
eab1
eb41
ee2d
f338
f9a8
ffe3
046b
06c6
0704
05b5
044c
0428
04c3
04bf
0344
0076
fcf0
f9ba
f7ca
f7fa
fa96
fef4
0383
073c
099f
0b1e
0c9b
0eec
11ef
14a1
1682
1721
15ab
116e
0b98
06a2
03f6
0314
0307
02e1
02a6
0258
01fb
0273
041f
07bd
0c33
0fff
11bf
10a3
0d53
08ed
04f5
0184
fead
fc0d
f946
f5ff
f25d
eef1
ed23
edc9
f0b5
f45b
f824
fb0e
fc31
fb9f
fa58
f9c3
f9d8
fa1b
fa18
f8f4
f65a
f277
ee5d
eb10
e9ef
eae1
edbc
f16a
f4e2
f72b
f8b4
fa5f
fd6c
01ab
0609
097f
0b21
0a8f
0781
0317
ff4b
fd11
fc61
fc48
fcbe
fcd5
fd04
fd46
fee9
02aa
0849
0e2a
133a
1680
178b
167a
1454
121e
105a
0e9e
0c89
0a31
073c
035c
ff2e
fc98
fce7
ff78
0333
0699
0922
09e9
09e4
091f
08fc
0972
0a04
09cc
07f9
0443
fee5
f975
f48f
f1a2
f0a6
f184
f2c8
f381
f3b1
f35f
f377
f4d1
f82d
fc01
ff46
002b
fed0
fb63
f701
f2bd
ef95
ee02
ed88
eda8
ed09
ebbb
eab3
eb45
ee33
f33f
f9af
ffeb
0472
06cd
070b
05bc
0452
042c
04c6
04c0
0343
0073
fceb
f9b4
f7c1
f7ef
fa89
fee5
0373
072c
0990
0b10
0c8e
0ee0
11e4
1499
167d
171e
15ab
1171
0b9e
06aa
03ff
031e
0312
02ed
02b3
0265
0208
0280
042c
07cb
0c40
100c
11c9
10ac
0d5a
08f1
04f7
0183
fea9
fc07
f93d
f5f5
f251
eee4
ed16
edbc
f0a9
f451
f81b
fb07
fc2c
fb9c
fa58
f9c5
f9dc
fa22
fa21
f8fe
f664
f27f
ee64
eb17
e9f6
eae5
edbe
f16b
f4e0
f727
f8af
fa58
fd64
01a3
0600
0976
0b19
0a87
077a
0310
ff43
fd09
fc59
fc41
fcb7
fccf
fcfe
fd42
fee7
02a9
0849
0e2a
133c
1682
178f
167d
1458
1221
105d
0ea1
0c8c
0a32
073b
0359
ff2a
fc94
fce1
ff71
032c
0690
091a
09e1
09dc
0917
08f5
096d
0a01
09ca
07f8
0443
fee6
f977
f492
f1a5
f0aa
f189
f2cb
f383
f3b2
f360
f378
f4d1
f82e
fc02
ff48
002f
fed4
fb68
f707
f2c3
ef9c
ee09
ed8f
edae
ed0d
ebbd
eab3
eb44
ee30
f33b
f9aa
ffe4
046b
06c5
0702
05b2
0449
0423
04be
04b8
033b
006c
fce6
f9b0
f7c0
f7f0
fa8e
feec
037c
0737
099b
0b1b
0c9a
0eeb
11ef
14a2
1684
1723
15af
1173
0b9f
06ac
0401
0321
0316
02f2
02b8
026b
020e
0286
0431
07cf
0c43
100d
11c8
10a9
0d56
08ec
04f1
017d
fea4
fc03
f93c
f5f7
f255
eeea
ed1e
edc4
f0b1
f459
f822
fb0d
fc2f
fb9d
fa57
f9c1
f9d6
fa1a
fa18
f8f5
f65c
f279
ee5f
eb13
e9f1
eae1
edba
f166
f4dc
f723
f8ac
fa56
fd62
01a2
0600
0977
0b1a
0a8a
077e
0315
ff4a
fd10
fc61
fc49
fcbf
fcd8
fd07
fd4b
feef
02b0
0850
0e32
1345
168b
1798
1686
1460
1229
1063
0ea6
0c8e
0a33
073a
0356
ff26
fc8e
fcdb
ff6d
0328
068e
0918
09df
09db
0917
08f6
096f
0a03
09ce
07fd
0449
feed
f97e
f49a
f1af
f0b4
f192
f2d5
f38d
f3bc
f36a
f381
f4d8
f833
fc05
ff4a
002f
fed3
fb67
f705
f2c0
ef98
ee05
ed8b
edab
ed0b
ebbb
eab1
eb41
ee2d
f338
f9a8
ffe3
046b
06c6
0704
05b5
044c
0428
04c3
04bf
0344
0076
fcf0
f9ba
f7ca
f7fa
fa96
fef4
0383
073c
099f
0b1e
0c9b
0eec
11ef
14a1
1682
1721
15ab
116e
0b98
06a2
03f6
0233
0229
020e
01e4
01ac
016a
01c0
02f1
0587
08b7
0b6d
0cad
0be2
0984
0660
038a
0115
ff0e
fd2e
fb32
f8db
f642
f3d1
f287
f2fd
f513
f7af
fa63
fc78
fd47
fcdf
fbf6
fb8b
fb9a
fbca
fbc8
faf7
f91c
f655
f367
f10b
f03d
f0ea
f2f4
f595
f80f
f9b1
faca
fd96
fee5
00b7
0296
0412
04c5
0486
0337
0153
ffb2
febe
fe72
fe68
fe9a
fea4
feb8
fed5
ff88
0124
038d
0612
083d
09a4
0a17
09a2
08b6
07c3
0702
0643
055f
045e
0319
0170
ffa6
fe8a
feac
ffc5
015f
02d4
03ea
043f
043d
03e8
03d9
040c
044b
0433
036a
01d3
ff86
fd32
fb18
f9d7
f96b
f9cb
fa55
faa5
fab9
fa96
faa0
fb35
fca5
fe49
ffb0
0006
ffd4
ff57
feb7
fe1b
fda7
fd6e
fd5c
fd61
fd4a
fd1a
fcf5
fd09
fd75
fe2d
ff19
fffd
00a2
00f8
0101
00d1
009e
0098
00ae
00ad
0077
0010
ff8f
ff19
fed2
fed9
ff38
ffd7
007e
0106
015d
0194
01cb
0220
028e
02f1
0336
034d
0318
027d
01a8
00f3
0092
0072
0070
006b
0062
0057
004a
005b
0098
011d
01c0
024a
028a
0261
01e8
0147
00b5
0183
fea9
fc07
f93d
f5f5
f251
eee4
ed16
edbc
f0a9
f451
f81b
fb07
fc2c
fb9c
fa58
f9c5
f9dc
fa22
fa21
f8fe
f664
f27f
ee64
eb17
e9f6
eae5
edbe
f16b
f4e0
f727
f8af
fa58
fd64
01a3
0600
0976
0b19
0a87
077a
0310
ff43
fd09
fc59
fc41
fcb7
fccf
fcfe
fd42
fee7
02a9
0849
0e2a
133c
1682
178f
167d
1458
1221
105d
0ea1
0c8c
0a32
073b
0359
ff2a
fc94
fce1
ff71
032c
0690
091a
09e1
09dc
0917
08f5
096d
0a01
09ca
07f8
0443
fee6
f977
f492
f1a5
f0aa
f189
f2cb
f383
f3b2
f360
f378
f4d1
f82e
fc02
ff48
002f
fed4
fb68
f707
f2c3
ef9c
ee09
ed8f
edae
ed0d
ebbd
eab3
eb44
ee30
f33b
f9aa
ffe4
046b
06c5
0702
05b2
0449
0423
04be
04b8
033b
006c
fce6
f9b0
f7c0
f7f0
fa8e
feec
037c
0737
099b
0b1b
0c9a
0eeb
11ef
14a2
1684
1723
15af
1173
0b9f
06ac
0401
0321
0316
02f2
02b8
026b
020e
0286
0431
07cf
0c43
100d
11c8
10a9
0d56
08ec
04f1
017d
fea4
fc03
f93c
f5f7
f255
eeea
ed1e
edc4
f0b1
f459
f822
fb0d
fc2f
fb9d
fa57
f9c1
f9d6
fa1a
fa18
f8f5
f65c
f279
ee5f
eb13
e9f1
eae1
edba
f166
f4dc
f723
f8ac
fa56
fd62
01a2
0600
0977
0b1a
0a8a
077e
0315
ff4a
fd10
fc61
fc49
fcbf
fcd8
fd07
fd4b
feef
02b0
0850
0e32
1345
168b
1798
1686
1460
1229
1063
0ea6
0c8e
0a33
073a
0356
ff26
fc8e
fcdb
ff6d
0328
068e
0918
09df
09db
0917
08f6
096f
0a03
09ce
07fd
0449
feed
f97e
f49a
f1af
f0b4
f192
f2d5
f38d
f3bc
f36a
f381
f4d8
f833
fc05
ff4a
002f
fed3
fb67
f705
f2c0
ef98
ee05
ed8b
edab
ed0b
ebbb
eab1
eb41
ee2d
f338
f9a8
ffe3
046b
06c6
0704
05b5
044c
0428
04c3
04bf
0344
0076
fcf0
f9ba
f7ca
f7fa
fa96
fef4
0383
073c
099f
0b1e
0c9b
0eec
11ef
14a1
1682
1721
15ab
116e
0b98
06a2
03f6
0314
0307
02e1
02a6
0258
01fb
0273
041f
07bd
0c33
0fff
11bf
10a3
0d53
08ed
04f5
0184
fead
fc0d
f946
f5ff
f25d
eef1
ed23
edc9
f0b5
f45b
f824
fb0e
fc31
fb9f
fa58
f9c3
f9d8
fa1b
fa18
f8f4
f65a
f277
ee5d
eb10
e9ef
eae1
edbc
f16a
f4e2
f72b
f8b4
fa5f
fd6c
01ab
0609
097f
0b21
0a8f
0781
0317
ff4b
fd11
fc61
fc48
fcbe
fcd5
fd04
fd46
fee9
02aa
0849
0e2a
133a
1680
178b
167a
1454
121e
105a
0e9e
0c89
0a31
073c
035c
ff2e
fc98
fce7
ff78
0333
0699
0922
09e9
09e4
091f
08fc
0972
0a04
09cc
07f9
03a7
ff0d
fa64
f631
f3af
f2d7
f396
f4ab
f54a
f573
f52d
f541
f66a
f94b
fc93
ff61
0025
fefb
fc0c
f84a
f4a2
f1ed
f094
f02b
f047
efbf
eea0
edbe
ee3b
f0be
f511
fa96
ffee
03cf
05d4
0609
04ea
03b4
0393
0417
0412
02cc
0063
fd5c
fa9a
f8ef
f916
fb51
ff0d
02f5
0626
0832
097b
0ac3
0cc0
0f56
11a8
1347
13d1
1293
0ef3
09f5
05b6
036d
01c8
01c1
01ac
018b
015e
0129
016e
0262
0474
0700
092b
0a2a
0987
07a1
051c
02d6
00dd
ff3c
fdbb
fc23
fa43
f82e
f639
f531
f590
f73c
f953
fb7d
fd29
fdd0
fd7e
fcc5
fc71
fc7e
fca6
fca5
fbff
fa82
f849
f5f0
f40d
f368
f3f1
f591
f7ab
f9a5
faf2
fbd2
fcc5
fe82
00ef
036e
0568
0657
0604
0446
01c0
ff94
fe4e
fdea
fddc
fe1f
fe2d
fe48
ff37
ffaf
00c2
025e
040c
057f
066e
06bb
066d
05d0
052e
04ad
042e
0395
02e9
0211
00f5
ffc3
ff05
ff1b
ffd7
00e8
01e0
0299
02d2
02d1
0299
028f
02b1
02db
02cc
0247
0137
ffaf
fe22
fcbc
fbe6
fb9e
fbde
fc3a
fc6e
fc7c
fc64
fc6b
fcce
fdc4
fedc
ffcb
0000
0000
0000
0000
0000
0000
0000
0000
0000
0000
0000
0000
0000
0000
0000
0000
0000
0000
0000
0000
0000
0000
0000
0000
0000
0000
0000
0000
0000
0000
0000
0000
0000
0000
0000
0000
0000
0000
0000
0000
0000
0000
0000
0000
0000
0000
0000
0000
0000
0000
0000
0000
0000
0000
0000
0000
0000
0000
0000
0000
0000
0000
0000
0000
0000
0000
0000
0000
0000
0000
0000
0000
0000
0000
0000
0000
0000
0000
0000
0000
0000
0000
0000
0000
0000
0000
0000
0000
0000
0000
0000
0000
0000
0000
0000
0000
0000
0000
0000
0000
0000
0000
0000
0000
0000
0000
0000
0000
0000
0000
0000
0000
0000
0000
0000
0000
0000
0000
0000
0000
0000
0000
0000
0000
0000
0000
0000
0000
0000
0000
0000
0000
0000
0000
0000
0000
0000
0000
0000
0000
0000
0000
0000
0000
0000
0000
0000
0000
0000
0000
0000
0000
0000
0000
0000
0000
0000
0000
0000
0000
0000
0000
0000
0000
0000
0000
0000
0000
0000
0000
0000
0000
0000
0000
0000
0000
0000
0000
0000
0000
0000
0000
0000
0000
0000
0000
0000
0000
0000
0000
0000
0000
0000
0000
0000
0000
0000
0000
0000
0000
0000
0000
0000
0000
0000
0000
0000
0000
0000
0000
0000
0000
0000
0000
0000
0000
0000
0000
0000
0000
0000
0000
0000
0000
0000
0000
0000
0000
0000
0000
0000
0000
0000
0000
0000
0000
0000
0000
0000
0000
0000
0000
0000
0000
0000
0000
0000
0000
0000
0000
0000
0000
0000
0000
0000
0000
0000
0000
0000
0000
0000
0000
0000
0000
0000
0000
0000
0000
0000
0000
0000
0000
0000
0000
0000
0000
0000
0000
0000
0000
0000
0000
0000
0000
0000
0000
0000
0000
0000
0000
0000
0000
0000
0000
0000
0000
0000
0000
0000
0000
0000
0000
0000
0000
0000
0000
0000
0000
0000
0000
0000
0000
0000
0000
0000
0000
0000
0000
0000
0000
0000
0000
0000
0000
0000
0000
0000
0000
0000
0000
0000
0000
0000
0000
0000
0000
0000
0000
0000
0000
0000
0000
0000
0000
0000
0000
0000
0000
0000
0000
0000
0000
0000
0000
0000
0000
0000
0000
0000
0000
0000
0000
0000
0000
0000
0000
0000
0000
0000
0000
0000
0000
0000
0000
0000
0000
0000
0000
0000
0000
0000
0000
0000
0000
0000
0000
0000
0000
0000
0000
0000
0000
0000
0000
0000
0000
0000
0000
0000
0000
0000
0000
0000
0000
0000
0000
0000
0000
0000
0000
0000
0000
0000
0000
0000
0000
0000
0000
0000
0000
0000
0000
0000
0000
0000
0000
0000
0000
0000
0000
0000
0000
0000
0000
0000
0000
0000
0000
0000
0000
0000
0000
0000
0000
0000
0000
0000
0000
0000
0000
0000
0000
0000
0000
0000
0000
0000
0000
0000
0000
0000
0000
0000
0000
0000
0000
0000
0000
0000
0000
0000
0000
0000
0000
0000
0000
0000
0000
0000
0000
0000
0000
0000
0000
0000
0000
0000
0000
0000
0000
0000
0000
0000
0000
0000
0000
0000
0000
0000
0000
0000
0000
0000
0000
0000
0000
0000
0000
0000
0000
0000
0000
0000
0000
0000
0000
0000
0000
0000
0000
0000
0000
0000
0000
0000
0000
0000
0000
0000
0000
0000
0000
0000
0000
0000
0000
0000
0000
0000
0000
0000
0000
0000
0000
0000
0000
0000
0000
0000
0000
0000
0000
0000
0000
0000
0000
0000
0000
0000
0000
0000
0000
0000
0000
0000
0000
0000
0000
0000
0000
0000
0000
0000
0000
0000
0000
0000
0000
0000
0000
0000
0000
0000
0000
0000
0000
0000
0000
0000
0000
0000
0000
0000
0000
0000
0000
0000
0000
0000
0000
0000
0000
0000
0000
0000
0000
0000
0000
0000
0000
0000
0000
0000
0000
0000
0000
0000
0000
0000
0000
0000
0000
0000
0000
0000
0000
0000
0000
0000
0000
0000
0000
0000
0000
0000
0000
0000
0000
0000
0000
0065
fd7c
f626
ecc2
e39c
dcd9
d979
d873
d8b8
d761
d491
d257
d38c
d9cf
e49d
f268
ffc2
0978
0e84
0f09
0c3b
0936
08e8
0a35
0a2c
0700
00fd
f970
f28f
ee68
eecf
f467
fdc2
0787
0f81
149e
17d3
1b04
1ffa
266e
2c35
303c
3190
2e6f
255a
18d9
0e37
087d
0699
067d
062c
05ad
0506
043f
0540
08d5
1096
1a25
2248
2607
23a7
1c8e
1321
0aa0
0309
fd5a
f81a
f28c
ebff
e4bb
dde3
da47
db92
e16a
e8b7
f048
f61d
f862
f73e
f4b1
f386
f3b0
f437
f431
f1e9
ecb5
e4ee
dcba
d621
d3df
d5c2
db78
e2d4
e9c5
ee56
f169
f4bf
fad8
0357
0c12
12ff
1643
151f
0f03
062f
fe97
fa22
f8c2
f891
f97c
f9ab
fa08
fa8d
fdd3
0555
1092
1c54
2675
2d00
2f17
2cf4
28a9
243c
20b4
1d3c
1913
1462
0e78
063d
fe7a
f9ad
fa3f
ff04
05f2
0c41
10f7
1268
125e
10f1
10b0
118b
129a
1232
0ecf
07ea
fdf3
f3d9
eac1
e552
e37e
e51a
e774
e8cb
e924
e88d
e8b9
eb3b
f178
f894
fea7
0051
fdcc
f76f
ef4c
e75f
e183
de97
ddb4
ddf0
dcc8
da5b
d871
d980
def1
e851
f446
ffd9
0842
0ca1
0d15
0aa6
0807
07c0
08de
08d2
060f
00d6
fa47
f44e
f0b0
f105
f5db
fdf3
0669
0d52
11c2
148c
1752
1ba0
213a
2641
29c4
2aef
283e
2064
1593
0c60
076d
05cb
05b4
0570
0503
0473
03c6
04a5
07c0
0e79
16c1
1dcd
2108
1ef6
18cc
109c
0939
02cf
fd84
f89f
f371
ed59
e697
e03a
dce0
de14
e383
ea4d
f157
f6c5
f8e4
f7d9
f580
f553
f57a
f5f2
f5f0
f3fd
ef87
e8db
e1d1
dc28
da38
dbd3
e0b4
e701
ecef
f0d6
f376
f64f
fb87
02ce
0a4a
1039
1306
120d
0cd2
0541
febd
faeb
f9be
f994
fa5e
fa88
fad9
fb4d
fe1e
0490
0e34
1849
20fa
2697
2863
268e
22e0
1f15
1c0e
1915
1582
117a
0c66
05be
fe92
fa22
faa6
ff0b
0570
0b41
0f9a
10f0
10e7
0f96
0f5b
1029
1126
10c9
0daa
06b2
fe45
f5bb
ee0a
e972
e7e7
e945
eb40
ec61
ecab
ec2a
ec4f
ee6e
f3b6
f9ba
fedf
004a
fe29
f8c9
f1e6
eb32
e63e
e3c6
e305
e337
e23a
e02a
de88
df6b
e402
ebef
f60c
ffd5
06f1
0aa3
0b04
08f4
06bc
0681
0774
076a
0514
00aa
fb20
f615
f30a
f355
f771
fe76
04fb
0a4e
0db9
0fde
1200
1550
199e
1d7a
202b
210e
1efa
18ee
109b
0988
05b9
0479
0468
0435
03e3
0375
02f0
039b
05fd
0b28
1185
16ee
1967
17cd
130d
0cbf
070f
0221
fe0f
fa4e
f656
f1aa
ec7a
e798
e507
e5f4
ea22
ef5a
f4c3
f8ee
fa8d
f9bc
f7ea
f714
f732
f793
f791
f5f1
f23b
ecad
e6d1
e21b
e07d
e1d4
e5e5
eb25
f016
f356
f588
f7e8
fc43
0255
0893
0d86
0fdd
0f0f
0ab4
0467
fefc
fbce
fad4
fab2
fb5b
fb7e
fbc1
fc22
fe7a
03d7
0be0
1448
1b87
2035
21b4
202d
1d1c
19f2
1769
14ed
11f0
0e92
0a53
04c5
fec8
fb15
fb83
ff2e
0483
095d
0cfe
0e1b
0e15
0cfd
0ccd
0d7a
0e4e
0e02
0b6a
061f
fe77
f6b5
efb8
eb8d
ea26
eb63
ed31
ee37
ee7b
ee05
ee26
f011
f4db
fa51
fefc
003c
fe7e
fa16
f474
eef7
eae9
e8e2
e845
e86e
e7a0
e5f0
e49a
e554
e916
ef91
f7d8
ffda
05ae
08b5
0905
0756
0587
0558
0620
061a
0433
0097
fc10
f7ef
f571
f5af
f90b
fea7
0484
094d
0c5e
0e4b
1036
132f
170e
1a86
1cf1
1dbc
1bdc
1669
0ee9
0887
0517
0385
0376
034b
0307
02ae
0244
02cd
04b6
08d9
0df2
1249
1448
1304
0f3b
0a34
05ab
01bc
fe7d
fb7d
f850
f492
f06b
ec82
ea72
eb2f
ee86
f2b2
f705
fa5a
fba6
faff
f98a
f8df
f8f7
f944
f941
f7f3
f4fa
f088
ebd8
e813
e6c9
e7dd
eb20
ef55
f34c
f5e8
f7aa
f992
fd0e
01e9
06e6
0adb
0cb9
0c12
0894
0389
ff32
fca6
fbdd
fbc1
fc47
fc62
fc97
fce3
fec2
030c
0978
1030
15fa
19b7
1ae9
19b0
173c
14b5
12b0
10b5
0e54
0ba6
0845
03d7
ff10
fc1c
fc76
ff65
03a9
078b
0a71
0b54
0b4e
0a6d
0a45
0acc
0b73
0b33
091d
04df
febd
f886
f2ed
ef95
ee75
ef73
f0e5
f1b8
f1ef
f192
f1ad
f338
f70f
fb6f
ff2c
0032
fea5
fabb
f5b9
f0d8
ed3d
eb71
eae5
eb0a
ea54
e8d6
e7a8
e84f
eba8
f16d
f8c9
ffe8
0515
07c6
080d
068e
04f1
04c5
0575
056e
03bb
0084
fc7b
f8ce
f694
f6c8
f9c2
febd
03f2
0833
0aee
0ca5
0e5a
1100
1473
178b
19b4
1a6c
18c4
13ef
0d47
079e
0492
0391
0383
0359
0316
02bd
0253
02dc
04c5
08e8
0e01
1257
1454
130e
0f43
0a39
05ad
01bb
fe79
fb76
f846
f486
f05d
ec73
ea63
eb20
ee78
f2a6
f6fb
fa52
fba0
fafc
f98a
f8e2
f8fc
f94c
f94b
f7fe
f505
f092
ebe1
e81b
e6d0
e7e2
eb23
ef56
f34a
f5e4
f7a4
f98a
fd05
01df
06dc
0ad1
0caf
0c09
088c
0381
ff29
fc9d
fbd4
fbb8
fc3f
fc5b
fc91
fcde
febf
030b
0978
1031
15fc
19ba
1aed
19b4
1740
14b9
12b4
10b9
0e57
0ba7
0844
03d4
ff0c
fc17
fc6f
ff5d
03a0
0781
0a67
0b4b
0b45
0a64
0a3d
0ac6
0b6f
0b31
091c
04df
febe
f888
f2f0
ef99
ee7a
ef78
f0e9
f1bb
f1f1
f193
f1ae
f339
f710
fb70
ff2e
0036
feaa
fac1
f5bf
f0df
ed45
eb79
eaed
eb11
ea59
e8d9
e7a9
e84e
eba5
f168
f8c3
ffe1
050d
07bd
0803
0683
04e6
04bb
056c
0565
03b2
007c
fc75
f8ca
f693
f6ca
f9c7
fec5
03fc
083f
0afb
0cb2
0e67
110d
147f
1795
19bc
1a72
18c8
13f2
0d49
07a0
0494
0394
0387
035e
031c
02c4
025a
02e3
04cb
08ed
0e04
1258
1453
130b
0f3e
0a33
05a6
01b4
fe73
fb72
f845
f488
f062
ec7a
ea6c
eb2a
ee82
f2af
f703
fa58
fba4
fafd
f988
f8dd
f8f5
f943
f941
f7f4
f4fc
f08b
ebdb
e816
e6cb
e7dd
eb1e
ef51
f345
f5df
f7a0
f987
fd03
01de
06dc
0ad2
0cb1
0c0c
0890
0386
ff30
fca5
fbdd
fbc2
fc49
fc65
fc9b
fce8
fec8
0313
0980
103a
1606
19c4
1af7
19be
174a
14c2
12bb
10be
0e5a
0ba8
0843
03d1
ff07
fc11
fc69
ff58
039c
077e
0a65
0b49
0b44
0a64
0a3e
0ac8
0b72
0b35
0922
04e6
fec6
f891
f2fa
efa4
ee85
ef83
f0f4
f1c6
f1fc
f19e
f1b8
f341
f716
fb74
ff30
0036
fea9
fabf
f5bd
f0dc
ed41
eb74
eae8
eb0d
ea56
e8d6
e7a6
e84b
eba2
f165
f8c0
ffdf
050d
07be
0805
0686
04ea
04c0
0572
056d
03bc
0087
fc80
f8d5
f69e
f6d5
f9d1
fece
0404
0845
0aff
0cb5
0e69
110e
147f
1794
19ba
1a6f
18c4
13ec
0d41
0795
0487
0385
0376
034b
0307
02ae
0244
02cd
04b6
08d9
0df2
1249
1448
1304
0f3b
0a34
05ab
01bc
fe7d
fb7d
f850
f492
f06b
ec82
ea72
eb2f
ee86
f2b2
f705
fa5a
fba6
faff
f98a
f8df
f8f7
f944
f941
f7f3
f4fa
f088
ebd8
e813
e6c9
e7dd
eb20
ef55
f34c
f5e8
f7aa
f992
fd0e
01e9
06e6
0adb
0cb9
0c12
0894
0389
ff32
fca6
fbdd
fbc1
fc47
fc62
fc97
fce3
fec2
030c
0978
1030
15fa
19b7
1ae9
19b0
173c
14b5
12b0
10b5
0e54
0ba6
0845
03d7
ff10
fc1c
fc76
ff65
03a9
078b
0a71
0b54
0b4e
0a6d
0a45
0acc
0b73
0b33
091d
04df
febd
f886
f2ed
ef95
ee75
ef73
f0e5
f1b8
f1ef
f192
f1ad
f338
f70f
fb6f
ff2c
0032
fea5
fabb
f5b9
f0d8
ed3d
eb71
eae5
eb0a
ea54
e8d6
e7a8
e84f
eba8
f16d
f8c9
ffe8
0515
07c6
080d
068e
04f1
04c5
0575
056e
03bb
0084
fc7b
f8ce
f694
f6c8
f9c2
febd
03f2
0833
0aee
0ca5
0e5a
1100
1473
178b
19b4
1a6c
18c4
13ef
0d47
079e
0492
0391
0383
0359
0316
02bd
0253
02dc
04c5
08e8
0e01
1257
1454
130e
0f43
0a39
05ad
01bb
fe79
fb76
f846
f486
f05d
ec73
ea63
eb20
ee78
f2a6
f6fb
fa52
fba0
fafc
f98a
f8e2
f8fc
f94c
f94b
f7fe
f505
f092
ebe1
e81b
e6d0
e7e2
eb23
ef56
f34a
f5e4
f7a4
f98a
fd05
01df
06dc
0ad1
0caf
0c09
088c
0381
ff29
fc9d
fbd4
fbb8
fc3f
fc5b
fc91
fcde
febf
030b
0978
1031
15fc
19ba
1aed
19b4
1740
14b9
12b4
10b9
0e57
0ba7
0844
03d4
ff0c
fc17
fc6f
ff5d
03a0
0781
0a67
0b4b
0b45
0a64
0a3d
0ac6
0b6f
0b31
091c
04df
febe
f888
f2f0
ef99
ee7a
ef78
f0e9
f1bb
f1f1
f193
f1ae
f339
f710
fb70
ff2e
0036
feaa
fac1
f5bf
f0df
ed45
eb79
eaed
eb11
ea59
e8d9
e7a9
e84e
eba5
f168
f8c3
ffe1
050d
07bd
0803
0683
04e6
04bb
056c
0565
03b2
007c
fc75
f8ca
f693
f6ca
f9c7
fec5
03fc
083f
0afb
0cb2
0e67
110d
147f
1795
19bc
1a72
18c8
13f2
0d49
07a0
0494
0394
0387
035e
031c
02c4
025a
02e3
04cb
08ed
0e04
1258
1453
130b
0f3e
0a33
05a6
01b4
fe73
fb72
f845
f488
f062
ec7a
ea6c
eb2a
ee82
f2af
f703
fa58
fba4
fafd
f988
f8dd
f8f5
f943
f941
f7f4
f4fc
f08b
ebdb
e816
e6cb
e7dd
eb1e
ef51
f345
f5df
f7a0
f987
fd03
01de
06dc
0ad2
0cb1
0c0c
0890
0386
ff30
fca5
fbdd
fbc2
fc49
fc65
fc9b
fce8
fec8
0313
0980
103a
1606
19c4
1af7
19be
174a
14c2
12bb
10be
0e5a
0ba8
0843
03d1
ff07
fc11
fc69
ff58
039c
077e
0a65
0b49
0b44
0a64
0a3e
0ac8
0b72
0b35
0922
04e6
fec6
f891
f2fa
efa4
ee85
ef83
f0f4
f1c6
f1fc
f19e
f1b8
f341
f716
fb74
ff30
0036
fea9
fabf
f5bd
f0dc
ed41
eb74
eae8
eb0d
ea56
e8d6
e7a6
e84b
eba2
f165
f8c0
ffdf
050d
07be
0805
0686
04ea
04c0
0572
056d
03bc
0087
fc80
f8d5
f69e
f6d5
f9d1
fece
0404
0845
0aff
0cb5
0e69
110e
147f
1794
19ba
1a6f
18c4
13ec
0d41
0795
0487
0385
0376
034b
0307
02ae
0244
02cd
04b6
08d9
0df2
1249
1448
1304
0f3b
0a34
05ab
01bc
fe7d
fb7d
f850
f492
f06b
ec82
ea72
eb2f
ee86
f2b2
f705
fa5a
fba6
faff
f98a
f8df
f8f7
f944
f941
f7f3
f4fa
f088
ebd8
e813
e6c9
e7dd
eb20
ef55
f34c
f5e8
f7aa
f992
fd0e
01e9
06e6
0adb
0cb9
0c12
0894
0389
ff32
fca6
fbdd
fbc1
fc47
fc62
fc97
fce3
fec2
030c
0978
1030
15fa
19b7
1ae9
19b0
173c
14b5
12b0
10b5
0e54
0ba6
0845
03d7
ff10
fc1c
fc76
ff65
03a9
078b
0a71
0b54
0b4e
0a6d
0a45
0acc
0b73
0b33
091d
04df
febd
f886
f2ed
ef95
ee75
ef73
f0e5
f1b8
f1ef
f192
f1ad
f338
f70f
fb6f
ff2c
0032
fea5
fabb
f5b9
f0d8
ed3d
eb71
eae5
eb0a
ea54
e8d6
e7a8
e84f
eba8
f16d
f8c9
ffe8
0515
07c6
080d
068e
04f1
04c5
0575
056e
03bb
0084
fc7b
f8ce
f694
f6c8
f9c2
febd
03f2
0833
0aee
0ca5
0e5a
1100
1473
178b
19b4
1a6c
18c4
13ef
0d47
079e
0492
0391
0383
0359
0316
02bd
0253
02dc
04c5
08e8
0e01
1257
1454
130e
0f43
0a39
05ad
01bb
fe79
fb76
f846
f486
f05d
ec73
ea63
eb20
ee78
f2a6
f6fb
fa52
fba0
fafc
f98a
f8e2
f8fc
f94c
f94b
f7fe
f505
f092
ebe1
e81b
e6d0
e7e2
eb23
ef56
f34a
f5e4
f7a4
f98a
fd05
01df
06dc
0ad1
0caf
0c09
088c
0381
ff29
fc9d
fbd4
fbb8
fc3f
fc5b
fc91
fcde
febf
030b
0978
1031
15fc
19ba
1aed
19b4
1740
14b9
12b4
10b9
0e57
0ba7
0844
03d4
ff0c
fc17
fc6f
ff5d
03a0
0781
0a67
0b4b
0b45
0a64
0a3d
0ac6
0b6f
0b31
091c
04df
febe
f888
f2f0
ef99
ee7a
ef78
f0e9
f1bb
f1f1
f193
f1ae
f339
f710
fb70
ff2e
0036
feaa
fac1
f5bf
f0df
ed45
eb79
eaed
eb11
ea59
e8d9
e7a9
e84e
eba5
f168
f8c3
ffe1
050d
07bd
0803
0683
04e6
04bb
056c
0565
03b2
007c
fc75
f8ca
f693
f6ca
f9c7
fec5
03fc
083f
0afb
0cb2
0e67
110d
147f
1795
19bc
1a72
18c8
13f2
0d49
07a0
0494
0394
0387
035e
031c
02c4
025a
02e3
04cb
08ed
0e04
1258
1453
130b
0f3e
0a33
05a6
01b4
fe73
fb72
f845
f488
f062
ec7a
ea6c
eb2a
ee82
f2af
f703
fa58
fba4
fafd
f988
f8dd
f8f5
f943
f941
f7f4
f4fc
f08b
ebdb
e816
e6cb
e7dd
eb1e
ef51
f345
f5df
f7a0
f987
fd03
01de
06dc
0ad2
0cb1
0c0c
0890
0386
ff30
fca5
fbdd
fbc2
fc49
fc65
fc9b
fce8
fec8
0313
0980
103a
1606
19c4
1af7
19be
174a
14c2
12bb
10be
0e5a
0ba8
0843
03d1
ff07
fc11
fc69
ff58
039c
077e
0a65
0b49
0b44
0a64
0a3e
0ac8
0b72
0b35
0922
04e6
fec6
f891
f2fa
efa4
ee85
ef83
f0f4
f1c6
f1fc
f19e
f1b8
f341
f716
fb74
ff30
0036
fea9
fabf
f5bd
f0dc
ed41
eb74
eae8
eb0d
ea56
e8d6
e7a6
e84b
eba2
f165
f8c0
ffdf
050d
07be
0805
0686
04ea
04c0
0572
056d
03bc
0087
fc80
f8d5
f69e
f6d5
f9d1
fece
0404
0845
0aff
0cb5
0e69
110e
147f
1794
19ba
1a6f
18c4
13ec
0d41
0795
0487
0385
0376
034b
0307
02ae
0244
02cd
04b6
08d9
0df2
1249
1448
1304
0f3b
0a34
05ab
01bc
fe7d
fb7d
f850
f492
f06b
ec82
ea72
eb2f
ee86
f2b2
f705
fa5a
fba6
faff
f98a
f9c3
f9d8
fa1b
fa18
f8f4
f65a
f277
ee5d
eb10
e9ef
eae1
edbc
f16a
f4e2
f72b
f8b4
fa5f
fd6c
01ab
0609
097f
0b21
0a8f
0781
0317
ff4b
fd11
fc61
fc48
fcbe
fcd5
fd04
fd46
fee9
02aa
0849
0e2a
133a
1680
178b
167a
1454
121e
105a
0e9e
0c89
0a31
073c
035c
ff2e
fc98
fce7
ff78
0333
0699
0922
09e9
09e4
091f
08fc
0972
0a04
09cc
07f9
0443
fee5
f975
f48f
f1a2
f0a6
f184
f2c8
f381
f3b1
f35f
f377
f4d1
f82d
fc01
ff46
002b
fed0
fb63
f701
f2bd
ef95
ee02
ed88
eda8
ed09
ebbb
eab3
eb45
ee33
f33f
f9af
ffeb
0472
06cd
070b
05bc
0452
042c
04c6
04c0
0343
0073
fceb
f9b4
f7c1
f7ef
fa89
fee5
0373
072c
0990
0b10
0c8e
0ee0
11e4
1499
167d
171e
15ab
1171
0b9e
06aa
03ff
031e
0312
02ed
02b3
0265
0208
0280
042c
07cb
0c40
100c
11c9
10ac
0d5a
08f1
04f7
0183
fea9
fc07
f93d
f5f5
f251
eee4
ed16
edbc
f0a9
f451
f81b
fb07
fc2c
fb9c
fa58
f9c5
f9dc
fa22
fa21
f8fe
f664
f27f
ee64
eb17
e9f6
eae5
edbe
f16b
f4e0
f727
f8af
fa58
fd64
01a3
0600
0976
0b19
0a87
077a
0310
ff43
fd09
fc59
fc41
fcb7
fccf
fcfe
fd42
fee7
02a9
0849
0e2a
133c
1682
178f
167d
1458
1221
105d
0ea1
0c8c
0a32
073b
0359
ff2a
fc94
fce1
ff71
032c
0690
091a
09e1
09dc
0917
08f5
096d
0a01
09ca
07f8
0443
fee6
f977
f492
f1a5
f0aa
f189
f2cb
f383
f3b2
f360
f378
f4d1
f82e
fc02
ff48
002f
fed4
fb68
f707
f2c3
ef9c
ee09
ed8f
edae
ed0d
ebbd
eab3
eb44
ee30
f33b
f9aa
ffe4
046b
06c5
0702
05b2
0449
0423
04be
04b8
033b
006c
fce6
f9b0
f7c0
f7f0
fa8e
feec
037c
0737
099b
0b1b
0c9a
0eeb
11ef
14a2
1684
1723
15af
1173
0b9f
06ac
0401
0321
0316
02f2
02b8
026b
020e
0286
0431
07cf
0c43
100d
11c8
10a9
0d56
08ec
04f1
017d
fea4
fc03
f93c
f5f7
f255
eeea
ed1e
edc4
f0b1
f459
f822
fb0d
fc2f
fb9d
fa57
f9c1
f9d6
fa1a
fa18
f8f5
f65c
f279
ee5f
eb13
e9f1
eae1
edba
f166
f4dc
f723
f8ac
fa56
fd62
01a2
0600
0977
0b1a
0a8a
077e
0315
ff4a
fd10
fc61
fc49
fcbf
fcd8
fd07
fd4b
feef
02b0
0850
0e32
1345
168b
1798
1686
1460
1229
1063
0ea6
0c8e
0a33
073a
0356
ff26
fc8e
fcdb
ff6d
0328
068e
0918
09df
09db
0917
08f6
096f
0a03
09ce
07fd
0449
feed
f97e
f49a
f1af
f0b4
f192
f2d5
f38d
f3bc
f36a
f381
f4d8
f833
fc05
ff4a
002f
fed3
fb67
f705
f2c0
ef98
ee05
ed8b
edab
ed0b
ebbb
eab1
eb41
ee2d
f338
f9a8
ffe3
046b
06c6
0704
05b5
044c
0428
04c3
04bf
0344
0076
fcf0
f9ba
f7ca
f7fa
fa96
fef4
0383
073c
099f
0b1e
0c9b
0eec
11ef
14a1
1682
1721
15ab
116e
0b98
06a2
03f6
0314
0307
02e1
02a6
0258
01fb
0273
041f
07bd
0c33
0fff
11bf
10a3
0d53
08ed
04f5
0184
fead
fc0d
f946
f5ff
f25d
eef1
ed23
edc9
f0b5
f45b
f824
fb0e
fc31
fb9f
fa58
f9c3
f9d8
fa1b
fa18
f8f4
f65a
f277
ee5d
eb10
e9ef
eae1
edbc
f16a
f4e2
f72b
f8b4
fa5f
fd6c
01ab
0609
097f
0b21
0a8f
0781
0317
ff4b
fd11
fc61
fc48
fcbe
fcd5
fd04
fd46
fee9
02aa
0849
0e2a
133a
1680
178b
167a
1454
121e
105a
0e9e
0c89
0a31
073c
035c
ff2e
fc98
fce7
ff78
0333
0699
0922
09e9
09e4
091f
08fc
0972
0a04
09cc
07f9
0443
fee5
f975
f48f
f1a2
f0a6
f184
f2c8
f381
f3b1
f35f
f377
f4d1
f82d
fc01
ff46
002b
fed0
fb63
f701
f2bd
ef95
ee02
ed88
eda8
ed09
ebbb
eab3
eb45
ee33
f33f
f9af
ffeb
0472
06cd
070b
05bc
0452
042c
04c6
04c0
0343
0073
fceb
f9b4
f7c1
f7ef
fa89
fee5
0373
072c
0990
0b10
0c8e
0ee0
11e4
1499
167d
171e
15ab
1171
0b9e
06aa
03ff
031e
0312
02ed
02b3
0265
0208
0280
042c
07cb
0c40
100c
11c9
10ac
0d5a
08f1
04f7
0183
fea9
fc07
f93d
f5f5
f251
eee4
ed16
edbc
f0a9
f451
f81b
fb07
fc2c
fb9c
fa58
f9c5
f9dc
fa22
fa21
f8fe
f664
f27f
ee64
eb17
e9f6
eae5
edbe
f16b
f4e0
f727
f8af
fa58
fd64
01a3
0600
0976
0b19
0a87
077a
0310
ff43
fd09
fc59
fc41
fcb7
fccf
fcfe
fd42
fee7
02a9
0849
0e2a
133c
1682
178f
167d
1458
1221
105d
0ea1
0c8c
0a32
073b
0359
ff2a
fc94
fce1
ff71
032c
0690
091a
09e1
09dc
0917
08f5
096d
0a01
09ca
07f8
0443
fee6
f977
f492
f1a5
f0aa
f189
f2cb
f383
f3b2
f360
f378
f4d1
f82e
fc02
ff48
002f
fed4
fb68
f707
f2c3
ef9c
ee09
ed8f
edae
ed0d
ebbd
eab3
eb44
ee30
f33b
f9aa
ffe4
046b
06c5
0702
05b2
0449
0423
04be
04b8
033b
006c
fce6
f9b0
f7c0
f7f0
fa8e
feec
037c
0737
099b
0b1b
0c9a
0eeb
11ef
14a2
1684
1723
15af
1173
0b9f
06ac
0401
0321
0316
02f2
02b8
026b
020e
0286
0431
07cf
0c43
100d
11c8
10a9
0d56
08ec
04f1
017d
fea4
fc03
f93c
f5f7
f255
eeea
ed1e
edc4
f0b1
f459
f822
fb0d
fc2f
fb9d
fa57
f9c1
f9d6
fa1a
fa18
f8f5
f65c
f279
ee5f
eb13
e9f1
eae1
edba
f166
f4dc
f723
f8ac
fa56
fd62
01a2
0600
0977
0b1a
0a8a
077e
0315
ff4a
fd10
fc61
fc49
fcbf
fcd8
fd07
fd4b
feef
02b0
0850
0e32
1345
168b
1798
1686
1460
1229
1063
0ea6
0c8e
0a33
073a
0356
ff26
fc8e
fcdb
ff6d
0328
068e
0918
09df
09db
0917
08f6
096f
0a03
09ce
07fd
0449
feed
f97e
f49a
f1af
f0b4
f192
f2d5
f38d
f3bc
f36a
f381
f4d8
f833
fc05
ff4a
002f
fed3
fb67
f705
f2c0
ef98
ee05
ed8b
edab
ed0b
ebbb
eab1
eb41
ee2d
f338
f9a8
ffe3
046b
06c6
0704
05b5
044c
0428
04c3
04bf
0344
0076
fcf0
f9ba
f7ca
f7fa
fa96
fef4
0383
073c
099f
0b1e
0c9b
0eec
11ef
14a1
1682
1721
15ab
116e
0b98
06a2
03f6
0314
0307
02e1
02a6
0258
01fb
0273
041f
07bd
0c33
0fff
11bf
10a3
0d53
08ed
04f5
0184
fead
fc0d
f946
f5ff
f25d
eef1
ed23
edc9
f0b5
f45b
f824
fb0e
fc31
fb9f
fa58
f9c3
f9d8
fa1b
fa18
f8f4
f65a
f277
ee5d
eb10
e9ef
eae1
edbc
f16a
f4e2
f72b
f8b4
fa5f
fd6c
01ab
0609
097f
0b21
0a8f
0781
0317
ff4b
fd11
fc61
fc48
fcbe
fcd5
fd04
fd46
fee9
02aa
0849
0e2a
133a
1680
178b
167a
1454
121e
105a
0e9e
0c89
0a31
073c
035c
ff2e
fc98
fce7
ff78
0333
0699
0922
09e9
09e4
091f
08fc
0972
0a04
09cc
07f9
0443
fee5
f975
f48f
f1a2
f0a6
f184
f2c8
f381
f3b1
f35f
f377
f4d1
f82d
fc01
ff46
002b
fed0
fb63
f701
f2bd
ef95
ee02
ed88
eda8
ed09
ebbb
eab3
eb45
ee33
f33f
f9af
ffeb
0472
06cd
070b
05bc
0452
042c
04c6
04c0
0343
0073
fceb
f9b4
f7c1
f7ef
fa89
fee5
0373
072c
0990
0b10
0c8e
0ee0
11e4
1499
167d
171e
15ab
1171
0b9e
06aa
03ff
031e
0312
02ed
02b3
0265
0208
0280
042c
07cb
0c40
100c
11c9
10ac
0d5a
08f1
04f7
0183
fea9
fc07
f93d
f5f5
f251
eee4
ed16
edbc
f0a9
f451
f81b
fb07
fc2c
fb9c
fa58
f9c5
f9dc
fa22
fa21
f8fe
f664
f27f
ee64
eb17
e9f6
eae5
edbe
f16b
f4e0
f727
f8af
fa58
fd64
01a3
0600
0976
0b19
0a87
077a
0310
ff43
fd09
fc59
fc41
fcb7
fccf
fcfe
fd42
fee7
02a9
0849
0e2a
133c
1682
178f
167d
1458
1221
105d
0ea1
0c8c
0a32
073b
0359
ff2a
fc94
fce1
ff71
032c
0690
091a
09e1
09dc
0917
08f5
096d
0a01
09ca
07f8
0443
fee6
f977
f492
f1a5
f0aa
f189
f2cb
f383
f3b2
f360
f378
f4d1
f82e
fc02
ff48
002f
fed4
fb68
f707
f2c3
ef9c
ee09
ed8f
edae
ed0d
ebbd
eab3
eb44
ee30
f33b
f9aa
ffe4
046b
06c5
0702
05b2
0449
0423
04be
04b8
033b
006c
fce6
f9b0
f7c0
f7f0
fa8e
feec
037c
0737
099b
0b1b
0c9a
0eeb
11ef
14a2
1684
1723
15af
1173
0b9f
06ac
0401
0321
0316
02f2
02b8
026b
020e
0286
0431
07cf
0c43
100d
11c8
10a9
0d56
08ec
04f1
017d
fea4
fc03
f93c
f5f7
f255
eeea
ed1e
edc4
f0b1
f459
f822
fb0d
fc2f
fb9d
fa57
f9c1
f9d6
fa1a
fa18
f8f5
f65c
f279
ee5f
eb13
e9f1
eae1
edba
f166
f4dc
f723
f8ac
fa56
fd62
01a2
0600
0977
0b1a
0a8a
077e
0315
ff4a
fd10
fc61
fc49
fcbf
fcd8
fd07
fd4b
feef
02b0
0850
0e32
1345
168b
1798
1686
1460
1229
1063
0ea6
0c8e
0a33
073a
0356
ff26
fc8e
fcdb
ff6d
0328
068e
0918
09df
09db
0917
08f6
096f
0a03
09ce
07fd
0449
feed
f97e
f49a
f1af
f0b4
f192
f2d5
f38d
f3bc
f36a
f381
f4d8
f833
fc05
ff4a
002f
fed3
fb67
f705
f2c0
ef98
ee05
ed8b
edab
ed0b
ebbb
eab1
eb41
ee2d
f338
f9a8
ffe3
046b
06c6
0704
05b5
044c
0428
04c3
04bf
0344
0076
fcf0
f9ba
f7ca
f7fa
fa96
fef4
0383
073c
099f
0b1e
0c9b
0eec
11ef
14a1
1682
1721
15ab
116e
0b98
06a2
03f6
0314
0307
02e1
02a6
0258
01fb
0273
041f
07bd
0c33
0fff
11bf
10a3
0d53
08ed
04f5
0184
fead
fc0d
f946
f5ff
f25d
eef1
ed23
edc9
f0b5
f45b
f824
fb0e
fc31
fb9f
fa58
f9c3
f9d8
fa1b
fa18
f8f4
f65a
f277
ee5d
eb10
e9ef
eae1
edbc
f16a
f4e2
f72b
f8b4
fa5f
fd6c
01ab
0609
097f
0b21
0a8f
0781
0317
ff4b
fd11
fc61
fc48
fcbe
fcd5
fd04
fd46
fee9
02aa
0849
0e2a
133a
1680
178b
167a
1454
121e
105a
0e9e
0c89
0a31
073c
035c
ff2e
fc98
fce7
ff78
0333
0699
0922
09e9
09e4
091f
08fc
0972
0a04
09cc
07f9
0443
fee5
f975
f48f
f1a2
f0a6
f184
f2c8
f381
f3b1
f35f
f377
f4d1
f82d
fc01
ff46
002b
fed0
fb63
f701
f2bd
ef95
ee02
ed88
eda8
ed09
ebbb
eab3
eb45
ee33
f33f
f9af
ffeb
0472
06cd
070b
05bc
0452
042c
04c6
04c0
0343
0073
fceb
f9b4
f7c1
f7ef
fa89
fee5
0373
072c
0990
0b10
0c8e
0ee0
11e4
1499
167d
171e
15ab
1171
0b9e
06aa
03ff
031e
0312
02ed
02b3
0265
0208
0280
042c
07cb
0c40
100c
11c9
10ac
0d5a
08f1
04f7
0183
fea9
fc07
f93d
f5f5
f251
eee4
ed16
edbc
f0a9
f451
f81b
fb07
fc2c
fb9c
fa58
f9c5
f9dc
fa22
fa21
f8fe
f664
f27f
ee64
eb17
e9f6
eae5
edbe
f16b
f4e0
f727
f8af
fa58
fd64
01a3
0600
0976
0b19
0a87
077a
0310
ff43
fd09
fc59
fc41
fcb7
fccf
fcfe
fd42
fee7
02a9
0849
0e2a
133c
1682
178f
167d
1458
1221
105d
0ea1
0c8c
0a32
073b
0359
ff2a
fc94
fce1
ff71
032c
0690
091a
09e1
09dc
0917
08f5
096d
0a01
09ca
07f8
0443
fee6
f977
f492
f1a5
f0aa
f189
f2cb
f383
f3b2
f360
f378
f4d1
f82e
fc02
ff48
002f
fed4
fb68
f707
f2c3
ef9c
ee09
ed8f
edae
ed0d
ebbd
eab3
eb44
ee30
f33b
f9aa
ffe4
046b
06c5
0702
05b2
0449
0423
04be
04b8
033b
006c
fce6
f9b0
f7c0
f7f0
fa8e
feec
037c
0737
099b
0b1b
0c9a
0eeb
11ef
14a2
1684
1723
15af
1173
0b9f
06ac
0401
0321
0316
02f2
02b8
026b
020e
0286
0431
07cf
0c43
100d
11c8
10a9
0d56
08ec
04f1
017d
fea4
fc03
f93c
f5f7
f255
eeea
ed1e
edc4
f0b1
f459
f822
fb0d
fc2f
fb9d
fa57
f9c1
f9d6
fa1a
fa18
f8f5
f65c
f279
ee5f
eb13
e9f1
eae1
edba
f166
f4dc
f723
f8ac
fa56
fd62
01a2
0600
0977
0b1a
0a8a
077e
0315
ff4a
fd10
fc61
fc49
fcbf
fcd8
fd07
fd4b
feef
02b0
0850
0e32
1345
168b
1798
1686
1460
1229
1063
0ea6
0c8e
0a33
073a
0356
ff26
fc8e
fcdb
ff6d
0328
068e
0918
09df
09db
0917
08f6
096f
0a03
09ce
07fd
0449
feed
f97e
f49a
f1af
f0b4
f192
f2d5
f38d
f3bc
f36a
f381
f4d8
f833
fc05
ff4a
002f
fed3
fb67
f705
f2c0
ef98
ee05
ed8b
edab
ed0b
ebbb
eab1
eb41
ee2d
f338
f9a8
ffe3
046b
06c6
0704
05b5
044c
0428
04c3
04bf
0344
0076
fcf0
f9ba
f7ca
f7fa
fa96
fef4
0383
073c
099f
0b1e
0c9b
0eec
11ef
14a1
1682
1721
15ab
116e
0b98
06a2
03f6
0314
0307
02e1
02a6
0258
01fb
0273
041f
07bd
0c33
0fff
11bf
10a3
0d53
08ed
04f5
0184
fead
fc0d
f946
f5ff
f25d
eef1
ed23
edc9
f0b5
f45b
f824
fb0e
fc31
fb9f
fa58
f9c3
f9d8
fa1b
fa18
f8f4
f65a
f277
ee5d
eb10
e9ef
eae1
edbc
f16a
f4e2
f72b
f8b4
fa5f
fd6c
01ab
0609
097f
0b21
0a8f
0781
0317
ff4b
fd11
fc61
fc48
fcbe
fcd5
fd04
fd46
fee9
02aa
0849
0e2a
133a
1680
178b
167a
1454
121e
105a
0e9e
0c89
0a31
073c
035c
ff2e
fc98
fce7
ff78
0333
0699
0922
09e9
09e4
091f
08fc
0972
0a04
09cc
07f9
0443
fee5
f975
f48f
f1a2
f0a6
f184
f2c8
f381
f3b1
f35f
f377
f4d1
f82d
fc01
ff46
002b
fed0
fb63
f701
f2bd
ef95
ee02
ed88
eda8
ed09
ebbb
eab3
eb45
ee33
f33f
f9af
ffeb
0472
06cd
070b
05bc
0452
042c
04c6
04c0
0343
0073
fceb
f9b4
f7c1
f7ef
fa89
fee5
0373
072c
0990
0b10
0c8e
0ee0
11e4
1499
167d
171e
15ab
1171
0b9e
06aa
03ff
031e
0312
02ed
02b3
0265
0208
0280
042c
07cb
0c40
100c
11c9
10ac
0d5a
08f1
04f7
0183
fea9
fc07
f93d
f5f5
f251
eee4
ed16
edbc
f0a9
f451
f81b
fb07
fc2c
fb9c
fa58
f9c5
f9dc
fa22
fa21
f8fe
f664
f27f
ee64
eb17
e9f6
eae5
edbe
f16b
f4e0
f727
f8af
fa58
fd64
01a3
0600
0976
0b19
0a87
077a
0310
ff43
fd09
fc59
fc41
fcb7
fccf
fcfe
fd42
fee7
02a9
0849
0e2a
133c
1682
178f
167d
1458
1221
105d
0ea1
0c8c
0a32
073b
0359
ff2a
fc94
fce1
ff71
032c
0690
091a
09e1
09dc
0917
08f5
096d
0a01
09ca
07f8
0443
fee6
f977
f492
f1a5
f0aa
f189
f2cb
f383
f3b2
f360
f378
f4d1
f82e
fc02
ff48
002f
fed4
fb68
f707
f2c3
ef9c
ee09
ed8f
edae
ed0d
ebbd
eab3
eb44
ee30
f33b
f9aa
ffe4
046b
06c5
0702
05b2
0449
0423
04be
04b8
033b
006c
fce6
f9b0
f7c0
f7f0
fa8e
feec
037c
0737
099b
0b1b
0c9a
0eeb
11ef
14a2
1684
1723
15af
1173
0b9f
06ac
0401
0321
0316
02f2
02b8
026b
020e
0286
0431
07cf
0c43
100d
11c8
10a9
0d56
08ec
04f1
017d
fea4
fc03
f93c
f5f7
f255
eeea
ed1e
edc4
f0b1
f459
f822
fb0d
fc2f
fb9d
fa57
f9c1
f9d6
fa1a
fa18
f8f5
f65c
f279
ee5f
eb13
e9f1
eae1
edba
f166
f4dc
f723
f8ac
fa56
fd62
01a2
0600
0977
0b1a
0a8a
077e
0315
ff4a
fd10
fc61
fc49
fcbf
fcd8
fd07
fd4b
feef
02b0
0850
0e32
1345
168b
1798
1686
1460
1229
1063
0ea6
0c8e
0a33
073a
0356
ff26
fc8e
fcdb
ff6d
0328
068e
0918
09df
09db
0917
08f6
096f
0a03
09ce
07fd
0449
feed
f97e
f49a
f1af
f0b4
f192
f2d5
f38d
f3bc
f36a
f381
f4d8
f833
fc05
ff4a
002f
fed3
fb67
f705
f2c0
ef98
ee05
ed8b
edab
ed0b
ebbb
eab1
eb41
ee2d
f338
f9a8
ffe3
046b
06c6
0704
05b5
044c
0428
04c3
04bf
0344
0076
fcf0
f9ba
f7ca
f7fa
fa96
fef4
0383
073c
099f
0b1e
0c9b
0eec
11ef
14a1
1682
1721
15ab
116e
0b98
06a2
03f6
0314
0307
02e1
02a6
0258
01fb
0273
041f
07bd
0c33
0fff
11bf
10a3
0d53
08ed
04f5
0184
fead
fc0d
f946
f5ff
f25d
eef1
ed23
edc9
f0b5
f45b
f824
fb0e
fc31
fb9f
fa58
f9c3
f9d8
fa1b
fa18
f8f4
f65a
f277
ee5d
eb10
e9ef
eae1
edbc
f16a
f4e2
f72b
f8b4
fa5f
fd6c
01ab
0609
097f
0b21
0a8f
0781
0317
ff4b
fd11
fc61
fc48
fcbe
fcd5
fd04
fd46
fee9
02aa
0849
0e2a
133a
1680
178b
167a
1454
121e
105a
0e9e
0c89
0a31
073c
035c
ff2e
fc98
fce7
ff78
0333
0699
0922
09e9
09e4
091f
08fc
0972
0a04
09cc
07f9
0443
fee5
f975
f48f
f1a2
f0a6
f184
f2c8
f381
f3b1
f35f
f377
f4d1
f82d
fc01
ff46
002b
fed0
fb63
f701
f2bd
ef95
ee02
ed88
eda8
ed09
ebbb
eab3
eb45
ee33
f33f
f9af
ffeb
0472
06cd
070b
05bc
0452
042c
04c6
04c0
0343
0073
fceb
f9b4
f7c1
f7ef
fa89
fee5
0373
072c
0990
0b10
0c8e
0ee0
11e4
1499
167d
171e
15ab
1171
0b9e
06aa
03ff
031e
0312
02ed
02b3
0265
0208
0280
042c
07cb
0c40
100c
11c9
10ac
0d5a
08f1
04f7
0183
fea9
fc07
f93d
f5f5
f251
eee4
ed16
edbc
f0a9
f451
f81b
fb07
fc2c
fb9c
fa58
f9c5
f9dc
fa22
fa21
f8fe
f664
f27f
ee64
eb17
e9f6
eae5
edbe
f16b
f4e0
f727
f8af
fa58
fd64
01a3
0600
0976
0b19
0a87
077a
0310
ff43
fd09
fc59
fc41
fcb7
fccf
fcfe
fd42
fee7
02a9
0849
0e2a
133c
1682
178f
167d
1458
1221
105d
0ea1
0c8c
0a32
073b
0359
ff2a
fc94
fce1
ff71
032c
0690
091a
09e1
09dc
0917
08f5
096d
0a01
09ca
07f8
0443
fee6
f977
f492
f1a5
f0aa
f189
f2cb
f383
f3b2
f360
f378
f4d1
f82e
fc02
ff48
002f
fed4
fb68
f707
f2c3
ef9c
ee09
ed8f
edae
ed0d
ebbd
eab3
eb44
ee30
f33b
f9aa
ffe4
046b
06c5
0702
05b2
0449
0423
04be
04b8
033b
006c
fce6
f9b0
f7c0
f7f0
fa8e
feec
037c
0737
099b
0b1b
0c9a
0eeb
11ef
14a2
1684
1723
15af
1173
0b9f
06ac
0401
0321
0316
02f2
02b8
026b
020e
0286
0431
07cf
0c43
100d
11c8
10a9
0d56
08ec
04f1
017d
fea4
fc03
f93c
f5f7
f255
eeea
ed1e
edc4
f0b1
f459
f822
fb0d
fc2f
fb9d
fa57
f9c1
f9d6
fa1a
fa18
f8f5
f65c
f279
ee5f
eb13
e9f1
eae1
edba
f166
f4dc
f723
f8ac
fa56
fd62
01a2
0600
0977
0b1a
0a8a
077e
0315
ff4a
fd10
fc61
fc49
fcbf
fcd8
fd07
fd4b
feef
02b0
0850
0e32
1345
168b
1798
1686
1460
1229
1063
0ea6
0c8e
0a33
073a
0356
ff26
fc8e
fcdb
ff6d
0328
068e
0918
09df
09db
0917
08f6
096f
0a03
09ce
07fd
0449
feed
f97e
f49a
f1af
f0b4
f192
f2d5
f38d
f3bc
f36a
f381
f4d8
f833
fc05
ff4a
0028
fefe
fc0f
f84d
f4a5
f1f0
f097
f02e
f049
efc0
eea0
edbc
ee38
f0b9
f50b
fa90
ffe7
03c9
05ce
0603
04e4
03af
0390
0415
0411
02cd
0065
fd60
fa9f
f8f6
f91f
fb5c
ff1a
0303
0633
083f
0987
0ace
0cca
0f5f
11af
134b
13d3
1293
0ef1
09f0
05af
0365
02a3
0298
0278
0245
0202
01b3
0219
0388
06a2
0a75
0db6
0f36
0e43
0b6c
07a7
0440
014d
fedd
fc9d
fa3c
f76d
f450
f161
efd5
f063
f2e4
f605
f943
fbc3
fcbc
fc3f
fb27
faa7
fab9
faf3
faf0
f9f6
f7bb
f466
f0e2
ee0e
ed16
ede5
f058
f37f
f679
f86e
f9bf
fb2d
fdca
016e
052c
0824
098a
090d
066f
02a6
ff65
fd7c
fce5
fcd0
fd35
fd49
fd71
fdaa
ff11
0249
071a
0c24
107b
1349
142e
1344
116d
0f87
0e04
0c87
0abf
08bc
0633
02e1
ff4c
fd15
fd58
ff8b
02be
05a8
07d4
087f
087a
07d1
07b3
0819
0896
0866
06d5
03a7
ff0d
fa64
f631
f3af
f2d7
f396
f4ab
f54a
f573
f52d
f541
f66a
f94b
fc93
ff61
0025
fefb
fc0c
f84a
f4a2
f1ed
f094
f02b
f047
efbf
eea0
edbe
ee3b
f0be
f511
fa96
ffee
03cf
05d4
0609
04ea
03b4
0393
0417
0412
02cc
0063
fd5c
fa9a
f8ef
f916
fb51
ff0d
02f5
0626
0832
097b
0ac3
0cc0
0f56
11a8
1347
13d1
1293
0ef3
09f5
05b6
036d
02ac
02a2
0282
0250
020d
01be
0225
0393
06ae
0a80
0dc1
0f3f
0e4a
0b72
07aa
0441
014c
feda
fc98
fa34
f764
f445
f156
efca
f058
f2da
f5fc
f93c
fbbd
fcb8
fc3d
fb27
faa9
fabd
faf9
faf8
f9fe
f7c3
f46d
f0e8
ee14
ed1c
ede9
f05a
f380
f677
f86b
f9bb
fb27
fdc3
0167
0525
081c
0983
0906
0669
02a0
ff5e
fd75
fcdf
fcca
fd2f
fd44
fd6c
fda6
ff0f
0248
071a
0c24
107d
134b
1431
1347
1170
0f8a
0e07
0c8a
0ac1
08bd
0633
02df
ff49
fd11
fd53
ff85
02b8
05a0
07cd
0878
0873
07cb
07ad
0814
0893
0864
06d5
03a7
ff0e
fa66
f634
f3b2
f2db
f39a
f4ae
f54c
f574
f52e
f542
f66a
f94c
fc94
ff62
0028
feff
fc10
f84f
f4a7
f1f3
f09a
f031
f04c
efc2
eea2
edbe
ee3a
f0bb
f50e
fa92
ffe8
03c9
05cd
0602
04e2
03ac
038c
0411
040b
02c5
005d
fd57
fa97
f8ee
f917
fb55
ff13
02fd
062f
083c
0985
0acd
0cc9
0f5f
11af
134d
13d5
1296
0ef5
09f6
05b8
036f
02af
02a5
0286
0255
0213
01c3
022a
0398
06b1
0a83
0dc2
0f3e
0e48
0b6e
07a6
043c
0147
fed6
fc95
fa33
f766
f449
f15b
efd1
f05f
f2e1
f603
f942
fbc2
fcbb
fc3d
fb26
faa5
fab7
faf2
faf0
f9f7
f7bd
f468
f0e4
ee10
ed18
ede5
f056
f37c
f673
f867
f9b8
fb25
fdc2
0166
0525
081d
0984
0909
066c
02a4
ff64
fd7b
fce5
fcd1
fd36
fd4b
fd74
fdae
ff16
024e
0720
0c2b
1084
1353
1439
134e
1177
0f91
0e0c
0c8e
0ac3
08be
0632
02dc
ff45
fd0c
fd4e
ff82
02b5
059e
07cb
0876
0873
07cb
07ae
0816
0895
0867
06d9
03ac
ff14
fa6c
f63b
f3bb
f2e3
f3a2
f4b7
f554
f57d
f536
f54a
f670
f950
fc97
ff64
0028
fefe
fc0f
f84d
f4a5
f1f0
f097
f02e
f049
efc0
eea0
edbc
ee38
f0b9
f50b
fa90
ffe7
03c9
05ce
0603
04e4
03af
0390
0415
0411
02cd
0065
fd60
fa9f
f8f6
f91f
fb5c
ff1a
0303
0633
083f
0987
0ace
0cca
0f5f
11af
134b
13d3
1293
0ef1
09f0
05af
0365
02a3
0298
0278
0245
0202
01b3
0219
0388
06a2
0a75
0db6
0f36
0e43
0b6c
07a7
0440
014d
fedd
fc9d
fa3c
f76d
f450
f161
efd5
f063
f2e4
f605
f943
fbc3
fcbc
fc3f
fb27
faa7
fab9
faf3
faf0
f9f6
f7bb
f466
f0e2
ee0e
ed16
ede5
f058
f37f
f679
f86e
f9bf
fb2d
fdca
016e
052c
0824
098a
090d
066f
02a6
ff65
fd7c
fce5
fcd0
fd35
fd49
fd71
fdaa
ff11
0249
071a
0c24
107b
1349
142e
1344
116d
0f87
0e04
0c87
0abf
08bc
0633
02e1
ff4c
fd15
fd58
ff8b
02be
05a8
07d4
087f
087a
07d1
07b3
0819
0896
0866
06d5
03a7
ff0d
fa64
f631
f3af
f2d7
f396
f4ab
f54a
f573
f52d
f541
f66a
f94b
fc93
ff61
0025
fefb
fc0c
f84a
f4a2
f1ed
f094
f02b
f047
efbf
eea0
edbe
ee3b
f0be
f511
fa96
ffee
03cf
05d4
0609
04ea
03b4
0393
0417
0412
02cc
0063
fd5c
fa9a
f8ef
f916
fb51
ff0d
02f5
0626
0832
097b
0ac3
0cc0
0f56
11a8
1347
13d1
1293
0ef3
09f5
05b6
036d
02ac
02a2
0282
0250
020d
01be
0225
0393
06ae
0a80
0dc1
0f3f
0e4a
0b72
07aa
0441
014c
feda
fc98
fa34
f764
f445
f156
efca
f058
f2da
f5fc
f93c
fbbd
fcb8
fc3d
fb27
faa9
fabd
faf9
faf8
f9fe
f7c3
f46d
f0e8
ee14
ed1c
ede9
f05a
f380
f677
f86b
f9bb
fb27
fdc3
0167
0525
081c
0983
0906
0669
02a0
ff5e
fd75
fcdf
fcca
fd2f
fd44
fd6c
fda6
ff0f
0248
071a
0c24
107d
134b
1431
1347
1170
0f8a
0e07
0c8a
0ac1
08bd
0633
02df
ff49
fd11
fd53
ff85
02b8
05a0
07cd
0878
0873
07cb
07ad
0814
0893
0864
06d5
03a7
ff0e
fa66
f634
f3b2
f2db
f39a
f4ae
f54c
f574
f52e
f542
f66a
f94c
fc94
ff62
0028
feff
fc10
f84f
f4a7
f1f3
f09a
f031
f04c
efc2
eea2
edbe
ee3a
f0bb
f50e
fa92
ffe8
03c9
05cd
0602
04e2
03ac
038c
0411
040b
02c5
005d
fd57
fa97
f8ee
f917
fb55
ff13
02fd
062f
083c
0985
0acd
0cc9
0f5f
11af
134d
13d5
1296
0ef5
09f6
05b8
036f
02af
02a5
0286
0255
0213
01c3
022a
0398
06b1
0a83
0dc2
0f3e
0e48
0b6e
07a6
043c
0147
fed6
fc95
fa33
f766
f449
f15b
efd1
f05f
f2e1
f603
f942
fbc2
fcbb
fc3d
fb26
faa5
fab7
faf2
faf0
f9f7
f7bd
f468
f0e4
ee10
ed18
ede5
f056
f37c
f673
f867
f9b8
fb25
fdc2
0166
0525
081d
0984
0909
066c
02a4
ff64
fd7b
fce5
fcd1
fd36
fd4b
fd74
fdae
ff16
024e
0720
0c2b
1084
1353
1439
134e
1177
0f91
0e0c
0c8e
0ac3
08be
0632
02dc
ff45
fd0c
fd4e
ff82
02b5
059e
07cb
0876
0873
07cb
07ae
0816
0895
0867
06d9
03ac
ff14
fa6c
f63b
f3bb
f2e3
f3a2
f4b7
f554
f57d
f536
f54a
f670
f950
fc97
ff64
0028
fefe
fc0f
f84d
f4a5
f1f0
f097
f02e
f049
efc0
eea0
edbc
ee38
f0b9
f50b
fa90
ffe7
03c9
05ce
0603
04e4
03af
0390
0415
0411
02cd
0065
fd60
fa9f
f8f6
f91f
fb5c
ff1a
0303
0633
083f
0987
0ace
0cca
0f5f
11af
134b
13d3
1293
0ef1
09f0
05af
0365
02a3
0298
0278
0245
0202
01b3
0219
0388
06a2
0a75
0db6
0f36
0e43
0b6c
07a7
0440
014d
fedd
fc9d
fa3c
f76d
f450
f161
efd5
f063
f2e4
f605
f943
fbc3
fcbc
fc3f
fb27
faa7
fab9
faf3
faf0
f9f6
f7bb
f466
f0e2
ee0e
ed16
ede5
f058
f37f
f679
f86e
f9bf
fb2d
fdca
016e
052c
0824
098a
090d
066f
02a6
ff65
fd7c
fce5
fcd0
fd35
fd49
fd71
fdaa
ff11
0249
071a
0c24
107b
1349
142e
1344
116d
0f87
0e04
0c87
0abf
08bc
0633
02e1
ff4c
fd15
fd58
ff8b
02be
05a8
07d4
087f
087a
07d1
07b3
0819
0896
0866
06d5
03a7
ff0d
fa64
f631
f3af
f2d7
f396
f4ab
f54a
f573
f52d
f541
f66a
f94b
fc93
ff61
0025
fefb
fc0c
f84a
f4a2
f1ed
f094
f02b
f047
efbf
eea0
edbe
ee3b
f0be
f511
fa96
ffee
03cf
05d4
0609
04ea
03b4
0393
0417
0412
02cc
0063
fd5c
fa9a
f8ef
f916
fb51
ff0d
02f5
0626
0832
097b
0ac3
0cc0
0f56
11a8
1347
13d1
1293
0ef3
09f5
05b6
036d
02ac
02a2
0282
0250
020d
01be
0225
0393
06ae
0a80
0dc1
0f3f
0e4a
0b72
07aa
0441
014c
feda
fc98
fa34
f764
f445
f156
efca
f058
f2da
f5fc
f93c
fbbd
fcb8
fc3d
fb27
faa9
fabd
faf9
faf8
f9fe
f7c3
f46d
f0e8
ee14
ed1c
ede9
f05a
f380
f677
f86b
f9bb
fb27
fdc3
0167
0525
081c
0983
0906
0669
02a0
ff5e
fd75
fcdf
fcca
fd2f
fd44
fd6c
fda6
ff0f
0248
071a
0c24
107d
134b
1431
1347
1170
0f8a
0e07
0c8a
0ac1
08bd
0633
02df
ff49
fd11
fd53
ff85
02b8
05a0
07cd
0878
0873
07cb
07ad
0814
0893
0864
06d5
03a7
ff0e
fa66
f634
f3b2
f2db
f39a
f4ae
f54c
f574
f52e
f542
f66a
f94c
fc94
ff62
0028
feff
fc10
f84f
f4a7
f1f3
f09a
f031
f04c
efc2
eea2
edbe
ee3a
f0bb
f50e
fa92
ffe8
03c9
05cd
0602
04e2
03ac
038c
0411
040b
02c5
005d
fd57
fa97
f8ee
f917
fb55
ff13
02fd
062f
083c
0985
0acd
0cc9
0f5f
11af
134d
13d5
1296
0ef5
09f6
05b8
036f
02af
02a5
0286
0255
0213
01c3
022a
0398
06b1
0a83
0dc2
0f3e
0e48
0b6e
07a6
043c
0147
fed6
fc95
fa33
f766
f449
f15b
efd1
f05f
f2e1
f603
f942
fbc2
fcbb
fc3d
fb26
faa5
fab7
faf2
faf0
f9f7
f7bd
f468
f0e4
ee10
ed18
ede5
f056
f37c
f673
f867
f9b8
fb25
fdc2
0166
0525
081d
0984
0909
066c
02a4
ff64
fd7b
fce5
fcd1
fd36
fd4b
fd74
fdae
ff16
024e
0720
0c2b
1084
1353
1439
134e
1177
0f91
0e0c
0c8e
0ac3
08be
0632
02dc
ff45
fd0c
fd4e
ff82
02b5
059e
07cb
0876
0873
07cb
07ae
0816
0895
0867
06d9
03ac
ff14
fa6c
f63b
f3bb
f2e3
f3a2
f4b7
f554
f57d
f536
f54a
f670
f950
fc97
ff64
0028
fefe
fc0f
f84d
f4a5
f1f0
f097
f02e
f049
efc0
eea0
edbc
ee38
f0b9
f50b
fa90
ffe7
03c9
05ce
0603
04e4
03af
0390
0415
0411
02cd
0065
fd60
fa9f
f8f6
f91f
fb5c
ff1a
0303
0633
083f
0987
0ace
0cca
0f5f
11af
134b
13d3
1293
0ef1
09f0
05af
0365
02a3
0298
0278
0245
0202
01b3
0219
0388
06a2
0a75
0db6
0f36
0e43
0b6c
07a7
0440
014d
fedd
fc9d
fa3c
f76d
f450
f161
efd5
f063
f2e4
f605
f943
fbc3
fcbc
fc3f
fb27
faa7
fab9
faf3
faf0
f9f6
f7bb
f466
f0e2
ee0e
ed16
ede5
f058
f37f
f679
f86e
f9bf
fb2d
fdca
016e
052c
0824
098a
090d
066f
02a6
ff65
fd7c
fce5
fcd0
fd35
fd49
fd71
fdaa
ff11
0249
071a
0c24
107b
1349
142e
1344
116d
0f87
0e04
0c87
0abf
08bc
0633
02e1
ff4c
fd15
fd58
ff8b
02be
05a8
07d4
087f
087a
07d1
07b3
0819
0896
0866
06d5
03a7
ff0d
fa64
f631
f3af
f2d7
f396
f4ab
f54a
f573
f52d
f541
f66a
f94b
fc93
ff61
0025
fefb
fc0c
f84a
f4a2
f1ed
f094
f02b
f047
efbf
eea0
edbe
ee3b
f0be
f511
fa96
ffee
03cf
05d4
0609
04ea
03b4
0393
0417
0412
02cc
0063
fd5c
fa9a
f8ef
f916
fb51
ff0d
02f5
0626
0832
097b
0ac3
0cc0
0f56
11a8
1347
13d1
1293
0ef3
09f5
05b6
036d
02ac
02a2
0282
0250
020d
01be
0225
0393
06ae
0a80
0dc1
0f3f
0e4a
0b72
07aa
0441
014c
feda
fc98
fa34
f764
f445
f156
efca
f058
f2da
f5fc
f93c
fbbd
fcb8
fc3d
fb27
faa9
fabd
faf9
faf8
f9fe
f7c3
f46d
f0e8
ee14
ed1c
ede9
f05a
f380
f677
f86b
f9bb
fb27
fdc3
0167
0525
081c
0983
0906
0669
02a0
ff5e
fd75
fcdf
fcca
fd2f
fd44
fd6c
fda6
ff0f
0248
071a
0c24
107d
134b
1431
1347
1170
0f8a
0e07
0c8a
0ac1
08bd
0633
02df
ff49
fd11
fd53
ff85
02b8
05a0
07cd
0878
0873
07cb
07ad
0814
0893
0864
06d5
03a7
ff0e
fa66
f634
f3b2
f2db
f39a
f4ae
f54c
f574
f52e
f542
f66a
f94c
fc94
ff62
0028
feff
fc10
f84f
f4a7
f1f3
f09a
f031
f04c
efc2
eea2
edbe
ee3a
f0bb
f50e
fa92
ffe8
03c9
05cd
0602
04e2
03ac
038c
0411
040b
02c5
005d
fd57
fa97
f8ee
f917
fb55
ff13
02fd
062f
083c
0985
0acd
0cc9
0f5f
11af
134d
13d5
1296
0ef5
09f6
05b8
036f
02af
02a5
0286
0255
0213
01c3
022a
0398
06b1
0a83
0dc2
0f3e
0e48
0b6e
07a6
043c
0147
fed6
fc95
fa33
f766
f449
f15b
efd1
f05f
f2e1
f603
f942
fbc2
fcbb
fc3d
fb26
faa5
fab7
faf2
faf0
f9f7
f7bd
f468
f0e4
ee10
ed18
ede5
f056
f37c
f673
f867
f9b8
fb25
fdc2
0166
0525
081d
0984
0909
066c
02a4
ff64
fd7b
fce5
fcd1
fd36
fd4b
fd74
fdae
ff16
024e
0720
0c2b
1084
1353
1439
134e
1177
0f91
0e0c
0c8e
0ac3
08be
0632
02dc
ff45
fd0c
fd4e
ff82
02b5
059e
07cb
0876
0873
07cb
07ae
0816
0895
0867
06d9
03ac
ff14
fa6c
f63b
f3bb
f2e3
f3a2
f4b7
f554
f57d
f536
f54a
f670
f950
fc97
ff64
0028
fefe
fc0f
f84d
f4a5
f1f0
f097
f02e
f049
efc0
eea0
edbc
ee38
f0b9
f50b
fa90
ffe7
03c9
05ce
0603
04e4
03af
0390
0415
0411
02cd
0065
fd60
fa9f
f8f6
f91f
fb5c
ff1a
0303
0633
083f
0987
0ace
0cca
0f5f
11af
134b
13d3
1293
0ef1
09f0
05af
0365
02a3
0298
0278
0245
0202
01b3
0219
0388
06a2
0a75
0db6
0f36
0e43
0b6c
07a7
0440
014d
fedd
fc9d
fa3c
f76d
f450
f161
efd5
f063
f2e4
f605
f943
fbc3
fcbc
fc3f
fb27
faa7
fab9
faf3
faf0
f9f6
f7bb
f466
f0e2
ee0e
ed16
ede5
f058
f37f
f679
f86e
f9bf
fb2d
fdca
016e
052c
0824
098a
090d
066f
02a6
ff65
fd7c
fce5
fcd0
fd35
fd49
fd71
fdaa
ff11
0249
071a
0c24
107b
1349
142e
1344
116d
0f87
0e04
0c87
0abf
08bc
0633
02e1
ff4c
fd15
fd58
ff8b
02be
05a8
07d4
087f
087a
07d1
07b3
0819
0896
0866
06d5
03a7
ff0d
fa64
f631
f3af
f2d7
f396
f4ab
f54a
f573
f52d
f541
f66a
f94b
fc93
ff61
0025
fefb
fc0c
f84a
f4a2
f1ed
f094
f02b
f047
efbf
eea0
edbe
ee3b
f0be
f511
fa96
ffee
03cf
05d4
0609
04ea
03b4
0393
0417
0412
02cc
0063
fd5c
fa9a
f8ef
f916
fb51
ff0d
02f5
0626
0832
097b
0ac3
0cc0
0f56
11a8
1347
13d1
1293
0ef3
09f5
05b6
036d
02ac
02a2
0282
0250
020d
01be
0225
0393
06ae
0a80
0dc1
0f3f
0e4a
0b72
07aa
0441
014c
feda
fc98
fa34
f764
f445
f156
efca
f058
f2da
f5fc
f93c
fbbd
fcb8
fc3d
fb27
faa9
fabd
faf9
faf8
f9fe
f7c3
f46d
f0e8
ee14
ed1c
ede9
f05a
f380
f677
f86b
f9bb
fb27
fdc3
0167
0525
081c
0983
0906
0669
02a0
ff5e
fd75
fcdf
fcca
fd2f
fd44
fd6c
fda6
ff0f
0248
071a
0c24
107d
134b
1431
1347
1170
0f8a
0e07
0c8a
0ac1
08bd
0633
02df
ff49
fd11
fd53
ff85
02b8
05a0
07cd
0878
0873
07cb
07ad
0814
0893
0864
06d5
03a7
ff0e
fa66
f634
f3b2
f2db
f39a
f4ae
f54c
f574
f52e
f542
f66a
f94c
fc94
ff62
0028
feff
fc10
f84f
f4a7
f1f3
f09a
f031
f04c
efc2
eea2
edbe
ee3a
f0bb
f50e
fa92
ffe8
03c9
05cd
0602
04e2
03ac
038c
0411
040b
02c5
005d
fd57
fa97
f8ee
f917
fb55
ff13
02fd
062f
083c
0985
0acd
0cc9
0f5f
11af
134d
13d5
1296
0ef5
09f6
05b8
036f
02af
02a5
0286
0255
0213
01c3
022a
0398
06b1
0a83
0dc2
0f3e
0e48
0b6e
07a6
043c
0147
fed6
fc95
fa33
f766
f449
f15b
efd1
f05f
f2e1
f603
f942
fbc2
fcbb
fc3d
fb26
faa5
fab7
faf2
faf0
f9f7
f7bd
f468
f0e4
ee10
ed18
ede5
f056
f37c
f673
f867
f9b8
fb25
fdc2
0166
0525
081d
0984
0909
066c
02a4
ff64
fd7b
fce5
fcd1
fd36
fd4b
fd74
fdae
ff16
024e
0720
0c2b
1084
1353
1439
134e
1177
0f91
0e0c
0c8e
0ac3
08be
0632
02dc
ff45
fd0c
fd4e
ff82
02b5
059e
07cb
0876
0873
07cb
07ae
0816
0895
0867
06d9
03ac
ff14
fa6c
f63b
f3bb
f2e3
f3a2
f4b7
f554
f57d
f536
f54a
f670
f950
fc97
ff64
0028
fefe
fc0f
f84d
f4a5
f1f0
f097
f02e
f049
efc0
eea0
edbc
ee38
f0b9
f50b
fa90
ffe7
03c9
05ce
0603
04e4
03af
0390
0415
0411
02cd
0065
fd60
fa9f
f8f6
f91f
fb5c
ff1a
0303
0633
083f
0987
0ace
0cca
0f5f
11af
134b
13d3
1293
0ef1
09f0
05af
0365
02a3
0298
0278
0245
0202
01b3
0219
0388
06a2
0a75
0db6
0f36
0e43
0b6c
07a7
0440
014d
fedd
fc9d
fa3c
f76d
f450
f161
efd5
f063
f2e4
f605
f943
fbc3
fcbc
fc3f
fb27
faa7
fab9
faf3
faf0
f9f6
f7bb
f466
f0e2
ee0e
ed16
ede5
f058
f37f
f679
f86e
f9bf
fb2d
fdca
016e
052c
0824
098a
090d
066f
02a6
ff65
fd7c
fce5
fcd0
fd35
fd49
fd71
fdaa
ff11
0249
071a
0c24
107b
1349
142e
1344
116d
0f87
0e04
0c87
0abf
08bc
0633
02e1
ff4c
fd15
fd58
ff8b
02be
05a8
07d4
087f
087a
07d1
07b3
0819
0896
0866
06d5
03a7
ff0d
fa64
f631
f3af
f2d7
f396
f4ab
f54a
f573
f52d
f541
f66a
f94b
fc93
ff61
0025
fefb
fc0c
f84a
f4a2
f1ed
f094
f02b
f047
efbf
eea0
edbe
ee3b
f0be
f511
fa96
ffee
03cf
05d4
0609
04ea
03b4
0393
0417
0412
02cc
0063
fd5c
fa9a
f8ef
f916
fb51
ff0d
02f5
0626
0832
097b
0ac3
0cc0
0f56
11a8
1347
13d1
1293
0ef3
09f5
05b6
036d
02ac
02a2
0282
0250
020d
01be
0225
0393
06ae
0a80
0dc1
0f3f
0e4a
0b72
07aa
0441
014c
feda
fc98
fa34
f764
f445
f156
efca
f058
f2da
f5fc
f93c
fbbd
fcb8
fc3d
fb27
faa9
fabd
faf9
faf8
f9fe
f7c3
f46d
f0e8
ee14
ed1c
ede9
f05a
f380
f677
f86b
f9bb
fb27
fdc3
0167
0525
081c
0983
0906
0669
02a0
ff5e
fd75
fcdf
fcca
fd2f
fd44
fd6c
fda6
ff0f
0248
071a
0c24
107d
134b
1431
1347
1170
0f8a
0e07
0c8a
0ac1
08bd
0633
02df
ff49
fd11
fd53
ff85
02b8
05a0
07cd
0878
0873
07cb
07ad
0814
0893
0864
06d5
03a7
ff0e
fa66
f634
f3b2
f2db
f39a
f4ae
f54c
f574
f52e
f542
f66a
f94c
fc94
ff62
0028
feff
fc10
f84f
f4a7
f1f3
f09a
f031
f04c
efc2
eea2
edbe
ee3a
f0bb
f50e
fa92
ffe8
03c9
05cd
0602
04e2
03ac
038c
0411
040b
02c5
005d
fd57
fa97
f8ee
f917
fb55
ff13
02fd
062f
083c
0985
0acd
0cc9
0f5f
11af
134d
13d5
1296
0ef5
09f6
05b8
036f
02af
02a5
0286
0255
0213
01c3
022a
0398
06b1
0a83
0dc2
0f3e
0e48
0b6e
07a6
043c
0147
fed6
fc95
fa33
f766
f449
f15b
efd1
f05f
f2e1
f603
f942
fbc2
fcbb
fc3d
fb26
faa5
fab7
faf2
faf0
f9f7
f7bd
f468
f0e4
ee10
ed18
ede5
f056
f37c
f673
f867
f9b8
fb25
fdc2
0166
0525
081d
0984
0909
066c
02a4
ff64
fd7b
fce5
fcd1
fd36
fd4b
fd74
fdae
ff16
024e
0720
0c2b
1084
1353
1439
134e
1177
0f91
0e0c
0c8e
0ac3
08be
0632
02dc
ff45
fd0c
fd4e
ff82
02b5
059e
07cb
0876
0873
07cb
07ae
0816
0895
0867
06d9
03ac
ff14
fa6c
f63b
f3bb
f2e3
f3a2
f4b7
f554
f57d
f536
f54a
f670
f950
fc97
ff64
0028
fefe
fc0f
f84d
f4a5
f1f0
f097
f02e
f049
efc0
eea0
edbc
ee38
f0b9
f50b
fa90
ffe7
03c9
05ce
0603
04e4
03af
0390
0415
0411
02cd
0065
fd60
fa9f
f8f6
f91f
fb5c
ff1a
0303
0633
083f
0987
0ace
0cca
0f5f
11af
134b
13d3
1293
0ef1
09f0
05af
0365
02a3
0298
0278
0245
0202
01b3
0219
0388
06a2
0a75
0db6
0f36
0e43
0b6c
07a7
0440
014d
fedd
fc9d
fa3c
f76d
f450
f161
efd5
f063
f2e4
f605
f943
fbc3
fcbc
fc3f
fb27
faa7
fab9
faf3
faf0
f9f6
f7bb
f466
f0e2
ee0e
ed16
ede5
f058
f37f
f679
f86e
f9bf
fb2d
fdca
016e
052c
0824
098a
090d
066f
02a6
ff65
fd7c
fce5
fcd0
fd35
fd49
fd71
fdaa
ff11
0249
071a
0c24
107b
1349
142e
1344
116d
0f87
0e04
0c87
0abf
08bc
0633
02e1
ff4c
fd15
fd58
ff8b
02be
05a8
07d4
087f
087a
07d1
07b3
0819
0896
0866
06d5
03a7
ff0d
fa64
f631
f3af
f2d7
f396
f4ab
f54a
f573
f52d
f541
f66a
f94b
fc93
ff61
0025
fefb
fc0c
f84a
f4a2
f1ed
f094
f02b
f047
efbf
eea0
edbe
ee3b
f0be
f511
fa96
ffee
03cf
05d4
0609
04ea
03b4
0393
0417
0412
02cc
0063
fd5c
fa9a
f8ef
f916
fb51
ff0d
02f5
0626
0832
097b
0ac3
0cc0
0f56
11a8
1347
13d1
1293
0ef3
09f5
05b6
036d
02ac
02a2
0282
0250
020d
01be
0225
0393
06ae
0a80
0dc1
0f3f
0e4a
0b72
07aa
0441
014c
feda
fc98
fa34
f764
f445
f156
efca
f058
f2da
f5fc
f93c
fbbd
fcb8
fc3d
fb27
faa9
fabd
faf9
faf8
f9fe
f7c3
f46d
f0e8
ee14
ed1c
ede9
f05a
f380
f677
f86b
f9bb
fb27
fdc3
0167
0525
081c
0983
0906
0669
02a0
ff5e
fd75
fcdf
fcca
fd2f
fd44
fd6c
fda6
ff0f
0248
071a
0c24
107d
134b
1431
1347
1170
0f8a
0e07
0c8a
0ac1
08bd
0633
02df
ff49
fd11
fd53
ff85
02b8
05a0
07cd
0878
0873
07cb
07ad
0814
0893
0864
06d5
03a7
ff0e
fa66
f634
f3b2
f2db
f39a
f4ae
f54c
f574
f52e
f542
f66a
f94c
fc94
ff62
0028
feff
fc10
f84f
f4a7
f1f3
f09a
f031
f04c
efc2
eea2
edbe
ee3a
f0bb
f50e
fa92
ffe8
03c9
05cd
0602
04e2
03ac
038c
0411
040b
02c5
005d
fd57
fa97
f8ee
f917
fb55
ff13
02fd
062f
083c
0985
0acd
0cc9
0f5f
11af
134d
13d5
1296
0ef5
09f6
05b8
036f
02af
02a5
0286
0255
0213
01c3
022a
0398
06b1
0a83
0dc2
0f3e
0e48
0b6e
07a6
043c
0110
ff07
fd27
fb2b
f8d5
f63d
f3cc
f283
f2fa
f511
f7ad
fa61
fc77
fd46
fcde
fbf5
fb8a
fb99
fbc9
fbc8
faf8
f91d
f656
f368
f10d
f03e
f0ea
f2f2
f592
f80b
f9ab
fac4
fbf4
fe21
012a
0449
06c3
07ee
0787
055a
0233
ff7e
fde7
fd6a
fd59
fdad
fdbf
fde0
fe11
ff3d
01eb
05f0
0a24
0dc3
101a
10da
1016
0e8e
0cf9
0bb4
0a76
08f8
0749
0529
0262
ff64
fd8a
fdc1
ff97
0241
04ae
067f
070d
070a
067e
0666
06bd
0727
0701
05b5
030f
ff3b
fb5a
f7dc
f5c6
f513
f5b1
f698
f71b
f73d
f702
f713
f808
fa6d
fd28
ff7e
0021
ff29
fcb7
f996
f689
f448
f328
f2d1
f2e8
f275
f185
f0c7
f12e
f345
f6df
fb78
ffeb
0328
04d6
0503
0413
0312
02f8
0367
0364
0255
0054
fdd0
fb85
fa22
fa45
fc22
ff40
0282
052b
06df
07f1
0901
0aa8
0ccf
0ebc
1014
1085
0f7a
0c73
0848
04bd
02d4
0233
0229
020e
01e4
01ac
016a
01c0
02f1
0587
08b7
0b6d
0cad
0be2
0984
0660
038a
0115
ff0e
fd2e
fb32
f8db
f642
f3d1
f287
f2fd
f513
f7af
fa63
fc78
fd47
fcdf
fbf6
fb8b
fb9a
fbca
fbc8
faf7
f91c
f655
f367
f10b
f03d
f0ea
f2f4
f595
f80f
f9b1
faca
fbfb
fe28
0131
044f
06c8
07f3
078b
055c
0235
ff7f
fde7
fd6a
fd58
fdac
fdbd
fdde
fe0d
ff39
01e7
05eb
0a1e
0dbc
1012
10d1
100e
0e85
0cf1
0bae
0a71
08f4
0747
052b
0266
ff6a
fd91
fdc9
ff9f
0249
04b6
0686
0714
0710
0684
066b
06bf
0727
06ff
05b2
030b
ff36
fb53
f7d4
f5bd
f509
f5a7
f68f
f713
f735
f6fb
f70c
f803
fa69
fd25
ff7b
001f
ff27
fcb4
f993
f687
f446
f326
f2cf
f2e6
f274
f185
f0c9
f131
f349
f6e4
fb7d
fff1
032d
04db
0508
0418
0316
02fb
0369
0364
0254
0052
fdcc
fb80
fa1c
fa3d
fc19
ff36
0277
051f
06d4
07e7
08f8
0aa0
0cc7
0eb6
1010
1083
0f7a
0c75
084c
04c2
02db
023a
0231
0217
01ed
01b6
0173
01c9
02fb
0591
08c0
0b76
0cb4
0be8
0989
0663
038c
0114
ff0b
fd29
fb2b
f8d3
f63a
f3c7
f27d
f2f4
f50b
f7a7
fa5c
fc73
fd44
fcdd
fbf6
fb8d
fb9d
fbcf
fbce
fafe
f923
f65b
f36c
f110
f042
f0ed
f2f5
f595
f80e
f9ae
fac6
fbf6
fe23
012b
0449
06c2
07ed
0785
0557
0230
ff79
fde2
fd64
fd53
fda7
fdb8
fdda
fe0a
ff37
01e6
05eb
0a1e
0dbd
1014
10d4
1010
0e88
0cf3
0bb0
0a73
08f6
0748
052a
0264
ff67
fd8e
fdc5
ff9a
0244
04b0
0680
070e
070b
067e
0666
06bb
0725
06fe
05b1
030b
ff36
fb55
f7d6
f5bf
f50c
f5ab
f691
f714
f736
f6fb
f70c
f803
fa6a
fd26
ff7c
0021
ff2a
fcb8
f997
f68b
f44b
f32b
f2d4
f2ea
f277
f187
f0c9
f130
f347
f6e1
fb79
ffec
0328
04d6
0501
0411
030f
02f4
0363
035f
024f
004d
fdc9
fb7e
fa1b
fa3e
fc1c
ff3b
027d
0527
06dc
07ef
0900
0aa8
0ccf
0ebd
1015
1087
0f7d
0c77
084d
04c4
02dc
023c
0234
021a
01f1
01ba
0178
01cd
02fe
0594
08c2
0b77
0cb3
0be6
0986
065f
0387
0110
ff07
fd27
fb2b
f8d5
f63d
f3cc
f283
f2fa
f511
f7ad
fa61
fc77
fd46
fcde
fbf5
fb8a
fb99
fbc9
fbc8
faf8
f91d
f656
f368
f10d
f03e
f0ea
f2f2
f592
f80b
f9ab
fac4
fbf4
fe21
012a
0449
06c3
07ee
0787
055a
0233
ff7e
fde7
fd6a
fd59
fdad
fdbf
fde0
fe11
ff3d
01eb
05f0
0a24
0dc3
101a
10da
1016
0e8e
0cf9
0bb4
0a76
08f8
0749
0529
0262
ff64
fd8a
fdc1
ff97
0241
04ae
067f
070d
070a
067e
0666
06bd
0727
0701
05b5
030f
ff3b
fb5a
f7dc
f5c6
f513
f5b1
f698
f71b
f73d
f702
f713
f808
fa6d
fd28
ff7e
0021
ff29
fcb7
f996
f689
f448
f328
f2d1
f2e8
f275
f185
f0c7
f12e
f345
f6df
fb78
ffeb
0328
04d6
0503
0413
0312
02f8
0367
0364
0255
0054
fdd0
fb85
fa22
fa45
fc22
ff40
0282
052b
06df
07f1
0901
0aa8
0ccf
0ebc
1014
1085
0f7a
0c73
0848
04bd
02d4
0233
0229
020e
01e4
01ac
016a
01c0
02f1
0587
08b7
0b6d
0cad
0be2
0984
0660
038a
0115
ff0e
fd2e
fb32
f8db
f642
f3d1
f287
f2fd
f513
f7af
fa63
fc78
fd47
fcdf
fbf6
fb8b
fb9a
fbca
fbc8
faf7
f91c
f655
f367
f10b
f03d
f0ea
f2f4
f595
f80f
f9b1
faca
fbfb
fe28
0131
044f
06c8
07f3
078b
055c
0235
ff7f
fde7
fd6a
fd58
fdac
fdbd
fdde
fe0d
ff39
01e7
05eb
0a1e
0dbc
1012
10d1
100e
0e85
0cf1
0bae
0a71
08f4
0747
052b
0266
ff6a
fd91
fdc9
ff9f
0249
04b6
0686
0714
0710
0684
066b
06bf
0727
06ff
05b2
030b
ff36
fb53
f7d4
f5bd
f509
f5a7
f68f
f713
f735
f6fb
f70c
f803
fa69
fd25
ff7b
001f
ff27
fcb4
f993
f687
f446
f326
f2cf
f2e6
f274
f185
f0c9
f131
f349
f6e4
fb7d
fff1
032d
04db
0508
0418
0316
02fb
0369
0364
0254
0052
fdcc
fb80
fa1c
fa3d
fc19
ff36
0277
051f
06d4
07e7
08f8
0aa0
0cc7
0eb6
1010
1083
0f7a
0c75
084c
04c2
02db
023a
0231
0217
01ed
01b6
0173
01c9
02fb
0591
08c0
0b76
0cb4
0be8
0989
0663
038c
0114
ff0b
fd29
fb2b
f8d3
f63a
f3c7
f27d
f2f4
f50b
f7a7
fa5c
fc73
fd44
fcdd
fbf6
fb8d
fb9d
fbcf
fbce
fafe
f923
f65b
f36c
f110
f042
f0ed
f2f5
f595
f80e
f9ae
fac6
fbf6
fe23
012b
0449
06c2
07ed
0785
0557
0230
ff79
fde2
fd64
fd53
fda7
fdb8
fdda
fe0a
ff37
01e6
05eb
0a1e
0dbd
1014
10d4
1010
0e88
0cf3
0bb0
0a73
08f6
0748
052a
0264
ff67
fd8e
fdc5
ff9a
0244
04b0
0680
070e
070b
067e
0666
06bb
0725
06fe
05b1
030b
ff36
fb55
f7d6
f5bf
f50c
f5ab
f691
f714
f736
f6fb
f70c
f803
fa6a
fd26
ff7c
0021
ff2a
fcb8
f997
f68b
f44b
f32b
f2d4
f2ea
f277
f187
f0c9
f130
f347
f6e1
fb79
ffec
0328
04d6
0501
0411
030f
02f4
0363
035f
024f
004d
fdc9
fb7e
fa1b
fa3e
fc1c
ff3b
027d
0527
06dc
07ef
0900
0aa8
0ccf
0ebd
1015
1087
0f7d
0c77
084d
04c4
02dc
023c
0234
021a
01f1
01ba
0178
01cd
02fe
0594
08c2
0b77
0cb3
0be6
0986
065f
0387
0110
ff07
fd27
fb2b
f8d5
f63d
f3cc
f283
f2fa
f511
f7ad
fa61
fc77
fd46
fcde
fbf5
fb8a
fb99
fbc9
fbc8
faf8
f91d
f656
f368
f10d
f03e
f0ea
f2f2
f592
f80b
f9ab
fac4
fbf4
fe21
012a
0449
06c3
07ee
0787
055a
0233
ff7e
fde7
fd6a
fd59
fdad
fdbf
fde0
fe11
ff3d
01eb
05f0
0a24
0dc3
101a
10da
1016
0e8e
0cf9
0bb4
0a76
08f8
0749
0529
0262
ff64
fd8a
fdc1
ff97
0241
04ae
067f
070d
070a
067e
0666
06bd
0727
0701
05b5
030f
ff3b
fb5a
f7dc
f5c6
f513
f5b1
f698
f71b
f73d
f702
f713
f808
fa6d
fd28
ff7e
0021
ff29
fcb7
f996
f689
f448
f328
f2d1
f2e8
f275
f185
f0c7
f12e
f345
f6df
fb78
ffeb
0328
04d6
0503
0413
0312
02f8
0367
0364
0255
0054
fdd0
fb85
fa22
fa45
fc22
ff40
0282
052b
06df
07f1
0901
0aa8
0ccf
0ebc
1014
1085
0f7a
0c73
0848
04bd
02d4
0233
0229
020e
01e4
01ac
016a
01c0
02f1
0587
08b7
0b6d
0cad
0be2
0984
0660
038a
0115
ff0e
fd2e
fb32
f8db
f642
f3d1
f287
f2fd
f513
f7af
fa63
fc78
fd47
fcdf
fbf6
fb8b
fb9a
fbca
fbc8
faf7
f91c
f655
f367
f10b
f03d
f0ea
f2f4
f595
f80f
f9b1
faca
fbfb
fe28
0131
044f
06c8
07f3
078b
055c
0235
ff7f
fde7
fd6a
fd58
fdac
fdbd
fdde
fe0d
ff39
01e7
05eb
0a1e
0dbc
1012
10d1
100e
0e85
0cf1
0bae
0a71
08f4
0747
052b
0266
ff6a
fd91
fdc9
ff9f
0249
04b6
0686
0714
0710
0684
066b
06bf
0727
06ff
05b2
030b
ff36
fb53
f7d4
f5bd
f509
f5a7
f68f
f713
f735
f6fb
f70c
f803
fa69
fd25
ff7b
001f
ff27
fcb4
f993
f687
f446
f326
f2cf
f2e6
f274
f185
f0c9
f131
f349
f6e4
fb7d
fff1
032d
04db
0508
0418
0316
02fb
0369
0364
0254
0052
fdcc
fb80
fa1c
fa3d
fc19
ff36
0277
051f
06d4
07e7
08f8
0aa0
0cc7
0eb6
1010
1083
0f7a
0c75
084c
04c2
02db
023a
0231
0217
01ed
01b6
0173
01c9
02fb
0591
08c0
0b76
0cb4
0be8
0989
0663
038c
0114
ff0b
fd29
fb2b
f8d3
f63a
f3c7
f27d
f2f4
f50b
f7a7
fa5c
fc73
fd44
fcdd
fbf6
fb8d
fb9d
fbcf
fbce
fafe
f923
f65b
f36c
f110
f042
f0ed
f2f5
f595
f80e
f9ae
fac6
fbf6
fe23
012b
0449
06c2
07ed
0785
0557
0230
ff79
fde2
fd64
fd53
fda7
fdb8
fdda
fe0a
ff37
01e6
05eb
0a1e
0dbd
1014
10d4
1010
0e88
0cf3
0bb0
0a73
08f6
0748
052a
0264
ff67
fd8e
fdc5
ff9a
0244
04b0
0680
070e
070b
067e
0666
06bb
0725
06fe
05b1
030b
ff36
fb55
f7d6
f5bf
f50c
f5ab
f691
f714
f736
f6fb
f70c
f803
fa6a
fd26
ff7c
0021
ff2a
fcb8
f997
f68b
f44b
f32b
f2d4
f2ea
f277
f187
f0c9
f130
f347
f6e1
fb79
ffec
0328
04d6
0501
0411
030f
02f4
0363
035f
024f
004d
fdc9
fb7e
fa1b
fa3e
fc1c
ff3b
027d
0527
06dc
07ef
0900
0aa8
0ccf
0ebd
1015
1087
0f7d
0c77
084d
04c4
02dc
023c
0234
021a
01f1
01ba
0178
01cd
02fe
0594
08c2
0b77
0cb3
0be6
0986
065f
0387
0110
ff07
fd27
fb2b
f8d5
f63d
f3cc
f283
f2fa
f511
f7ad
fa61
fc77
fd46
fcde
fbf5
fb8a
fb99
fbc9
fbc8
faf8
f91d
f656
f368
f10d
f03e
f0ea
f2f2
f592
f80b
f9ab
fac4
fbf4
fe21
012a
0449
06c3
07ee
0787
055a
0233
ff7e
fde7
fd6a
fd59
fdad
fdbf
fde0
fe11
ff3d
01eb
05f0
0a24
0dc3
101a
10da
1016
0e8e
0cf9
0bb4
0a76
08f8
0749
0529
0262
ff64
fd8a
fdc1
ff97
0241
04ae
067f
070d
070a
067e
0666
06bd
0727
0701
05b5
030f
ff3b
fb5a
f7dc
f5c6
f513
f5b1
f698
f71b
f73d
f702
f713
f808
fa6d
fd28
ff7e
0021
ff29
fcb7
f996
f689
f448
f328
f2d1
f2e8
f275
f185
f0c7
f12e
f345
f6df
fb78
ffeb
0328
04d6
0503
0413
0312
02f8
0367
0364
0255
0054
fdd0
fb85
fa22
fa45
fc22
ff40
0282
052b
06df
07f1
0901
0aa8
0ccf
0ebc
1014
1085
0f7a
0c73
0848
04bd
02d4
0233
0229
020e
01e4
01ac
016a
01c0
02f1
0587
08b7
0b6d
0cad
0be2
0984
0660
038a
0115
ff0e
fd2e
fb32
f8db
f642
f3d1
f287
f2fd
f513
f7af
fa63
fc78
fd47
fcdf
fbf6
fb8b
fb9a
fbca
fbc8
faf7
f91c
f655
f367
f10b
f03d
f0ea
f2f4
f595
f80f
f9b1
faca
fbfb
fe28
0131
044f
06c8
07f3
078b
055c
0235
ff7f
fde7
fd6a
fd58
fdac
fdbd
fdde
fe0d
ff39
01e7
05eb
0a1e
0dbc
1012
10d1
100e
0e85
0cf1
0bae
0a71
08f4
0747
052b
0266
ff6a
fd91
fdc9
ff9f
0249
04b6
0686
0714
0710
0684
066b
06bf
0727
06ff
05b2
030b
ff36
fb53
f7d4
f5bd
f509
f5a7
f68f
f713
f735
f6fb
f70c
f803
fa69
fd25
ff7b
001f
ff27
fcb4
f993
f687
f446
f326
f2cf
f2e6
f274
f185
f0c9
f131
f349
f6e4
fb7d
fff1
032d
04db
0508
0418
0316
02fb
0369
0364
0254
0052
fdcc
fb80
fa1c
fa3d
fc19
ff36
0277
051f
06d4
07e7
08f8
0aa0
0cc7
0eb6
1010
1083
0f7a
0c75
084c
04c2
02db
023a
0231
0217
01ed
01b6
0173
01c9
02fb
0591
08c0
0b76
0cb4
0be8
0989
0663
038c
0114
ff0b
fd29
fb2b
f8d3
f63a
f3c7
f27d
f2f4
f50b
f7a7
fa5c
fc73
fd44
fcdd
fbf6
fb8d
fb9d
fbcf
fbce
fafe
f923
f65b
f36c
f110
f042
f0ed
f2f5
f595
f80e
f9ae
fac6
fbf6
fe23
012b
0449
06c2
07ed
0785
0557
0230
ff79
fde2
fd64
fd53
fda7
fdb8
fdda
fe0a
ff37
01e6
05eb
0a1e
0dbd
1014
10d4
1010
0e88
0cf3
0bb0
0a73
08f6
0748
052a
0264
ff67
fd8e
fdc5
ff9a
0244
04b0
0680
070e
070b
067e
0666
06bb
0725
06fe
05b1
030b
ff36
fb55
f7d6
f5bf
f50c
f5ab
f691
f714
f736
f6fb
f70c
f803
fa6a
fd26
ff7c
0021
ff2a
fcb8
f997
f68b
f44b
f32b
f2d4
f2ea
f277
f187
f0c9
f130
f347
f6e1
fb79
ffec
0328
04d6
0501
0411
030f
02f4
0363
035f
024f
004d
fdc9
fb7e
fa1b
fa3e
fc1c
ff3b
027d
0527
06dc
07ef
0900
0aa8
0ccf
0ebd
1015
1087
0f7d
0c77
084d
04c4
02dc
023c
0234
021a
01f1
01ba
0178
01cd
02fe
0594
08c2
0b77
0cb3
0be6
0986
065f
0387
0110
ff07
fd27
fb2b
f8d5
f63d
f3cc
f283
f2fa
f511
f7ad
fa61
fc77
fd46
fcde
fbf5
fb8a
fb99
fbc9
fbc8
faf8
f91d
f656
f368
f10d
f03e
f0ea
f2f2
f592
f80b
f9ab
fac4
fbf4
fe21
012a
0449
06c3
07ee
0787
055a
0233
ff7e
fde7
fd6a
fd59
fdad
fdbf
fde0
fe11
ff3d
01eb
05f0
0a24
0dc3
101a
10da
1016
0e8e
0cf9
0bb4
0a76
08f8
0749
0529
0262
ff64
fd8a
fdc1
ff97
0241
04ae
067f
070d
070a
067e
0666
06bd
0727
0701
05b5
030f
ff3b
fb5a
f7dc
f5c6
f513
f5b1
f698
f71b
f73d
f702
f713
f808
fa6d
fd28
ff7e
0021
ff29
fcb7
f996
f689
f448
f328
f2d1
f2e8
f275
f185
f0c7
f12e
f345
f6df
fb78
ffeb
0328
04d6
0503
0413
0312
02f8
0367
0364
0255
0054
fdd0
fb85
fa22
fa45
fc22
ff40
0282
052b
06df
07f1
0901
0aa8
0ccf
0ebc
1014
1085
0f7a
0c73
0848
04bd
02d4
0233
0229
020e
01e4
01ac
016a
01c0
02f1
0587
08b7
0b6d
0cad
0be2
0984
0660
038a
0115
ff0e
fd2e
fb32
f8db
f642
f3d1
f287
f2fd
f513
f7af
fa63
fc78
fd47
fcdf
fbf6
fb8b
fb9a
fbca
fbc8
faf7
f91c
f655
f367
f10b
f03d
f0ea
f2f4
f595
f80f
f9b1
faca
fbfb
fe28
0131
044f
06c8
07f3
078b
055c
0235
ff7f
fde7
fd6a
fd58
fdac
fdbd
fdde
fe0d
ff39
01e7
05eb
0a1e
0dbc
1012
10d1
100e
0e85
0cf1
0bae
0a71
08f4
0747
052b
0266
ff6a
fd91
fdc9
ff9f
0249
04b6
0686
0714
0710
0684
066b
06bf
0727
06ff
05b2
030b
ff36
fb53
f7d4
f5bd
f509
f5a7
f68f
f713
f735
f6fb
f70c
f803
fa69
fd25
ff7b
001f
ff27
fcb4
f993
f687
f446
f326
f2cf
f2e6
f274
f185
f0c9
f131
f349
f6e4
fb7d
fff1
032d
04db
0508
0418
0316
02fb
0369
0364
0254
0052
fdcc
fb80
fa1c
fa3d
fc19
ff36
0277
051f
06d4
07e7
08f8
0aa0
0cc7
0eb6
1010
1083
0f7a
0c75
084c
04c2
02db
023a
0231
0217
01ed
01b6
0173
01c9
02fb
0591
08c0
0b76
0cb4
0be8
0989
0663
038c
0114
ff0b
fd29
fb2b
f8d3
f63a
f3c7
f27d
f2f4
f50b
f7a7
fa5c
fc73
fd44
fcdd
fbf6
fb8d
fb9d
fbcf
fbce
fafe
f923
f65b
f36c
f110
f042
f0ed
f2f5
f595
f80e
f9ae
fac6
fbf6
fe23
012b
0449
06c2
07ed
0785
0557
0230
ff79
fde2
fd64
fd53
fda7
fdb8
fdda
fe0a
ff37
01e6
05eb
0a1e
0dbd
1014
10d4
1010
0e88
0cf3
0bb0
0a73
08f6
0748
052a
0264
ff67
fd8e
fdc5
ff9a
0244
04b0
0680
070e
070b
067e
0666
06bb
0725
06fe
05b1
030b
ff36
fb55
f7d6
f5bf
f50c
f5ab
f691
f714
f736
f6fb
f70c
f803
fa6a
fd26
ff7c
0021
ff2a
fcb8
f997
f68b
f44b
f32b
f2d4
f2ea
f277
f187
f0c9
f130
f347
f6e1
fb79
ffec
0328
04d6
0501
0411
030f
02f4
0363
035f
024f
004d
fdc9
fb7e
fa1b
fa3e
fc1c
ff3b
027d
0527
06dc
07ef
0900
0aa8
0ccf
0ebd
1015
1087
0f7d
0c77
084d
04c4
02dc
023c
0234
021a
01f1
01ba
0178
01cd
02fe
0594
08c2
0b77
0cb3
0be6
0986
065f
0387
0110
ff07
fd27
fb2b
f8d5
f63d
f3cc
f283
f2fa
f511
f7ad
fa61
fc77
fd46
fcde
fbf5
fb8a
fb99
fbc9
fbc8
faf8
f91d
f656
f368
f10d
f03e
f0ea
f2f2
f592
f80b
f9ab
fac4
fbf4
fe21
012a
0449
06c3
07ee
0787
055a
0233
ff7e
fde7
fd6a
fd59
fdad
fdbf
fde0
fe11
ff3d
01eb
05f0
0a24
0dc3
101a
10da
1016
0e8e
0cf9
0bb4
0a76
08f8
0749
0529
0262
ff64
fd8a
fdc1
ff97
0241
04ae
067f
070d
070a
067e
0666
06bd
0727
0701
05b5
030f
ff3b
fb5a
f7dc
f5c6
f513
f5b1
f698
f71b
f73d
f702
f713
f808
fa6d
fd28
ff7e
0021
ff29
fcb7
f996
f689
f448
f328
f2d1
f2e8
f275
f185
f0c7
f12e
f345
f6df
fb78
ffeb
0328
04d6
0503
0413
0312
02f8
0367
0364
0255
0054
fdd0
fb85
fa22
fa45
fc22
ff40
0282
052b
06df
07f1
0901
0aa8
0ccf
0ebc
1014
1085
0f7a
0c73
0848
04bd
02d4
0233
0229
020e
01e4
01ac
016a
01c0
02f1
0587
08b7
0b6d
0cad
0be2
0984
0660
038a
0115
ff0e
fd2e
fb32
f8db
f642
f3d1
f287
f2fd
f513
f7af
fa63
fc78
fd47
fcdf
fbf6
fb8b
fb9a
fbca
fbc8
faf7
f91c
f655
f367
f10b
f03d
f0ea
f2f4
f595
f80f
f9b1
faca
fbfb
fe28
0131
044f
06c8
07f3
078b
055c
0235
ff7f
fde7
fd6a
fd58
fdac
fdbd
fdde
fe0d
ff39
01e7
05eb
0a1e
0dbc
1012
10d1
100e
0e85
0cf1
0bae
0a71
08f4
0747
052b
0266
ff6a
fd91
fdc9
ff9f
0249
04b6
0686
0714
0710
0684
066b
06bf
0727
06ff
05b2
030b
ff36
fb53
f7d4
f5bd
f509
f5a7
f68f
f713
f735
f6fb
f70c
f803
fa69
fd25
ff7b
001f
ff27
fcb4
f993
f687
f446
f326
f2cf
f2e6
f274
f185
f0c9
f131
f349
f6e4
fb7d
fff1
032d
04db
0508
0418
0316
02fb
0369
0364
0254
0052
fdcc
fb80
fa1c
fa3d
fc19
ff36
0277
051f
06d4
07e7
08f8
0aa0
0cc7
0eb6
1010
1083
0f7a
0c75
084c
04c2
02db
023a
0231
0217
01ed
01b6
0173
01c9
02fb
0591
08c0
0b76
0cb4
0be8
0989
0663
038c
0114
ff0b
fd29
fb2b
f8d3
f63a
f3c7
f27d
f2f4
f50b
f7a7
fa5c
fc73
fd44
fcdd
fbf6
fb8d
fb9d
fbcf
fbce
fafe
f923
f65b
f36c
f110
f042
f0ed
f2f5
f595
f80e
f9ae
fac6
fbf6
fe23
012b
0449
06c2
07ed
0785
0557
0230
ff79
fde2
fd64
fd53
fda7
fdb8
fdda
fe0a
ff37
01e6
05eb
0a1e
0dbd
1014
10d4
1010
0e88
0cf3
0bb0
0a73
08f6
0748
052a
0264
ff67
fd8e
fdc5
ff9a
0244
04b0
0680
070e
070b
067e
0666
06bb
0725
06fe
05b1
030b
ff36
fb55
f7d6
f5bf
f50c
f5ab
f691
f714
f736
f6fb
f70c
f803
fa6a
fd26
ff7c
0021
ff2a
fcb8
f997
f68b
f44b
f32b
f2d4
f2ea
f277
f187
f0c9
f130
f347
f6e1
fb79
ffec
0328
04d6
0501
0411
030f
02f4
0363
035f
024f
004d
fdc9
fb7e
fa1b
fa3e
fc1c
ff3b
027d
0527
06dc
07ef
0900
0aa8
0ccf
0ebd
1015
1087
0f7d
0c77
084d
04c4
02dc
023c
0234
021a
01f1
01ba
0178
01cd
02fe
0594
08c2
0b77
0cb3
0be6
0986
065f
0387
0110
ff07
fd27
fb2b
f8d5
f63d
f3cc
f283
f2fa
f511
f7ad
fa61
fc77
fd46
fcde
fbf5
fb8a
fb99
fbc9
fbc8
faf8
f91d
f656
f368
f10d
f03e
f0ea
f2f2
f592
f80b
f9ab
fac4
fbf4
fe21
012a
0449
06c3
07ee
0787
055a
0233
ff7e
fde7
fd6a
fd59
fdad
fdbf
fde0
fe11
ff3d
01eb
05f0
0a24
0dc3
101a
10da
1016
0e8e
0cf9
0bb4
0a76
08f8
0749
0529
0262
ff64
fd8a
fdc1
ff97
0241
04ae
067f
070d
070a
067e
0666
06bd
0727
0701
05b5
030f
ff3b
fb5a
f7dc
f5c6
f513
f5b1
f698
f71b
f73d
f702
f713
f808
fa6d
fd28
ff7e
0021
ff29
fcb7
f996
f689
f448
f328
f2d1
f2e8
f275
f185
f0c7
f12e
f345
f6df
fb78
ffeb
0328
04d6
0503
0413
0312
02f8
0367
0364
0255
0054
fdd0
fb85
fa22
fa45
fc22
ff40
0282
052b
06df
07f1
0901
0aa8
0ccf
0ebc
1014
1085
0f7a
0c73
0848
04bd
02d4
0233
0229
020e
01e4
01ac
016a
01c0
02f1
0587
08b7
0b6d
0cad
0be2
0984
0660
038a
0115
ff0e
fd2e
fb32
f8db
f642
f3d1
f287
f2fd
f513
f7af
fa63
fc78
fd47
fcdf
fbf6
fb8b
fb9a
fbca
fbc8
faf7
f91c
f655
f367
f10b
f03d
f0ea
f2f4
f595
f80f
f9b1
faca
fbfb
fe28
0131
044f
06c8
07f3
078b
055c
0235
ff7f
fde7
fd6a
fd58
fdac
fdbd
fdde
fe0d
ff39
01e7
05eb
0a1e
0dbc
1012
10d1
100e
0e85
0cf1
0bae
0a71
08f4
0747
052b
0266
ff6a
fd91
fdc9
ff9f
0249
04b6
0686
0714
0710
0684
066b
06bf
0727
06ff
05b2
030b
ff36
fb53
f7d4
f5bd
f509
f5a7
f68f
f713
f735
f6fb
f70c
f803
fa69
fd25
ff7b
001f
ff27
fcb4
f993
f687
f446
f326
f2cf
f2e6
f274
f185
f0c9
f131
f349
f6e4
fb7d
fff1
032d
04db
0508
0418
0316
02fb
0369
0364
0254
0052
fdcc
fb80
fa1c
fa3d
fc19
ff36
0277
051f
06d4
07e7
08f8
0aa0
0cc7
0eb6
1010
1083
0f7a
0c75
084c
04c2
02db
023a
0231
0217
01ed
01b6
0173
01c9
02fb
0591
08c0
0b76
0cb4
0be8
0989
0663
038c
0114
ff0b
fd29
fb2b
f8d3
f63a
f3c7
f27d
f2f4
f50b
f7a7
fa5c
fc73
fd44
fcdd
fbf6
fb8d
fb9d
fbcf
fbce
fafe
f923
f65b
f36c
f110
f042
f0ed
f2f5
f595
f80e
f9ae
fac6
fbf6
fe23
012b
0449
06c2
07ed
0785
0557
0230
ff79
fde2
fd64
fd53
fda7
fdb8
fdda
fe0a
ff37
01e6
05eb
0a1e
0dbd
1014
10d4
1010
0e88
0cf3
0bb0
0a73
08f6
0748
052a
0264
ff67
fd8e
fdc5
ff9a
0244
04b0
0680
070e
070b
067e
0666
06bb
0725
06fe
05b1
030b
ff36
fb55
f7d6
f5bf
f50c
f5ab
f691
f714
f736
f6fb
f70c
f803
fa6a
fd26
ff7c
0021
ff2a
fcb8
f997
f68b
f44b
f32b
f2d4
f2ea
f277
f187
f0c9
f130
f347
f6e1
fb79
ffec
0328
04d6
0501
0411
030f
02f4
0363
035f
024f
004d
fdc9
fb7e
fa1b
fa3e
fc1c
ff3b
027d
0527
06dc
07ef
0900
0aa8
0ccf
0ebd
1015
1087
0f7d
0c77
084d
04c4
02dc
023c
0234
021a
01f1
01ba
0178
01cd
02fe
0594
08c2
0b77
0cb3
0be6
0986
065f
0387
0110
ff07
fd27
fb2b
f8d5
f63d
f3cc
f283
f2fa
f511
f7ad
fa61
fc77
fd46
fcde
fbf5
fb8a
fb99
fbc9
fbc8
faf8
f91d
f656
f368
f10d
f03e
f0ea
f2f2
f592
f80b
f9ab
fac4
fbf4
fe21
012a
0449
06c3
07ee
0787
055a
0233
ff7e
fde7
fd6a
fd59
fdad
fdbf
fde0
fe11
ff3d
01eb
05f0
0a24
0dc3
101a
10da
1016
0e8e
0cf9
0bb4
0a76
08f8
0749
0529
0262
ff64
fd8a
fdc1
ff97
0241
04ae
067f
070d
070a
067e
0666
06bd
0727
0701
05b5
030f
ff3b
fb5a
f7dc
f5c6
f513
f5b1
f698
f71b
f73d
f702
f713
f808
fa6d
fd28
ff7e
0021
ff29
fcb7
f996
f689
f448
f328
f2d1
f2e8
f275
f185
f0c7
f12e
f345
f6df
fb78
ffeb
0328
04d6
0503
0413
0312
02f8
0367
0364
0255
0054
fdd0
fb85
fa22
fa45
fc22
ff40
0282
052b
06df
07f1
0901
0aa8
0ccf
0ebc
1014
1085
0f7a
0c73
0848
04bd
02d4
0233
0229
020e
01e4
01ac
016a
01c0
02f1
0587
08b7
0b6d
0cad
0be2
0984
0660
038a
0115
ff0e
fd2e
fb32
f8db
f642
f3d1
f287
f2fd
f513
f7af
fa63
fc78
fd47
fcdf
fbf6
fb8b
fb9a
fbca
fbc8
faf7
f91c
f655
f367
f10b
f03d
f0ea
f2f4
f595
f80f
f9b1
faca
fbfb
fe28
0131
044f
06c8
07f3
078b
055c
0235
ff7f
fde7
fd6a
fd58
fdac
fdbd
fdde
fe0d
ff39
01e7
05eb
0a1e
0dbc
1012
10d1
100e
0e85
0cf1
0bae
0a71
08f4
0747
052b
0266
ff6a
fd91
fdc9
ff9f
0249
04b6
0686
0714
0710
0684
066b
06bf
0727
06ff
05b2
030b
ff36
fb53
f7d4
f5bd
f509
f5a7
f68f
f713
f735
f6fb
f70c
f803
fa69
fd25
ff7b
001f
ff27
fcb4
f993
f687
f446
f326
f2cf
f2e6
f274
f185
f0c9
f131
f349
f6e4
fb7d
fff1
032d
04db
0508
0418
0316
02fb
0369
0364
0254
0052
fdcc
fb80
fa1c
fa3d
fc19
ff36
0277
051f
06d4
07e7
08f8
0aa0
0cc7
0eb6
1010
1083
0f7a
0c75
084c
04c2
02db
023a
0231
0217
01ed
01b6
0173
01c9
02fb
0591
08c0
0b76
0cb4
0be8
0989
0663
038c
0114
ff0b
fd29
fb2b
f8d3
f63a
f3c7
f27d
f2f4
f50b
f7a7
fa5c
fc73
fd44
fcdd
fbf6
fb8d
fb9d
fbcf
fbce
fafe
f923
f65b
f36c
f110
f042
f0ed
f2f5
f595
f80e
f9ae
fac6
fbf6
fe23
012b
0449
06c2
07ed
0785
0557
0230
ff79
fde2
fd64
fd53
fda7
fdb8
fdda
fe0a
ff37
01e6
05eb
0a1e
0dbd
1014
10d4
1010
0e88
0cf3
0bb0
0a73
08f6
0748
052a
01ea
ff86
fe0b
fe37
ffae
01d0
03c0
0533
05a5
05a2
0532
051e
0563
05b7
0598
048e
026f
ff5f
fc44
f978
f7cc
f73d
f7bc
f874
f8dd
f8f8
f8c9
f8d7
f99c
fb88
fdb8
ff97
001b
ff55
fd60
fadf
f86f
f6a2
f5bc
f576
f588
f52c
f46c
f3d4
f427
f5d2
f8b4
fc61
fff0
0286
03de
0401
0341
0273
025d
02b6
02b2
01d9
003e
fe3a
fc65
fb49
fb65
fce3
ff62
01fe
041f
057d
0659
0733
0886
0a3f
0bca
0cde
0d39
0c64
09f9
06a4
03d0
024a
01ca
01c3
01af
018e
0162
012d
0171
0265
0476
0702
092c
0a29
0985
079f
0519
02d3
00da
ff39
fdb9
fc22
fa44
f831
f63d
f536
f595
f741
f957
fb81
fd2c
fdd2
fd7e
fcc4
fc6e
fc7a
fca1
fca0
fbfa
fa7e
f845
f5ed
f40b
f365
f3ee
f58f
f7a8
f9a2
faef
fbd0
fcc3
fe81
00ef
036e
0569
0658
0606
0448
01c3
ff98
fe52
fdee
fde1
fe24
fe32
fe4d
fe74
ff64
0189
04c0
081d
0b03
0ce2
0d7b
0cdf
0ba5
0a61
095d
085f
072d
05d4
0421
01e8
ff83
fe08
fe34
ffac
01ce
03bf
0532
05a4
05a2
0532
051f
0564
05b9
059a
0491
0273
ff63
fc48
f97d
f7d2
f742
f7c1
f87a
f8e3
f8fe
f8cf
f8dc
f9a0
fb8b
fdba
ff98
001b
ff54
fd5f
fade
f86e
f6a0
f5ba
f574
f586
f52b
f46b
f3d3
f425
f5d1
f8b2
fc60
ffef
0286
03df
0402
0343
0275
0260
02b9
02b6
01de
0043
fe40
fc6a
fb4f
fb6a
fce8
ff67
0202
0422
057f
065a
0734
0887
0a3f
0bca
0cdd
0d37
0c62
09f6
06a0
03ca
0243
01c2
01bb
01a5
0183
0157
0122
0166
025b
046c
06f9
0924
0a24
0982
079d
051a
02d5
00de
ff3e
fdbe
fc28
fa49
f835
f641
f539
f597
f743
f959
fb82
fd2d
fdd3
fd7f
fcc5
fc6f
fc7b
fca2
fca0
fbf9
fa7d
f844
f5ec
f409
f364
f3ee
f590
f7aa
f9a6
faf4
fbd5
fcc9
fe87
00f4
0373
056d
065c
0609
044a
01c4
ff99
fe53
fdee
fde0
fe23
fe31
fe4b
fe71
ff61
0186
04bc
0818
0afd
0cdb
0d74
0cd8
0b9e
0a5a
0958
085a
072a
05d3
0422
01eb
ff88
fe0e
fe3b
ffb2
01d4
03c5
0538
05aa
05a7
0536
0522
0566
05b9
0599
048e
026f
ff5e
fc43
f976
f7ca
f73a
f7b9
f872
f8dc
f8f7
f8c9
f8d6
f99c
fb87
fdb7
ff96
0019
ff52
fd5d
fadc
f86c
f69e
f5b8
f572
f585
f52a
f46b
f3d4
f427
f5d4
f8b6
fc64
fff4
028a
03e3
0406
0347
0278
0262
02ba
02b7
01dd
0042
fe3d
fc67
fb4a
fb64
fce1
ff5e
01f9
0419
0577
0652
072d
0880
0a39
0bc5
0cda
0d36
0c62
09f7
06a3
03cf
0249
01c8
01c1
01ac
018b
015e
0129
016e
0262
0474
0700
092b
0a2a
0987
07a1
051c
02d6
00dd
ff3c
fdbb
fc23
fa43
f82e
f639
f531
f590
f73c
f953
fb7d
fd29
fdd0
fd7e
fcc5
fc71
fc7e
fca6
fca5
fbff
fa82
f849
f5f0
f40d
f368
f3f1
f591
f7ab
f9a5
faf2
fbd2
fcc5
fe82
00ef
036e
0568
0657
0604
0446
01c0
ff94
fe4e
fdea
fddc
fe1f
fe2d
fe48
fe6f
ff5f
0185
04bc
0818
0afe
0cdd
0d76
0cda
0ba0
0a5c
095a
085c
072b
05d3
0422
01ea
ff86
fe0b
fe37
ffae
01d0
03c0
0533
05a5
05a2
0532
051e
0563
05b7
0598
048e
026f
ff5f
fc44
f978
f7cc
f73d
f7bc
f874
f8dd
f8f8
f8c9
f8d7
f99c
fb88
fdb8
ff97
001b
ff55
fd60
fadf
f86f
f6a2
f5bc
f576
f588
f52c
f46c
f3d4
f427
f5d2
f8b4
fc61
fff0
0286
03de
0401
0341
0273
025d
02b6
02b2
01d9
003e
fe3a
fc65
fb49
fb65
fce3
ff62
01fe
041f
057d
0659
0733
0886
0a3f
0bca
0cde
0d39
0c64
09f9
06a4
03d0
024a
01ca
01c3
01af
018e
0162
012d
0171
0265
0476
0702
092c
0a29
0985
079f
0519
02d3
00da
ff39
fdb9
fc22
fa44
f831
f63d
f536
f595
f741
f957
fb81
fd2c
fdd2
fd7e
fcc4
fc6e
fc7a
fca1
fca0
fbfa
fa7e
f845
f5ed
f40b
f365
f3ee
f58f
f7a8
f9a2
faef
fbd0
fcc3
fe81
00ef
036e
0569
0658
0606
0448
01c3
ff98
fe52
fdee
fde1
fe24
fe32
fe4d
fe74
ff64
0189
04c0
081d
0b03
0ce2
0d7b
0cdf
0ba5
0a61
095d
085f
072d
05d4
0421
01e8
ff83
fe08
fe34
ffac
01ce
03bf
0532
05a4
05a2
0532
051f
0564
05b9
059a
0491
0273
ff63
fc48
f97d
f7d2
f742
f7c1
f87a
f8e3
f8fe
f8cf
f8dc
f9a0
fb8b
fdba
ff98
001b
ff54
fd5f
fade
f86e
f6a0
f5ba
f574
f586
f52b
f46b
f3d3
f425
f5d1
f8b2
fc60
ffef
0286
03df
0402
0343
0275
0260
02b9
02b6
01de
0043
fe40
fc6a
fb4f
fb6a
fce8
ff67
0202
0422
057f
065a
0734
0887
0a3f
0bca
0cdd
0d37
0c62
09f6
06a0
03ca
0243
01c2
01bb
01a5
0183
0157
0122
0166
025b
046c
06f9
0924
0a24
0982
079d
051a
02d5
00de
ff3e
fdbe
fc28
fa49
f835
f641
f539
f597
f743
f959
fb82
fd2d
fdd3
fd7f
fcc5
fc6f
fc7b
fca2
fca0
fbf9
fa7d
f844
f5ec
f409
f364
f3ee
f590
f7aa
f9a6
faf4
fbd5
fcc9
fe87
00f4
0373
056d
065c
0609
044a
01c4
ff99
fe53
fdee
fde0
fe23
fe31
fe4b
fe71
ff61
0186
04bc
0818
0afd
0cdb
0d74
0cd8
0b9e
0a5a
0958
085a
072a
05d3
0422
01eb
ff88
fe0e
fe3b
ffb2
01d4
03c5
0538
05aa
05a7
0536
0522
0566
05b9
0599
048e
026f
ff5e
fc43
f976
f7ca
f73a
f7b9
f872
f8dc
f8f7
f8c9
f8d6
f99c
fb87
fdb7
ff96
0019
ff52
fd5d
fadc
f86c
f69e
f5b8
f572
f585
f52a
f46b
f3d4
f427
f5d4
f8b6
fc64
fff4
028a
03e3
0406
0347
0278
0262
02ba
02b7
01dd
0042
fe3d
fc67
fb4a
fb64
fce1
ff5e
01f9
0419
0577
0652
072d
0880
0a39
0bc5
0cda
0d36
0c62
09f7
06a3
03cf
0249
01c8
01c1
01ac
018b
015e
0129
016e
0262
0474
0700
092b
0a2a
0987
07a1
051c
02d6
00dd
ff3c
fdbb
fc23
fa43
f82e
f639
f531
f590
f73c
f953
fb7d
fd29
fdd0
fd7e
fcc5
fc71
fc7e
fca6
fca5
fbff
fa82
f849
f5f0
f40d
f368
f3f1
f591
f7ab
f9a5
faf2
fbd2
fcc5
fe82
00ef
036e
0568
0657
0604
0446
01c0
ff94
fe4e
fdea
fddc
fe1f
fe2d
fe48
fe6f
ff5f
0185
04bc
0818
0afe
0cdd
0d76
0cda
0ba0
0a5c
095a
085c
072b
05d3
0422
01ea
ff86
fe0b
fe37
ffae
01d0
03c0
0533
05a5
05a2
0532
051e
0563
05b7
0598
048e
026f
ff5f
fc44
f978
f7cc
f73d
f7bc
f874
f8dd
f8f8
f8c9
f8d7
f99c
fb88
fdb8
ff97
001b
ff55
fd60
fadf
f86f
f6a2
f5bc
f576
f588
f52c
f46c
f3d4
f427
f5d2
f8b4
fc61
fff0
0286
03de
0401
0341
0273
025d
02b6
02b2
01d9
003e
fe3a
fc65
fb49
fb65
fce3
ff62
01fe
041f
057d
0659
0733
0886
0a3f
0bca
0cde
0d39
0c64
09f9
06a4
03d0
024a
01ca
01c3
01af
018e
0162
012d
0171
0265
0476
0702
092c
0a29
0985
079f
0519
02d3
00da
ff39
fdb9
fc22
fa44
f831
f63d
f536
f595
f741
f957
fb81
fd2c
fdd2
fd7e
fcc4
fc6e
fc7a
fca1
fca0
fbfa
fa7e
f845
f5ed
f40b
f365
f3ee
f58f
f7a8
f9a2
faef
fbd0
fcc3
fe81
00ef
036e
0569
0658
0606
0448
01c3
ff98
fe52
fdee
fde1
fe24
fe32
fe4d
fe74
ff64
0189
04c0
081d
0b03
0ce2
0d7b
0cdf
0ba5
0a61
095d
085f
072d
05d4
0421
01e8
ff83
fe08
fe34
ffac
01ce
03bf
0532
05a4
05a2
0532
051f
0564
05b9
059a
0491
0273
ff63
fc48
f97d
f7d2
f742
f7c1
f87a
f8e3
f8fe
f8cf
f8dc
f9a0
fb8b
fdba
ff98
001b
ff54
fd5f
fade
f86e
f6a0
f5ba
f574
f586
f52b
f46b
f3d3
f425
f5d1
f8b2
fc60
ffef
0286
03df
0402
0343
0275
0260
02b9
02b6
01de
0043
fe40
fc6a
fb4f
fb6a
fce8
ff67
0202
0422
057f
065a
0734
0887
0a3f
0bca
0cdd
0d37
0c62
09f6
06a0
03ca
0243
01c2
01bb
01a5
0183
0157
0122
0166
025b
046c
06f9
0924
0a24
0982
079d
051a
02d5
00de
ff3e
fdbe
fc28
fa49
f835
f641
f539
f597
f743
f959
fb82
fd2d
fdd3
fd7f
fcc5
fc6f
fc7b
fca2
fca0
fbf9
fa7d
f844
f5ec
f409
f364
f3ee
f590
f7aa
f9a6
faf4
fbd5
fcc9
fe87
00f4
0373
056d
065c
0609
044a
01c4
ff99
fe53
fdee
fde0
fe23
fe31
fe4b
fe71
ff61
0186
04bc
0818
0afd
0cdb
0d74
0cd8
0b9e
0a5a
0958
085a
072a
05d3
0422
01eb
ff88
fe0e
fe3b
ffb2
01d4
03c5
0538
05aa
05a7
0536
0522
0566
05b9
0599
048e
026f
ff5e
fc43
f976
f7ca
f73a
f7b9
f872
f8dc
f8f7
f8c9
f8d6
f99c
fb87
fdb7
ff96
0019
ff52
fd5d
fadc
f86c
f69e
f5b8
f572
f585
f52a
f46b
f3d4
f427
f5d4
f8b6
fc64
fff4
028a
03e3
0406
0347
0278
0262
02ba
02b7
01dd
0042
fe3d
fc67
fb4a
fb64
fce1
ff5e
01f9
0419
0577
0652
072d
0880
0a39
0bc5
0cda
0d36
0c62
09f7
06a3
03cf
0249
01c8
01c1
01ac
018b
015e
0129
016e
0262
0474
0700
092b
0a2a
0987
07a1
051c
02d6
00dd
ff3c
fdbb
fc23
fa43
f82e
f639
f531
f590
f73c
f953
fb7d
fd29
fdd0
fd7e
fcc5
fc71
fc7e
fca6
fca5
fbff
fa82
f849
f5f0
f40d
f368
f3f1
f591
f7ab
f9a5
faf2
fbd2
fcc5
fe82
00ef
036e
0568
0657
0604
0446
01c0
ff94
fe4e
fdea
fddc
fe1f
fe2d
fe48
fe6f
ff5f
0185
04bc
0818
0afe
0cdd
0d76
0cda
0ba0
0a5c
095a
085c
072b
05d3
0422
01ea
ff86
fe0b
fe37
ffae
01d0
03c0
0533
05a5
05a2
0532
051e
0563
05b7
0598
048e
026f
ff5f
fc44
f978
f7cc
f73d
f7bc
f874
f8dd
f8f8
f8c9
f8d7
f99c
fb88
fdb8
ff97
001b
ff55
fd60
fadf
f86f
f6a2
f5bc
f576
f588
f52c
f46c
f3d4
f427
f5d2
f8b4
fc61
fff0
0286
03de
0401
0341
0273
025d
02b6
02b2
01d9
003e
fe3a
fc65
fb49
fb65
fce3
ff62
01fe
041f
057d
0659
0733
0886
0a3f
0bca
0cde
0d39
0c64
09f9
06a4
03d0
024a
01ca
01c3
01af
018e
0162
012d
0171
0265
0476
0702
092c
0a29
0985
079f
0519
02d3
00da
ff39
fdb9
fc22
fa44
f831
f63d
f536
f595
f741
f957
fb81
fd2c
fdd2
fd7e
fcc4
fc6e
fc7a
fca1
fca0
fbfa
fa7e
f845
f5ed
f40b
f365
f3ee
f58f
f7a8
f9a2
faef
fbd0
fcc3
fe81
00ef
036e
0569
0658
0606
0448
01c3
ff98
fe52
fdee
fde1
fe24
fe32
fe4d
fe74
ff64
0189
04c0
081d
0b03
0ce2
0d7b
0cdf
0ba5
0a61
095d
085f
072d
05d4
0421
01e8
ff83
fe08
fe34
ffac
01ce
03bf
0532
05a4
05a2
0532
051f
0564
05b9
059a
0491
0273
ff63
fc48
f97d
f7d2
f742
f7c1
f87a
f8e3
f8fe
f8cf
f8dc
f9a0
fb8b
fdba
ff98
001b
ff54
fd5f
fade
f86e
f6a0
f5ba
f574
f586
f52b
f46b
f3d3
f425
f5d1
f8b2
fc60
ffef
0286
03df
0402
0343
0275
0260
02b9
02b6
01de
0043
fe40
fc6a
fb4f
fb6a
fce8
ff67
0202
0422
057f
065a
0734
0887
0a3f
0bca
0cdd
0d37
0c62
09f6
06a0
03ca
0243
01c2
01bb
01a5
0183
0157
0122
0166
025b
046c
06f9
0924
0a24
0982
079d
051a
02d5
00de
ff3e
fdbe
fc28
fa49
f835
f641
f539
f597
f743
f959
fb82
fd2d
fdd3
fd7f
fcc5
fc6f
fc7b
fca2
fca0
fbf9
fa7d
f844
f5ec
f409
f364
f3ee
f590
f7aa
f9a6
faf4
fbd5
fcc9
fe87
00f4
0373
056d
065c
0609
044a
01c4
ff99
fe53
fdee
fde0
fe23
fe31
fe4b
fe71
ff61
0186
04bc
0818
0afd
0cdb
0d74
0cd8
0b9e
0a5a
0958
085a
072a
05d3
0422
01eb
ff88
fe0e
fe3b
ffb2
01d4
03c5
0538
05aa
05a7
0536
0522
0566
05b9
0599
048e
026f
ff5e
fc43
f976
f7ca
f73a
f7b9
f872
f8dc
f8f7
f8c9
f8d6
f99c
fb87
fdb7
ff96
0019
ff52
fd5d
fadc
f86c
f69e
f5b8
f572
f585
f52a
f46b
f3d4
f427
f5d4
f8b6
fc64
fff4
028a
03e3
0406
0347
0278
0262
02ba
02b7
01dd
0042
fe3d
fc67
fb4a
fb64
fce1
ff5e
01f9
0419
0577
0652
072d
0880
0a39
0bc5
0cda
0d36
0c62
09f7
06a3
03cf
0249
01c8
01c1
01ac
018b
015e
0129
016e
0262
0474
0700
092b
0a2a
0987
07a1
051c
02d6
00dd
ff3c
fdbb
fc23
fa43
f82e
f639
f531
f590
f73c
f953
fb7d
fd29
fdd0
fd7e
fcc5
fc71
fc7e
fca6
fca5
fbff
fa82
f849
f5f0
f40d
f368
f3f1
f591
f7ab
f9a5
faf2
fbd2
fcc5
fe82
00ef
036e
0568
0657
0604
0446
01c0
ff94
fe4e
fdea
fddc
fe1f
fe2d
fe48
fe6f
ff5f
0185
04bc
0818
0afe
0cdd
0d76
0cda
0ba0
0a5c
095a
085c
072b
05d3
0422
01ea
ff86
fe0b
fe37
ffae
01d0
03c0
0533
05a5
05a2
0532
051e
0563
05b7
0598
048e
026f
ff5f
fc44
f978
f7cc
f73d
f7bc
f874
f8dd
f8f8
f8c9
f8d7
f99c
fb88
fdb8
ff97
001b
ff55
fd60
fadf
f86f
f6a2
f5bc
f576
f588
f52c
f46c
f3d4
f427
f5d2
f8b4
fc61
fff0
0286
03de
0401
0341
0273
025d
02b6
02b2
01d9
003e
fe3a
fc65
fb49
fb65
fce3
ff62
01fe
041f
057d
0659
0733
0886
0a3f
0bca
0cde
0d39
0c64
09f9
06a4
03d0
024a
01ca
01c3
01af
018e
0162
012d
0171
0265
0476
0702
092c
0a29
0985
079f
0519
02d3
00da
ff39
fdb9
fc22
fa44
f831
f63d
f536
f595
f741
f957
fb81
fd2c
fdd2
fd7e
fcc4
fc6e
fc7a
fca1
fca0
fbfa
fa7e
f845
f5ed
f40b
f365
f3ee
f58f
f7a8
f9a2
faef
fbd0
fcc3
fe81
00ef
036e
0569
0658
0606
0448
01c3
ff98
fe52
fdee
fde1
fe24
fe32
fe4d
fe74
ff64
0189
04c0
081d
0b03
0ce2
0d7b
0cdf
0ba5
0a61
095d
085f
072d
05d4
0421
01e8
ff83
fe08
fe34
ffac
01ce
03bf
0532
05a4
05a2
0532
051f
0564
05b9
059a
0491
0273
ff63
fc48
f97d
f7d2
f742
f7c1
f87a
f8e3
f8fe
f8cf
f8dc
f9a0
fb8b
fdba
ff98
001b
ff54
fd5f
fade
f86e
f6a0
f5ba
f574
f586
f52b
f46b
f3d3
f425
f5d1
f8b2
fc60
ffef
0286
03df
0402
0343
0275
0260
02b9
02b6
01de
0043
fe40
fc6a
fb4f
fb6a
fce8
ff67
0202
0422
057f
065a
0734
0887
0a3f
0bca
0cdd
0d37
0c62
09f6
06a0
03ca
0243
01c2
01bb
01a5
0183
0157
0122
0166
025b
046c
06f9
0924
0a24
0982
079d
051a
02d5
00de
ff3e
fdbe
fc28
fa49
f835
f641
f539
f597
f743
f959
fb82
fd2d
fdd3
fd7f
fcc5
fc6f
fc7b
fca2
fca0
fbf9
fa7d
f844
f5ec
f409
f364
f3ee
f590
f7aa
f9a6
faf4
fbd5
fcc9
fe87
00f4
0373
056d
065c
0609
044a
01c4
ff99
fe53
fdee
fde0
fe23
fe31
fe4b
fe71
ff61
0186
04bc
0818
0afd
0cdb
0d74
0cd8
0b9e
0a5a
0958
085a
072a
05d3
0422
01eb
ff88
fe0e
fe3b
ffb2
01d4
03c5
0538
05aa
05a7
0536
0522
0566
05b9
0599
048e
026f
ff5e
fc43
f976
f7ca
f73a
f7b9
f872
f8dc
f8f7
f8c9
f8d6
f99c
fb87
fdb7
ff96
0019
ff52
fd5d
fadc
f86c
f69e
f5b8
f572
f585
f52a
f46b
f3d4
f427
f5d4
f8b6
fc64
fff4
028a
03e3
0406
0347
0278
0262
02ba
02b7
01dd
0042
fe3d
fc67
fb4a
fb64
fce1
ff5e
01f9
0419
0577
0652
072d
0880
0a39
0bc5
0cda
0d36
0c62
09f7
06a3
03cf
0249
01c8
01c1
01ac
018b
015e
0129
016e
0262
0474
0700
092b
0a2a
0987
07a1
051c
02d6
00dd
ff3c
fdbb
fc23
fa43
f82e
f639
f531
f590
f73c
f953
fb7d
fd29
fdd0
fd7e
fcc5
fc71
fc7e
fca6
fca5
fbff
fa82
f849
f5f0
f40d
f368
f3f1
f591
f7ab
f9a5
faf2
fbd2
fcc5
fe82
00ef
036e
0568
0657
0604
0446
01c0
ff94
fe4e
fdea
fddc
fe1f
fe2d
fe48
fe6f
ff5f
0185
04bc
0818
0afe
0cdd
0d76
0cda
0ba0
0a5c
095a
085c
072b
05d3
0422
01ea
ff86
fe0b
fe37
ffae
01d0
03c0
0533
05a5
05a2
0532
051e
0563
05b7
0598
048e
026f
ff5f
fc44
f978
f7cc
f73d
f7bc
f874
f8dd
f8f8
f8c9
f8d7
f99c
fb88
fdb8
ff97
001b
ff55
fd60
fadf
f86f
f6a2
f5bc
f576
f588
f52c
f46c
f3d4
f427
f5d2
f8b4
fc61
fff0
0286
03de
0401
0341
0273
025d
02b6
02b2
01d9
003e
fe3a
fc65
fb49
fb65
fce3
ff62
01fe
041f
057d
0659
0733
0886
0a3f
0bca
0cde
0d39
0c64
09f9
06a4
03d0
024a
01ca
01c3
01af
018e
0162
012d
0171
0265
0476
0702
092c
0a29
0985
079f
0519
02d3
00da
ff39
fdb9
fc22
fa44
f831
f63d
f536
f595
f741
f957
fb81
fd2c
fdd2
fd7e
fcc4
fc6e
fc7a
fca1
fca0
fbfa
fa7e
f845
f5ed
f40b
f365
f3ee
f58f
f7a8
f9a2
faef
fbd0
fcc3
fe81
00ef
036e
0569
0658
0606
0448
01c3
ff98
fe52
fdee
fde1
fe24
fe32
fe4d
fe74
ff64
0189
04c0
081d
0b03
0ce2
0d7b
0cdf
0ba5
0a61
095d
085f
072d
05d4
0421
01e8
ff83
fe08
fe34
ffac
01ce
03bf
0532
05a4
05a2
0532
051f
0564
05b9
059a
0491
0273
ff63
fc48
f97d
f7d2
f742
f7c1
f87a
f8e3
f8fe
f8cf
f8dc
f9a0
fb8b
fdba
ff98
001b
ff54
fd5f
fade
f86e
f6a0
f5ba
f574
f586
f52b
f46b
f3d3
f425
f5d1
f8b2
fc60
ffef
0286
03df
0402
0343
0275
0260
02b9
02b6
01de
0043
fe40
fc6a
fb4f
fb6a
fce8
ff67
0202
0422
057f
065a
0734
0887
0a3f
0bca
0cdd
0d37
0c62
09f6
06a0
03ca
0243
01c2
01bb
01a5
0183
0157
0122
0166
025b
046c
06f9
0924
0a24
0982
079d
051a
02d5
00de
ff3e
fdbe
fc28
fa49
f835
f641
f539
f597
f743
f959
fb82
fd2d
fdd3
fd7f
fcc5
fc6f
fc7b
fca2
fca0
fbf9
fa7d
f844
f5ec
f409
f364
f3ee
f590
f7aa
f9a6
faf4
fbd5
fcc9
fe87
00f4
0373
056d
065c
0609
044a
01c4
ff99
fe53
fdee
fde0
fe23
fe31
fe4b
fe71
ff61
0186
04bc
0818
0afd
0cdb
0d74
0cd8
0b9e
0a5a
0958
085a
072a
05d3
0422
01eb
ff88
fe0e
fe3b
ffb2
01d4
03c5
0538
05aa
05a7
0536
0522
0566
05b9
0599
048e
026f
ff5e
fc43
f976
f7ca
f73a
f7b9
f872
f8dc
f8f7
f8c9
f8d6
f99c
fb87
fdb7
ff96
0019
ff52
fd5d
fadc
f86c
f69e
f5b8
f572
f585
f52a
f46b
f3d4
f427
f5d4
f8b6
fc64
fff4
028a
03e3
0406
0347
0278
0262
02ba
02b7
01dd
0042
fe3d
fc67
fb4a
fb64
fce1
ff5e
01f9
0419
0577
0652
072d
0880
0a39
0bc5
0cda
0d36
0c62
09f7
06a3
03cf
0249
01c8
01c1
01ac
018b
015e
0129
016e
0262
0474
0700
092b
0a2a
0987
07a1
051c
02d6
00dd
ff3c
fdbb
fc23
fa43
f82e
f639
f531
f590
f73c
f953
fb7d
fd29
fdd0
fd7e
fcc5
fc71
fc7e
fca6
fca5
fbff
fa82
f849
f5f0
f40d
f368
f3f1
f591
f7ab
f9a5
faf2
fbd2
fcc5
fe82
00ef
036e
0568
0657
0604
0446
01c0
ff94
fe4e
fdea
fddc
fe1f
fe2d
fe48
fe6f
ff5f
0185
04bc
0818
0afe
0cdd
0d76
0cda
0ba0
0a5c
095a
085c
072b
05d3
0422
01ea
ff86
fe0b
fe37
ffae
01d0
03c0
0533
05a5
05a2
0532
051e
0563
05b7
0598
048e
026f
ff5f
fc44
f978
f7cc
f73d
f7bc
f874
f8dd
f8f8
f8c9
f8d7
f99c
fb88
fdb8
ff97
001b
ff55
fd60
fadf
f86f
f6a2
f5bc
f576
f588
f52c
f46c
f3d4
f427
f5d2
f8b4
fc61
fff0
0286
03de
0401
0341
0273
025d
02b6
02b2
01d9
003e
fe3a
fc65
fb49
fb65
fce3
ff62
01fe
041f
057d
0659
0733
0886
0a3f
0bca
0cde
0d39
0c64
09f9
06a4
03d0
024a
01ca
01c3
01af
018e
0162
012d
0171
0265
0476
0702
092c
0a29
0985
079f
0519
02d3
00da
ff39
fdb9
fc22
fa44
f831
f63d
f536
f595
f741
f957
fb81
fd2c
fdd2
fd7e
fcc4
fc6e
fc7a
fca1
fca0
fbfa
fa7e
f845
f5ed
f40b
f365
f3ee
f58f
f7a8
f9a2
faef
fbd0
fcc3
fe81
00ef
036e
0569
0658
0606
0448
01c3
ff98
fe52
fdee
fde1
fe24
fe32
fe4d
fe74
ff64
0189
04c0
081d
0b03
0ce2
0d7b
0cdf
0ba5
0a61
095d
085f
072d
05d4
0421
01e8
ff83
fe08
fe34
ffac
01ce
03bf
0532
05a4
05a2
0532
051f
0564
05b9
059a
0491
0273
ff63
fc48
f97d
f7d2
f742
f7c1
f87a
f8e3
f8fe
f8cf
f8dc
f9a0
fb8b
fdba
ff98
001b
ff54
fd5f
fade
f86e
f6a0
f5ba
f574
f586
f52b
f46b
f3d3
f425
f5d1
f8b2
fc60
ffef
0286
03df
0402
0343
0275
0260
02b9
02b6
01de
0043
fe40
fc6a
fb4f
fb6a
fce8
ff67
0202
0422
057f
065a
0734
0887
0a3f
0bca
0cdd
0d37
0c62
09f6
06a0
03ca
0243
01c2
01bb
01a5
0183
0157
0122
0166
025b
046c
06f9
0924
0a24
0982
079d
051a
02d5
00de
ff3e
fdbe
fc28
fa49
f835
f641
f539
f597
f743
f959
fb82
fd2d
fdd3
fd7f
fcc5
fc6f
fc7b
fca2
fca0
fbf9
fa7d
f844
f5ec
f409
f364
f3ee
f590
f7aa
f9a6
faf4
fbd5
fcc9
fe87
00f4
0373
056d
065c
0609
044a
01c4
ff99
fe53
fdee
fde0
fe23
fe31
fe4b
fe71
ff61
0186
04bc
0818
0afd
0cdb
0d74
0cd8
0b9e
0a5a
0958
085a
072a
05d3
0422
01eb
ff88
fe0e
fe3b
ffb2
01d4
03c5
0538
05aa
05a7
0536
0522
0566
05b9
0599
048e
026f
ff5e
fc43
f976
f7ca
f73a
f7b9
f872
f8dc
f8f7
f8c9
f8d6
f99c
fb87
fdb7
ff96
0019
ff52
fd5d
fadc
f86c
f69e
f5b8
f572
f585
f52a
f46b
f3d4
f427
f5d4
f8b6
fc64
fff4
028a
03e3
0406
0347
0278
0262
02ba
02b7
01dd
0042
fe3d
fc67
fb4a
fb64
fce1
ff5e
01f9
0419
0577
0652
072d
0880
0a39
0bc5
0cda
0d36
0c62
09f7
06a3
03cf
0249
01c8
01c1
01ac
018b
015e
0129
016e
0262
0474
0700
092b
0a2a
0987
07a1
051c
02d6
00dd
ff3c
fdbb
fc23
fa43
f82e
f639
f531
f590
f73c
f953
fb7d
fd29
fdd0
fd7e
fcc5
fc71
fc7e
fca6
fca5
fbff
fa82
f849
f5f0
f40d
f368
f3f1
f591
f7ab
f9a5
faf2
fbd2
fcc5
fe82
00ef
036e
0568
0657
0604
0446
01c0
ff94
fe4e
fdea
fddc
fe1f
fe2d
fe48
fe6f
ff5f
0185
04bc
0818
0afe
0cdd
0d76
0cda
0ba0
0a5c
095a
085c
072b
05d3
0422
01ea
ff86
fe0b
fe37
ffae
01d0
03c0
0533
05a5
05a2
0532
051e
0563
05b7
0598
048e
026f
ff5f
fc44
f978
f7cc
f73d
f7bc
f874
f8dd
f8f8
f8c9
f8d7
f99c
fb88
fdb8
ff97
001b
ff55
fd60
fadf
f86f
f6a2
f5bc
f576
f588
f52c
f46c
f3d4
f427
f5d2
f8b4
fc61
fff0
0286
03de
0401
0341
0273
025d
02b6
02b2
01d9
003e
fe3a
fc65
fb49
fb65
fce3
ff62
01fe
041f
057d
0659
0733
0886
0a3f
0bca
0cde
0d39
0c64
09f9
06a4
03d0
024a
01ca
01c3
01af
018e
0162
012d
0171
0265
0476
0702
092c
0a29
0985
079f
0519
02d3
00da
ff39
fdb9
fc22
fa44
f831
f63d
f536
f595
f741
f957
fb81
fd2c
fdd2
fd7e
fcc4
fc6e
fc7a
fca1
fca0
fbfa
fa7e
f845
f5ed
f40b
f365
f3ee
f58f
f7a8
f9a2
faef
fbd0
fcc3
fe81
00ef
036e
0569
0658
0606
0448
01c3
ff98
fe52
fdee
fde1
fe24
fe32
fe4d
fe74
ff64
0189
04c0
081d
0b03
0ce2
0d7b
0cdf
0ba5
0a61
095d
085f
072d
05d4
0421
01e8
ff83
fe08
fe34
ffac
01ce
03bf
0532
05a4
05a2
0532
051f
0564
05b9
059a
0491
0273
ff63
fc48
f97d
f7d2
f742
f7c1
f87a
f8e3
f8fe
f8cf
f8dc
f9a0
fb8b
fdba
ff98
001b
ff54
fd5f
fade
f86e
f6a0
f5ba
f574
f586
f52b
f46b
f3d3
f425
f5d1
f8b2
fc60
ffef
0286
03df
0402
0343
0275
0260
02b9
02b6
01de
0043
fe40
fc6a
fb4f
fb6a
fce8
ff67
0202
0422
057f
065a
0734
0887
0a3f
0bca
0cdd
0d37
0c62
09f6
06a0
03ca
0243
01c2
01bb
01a5
0183
0157
0122
0166
025b
046c
06f9
0924
0a24
0982
079d
051a
02d5
00de
ff3e
fdbe
fc28
fa49
f835
f641
f539
f597
f743
f959
fb82
fd2d
fdd3
fd7f
fcc5
fc6f
fc7b
fca2
fca0
fbf9
fa7d
f844
f5ec
f409
f364
f3ee
f590
f7aa
f9a6
faf4
fbd5
fcc9
fe87
00f4
0373
056d
065c
0609
044a
01c4
ff99
fe53
fdee
fde0
fe23
fe31
fe4b
fe71
ff61
0186
04bc
0818
0afd
0cdb
0d74
0cd8
0b9e
0a5a
0958
085a
072a
05d3
0422
01eb
ff88
fe0e
fe3b
ffb2
01d4
03c5
0538
05aa
05a7
0536
0522
0566
05b9
0599
048e
026f
ff5e
fc43
f976
f7ca
f73a
f7b9
f872
f8dc
f8f7
f8c9
f8d6
f99c
fb87
fdb7
ff96
0019
ff52
fd5d
fadc
f86c
f69e
f5b8
f572
f585
f52a
f46b
f3d4
f427
f5d4
f8b6
fc64
fff4
028a
03e3
0406
0347
0278
0262
02ba
02b7
01dd
0042
fe3d
fc67
fb4a
fb64
fce1
ff5e
01f9
0419
0577
0652
072d
0880
0a39
0bc5
0cda
0d36
0c62
09f7
06a3
03cf
0249
01c8
01c1
01ac
018b
015e
0129
016e
0262
0474
0700
092b
0a2a
0987
07a1
051c
02d6
00dd
ff3c
fdbb
fc23
fa43
f82e
f639
f531
f590
f73c
f953
fb7d
fd29
fdd0
fd7e
fcc5
fc71
fc7e
fca6
fca5
fbff
fa82
f849
f5f0
f40d
f368
f3f1
f591
f7ab
f9a5
faf2
fbd2
fcc5
fe82
00ef
036e
0568
0657
0604
0446
01c0
ff94
fe4e
fdea
fddc
fe1f
fe2d
fe48
fe6f
ff5f
0185
04bc
0818
0afe
0cdd
0d76
0cda
0ba0
0a5c
095a
085c
072b
05d3
0422
01ea
ff86
fe0b
fe37
ffae
01d0
03c0
0533
05a5
05a2
0532
051e
0563
05b7
0598
048e
026f
ff5f
fc44
f978
f7cc
f73d
f7bc
f874
f8dd
f8f8
f8c9
f8d7
f99c
fb88
fdb8
ff97
001b
ff55
fd60
fadf
f86f
f6a2
f5bc
f576
f588
f52c
f46c
f3d4
f427
f5d2
f8b4
fc61
fff0
0286
03de
0401
0341
0273
025d
02b6
02b2
01d9
003e
fe3a
fc65
fb49
fb65
fce3
ff62
01fe
041f
057d
0659
0733
0886
0a3f
0bca
0cde
0d39
0c64
09f9
06a4
03d0
024a
01ca
01c3
01af
018e
0162
012d
0171
0265
0476
0702
092c
0a29
0985
079f
0519
02d3
00da
ff39
fdb9
fc22
fa44
f831
f63d
f536
f595
f741
f957
fb81
fd2c
fdd2
fd7e
fcc4
fc6e
fc7a
fca1
fca0
fbfa
fa7e
f845
f5ed
f40b
f365
f3ee
f58f
f7a8
f9a2
faef
fbd0
fcc3
fe81
00ef
036e
0569
0658
0606
0448
01c3
ff98
fe52
fdee
fde1
fe24
fe32
fe4d
fe74
ff64
0189
04c0
081d
0b03
0ce2
0d7b
0cdf
0ba5
0a61
095d
085f
072d
05d4
0421
01e8
ff83
fe08
fe34
ffac
01ce
03bf
0532
05a4
05a2
0532
051f
0564
05b9
059a
0491
0273
ff63
fc48
f97d
f7d2
f742
f7c1
f87a
f8e3
f8fe
f8cf
f8dc
f9a0
fb8b
fdba
ff98
001b
ff54
fd5f
fade
f86e
f6a0
f5ba
f574
f586
f52b
f46b
f3d3
f425
f5d1
f8b2
fc60
ffef
0286
03df
0402
0343
0275
0260
02b9
02b6
01de
0043
fe40
fc6a
fb4f
fb6a
fce8
ff67
0202
0422
057f
065a
0734
0887
0a3f
0bca
0cdd
0d37
0c62
09f6
06a0
03ca
0243
01c2
01bb
01a5
0183
0157
0122
0166
025b
046c
06f9
0924
0a24
0982
079d
051a
02d5
00de
ff3e
fdbe
fc28
fa49
f835
f641
f539
f597
f743
f959
fb82
fd2d
fdd3
fd7f
fcc5
fc6f
fc7b
fca2
fca0
fbf9
fa7d
f844
f5ec
f409
f364
f3ee
f590
f7aa
f9a6
faf4
fbd5
fcc9
fe87
00f4
0373
056d
065c
0609
044a
01c4
ff99
fe53
fdee
fde0
fe23
fe31
fe4b
fe71
ff61
0186
04bc
0818
0afd
0cdb
0d74
0cd8
0b9e
0a5a
0958
085a
072a
05d3
0422
01eb
ff88
fe0e
fe3b
ffb2
01d4
03c5
0538
05aa
05a7
0536
0522
0566
05b9
0599
048e
026f
ff5e
fc43
f976
f7ca
f73a
f7b9
f872
f8dc
f8f7
f8c9
f8d6
f99c
fb87
fdb7
ff96
0019
ff52
fd5d
fadc
f86c
f69e
f5b8
f572
f585
f52a
f46b
f3d4
f427
f5d4
f8b6
fc64
fff4
028a
03e3
0406
0347
0278
0262
02ba
02b7
01dd
0042
fe3d
fc67
fb4a
fb64
fce1
ff5e
01f9
0419
0577
0652
072d
0880
0a39
0bc5
0cda
0d36
0c62
09f7
06a3
03cf
0249
01c8
01c1
01ac
018b
015e
0129
016e
0262
0474
0700
092b
0a2a
0987
07a1
051c
02d6
00dd
ff3c
fdbb
fc23
fa43
f82e
f639
f531
f590
f73c
f953
fb7d
fd29
fdd0
fd7e
fcc5
fc71
fc7e
fca6
fca5
fbff
fa82
f849
f5f0
f40d
f368
f3f1
f591
f7ab
f9a5
faf2
fbd2
fcc5
fe82
00ef
036e
0568
0657
0604
0446
01c0
ff94
fe4e
fdea
fddc
fe1f
fe2d
fe48
fe6f
ff5f
0185
04bc
0818
0afe
0cdd
0d76
0cda
0ba0
0a5c
095a
085c
072b
05d3
0422
01ea
ff86
fe0b
fe37
ffae
01d0
03c0
0533
05a5
05a2
0532
051e
0563
05b7
0598
048e
026f
ff5f
fc44
f978
f7cc
f73d
f7bc
f874
f8dd
f8f8
f8c9
f8d7
f99c
fb88
fdb8
ff97
001b
ff55
fd60
fadf
f86f
f6a2
f5bc
f576
f588
f52c
f46c
f3d4
f427
f5d2
f8b4
fc61
fff0
0286
03de
0401
0341
0273
025d
02b6
02b2
01d9
003e
fe3a
fc65
fb49
fb65
fce3
ff62
01fe
041f
057d
0659
0733
0886
0a3f
0bca
0cde
0d39
0c64
09f9
06a4
03d0
024a
01ca
01c3
01af
018e
0162
012d
0171
0265
0476
0702
092c
0a29
0985
079f
0519
02d3
00da
ff39
fdb9
fc22
fa44
f831
f63d
f536
f595
f741
f957
fb81
fd2c
fdd2
fd7e
fcc4
fc6e
fc7a
fca1
fca0
fbfa
fa7e
f845
f5ed
f40b
f365
f3ee
f58f
f7a8
f9a2
faef
fbd0
fcc3
fe81
00ef
036e
0569
0658
0606
0448
01c3
ff98
fe52
fdee
fde1
fe24
fe32
fe4d
fe74
ff64
0189
04c0
081d
0b03
0ce2
0d7b
0cdf
0ba5
0a61
095d
085f
072d
05d4
0421
01e8
ff83
fe08
fe34
ffac
01ce
03bf
0532
05a4
05a2
0532
051f
0564
05b9
059a
0491
0273
ff63
fc48
f97d
f7d2
f742
f7c1
f87a
f8e3
f8fe
f8cf
f8dc
f9a0
fb8b
fdba
ff98
001b
ff54
fd5f
fade
f86e
f6a0
f5ba
f574
f586
f52b
f46b
f3d3
f425
f5d1
f8b2
fc60
ffef
0286
03df
0402
0343
0275
0260
02b9
02b6
01de
0043
fe40
fc6a
fb4f
fb6a
fce8
ff67
0202
0422
057f
065a
0734
0887
0a3f
0bca
0cdd
0d37
0c62
09f6
06a0
03ca
0243
01c2
01bb
01a5
0183
0157
0122
0166
025b
046c
06f9
0924
0a24
0982
079d
051a
02d5
00de
ff3e
fdbe
fc28
fa49
f835
f641
f539
f597
f743
f959
fb82
fd2d
fdd3
fd7f
fcc5
fc6f
fc7b
fca2
fca0
fbf9
fa7d
f844
f5ec
f409
f364
f3ee
f590
f7aa
f9a6
faf4
fbd5
fcc9
fe87
00f4
0373
056d
065c
0609
044a
01c4
ff99
fe53
fdee
fde0
fe23
fe31
fe4b
fe71
ff61
0186
04bc
0818
0afd
0cdb
0d74
0cd8
0b9e
0a5a
0958
085a
072a
05d3
0422
01eb
ff88
fe0e
fe3b
ffb2
01d4
03c5
0538
05aa
05a7
0536
0522
0566
05b9
0599
048e
026f
ff5e
fc43
f976
f7ca
f73a
f7b9
f872
f8dc
f8f7
f8c9
f8d6
f99c
fb87
fdb7
ff96
0019
ff52
fd5d
fadc
f86c
f69e
f5b8
f572
f585
f52a
f46b
f3d4
f427
f5d4
f8b6
fc64
fff4
028a
03e3
0406
0347
0278
0262
02ba
02b7
01dd
0042
fe3d
fc67
fb4a
fb64
fce1
ff5e
01f9
0419
0577
0652
072d
0880
0a39
0bc5
0cda
0d36
0c62
09f7
06a3
03cf
0249
01c8
01c1
01ac
018b
015e
0129
016e
0262
0474
0700
092b
0a2a
0987
07a1
051c
02d6
00a6
ff6d
fe4c
fd1a
fbb2
fa22
f8ab
f7e5
f82c
f96d
fafe
fc9e
fdde
fe5c
fe1e
fd93
fd54
fd5e
fd7c
fd7c
fcff
fbe1
fa36
f874
f70a
f68e
f6f4
f82d
f9c0
fb3b
fc35
fcdd
fd93
fee1
00b3
0292
040e
04c1
0483
0334
0150
ffaf
feba
fe6f
fe65
fe97
fea2
feb6
fed3
ff87
0124
038d
0612
083e
09a5
0a18
09a3
08b8
07c5
0703
0645
0560
045e
0319
016f
ffa4
fe88
fea9
ffc2
015c
02d0
03e6
043c
0439
03e5
03d6
040a
0449
0432
036a
01d3
ff87
fd33
fb1a
f9d9
f96d
f9cd
fa57
faa6
faba
fa97
faa1
fb35
fca6
fe4a
ffb1
0014
ff7f
fe08
fc27
fa53
f8f9
f84d
f818
f826
f7e1
f751
f6df
f71d
f85d
fa87
fd49
fff4
01e4
02e6
0301
0271
01d6
01c6
0208
0205
0162
002e
feab
fd4b
fc77
fc8b
fdaa
ff89
017e
0317
041e
04c2
0566
0664
07af
08d7
09a6
09ea
094b
077a
04fb
02dc
01b7
0157
0152
0143
012a
0109
00e1
0115
01cc
0358
0541
06e1
079f
0724
05b7
03d3
021e
00a3
ff6b
fe4a
fd19
fbb3
fa24
f8ad
f7e8
f82f
f970
fb01
fca1
fde1
fe5d
fe1e
fd93
fd52
fd5b
fd79
fd78
fcfb
fbde
fa34
f872
f708
f68c
f6f2
f82b
f9be
fb39
fc33
fcdc
fd92
fee1
00b3
0292
040e
04c2
0484
0336
0152
ffb2
febd
fe72
fe68
fe9b
fea5
feba
fed7
ff8b
0127
0390
0615
0842
09a9
0a1c
09a7
08bb
07c8
0706
0647
0561
045f
0319
016e
ffa2
fe86
fea7
ffc1
015a
02cf
03e5
043b
0439
03e5
03d7
040b
044a
0433
036c
01d6
ff8a
fd36
fb1d
f9dd
f971
f9d1
fa5b
faaa
fabe
fa9b
faa5
fb38
fca8
fe4b
ffb2
0014
ff7f
fe07
fc26
fa52
f8f8
f84b
f817
f824
f7e0
f750
f6de
f71c
f85c
fa85
fd48
fff3
01e4
02e7
0301
0272
01d7
01c8
020a
0208
0166
0032
feb0
fd4f
fc7b
fc8f
fdae
ff8d
0181
0319
041f
04c3
0567
0665
07af
08d7
09a5
09e9
0949
0778
04f8
02d7
01b2
0151
014c
013c
0122
0101
00d9
010c
01c4
0351
053a
06db
079b
0721
05b6
03d3
0220
00a6
ff6e
fe4e
fd1e
fbb6
fa28
f8b0
f7ea
f831
f972
fb02
fca1
fde1
fe5e
fe1f
fd93
fd53
fd5c
fd79
fd78
fcfb
fbdd
fa33
f871
f707
f68b
f6f2
f82c
f9bf
fb3c
fc37
fcdf
fd96
fee5
00b7
0296
0412
04c5
0486
0337
0153
ffb2
febe
fe72
fe68
fe9a
fea4
feb8
fed5
ff88
0124
038d
0612
083d
09a4
0a17
09a2
08b6
07c3
0702
0643
055f
045e
0319
0170
ffa6
fe8a
feac
ffc5
015f
02d4
03ea
043f
043d
03e8
03d9
040c
044b
0433
036a
01d3
ff86
fd32
fb18
f9d7
f96b
f9cb
fa55
faa5
fab9
fa96
faa0
fb35
fca5
fe49
ffb0
0012
ff7d
fe06
fc25
fa51
f8f6
f84a
f815
f823
f7df
f750
f6df
f71d
f85f
fa88
fd4b
fff7
01e7
02ea
0304
0275
01da
01c9
020b
0209
0166
0031
feae
fd4d
fc77
fc8b
fda8
ff86
017a
0313
0419
04bd
0561
0660
07ab
08d4
09a3
09e8
0949
0779
04fa
02db
01b6
0156
0151
0141
0128
0106
00df
0112
01c9
0357
0540
06e0
079f
0725
05b9
03d5
0220
00a6
ff6d
fe4c
fd1a
fbb2
fa22
f8ab
f7e5
f82c
f96d
fafe
fc9e
fdde
fe5c
fe1e
fd93
fd54
fd5e
fd7c
fd7c
fcff
fbe1
fa36
f874
f70a
f68e
f6f4
f82d
f9c0
fb3b
fc35
fcdd
fd93
fee1
00b3
0292
040e
04c1
0483
0334
0150
ffaf
feba
fe6f
fe65
fe97
fea2
feb6
fed3
ff87
0124
038d
0612
083e
09a5
0a18
09a3
08b8
07c5
0703
0645
0560
045e
0319
016f
ffa4
fe88
fea9
ffc2
015c
02d0
03e6
043c
0439
03e5
03d6
040a
0449
0432
036a
01d3
ff87
fd33
fb1a
f9d9
f96d
f9cd
fa57
faa6
faba
fa97
faa1
fb35
fca6
fe4a
ffb1
0014
ff7f
fe08
fc27
fa53
f8f9
f84d
f818
f826
f7e1
f751
f6df
f71d
f85d
fa87
fd49
fff4
01e4
02e6
0301
0271
01d6
01c6
0208
0205
0162
002e
feab
fd4b
fc77
fc8b
fdaa
ff89
017e
0317
041e
04c2
0566
0664
07af
08d7
09a6
09ea
094b
077a
04fb
02dc
01b7
0157
0152
0143
012a
0109
00e1
0115
01cc
0358
0541
06e1
079f
0724
05b7
03d3
021e
00a3
ff6b
fe4a
fd19
fbb3
fa24
f8ad
f7e8
f82f
f970
fb01
fca1
fde1
fe5d
fe1e
fd93
fd52
fd5b
fd79
fd78
fcfb
fbde
fa34
f872
f708
f68c
f6f2
f82b
f9be
fb39
fc33
fcdc
fd92
fee1
00b3
0292
040e
04c2
0484
0336
0152
ffb2
febd
fe72
fe68
fe9b
fea5
feba
fed7
ff8b
0127
0390
0615
0842
09a9
0a1c
09a7
08bb
07c8
0706
0647
0561
045f
0319
016e
ffa2
fe86
fea7
ffc1
015a
02cf
03e5
043b
0439
03e5
03d7
040b
044a
0433
036c
01d6
ff8a
fd36
fb1d
f9dd
f971
f9d1
fa5b
faaa
fabe
fa9b
faa5
fb38
fca8
fe4b
ffb2
0014
ff7f
fe07
fc26
fa52
f8f8
f84b
f817
f824
f7e0
f750
f6de
f71c
f85c
fa85
fd48
fff3
01e4
02e7
0301
0272
01d7
01c8
020a
0208
0166
0032
feb0
fd4f
fc7b
fc8f
fdae
ff8d
0181
0319
041f
04c3
0567
0665
07af
08d7
09a5
09e9
0949
0778
04f8
02d7
01b2
0151
014c
013c
0122
0101
00d9
010c
01c4
0351
053a
06db
079b
0721
05b6
03d3
0220
00a6
ff6e
fe4e
fd1e
fbb6
fa28
f8b0
f7ea
f831
f972
fb02
fca1
fde1
fe5e
fe1f
fd93
fd53
fd5c
fd79
fd78
fcfb
fbdd
fa33
f871
f707
f68b
f6f2
f82c
f9bf
fb3c
fc37
fcdf
fd96
fee5
00b7
0296
0412
04c5
0486
0337
0153
ffb2
febe
fe72
fe68
fe9a
fea4
feb8
fed5
ff88
0124
038d
0612
083d
09a4
0a17
09a2
08b6
07c3
0702
0643
055f
045e
0319
0170
ffa6
fe8a
feac
ffc5
015f
02d4
03ea
043f
043d
03e8
03d9
040c
044b
0433
036a
01d3
ff86
fd32
fb18
f9d7
f96b
f9cb
fa55
faa5
fab9
fa96
faa0
fb35
fca5
fe49
ffb0
0012
ff7d
fe06
fc25
fa51
f8f6
f84a
f815
f823
f7df
f750
f6df
f71d
f85f
fa88
fd4b
fff7
01e7
02ea
0304
0275
01da
01c9
020b
0209
0166
0031
feae
fd4d
fc77
fc8b
fda8
ff86
017a
0313
0419
04bd
0561
0660
07ab
08d4
09a3
09e8
0949
0779
04fa
02db
01b6
0156
0151
0141
0128
0106
00df
0112
01c9
0357
0540
06e0
079f
0725
05b9
03d5
0220
00a6
ff6d
fe4c
fd1a
fbb2
fa22
f8ab
f7e5
f82c
f96d
fafe
fc9e
fdde
fe5c
fe1e
fd93
fd54
fd5e
fd7c
fd7c
fcff
fbe1
fa36
f874
f70a
f68e
f6f4
f82d
f9c0
fb3b
fc35
fcdd
fd93
fee1
00b3
0292
040e
04c1
0483
0334
0150
ffaf
feba
fe6f
fe65
fe97
fea2
feb6
fed3
ff87
0124
038d
0612
083e
09a5
0a18
09a3
08b8
07c5
0703
0645
0560
045e
0319
016f
ffa4
fe88
fea9
ffc2
015c
02d0
03e6
043c
0439
03e5
03d6
040a
0449
0432
036a
01d3
ff87
fd33
fb1a
f9d9
f96d
f9cd
fa57
faa6
faba
fa97
faa1
fb35
fca6
fe4a
ffb1
0014
ff7f
fe08
fc27
fa53
f8f9
f84d
f818
f826
f7e1
f751
f6df
f71d
f85d
fa87
fd49
fff4
01e4
02e6
0301
0271
01d6
01c6
0208
0205
0162
002e
feab
fd4b
fc77
fc8b
fdaa
ff89
017e
0317
041e
04c2
0566
0664
07af
08d7
09a6
09ea
094b
077a
04fb
02dc
01b7
0157
0152
0143
012a
0109
00e1
0115
01cc
0358
0541
06e1
079f
0724
05b7
03d3
021e
00a3
ff6b
fe4a
fd19
fbb3
fa24
f8ad
f7e8
f82f
f970
fb01
fca1
fde1
fe5d
fe1e
fd93
fd52
fd5b
fd79
fd78
fcfb
fbde
fa34
f872
f708
f68c
f6f2
f82b
f9be
fb39
fc33
fcdc
fd92
fee1
00b3
0292
040e
04c2
0484
0336
0152
ffb2
febd
fe72
fe68
fe9b
fea5
feba
fed7
ff8b
0127
0390
0615
0842
09a9
0a1c
09a7
08bb
07c8
0706
0647
0561
045f
0319
016e
ffa2
fe86
fea7
ffc1
015a
02cf
03e5
043b
0439
03e5
03d7
040b
044a
0433
036c
01d6
ff8a
fd36
fb1d
f9dd
f971
f9d1
fa5b
faaa
fabe
fa9b
faa5
fb38
fca8
fe4b
ffb2
0014
ff7f
fe07
fc26
fa52
f8f8
f84b
f817
f824
f7e0
f750
f6de
f71c
f85c
fa85
fd48
fff3
01e4
02e7
0301
0272
01d7
01c8
020a
0208
0166
0032
feb0
fd4f
fc7b
fc8f
fdae
ff8d
0181
0319
041f
04c3
0567
0665
07af
08d7
09a5
09e9
0949
0778
04f8
02d7
01b2
0151
014c
013c
0122
0101
00d9
010c
01c4
0351
053a
06db
079b
0721
05b6
03d3
0220
00a6
ff6e
fe4e
fd1e
fbb6
fa28
f8b0
f7ea
f831
f972
fb02
fca1
fde1
fe5e
fe1f
fd93
fd53
fd5c
fd79
fd78
fcfb
fbdd
fa33
f871
f707
f68b
f6f2
f82c
f9bf
fb3c
fc37
fcdf
fd96
fee5
00b7
0296
0412
04c5
0486
0337
0153
ffb2
febe
fe72
fe68
fe9a
fea4
feb8
fed5
ff88
0124
038d
0612
083d
09a4
0a17
09a2
08b6
07c3
0702
0643
055f
045e
0319
0170
ffa6
fe8a
feac
ffc5
015f
02d4
03ea
043f
043d
03e8
03d9
040c
044b
0433
036a
01d3
ff86
fd32
fb18
f9d7
f96b
f9cb
fa55
faa5
fab9
fa96
faa0
fb35
fca5
fe49
ffb0
0012
ff7d
fe06
fc25
fa51
f8f6
f84a
f815
f823
f7df
f750
f6df
f71d
f85f
fa88
fd4b
fff7
01e7
02ea
0304
0275
01da
01c9
020b
0209
0166
0031
feae
fd4d
fc77
fc8b
fda8
ff86
017a
0313
0419
04bd
0561
0660
07ab
08d4
09a3
09e8
0949
0779
04fa
02db
01b6
0156
0151
0141
0128
0106
00df
0112
01c9
0357
0540
06e0
079f
0725
05b9
03d5
0220
00a6
ff6d
fe4c
fd1a
fbb2
fa22
f8ab
f7e5
f82c
f96d
fafe
fc9e
fdde
fe5c
fe1e
fd93
fd54
fd5e
fd7c
fd7c
fcff
fbe1
fa36
f874
f70a
f68e
f6f4
f82d
f9c0
fb3b
fc35
fcdd
fd93
fee1
00b3
0292
040e
04c1
0483
0334
0150
ffaf
feba
fe6f
fe65
fe97
fea2
feb6
fed3
ff87
0124
038d
0612
083e
09a5
0a18
09a3
08b8
07c5
0703
0645
0560
045e
0319
016f
ffa4
fe88
fea9
ffc2
015c
02d0
03e6
043c
0439
03e5
03d6
040a
0449
0432
036a
01d3
ff87
fd33
fb1a
f9d9
f96d
f9cd
fa57
faa6
faba
fa97
faa1
fb35
fca6
fe4a
ffb1
0014
ff7f
fe08
fc27
fa53
f8f9
f84d
f818
f826
f7e1
f751
f6df
f71d
f85d
fa87
fd49
fff4
01e4
02e6
0301
0271
01d6
01c6
0208
0205
0162
002e
feab
fd4b
fc77
fc8b
fdaa
ff89
017e
0317
041e
04c2
0566
0664
07af
08d7
09a6
09ea
094b
077a
04fb
02dc
01b7
0157
0152
0143
012a
0109
00e1
0115
01cc
0358
0541
06e1
079f
0724
05b7
03d3
021e
00a3
ff6b
fe4a
fd19
fbb3
fa24
f8ad
f7e8
f82f
f970
fb01
fca1
fde1
fe5d
fe1e
fd93
fd52
fd5b
fd79
fd78
fcfb
fbde
fa34
f872
f708
f68c
f6f2
f82b
f9be
fb39
fc33
fcdc
fd92
fee1
00b3
0292
040e
04c2
0484
0336
0152
ffb2
febd
fe72
fe68
fe9b
fea5
feba
fed7
ff8b
0127
0390
0615
0842
09a9
0a1c
09a7
08bb
07c8
0706
0647
0561
045f
0319
016e
ffa2
fe86
fea7
ffc1
015a
02cf
03e5
043b
0439
03e5
03d7
040b
044a
0433
036c
01d6
ff8a
fd36
fb1d
f9dd
f971
f9d1
fa5b
faaa
fabe
fa9b
faa5
fb38
fca8
fe4b
ffb2
0014
ff7f
fe07
fc26
fa52
f8f8
f84b
f817
f824
f7e0
f750
f6de
f71c
f85c
fa85
fd48
fff3
01e4
02e7
0301
0272
01d7
01c8
020a
0208
0166
0032
feb0
fd4f
fc7b
fc8f
fdae
ff8d
0181
0319
041f
04c3
0567
0665
07af
08d7
09a5
09e9
0949
0778
04f8
02d7
01b2
0151
014c
013c
0122
0101
00d9
010c
01c4
0351
053a
06db
079b
0721
05b6
03d3
0220
00a6
ff6e
fe4e
fd1e
fbb6
fa28
f8b0
f7ea
f831
f972
fb02
fca1
fde1
fe5e
fe1f
fd93
fd53
fd5c
fd79
fd78
fcfb
fbdd
fa33
f871
f707
f68b
f6f2
f82c
f9bf
fb3c
fc37
fcdf
fd96
fee5
00b7
0296
0412
04c5
0486
0337
0153
ffb2
febe
fe72
fe68
fe9a
fea4
feb8
fed5
ff88
0124
038d
0612
083d
09a4
0a17
09a2
08b6
07c3
0702
0643
055f
045e
0319
0170
ffa6
fe8a
feac
ffc5
015f
02d4
03ea
043f
043d
03e8
03d9
040c
044b
0433
036a
01d3
ff86
fd32
fb18
f9d7
f96b
f9cb
fa55
faa5
fab9
fa96
faa0
fb35
fca5
fe49
ffb0
0012
ff7d
fe06
fc25
fa51
f8f6
f84a
f815
f823
f7df
f750
f6df
f71d
f85f
fa88
fd4b
fff7
01e7
02ea
0304
0275
01da
01c9
020b
0209
0166
0031
feae
fd4d
fc77
fc8b
fda8
ff86
017a
0313
0419
04bd
0561
0660
07ab
08d4
09a3
09e8
0949
0779
04fa
02db
01b6
0156
0151
0141
0128
0106
00df
0112
01c9
0357
0540
06e0
079f
0725
05b9
03d5
0220
00a6
ff6d
fe4c
fd1a
fbb2
fa22
f8ab
f7e5
f82c
f96d
fafe
fc9e
fdde
fe5c
fe1e
fd93
fd54
fd5e
fd7c
fd7c
fcff
fbe1
fa36
f874
f70a
f68e
f6f4
f82d
f9c0
fb3b
fc35
fcdd
fd93
fee1
00b3
0292
040e
04c1
0483
0334
0150
ffaf
feba
fe6f
fe65
fe97
fea2
feb6
fed3
ff87
0124
038d
0612
083e
09a5
0a18
09a3
08b8
07c5
0703
0645
0560
045e
0319
016f
ffa4
fe88
fea9
ffc2
015c
02d0
03e6
043c
0439
03e5
03d6
040a
0449
0432
036a
01d3
ff87
fd33
fb1a
f9d9
f96d
f9cd
fa57
faa6
faba
fa97
faa1
fb35
fca6
fe4a
ffb1
0014
ff7f
fe08
fc27
fa53
f8f9
f84d
f818
f826
f7e1
f751
f6df
f71d
f85d
fa87
fd49
fff4
01e4
02e6
0301
0271
01d6
01c6
0208
0205
0162
002e
feab
fd4b
fc77
fc8b
fdaa
ff89
017e
0317
041e
04c2
0566
0664
07af
08d7
09a6
09ea
094b
077a
04fb
02dc
01b7
0157
0152
0143
012a
0109
00e1
0115
01cc
0358
0541
06e1
079f
0724
05b7
03d3
021e
00a3
ff6b
fe4a
fd19
fbb3
fa24
f8ad
f7e8
f82f
f970
fb01
fca1
fde1
fe5d
fe1e
fd93
fd52
fd5b
fd79
fd78
fcfb
fbde
fa34
f872
f708
f68c
f6f2
f82b
f9be
fb39
fc33
fcdc
fd92
fee1
00b3
0292
040e
04c2
0484
0336
0152
ffb2
febd
fe72
fe68
fe9b
fea5
feba
fed7
ff8b
0127
0390
0615
0842
09a9
0a1c
09a7
08bb
07c8
0706
0647
0561
045f
0319
016e
ffa2
fe86
fea7
ffc1
015a
02cf
03e5
043b
0439
03e5
03d7
040b
044a
0433
036c
01d6
ff8a
fd36
fb1d
f9dd
f971
f9d1
fa5b
faaa
fabe
fa9b
faa5
fb38
fca8
fe4b
ffb2
0014
ff7f
fe07
fc26
fa52
f8f8
f84b
f817
f824
f7e0
f750
f6de
f71c
f85c
fa85
fd48
fff3
01e4
02e7
0301
0272
01d7
01c8
020a
0208
0166
0032
feb0
fd4f
fc7b
fc8f
fdae
ff8d
0181
0319
041f
04c3
0567
0665
07af
08d7
09a5
09e9
0949
0778
04f8
02d7
01b2
0151
014c
013c
0122
0101
00d9
010c
01c4
0351
053a
06db
079b
0721
05b6
03d3
0220
00a6
ff6e
fe4e
fd1e
fbb6
fa28
f8b0
f7ea
f831
f972
fb02
fca1
fde1
fe5e
fe1f
fd93
fd53
fd5c
fd79
fd78
fcfb
fbdd
fa33
f871
f707
f68b
f6f2
f82c
f9bf
fb3c
fc37
fcdf
fd96
fee5
00b7
0296
0412
04c5
0486
0337
0153
ffb2
febe
fe72
fe68
fe9a
fea4
feb8
fed5
ff88
0124
038d
0612
083d
09a4
0a17
09a2
08b6
07c3
0702
0643
055f
045e
0319
0170
ffa6
fe8a
feac
ffc5
015f
02d4
03ea
043f
043d
03e8
03d9
040c
044b
0433
036a
01d3
ff86
fd32
fb18
f9d7
f96b
f9cb
fa55
faa5
fab9
fa96
faa0
fb35
fca5
fe49
ffb0
0012
ff7d
fe06
fc25
fa51
f8f6
f84a
f815
f823
f7df
f750
f6df
f71d
f85f
fa88
fd4b
fff7
01e7
02ea
0304
0275
01da
01c9
020b
0209
0166
0031
feae
fd4d
fc77
fc8b
fda8
ff86
017a
0313
0419
04bd
0561
0660
07ab
08d4
09a3
09e8
0949
0779
04fa
02db
01b6
0156
0151
0141
0128
0106
00df
0112
01c9
0357
0540
06e0
079f
0725
05b9
03d5
0220
00a6
ff6d
fe4c
fd1a
fbb2
fa22
f8ab
f7e5
f82c
f96d
fafe
fc9e
fdde
fe5c
fe1e
fd93
fd54
fd5e
fd7c
fd7c
fcff
fbe1
fa36
f874
f70a
f68e
f6f4
f82d
f9c0
fb3b
fc35
fcdd
fd93
fee1
00b3
0292
040e
04c1
0483
0334
0150
ffaf
feba
fe6f
fe65
fe97
fea2
feb6
fed3
ff87
0124
038d
0612
083e
09a5
0a18
09a3
08b8
07c5
0703
0645
0560
045e
0319
016f
ffa4
fe88
fea9
ffc2
015c
02d0
03e6
043c
0439
03e5
03d6
040a
0449
0432
036a
01d3
ff87
fd33
fb1a
f9d9
f96d
f9cd
fa57
faa6
faba
fa97
faa1
fb35
fca6
fe4a
ffb1
0014
ff7f
fe08
fc27
fa53
f8f9
f84d
f818
f826
f7e1
f751
f6df
f71d
f85d
fa87
fd49
fff4
01e4
02e6
0301
0271
01d6
01c6
0208
0205
0162
002e
feab
fd4b
fc77
fc8b
fdaa
ff89
017e
0317
041e
04c2
0566
0664
07af
08d7
09a6
09ea
094b
077a
04fb
02dc
01b7
0157
0152
0143
012a
0109
00e1
0115
01cc
0358
0541
06e1
079f
0724
05b7
03d3
021e
00a3
ff6b
fe4a
fd19
fbb3
fa24
f8ad
f7e8
f82f
f970
fb01
fca1
fde1
fe5d
fe1e
fd93
fd52
fd5b
fd79
fd78
fcfb
fbde
fa34
f872
f708
f68c
f6f2
f82b
f9be
fb39
fc33
fcdc
fd92
fee1
00b3
0292
040e
04c2
0484
0336
0152
ffb2
febd
fe72
fe68
fe9b
fea5
feba
fed7
ff8b
0127
0390
0615
0842
09a9
0a1c
09a7
08bb
07c8
0706
0647
0561
045f
0319
016e
ffa2
fe86
fea7
ffc1
015a
02cf
03e5
043b
0439
03e5
03d7
040b
044a
0433
036c
01d6
ff8a
fd36
fb1d
f9dd
f971
f9d1
fa5b
faaa
fabe
fa9b
faa5
fb38
fca8
fe4b
ffb2
0014
ff7f
fe07
fc26
fa52
f8f8
f84b
f817
f824
f7e0
f750
f6de
f71c
f85c
fa85
fd48
fff3
01e4
02e7
0301
0272
01d7
01c8
020a
0208
0166
0032
feb0
fd4f
fc7b
fc8f
fdae
ff8d
0181
0319
041f
04c3
0567
0665
07af
08d7
09a5
09e9
0949
0778
04f8
02d7
01b2
0151
014c
013c
0122
0101
00d9
010c
01c4
0351
053a
06db
079b
0721
05b6
03d3
0220
00a6
ff6e
fe4e
fd1e
fbb6
fa28
f8b0
f7ea
f831
f972
fb02
fca1
fde1
fe5e
fe1f
fd93
fd53
fd5c
fd79
fd78
fcfb
fbdd
fa33
f871
f707
f68b
f6f2
f82c
f9bf
fb3c
fc37
fcdf
fd96
fee5
00b7
0296
0412
04c5
0486
0337
0153
ffb2
febe
fe72
fe68
fe9a
fea4
feb8
fed5
ff88
0124
038d
0612
083d
09a4
0a17
09a2
08b6
07c3
0702
0643
055f
045e
0319
0170
ffa6
fe8a
feac
ffc5
015f
02d4
03ea
043f
043d
03e8
03d9
040c
044b
0433
036a
01d3
ff86
fd32
fb18
f9d7
f96b
f9cb
fa55
faa5
fab9
fa96
faa0
fb35
fca5
fe49
ffb0
0012
ff7d
fe06
fc25
fa51
f8f6
f84a
f815
f823
f7df
f750
f6df
f71d
f85f
fa88
fd4b
fff7
01e7
02ea
0304
0275
01da
01c9
020b
0209
0166
0031
feae
fd4d
fc77
fc8b
fda8
ff86
017a
0313
0419
04bd
0561
0660
07ab
08d4
09a3
09e8
0949
0779
04fa
02db
01b6
0156
0151
0141
0128
0106
00df
0112
01c9
0357
0540
06e0
079f
0725
05b9
03d5
0220
00a6
ff6d
fe4c
fd1a
fbb2
fa22
f8ab
f7e5
f82c
f96d
fafe
fc9e
fdde
fe5c
fe1e
fd93
fd54
fd5e
fd7c
fd7c
fcff
fbe1
fa36
f874
f70a
f68e
f6f4
f82d
f9c0
fb3b
fc35
fcdd
fd93
fee1
00b3
0292
040e
04c1
0483
0334
0150
ffaf
feba
fe6f
fe65
fe97
fea2
feb6
fed3
ff87
0124
038d
0612
083e
09a5
0a18
09a3
08b8
07c5
0703
0645
0560
045e
0319
016f
ffa4
fe88
fea9
ffc2
015c
02d0
03e6
043c
0439
03e5
03d6
040a
0449
0432
036a
01d3
ff87
fd33
fb1a
f9d9
f96d
f9cd
fa57
faa6
faba
fa97
faa1
fb35
fca6
fe4a
ffb1
0014
ff7f
fe08
fc27
fa53
f8f9
f84d
f818
f826
f7e1
f751
f6df
f71d
f85d
fa87
fd49
fff4
01e4
02e6
0301
0271
01d6
01c6
0208
0205
0162
002e
feab
fd4b
fc77
fc8b
fdaa
ff89
017e
0317
041e
04c2
0566
0664
07af
08d7
09a6
09ea
094b
077a
04fb
02dc
01b7
0157
0152
0143
012a
0109
00e1
0115
01cc
0358
0541
06e1
079f
0724
05b7
03d3
021e
00a3
ff6b
fe4a
fd19
fbb3
fa24
f8ad
f7e8
f82f
f970
fb01
fca1
fde1
fe5d
fe1e
fd93
fd52
fd5b
fd79
fd78
fcfb
fbde
fa34
f872
f708
f68c
f6f2
f82b
f9be
fb39
fc33
fcdc
fd92
fee1
00b3
0292
040e
04c2
0484
0336
0152
ffb2
febd
fe72
fe68
fe9b
fea5
feba
fed7
ff8b
0127
0390
0615
0842
09a9
0a1c
09a7
08bb
07c8
0706
0647
0561
045f
0319
016e
ffa2
fe86
fea7
ffc1
015a
02cf
03e5
043b
0439
03e5
03d7
040b
044a
0433
036c
01d6
ff8a
fd36
fb1d
f9dd
f971
f9d1
fa5b
faaa
fabe
fa9b
faa5
fb38
fca8
fe4b
ffb2
0014
ff7f
fe07
fc26
fa52
f8f8
f84b
f817
f824
f7e0
f750
f6de
f71c
f85c
fa85
fd48
fff3
01e4
02e7
0301
0272
01d7
01c8
020a
0208
0166
0032
feb0
fd4f
fc7b
fc8f
fdae
ff8d
0181
0319
041f
04c3
0567
0665
07af
08d7
09a5
09e9
0949
0778
04f8
02d7
01b2
0151
014c
013c
0122
0101
00d9
010c
01c4
0351
053a
06db
079b
0721
05b6
03d3
0220
00a6
ff6e
fe4e
fd1e
fbb6
fa28
f8b0
f7ea
f831
f972
fb02
fca1
fde1
fe5e
fe1f
fd93
fd53
fd5c
fd79
fd78
fcfb
fbdd
fa33
f871
f707
f68b
f6f2
f82c
f9bf
fb3c
fc37
fcdf
fd96
fee5
00b7
0296
0412
04c5
0486
0337
0153
ffb2
febe
fe72
fe68
fe9a
fea4
feb8
fed5
ff88
0124
038d
0612
083d
09a4
0a17
09a2
08b6
07c3
0702
0643
055f
045e
0319
0170
ffa6
fe8a
feac
ffc5
015f
02d4
03ea
043f
043d
03e8
03d9
040c
044b
0433
036a
01d3
ff86
fd32
fb18
f9d7
f96b
f9cb
fa55
faa5
fab9
fa96
faa0
fb35
fca5
fe49
ffb0
0012
ff7d
fe06
fc25
fa51
f8f6
f84a
f815
f823
f7df
f750
f6df
f71d
f85f
fa88
fd4b
fff7
01e7
02ea
0304
0275
01da
01c9
020b
0209
0166
0031
feae
fd4d
fc77
fc8b
fda8
ff86
017a
0313
0419
04bd
0561
0660
07ab
08d4
09a3
09e8
0949
0779
04fa
02db
01b6
0156
0151
0141
0128
0106
00df
0112
01c9
0357
0540
06e0
079f
0725
05b9
03d5
0220
00a6
ff6d
fe4c
fd1a
fbb2
fa22
f8ab
f7e5
f82c
f96d
fafe
fc9e
fdde
fe5c
fe1e
fd93
fd54
fd5e
fd7c
fd7c
fcff
fbe1
fa36
f874
f70a
f68e
f6f4
f82d
f9c0
fb3b
fc35
fcdd
fd93
fee1
00b3
0292
040e
04c1
0483
0334
0150
ffaf
feba
fe6f
fe65
fe97
fea2
feb6
fed3
ff87
0124
038d
0612
083e
09a5
0a18
09a3
08b8
07c5
0703
0645
0560
045e
0319
016f
ffa4
fe88
fea9
ffc2
015c
02d0
03e6
043c
0439
03e5
03d6
040a
0449
0432
036a
01d3
ff87
fd33
fb1a
f9d9
f96d
f9cd
fa57
faa6
faba
fa97
faa1
fb35
fca6
fe4a
ffb1
0014
ff7f
fe08
fc27
fa53
f8f9
f84d
f818
f826
f7e1
f751
f6df
f71d
f85d
fa87
fd49
fff4
01e4
02e6
0301
0271
01d6
01c6
0208
0205
0162
002e
feab
fd4b
fc77
fc8b
fdaa
ff89
017e
0317
041e
04c2
0566
0664
07af
08d7
09a6
09ea
094b
077a
04fb
02dc
01b7
0157
0152
0143
012a
0109
00e1
0115
01cc
0358
0541
06e1
079f
0724
05b7
03d3
021e
00a3
ff6b
fe4a
fd19
fbb3
fa24
f8ad
f7e8
f82f
f970
fb01
fca1
fde1
fe5d
fe1e
fd93
fd52
fd5b
fd79
fd78
fcfb
fbde
fa34
f872
f708
f68c
f6f2
f82b
f9be
fb39
fc33
fcdc
fd92
fee1
00b3
0292
040e
04c2
0484
0336
0152
ffb2
febd
fe72
fe68
fe9b
fea5
feba
fed7
ff8b
0127
0390
0615
0842
09a9
0a1c
09a7
08bb
07c8
0706
0647
0561
045f
0319
016e
ffa2
fe86
fea7
ffc1
015a
02cf
03e5
043b
0439
03e5
03d7
040b
044a
0433
036c
01d6
ff8a
fd36
fb1d
f9dd
f971
f9d1
fa5b
faaa
fabe
fa9b
faa5
fb38
fca8
fe4b
ffb2
0014
ff7f
fe07
fc26
fa52
f8f8
f84b
f817
f824
f7e0
f750
f6de
f71c
f85c
fa85
fd48
fff3
01e4
02e7
0301
0272
01d7
01c8
020a
0208
0166
0032
feb0
fd4f
fc7b
fc8f
fdae
ff8d
0181
0319
041f
04c3
0567
0665
07af
08d7
09a5
09e9
0949
0778
04f8
02d7
01b2
0151
014c
013c
0122
0101
00d9
010c
01c4
0351
053a
06db
079b
0721
05b6
03d3
0220
00a6
ff6e
fe4e
fd1e
fbb6
fa28
f8b0
f7ea
f831
f972
fb02
fca1
fde1
fe5e
fe1f
fd93
fd53
fd5c
fd79
fd78
fcfb
fbdd
fa33
f871
f707
f68b
f6f2
f82c
f9bf
fb3c
fc37
fcdf
fd96
fee5
00b7
0296
0412
04c5
0486
0337
0153
ffb2
febe
fe72
fe68
fe9a
fea4
feb8
fed5
ff88
0124
038d
0612
083d
09a4
0a17
09a2
08b6
07c3
0702
0643
055f
045e
0319
0170
ffa6
fe8a
feac
ffc5
015f
02d4
03ea
043f
043d
03e8
03d9
040c
044b
0433
036a
01d3
ff86
fd32
fb18
f9d7
f96b
f9cb
fa55
faa5
fab9
fa96
faa0
fb35
fca5
fe49
ffb0
0012
ff7d
fe06
fc25
fa51
f8f6
f84a
f815
f823
f7df
f750
f6df
f71d
f85f
fa88
fd4b
fff7
01e7
02ea
0304
0275
01da
01c9
020b
0209
0166
0031
feae
fd4d
fc77
fc8b
fda8
ff86
017a
0313
0419
04bd
0561
0660
07ab
08d4
09a3
09e8
0949
0779
04fa
02db
01b6
0156
0151
0141
0128
0106
00df
0112
01c9
0357
0540
06e0
079f
0725
05b9
03d5
0220
00a6
ff6d
fe4c
fd1a
fbb2
fa22
f8ab
f7e5
f82c
f96d
fafe
fc9e
fdde
fe5c
fe1e
fd93
fd54
fd5e
fd7c
fd7c
fcff
fbe1
fa36
f874
f70a
f68e
f6f4
f82d
f9c0
fb3b
fc35
fcdd
fd93
fee1
00b3
0292
040e
04c1
0483
0334
0150
ffaf
feba
fe6f
fe65
fe97
fea2
feb6
fed3
ff87
0124
038d
0612
083e
09a5
0a18
09a3
08b8
07c5
0703
0645
0560
045e
0319
016f
ffa4
fe88
fea9
ffc2
015c
02d0
03e6
043c
0439
03e5
03d6
040a
0449
0432
036a
01d3
ff87
fd33
fb1a
f9d9
f96d
f9cd
fa57
faa6
faba
fa97
faa1
fb35
fca6
fe4a
ffb1
0014
ff7f
fe08
fc27
fa53
f8f9
f84d
f818
f826
f7e1
f751
f6df
f71d
f85d
fa87
fd49
fff4
01e4
02e6
0301
0271
01d6
01c6
0208
0205
0162
002e
feab
fd4b
fc77
fc8b
fdaa
ff89
017e
0317
041e
04c2
0566
0664
07af
08d7
09a6
09ea
094b
077a
04fb
02dc
01b7
0157
0152
0143
012a
0109
00e1
0115
01cc
0358
0541
06e1
079f
0724
05b7
03d3
021e
00a3
ff6b
fe4a
fd19
fbb3
fa24
f8ad
f7e8
f82f
f970
fb01
fca1
fde1
fe5d
fe1e
fd93
fd52
fd5b
fd79
fd78
fcfb
fbde
fa34
f872
f708
f68c
f6f2
f82b
f9be
fb39
fc33
fcdc
fd92
fee1
00b3
0292
040e
04c2
0484
0336
0152
ffb2
febd
fe72
fe68
fe9b
fea5
feba
fed7
ff8b
0127
0390
0615
0842
09a9
0a1c
09a7
08bb
07c8
0706
0647
0561
045f
0319
016e
ffa2
fe86
fea7
ffc1
015a
02cf
03e5
043b
0439
03e5
03d7
040b
044a
0433
036c
01d6
ff8a
fd36
fb1d
f9dd
f971
f9d1
fa5b
faaa
fabe
fa9b
faa5
fb38
fca8
fe4b
ffb2
0014
ff7f
fe07
fc26
fa52
f8f8
f84b
f817
f824
f7e0
f750
f6de
f71c
f85c
fa85
fd48
fff3
01e4
02e7
0301
0272
01d7
01c8
020a
0208
0166
0032
feb0
fd4f
fc7b
fc8f
fdae
ff8d
0181
0319
041f
04c3
0567
0665
07af
08d7
09a5
09e9
0949
0778
04f8
02d7
01b2
0151
014c
013c
0122
0101
00d9
010c
01c4
0351
053a
06db
079b
0721
05b6
03d3
0220
00a6
ff6e
fe4e
fd1e
fbb6
fa28
f8b0
f7ea
f831
f972
fb02
fca1
fde1
fe5e
fe1f
fd93
fd53
fd5c
fd79
fd78
fcfb
fbdd
fa33
f871
f707
f68b
f6f2
f82c
f9bf
fb3c
fc37
fcdf
fd96
fee5
00b7
0296
0412
04c5
0486
0337
0153
ffb2
febe
fe72
fe68
fe9a
fea4
feb8
fed5
ff88
0124
038d
0612
083d
09a4
0a17
09a2
08b6
07c3
0702
0643
055f
045e
0319
0170
ffa6
fe8a
feac
ffc5
015f
02d4
03ea
043f
043d
03e8
03d9
040c
044b
0433
036a
01d3
ff86
fd32
fb18
f9d7
f96b
f9cb
fa55
faa5
fab9
fa96
faa0
fb35
fca5
fe49
ffb0
0012
ff7d
fe06
fc25
fa51
f8f6
f84a
f815
f823
f7df
f750
f6df
f71d
f85f
fa88
fd4b
fff7
01e7
02ea
0304
0275
01da
01c9
020b
0209
0166
0031
feae
fd4d
fc77
fc8b
fda8
ff86
017a
0313
0419
04bd
0561
0660
07ab
08d4
09a3
09e8
0949
0779
04fa
02db
01b6
0156
0151
0141
0128
0106
00df
0112
01c9
0357
0540
06e0
079f
0725
05b9
03d5
0220
00a6
ff6d
fe4c
fd1a
fbb2
fa22
f8ab
f7e5
f82c
f96d
fafe
fc9e
fdde
fe5c
fe1e
fd93
fd54
fd5e
fd7c
fd7c
fcff
fbe1
fa36
f874
f70a
f68e
f6f4
f82d
f9c0
fb3b
fc35
fcdd
fd93
fee1
00b3
0292
040e
04c1
0483
0334
0150
ffaf
feba
fe6f
fe65
fe97
fea2
feb6
fed3
ff87
0124
038d
0612
083e
09a5
0a18
09a3
08b8
07c5
0703
0645
0560
045e
0319
016f
ffa4
fe88
fea9
ffc2
015c
02d0
03e6
043c
0439
03e5
03d6
040a
0449
0432
036a
01d3
ff87
fd33
fb1a
f9d9
f96d
f9cd
fa57
faa6
faba
fa97
faa1
fb35
fca6
fe4a
ffb1
0014
ff7f
fe08
fc27
fa53
f8f9
f84d
f818
f826
f7e1
f751
f6df
f71d
f85d
fa87
fd49
fff4
01e4
02e6
0301
0271
01d6
01c6
0208
0205
0162
002e
feab
fd4b
fc77
fc8b
fdaa
ff89
017e
0317
041e
04c2
0566
0664
07af
08d7
09a6
09ea
094b
077a
04fb
02dc
01b7
0157
0152
0143
012a
0109
00e1
0115
01cc
0358
0541
06e1
079f
0724
05b7
03d3
021e
00a3
ff6b
fe4a
fd19
fbb3
fa24
f8ad
f7e8
f82f
f970
fb01
fca1
fde1
fe5d
fe1e
fd93
fd52
fd5b
fd79
fd78
fcfb
fbde
fa34
f872
f708
f68c
f6f2
f82b
f9be
fb39
fc33
fcdc
fd92
fee1
00b3
0292
040e
04c2
0484
0336
0152
ffb2
febd
fe72
fe68
fe9b
fea5
feba
fed7
ff8b
0127
0390
0615
0842
09a9
0a1c
09a7
08bb
07c8
0706
0647
0561
045f
0319
016e
ffa2
fe86
fea7
ffc1
015a
02cf
03e5
043b
0439
03e5
03d7
040b
044a
0433
036c
01d6
ff8a
fd36
fb1d
f9dd
f971
f9d1
fa5b
faaa
fabe
fa9b
faa5
fb38
fca8
fe4b
ffb2
0014
ff7f
fe07
fc26
fa52
f8f8
f84b
f817
f824
f7e0
f750
f6de
f71c
f85c
fa85
fd48
fff3
01e4
02e7
0301
0272
01d7
01c8
020a
0208
0166
0032
feb0
fd4f
fc7b
fc8f
fdae
ff8d
0181
0319
041f
04c3
0567
0665
07af
08d7
09a5
09e9
0949
0778
04f8
02d7
01b2
0151
014c
013c
0122
0101
00d9
010c
01c4
0351
053a
06db
079b
0721
05b6
03d3
0220
00a6
ff6e
fe4e
fd1e
fbb6
fa28
f8b0
f7ea
f831
f972
fb02
fca1
fde1
fe5e
fe1f
fd93
fd53
fd5c
fd79
fd78
fcfb
fbdd
fa33
f871
f707
f68b
f6f2
f82c
f9bf
fb3c
fc37
fcdf
fd96
fee5
00b7
0296
0412
04c5
0486
0337
0153
ffb2
febe
fe72
fe68
fe9a
fea4
feb8
fed5
ff88
0124
038d
0612
083d
09a4
0a17
09a2
08b6
07c3
0702
0643
055f
045e
0319
0170
ffa6
fe8a
feac
ffc5
015f
02d4
03ea
043f
043d
03e8
03d9
040c
044b
0433
036a
01d3
ff86
fd32
fb18
f9d7
f96b
f9cb
fa55
faa5
fab9
fa96
faa0
fb35
fca5
fe49
ffb0
0012
ff7d
fe06
fc25
fa51
f8f6
f84a
f815
f823
f7df
f750
f6df
f71d
f85f
fa88
fd4b
fff7
01e7
02ea
0304
0275
01da
01c9
020b
0209
0166
0031
feae
fd4d
fc77
fc8b
fda8
ff86
017a
0313
0419
04bd
0561
0660
07ab
08d4
09a3
09e8
0949
0779
04fa
02db
01b6
0156
0151
0141
0128
0106
00df
0112
01c9
0357
0540
06e0
079f
0725
05b9
03d5
0220
00a6
ff6d
fe4c
fd1a
fbb2
fa22
f8ab
f7e5
f82c
f96d
fafe
fc9e
fdde
fe5c
fe1e
fd93
fd54
fd5e
fd7c
fd7c
fcff
fbe1
fa36
f874
f70a
f68e
f6f4
f82d
f9c0
fb3b
fc35
fcdd
fd93
fee1
00b3
0292
040e
04c1
0483
0334
0150
ffaf
feba
fe6f
fe65
fe97
fea2
feb6
fed3
ff87
0124
038d
0612
083e
09a5
0a18
09a3
08b8
07c5
0703
0645
0560
045e
0319
016f
ffa4
fe88
fea9
ffc2
015c
02d0
03e6
043c
0439
03e5
03d6
040a
0449
0432
036a
01d3
ff87
fd33
fb1a
f9d9
f96d
f9cd
fa57
faa6
faba
fa97
faa1
fb35
fca6
fe4a
ffb1
0014
ff7f
fe08
fc27
fa53
f8f9
f84d
f818
f826
f7e1
f751
f6df
f71d
f85d
fa87
fd49
fff4
01e4
02e6
0301
0271
01d6
01c6
0208
0205
0162
002e
feab
fd4b
fc77
fc8b
fdaa
ff89
017e
0317
041e
04c2
0566
0664
07af
08d7
09a6
09ea
094b
077a
04fb
02dc
01b7
0157
0152
0143
012a
0109
00e1
0115
01cc
0358
0541
06e1
079f
0724
05b7
03d3
021e
00a3
ff6b
fe4a
fd19
fbb3
fa24
f8ad
f7e8
f82f
f970
fb01
fca1
fde1
fe5d
fe1e
fd93
fd52
fd5b
fd79
fd78
fcfb
fbde
fa34
f872
f708
f68c
f6f2
f82b
f9be
fb39
fc33
fcdc
fd92
fee1
00b3
0292
040e
04c2
0484
0336
0152
ffb2
febd
fe72
fe68
fe9b
fea5
feba
fed7
ff8b
0127
0390
0615
0842
09a9
0a1c
09a7
08bb
07c8
0706
0647
0561
045f
0319
016e
ffa2
fe86
fea7
ffc1
015a
02cf
03e5
043b
0439
03e5
03d7
040b
044a
0433
036c
01d6
ff8a
fd36
fb1d
f9dd
f971
f9d1
fa5b
faaa
fabe
fa9b
faa5
fb38
fca8
fe4b
ffb2
0014
ff7f
fe07
fc26
fa52
f8f8
f84b
f817
f824
f7e0
f750
f6de
f71c
f85c
fa85
fd48
fff3
01e4
02e7
0301
0272
01d7
01c8
020a
0208
0166
0032
feb0
fd4f
fc7b
fc8f
fdae
ff8d
0181
0319
041f
04c3
0567
0665
07af
08d7
09a5
09e9
0949
0778
04f8
02d7
01b2
0151
014c
013c
0122
0101
00d9
010c
01c4
0351
053a
06db
079b
0721
05b6
03d3
0220
00a6
ff6e
fe4e
fd1e
fbb6
fa28
f8b0
f7ea
f831
f972
fb02
fca1
fde1
fe5e
fe1f
fd93
fd53
fd5c
fd79
fd78
fcfb
fbdd
fa33
f871
f707
f68b
f6f2
f82c
f9bf
fb3c
fc37
fcdf
fd96
fee5
00b7
0296
0412
04c5
0486
0337
0153
ffb2
febe
fe72
fe68
fe9a
fea4
feb8
fed5
ff88
0124
038d
0612
083d
09a4
0a17
09a2
08b6
07c3
0702
0643
055f
045e
0319
0170
ffa6
fe8a
feac
ffc5
015f
02d4
03ea
043f
043d
03e8
03d9
040c
044b
0433
036a
01d3
ff86
fd32
fb18
f9d7
f96b
f9cb
fa55
faa5
fab9
fa96
faa0
fb35
fca5
fe49
ffb0
0012
ff7d
fe06
fc25
fa51
f8f6
f84a
f815
f823
f7df
f750
f6df
f71d
f85f
fa88
fd4b
fff7
01e7
02ea
0304
0275
01da
01c9
020b
0209
0166
0031
feae
fd4d
fc77
fc8b
fda8
ff86
017a
0313
0419
04bd
0561
0660
07ab
08d4
09a3
09e8
0949
0779
04fa
02db
01b6
0156
0151
0141
0128
0106
00df
0112
01c9
0357
0540
06e0
079f
0725
05b9
03d5
0220
00a6
ff6d
fe4c
fd1a
fbb2
fa22
f8ab
f7e5
f82c
f96d
fafe
fc9e
fdde
fe5c
fe1e
fd93
fd54
fd5e
fd7c
fd7c
fcff
fbe1
fa36
f874
f70a
f68e
f6f4
f82d
f9c0
fb3b
fc35
fcdd
fd93
fee1
00b3
0292
040e
04c1
0483
0334
0150
ffaf
feba
fe6f
fe65
fe97
fea2
feb6
fed3
ff87
0124
038d
0612
083e
09a5
0a18
09a3
08b8
07c5
0703
0645
0560
045e
0319
016f
ffa4
fe88
fea9
ffc2
015c
02d0
03e6
043c
0439
03e5
03d6
040a
0449
0432
036a
01d3
ff87
fd33
fb1a
f9d9
f96d
f9cd
fa57
faa6
faba
fa97
faa1
fb35
fca6
fe4a
ffb1
0014
ff7f
fe08
fc27
fa53
f8f9
f84d
f818
f826
f7e1
f751
f6df
f71d
f85d
fa87
fd49
fff4
01e4
02e6
0301
0271
01d6
01c6
0208
0205
0162
002e
feab
fd4b
fc77
fc8b
fdaa
ff89
017e
0317
041e
04c2
0566
0664
07af
08d7
09a6
09ea
094b
077a
04fb
02dc
01b7
0157
0152
0143
012a
0109
00e1
0115
01cc
0358
0541
06e1
079f
0724
05b7
03d3
021e
00a3
ff6b
fe4a
fd19
fbb3
fa24
f8ad
f7e8
f82f
f970
fb01
fca1
fde1
fe5d
fe1e
fd93
fd52
fd5b
fd79
fd78
fcfb
fbde
fa34
f872
f708
f68c
f6f2
f82b
f9be
fb39
fc33
fcdc
fd92
fee1
00b3
0292
040e
04c2
0484
0336
0152
ffb2
febd
fe72
fe68
fe9b
fea5
feba
fed7
ff8b
0127
0390
0615
0842
09a9
0a1c
09a7
08bb
07c8
0706
0647
0561
045f
0319
016e
ffa2
fe86
fea7
ffc1
015a
02cf
03e5
043b
0439
03e5
03d7
040b
044a
0433
036c
01d6
ff8a
fd36
fb1d
f9dd
f971
f9d1
fa5b
faaa
fabe
fa9b
faa5
fb38
fca8
fe4b
ffb2
0014
ff7f
fe07
fc26
fa52
f8f8
f84b
f817
f824
f7e0
f750
f6de
f71c
f85c
fa85
fd48
fff3
01e4
02e7
0301
0272
01d7
01c8
020a
0208
0166
0032
feb0
fd4f
fc7b
fc8f
fdae
ff8d
0181
0319
041f
04c3
0567
0665
07af
08d7
09a5
09e9
0949
0778
04f8
02d7
01b2
0151
014c
013c
0122
0101
00d9
010c
01c4
0351
053a
06db
079b
0721
05b6
03d3
0220
00a6
ff6e
fe4e
fd1e
fbb6
fa28
f8b0
f7ea
f831
f972
fb02
fca1
fde1
fe5e
fe1f
fd93
fe37
fe3d
fe51
fe50
fdfc
fd3e
fc22
faf6
fa04
f9b2
f9f7
fac8
fbd5
fcd3
fd7a
fdea
fe64
ff43
007a
01b9
02b6
032e
0304
0225
00e2
ffcc
ff29
fef7
fef0
ff11
ff18
ff25
ff38
ffb0
00c3
025e
040c
057e
066d
06ba
066c
05cf
052d
04ac
042d
0395
02e9
0211
00f5
ffc4
ff07
ff1d
ffd9
00ea
01e2
029c
02d5
02d3
029b
0291
02b3
02dc
02cc
0247
0137
ffaf
fe21
fcbb
fbe5
fb9d
fbdc
fc39
fc6e
fc7b
fc64
fc6b
fcce
fdc3
fedb
ffcb
000c
ffa9
feae
fd6e
fc36
fb4f
fadc
fab9
fac2
fa95
fa35
f9ea
fa13
faea
fc5b
fe32
fffa
0145
01f1
0203
01a3
013c
0131
015d
015b
00ee
0021
ff1e
fe33
fda5
fdb2
fe70
ffaf
00fc
020c
02bb
0329
0396
0440
051c
05e2
066d
069b
0631
04fb
0351
01e7
0124
00e4
00e0
00d6
00c5
00af
0094
00b7
0131
023a
0380
0495
0515
04c3
03d0
028e
016b
006e
ff9e
fedd
fe11
fd21
fc17
fb1c
fa98
fac8
fb9e
fca9
fdbe
fe94
fee8
febf
fe62
fe38
fe3f
fe53
fe52
fdff
fd41
fc24
faf8
fa06
f9b4
f9f8
fac8
fbd5
fcd2
fd79
fde9
fe62
ff41
0077
01b7
02b4
032b
0302
0223
00e0
ffca
ff27
fef5
feee
ff0f
ff16
ff24
ff37
ffaf
00c2
025e
040c
057f
066e
06bb
066d
05d0
052e
04ad
042e
0395
02e9
0211
00f5
ffc3
ff05
ff1b
ffd7
00e8
01e0
0299
02d2
02d1
0299
028f
02b1
02db
02cc
0247
0137
ffaf
fe22
fcbc
fbe6
fb9e
fbde
fc3a
fc6e
fc7c
fc64
fc6b
fcce
fdc4
fedc
ffcb
000d
ffaa
feb0
fd6f
fc37
fb51
fade
fabb
fac4
fa96
fa36
f9ea
fa13
fae9
fc5a
fe30
fff8
0143
01ef
0200
01a0
0139
012e
015b
0159
00ec
001f
ff1d
fe32
fda4
fdb2
fe71
ffb1
00ff
020f
02be
032c
0399
0443
051f
05e5
066f
069c
0632
04fc
0352
01e8
0125
00e5
00e1
00d7
00c7
00b1
0096
00b8
0132
023b
0381
0496
0514
04c2
03cf
028c
0169
006d
ff9c
fedc
fe11
fd22
fc18
fb1e
fa9b
faca
fba0
fcab
fdc0
fe96
fee9
febf
fe62
fe37
fe3d
fe50
fe50
fdfd
fd3f
fc22
faf6
fa05
f9b2
f9f7
fac7
fbd4
fcd1
fd77
fde8
fe61
ff40
0077
01b7
02b4
032c
0303
0224
00e1
ffcc
ff29
fef7
fef0
ff12
ff19
ff26
ff3a
ffb2
00c4
0260
040e
0581
0671
06bd
066f
05d2
0530
04ae
042f
0396
02ea
0210
00f4
ffc1
ff04
ff1a
ffd6
00e7
01df
0299
02d2
02d1
0299
028f
02b2
02dc
02cd
0248
0139
ffb1
fe24
fcbe
fbe9
fba1
fbe0
fc3d
fc71
fc7f
fc67
fc6e
fcd0
fdc5
fedd
ffcc
000d
ffaa
feaf
fd6f
fc37
fb50
fadd
faba
fac3
fa95
fa35
f9e9
fa12
fae8
fc59
fe30
fff7
0143
01ef
0201
01a1
013a
0130
015c
015b
00ef
0021
ff20
fe35
fda7
fdb5
fe74
ffb3
0101
0211
02bf
032d
039a
0443
051f
05e5
066e
069b
0631
04fb
0350
01e5
0121
00e1
00dd
00d2
00c1
00ab
0091
00b3
012d
0236
037c
0492
0512
04c1
03ce
028d
016a
006f
ff9f
fedf
fe14
fd24
fc1a
fb20
fa9c
facb
fba1
fcac
fdc1
fe96
fee9
febf
fe62
fe37
fe3d
fe51
fe50
fdfc
fd3e
fc22
faf6
fa04
f9b2
f9f7
fac8
fbd5
fcd3
fd7a
fdea
fe64
ff43
007a
01b9
02b6
032e
0304
0225
00e2
ffcc
ff29
fef7
fef0
ff11
ff18
ff25
ff38
ffb0
00c3
025e
040c
057e
066d
06ba
066c
05cf
052d
04ac
042d
0395
02e9
0211
00f5
ffc4
ff07
ff1d
ffd9
00ea
01e2
029c
02d5
02d3
029b
0291
02b3
02dc
02cc
0247
0137
ffaf
fe21
fcbb
fbe5
fb9d
fbdc
fc39
fc6e
fc7b
fc64
fc6b
fcce
fdc3
fedb
ffcb
000c
ffa9
feae
fd6e
fc36
fb4f
fadc
fab9
fac2
fa95
fa35
f9ea
fa13
faea
fc5b
fe32
fffa
0145
01f1
0203
01a3
013c
0131
015d
015b
00ee
0021
ff1e
fe33
fda5
fdb2
fe70
ffaf
00fc
020c
02bb
0329
0396
0440
051c
05e2
066d
069b
0631
04fb
0351
01e7
0124
00e4
00e0
00d6
00c5
00af
0094
00b7
0131
023a
0380
0495
0515
04c3
03d0
028e
016b
006e
ff9e
fedd
fe11
fd21
fc17
fb1c
fa98
fac8
fb9e
fca9
fdbe
fe94
fee8
febf
fe62
fe38
fe3f
fe53
fe52
fdff
fd41
fc24
faf8
fa06
f9b4
f9f8
fac8
fbd5
fcd2
fd79
fde9
fe62
ff41
0077
01b7
02b4
032b
0302
0223
00e0
ffca
ff27
fef5
feee
ff0f
ff16
ff24
ff37
ffaf
00c2
025e
040c
057f
066e
06bb
066d
05d0
052e
04ad
042e
0395
02e9
0211
00f5
ffc3
ff05
ff1b
ffd7
00e8
01e0
0299
02d2
02d1
0299
028f
02b1
02db
02cc
0247
0137
ffaf
fe22
fcbc
fbe6
fb9e
fbde
fc3a
fc6e
fc7c
fc64
fc6b
fcce
fdc4
fedc
ffcb
000d
ffaa
feb0
fd6f
fc37
fb51
fade
fabb
fac4
fa96
fa36
f9ea
fa13
fae9
fc5a
fe30
fff8
0143
01ef
0200
01a0
0139
012e
015b
0159
00ec
001f
ff1d
fe32
fda4
fdb2
fe71
ffb1
00ff
020f
02be
032c
0399
0443
051f
05e5
066f
069c
0632
04fc
0352
01e8
0125
00e5
00e1
00d7
00c7
00b1
0096
00b8
0132
023b
0381
0496
0514
04c2
03cf
028c
0169
006d
ff9c
fedc
fe11
fd22
fc18
fb1e
fa9b
faca
fba0
fcab
fdc0
fe96
fee9
febf
fe62
fe37
fe3d
fe50
fe50
fdfd
fd3f
fc22
faf6
fa05
f9b2
f9f7
fac7
fbd4
fcd1
fd77
fde8
fe61
ff40
0077
01b7
02b4
032c
0303
0224
00e1
ffcc
ff29
fef7
fef0
ff12
ff19
ff26
ff3a
ffb2
00c4
0260
040e
0581
0671
06bd
066f
05d2
0530
04ae
042f
0396
02ea
0210
00f4
ffc1
ff04
ff1a
ffd6
00e7
01df
0299
02d2
02d1
0299
028f
02b2
02dc
02cd
0248
0139
ffb1
fe24
fcbe
fbe9
fba1
fbe0
fc3d
fc71
fc7f
fc67
fc6e
fcd0
fdc5
fedd
ffcc
000d
ffaa
feaf
fd6f
fc37
fb50
fadd
faba
fac3
fa95
fa35
f9e9
fa12
fae8
fc59
fe30
fff7
0143
01ef
0201
01a1
013a
0130
015c
015b
00ef
0021
ff20
fe35
fda7
fdb5
fe74
ffb3
0101
0211
02bf
032d
039a
0443
051f
05e5
066e
069b
0631
04fb
0350
01e5
0121
00e1
00dd
00d2
00c1
00ab
0091
00b3
012d
0236
037c
0492
0512
04c1
03ce
028d
016a
006f
ff9f
fedf
fe14
fd24
fc1a
fb20
fa9c
facb
fba1
fcac
fdc1
fe96
fee9
febf
fe62
fe37
fe3d
fe51
fe50
fdfc
fd3e
fc22
faf6
fa04
f9b2
f9f7
fac8
fbd5
fcd3
fd7a
fdea
fe64
ff43
007a
01b9
02b6
032e
0304
0225
00e2
ffcc
ff29
fef7
fef0
ff11
ff18
ff25
ff38
ffb0
00c3
025e
040c
057e
066d
06ba
066c
05cf
052d
04ac
042d
0395
02e9
0211
00f5
ffc4
ff07
ff1d
ffd9
00ea
01e2
029c
02d5
02d3
029b
0291
02b3
02dc
02cc
0247
0137
ffaf
fe21
fcbb
fbe5
fb9d
fbdc
fc39
fc6e
fc7b
fc64
fc6b
fcce
fdc3
fedb
ffcb
000c
ffa9
feae
fd6e
fc36
fb4f
fadc
fab9
fac2
fa95
fa35
f9ea
fa13
faea
fc5b
fe32
fffa
0145
01f1
0203
01a3
013c
0131
015d
015b
00ee
0021
ff1e
fe33
fda5
fdb2
fe70
ffaf
00fc
020c
02bb
0329
0396
0440
051c
05e2
066d
069b
0631
04fb
0351
01e7
0124
00e4
00e0
00d6
00c5
00af
0094
00b7
0131
023a
0380
0495
0515
04c3
03d0
028e
016b
006e
ff9e
fedd
fe11
fd21
fc17
fb1c
fa98
fac8
fb9e
fca9
fdbe
fe94
fee8
febf
fe62
fe38
fe3f
fe53
fe52
fdff
fd41
fc24
faf8
fa06
f9b4
f9f8
fac8
fbd5
fcd2
fd79
fde9
fe62
ff41
0077
01b7
02b4
032b
0302
0223
00e0
ffca
ff27
fef5
feee
ff0f
ff16
ff24
ff37
ffaf
00c2
025e
040c
057f
066e
06bb
066d
05d0
052e
04ad
042e
0395
02e9
0211
00f5
ffc3
ff05
ff1b
ffd7
00e8
01e0
0299
02d2
02d1
0299
028f
02b1
02db
02cc
0247
0137
ffaf
fe22
fcbc
fbe6
fb9e
fbde
fc3a
fc6e
fc7c
fc64
fc6b
fcce
fdc4
fedc
ffcb
000d
ffaa
feb0
fd6f
fc37
fb51
fade
fabb
fac4
fa96
fa36
f9ea
fa13
fae9
fc5a
fe30
fff8
0143
01ef
0200
01a0
0139
012e
015b
0159
00ec
001f
ff1d
fe32
fda4
fdb2
fe71
ffb1
00ff
020f
02be
032c
0399
0443
051f
05e5
066f
069c
0632
04fc
0352
01e8
0125
00e5
00e1
00d7
00c7
00b1
0096
00b8
0132
023b
0381
0496
0514
04c2
03cf
028c
0169
006d
ff9c
fedc
fe11
fd22
fc18
fb1e
fa9b
faca
fba0
fcab
fdc0
fe96
fee9
febf
fe62
fe37
fe3d
fe50
fe50
fdfd
fd3f
fc22
faf6
fa05
f9b2
f9f7
fac7
fbd4
fcd1
fd77
fde8
fe61
ff40
0077
01b7
02b4
032c
0303
0224
00e1
ffcc
ff29
fef7
fef0
ff12
ff19
ff26
ff3a
ffb2
00c4
0260
040e
0581
0671
06bd
066f
05d2
0530
04ae
042f
0396
02ea
0210
00f4
ffc1
ff04
ff1a
ffd6
00e7
01df
0299
02d2
02d1
0299
028f
02b2
02dc
02cd
0248
0139
ffb1
fe24
fcbe
fbe9
fba1
fbe0
fc3d
fc71
fc7f
fc67
fc6e
fcd0
fdc5
fedd
ffcc
000d
ffaa
feaf
fd6f
fc37
fb50
fadd
faba
fac3
fa95
fa35
f9e9
fa12
fae8
fc59
fe30
fff7
0143
01ef
0201
01a1
013a
0130
015c
015b
00ef
0021
ff20
fe35
fda7
fdb5
fe74
ffb3
0101
0211
02bf
032d
039a
0443
051f
05e5
066e
069b
0631
04fb
0350
01e5
0121
00e1
00dd
00d2
00c1
00ab
0091
00b3
012d
0236
037c
0492
0512
04c1
03ce
028d
016a
006f
ff9f
fedf
fe14
fd24
fc1a
fb20
fa9c
facb
fba1
fcac
fdc1
fe96
fee9
febf
fe62
fe37
fe3d
fe51
fe50
fdfc
fd3e
fc22
faf6
fa04
f9b2
f9f7
fac8
fbd5
fcd3
fd7a
fdea
fe64
ff43
007a
01b9
02b6
032e
0304
0225
00e2
ffcc
ff29
fef7
fef0
ff11
ff18
ff25
ff38
ffb0
00c3
025e
040c
057e
066d
06ba
066c
05cf
052d
04ac
042d
0395
02e9
0211
00f5
ffc4
ff07
ff1d
ffd9
00ea
01e2
029c
02d5
02d3
029b
0291
02b3
02dc
02cc
0247
0137
ffaf
fe21
fcbb
fbe5
fb9d
fbdc
fc39
fc6e
fc7b
fc64
fc6b
fcce
fdc3
fedb
ffcb
000c
ffa9
feae
fd6e
fc36
fb4f
fadc
fab9
fac2
fa95
fa35
f9ea
fa13
faea
fc5b
fe32
fffa
0145
01f1
0203
01a3
013c
0131
015d
015b
00ee
0021
ff1e
fe33
fda5
fdb2
fe70
ffaf
00fc
020c
02bb
0329
0396
0440
051c
05e2
066d
069b
0631
04fb
0351
01e7
0124
00e4
00e0
00d6
00c5
00af
0094
00b7
0131
023a
0380
0495
0515
04c3
03d0
028e
016b
006e
ff9e
fedd
fe11
fd21
fc17
fb1c
fa98
fac8
fb9e
fca9
fdbe
fe94
fee8
febf
fe62
fe38
fe3f
fe53
fe52
fdff
fd41
fc24
faf8
fa06
f9b4
f9f8
fac8
fbd5
fcd2
fd79
fde9
fe62
ff41
0077
01b7
02b4
032b
0302
0223
00e0
ffca
ff27
fef5
feee
ff0f
ff16
ff24
ff37
ffaf
00c2
025e
040c
057f
066e
06bb
066d
05d0
052e
04ad
042e
0395
02e9
0211
00f5
ffc3
ff05
ff1b
ffd7
00e8
01e0
0299
02d2
02d1
0299
028f
02b1
02db
02cc
0247
0137
ffaf
fe22
fcbc
fbe6
fb9e
fbde
fc3a
fc6e
fc7c
fc64
fc6b
fcce
fdc4
fedc
ffcb
000d
ffaa
feb0
fd6f
fc37
fb51
fade
fabb
fac4
fa96
fa36
f9ea
fa13
fae9
fc5a
fe30
fff8
0143
01ef
0200
01a0
0139
012e
015b
0159
00ec
001f
ff1d
fe32
fda4
fdb2
fe71
ffb1
00ff
020f
02be
032c
0399
0443
051f
05e5
066f
069c
0632
04fc
0352
01e8
0125
00e5
00e1
00d7
00c7
00b1
0096
00b8
0132
023b
0381
0496
0514
04c2
03cf
028c
0169
006d
ff9c
fedc
fe11
fd22
fc18
fb1e
fa9b
faca
fba0
fcab
fdc0
fe96
fee9
febf
fe62
fe37
fe3d
fe50
fe50
fdfd
fd3f
fc22
faf6
fa05
f9b2
f9f7
fac7
fbd4
fcd1
fd77
fde8
fe61
ff40
0077
01b7
02b4
032c
0303
0224
00e1
ffcc
ff29
fef7
fef0
ff12
ff19
ff26
ff3a
ffb2
00c4
0260
040e
0581
0671
06bd
066f
05d2
0530
04ae
042f
0396
02ea
0210
00f4
ffc1
ff04
ff1a
ffd6
00e7
01df
0299
02d2
02d1
0299
028f
02b2
02dc
02cd
0248
0139
ffb1
fe24
fcbe
fbe9
fba1
fbe0
fc3d
fc71
fc7f
fc67
fc6e
fcd0
fdc5
fedd
ffcc
000d
ffaa
feaf
fd6f
fc37
fb50
fadd
faba
fac3
fa95
fa35
f9e9
fa12
fae8
fc59
fe30
fff7
0143
01ef
0201
01a1
013a
0130
015c
015b
00ef
0021
ff20
fe35
fda7
fdb5
fe74
ffb3
0101
0211
02bf
032d
039a
0443
051f
05e5
066e
069b
0631
04fb
0350
01e5
0121
00e1
00dd
00d2
00c1
00ab
0091
00b3
012d
0236
037c
0492
0512
04c1
03ce
028d
016a
006f
ff9f
fedf
fe14
fd24
fc1a
fb20
fa9c
facb
fba1
fcac
fdc1
fe96
fee9
febf
fe62
fe37
fe3d
fe51
fe50
fdfc
fd3e
fc22
faf6
fa04
f9b2
f9f7
fac8
fbd5
fcd3
fd7a
fdea
fe64
ff43
007a
01b9
02b6
032e
0304
0225
00e2
ffcc
ff29
fef7
fef0
ff11
ff18
ff25
ff38
ffb0
00c3
025e
040c
057e
066d
06ba
066c
05cf
052d
04ac
042d
0395
02e9
0211
00f5
ffc4
ff07
ff1d
ffd9
00ea
01e2
029c
02d5
02d3
029b
0291
02b3
02dc
02cc
0247
0137
ffaf
fe21
fcbb
fbe5
fb9d
fbdc
fc39
fc6e
fc7b
fc64
fc6b
fcce
fdc3
fedb
ffcb
000c
ffa9
feae
fd6e
fc36
fb4f
fadc
fab9
fac2
fa95
fa35
f9ea
fa13
faea
fc5b
fe32
fffa
0145
01f1
0203
01a3
013c
0131
015d
015b
00ee
0021
ff1e
fe33
fda5
fdb2
fe70
ffaf
00fc
020c
02bb
0329
0396
0440
051c
05e2
066d
069b
0631
04fb
0351
01e7
0124
00e4
00e0
00d6
00c5
00af
0094
00b7
0131
023a
0380
0495
0515
04c3
03d0
028e
016b
006e
ff9e
fedd
fe11
fd21
fc17
fb1c
fa98
fac8
fb9e
fca9
fdbe
fe94
fee8
febf
fe62
fe38
fe3f
fe53
fe52
fdff
fd41
fc24
faf8
fa06
f9b4
f9f8
fac8
fbd5
fcd2
fd79
fde9
fe62
ff41
0077
01b7
02b4
032b
0302
0223
00e0
ffca
ff27
fef5
feee
ff0f
ff16
ff24
ff37
ffaf
00c2
025e
040c
057f
066e
06bb
066d
05d0
052e
04ad
042e
0395
02e9
0211
00f5
ffc3
ff05
ff1b
ffd7
00e8
01e0
0299
02d2
02d1
0299
028f
02b1
02db
02cc
0247
0137
ffaf
fe22
fcbc
fbe6
fb9e
fbde
fc3a
fc6e
fc7c
fc64
fc6b
fcce
fdc4
fedc
ffcb
000d
ffaa
feb0
fd6f
fc37
fb51
fade
fabb
fac4
fa96
fa36
f9ea
fa13
fae9
fc5a
fe30
fff8
0143
01ef
0200
01a0
0139
012e
015b
0159
00ec
001f
ff1d
fe32
fda4
fdb2
fe71
ffb1
00ff
020f
02be
032c
0399
0443
051f
05e5
066f
069c
0632
04fc
0352
01e8
0125
00e5
00e1
00d7
00c7
00b1
0096
00b8
0132
023b
0381
0496
0514
04c2
03cf
028c
0169
006d
ff9c
fedc
fe11
fd22
fc18
fb1e
fa9b
faca
fba0
fcab
fdc0
fe96
fee9
febf
fe62
fe37
fe3d
fe50
fe50
fdfd
fd3f
fc22
faf6
fa05
f9b2
f9f7
fac7
fbd4
fcd1
fd77
fde8
fe61
ff40
0077
01b7
02b4
032c
0303
0224
00e1
ffcc
ff29
fef7
fef0
ff12
ff19
ff26
ff3a
ffb2
00c4
0260
040e
0581
0671
06bd
066f
05d2
0530
04ae
042f
0396
02ea
0210
00f4
ffc1
ff04
ff1a
ffd6
00e7
01df
0299
02d2
02d1
0299
028f
02b2
02dc
02cd
0248
0139
ffb1
fe24
fcbe
fbe9
fba1
fbe0
fc3d
fc71
fc7f
fc67
fc6e
fcd0
fdc5
fedd
ffcc
000d
ffaa
feaf
fd6f
fc37
fb50
fadd
faba
fac3
fa95
fa35
f9e9
fa12
fae8
fc59
fe30
fff7
0143
01ef
0201
01a1
013a
0130
015c
015b
00ef
0021
ff20
fe35
fda7
fdb5
fe74
ffb3
0101
0211
02bf
032d
039a
0443
051f
05e5
066e
069b
0631
04fb
0350
01e5
0121
00e1
00dd
00d2
00c1
00ab
0091
00b3
012d
0236
037c
0492
0512
04c1
03ce
028d
016a
006f
ff9f
fedf
fe14
fd24
fc1a
fb20
fa9c
facb
fba1
fcac
fdc1
fe96
fee9
febf
fe62
fe37
fe3d
fe51
fe50
fdfc
fd3e
fc22
faf6
fa04
f9b2
f9f7
fac8
fbd5
fcd3
fd7a
fdea
fe64
ff43
007a
01b9
02b6
032e
0304
0225
00e2
ffcc
ff29
fef7
fef0
ff11
ff18
ff25
ff38
ffb0
00c3
025e
040c
057e
066d
06ba
066c
05cf
052d
04ac
042d
0395
02e9
0211
00f5
ffc4
ff07
ff1d
ffd9
00ea
01e2
029c
02d5
02d3
029b
0291
02b3
02dc
02cc
0247
0137
ffaf
fe21
fcbb
fbe5
fb9d
fbdc
fc39
fc6e
fc7b
fc64
fc6b
fcce
fdc3
fedb
ffcb
000c
ffa9
feae
fd6e
fc36
fb4f
fadc
fab9
fac2
fa95
fa35
f9ea
fa13
faea
fc5b
fe32
fffa
0145
01f1
0203
01a3
013c
0131
015d
015b
00ee
0021
ff1e
fe33
fda5
fdb2
fe70
ffaf
00fc
020c
02bb
0329
0396
0440
051c
05e2
066d
069b
0631
04fb
0351
01e7
0124
00e4
00e0
00d6
00c5
00af
0094
00b7
0131
023a
0380
0495
0515
04c3
03d0
028e
016b
006e
ff9e
fedd
fe11
fd21
fc17
fb1c
fa98
fac8
fb9e
fca9
fdbe
fe94
fee8
febf
fe62
fe38
fe3f
fe53
fe52
fdff
fd41
fc24
faf8
fa06
f9b4
f9f8
fac8
fbd5
fcd2
fd79
fde9
fe62
ff41
0077
01b7
02b4
032b
0302
0223
00e0
ffca
ff27
fef5
feee
ff0f
ff16
ff24
ff37
ffaf
00c2
025e
040c
057f
066e
06bb
066d
05d0
052e
04ad
042e
0395
02e9
0211
00f5
ffc3
ff05
ff1b
ffd7
00e8
01e0
0299
02d2
02d1
0299
028f
02b1
02db
02cc
0247
0137
ffaf
fe22
fcbc
fbe6
fb9e
fbde
fc3a
fc6e
fc7c
fc64
fc6b
fcce
fdc4
fedc
ffcb
000d
ffaa
feb0
fd6f
fc37
fb51
fade
fabb
fac4
fa96
fa36
f9ea
fa13
fae9
fc5a
fe30
fff8
0143
01ef
0200
01a0
0139
012e
015b
0159
00ec
001f
ff1d
fe32
fda4
fdb2
fe71
ffb1
00ff
020f
02be
032c
0399
0443
051f
05e5
066f
069c
0632
04fc
0352
01e8
0125
00e5
00e1
00d7
00c7
00b1
0096
00b8
0132
023b
0381
0496
0514
04c2
03cf
028c
0169
006d
ff9c
fedc
fe11
fd22
fc18
fb1e
fa9b
faca
fba0
fcab
fdc0
fe96
fee9
febf
fe62
fe37
fe3d
fe50
fe50
fdfd
fd3f
fc22
faf6
fa05
f9b2
f9f7
fac7
fbd4
fcd1
fd77
fde8
fe61
ff40
0077
01b7
02b4
032c
0303
0224
00e1
ffcc
ff29
fef7
fef0
ff12
ff19
ff26
ff3a
ffb2
00c4
0260
040e
0581
0671
06bd
066f
05d2
0530
04ae
042f
0396
02ea
0210
00f4
ffc1
ff04
ff1a
ffd6
00e7
01df
0299
02d2
02d1
0299
028f
02b2
02dc
02cd
0248
0139
ffb1
fe24
fcbe
fbe9
fba1
fbe0
fc3d
fc71
fc7f
fc67
fc6e
fcd0
fdc5
fedd
ffcc
000d
ffaa
feaf
fd6f
fc37
fb50
fadd
faba
fac3
fa95
fa35
f9e9
fa12
fae8
fc59
fe30
fff7
0143
01ef
0201
01a1
013a
0130
015c
015b
00ef
0021
ff20
fe35
fda7
fdb5
fe74
ffb3
0101
0211
02bf
032d
039a
0443
051f
05e5
066e
069b
0631
04fb
0350
01e5
0121
00e1
00dd
00d2
00c1
00ab
0091
00b3
012d
0236
037c
0492
0512
04c1
03ce
028d
016a
006f
ff9f
fedf
fe14
fd24
fc1a
fb20
fa9c
facb
fba1
fcac
fdc1
fe96
fee9
febf
fe62
fe37
fe3d
fe51
fe50
fdfc
fd3e
fc22
faf6
fa04
f9b2
f9f7
fac8
fbd5
fcd3
fd7a
fdea
fe64
ff43
007a
01b9
02b6
032e
0304
0225
00e2
ffcc
ff29
fef7
fef0
ff11
ff18
ff25
ff38
ffb0
00c3
025e
040c
057e
066d
06ba
066c
05cf
052d
04ac
042d
0395
02e9
0211
00f5
ffc4
ff07
ff1d
ffd9
00ea
01e2
029c
02d5
02d3
029b
0291
02b3
02dc
02cc
0247
0137
ffaf
fe21
fcbb
fbe5
fb9d
fbdc
fc39
fc6e
fc7b
fc64
fc6b
fcce
fdc3
fedb
ffcb
000c
ffa9
feae
fd6e
fc36
fb4f
fadc
fab9
fac2
fa95
fa35
f9ea
fa13
faea
fc5b
fe32
fffa
0145
01f1
0203
01a3
013c
0131
015d
015b
00ee
0021
ff1e
fe33
fda5
fdb2
fe70
ffaf
00fc
020c
02bb
0329
0396
0440
051c
05e2
066d
069b
0631
04fb
0351
01e7
0124
00e4
00e0
00d6
00c5
00af
0094
00b7
0131
023a
0380
0495
0515
04c3
03d0
028e
016b
006e
ff9e
fedd
fe11
fd21
fc17
fb1c
fa98
fac8
fb9e
fca9
fdbe
fe94
fee8
febf
fe62
fe38
fe3f
fe53
fe52
fdff
fd41
fc24
faf8
fa06
f9b4
f9f8
fac8
fbd5
fcd2
fd79
fde9
fe62
ff41
0077
01b7
02b4
032b
0302
0223
00e0
ffca
ff27
fef5
feee
ff0f
ff16
ff24
ff37
ffaf
00c2
025e
040c
057f
066e
06bb
066d
05d0
052e
04ad
042e
0395
02e9
0211
00f5
ffc3
ff05
ff1b
ffd7
00e8
01e0
0299
02d2
02d1
0299
028f
02b1
02db
02cc
0247
0137
ffaf
fe22
fcbc
fbe6
fb9e
fbde
fc3a
fc6e
fc7c
fc64
fc6b
fcce
fdc4
fedc
ffcb
000d
ffaa
feb0
fd6f
fc37
fb51
fade
fabb
fac4
fa96
fa36
f9ea
fa13
fae9
fc5a
fe30
fff8
0143
01ef
0200
01a0
0139
012e
015b
0159
00ec
001f
ff1d
fe32
fda4
fdb2
fe71
ffb1
00ff
020f
02be
032c
0399
0443
051f
05e5
066f
069c
0632
04fc
0352
01e8
0125
00e5
00e1
00d7
00c7
00b1
0096
00b8
0132
023b
0381
0496
0514
04c2
03cf
028c
0169
006d
ff9c
fedc
fe11
fd22
fc18
fb1e
fa9b
faca
fba0
fcab
fdc0
fe96
fee9
febf
fe62
fe37
fe3d
fe50
fe50
fdfd
fd3f
fc22
faf6
fa05
f9b2
f9f7
fac7
fbd4
fcd1
fd77
fde8
fe61
ff40
0077
01b7
02b4
032c
0303
0224
00e1
ffcc
ff29
fef7
fef0
ff12
ff19
ff26
ff3a
ffb2
00c4
0260
040e
0581
0671
06bd
066f
05d2
0530
04ae
042f
0396
02ea
0210
00f4
ffc1
ff04
ff1a
ffd6
00e7
01df
0299
02d2
02d1
0299
028f
02b2
02dc
02cd
0248
0139
ffb1
fe24
fcbe
fbe9
fba1
fbe0
fc3d
fc71
fc7f
fc67
fc6e
fcd0
fdc5
fedd
ffcc
000d
ffaa
feaf
fd6f
fc37
fb50
fadd
faba
fac3
fa95
fa35
f9e9
fa12
fae8
fc59
fe30
fff7
0143
01ef
0201
01a1
013a
0130
015c
015b
00ef
0021
ff20
fe35
fda7
fdb5
fe74
ffb3
0101
0211
02bf
032d
039a
0443
051f
05e5
066e
069b
0631
04fb
0350
01e5
0121
00e1
00dd
00d2
00c1
00ab
0091
00b3
012d
0236
037c
0492
0512
04c1
03ce
028d
016a
006f
ff9f
fedf
fe14
fd24
fc1a
fb20
fa9c
facb
fba1
fcac
fdc1
fe96
fee9
febf
fe62
fe37
fe3d
fe51
fe50
fdfc
fd3e
fc22
faf6
fa04
f9b2
f9f7
fac8
fbd5
fcd3
fd7a
fdea
fe64
ff43
007a
01b9
02b6
032e
0304
0225
00e2
ffcc
ff29
fef7
fef0
ff11
ff18
ff25
ff38
ffb0
00c3
025e
040c
057e
066d
06ba
066c
05cf
052d
04ac
042d
0395
02e9
0211
00f5
ffc4
ff07
ff1d
ffd9
00ea
01e2
029c
02d5
02d3
029b
0291
02b3
02dc
02cc
0247
0137
ffaf
fe21
fcbb
fbe5
fb9d
fbdc
fc39
fc6e
fc7b
fc64
fc6b
fcce
fdc3
fedb
ffcb
000c
ffa9
feae
fd6e
fc36
fb4f
fadc
fab9
fac2
fa95
fa35
f9ea
fa13
faea
fc5b
fe32
fffa
0145
01f1
0203
01a3
013c
0131
015d
015b
00ee
0021
ff1e
fe33
fda5
fdb2
fe70
ffaf
00fc
020c
02bb
0329
0396
0440
051c
05e2
066d
069b
0631
04fb
0351
01e7
0124
00e4
00e0
00d6
00c5
00af
0094
00b7
0131
023a
0380
0495
0515
04c3
03d0
028e
016b
006e
ff9e
fedd
fe11
fd21
fc17
fb1c
fa98
fac8
fb9e
fca9
fdbe
fe94
fee8
febf
fe62
fe38
fe3f
fe53
fe52
fdff
fd41
fc24
faf8
fa06
f9b4
f9f8
fac8
fbd5
fcd2
fd79
fde9
fe62
ff41
0077
01b7
02b4
032b
0302
0223
00e0
ffca
ff27
fef5
feee
ff0f
ff16
ff24
ff37
ffaf
00c2
025e
040c
057f
066e
06bb
066d
05d0
052e
04ad
042e
0395
02e9
0211
00f5
ffc3
ff05
ff1b
ffd7
00e8
01e0
0299
02d2
02d1
0299
028f
02b1
02db
02cc
0247
0137
ffaf
fe22
fcbc
fbe6
fb9e
fbde
fc3a
fc6e
fc7c
fc64
fc6b
fcce
fdc4
fedc
ffcb
000d
ffaa
feb0
fd6f
fc37
fb51
fade
fabb
fac4
fa96
fa36
f9ea
fa13
fae9
fc5a
fe30
fff8
0143
01ef
0200
01a0
0139
012e
015b
0159
00ec
001f
ff1d
fe32
fda4
fdb2
fe71
ffb1
00ff
020f
02be
032c
0399
0443
051f
05e5
066f
069c
0632
04fc
0352
01e8
0125
00e5
00e1
00d7
00c7
00b1
0096
00b8
0132
023b
0381
0496
0514
04c2
03cf
028c
0169
006d
ff9c
fedc
fe11
fd22
fc18
fb1e
fa9b
faca
fba0
fcab
fdc0
fe96
fee9
febf
fe62
fe37
fe3d
fe50
fe50
fdfd
fd3f
fc22
faf6
fa05
f9b2
f9f7
fac7
fbd4
fcd1
fd77
fde8
fe61
ff40
0077
01b7
02b4
032c
0303
0224
00e1
ffcc
ff29
fef7
fef0
ff12
ff19
ff26
ff3a
ffb2
00c4
0260
040e
0581
0671
06bd
066f
05d2
0530
04ae
042f
0396
02ea
0210
00f4
ffc1
ff04
ff1a
ffd6
00e7
01df
0299
02d2
02d1
0299
028f
02b2
02dc
02cd
0248
0139
ffb1
fe24
fcbe
fbe9
fba1
fbe0
fc3d
fc71
fc7f
fc67
fc6e
fcd0
fdc5
fedd
ffcc
000d
ffaa
feaf
fd6f
fc37
fb50
fadd
faba
fac3
fa95
fa35
f9e9
fa12
fae8
fc59
fe30
fff7
0143
01ef
0201
01a1
013a
0130
015c
015b
00ef
0021
ff20
fe35
fda7
fdb5
fe74
ffb3
0101
0211
02bf
032d
039a
0443
051f
05e5
066e
069b
0631
04fb
0350
01e5
0121
00e1
00dd
00d2
00c1
00ab
0091
00b3
012d
0236
037c
0492
0512
04c1
03ce
028d
016a
006f
ff9f
fedf
fe14
fd24
fc1a
fb20
fa9c
facb
fba1
fcac
fdc1
fe96
fee9
febf
fe62
fe37
fe3d
fe51
fe50
fdfc
fd3e
fc22
faf6
fa04
f9b2
f9f7
fac8
fbd5
fcd3
fd7a
fdea
fe64
ff43
007a
01b9
02b6
032e
0304
0225
00e2
ffcc
ff29
fef7
fef0
ff11
ff18
ff25
ff38
ffb0
00c3
025e
040c
057e
066d
06ba
066c
05cf
052d
04ac
042d
0395
02e9
0211
00f5
ffc4
ff07
ff1d
ffd9
00ea
01e2
029c
02d5
02d3
029b
0291
02b3
02dc
02cc
0247
0137
ffaf
fe21
fcbb
fbe5
fb9d
fbdc
fc39
fc6e
fc7b
fc64
fc6b
fcce
fdc3
fedb
ffcb
000c
ffa9
feae
fd6e
fc36
fb4f
fadc
fab9
fac2
fa95
fa35
f9ea
fa13
faea
fc5b
fe32
fffa
0145
01f1
0203
01a3
013c
0131
015d
015b
00ee
0021
ff1e
fe33
fda5
fdb2
fe70
ffaf
00fc
020c
02bb
0329
0396
0440
051c
05e2
066d
069b
0631
04fb
0351
01e7
0124
00e4
00e0
00d6
00c5
00af
0094
00b7
0131
023a
0380
0495
0515
04c3
03d0
028e
016b
006e
ff9e
fedd
fe11
fd21
fc17
fb1c
fa98
fac8
fb9e
fca9
fdbe
fe94
fee8
febf
fe62
fe38
fe3f
fe53
fe52
fdff
fd41
fc24
faf8
fa06
f9b4
f9f8
fac8
fbd5
fcd2
fd79
fde9
fe62
ff41
0077
01b7
02b4
032b
0302
0223
00e0
ffca
ff27
fef5
feee
ff0f
ff16
ff24
ff37
ffaf
00c2
025e
040c
057f
066e
06bb
066d
05d0
052e
04ad
042e
0395
02e9
0211
00f5
ffc3
ff05
ff1b
ffd7
00e8
01e0
0299
02d2
02d1
0299
028f
02b1
02db
02cc
0247
0137
ffaf
fe22
fcbc
fbe6
fb9e
fbde
fc3a
fc6e
fc7c
fc64
fc6b
fcce
fdc4
fedc
ffcb
000d
ffaa
feb0
fd6f
fc37
fb51
fade
fabb
fac4
fa96
fa36
f9ea
fa13
fae9
fc5a
fe30
fff8
0143
01ef
0200
01a0
0139
012e
015b
0159
00ec
001f
ff1d
fe32
fda4
fdb2
fe71
ffb1
00ff
020f
02be
032c
0399
0443
051f
05e5
066f
069c
0632
04fc
0352
01e8
0125
00e5
00e1
00d7
00c7
00b1
0096
00b8
0132
023b
0381
0496
0514
04c2
03cf
028c
0169
006d
ff9c
fedc
fe11
fd22
fc18
fb1e
fa9b
faca
fba0
fcab
fdc0
fe96
fee9
febf
fe62
fe37
fe3d
fe50
fe50
fdfd
fd3f
fc22
faf6
fa05
f9b2
f9f7
fac7
fbd4
fcd1
fd77
fde8
fe61
ff40
0077
01b7
02b4
032c
0303
0224
00e1
ffcc
ff29
fef7
fef0
ff12
ff19
ff26
ff3a
ffb2
00c4
0260
040e
0581
0671
06bd
066f
05d2
0530
04ae
042f
0396
02ea
0210
00f4
ffc1
ff04
ff1a
ffd6
00e7
01df
0299
02d2
02d1
0299
028f
02b2
02dc
02cd
0248
0139
ffb1
fe24
fcbe
fbe9
fba1
fbe0
fc3d
fc71
fc7f
fc67
fc6e
fcd0
fdc5
fedd
ffcc
000d
ffaa
feaf
fd6f
fc37
fb50
fadd
faba
fac3
fa95
fa35
f9e9
fa12
fae8
fc59
fe30
fff7
0143
01ef
0201
01a1
013a
0130
015c
015b
00ef
0021
ff20
fe35
fda7
fdb5
fe74
ffb3
0101
0211
02bf
032d
039a
0443
051f
05e5
066e
069b
0631
04fb
0350
01e5
0121
00e1
00dd
00d2
00c1
00ab
0091
00b3
012d
0236
037c
0492
0512
04c1
03ce
028d
016a
006f
ff9f
fedf
fe14
fd24
fc1a
fb20
fa9c
facb
fba1
fcac
fdc1
fe96
fee9
febf
fe62
fe37
fe3d
fe51
fe50
fdfc
fd3e
fc22
faf6
fa04
f9b2
f9f7
fac8
fbd5
fcd3
fd7a
fdea
fe64
ff43
007a
01b9
02b6
032e
0304
0225
00e2
ffcc
ff29
fef7
fef0
ff11
ff18
ff25
ff38
ffb0
00c3
025e
040c
057e
066d
06ba
066c
05cf
052d
04ac
042d
0395
02e9
0211
00f5
ffc4
ff07
ff1d
ffd9
00ea
01e2
029c
02d5
02d3
029b
0291
02b3
02dc
02cc
0247
0137
ffaf
fe21
fcbb
fbe5
fb9d
fbdc
fc39
fc6e
fc7b
fc64
fc6b
fcce
fdc3
fedb
ffcb
000c
ffa9
feae
fd6e
fc36
fb4f
fadc
fab9
fac2
fa95
fa35
f9ea
fa13
faea
fc5b
fe32
fffa
0145
01f1
0203
01a3
013c
0131
015d
015b
00ee
0021
ff1e
fe33
fda5
fdb2
fe70
ffaf
00fc
020c
02bb
0329
0396
0440
051c
05e2
066d
069b
0631
04fb
0351
01e7
0124
00e4
00e0
00d6
00c5
00af
0094
00b7
0131
023a
0380
0495
0515
04c3
03d0
028e
016b
006e
ff9e
fedd
fe11
fd21
fc17
fb1c
fa98
fac8
fb9e
fca9
fdbe
fe94
fee8
febf
fe62
fe38
fe3f
fe53
fe52
fdff
fd41
fc24
faf8
fa06
f9b4
f9f8
fac8
fbd5
fcd2
fd79
fde9
fe62
ff41
0077
01b7
02b4
032b
0302
0223
00e0
ffca
ff27
fef5
feee
ff0f
ff16
ff24
ff37
ffaf
00c2
025e
040c
057f
066e
06bb
066d
05d0
052e
04ad
042e
0395
02e9
0211
00f5
ffc3
ff05
ff1b
ffd7
00e8
01e0
0299
02d2
02d1
0299
028f
02b1
02db
02cc
0247
0137
ffaf
fe22
fcbc
fbe6
fb9e
fbde
fc3a
fc6e
fc7c
fc64
fc6b
fcce
fdc4
fedc
ffcb
000d
ffaa
feb0
fd6f
fc37
fb51
fade
fabb
fac4
fa96
fa36
f9ea
fa13
fae9
fc5a
fe30
fff8
0143
01ef
0200
01a0
0139
012e
015b
0159
00ec
001f
ff1d
fe32
fda4
fdb2
fe71
ffb1
00ff
020f
02be
032c
0399
0443
051f
05e5
066f
069c
0632
04fc
0352
01e8
0125
00e5
00e1
00d7
00c7
00b1
0096
00b8
0132
023b
0381
0496
0514
04c2
03cf
028c
0169
006d
ff9c
fedc
fe11
fd22
fc18
fb1e
fa9b
faca
fba0
fcab
fdc0
fe96
fee9
febf
fe62
fe37
fe3d
fe50
fe50
fdfd
fd3f
fc22
faf6
fa05
f9b2
f9f7
fac7
fbd4
fcd1
fd77
fde8
fe61
ff40
0077
01b7
02b4
032c
0303
0224
00e1
ffcc
ff29
fef7
fef0
ff12
ff19
ff26
ff3a
ffb2
00c4
0260
040e
0581
0671
06bd
066f
05d2
0530
04ae
042f
0396
02ea
0210
00f4
ffc1
ff04
ff1a
ffd6
00e7
01df
0299
02d2
02d1
0299
028f
02b2
02dc
02cd
0248
0139
ffb1
fe24
fcbe
fbe9
fba1
fbe0
fc3d
fc71
fc7f
fc67
fc6e
fcd0
fdc5
fedd
ffcc
000d
ffaa
feaf
fd6f
fc37
fb50
fadd
faba
fac3
fa95
fa35
f9e9
fa12
fae8
fc59
fe30
fff7
0143
01ef
0201
01a1
013a
0130
015c
015b
00ef
0021
ff20
fe35
fda7
fdb5
fe74
ffb3
0101
0211
02bf
032d
039a
0443
051f
05e5
066e
069b
0631
04fb
0350
01e5
0121
00e1
00dd
00d2
00c1
00ab
0091
00b3
012d
0236
037c
0492
0512
04c1
03ce
028d
016a
006f
ff9f
fedf
fe14
fd24
fc1a
fb20
fa9c
facb
fba1
fcac
fdc1
fe96
fee9
febf
fe62
fe37
fe3d
fe51
fe50
fdfc
fd3e
fc22
faf6
fa04
f9b2
f9f7
fac8
fbd5
fcd3
fd7a
fdea
fe64
ff43
007a
01b9
02b6
032e
0304
0225
00e2
ffcc
ff29
fef7
fef0
ff11
ff18
ff25
ff38
ffb0
00c3
025e
040c
057e
066d
06ba
066c
05cf
052d
04ac
042d
0395
02e9
0211
00f5
ffc4
ff07
ff1d
ffd9
00ea
01e2
029c
02d5
02d3
029b
0291
02b3
02dc
02cc
0247
0137
ffaf
fe21
fcbb
fbe5
fb9d
fbdc
fc39
fc6e
fc7b
fc64
fc6b
fcce
fdc3
fedb
ffcb
000c
ffa9
feae
fd6e
fc36
fb4f
fadc
fab9
fac2
fa95
fa35
f9ea
fa13
faea
fc5b
fe32
fffa
0145
01f1
0203
01a3
013c
0131
015d
015b
00ee
0021
ff1e
fe33
fda5
fdb2
fe70
ffaf
00fc
020c
02bb
0329
0396
0440
051c
05e2
066d
069b
0631
04fb
0351
01e7
0124
00e4
00e0
00d6
00c5
00af
0094
00b7
0131
023a
0380
0495
0515
04c3
03d0
028e
016b
006e
ff9e
fedd
fe11
fd21
fc17
fb1c
fa98
fac8
fb9e
fca9
fdbe
fe94
fee8
febf
fe62
fe38
fe3f
fe53
fe52
fdff
fd41
fc24
faf8
fa06
f9b4
f9f8
fac8
fbd5
fcd2
fd79
fde9
fe62
ff41
0077
01b7
02b4
032b
0302
0223
00e0
ffca
ff27
fef5
feee
ff0f
ff16
ff24
ff37
ffaf
00c2
025e
040c
057f
066e
06bb
066d
05d0
052e
04ad
042e
0395
02e9
0211
00f5
ffc3
ff05
ff1b
ffd7
00e8
01e0
0299
02d2
02d1
0299
028f
02b1
02db
02cc
0247
0137
ffaf
fe22
fcbc
fbe6
fb9e
fbde
fc3a
fc6e
fc7c
fc64
fc6b
fcce
fdc4
fedc
ffcb
000d
ffaa
feb0
fd6f
fc37
fb51
fade
fabb
fac4
fa96
fa36
f9ea
fa13
fae9
fc5a
fe30
fff8
0143
01ef
0200
01a0
0139
012e
015b
0159
00ec
001f
ff1d
fe32
fda4
fdb2
fe71
ffb1
00ff
020f
02be
032c
0399
0443
051f
05e5
066f
069c
0632
04fc
0352
01e8
0125
00e5
00e1
00d7
00c7
00b1
0096
00b8
0132
023b
0381
0496
0514
04c2
03cf
028c
0169
006d
ff9c
fedc
fe11
fd22
fc18
fb1e
fa9b
faca
fba0
fcab
fdc0
fe96
fee9
febf
fe62
fe37
fe3d
fe50
fe50
fdfd
fd3f
fc22
faf6
fa05
f9b2
f9f7
fac7
fbd4
fcd1
fd77
fde8
fe61
ff40
0077
01b7
02b4
032c
0303
0224
00e1
ffcc
ff29
fef7
fef0
ff12
ff19
ff26
ff3a
ffb2
00c4
0260
040e
0581
0671
06bd
066f
05d2
0530
04ae
042f
0396
02ea
0210
00f4
ffc1
ff04
ff1a
ffd6
00e7
01df
0299
02d2
02d1
0299
028f
02b2
02dc
02cd
0248
0139
ffb1
fe24
fcbe
fbe9
fba1
fbe0
fc3d
fc71
fc7f
fc67
fc6e
fcd0
fdc5
fedd
ffcc
000d
ffaa
feaf
fd6f
fc37
fb50
fadd
faba
fac3
fa95
fa35
f9e9
fa12
fae8
fc59
fe30
fff7
0143
01ef
0201
01a1
013a
0130
015c
015b
00ef
0021
ff20
fe35
fda7
fdb5
fe74
ffb3
0101
0211
02bf
032d
039a
0443
051f
05e5
066e
069b
0631
04fb
0350
01e5
0121
00e1
00dd
00d2
00c1
00ab
0091
00b3
012d
0236
037c
0492
0512
04c1
03ce
028d
016a
006f
ff9f
fedf
fe14
fd24
fc1a
fb20
fa9c
facb
fba1
fcac
fdc1
fe96
fee9
febf
fe62
fe37
fe3d
fe51
fe50
fdfc
fd3e
fc22
faf6
fa04
f9b2
f9f7
fac8
fbd5
fcd3
fd7a
fdea
fe64
ff43
007a
01b9
02b6
032e
0304
0225
00e2
ffcc
ff29
fef7
fef0
ff11
ff18
ff25
ff38
ffb0
00c3
025e
040c
057e
066d
06ba
066c
05cf
052d
04ac
042d
0395
02e9
0211
00f5
ffc4
ff07
ff1d
ffd9
00ea
01e2
029c
02d5
02d3
029b
0291
02b3
02dc
02cc
0247
0137
ffaf
fe21
fcbb
fbe5
fb9d
fbdc
fc39
fc6e
fc7b
fc64
fc6b
fcce
fdc3
fedb
ffcb
000c
ffa9
feae
fd6e
fc36
fb4f
fadc
fab9
fac2
fa95
fa35
f9ea
fa13
faea
fc5b
fe32
fffa
0145
01f1
0203
01a3
013c
0131
015d
015b
00ee
0021
ff1e
fe33
fda5
fdb2
fe70
ffaf
00fc
020c
02bb
0329
0396
0440
051c
05e2
066d
069b
0631
04fb
0351
01e7
0124
00e4
00e0
00d6
00c5
00af
0094
00b7
0131
023a
0380
0495
0515
04c3
03d0
028e
016b
006e
ff9e
fedd
fe11
fd21
fc17
fb1c
fa98
fac8
fb9e
fca9
fdbe
fe94
fee8
febf
fe62
fe38
fe3f
fe53
fe52
fdff
fd41
fc24
faf8
fa06
f9b4
f9f8
fac8
fbd5
fcd2
fd79
fde9
fe62
ff41
0077
01b7
02b4
032b
0302
0223
00e0
ffca
ff27
fef5
feee
ff0f
ff16
ff24
ff37
ffaf
00c2
025e
040c
057f
066e
06bb
066d
05d0
052e
04ad
042e
0395
02e9
0211
00f5
ffc3
ff05
ff1b
ffd7
00e8
01e0
0299
02d2
02d1
0299
028f
02b1
02db
02cc
0247
0137
ffaf
fe22
fcbc
fbe6
fb9e
fbde
fc3a
fc6e
fc7c
fc64
fc6b
fcce
fdc4
fedc
ffcb
000d
ffaa
feb0
fd6f
fc37
fb51
fade
fabb
fac4
fa96
fa36
f9ea
fa13
fae9
fc5a
fe30
fff8
0143
01ef
0200
01a0
0139
012e
015b
0159
00ec
001f
ff1d
fe32
fda4
fdb2
fe71
ffb1
00ff
020f
02be
032c
0399
0443
051f
05e5
066f
069c
0632
04fc
0352
01e8
0125
00e5
00e1
00d7
00c7
00b1
0096
00b8
0132
023b
0381
0496
0514
04c2
03cf
028c
0169
006d
ff9c
fedc
fe11
fd22
fc18
fb1e
fa9b
faca
fba0
fcab
fdc0
fe96
fee9
febf
fe62
fe37
fe3d
fe50
fe50
fdfd
fd3f
fc22
faf6
fa05
f9b2
f9f7
fac7
fbd4
fcd1
fd77
fde8
fe61
ff40
0077
01b7
02b4
032c
0303
0224
00e1
ffcc
ff29
fef7
fef0
ff12
ff19
ff26
ff3a
ffb2
00c4
0260
040e
0581
0671
06bd
066f
05d2
0530
04ae
042f
0396
02ea
0210
00f4
ffc1
ff04
ff1a
ffd6
00e7
01df
0299
02d2
02d1
0299
028f
02b2
02dc
02cd
0248
0139
ffb1
fe24
fcbe
fbe9
fba1
fbe0
fc3d
fc71
fc7f
fc67
fc6e
fcd0
fdc5
fedd
ffcc
000d
ffaa
feaf
fd6f
fc37
fb50
fadd
faba
fac3
fa95
fa35
f9e9
fa12
fae8
fc59
fe30
fff7
0143
01ef
0201
01a1
013a
0130
015c
015b
00ef
0021
ff20
fe35
fda7
fdb5
fe74
ffb3
0101
0211
02bf
032d
039a
0443
051f
05e5
066e
069b
0631
04fb
0350
01e5
0121
00e1
00dd
00d2
00c1
00ab
0091
00b3
012d
0236
037c
0492
0512
04c1
03ce
028d
016a
006f
ff9f
fedf
fe14
fd24
fc1a
fb20
fa9c
facb
fba1
fcac
fdc1
fe96
fee9
febf
fe62
fe37
fe3d
fe51
fe50
fdfc
fd3e
fc22
faf6
fa04
f9b2
f9f7
fac8
fbd5
fcd3
fd7a
fdea
fe64
ff43
007a
01b9
02b6
032e
0304
0225
00e2
ffcc
ff29
fef7
fef0
ff11
ff18
ff25
ff38
ffb0
00c3
025e
040c
057e
066d
06ba
066c
05cf
052d
04ac
042d
0395
02e9
0211
00f5
ffc4
ff07
ff1d
ffd9
00ea
01e2
029c
02d5
02d3
029b
0291
02b3
02dc
02cc
0247
0137
ffaf
fe21
fcbb
fbe5
fb9d
fbdc
fc39
fc6e
fc7b
fc64
fc6b
fcce
fdc3
fedb
ffcb
000c
ffa9
feae
fd6e
fc36
fb4f
fadc
fab9
fac2
fa95
fa35
f9ea
fa13
faea
fc5b
fe32
fffa
0145
01f1
0203
01a3
013c
0131
015d
015b
00ee
0021
ff1e
fe33
fda5
fdb2
fe70
ffaf
00fc
020c
02bb
0329
0396
0440
051c
05e2
066d
069b
0631
04fb
0351
01e7
0124
00e4
00e0
00d6
00c5
00af
0094
00b7
0131
023a
0380
0495
0515
04c3
03d0
028e
016b
006e
ff9e
fedd
fe11
fd21
fc17
fb1c
fa98
fac8
fb9e
fca9
fdbe
fe94
fee8
febf
fe62
fe38
fe3f
fe53
fe52
fdff
fd41
fc24
faf8
fa06
f9b4
f9f8
fac8
fbd5
fcd2
fd79
fde9
fe62
ff41
0077
01b7
02b4
032b
0302
0223
00e0
ffca
ff27
fef5
feee
ff0f
ff16
ff24
ff37
ffaf
00c2
025e
040c
057f
066e
06bb
066d
05d0
052e
04ad
042e
0395
02e9
0211
00f5
ffc3
ff05
ff1b
ffd7
00e8
01e0
0299
02d2
02d1
0299
028f
02b1
02db
02cc
0247
0137
ffaf
fe22
fcbc
fbe6
fb9e
fbde
fc3a
fc6e
fc7c
fc64
fc6b
fcce
fdc4
fedc
ffcb
000d
ffaa
feb0
fd6f
fc37
fb51
fade
fabb
fac4
fa96
fa36
f9ea
fa13
fae9
fc5a
fe30
fff8
0143
01ef
0200
01a0
0139
012e
015b
0159
00ec
001f
ff1d
fe32
fda4
fdb2
fe71
ffb1
00ff
020f
02be
032c
0399
0443
051f
05e5
066f
069c
0632
04fc
0352
01e8
0125
00e5
00e1
00d7
00c7
00b1
0096
00b8
0132
023b
0381
0496
0514
04c2
03cf
028c
0169
006d
ff9c
fedc
fe11
fd22
fc18
fb1e
fa9b
faca
fba0
fcab
fdc0
fe96
fee9
febf
fe62
fe37
fe3d
fe50
fe50
fdfd
fd3f
fc22
faf6
fa05
f9b2
f9f7
fac7
fbd4
fcd1
fd77
fde8
fe61
ff40
0077
01b7
02b4
032c
0303
0224
00e1
ffcc
ff29
fef7
fef0
ff12
ff19
ff26
ff3a
ffb2
00c4
0260
040e
0581
0671
06bd
066f
05d2
0530
04ae
042f
0396
02ea
0210
00f4
ffc1
ff04
ff1a
ffd6
00e7
01df
0299
02d2
02d1
0299
028f
02b2
02dc
02cd
0248
0139
ffb1
fe24
fcbe
fbe9
fba1
fbe0
fc3d
fc71
fc7f
fc67
fc6e
fcd0
fdc5
fedd
ffcc
000d
ffaa
feaf
fd6f
fc37
fb50
fadd
faba
fac3
fa95
fa35
f9e9
fa12
fae8
fc59
fe30
fff7
0143
01ef
0201
01a1
013a
0130
015c
015b
00ef
0021
ff20
fe35
fda7
fdb5
fe74
ffb3
0101
0211
02bf
032d
039a
0443
051f
05e5
066e
069b
0631
04fb
0350
01e5
0121
00e1
00dd
00d2
00c1
00ab
0091
00b3
012d
0236
037c
0492
0512
04c1
03ce
028d
016a
006f
ff9f
fedf
fe14
fd24
fc1a
fb20
fa9c
facb
fba1
fcac
fdc1
fe96
fee9
febf
fe62
fe37
fe3d
fe51
fe50
fdfc
fd3e
fc22
faf6
fa04
f9b2
f9f7
fac8
fbd5
fcd3
fd7a
fdea
fe64
ff43
007a
01b9
02b6
032e
0304
0225
00e2
ffcc
ff29
fef7
fef0
ff11
ff18
ff25
ff38
ffb0
00c3
025e
040c
057e
066d
06ba
066c
05cf
052d
04ac
042d
0395
02e9
0211
00f5
ffc4
ff07
ff1d
ffd9
00ea
01e2
029c
02d5
02d3
029b
0291
02b3
02dc
02cc
0247
0137
ffaf
fe21
fcbb
fbe5
fb9d
fbdc
fc39
fc6e
fc7b
fc64
fc6b
fcce
fdc3
fedb
ffcb
000c
ffa9
feae
fd6e
fc36
fb4f
fadc
fab9
fac2
fa95
fa35
f9ea
fa13
faea
fc5b
fe32
fffa
0145
01f1
0203
01a3
013c
0131
015d
015b
00ee
0021
ff1e
fe33
fda5
fdb2
fe70
ffaf
00fc
020c
02bb
0329
0396
0440
051c
05e2
066d
069b
0631
04fb
0351
01e7
0124
00e4
00e0
00d6
00c5
00af
0094
00b7
0131
023a
0380
0495
0515
04c3
03d0
028e
016b
006e
ff9e
fedd
fe11
fd21
fc17
fb1c
fa98
fac8
fb9e
fca9
fdbe
fe94
fee8
febf
fe62
fe38
fe3f
fe53
fe52
fdff
fd41
fc24
faf8
fa06
f9b4
f9f8
fac8
fbd5
fcd2
fd79
fde9
fe62
ff41
0077
01b7
02b4
032b
0302
0223
00e0
ffca
ff27
fef5
feee
ff0f
ff16
ff24
ff37
ffaf
00c2
025e
040c
057f
066e
06bb
066d
05d0
052e
04ad
042e
0395
02e9
0211
00f5
ffc3
ff05
ff1b
ffd7
00e8
01e0
0299
02d2
02d1
0299
028f
02b1
02db
02cc
0247
0137
ffaf
fe22
fcbc
fbe6
fb9e
fbde
fc3a
fc6e
fc7c
fc64
fc6b
fcce
fdc4
fedc
ffcb
000d
ffaa
feb0
fd6f
fc37
fb51
fade
fabb
fac4
fa96
fa36
f9ea
fa13
fae9
fc5a
fe30
fff8
0143
01ef
0200
01a0
0139
012e
015b
0159
00ec
001f
ff1d
fe32
fda4
fdb2
fe71
ffb1
00ff
020f
02be
032c
0399
0443
051f
05e5
066f
069c
0632
04fc
0352
01e8
0125
00e5
00e1
00d7
00c7
00b1
0096
00b8
0132
023b
0381
0496
0514
04c2
03cf
028c
0169
006d
ff9c
fedc
fe11
fd22
fc18
fb1e
fa9b
faca
fba0
fcab
fdc0
fe96
fee9
febf
fe62
fe37
fe3d
fe50
fe50
fdfd
fd3f
fc22
faf6
fa05
f9b2
f9f7
fac7
fbd4
fcd1
fd77
fde8
fe61
ff40
0077
01b7
02b4
032c
0303
0224
00e1
ffcc
ff29
fef7
fef0
ff12
ff19
ff26
ff3a
ffb2
00c4
0260
040e
0581
0671
06bd
066f
05d2
0530
04ae
042f
0396
02ea
0210
00f4
ffc1
ff04
ff1a
ffd6
00e7
01df
0299
02d2
02d1
0299
028f
02b2
02dc
02cd
0248
0139
ffb1
fe24
fcbe
fbe9
fba1
fbe0
fc3d
fc71
fc7f
fc67
fc6e
fcd0
fdc5
fedd
ffcc
000d
ffaa
feaf
fd6f
fc37
fb50
fadd
faba
fac3
fa95
fa35
f9e9
fa12
fae8
fc59
fe30
fff7
0143
01ef
0201
01a1
013a
0130
015c
015b
00ef
0021
ff20
fe35
fda7
fdb5
fe74
ffb3
0101
0211
02bf
032d
039a
0443
051f
05e5
066e
069b
0631
04fb
0350
01e5
0121
00e1
00dd
00d2
00c1
00ab
0091
00b3
012d
0236
037c
0492
0512
04c1
03ce
028d
016a
006f
ff9f
fedf
fe14
fd24
fc1a
fb20
fa9c
facb
fba1
fcac
fdc1
fe96
fee9
febf
fe62
fe37
fe3d
fe51
fe50
fdfc
fd3e
fc22
faf6
fa04
f9b2
f9f7
fac8
fbd5
fcd3
fd7a
fdea
fe64
ff43
007a
01b9
02b6
032e
0304
0225
00e2
ffcc
ff29
fef7
fef0
ff11
ff18
ff25
ff38
ffb0
00c3
025e
040c
057e
066d
06ba
066c
05cf
052d
04ac
042d
0395
02e9
0211
00f5
ffc4
ff07
ff1d
ffd9
00ea
01e2
029c
02d5
02d3
029b
0291
02b3
02dc
02cc
0247
0137
ffaf
fe21
fcbb
fbe5
fb9d
fbdc
fc39
fc6e
fc7b
fc64
fc6b
fcce
fdc3
fedb
ffcb
000c
ffa9
feae
fd6e
fc36
fb4f
fadc
fab9
fac2
fa95
fa35
f9ea
fa13
faea
fc5b
fe32
fffa
0145
01f1
0203
01a3
013c
0131
015d
015b
00ee
0021
ff1e
fe33
fda5
fdb2
fe70
ffaf
00fc
020c
02bb
0329
0396
0440
051c
05e2
066d
069b
0631
04fb
0351
01e7
0124
00e4
00e0
00d6
00c5
00af
0094
00b7
0131
023a
0380
0495
0515
04c3
03d0
028e
016b
006e
ff9e
fedd
fe11
fd21
fc17
fb1c
fa98
fac8
fb9e
fca9
fdbe
fe94
fee8
febf
fe62
fe38
fe3f
fe53
fe52
fdff
fd41
fc24
faf8
fa06
f9b4
f9f8
fac8
fbd5
fcd2
fd79
fde9
fe62
ff41
0077
01b7
02b4
032b
0302
0223
00e0
ffca
ff27
fef5
feee
ff0f
ff16
ff24
ff37
ffaf
00c2
025e
040c
057f
066e
06bb
066d
05d0
052e
04ad
042e
0395
02e9
0211
00f5
ffc3
ff05
ff1b
ffd7
00e8
01e0
0299
02d2
02d1
0299
028f
02b1
02db
02cc
0247
0137
ffaf
fe22
fcbc
fbe6
fb9e
fbde
fc3a
fc6e
fc7c
fc64
fc6b
fcce
fdc4
fedc
ffcb
000d
ffaa
feb0
fd6f
fc37
fb51
fade
fabb
fac4
fa96
fa36
f9ea
fa13
fae9
fc5a
fe30
fff8
0143
01ef
0200
01a0
0139
012e
015b
0159
00ec
001f
ff1d
fe32
fda4
fdb2
fe71
ffb1
00ff
020f
02be
032c
0399
0443
051f
05e5
066f
069c
0632
04fc
0352
01e8
0125
00e5
00e1
00d7
00c7
00b1
0096
00b8
0132
023b
0381
0496
0514
04c2
03cf
028c
0169
006d
ff9c
fedc
fe11
fd22
fc18
fb1e
fa9b
faca
fba0
fcab
fdc0
fe96
fee9
febf
fe62
fe37
fe3d
fe50
fe50
fdfd
fd3f
fc22
faf6
fa05
f9b2
f9f7
fac7
fbd4
fcd1
fd77
fde8
fe61
ff40
0077
01b7
02b4
032c
0303
0224
00e1
ffcc
ff29
fef7
fef0
ff12
ff19
ff26
ff3a
ffb2
00c4
0260
040e
0581
0671
06bd
066f
05d2
0530
04ae
042f
0396
02ea
0210
00f4
ffc1
ff04
ff1a
ffd6
00e7
01df
0299
02d2
02d1
0299
028f
02b2
02dc
02cd
0248
0139
ffb1
fe24
fcbe
fbe9
fba1
fbe0
fc3d
fc71
fc7f
fc67
fc6e
fcd0
fdc5
fedd
ffcc
000d
ffaa
feaf
fd6f
fc37
fb50
fadd
faba
fac3
fa95
fa35
f9e9
fa12
fae8
fc59
fe30
fff7
0143
01ef
0201
01a1
013a
0130
015c
015b
00ef
0021
ff20
fe35
fda7
fdb5
fe74
ffb3
0101
0211
02bf
032d
039a
0443
051f
05e5
066e
069b
0631
04fb
0350
01e5
0121
00e1
00dd
00d2
00c1
00ab
0091
00b3
012d
0236
037c
0492
0512
04c1
03ce
028d
016a
006f
ff9f
fedf
fe14
fd24
fc1a
fb20
fa9c
facb
fba1
fcac
fdc1
fe96
fee9
febf
fe62
fe37
fe3d
fe51
fe50
fdfc
fd3e
fc22
faf6
fa04
f9b2
f9f7
fac8
fbd5
fcd3
fd7a
fdea
fe64
ff43
007a
01b9
02b6
032e
0304
0225
00e2
ffcc
ff29
fef7
fef0
ff11
ff18
ff25
ff38
ffb0
00c3
025e
040c
057e
066d
06ba
066c
05cf
052d
04ac
042d
0395
02e9
0211
00f5
ffc4
ff07
ff1d
ffd9
00ea
01e2
029c
02d5
02d3
029b
0291
02b3
02dc
02cc
0247
0137
ffaf
fe21
fcbb
fbe5
fb9d
fbdc
fc39
fc6e
fc7b
fc64
fc6b
fcce
fdc3
fedb
ffcb
000c
ffa9
feae
fd6e
fc36
fb4f
fadc
fab9
fac2
fa95
fa35
f9ea
fa13
faea
fc5b
fe32
fffa
0145
01f1
0203
01a3
013c
0131
015d
015b
00ee
0021
ff1e
fe33
fda5
fdb2
fe70
ffaf
00fc
020c
02bb
0329
0396
0440
051c
05e2
066d
069b
0631
04fb
0351
01e7
0124
00e4
00e0
00d6
00c5
00af
0094
00b7
0131
023a
0380
0495
0515
04c3
03d0
028e
016b
006e
ff9e
fedd
fe11
fd21
fc17
fb1c
fa98
fac8
fb9e
fca9
fdbe
fe94
fee8
febf
fe62
fe38
fe3f
fe53
fe52
fdff
fd41
fc24
faf8
fa06
f9b4
f9f8
fac8
fbd5
fcd2
fd79
fde9
fe62
ff41
0077
01b7
02b4
032b
0302
0223
00e0
ffca
ff27
fef5
feee
ff0f
ff16
ff24
ff37
ffaf
00c2
025e
040c
057f
066e
06bb
066d
05d0
052e
04ad
042e
0395
02e9
0211
00f5
ffc3
ff05
ff1b
ffd7
00e8
01e0
0299
02d2
02d1
0299
028f
02b1
02db
02cc
0247
0137
ffaf
fe22
fcbc
fbe6
fb9e
fbde
fc3a
fc6e
fc7c
fc64
fc6b
fcce
fdc4
fedc
ffcb
000d
ffaa
feb0
fd6f
fc37
fb51
fade
fabb
fac4
fa96
fa36
f9ea
fa13
fae9
fc5a
fe30
fff8
0143
01ef
0200
01a0
0139
012e
015b
0159
00ec
001f
ff1d
fe32
fda4
fdb2
fe71
ffb1
00ff
020f
02be
032c
0399
0443
051f
05e5
066f
069c
0632
04fc
0352
01e8
0125
00e5
00e1
00d7
00c7
00b1
0096
00b8
0132
023b
0381
0496
0514
04c2
03cf
028c
0169
006d
ff9c
fedc
fe11
fd22
fc18
fb1e
fa9b
faca
fba0
fcab
fdc0
fe96
fee9
febf
fe62
fe37
fe3d
fe50
fe50
fdfd
fd3f
fc22
faf6
fa05
f9b2
f9f7
fac7
fbd4
fcd1
fd77
fde8
fe61
ff40
0077
01b7
02b4
032c
0303
0224
00e1
ffcc
ff29
fef7
fef0
ff12
ff19
ff26
ff3a
ffb2
00c4
0260
040e
0581
0671
06bd
066f
05d2
0530
04ae
042f
0396
02ea
0210
00f4
ffc1
ff04
ff1a
ffd6
00e7
01df
0299
02d2
02d1
0299
028f
02b2
02dc
02cd
0248
0139
ffb1
fe24
fcbe
fbe9
fba1
fbe0
fc3d
fc71
fc7f
fc67
fc6e
fcd0
fdc5
fedd
ffcc
000d
ffaa
feaf
fd6f
fc37
fb50
fadd
faba
fac3
fa95
fa35
f9e9
fa12
fae8
fc59
fe30
fff7
0143
01ef
0201
01a1
013a
0130
015c
015b
00ef
0021
ff20
fe35
fda7
fdb5
fe74
ffb3
0101
0211
02bf
032d
039a
0443
051f
05e5
066e
069b
0631
04fb
0350
01e5
0121
00e1
00dd
00d2
00c1
00ab
0091
00b3
012d
0236
037c
0492
0512
04c1
03ce
028d
016a
006f
ff9f
fedf
fe14
fd24
fc1a
fb20
fa9c
facb
fba1
fcac
fdc1
fe96
fee9
febf
fe62
fe37
fe3d
fe51
fe50
fdfc
fd3e
fc22
faf6
fa04
f9b2
f9f7
fac8
fbd5
fcd3
fd7a
fdea
fe64
ff43
007a
01b9
02b6
032e
0304
0225
00e2
ffcc
ff29
fef7
fef0
ff11
ff18
ff25
ff38
ffb0
00c3
025e
040c
057e
066d
06ba
066c
05cf
052d
04ac
042d
0395
02e9
0211
00f5
ffc4
ff07
ff1d
ffd9
00ea
01e2
029c
02d5
02d3
029b
0291
02b3
02dc
02cc
0247
0137
ffaf
fe21
fcbb
fbe5
fb9d
fbdc
fc39
fc6e
fc7b
fc64
fc6b
fcce
fdc3
fedb
ffcb
000c
ffa9
feae
fd6e
fc36
fb4f
fadc
fab9
fac2
fa95
fa35
f9ea
fa13
faea
fc5b
fe32
fffa
0145
01f1
0203
01a3
013c
0131
015d
015b
00ee
0021
ff1e
fe33
fda5
fdb2
fe70
ffaf
00fc
020c
02bb
0329
0396
0440
051c
05e2
066d
069b
0631
04fb
0351
01e7
0124
00e4
00e0
00d6
00c5
00af
0094
00b7
0131
023a
0380
0495
0515
04c3
03d0
028e
016b
006e
ff9e
fedd
fe11
fd21
fc17
fb1c
fa98
fac8
fb9e
fca9
fdbe
fe94
fee8
febf
fe62
fe38
fe3f
fe53
fe52
fdff
fd41
fc24
faf8
fa06
f9b4
f9f8
fac8
fbd5
fcd2
fd79
fde9
fe62
ff41
0077
01b7
02b4
032b
0302
0223
00e0
ffca
ff27
fef5
feee
ff0f
ff16
ff24
ff37
ffaf
00c2
025e
040c
057f
066e
06bb
066d
05d0
052e
04ad
042e
0395
02e9
0211
00f5
ffc3
ff05
ff1b
ffd7
00e8
01e0
0299
02d2
02d1
0299
028f
02b1
02db
02cc
0247
0137
ffaf
fe22
fcbc
fbe6
fb9e
fbde
fc3a
fc6e
fc7c
fc64
fc6b
fcce
fdc4
fedc
ffcb
000d
ffaa
feb0
fd6f
fc37
fb51
fade
fabb
fac4
fa96
fa36
f9ea
fa13
fae9
fc5a
fe30
fff8
0143
01ef
0200
01a0
0139
012e
015b
0159
00ec
001f
ff1d
fe32
fda4
fdb2
fe71
ffb1
00ff
020f
02be
032c
0399
0443
051f
05e5
066f
069c
0632
04fc
0352
01e8
0125
00e5
00e1
00d7
00c7
00b1
0096
00b8
0132
023b
0381
0496
0514
04c2
03cf
028c
0169
006d
ff9c
fedc
fe11
fd22
fc18
fb1e
fa9b
faca
fba0
fcab
fdc0
fe96
fee9
febf
fe62
fe37
fe3d
fe50
fe50
fdfd
fd3f
fc22
faf6
fa05
f9b2
f9f7
fac7
fbd4
fcd1
fd77
fde8
fe61
ff40
0077
01b7
02b4
032c
0303
0224
00e1
ffcc
ff29
fef7
fef0
ff12
ff19
ff26
ff3a
ffb2
00c4
0260
040e
0581
0671
06bd
066f
05d2
0530
04ae
042f
0396
02ea
0210
00f4
ffc1
ff04
ff1a
ffd6
00e7
01df
0299
02d2
02d1
0299
028f
02b2
02dc
02cd
0248
0139
ffb1
fe24
fcbe
fbe9
fba1
fbe0
fc3d
fc71
fc7f
fc67
fc6e
fcd0
fdc5
fedd
ffcc
000d
ffaa
feaf
fd6f
fc37
fb50
fadd
faba
fac3
fa95
fa35
f9e9
fa12
fae8
fc59
fe30
fff7
0143
01ef
0201
01a1
013a
0130
015c
015b
00ef
0021
ff20
fe35
fda7
fdb5
fe74
ffb3
0101
0211
02bf
032d
039a
0443
051f
05e5
066e
069b
0631
04fb
0350
01e5
0121
00e1
00dd
00d2
00c1
00ab
0091
00b3
012d
0236
037c
0492
0512
04c1
03ce
028d
016a
006f
ff9f
fedf
fe14
fd24
fc1a
fb20
fa9c
facb
fba1
fcac
fdc1
fe96
fee9
febf
fe62
fe37
fe3d
fe51
fe50
fdfc
fd3e
fc22
faf6
fa04
f9b2
f9f7
fac8
fbd5
fcd3
fd7a
fdea
fe64
ff43
007a
01b9
02b6
032e
0304
0225
00e2
ffcc
ff29
fef7
fef0
ff11
ff18
ff25
ff38
ffb0
00c3
025e
040c
057e
066d
06ba
066c
05cf
052d
04ac
042d
0395
02e9
0211
00f5
ffc4
ff07
ff1d
ffd9
00ea
01e2
029c
02d5
02d3
029b
0291
02b3
02dc
02cc
0247
0137
ffaf
fe21
fcbb
fbe5
fb9d
fbdc
fc39
fc6e
fc7b
fc64
fc6b
fcce
fdc3
fedb
ffcb
000c
ffa9
feae
fd6e
fc36
fb4f
fadc
fab9
fac2
fa95
fa35
f9ea
fa13
faea
fc5b
fe32
fffa
0145
01f1
0203
01a3
013c
0131
015d
015b
00ee
0021
ff1e
fe33
fda5
fdb2
fe70
ffaf
00fc
020c
02bb
0329
0396
0440
051c
05e2
066d
069b
0631
04fb
0351
01e7
0124
00e4
00e0
00d6
00c5
00af
0094
00b7
0131
023a
0380
0495
0515
04c3
03d0
028e
016b
006e
ff9e
fedd
fe11
fd21
fc17
fb1c
fa98
fac8
fb9e
fca9
fdbe
fe94
fee8
febf
fe62
fe38
fe3f
fe53
fe52
fdff
fd41
fc24
faf8
fa06
f9b4
f9f8
fac8
fbd5
fcd2
fd79
fde9
fe62
ff41
0077
01b7
02b4
032b
0302
0223
00e0
ffca
ff27
fef5
feee
ff0f
ff16
ff24
ff37
ffaf
00c2
025e
040c
057f
066e
06bb
066d
05d0
052e
04ad
042e
0395
02e9
0211
00f5
ffc3
ff05
ff1b
ffd7
00e8
01e0
0299
02d2
02d1
0299
028f
02b1
02db
02cc
0247
0137
ffaf
fe22
fcbc
fbe6
fb9e
fbde
fc3a
fc6e
fc7c
fc64
fc6b
fcce
fdc4
fedc
ffcb
000d
ffaa
feb0
fd6f
fc37
fb51
fade
fabb
fac4
fa96
fa36
f9ea
fa13
fae9
fc5a
fe30
fff8
0143
01ef
0200
01a0
0139
012e
015b
0159
00ec
001f
ff1d
fe32
fda4
fdb2
fe71
ffb1
00ff
020f
02be
032c
0399
0443
051f
05e5
066f
069c
0632
04fc
0352
01e8
0125
00e5
00e1
00d7
00c7
00b1
0096
00b8
0132
023b
0381
0496
0514
04c2
03cf
028c
0169
006d
ff9c
fedc
fe11
fd22
fc18
fb1e
fa9b
faca
fba0
fcab
fdc0
fe96
fee9
febf
fe62
fe37
fe3d
fe50
fe50
fdfd
fd3f
fc22
faf6
fa05
f9b2
f9f7
fac7
fbd4
fcd1
fd77
fde8
fe61
ff40
0077
01b7
02b4
032c
0303
0224
00e1
ffcc
ff29
fef7
fef0
ff12
ff19
ff26
ff3a
ffb2
00c4
0260
040e
0581
0671
06bd
066f
05d2
0530
04ae
042f
0396
02ea
0210
00f4
ffc1
ff04
ff1a
ffd6
00e7
01df
0299
02d2
02d1
0299
028f
02b2
02dc
02cd
0248
0139
ffb1
fe24
fcbe
fbe9
fba1
fbe0
fc3d
fc71
fc7f
fc67
fc6e
fcd0
fdc5
fedd
ffcc
000d
ffaa
feaf
fd6f
fc37
fb50
fadd
faba
fac3
fa95
fa35
f9e9
fa12
fae8
fc59
fe30
fff7
0143
01ef
0201
01a1
013a
0130
015c
015b
00ef
0021
ff20
fe35
fda7
fdb5
fe74
ffd9
0080
0108
015f
0196
01cd
0221
028f
02f2
0337
034d
0318
027d
01a8
00f2
0090
0070
006e
0069
0060
0055
0048
0059
0096
011b
01be
0249
0289
0260
01e7
0146
00b5
0037
ffcf
ff6f
ff0a
fe92
fe0d
fd90
fd4e
fd65
fdd0
fe56
fee0
ff4b
ff74
ff5f
ff31
ff1b
ff1e
ff28
ff28
fefe
fe9f
fe11
fd7b
fd02
fcd9
fcfb
fd64
fdea
fe69
febd
fef5
ff32
ffa1
003d
00dc
015b
0197
0182
0112
0071
ffe6
ff94
ff7b
ff78
ff88
ff8c
ff92
ff9c
ffd8
0061
012f
0206
02bf
0336
035d
0336
02e7
0296
0256
0216
01ca
0174
0108
007a
ffe2
ff83
ff8e
ffec
0075
00f1
014e
016a
0169
014d
0148
0159
016e
0166
0123
009b
ffd7
ff10
fe5d
fdf2
fdce
fdee
fe1c
fe37
fe3d
fe32
fe35
fe67
fee1
ff6d
ffe5
0006
ffd4
ff57
feb7
fe1b
fda7
fd6e
fd5c
fd61
fd4a
fd1a
fcf5
fd09
fd75
fe2d
ff19
fffd
00a2
00f8
0101
00d1
009e
0098
00ae
00ad
0077
0010
ff8f
ff19
fed2
fed9
ff38
ffd7
007e
0106
015d
0194
01cb
0220
028e
02f1
0336
034d
0318
027d
01a8
00f3
0092
0072
0070
006b
0062
0057
004a
005b
0098
011d
01c0
024a
028a
0261
01e8
0147
00b5
0037
ffcf
ff6e
ff08
fe90
fe0b
fd8e
fd4c
fd64
fdcf
fe54
fedf
ff4a
ff74
ff5f
ff31
ff1c
ff1f
ff29
ff29
feff
fea0
fe12
fd7c
fd03
fcda
fcfc
fd64
fdea
fe69
febc
fef4
ff31
ffa0
003b
00db
015a
0195
0181
0111
0070
ffe5
ff93
ff7a
ff77
ff87
ff8b
ff92
ff9b
ffd7
0061
012f
0206
02bf
0337
035d
0336
02e8
0297
0256
0217
01ca
0174
0108
007a
ffe1
ff82
ff8d
ffeb
0074
00f0
014c
0169
0168
014c
0147
0158
016d
0166
0123
009b
ffd7
ff11
fe5e
fdf3
fdcf
fdef
fe1d
fe37
fe3e
fe32
fe35
fe67
fee2
ff6e
ffe5
0006
ffd5
ff58
feb7
fe1b
fda8
fd6f
fd5d
fd62
fd4b
fd1b
fcf5
fd09
fd74
fe2d
ff18
fffc
00a1
00f7
0100
00d0
009c
0097
00ad
00ac
0076
000f
ff8e
ff19
fed2
fed9
ff38
ffd8
007f
0107
015f
0196
01cc
0221
028f
02f2
0337
034e
0319
027e
01a9
00f4
0092
0072
0070
006b
0063
0058
004b
005c
0099
011d
01c0
024b
028a
0261
01e7
0146
00b4
0036
ffce
ff6e
ff08
fe91
fe0c
fd8f
fd4d
fd65
fdd0
fe55
fee0
ff4b
ff74
ff5f
ff31
ff1b
ff1e
ff28
ff28
fefe
fe9f
fe11
fd7b
fd02
fcd9
fcfb
fd63
fdea
fe68
febb
fef4
ff30
ffa0
003b
00db
015a
0196
0181
0112
0070
ffe6
ff94
ff7b
ff78
ff89
ff8c
ff93
ff9d
ffd9
0062
0130
0207
02c0
0338
035e
0337
02e9
0298
0257
0217
01cb
0175
0108
007a
ffe0
ff82
ff8d
ffeb
0073
00ef
014c
0169
0168
014c
0147
0159
016e
0166
0124
009c
ffd8
ff12
fe5f
fdf4
fdd0
fdf0
fe1e
fe38
fe3f
fe33
fe37
fe68
fee2
ff6e
ffe6
0006
ffd5
ff57
feb7
fe1b
fda8
fd6e
fd5d
fd61
fd4a
fd1a
fcf4
fd09
fd74
fe2c
ff18
fffb
00a1
00f7
0100
00d0
009d
0098
00ae
00ad
0077
0010
ff90
ff1a
fed3
feda
ff3a
ffd9
0080
0108
015f
0196
01cd
0221
028f
02f2
0337
034d
0318
027d
01a8
00f2
0090
0070
006e
0069
0060
0055
0048
0059
0096
011b
01be
0249
0289
0260
01e7
0146
00b5
0037
ffcf
ff6f
ff0a
fe92
fe0d
fd90
fd4e
fd65
fdd0
fe56
fee0
ff4b
ff74
ff5f
ff31
ff1b
ff1e
ff28
ff28
fefe
fe9f
fe11
fd7b
fd02
fcd9
fcfb
fd64
fdea
fe69
febd
fef5
ff32
ffa1
003d
00dc
015b
0197
0182
0112
0071
ffe6
ff94
ff7b
ff78
ff88
ff8c
ff92
ff9c
ffd8
0061
012f
0206
02bf
0336
035d
0336
02e7
0296
0256
0216
01ca
0174
0108
007a
ffe2
ff83
ff8e
ffec
0075
00f1
014e
016a
0169
014d
0148
0159
016e
0166
0123
009b
ffd7
ff10
fe5d
fdf2
fdce
fdee
fe1c
fe37
fe3d
fe32
fe35
fe67
fee1
ff6d
ffe5
0006
ffd4
ff57
feb7
fe1b
fda7
fd6e
fd5c
fd61
fd4a
fd1a
fcf5
fd09
fd75
fe2d
ff19
fffd
00a2
00f8
0101
00d1
009e
0098
00ae
00ad
0077
0010
ff8f
ff19
fed2
fed9
ff38
ffd7
007e
0106
015d
0194
01cb
0220
028e
02f1
0336
034d
0318
027d
01a8
00f3
0092
0072
0070
006b
0062
0057
004a
005b
0098
011d
01c0
024a
028a
0261
01e8
0147
00b5
0037
ffcf
ff6e
ff08
fe90
fe0b
fd8e
fd4c
fd64
fdcf
fe54
fedf
ff4a
ff74
ff5f
ff31
ff1c
ff1f
ff29
ff29
feff
fea0
fe12
fd7c
fd03
fcda
fcfc
fd64
fdea
fe69
febc
fef4
ff31
ffa0
003b
00db
015a
0195
0181
0111
0070
ffe5
ff93
ff7a
ff77
ff87
ff8b
ff92
ff9b
ffd7
0061
012f
0206
02bf
0337
035d
0336
02e8
0297
0256
0217
01ca
0174
0108
007a
ffe1
ff82
ff8d
ffeb
0074
00f0
014c
0169
0168
014c
0147
0158
016d
0166
0123
009b
ffd7
ff11
fe5e
fdf3
fdcf
fdef
fe1d
fe37
fe3e
fe32
fe35
fe67
fee2
ff6e
ffe5
0006
ffd5
ff58
feb7
fe1b
fda8
fd6f
fd5d
fd62
fd4b
fd1b
fcf5
fd09
fd74
fe2d
ff18
fffc
00a1
00f7
0100
00d0
009c
0097
00ad
00ac
0076
000f
ff8e
ff19
fed2
fed9
ff38
ffd8
007f
0107
015f
0196
01cc
0221
028f
02f2
0337
034e
0319
027e
01a9
00f4
0092
0072
0070
006b
0063
0058
004b
005c
0099
011d
01c0
024b
028a
0261
01e7
0146
00b4
0036
ffce
ff6e
ff08
fe91
fe0c
fd8f
fd4d
fd65
fdd0
fe55
fee0
ff4b
ff74
ff5f
ff31
ff1b
ff1e
ff28
ff28
fefe
fe9f
fe11
fd7b
fd02
fcd9
fcfb
fd63
fdea
fe68
febb
fef4
ff30
ffa0
003b
00db
015a
0196
0181
0112
0070
ffe6
ff94
ff7b
ff78
ff89
ff8c
ff93
ff9d
ffd9
0062
0130
0207
02c0
0338
035e
0337
02e9
0298
0257
0217
01cb
0175
0108
007a
ffe0
ff82
ff8d
ffeb
0073
00ef
014c
0169
0168
014c
0147
0159
016e
0166
0124
009c
ffd8
ff12
fe5f
fdf4
fdd0
fdf0
fe1e
fe38
fe3f
fe33
fe37
fe68
fee2
ff6e
ffe6
0006
ffd5
ff57
feb7
fe1b
fda8
fd6e
fd5d
fd61
fd4a
fd1a
fcf4
fd09
fd74
fe2c
ff18
fffb
00a1
00f7
0100
00d0
009d
0098
00ae
00ad
0077
0010
ff90
ff1a
fed3
feda
ff3a
ffd9
0080
0108
015f
0196
01cd
0221
028f
02f2
0337
034d
0318
027d
01a8
00f2
0090
0070
006e
0069
0060
0055
0048
0059
0096
011b
01be
0249
0289
0260
01e7
0146
00b5
0037
ffcf
ff6f
ff0a
fe92
fe0d
fd90
fd4e
fd65
fdd0
fe56
fee0
ff4b
ff74
ff5f
ff31
ff1b
ff1e
ff28
ff28
fefe
fe9f
fe11
fd7b
fd02
fcd9
fcfb
fd64
fdea
fe69
febd
fef5
ff32
ffa1
003d
00dc
015b
0197
0182
0112
0071
ffe6
ff94
ff7b
ff78
ff88
ff8c
ff92
ff9c
ffd8
0061
012f
0206
02bf
0336
035d
0336
02e7
0296
0256
0216
01ca
0174
0108
007a
ffe2
ff83
ff8e
ffec
0075
00f1
014e
016a
0169
014d
0148
0159
016e
0166
0123
009b
ffd7
ff10
fe5d
fdf2
fdce
fdee
fe1c
fe37
fe3d
fe32
fe35
fe67
fee1
ff6d
ffe5
0006
ffd4
ff57
feb7
fe1b
fda7
fd6e
fd5c
fd61
fd4a
fd1a
fcf5
fd09
fd75
fe2d
ff19
fffd
00a2
00f8
0101
00d1
009e
0098
00ae
00ad
0077
0010
ff8f
ff19
fed2
fed9
ff38
ffd7
007e
0106
015d
0194
01cb
0220
028e
02f1
0336
034d
0318
027d
01a8
00f3
0092
0072
0070
006b
0062
0057
004a
005b
0098
011d
01c0
024a
028a
0261
01e8
0147
00b5
0037
ffcf
ff6e
ff08
fe90
fe0b
fd8e
fd4c
fd64
fdcf
fe54
fedf
ff4a
ff74
ff5f
ff31
ff1c
ff1f
ff29
ff29
feff
fea0
fe12
fd7c
fd03
fcda
fcfc
fd64
fdea
fe69
febc
fef4
ff31
ffa0
003b
00db
015a
0195
0181
0111
0070
ffe5
ff93
ff7a
ff77
ff87
ff8b
ff92
ff9b
ffd7
0061
012f
0206
02bf
0337
035d
0336
02e8
0297
0256
0217
01ca
0174
0108
007a
ffe1
ff82
ff8d
ffeb
0074
00f0
014c
0169
0168
014c
0147
0158
016d
0166
0123
009b
ffd7
ff11
fe5e
fdf3
fdcf
fdef
fe1d
fe37
fe3e
fe32
fe35
fe67
fee2
ff6e
ffe5
0006
ffd5
ff58
feb7
fe1b
fda8
fd6f
fd5d
fd62
fd4b
fd1b
fcf5
fd09
fd74
fe2d
ff18
fffc
00a1
00f7
0100
00d0
009c
0097
00ad
00ac
0076
000f
ff8e
ff19
fed2
fed9
ff38
ffd8
007f
0107
015f
0196
01cc
0221
028f
02f2
0337
034e
0319
027e
01a9
00f4
0092
0072
0070
006b
0063
0058
004b
005c
0099
011d
01c0
024b
028a
0261
01e7
0146
00b4
0036
ffce
ff6e
ff08
fe91
fe0c
fd8f
fd4d
fd65
fdd0
fe55
fee0
ff4b
ff74
ff5f
ff31
ff1b
ff1e
ff28
ff28
fefe
fe9f
fe11
fd7b
fd02
fcd9
fcfb
fd63
fdea
fe68
febb
fef4
ff30
ffa0
003b
00db
015a
0196
0181
0112
0070
ffe6
ff94
ff7b
ff78
ff89
ff8c
ff93
ff9d
ffd9
0062
0130
0207
02c0
0338
035e
0337
02e9
0298
0257
0217
01cb
0175
0108
007a
ffe0
ff82
ff8d
ffeb
0073
00ef
014c
0169
0168
014c
0147
0159
016e
0166
0124
009c
ffd8
ff12
fe5f
fdf4
fdd0
fdf0
fe1e
fe38
fe3f
fe33
fe37
fe68
fee2
ff6e
ffe6
0006
ffd5
ff57
feb7
fe1b
fda8
fd6e
fd5d
fd61
fd4a
fd1a
fcf4
fd09
fd74
fe2c
ff18
fffb
00a1
00f7
0100
00d0
009d
0098
00ae
00ad
0077
0010
ff90
ff1a
fed3
feda
ff3a
ffd9
0080
0108
015f
0196
01cd
0221
028f
02f2
0337
034d
0318
027d
01a8
00f2
0090
0070
006e
0069
0060
0055
0048
0059
0096
011b
01be
0249
0289
0260
01e7
0146
00b5
0037
ffcf
ff6f
ff0a
fe92
fe0d
fd90
fd4e
fd65
fdd0
fe56
fee0
ff4b
ff74
ff5f
ff31
ff1b
ff1e
ff28
ff28
fefe
fe9f
fe11
fd7b
fd02
fcd9
fcfb
fd64
fdea
fe69
febd
fef5
ff32
ffa1
003d
00dc
015b
0197
0182
0112
0071
ffe6
ff94
ff7b
ff78
ff88
ff8c
ff92
ff9c
ffd8
0061
012f
0206
02bf
0336
035d
0336
02e7
0296
0256
0216
01ca
0174
0108
007a
ffe2
ff83
ff8e
ffec
0075
00f1
014e
016a
0169
014d
0148
0159
016e
0166
0123
009b
ffd7
ff10
fe5d
fdf2
fdce
fdee
fe1c
fe37
fe3d
fe32
fe35
fe67
fee1
ff6d
ffe5
0006
ffd4
ff57
feb7
fe1b
fda7
fd6e
fd5c
fd61
fd4a
fd1a
fcf5
fd09
fd75
fe2d
ff19
fffd
00a2
00f8
0101
00d1
009e
0098
00ae
00ad
0077
0010
ff8f
ff19
fed2
fed9
ff38
ffd7
007e
0106
015d
0194
01cb
0220
028e
02f1
0336
034d
0318
027d
01a8
00f3
0092
0072
0070
006b
0062
0057
004a
005b
0098
011d
01c0
024a
028a
0261
01e8
0147
00b5
0037
ffcf
ff6e
ff08
fe90
fe0b
fd8e
fd4c
fd64
fdcf
fe54
fedf
ff4a
ff74
ff5f
ff31
ff1c
ff1f
ff29
ff29
feff
fea0
fe12
fd7c
fd03
fcda
fcfc
fd64
fdea
fe69
febc
fef4
ff31
ffa0
003b
00db
015a
0195
0181
0111
0070
ffe5
ff93
ff7a
ff77
ff87
ff8b
ff92
ff9b
ffd7
0061
012f
0206
02bf
0337
035d
0336
02e8
0297
0256
0217
01ca
0174
0108
007a
ffe1
ff82
ff8d
ffeb
0074
00f0
014c
0169
0168
014c
0147
0158
016d
0166
0123
009b
ffd7
ff11
fe5e
fdf3
fdcf
fdef
fe1d
fe37
fe3e
fe32
fe35
fe67
fee2
ff6e
ffe5
0006
ffd5
ff58
feb7
fe1b
fda8
fd6f
fd5d
fd62
fd4b
fd1b
fcf5
fd09
fd74
fe2d
ff18
fffc
00a1
00f7
0100
00d0
009c
0097
00ad
00ac
0076
000f
ff8e
ff19
fed2
fed9
ff38
ffd8
007f
0107
015f
0196
01cc
0221
028f
02f2
0337
034e
0319
027e
01a9
00f4
0092
0072
0070
006b
0063
0058
004b
005c
0099
011d
01c0
024b
028a
0261
01e7
0146
00b4
0036
ffce
ff6e
ff08
fe91
fe0c
fd8f
fd4d
fd65
fdd0
fe55
fee0
ff4b
ff74
ff5f
ff31
ff1b
ff1e
ff28
ff28
fefe
fe9f
fe11
fd7b
fd02
fcd9
fcfb
fd63
fdea
fe68
febb
fef4
ff30
ffa0
003b
00db
015a
0196
0181
0112
0070
ffe6
ff94
ff7b
ff78
ff89
ff8c
ff93
ff9d
ffd9
0062
0130
0207
02c0
0338
035e
0337
02e9
0298
0257
0217
01cb
0175
0108
007a
ffe0
ff82
ff8d
ffeb
0073
00ef
014c
0169
0168
014c
0147
0159
016e
0166
0124
009c
ffd8
ff12
fe5f
fdf4
fdd0
fdf0
fe1e
fe38
fe3f
fe33
fe37
fe68
fee2
ff6e
ffe6
0006
ffd5
ff57
feb7
fe1b
fda8
fd6e
fd5d
fd61
fd4a
fd1a
fcf4
fd09
fd74
fe2c
ff18
fffb
00a1
00f7
0100
00d0
009d
0098
00ae
00ad
0077
0010
ff90
ff1a
fed3
feda
ff3a
ffd9
0080
0108
015f
0196
01cd
0221
028f
02f2
0337
034d
0318
027d
01a8
00f2
0090
0070
006e
0069
0060
0055
0048
0059
0096
011b
01be
0249
0289
0260
01e7
0146
00b5
0037
ffcf
ff6f
ff0a
fe92
fe0d
fd90
fd4e
fd65
fdd0
fe56
fee0
ff4b
ff74
ff5f
ff31
ff1b
ff1e
ff28
ff28
fefe
fe9f
fe11
fd7b
fd02
fcd9
fcfb
fd64
fdea
fe69
febd
fef5
ff32
ffa1
003d
00dc
015b
0197
0182
0112
0071
ffe6
ff94
ff7b
ff78
ff88
ff8c
ff92
ff9c
ffd8
0061
012f
0206
02bf
0336
035d
0336
02e7
0296
0256
0216
01ca
0174
0108
007a
ffe2
ff83
ff8e
ffec
0075
00f1
014e
016a
0169
014d
0148
0159
016e
0166
0123
009b
ffd7
ff10
fe5d
fdf2
fdce
fdee
fe1c
fe37
fe3d
fe32
fe35
fe67
fee1
ff6d
ffe5
0006
ffd4
ff57
feb7
fe1b
fda7
fd6e
fd5c
fd61
fd4a
fd1a
fcf5
fd09
fd75
fe2d
ff19
fffd
00a2
00f8
0101
00d1
009e
0098
00ae
00ad
0077
0010
ff8f
ff19
fed2
fed9
ff38
ffd7
007e
0106
015d
0194
01cb
0220
028e
02f1
0336
034d
0318
027d
01a8
00f3
0092
0072
0070
006b
0062
0057
004a
005b
0098
011d
01c0
024a
028a
0261
01e8
0147
00b5
0037
ffcf
ff6e
ff08
fe90
fe0b
fd8e
fd4c
fd64
fdcf
fe54
fedf
ff4a
ff74
ff5f
ff31
ff1c
ff1f
ff29
ff29
feff
fea0
fe12
fd7c
fd03
fcda
fcfc
fd64
fdea
fe69
febc
fef4
ff31
ffa0
003b
00db
015a
0195
0181
0111
0070
ffe5
ff93
ff7a
ff77
ff87
ff8b
ff92
ff9b
ffd7
0061
012f
0206
02bf
0337
035d
0336
02e8
0297
0256
0217
01ca
0174
0108
007a
ffe1
ff82
ff8d
ffeb
0074
00f0
014c
0169
0168
014c
0147
0158
016d
0166
0123
009b
ffd7
ff11
fe5e
fdf3
fdcf
fdef
fe1d
fe37
fe3e
fe32
fe35
fe67
fee2
ff6e
ffe5
0006
ffd5
ff58
feb7
fe1b
fda8
fd6f
fd5d
fd62
fd4b
fd1b
fcf5
fd09
fd74
fe2d
ff18
fffc
00a1
00f7
0100
00d0
009c
0097
00ad
00ac
0076
000f
ff8e
ff19
fed2
fed9
ff38
ffd8
007f
0107
015f
0196
01cc
0221
028f
02f2
0337
034e
0319
027e
01a9
00f4
0092
0072
0070
006b
0063
0058
004b
005c
0099
011d
01c0
024b
028a
0261
01e7
0146
00b4
0036
ffce
ff6e
ff08
fe91
fe0c
fd8f
fd4d
fd65
fdd0
fe55
fee0
ff4b
ff74
ff5f
ff31
ff1b
ff1e
ff28
ff28
fefe
fe9f
fe11
fd7b
fd02
fcd9
fcfb
fd63
fdea
fe68
febb
fef4
ff30
ffa0
003b
00db
015a
0196
0181
0112
0070
ffe6
ff94
ff7b
ff78
ff89
ff8c
ff93
ff9d
ffd9
0062
0130
0207
02c0
0338
035e
0337
02e9
0298
0257
0217
01cb
0175
0108
007a
ffe0
ff82
ff8d
ffeb
0073
00ef
014c
0169
0168
014c
0147
0159
016e
0166
0124
009c
ffd8
ff12
fe5f
fdf4
fdd0
fdf0
fe1e
fe38
fe3f
fe33
fe37
fe68
fee2
ff6e
ffe6
0006
ffd5
ff57
feb7
fe1b
fda8
fd6e
fd5d
fd61
fd4a
fd1a
fcf4
fd09
fd74
fe2c
ff18
fffb
00a1
00f7
0100
00d0
009d
0098
00ae
00ad
0077
0010
ff90
ff1a
fed3
feda
ff3a
ffd9
0080
0108
015f
0196
01cd
0221
028f
02f2
0337
034d
0318
027d
01a8
00f2
0090
0070
006e
0069
0060
0055
0048
0059
0096
011b
01be
0249
0289
0260
01e7
0146
00b5
0037
ffcf
ff6f
ff0a
fe92
fe0d
fd90
fd4e
fd65
fdd0
fe56
fee0
ff4b
ff74
ff5f
ff31
ff1b
ff1e
ff28
ff28
fefe
fe9f
fe11
fd7b
fd02
fcd9
fcfb
fd64
fdea
fe69
febd
fef5
ff32
ffa1
003d
00dc
015b
0197
0182
0112
0071
ffe6
ff94
ff7b
ff78
ff88
ff8c
ff92
ff9c
ffd8
0061
012f
0206
02bf
0336
035d
0336
02e7
0296
0256
0216
01ca
0174
0108
007a
ffe2
ff83
ff8e
ffec
0075
00f1
014e
016a
0169
014d
0148
0159
016e
0166
0123
009b
ffd7
ff10
fe5d
fdf2
fdce
fdee
fe1c
fe37
fe3d
fe32
fe35
fe67
fee1
ff6d
ffe5
0006
ffd4
ff57
feb7
fe1b
fda7
fd6e
fd5c
fd61
fd4a
fd1a
fcf5
fd09
fd75
fe2d
ff19
fffd
00a2
00f8
0101
00d1
009e
0098
00ae
00ad
0077
0010
ff8f
ff19
fed2
fed9
ff38
ffd7
007e
0106
015d
0194
01cb
0220
028e
02f1
0336
034d
0318
027d
01a8
00f3
0092
0072
0070
006b
0062
0057
004a
005b
0098
011d
01c0
024a
028a
0261
01e8
0147
00b5
0037
ffcf
ff6e
ff08
fe90
fe0b
fd8e
fd4c
fd64
fdcf
fe54
fedf
ff4a
ff74
ff5f
ff31
ff1c
ff1f
ff29
ff29
feff
fea0
fe12
fd7c
fd03
fcda
fcfc
fd64
fdea
fe69
febc
fef4
ff31
ffa0
003b
00db
015a
0195
0181
0111
0070
ffe5
ff93
ff7a
ff77
ff87
ff8b
ff92
ff9b
ffd7
0061
012f
0206
02bf
0337
035d
0336
02e8
0297
0256
0217
01ca
0174
0108
007a
ffe1
ff82
ff8d
ffeb
0074
00f0
014c
0169
0168
014c
0147
0158
016d
0166
0123
009b
ffd7
ff11
fe5e
fdf3
fdcf
fdef
fe1d
fe37
fe3e
fe32
fe35
fe67
fee2
ff6e
ffe5
0006
ffd5
ff58
feb7
fe1b
fda8
fd6f
fd5d
fd62
fd4b
fd1b
fcf5
fd09
fd74
fe2d
ff18
fffc
00a1
00f7
0100
00d0
009c
0097
00ad
00ac
0076
000f
ff8e
ff19
fed2
fed9
ff38
ffd8
007f
0107
015f
0196
01cc
0221
028f
02f2
0337
034e
0319
027e
01a9
00f4
0092
0072
0070
006b
0063
0058
004b
005c
0099
011d
01c0
024b
028a
0261
01e7
0146
00b4
0036
ffce
ff6e
ff08
fe91
fe0c
fd8f
fd4d
fd65
fdd0
fe55
fee0
ff4b
ff74
ff5f
ff31
ff1b
ff1e
ff28
ff28
fefe
fe9f
fe11
fd7b
fd02
fcd9
fcfb
fd63
fdea
fe68
febb
fef4
ff30
ffa0
003b
00db
015a
0196
0181
0112
0070
ffe6
ff94
ff7b
ff78
ff89
ff8c
ff93
ff9d
ffd9
0062
0130
0207
02c0
0338
035e
0337
02e9
0298
0257
0217
01cb
0175
0108
007a
ffe0
ff82
ff8d
ffeb
0073
00ef
014c
0169
0168
014c
0147
0159
016e
0166
0124
009c
ffd8
ff12
fe5f
fdf4
fdd0
fdf0
fe1e
fe38
fe3f
fe33
fe37
fe68
fee2
ff6e
ffe6
0006
ffd5
ff57
feb7
fe1b
fda8
fd6e
fd5d
fd61
fd4a
fd1a
fcf4
fd09
fd74
fe2c
ff18
fffb
00a1
00f7
0100
00d0
009d
0098
00ae
00ad
0077
0010
ff90
ff1a
fed3
feda
ff3a
ffd9
0080
0108
015f
0196
01cd
0221
028f
02f2
0337
034d
0318
027d
01a8
00f2
0090
0070
006e
0069
0060
0055
0048
0059
0096
011b
01be
0249
0289
0260
01e7
0146
00b5
0037
ffcf
ff6f
ff0a
fe92
fe0d
fd90
fd4e
fd65
fdd0
fe56
fee0
ff4b
ff74
ff5f
ff31
ff1b
ff1e
ff28
ff28
fefe
fe9f
fe11
fd7b
fd02
fcd9
fcfb
fd64
fdea
fe69
febd
fef5
ff32
ffa1
003d
00dc
015b
0197
0182
0112
0071
ffe6
ff94
ff7b
ff78
ff88
ff8c
ff92
ff9c
ffd8
0061
012f
0206
02bf
0336
035d
0336
02e7
0296
0256
0216
01ca
0174
0108
007a
ffe2
ff83
ff8e
ffec
0075
00f1
014e
016a
0169
014d
0148
0159
016e
0166
0123
009b
ffd7
ff10
fe5d
fdf2
fdce
fdee
fe1c
fe37
fe3d
fe32
fe35
fe67
fee1
ff6d
ffe5
0006
ffd4
ff57
feb7
fe1b
fda7
fd6e
fd5c
fd61
fd4a
fd1a
fcf5
fd09
fd75
fe2d
ff19
fffd
00a2
00f8
0101
00d1
009e
0098
00ae
00ad
0077
0010
ff8f
ff19
fed2
fed9
ff38
ffd7
007e
0106
015d
0194
01cb
0220
028e
02f1
0336
034d
0318
027d
01a8
00f3
0092
0072
0070
006b
0062
0057
004a
005b
0098
011d
01c0
024a
028a
0261
01e8
0147
00b5
0037
ffcf
ff6e
ff08
fe90
fe0b
fd8e
fd4c
fd64
fdcf
fe54
fedf
ff4a
ff74
ff5f
ff31
ff1c
ff1f
ff29
ff29
feff
fea0
fe12
fd7c
fd03
fcda
fcfc
fd64
fdea
fe69
febc
fef4
ff31
ffa0
003b
00db
015a
0195
0181
0111
0070
ffe5
ff93
ff7a
ff77
ff87
ff8b
ff92
ff9b
ffd7
0061
012f
0206
02bf
0337
035d
0336
02e8
0297
0256
0217
01ca
0174
0108
007a
ffe1
ff82
ff8d
ffeb
0074
00f0
014c
0169
0168
014c
0147
0158
016d
0166
0123
009b
ffd7
ff11
fe5e
fdf3
fdcf
fdef
fe1d
fe37
fe3e
fe32
fe35
fe67
fee2
ff6e
ffe5
0006
ffd5
ff58
feb7
fe1b
fda8
fd6f
fd5d
fd62
fd4b
fd1b
fcf5
fd09
fd74
fe2d
ff18
fffc
00a1
00f7
0100
00d0
009c
0097
00ad
00ac
0076
000f
ff8e
ff19
fed2
fed9
ff38
ffd8
007f
0107
015f
0196
01cc
0221
028f
02f2
0337
034e
0319
027e
01a9
00f4
0092
0072
0070
006b
0063
0058
004b
005c
0099
011d
01c0
024b
028a
0261
01e7
0146
00b4
0036
ffce
ff6e
ff08
fe91
fe0c
fd8f
fd4d
fd65
fdd0
fe55
fee0
ff4b
ff74
ff5f
ff31
ff1b
ff1e
ff28
ff28
fefe
fe9f
fe11
fd7b
fd02
fcd9
fcfb
fd63
fdea
fe68
febb
fef4
ff30
ffa0
003b
00db
015a
0196
0181
0112
0070
ffe6
ff94
ff7b
ff78
ff89
ff8c
ff93
ff9d
ffd9
0062
0130
0207
02c0
0338
035e
0337
02e9
0298
0257
0217
01cb
0175
0108
007a
ffe0
ff82
ff8d
ffeb
0073
00ef
014c
0169
0168
014c
0147
0159
016e
0166
0124
009c
ffd8
ff12
fe5f
fdf4
fdd0
fdf0
fe1e
fe38
fe3f
fe33
fe37
fe68
fee2
ff6e
ffe6
0006
ffd5
ff57
feb7
fe1b
fda8
fd6e
fd5d
fd61
fd4a
fd1a
fcf4
fd09
fd74
fe2c
ff18
fffb
00a1
00f7
0100
00d0
009d
0098
00ae
00ad
0077
0010
ff90
ff1a
fed3
feda
ff3a
ffd9
0080
0108
015f
0196
01cd
0221
028f
02f2
0337
034d
0318
027d
01a8
00f2
0090
0070
006e
0069
0060
0055
0048
0059
0096
011b
01be
0249
0289
0260
01e7
0146
00b5
0037
ffcf
ff6f
ff0a
fe92
fe0d
fd90
fd4e
fd65
fdd0
fe56
fee0
ff4b
ff74
ff5f
ff31
ff1b
ff1e
ff28
ff28
fefe
fe9f
fe11
fd7b
fd02
fcd9
fcfb
fd64
fdea
fe69
febd
fef5
ff32
ffa1
003d
00dc
015b
0197
0182
0112
0071
ffe6
ff94
ff7b
ff78
ff88
ff8c
ff92
ff9c
ffd8
0061
012f
0206
02bf
0336
035d
0336
02e7
0296
0256
0216
01ca
0174
0108
007a
ffe2
ff83
ff8e
ffec
0075
00f1
014e
016a
0169
014d
0148
0159
016e
0166
0123
009b
ffd7
ff10
fe5d
fdf2
fdce
fdee
fe1c
fe37
fe3d
fe32
fe35
fe67
fee1
ff6d
ffe5
0006
ffd4
ff57
feb7
fe1b
fda7
fd6e
fd5c
fd61
fd4a
fd1a
fcf5
fd09
fd75
fe2d
ff19
fffd
00a2
00f8
0101
00d1
009e
0098
00ae
00ad
0077
0010
ff8f
ff19
fed2
fed9
ff38
ffd7
007e
0106
015d
0194
01cb
0220
028e
02f1
0336
034d
0318
027d
01a8
00f3
0092
0072
0070
006b
0062
0057
004a
005b
0098
011d
01c0
024a
028a
0261
01e8
0147
00b5
0037
ffcf
ff6e
ff08
fe90
fe0b
fd8e
fd4c
fd64
fdcf
fe54
fedf
ff4a
ff74
ff5f
ff31
ff1c
ff1f
ff29
ff29
feff
fea0
fe12
fd7c
fd03
fcda
fcfc
fd64
fdea
fe69
febc
fef4
ff31
ffa0
003b
00db
015a
0195
0181
0111
0070
ffe5
ff93
ff7a
ff77
ff87
ff8b
ff92
ff9b
ffd7
0061
012f
0206
02bf
0337
035d
0336
02e8
0297
0256
0217
01ca
0174
0108
007a
ffe1
ff82
ff8d
ffeb
0074
00f0
014c
0169
0168
014c
0147
0158
016d
0166
0123
009b
ffd7
ff11
fe5e
fdf3
fdcf
fdef
fe1d
fe37
fe3e
fe32
fe35
fe67
fee2
ff6e
ffe5
0006
ffd5
ff58
feb7
fe1b
fda8
fd6f
fd5d
fd62
fd4b
fd1b
fcf5
fd09
fd74
fe2d
ff18
fffc
00a1
00f7
0100
00d0
009c
0097
00ad
00ac
0076
000f
ff8e
ff19
fed2
fed9
ff38
ffd8
007f
0107
015f
0196
01cc
0221
028f
02f2
0337
034e
0319
027e
01a9
00f4
0092
0072
0070
006b
0063
0058
004b
005c
0099
011d
01c0
024b
028a
0261
01e7
0146
00b4
0036
ffce
ff6e
ff08
fe91
fe0c
fd8f
fd4d
fd65
fdd0
fe55
fee0
ff4b
ff74
ff5f
ff31
ff1b
ff1e
ff28
ff28
fefe
fe9f
fe11
fd7b
fd02
fcd9
fcfb
fd63
fdea
fe68
febb
fef4
ff30
ffa0
003b
00db
015a
0196
0181
0112
0070
ffe6
ff94
ff7b
ff78
ff89
ff8c
ff93
ff9d
ffd9
0062
0130
0207
02c0
0338
035e
0337
02e9
0298
0257
0217
01cb
0175
0108
007a
ffe0
ff82
ff8d
ffeb
0073
00ef
014c
0169
0168
014c
0147
0159
016e
0166
0124
009c
ffd8
ff12
fe5f
fdf4
fdd0
fdf0
fe1e
fe38
fe3f
fe33
fe37
fe68
fee2
ff6e
ffe6
0006
ffd5
ff57
feb7
fe1b
fda8
fd6e
fd5d
fd61
fd4a
fd1a
fcf4
fd09
fd74
fe2c
ff18
fffb
00a1
00f7
0100
00d0
009d
0098
00ae
00ad
0077
0010
ff90
ff1a
fed3
feda
ff3a
ffd9
0080
0108
015f
0196
01cd
0221
028f
02f2
0337
034d
0318
027d
01a8
00f2
0090
0070
006e
0069
0060
0055
0048
0059
0096
011b
01be
0249
0289
0260
01e7
0146
00b5
0037
ffcf
ff6f
ff0a
fe92
fe0d
fd90
fd4e
fd65
fdd0
fe56
fee0
ff4b
ff74
ff5f
ff31
ff1b
ff1e
ff28
ff28
fefe
fe9f
fe11
fd7b
fd02
fcd9
fcfb
fd64
fdea
fe69
febd
fef5
ff32
ffa1
003d
00dc
015b
0197
0182
0112
0071
ffe6
ff94
ff7b
ff78
ff88
ff8c
ff92
ff9c
ffd8
0061
012f
0206
02bf
0336
035d
0336
02e7
0296
0256
0216
01ca
0174
0108
007a
ffe2
ff83
ff8e
ffec
0075
00f1
014e
016a
0169
014d
0148
0159
016e
0166
0123
009b
ffd7
ff10
fe5d
fdf2
fdce
fdee
fe1c
fe37
fe3d
fe32
fe35
fe67
fee1
ff6d
ffe5
0006
ffd4
ff57
feb7
fe1b
fda7
fd6e
fd5c
fd61
fd4a
fd1a
fcf5
fd09
fd75
fe2d
ff19
fffd
00a2
00f8
0101
00d1
009e
0098
00ae
00ad
0077
0010
ff8f
ff19
fed2
fed9
ff38
ffd7
007e
0106
015d
0194
01cb
0220
028e
02f1
0336
034d
0318
027d
01a8
00f3
0092
0072
0070
006b
0062
0057
004a
005b
0098
011d
01c0
024a
028a
0261
01e8
0147
00b5
0037
ffcf
ff6e
ff08
fe90
fe0b
fd8e
fd4c
fd64
fdcf
fe54
fedf
ff4a
ff74
ff5f
ff31
ff1c
ff1f
ff29
ff29
feff
fea0
fe12
fd7c
fd03
fcda
fcfc
fd64
fdea
fe69
febc
fef4
ff31
ffa0
003b
00db
015a
0195
0181
0111
0070
ffe5
ff93
ff7a
ff77
ff87
ff8b
ff92
ff9b
ffd7
0061
012f
0206
02bf
0337
035d
0336
02e8
0297
0256
0217
01ca
0174
0108
007a
ffe1
ff82
ff8d
ffeb
0074
00f0
014c
0169
0168
014c
0147
0158
016d
0166
0123
009b
ffd7
ff11
fe5e
fdf3
fdcf
fdef
fe1d
fe37
fe3e
fe32
fe35
fe67
fee2
ff6e
ffe5
0006
ffd5
ff58
feb7
fe1b
fda8
fd6f
fd5d
fd62
fd4b
fd1b
fcf5
fd09
fd74
fe2d
ff18
fffc
00a1
00f7
0100
00d0
009c
0097
00ad
00ac
0076
000f
ff8e
ff19
fed2
fed9
ff38
ffd8
007f
0107
015f
0196
01cc
0221
028f
02f2
0337
034e
0319
027e
01a9
00f4
0092
0072
0070
006b
0063
0058
004b
005c
0099
011d
01c0
024b
028a
0261
01e7
0146
00b4
0036
ffce
ff6e
ff08
fe91
fe0c
fd8f
fd4d
fd65
fdd0
fe55
fee0
ff4b
ff74
ff5f
ff31
ff1b
ff1e
ff28
ff28
fefe
fe9f
fe11
fd7b
fd02
fcd9
fcfb
fd63
fdea
fe68
febb
fef4
ff30
ffa0
003b
00db
015a
0196
0181
0112
0070
ffe6
ff94
ff7b
ff78
ff89
ff8c
ff93
ff9d
ffd9
0062
0130
0207
02c0
0338
035e
0337
02e9
0298
0257
0217
01cb
0175
0108
007a
ffe0
ff82
ff8d
ffeb
0073
00ef
014c
0169
0168
014c
0147
0159
016e
0166
0124
009c
ffd8
ff12
fe5f
fdf4
fdd0
fdf0
fe1e
fe38
fe3f
fe33
fe37
fe68
fee2
ff6e
ffe6
0006
ffd5
ff57
feb7
fe1b
fda8
fd6e
fd5d
fd61
fd4a
fd1a
fcf4
fd09
fd74
fe2c
ff18
fffb
00a1
00f7
0100
00d0
009d
0098
00ae
00ad
0077
0010
ff90
ff1a
fed3
feda
ff3a
ffd9
0080
0108
015f
0196
01cd
0221
028f
02f2
0337
034d
0318
027d
01a8
00f2
0090
0070
006e
0069
0060
0055
0048
0059
0096
011b
01be
0249
0289
0260
01e7
0146
00b5
0037
ffcf
ff6f
ff0a
fe92
fe0d
fd90
fd4e
fd65
fdd0
fe56
fee0
ff4b
ff74
ff5f
ff31
ff1b
ff1e
ff28
ff28
fefe
fe9f
fe11
fd7b
fd02
fcd9
fcfb
fd64
fdea
fe69
febd
fef5
ff32
ffa1
003d
00dc
015b
0197
0182
0112
0071
ffe6
ff94
ff7b
ff78
ff88
ff8c
ff92
ff9c
ffd8
0061
012f
0206
02bf
0336
035d
0336
02e7
0296
0256
0216
01ca
0174
0108
007a
ffe2
ff83
ff8e
ffec
0075
00f1
014e
016a
0169
014d
0148
0159
016e
0166
0123
009b
ffd7
ff10
fe5d
fdf2
fdce
fdee
fe1c
fe37
fe3d
fe32
fe35
fe67
fee1
ff6d
ffe5
0006
ffd4
ff57
feb7
fe1b
fda7
fd6e
fd5c
fd61
fd4a
fd1a
fcf5
fd09
fd75
fe2d
ff19
fffd
00a2
00f8
0101
00d1
009e
0098
00ae
00ad
0077
0010
ff8f
ff19
fed2
fed9
ff38
ffd7
007e
0106
015d
0194
01cb
0220
028e
02f1
0336
034d
0318
027d
01a8
00f3
0092
0072
0070
006b
0062
0057
004a
005b
0098
011d
01c0
024a
028a
0261
01e8
0147
00b5
0037
ffcf
ff6e
ff08
fe90
fe0b
fd8e
fd4c
fd64
fdcf
fe54
fedf
ff4a
ff74
ff5f
ff31
ff1c
ff1f
ff29
ff29
feff
fea0
fe12
fd7c
fd03
fcda
fcfc
fd64
fdea
fe69
febc
fef4
ff31
ffa0
003b
00db
015a
0195
0181
0111
0070
ffe5
ff93
ff7a
ff77
ff87
ff8b
ff92
ff9b
ffd7
0061
012f
0206
02bf
0337
035d
0336
02e8
0297
0256
0217
01ca
0174
0108
007a
ffe1
ff82
ff8d
ffeb
0074
00f0
014c
0169
0168
014c
0147
0158
016d
0166
0123
009b
ffd7
ff11
fe5e
fdf3
fdcf
fdef
fe1d
fe37
fe3e
fe32
fe35
fe67
fee2
ff6e
ffe5
0006
ffd5
ff58
feb7
fe1b
fda8
fd6f
fd5d
fd62
fd4b
fd1b
fcf5
fd09
fd74
fe2d
ff18
fffc
00a1
00f7
0100
00d0
009c
0097
00ad
00ac
0076
000f
ff8e
ff19
fed2
fed9
ff38
ffd8
007f
0107
015f
0196
01cc
0221
028f
02f2
0337
034e
0319
027e
01a9
00f4
0092
0072
0070
006b
0063
0058
004b
005c
0099
011d
01c0
024b
028a
0261
01e7
0146
00b4
0036
ffce
ff6e
ff08
fe91
fe0c
fd8f
fd4d
fd65
fdd0
fe55
fee0
ff4b
ff74
ff5f
ff31
ff1b
ff1e
ff28
ff28
fefe
fe9f
fe11
fd7b
fd02
fcd9
fcfb
fd63
fdea
fe68
febb
fef4
ff30
ffa0
003b
00db
015a
0196
0181
0112
0070
ffe6
ff94
ff7b
ff78
ff89
ff8c
ff93
ff9d
ffd9
0062
0130
0207
02c0
0338
035e
0337
02e9
0298
0257
0217
01cb
0175
0108
007a
ffe0
ff82
ff8d
ffeb
0073
00ef
014c
0169
0168
014c
0147
0159
016e
0166
0124
009c
ffd8
ff12
fe5f
fdf4
fdd0
fdf0
fe1e
fe38
fe3f
fe33
fe37
fe68
fee2
ff6e
ffe6
0006
ffd5
ff57
feb7
fe1b
fda8
fd6e
fd5d
fd61
fd4a
fd1a
fcf4
fd09
fd74
fe2c
ff18
fffb
00a1
00f7
0100
00d0
009d
0098
00ae
00ad
0077
0010
ff90
ff1a
fed3
feda
ff3a
ffd9
0080
0108
015f
0196
01cd
0221
028f
02f2
0337
034d
0318
027d
01a8
00f2
0090
0070
006e
0069
0060
0055
0048
0059
0096
011b
01be
0249
0289
0260
01e7
0146
00b5
0037
ffcf
ff6f
ff0a
fe92
fe0d
fd90
fd4e
fd65
fdd0
fe56
fee0
ff4b
ff74
ff5f
ff31
ff1b
ff1e
ff28
ff28
fefe
fe9f
fe11
fd7b
fd02
fcd9
fcfb
fd64
fdea
fe69
febd
fef5
ff32
ffa1
003d
00dc
015b
0197
0182
0112
0071
ffe6
ff94
ff7b
ff78
ff88
ff8c
ff92
ff9c
ffd8
0061
012f
0206
02bf
0336
035d
0336
02e7
0296
0256
0216
01ca
0174
0108
007a
ffe2
ff83
ff8e
ffec
0075
00f1
014e
016a
0169
014d
0148
0159
016e
0166
0123
009b
ffd7
ff10
fe5d
fdf2
fdce
fdee
fe1c
fe37
fe3d
fe32
fe35
fe67
fee1
ff6d
ffe5
0006
ffd4
ff57
feb7
fe1b
fda7
fd6e
fd5c
fd61
fd4a
fd1a
fcf5
fd09
fd75
fe2d
ff19
fffd
00a2
00f8
0101
00d1
009e
0098
00ae
00ad
0077
0010
ff8f
ff19
fed2
fed9
ff38
ffd7
007e
0106
015d
0194
01cb
0220
028e
02f1
0336
034d
0318
027d
01a8
00f3
0092
0072
0070
006b
0062
0057
004a
005b
0098
011d
01c0
024a
028a
0261
01e8
0147
00b5
0037
ffcf
ff6e
ff08
fe90
fe0b
fd8e
fd4c
fd64
fdcf
fe54
fedf
ff4a
ff74
ff5f
ff31
ff1c
ff1f
ff29
ff29
feff
fea0
fe12
fd7c
fd03
fcda
fcfc
fd64
fdea
fe69
febc
fef4
ff31
ffa0
003b
00db
015a
0195
0181
0111
0070
ffe5
ff93
ff7a
ff77
ff87
ff8b
ff92
ff9b
ffd7
0061
012f
0206
02bf
0337
035d
0336
02e8
0297
0256
0217
01ca
0174
0108
007a
ffe1
ff82
ff8d
ffeb
0074
00f0
014c
0169
0168
014c
0147
0158
016d
0166
0123
009b
ffd7
ff11
fe5e
fdf3
fdcf
fdef
fe1d
fe37
fe3e
fe32
fe35
fe67
fee2
ff6e
ffe5
0006
ffd5
ff58
feb7
fe1b
fda8
fd6f
fd5d
fd62
fd4b
fd1b
fcf5
fd09
fd74
fe2d
ff18
fffc
00a1
00f7
0100
00d0
009c
0097
00ad
00ac
0076
000f
ff8e
ff19
fed2
fed9
ff38
ffd8
007f
0107
015f
0196
01cc
0221
028f
02f2
0337
034e
0319
027e
01a9
00f4
0092
0072
0070
006b
0063
0058
004b
005c
0099
011d
01c0
024b
028a
0261
01e7
0146
00b4
0036
ffce
ff6e
ff08
fe91
fe0c
fd8f
fd4d
fd65
fdd0
fe55
fee0
ff4b
ff74
ff5f
ff31
ff1b
ff1e
ff28
ff28
fefe
fe9f
fe11
fd7b
fd02
fcd9
fcfb
fd63
fdea
fe68
febb
fef4
ff30
ffa0
003b
00db
015a
0196
0181
0112
0070
ffe6
ff94
ff7b
ff78
ff89
ff8c
ff93
ff9d
ffd9
0062
0130
0207
02c0
0338
035e
0337
02e9
0298
0257
0217
01cb
0175
0108
007a
ffe0
ff82
ff8d
ffeb
0073
00ef
014c
0169
0168
014c
0147
0159
016e
0166
0124
009c
ffd8
ff12
fe5f
fdf4
fdd0
fdf0
fe1e
fe38
fe3f
fe33
fe37
fe68
fee2
ff6e
ffe6
0006
ffd5
ff57
feb7
fe1b
fda8
fd6e
fd5d
fd61
fd4a
fd1a
fcf4
fd09
fd74
fe2c
ff18
fffb
00a1
00f7
0100
00d0
009d
0098
00ae
00ad
0077
0010
ff90
ff1a
fed3
feda
ff3a
ffd9
0080
0108
015f
0196
01cd
0221
028f
02f2
0337
034d
0318
027d
01a8
00f2
0090
0070
006e
0069
0060
0055
0048
0059
0096
011b
01be
0249
0289
0260
01e7
0146
00b5
0037
ffcf
ff6f
ff0a
fe92
fe0d
fd90
fd4e
fd65
fdd0
fe56
fee0
ff4b
ff74
ff5f
ff31
ff1b
ff1e
ff28
ff28
fefe
fe9f
fe11
fd7b
fd02
fcd9
fcfb
fd64
fdea
fe69
febd
fef5
ff32
ffa1
003d
00dc
015b
0197
0182
0112
0071
ffe6
ff94
ff7b
ff78
ff88
ff8c
ff92
ff9c
ffd8
0061
012f
0206
02bf
0336
035d
0336
02e7
0296
0256
0216
01ca
0174
0108
007a
ffe2
ff83
ff8e
ffec
0075
00f1
014e
016a
0169
014d
0148
0159
016e
0166
0123
009b
ffd7
ff10
fe5d
fdf2
fdce
fdee
fe1c
fe37
fe3d
fe32
fe35
fe67
fee1
ff6d
ffe5
0006
ffd4
ff57
feb7
fe1b
fda7
fd6e
fd5c
fd61
fd4a
fd1a
fcf5
fd09
fd75
fe2d
ff19
fffd
00a2
00f8
0101
00d1
009e
0098
00ae
00ad
0077
0010
ff8f
ff19
fed2
fed9
ff38
ffd7
007e
0106
015d
0194
01cb
0220
028e
02f1
0336
034d
0318
027d
01a8
00f3
0092
0072
0070
006b
0062
0057
004a
005b
0098
011d
01c0
024a
028a
0261
01e8
0147
00b5
0037
ffcf
ff6e
ff08
fe90
fe0b
fd8e
fd4c
fd64
fdcf
fe54
fedf
ff4a
ff74
ff5f
ff31
ff1c
ff1f
ff29
ff29
feff
fea0
fe12
fd7c
fd03
fcda
fcfc
fd64
fdea
fe69
febc
fef4
ff31
ffa0
003b
00db
015a
0195
0181
0111
0070
ffe5
ff93
ff7a
ff77
ff87
ff8b
ff92
ff9b
ffd7
0061
012f
0206
02bf
0337
035d
0336
02e8
0297
0256
0217
01ca
0174
0108
007a
ffe1
ff82
ff8d
ffeb
0074
00f0
014c
0169
0168
014c
0147
0158
016d
0166
0123
009b
ffd7
ff11
fe5e
fdf3
fdcf
fdef
fe1d
fe37
fe3e
fe32
fe35
fe67
fee2
ff6e
ffe5
0006
ffd5
ff58
feb7
fe1b
fda8
fd6f
fd5d
fd62
fd4b
fd1b
fcf5
fd09
fd74
fe2d
ff18
fffc
00a1
00f7
0100
00d0
009c
0097
00ad
00ac
0076
000f
ff8e
ff19
fed2
fed9
ff38
ffd8
007f
0107
015f
0196
01cc
0221
028f
02f2
0337
034e
0319
027e
01a9
00f4
0092
0072
0070
006b
0063
0058
004b
005c
0099
011d
01c0
024b
028a
0261
01e7
0146
00b4
0036
ffce
ff6e
ff08
fe91
fe0c
fd8f
fd4d
fd65
fdd0
fe55
fee0
ff4b
ff74
ff5f
ff31
ff1b
ff1e
ff28
ff28
fefe
fe9f
fe11
fd7b
fd02
fcd9
fcfb
fd63
fdea
fe68
febb
fef4
ff30
ffa0
003b
00db
015a
0196
0181
0112
0070
ffe6
ff94
ff7b
ff78
ff89
ff8c
ff93
ff9d
ffd9
0062
0130
0207
02c0
0338
035e
0337
02e9
0298
0257
0217
01cb
0175
0108
007a
ffe0
ff82
ff8d
ffeb
0073
00ef
014c
0169
0168
014c
0147
0159
016e
0166
0124
009c
ffd8
ff12
fe5f
fdf4
fdd0
fdf0
fe1e
fe38
fe3f
fe33
fe37
fe68
fee2
ff6e
ffe6
0006
ffd5
ff57
feb7
fe1b
fda8
fd6e
fd5d
fd61
fd4a
fd1a
fcf4
fd09
fd74
fe2c
ff18
fffb
00a1
00f7
0100
00d0
009d
0098
00ae
00ad
0077
0010
ff90
ff1a
fed3
feda
ff3a
ffd9
0080
0108
015f
0196
01cd
0221
028f
02f2
0337
034d
0318
027d
01a8
00f2
0090
0070
006e
0069
0060
0055
0048
0059
0096
011b
01be
0249
0289
0260
01e7
0146
00b5
0037
ffcf
ff6f
ff0a
fe92
fe0d
fd90
fd4e
fd65
fdd0
fe56
fee0
ff4b
ff74
ff5f
ff31
ff1b
ff1e
ff28
ff28
fefe
fe9f
fe11
fd7b
fd02
fcd9
fcfb
fd64
fdea
fe69
febd
fef5
ff32
ffa1
003d
00dc
015b
0197
0182
0112
0071
ffe6
ff94
ff7b
ff78
ff88
ff8c
ff92
ff9c
ffd8
0061
012f
0206
02bf
0336
035d
0336
02e7
0296
0256
0216
01ca
0174
0108
007a
ffe2
ff83
ff8e
ffec
0075
00f1
014e
016a
0169
014d
0148
0159
016e
0166
0123
009b
ffd7
ff10
fe5d
fdf2
fdce
fdee
fe1c
fe37
fe3d
fe32
fe35
fe67
fee1
ff6d
ffe5
0006
ffd4
ff57
feb7
fe1b
fda7
fd6e
fd5c
fd61
fd4a
fd1a
fcf5
fd09
fd75
fe2d
ff19
fffd
00a2
00f8
0101
00d1
009e
0098
00ae
00ad
0077
0010
ff8f
ff19
fed2
fed9
ff38
ffd7
007e
0106
015d
0194
01cb
0220
028e
02f1
0336
034d
0318
027d
01a8
00f3
0092
0072
0070
006b
0062
0057
004a
005b
0098
011d
01c0
024a
028a
0261
01e8
0147
00b5
0037
ffcf
ff6e
ff08
fe90
fe0b
fd8e
fd4c
fd64
fdcf
fe54
fedf
ff4a
ff74
ff5f
ff31
ff1c
ff1f
ff29
ff29
feff
fea0
fe12
fd7c
fd03
fcda
fcfc
fd64
fdea
fe69
febc
fef4
ff31
ffa0
003b
00db
015a
0195
0181
0111
0070
ffe5
ff93
ff7a
ff77
ff87
ff8b
ff92
ff9b
ffd7
0061
012f
0206
02bf
0337
035d
0336
02e8
0297
0256
0217
01ca
0174
0108
007a
ffe1
ff82
ff8d
ffeb
0074
00f0
014c
0169
0168
014c
0147
0158
016d
0166
0123
009b
ffd7
ff11
fe5e
fdf3
fdcf
fdef
fe1d
fe37
fe3e
fe32
fe35
fe67
fee2
ff6e
ffe5
0006
ffd5
ff58
feb7
fe1b
fda8
fd6f
fd5d
fd62
fd4b
fd1b
fcf5
fd09
fd74
fe2d
ff18
fffc
00a1
00f7
0100
00d0
009c
0097
00ad
00ac
0076
000f
ff8e
ff19
fed2
fed9
ff38
ffd8
007f
0107
015f
0196
01cc
0221
028f
02f2
0337
034e
0319
027e
01a9
00f4
0092
0072
0070
006b
0063
0058
004b
005c
0099
011d
01c0
024b
028a
0261
01e7
0146
00b4
0036
ffce
ff6e
ff08
fe91
fe0c
fd8f
fd4d
fd65
fdd0
fe55
fee0
ff4b
ff74
ff5f
ff31
ff1b
ff1e
ff28
ff28
fefe
fe9f
fe11
fd7b
fd02
fcd9
fcfb
fd63
fdea
fe68
febb
fef4
ff30
ffa0
003b
00db
015a
0196
0181
0112
0070
ffe6
ff94
ff7b
ff78
ff89
ff8c
ff93
ff9d
ffd9
0062
0130
0207
02c0
0338
035e
0337
02e9
0298
0257
0217
01cb
0175
0108
007a
ffe0
ff82
ff8d
ffeb
0073
00ef
014c
0169
0168
014c
0147
0159
016e
0166
0124
009c
ffd8
ff12
fe5f
fdf4
fdd0
fdf0
fe1e
fe38
fe3f
fe33
fe37
fe68
fee2
ff6e
ffe6
0006
ffd5
ff57
feb7
fe1b
fda8
fd6e
fd5d
fd61
fd4a
fd1a
fcf4
fd09
fd74
fe2c
ff18
fffb
00a1
00f7
0100
00d0
009d
0098
00ae
00ad
0077
0010
ff90
ff1a
fed3
feda
ff3a
ffd9
0080
0108
015f
0196
01cd
0221
028f
02f2
0337
034d
0318
027d
01a8
00f2
0090
0070
006e
0069
0060
0055
0048
0059
0096
011b
01be
0249
0289
0260
01e7
0146
00b5
0037
ffcf
ff6f
ff0a
fe92
fe0d
fd90
fd4e
fd65
fdd0
fe56
fee0
ff4b
ff74
ff5f
ff31
ff1b
ff1e
ff28
ff28
fefe
fe9f
fe11
fd7b
fd02
fcd9
fcfb
fd64
fdea
fe69
febd
fef5
ff32
ffa1
003d
00dc
015b
0197
0182
0112
0071
ffe6
ff94
ff7b
ff78
ff88
ff8c
ff92
ff9c
ffd8
0061
012f
0206
02bf
0336
035d
0336
02e7
0296
0256
0216
01ca
0174
0108
007a
ffe2
ff83
ff8e
ffec
0075
00f1
014e
016a
0169
014d
0148
0159
016e
0166
0123
009b
ffd7
ff10
fe5d
fdf2
fdce
fdee
fe1c
fe37
fe3d
fe32
fe35
fe67
fee1
ff6d
ffe5
0006
ffd4
ff57
feb7
fe1b
fda7
fd6e
fd5c
fd61
fd4a
fd1a
fcf5
fd09
fd75
fe2d
ff19
fffd
00a2
00f8
0101
00d1
009e
0098
00ae
00ad
0077
0010
ff8f
ff19
fed2
fed9
ff38
ffd7
007e
0106
015d
0194
01cb
0220
028e
02f1
0336
034d
0318
027d
01a8
00f3
0092
0072
0070
006b
0062
0057
004a
005b
0098
011d
01c0
024a
028a
0261
01e8
0147
00b5
0037
ffcf
ff6e
ff08
fe90
fe0b
fd8e
fd4c
fd64
fdcf
fe54
fedf
ff4a
ff74
ff5f
ff31
ff1c
ff1f
ff29
ff29
feff
fea0
fe12
fd7c
fd03
fcda
fcfc
fd64
fdea
fe69
febc
fef4
ff31
ffa0
003b
00db
015a
0195
0181
0111
0070
ffe5
ff93
ff7a
ff77
ff87
ff8b
ff92
ff9b
ffd7
0061
012f
0206
02bf
0337
035d
0336
02e8
0297
0256
0217
01ca
0174
0108
007a
ffe1
ff82
ff8d
ffeb
0074
00f0
014c
0169
0168
014c
0147
0158
016d
0166
0123
009b
ffd7
ff11
fe5e
fdf3
fdcf
fdef
fe1d
fe37
fe3e
fe32
fe35
fe67
fee2
ff6e
ffe5
0006
ffd5
ff58
feb7
fe1b
fda8
fd6f
fd5d
fd62
fd4b
fd1b
fcf5
fd09
fd74
fe2d
ff18
fffc
00a1
00f7
0100
00d0
009c
0097
00ad
00ac
0076
000f
ff8e
ff19
fed2
fed9
ff38
ffd8
007f
0107
015f
0196
01cc
0221
028f
02f2
0337
034e
0319
027e
01a9
00f4
0092
0072
0070
006b
0063
0058
004b
005c
0099
011d
01c0
024b
028a
0261
01e7
0146
00b4
0036
ffce
ff6e
ff08
fe91
fe0c
fd8f
fd4d
fd65
fdd0
fe55
fee0
ff4b
ff74
ff5f
ff31
ff1b
ff1e
ff28
ff28
fefe
fe9f
fe11
fd7b
fd02
fcd9
fcfb
fd63
fdea
fe68
febb
fef4
ff30
ffa0
003b
00db
015a
0196
0181
0112
0070
ffe6
ff94
ff7b
ff78
ff89
ff8c
ff93
ff9d
ffd9
0062
0130
0207
02c0
0338
035e
0337
02e9
0298
0257
0217
01cb
0175
0108
007a
ffe0
ff82
ff8d
ffeb
0073
00ef
014c
0169
0168
014c
0147
0159
016e
0166
0124
009c
ffd8
ff12
fe5f
fdf4
fdd0
fdf0
fe1e
fe38
fe3f
fe33
fe37
fe68
fee2
ff6e
ffe6
0006
ffd5
ff57
feb7
fe1b
fda8
fd6e
fd5d
fd61
fd4a
fd1a
fcf4
fd09
fd74
fe2c
ff18
fffb
00a1
00f7
0100
00d0
009d
0098
00ae
00ad
0077
0010
ff90
ff1a
fed3
feda
ff3a
ffd9
0080
0108
015f
0196
01cd
0221
028f
02f2
0337
034d
0318
027d
01a8
00f2
0090
0070
006e
0069
0060
0055
0048
0059
0096
011b
01be
0249
0289
0260
01e7
0146
00b5
0037
ffcf
ff6f
ff0a
fe92
fe0d
fd90
fd4e
fd65
fdd0
fe56
fee0
ff4b
ff74
ff5f
ff31
ff1b
ff1e
ff28
ff28
fefe
fe9f
fe11
fd7b
fd02
fcd9
fcfb
fd64
fdea
fe69
febd
fef5
ff32
ffa1
003d
00dc
015b
0197
0182
0112
0071
ffe6
ff94
ff7b
ff78
ff88
ff8c
ff92
ff9c
ffd8
0061
012f
0206
02bf
0336
035d
0336
02e7
0296
0256
0216
01ca
0174
0108
007a
ffe2
ff83
ff8e
ffec
0075
00f1
014e
016a
0169
014d
0148
0159
016e
0166
0123
009b
ffd7
ff10
fe5d
fdf2
fdce
fdee
fe1c
fe37
fe3d
fe32
fe35
fe67
fee1
ff6d
ffe5
0006
ffd4
ff57
feb7
fe1b
fda7
fd6e
fd5c
fd61
fd4a
fd1a
fcf5
fd09
fd75
fe2d
ff19
fffd
00a2
00f8
0101
00d1
009e
0098
00ae
00ad
0077
0010
ff8f
ff19
fed2
fed9
ff38
ffd7
007e
0106
015d
0194
01cb
0220
028e
02f1
0336
034d
0318
027d
01a8
00f3
0092
0072
0070
006b
0062
0057
004a
005b
0098
011d
01c0
024a
028a
0261
01e8
0147
00b5
0037
ffcf
ff6e
ff08
fe90
fe0b
fd8e
fd4c
fd64
fdcf
fe54
fedf
ff4a
ff74
ff5f
ff31
ff1c
ff1f
ff29
ff29
feff
fea0
fe12
fd7c
fd03
fcda
fcfc
fd64
fdea
fe69
febc
fef4
ff31
ffa0
003b
00db
015a
0195
0181
0111
0070
ffe5
ff93
ff7a
ff77
ff87
ff8b
ff92
ff9b
ffd7
0061
012f
0206
02bf
0337
035d
0336
02e8
0297
0256
0217
01ca
0174
0108
007a
ffe1
ff82
ff8d
ffeb
0074
00f0
014c
0169
0168
014c
0147
0158
016d
0166
0123
009b
ffd7
ff11
fe5e
fdf3
fdcf
fdef
fe1d
fe37
fe3e
fe32
fe35
fe67
fee2
ff6e
ffe5
0006
ffd5
ff58
feb7
fe1b
fda8
fd6f
fd5d
fd62
fd4b
fd1b
fcf5
fd09
fd74
fe2d
ff18
fffc
00a1
00f7
0100
00d0
009c
0097
00ad
00ac
0076
000f
ff8e
ff19
fed2
fed9
ff38
ffd8
007f
0107
015f
0196
01cc
0221
028f
02f2
0337
034e
0319
027e
01a9
00f4
0092
0072
0070
006b
0063
0058
004b
005c
0099
011d
01c0
024b
028a
0261
01e7
0146
00b4
0036
ffce
ff6e
ff08
fe91
fe0c
fd8f
fd4d
fd65
fdd0
fe55
fee0
ff4b
ff74
ff5f
ff31
ff1b
ff1e
ff28
ff28
fefe
fe9f
fe11
fd7b
fd02
fcd9
fcfb
fd63
fdea
fe68
febb
fef4
ff30
ffa0
003b
00db
015a
0196
0181
0112
0070
ffe6
ff94
ff7b
ff78
ff89
ff8c
ff93
ff9d
ffd9
0062
0130
0207
02c0
0338
035e
0337
02e9
0298
0257
0217
01cb
0175
0108
007a
ffe0
ff82
ff8d
ffeb
0073
00ef
014c
0169
0168
014c
0147
0159
016e
0166
0124
009c
ffd8
ff12
fe5f
fdf4
fdd0
fdf0
fe1e
fe38
fe3f
fe33
fe37
fe68
fee2
ff6e
ffe6
0006
ffd5
ff57
feb7
fe1b
fda8
fd6e
fd5d
fd61
fd4a
fd1a
fcf4
fd09
fd74
fe2c
ff18
fffb
00a1
00f7
0100
00d0
009d
0098
00ae
00ad
0077
0010
ff90
ff1a
fed3
feda
ff3a
ffd9
0080
0108
015f
0196
01cd
0221
028f
02f2
0337
034d
0318
027d
01a8
00f2
0090
0070
006e
0069
0060
0055
0048
0059
0096
011b
01be
0249
0289
0260
01e7
0146
00b5
0037
ffcf
ff6f
ff0a
fe92
fe0d
fd90
fd4e
fd65
fdd0
fe56
fee0
ff4b
ff74
ff5f
ff31
ff1b
ff1e
ff28
ff28
fefe
fe9f
fe11
fd7b
fd02
fcd9
fcfb
fd64
fdea
fe69
febd
fef5
ff32
ffa1
003d
00dc
015b
0197
0182
0112
0071
ffe6
ff94
ff7b
ff78
ff88
ff8c
ff92
ff9c
ffd8
0061
012f
0206
02bf
0336
035d
0336
02e7
0296
0256
0216
01ca
0174
0108
007a
ffe2
ff83
ff8e
ffec
0075
00f1
014e
016a
0169
014d
0148
0159
016e
0166
0123
009b
ffd7
ff10
fe5d
fdf2
fdce
fdee
fe1c
fe37
fe3d
fe32
fe35
fe67
fee1
ff6d
ffe5
0006
ffd4
ff57
feb7
fe1b
fda7
fd6e
fd5c
fd61
fd4a
fd1a
fcf5
fd09
fd75
fe2d
ff19
fffd
00a2
00f8
0101
00d1
009e
0098
00ae
00ad
0077
0010
ff8f
ff19
fed2
fed9
ff38
ffd7
007e
0106
015d
0194
01cb
0220
028e
02f1
0336
034d
0318
027d
01a8
00f3
0092
0072
0070
006b
0062
0057
004a
005b
0098
011d
01c0
024a
028a
0261
01e8
0147
00b5
0037
ffcf
ff6e
ff08
fe90
fe0b
fd8e
fd4c
fd64
fdcf
fe54
fedf
ff4a
ff74
ff5f
ff31
ff1c
ff1f
ff29
ff29
feff
fea0
fe12
fd7c
fd03
fcda
fcfc
fd64
fdea
fe69
febc
fef4
ff31
ffa0
003b
00db
015a
0195
0181
0111
0070
ffe5
ff93
ff7a
ff77
ff87
ff8b
ff92
ff9b
ffd7
0061
012f
0206
02bf
0337
035d
0336
02e8
0297
0256
0217
01ca
0174
0108
007a
ffe1
ff82
ff8d
ffeb
0074
00f0
014c
0169
0168
014c
0147
0158
016d
0166
0123
009b
ffd7
ff11
fe5e
fdf3
fdcf
fdef
fe1d
fe37
fe3e
fe32
fe35
fe67
fee2
ff6e
ffe5
0006
ffd5
ff58
feb7
fe1b
fda8
fd6f
fd5d
fd62
fd4b
fd1b
fcf5
fd09
fd74
fe2d
ff18
fffc
00a1
00f7
0100
00d0
009c
0097
00ad
00ac
0076
000f
ff8e
ff19
fed2
fed9
ff38
ffd8
007f
0107
015f
0196
01cc
0221
028f
02f2
0337
034e
0319
027e
01a9
00f4
0092
0072
0070
006b
0063
0058
004b
005c
0099
011d
01c0
024b
028a
0261
01e7
0146
00b4
0036
ffce
ff6e
ff08
fe91
fe0c
fd8f
fd4d
fd65
fdd0
fe55
fee0
ff4b
ff74
ff5f
ff31
ff1b
ff1e
ff28
ff28
fefe
fe9f
fe11
fd7b
fd02
fcd9
fcfb
fd63
fdea
fe68
febb
fef4
ff30
ffa0
003b
00db
015a
0196
0181
0112
0070
ffe6
ff94
ff7b
ff78
ff89
ff8c
ff93
ff9d
ffd9
0062
0130
0207
02c0
0338
035e
0337
02e9
0298
0257
0217
01cb
0175
0108
007a
ffe0
ff82
ff8d
ffeb
0073
00ef
014c
0169
0168
014c
0147
0159
016e
0166
0124
009c
ffd8
ff12
fe5f
fdf4
fdd0
fdf0
fe1e
fe38
fe3f
fe33
fe37
fe68
fee2
ff6e
ffe6
0006
ffd5
ff57
feb7
fe1b
fda8
fd6e
fd5d
fd61
fd4a
fd1a
fcf4
fd09
fd74
fe2c
ff18
fffb
00a1
00f7
0100
00d0
009d
0098
00ae
00ad
0077
0010
ff90
ff1a
fed3
feda
ff3a
ffd9
0080
0108
015f
0196
01cd
0221
028f
02f2
0337
034d
0318
027d
01a8
00f2
0090
0070
006e
0069
0060
0055
0048
0059
0096
011b
01be
0249
0289
0260
01e7
0146
00b5
0037
ffcf
ff6f
ff0a
fe92
fe0d
fd90
fd4e
fd65
fdd0
fe56
fee0
ff4b
ff74
ff5f
ff31
ff1b
ff1e
ff28
ff28
fefe
fe9f
fe11
fd7b
fd02
fcd9
fcfb
fd64
fdea
fe69
febd
fef5
ff32
ffa1
003d
00dc
015b
0197
0182
0112
0071
ffe6
ff94
ff7b
ff78
ff88
ff8c
ff92
ff9c
ffd8
0061
012f
0206
02bf
0336
035d
0336
02e7
0296
0256
0216
01ca
0174
0108
007a
ffe2
ff83
ff8e
ffec
0075
00f1
014e
016a
0169
014d
0148
0159
016e
0166
0123
009b
ffd7
ff10
fe5d
fdf2
fdce
fdee
fe1c
fe37
fe3d
fe32
fe35
fe67
fee1
ff6d
ffe5
0006
ffd4
ff57
feb7
fe1b
fda7
fd6e
fd5c
fd61
fd4a
fd1a
fcf5
fd09
fd75
fe2d
ff19
fffd
00a2
00f8
0101
00d1
009e
0098
00ae
00ad
0077
0010
ff8f
ff19
fed2
fed9
ff38
ffd7
007e
0106
015d
0194
01cb
0220
028e
02f1
0336
034d
0318
027d
01a8
00f3
0092
0072
0070
006b
0062
0057
004a
005b
0098
011d
01c0
024a
028a
0261
01e8
0147
00b5
0037
ffcf
ff6e
ff08
fe90
fe0b
fd8e
fd4c
fd64
fdcf
fe54
fedf
ff4a
ff74
ff5f
ff31
ff1c
ff1f
ff29
ff29
feff
fea0
fe12
fd7c
fd03
fcda
fcfc
fd64
fdea
fe69
febc
fef4
ff31
ffa0
003b
00db
015a
0195
0181
0111
0070
ffe5
ff93
ff7a
ff77
ff87
ff8b
ff92
ff9b
ffd7
0061
012f
0206
02bf
0337
035d
0336
02e8
0297
0256
0217
01ca
0174
0108
007a
ffe1
ff82
ff8d
ffeb
0074
00f0
014c
0169
0168
014c
0147
0158
016d
0166
0123
009b
ffd7
ff11
fe5e
fdf3
fdcf
fdef
fe1d
fe37
fe3e
fe32
fe35
fe67
fee2
ff6e
ffe5
0006
ffd5
ff58
feb7
fe1b
fda8
fd6f
fd5d
fd62
fd4b
fd1b
fcf5
fd09
fd74
fe2d
ff18
fffc
00a1
00f7
0100
00d0
009c
0097
00ad
00ac
0076
000f
ff8e
ff19
fed2
fed9
ff38
ffd8
007f
0107
015f
0196
01cc
0221
028f
02f2
0337
034e
0319
027e
01a9
00f4
0092
0072
0070
006b
0063
0058
004b
005c
0099
011d
01c0
024b
028a
0261
01e7
0146
00b4
0036
ffce
ff6e
ff08
fe91
fe0c
fd8f
fd4d
fd65
fdd0
fe55
fee0
ff4b
ff74
ff5f
ff31
ff1b
ff1e
ff28
ff28
fefe
fe9f
fe11
fd7b
fd02
fcd9
fcfb
fd63
fdea
fe68
febb
fef4
ff30
ffa0
003b
00db
015a
0196
0181
0112
0070
ffe6
ff94
ff7b
ff78
ff89
ff8c
ff93
ff9d
ffd9
0062
0130
0207
02c0
0338
035e
0337
02e9
0298
0257
0217
01cb
0175
0108
007a
ffe0
ff82
ff8d
ffeb
0073
00ef
014c
0169
0168
014c
0147
0159
016e
0166
0124
009c
ffd8
ff12
fe5f
fdf4
fdd0
fdf0
fe1e
fe38
fe3f
fe33
fe37
fe68
fee2
ff6e
ffe6
0006
ffd5
ff57
feb7
fe1b
fda8
fd6e
fd5d
fd61
fd4a
fd1a
fcf4
fd09
fd74
fe2c
ff18
fffb
00a1
00f7
0100
00d0
009d
0098
00ae
00ad
0077
0010
ff90
ff1a
fed3
feda
ff3a
ffd9
0080
0108
015f
0196
01cd
0221
028f
02f2
0337
034d
0318
027d
01a8
00f2
0090
0070
006e
0069
0060
0055
0048
0059
0096
011b
01be
0249
0289
0260
01e7
0146
00b5
0037
ffcf
ff6f
ff0a
fe92
fe0d
fd90
fd4e
fd65
fdd0
fe56
fee0
ff4b
ff74
ff5f
ff31
ff1b
ff1e
ff28
ff28
fefe
fe9f
fe11
fd7b
fd02
fcd9
fcfb
fd64
fdea
fe69
febd
fef5
ff32
ffa1
003d
00dc
015b
0197
0182
0112
0071
ffe6
ff94
ff7b
ff78
ff88
ff8c
ff92
ff9c
ffd8
0061
012f
0206
02bf
0336
035d
0336
02e7
0296
0256
0216
01ca
0174
0108
007a
ffe2
ff83
ff8e
ffec
0075
00f1
014e
016a
0169
014d
0148
0159
016e
0166
0123
009b
ffd7
ff10
fe5d
fdf2
fdce
fdee
fe1c
fe37
fe3d
fe32
fe35
fe67
fee1
ff6d
ffe5
0006
ffd4
ff57
feb7
fe1b
fda7
fd6e
fd5c
fd61
fd4a
fd1a
fcf5
fd09
fd75
fe2d
ff19
fffd
00a2
00f8
0101
00d1
009e
0098
00ae
00ad
0077
0010
ff8f
ff19
fed2
fed9
ff38
ffd7
007e
0106
015d
0194
01cb
0220
028e
02f1
0336
034d
0318
027d
01a8
00f3
0092
0072
0070
006b
0062
0057
004a
005b
0098
011d
01c0
024a
028a
0261
01e8
0147
00b5
0037
ffcf
ff6e
ff08
fe90
fe0b
fd8e
fd4c
fd64
fdcf
fe54
fedf
ff4a
ff74
ff5f
ff31
ff1c
ff1f
ff29
ff29
feff
fea0
fe12
fd7c
fd03
fcda
fcfc
fd64
fdea
fe69
febc
fef4
ff31
ffa0
003b
00db
015a
0195
0181
0111
0070
ffe5
ff93
ff7a
ff77
ff87
ff8b
ff92
ff9b
ffd7
0061
012f
0206
02bf
0337
035d
0336
02e8
0297
0256
0217
01ca
0174
0108
007a
ffe1
ff82
ff8d
ffeb
0074
00f0
014c
0169
0168
014c
0147
0158
016d
0166
0123
009b
ffd7
ff11
fe5e
fdf3
fdcf
fdef
fe1d
fe37
fe3e
fe32
fe35
fe67
fee2
ff6e
ffe5
0006
ffd5
ff58
feb7
fe1b
fda8
fd6f
fd5d
fd62
fd4b
fd1b
fcf5
fd09
fd74
fe2d
ff18
fffc
00a1
00f7
0100
00d0
009c
0097
00ad
00ac
0076
000f
ff8e
ff19
fed2
fed9
ff38
ffd8
007f
0107
015f
0196
01cc
0221
028f
02f2
0337
034e
0319
027e
01a9
00f4
0092
0072
0070
006b
0063
0058
004b
005c
0099
011d
01c0
024b
028a
0261
01e7
0146
00b4
0036
ffce
ff6e
ff08
fe91
fe0c
fd8f
fd4d
fd65
fdd0
fe55
fee0
ff4b
ff74
ff5f
ff31
ff1b
ff1e
ff28
ff28
fefe
fe9f
fe11
fd7b
fd02
fcd9
fcfb
fd63
fdea
fe68
febb
fef4
ff30
ffa0
003b
00db
015a
0196
0181
0112
0070
ffe6
ff94
ff7b
ff78
ff89
ff8c
ff93
ff9d
ffd9
0062
0130
0207
02c0
0338
035e
0337
02e9
0298
0257
0217
01cb
0175
0108
007a
ffe0
ff82
ff8d
ffeb
0073
00ef
014c
0169
0168
014c
0147
0159
016e
0166
0124
009c
ffd8
ff12
fe5f
fdf4
fdd0
fdf0
fe1e
fe38
fe3f
fe33
fe37
fe68
fee2
ff6e
ffe6
0006
ffd5
ff57
feb7
fe1b
fda8
fd6e
fd5d
fd61
fd4a
fd1a
fcf4
fd09
fd74
fe2c
ff18
fffb
00a1
00f7
0100
00d0
009d
0098
00ae
00ad
0077
0010
ff90
ff1a
fed3
feda
ff3a
ffd9
0080
0108
015f
0196
01cd
0221
028f
02f2
0337
034d
0318
027d
01a8
00f2
0090
0070
006e
0069
0060
0055
0048
0059
0096
011b
01be
0249
0289
0260
01e7
0146
00b5
0037
ffcf
ff6f
ff0a
fe92
fe0d
fd90
fd4e
fd65
fdd0
fe56
fee0
ff4b
ff74
ff5f
ff31
ff1b
ff1e
ff28
ff28
fefe
fe9f
fe11
fd7b
fd02
fcd9
fcfb
fd64
fdea
fe69
febd
fef5
ff32
ffa1
003d
00dc
015b
0197
0182
0112
0071
ffe6
ff94
ff7b
ff78
ff88
ff8c
ff92
ff9c
ffd8
0061
012f
0206
02bf
0336
035d
0336
02e7
0296
0256
0216
01ca
0174
0108
007a
ffe2
ff83
ff8e
ffec
0075
00f1
014e
016a
0169
014d
0148
0159
016e
0166
0123
009b
ffd7
ff10
fe5d
fdf2
fdce
fdee
fe1c
fe37
fe3d
fe32
fe35
fe67
fee1
ff6d
ffe5
0006
ffd4
ff57
feb7
fe1b
fda7
fd6e
fd5c
fd61
fd4a
fd1a
fcf5
fd09
fd75
fe2d
ff19
fffd
00a2
00f8
0101
00d1
009e
0098
00ae
00ad
0077
0010
ff8f
ff19
fed2
fed9
ff38
ffd7
007e
0106
015d
0194
01cb
0220
028e
02f1
0336
034d
0318
027d
01a8
00f3
0092
0072
0070
006b
0062
0057
004a
005b
0098
011d
01c0
024a
028a
0261
01e8
0147
00b5
0037
ffcf
ff6e
ff08
fe90
fe0b
fd8e
fd4c
fd64
fdcf
fe54
fedf
ff4a
ff74
ff5f
ff31
ff1c
ff1f
ff29
ff29
feff
fea0
fe12
fd7c
fd03
fcda
fcfc
fd64
fdea
fe69
febc
fef4
ff31
ffa0
003b
00db
015a
0195
0181
0111
0070
ffe5
ff93
ff7a
ff77
ff87
ff8b
ff92
ff9b
ffd7
0061
012f
0206
02bf
0337
035d
0336
02e8
0297
0256
0217
01ca
0174
0108
007a
ffe1
ff82
ff8d
ffeb
0074
00f0
014c
0169
0168
014c
0147
0158
016d
0166
0123
009b
ffd7
ff11
fe5e
fdf3
fdcf
fdef
fe1d
fe37
fe3e
fe32
fe35
fe67
fee2
ff6e
ffe5
0006
ffd5
ff58
feb7
fe1b
fda8
fd6f
fd5d
fd62
fd4b
fd1b
fcf5
fd09
fd74
fe2d
ff18
fffc
00a1
00f7
0100
00d0
009c
0097
00ad
00ac
0076
000f
ff8e
ff19
fed2
fed9
ff38
ffd8
007f
0107
015f
0196
01cc
0221
028f
02f2
0337
034e
0319
027e
01a9
00f4
0092
0072
0070
006b
0063
0058
004b
005c
0099
011d
01c0
024b
028a
0261
01e7
0146
00b4
0036
ffce
ff6e
ff08
fe91
fe0c
fd8f
fd4d
fd65
fdd0
fe55
fee0
ff4b
ff74
ff5f
ff31
ff1b
ff1e
ff28
ff28
fefe
fe9f
fe11
fd7b
fd02
fcd9
fcfb
fd63
fdea
fe68
febb
fef4
ff30
ffa0
003b
00db
015a
0196
0181
0112
0070
ffe6
ff94
ff7b
ff78
ff89
ff8c
ff93
ff9d
ffd9
0062
0130
0207
02c0
0338
035e
0337
02e9
0298
0257
0217
01cb
0175
0108
007a
ffe0
ff82
ff8d
ffeb
0073
00ef
014c
0169
0168
014c
0147
0159
016e
0166
0124
009c
ffd8
ff12
fe5f
fdf4
fdd0
fdf0
fe1e
fe38
fe3f
fe33
fe37
fe68
fee2
ff6e
ffe6
0006
ffd5
ff57
feb7
fe1b
fda8
fd6e
fd5d
fd61
fd4a
fd1a
fcf4
fd09
fd74
fe2c
ff18
fffb
00a1
00f7
0100
00d0
009d
0098
00ae
00ad
0077
0010
ff90
ff1a
fed3
feda
ff3a
ffd9
0080
0108
015f
0196
01cd
0221
028f
02f2
0337
034d
0318
027d
01a8
00f2
0090
0070
006e
0069
0060
0055
0048
0059
0096
011b
01be
0249
0289
0260
01e7
0146
00b5
0037
ffcf
ff6f
ff0a
fe92
fe0d
fd90
fd4e
fd65
fdd0
fe56
fee0
ff4b
ff74
ff5f
ff31
ff1b
ff1e
ff28
ff28
fefe
fe9f
fe11
fd7b
fd02
fcd9
fcfb
fd64
fdea
fe69
febd
fef5
ff32
ffa1
003d
00dc
015b
0197
0182
0112
0071
ffe6
ff94
ff7b
ff78
ff88
ff8c
ff92
ff9c
ffd8
0061
012f
0206
02bf
0336
035d
0336
02e7
0296
0256
0216
01ca
0174
0108
007a
ffe2
ff83
ff8e
ffec
0075
00f1
014e
016a
0169
014d
0148
0159
016e
0166
0123
009b
ffd7
ff10
fe5d
fdf2
fdce
fdee
fe1c
fe37
fe3d
fe32
fe35
fe67
fee1
ff6d
ffe5
0006
ffd4
ff57
feb7
fe1b
fda7
fd6e
fd5c
fd61
fd4a
fd1a
fcf5
fd09
fd75
fe2d
ff19
fffd
00a2
00f8
0101
00d1
009e
0098
00ae
00ad
0077
0010
ff8f
ff19
fed2
fed9
ff38
ffd7
007e
0106
015d
0194
01cb
0220
028e
02f1
0336
034d
0318
027d
01a8
00f3
0092
0072
0070
006b
0062
0057
004a
005b
0098
011d
01c0
024a
028a
0261
01e8
0147
00b5
0037
ffcf
ff6e
ff08
fe90
fe0b
fd8e
fd4c
fd64
fdcf
fe54
fedf
ff4a
ff74
ff5f
ff31
ff1c
ff1f
ff29
ff29
feff
fea0
fe12
fd7c
fd03
fcda
fcfc
fd64
fdea
fe69
febc
fef4
ff31
ffa0
003b
00db
015a
0195
0181
0111
0070
ffe5
ff93
ff7a
ff77
ff87
ff8b
ff92
ff9b
ffd7
0061
012f
0206
02bf
0337
035d
0336
02e8
0297
0256
0217
01ca
0174
0108
007a
ffe1
ff82
ff8d
ffeb
0074
00f0
014c
0169
0168
014c
0147
0158
016d
0166
0123
009b
ffd7
ff11
fe5e
fdf3
fdcf
fdef
fe1d
fe37
fe3e
fe32
fe35
fe67
fee2
ff6e
ffe5
0006
ffd5
ff58
feb7
fe1b
fda8
fd6f
fd5d
fd62
fd4b
fd1b
fcf5
fd09
fd74
fe2d
ff18
fffc
00a1
00f7
0100
00d0
009c
0097
00ad
00ac
0076
000f
ff8e
ff19
fed2
fed9
ff38
ffd8
007f
0107
015f
0196
01cc
0221
028f
02f2
0337
034e
0319
027e
01a9
00f4
0092
0072
0070
006b
0063
0058
004b
005c
0099
011d
01c0
024b
028a
0261
01e7
0146
00b4
0036
ffce
ff6e
ff08
fe91
fe0c
fd8f
fd4d
fd65
fdd0
fe55
fee0
ff4b
ff74
ff5f
ff31
ff1b
ff1e
ff28
ff28
fefe
fe9f
fe11
fd7b
fd02
fcd9
fcfb
fd63
fdea
fe68
febb
fef4
ff30
ffa0
003b
00db
015a
0196
0181
0112
0070
ffe6
ff94
ff7b
ff78
ff89
ff8c
ff93
ff9d
ffd9
0062
0130
0207
02c0
0338
035e
0337
02e9
0298
0257
0217
01cb
0175
0108
007a
ffe0
ff82
ff8d
ffeb
0073
00ef
014c
0169
0168
014c
0147
0159
016e
0166
0124
009c
ffd8
ff12
fe5f
fdf4
fdd0
fdf0
fe1e
fe38
fe3f
fe33
fe37
fe68
fee2
ff6e
ffe6
0006
ffd5
ff57
feb7
fe1b
fda8
fd6e
fd5d
fd61
fd4a
fd1a
fcf4
fd09
fd74
fe2c
ff18
fffb
00a1
00f7
0100
00d0
009d
0098
00ae
00ad
0077
0010
ff90
ff1a
fed3
feda
ff3a
ffd9
0080
0108
015f
0196
01cd
0221
028f
02f2
0337
034d
0318
027d
01a8
00f2
0090
0070
006e
0069
0060
0055
0048
0059
0096
011b
01be
0249
0289
0260
01e7
0146
00b5
0037
ffcf
ff6f
ff0a
fe92
fe0d
fd90
fd4e
fd65
fdd0
fe56
fee0
ff4b
ff74
ff5f
ff31
ff1b
ff1e
ff28
ff28
fefe
fe9f
fe11
fd7b
fd02
fcd9
fcfb
fd64
fdea
fe69
febd
fef5
ff32
ffa1
003d
00dc
015b
0197
0182
0112
0071
ffe6
ff94
ff7b
ff78
ff88
ff8c
ff92
ff9c
ffd8
0061
012f
0206
02bf
0336
035d
0336
02e7
0296
0256
0216
01ca
0174
0108
007a
ffe2
ff83
ff8e
ffec
0075
00f1
014e
016a
0169
014d
0148
0159
016e
0166
0123
009b
ffd7
ff10
fe5d
fdf2
fdce
fdee
fe1c
fe37
fe3d
fe32
fe35
fe67
fee1
ff6d
ffe5
0006
ffd4
ff57
feb7
fe1b
fda7
fd6e
fd5c
fd61
fd4a
fd1a
fcf5
fd09
fd75
fe2d
ff19
fffd
00a2
00f8
0101
00d1
009e
0098
00ae
00ad
0077
0010
ff8f
ff19
fed2
fed9
ff38
ffd7
007e
0106
015d
0194
01cb
0220
028e
02f1
0336
034d
0318
027d
01a8
00f3
0092
0072
0070
006b
0062
0057
004a
005b
0098
011d
01c0
024a
028a
0261
01e8
0147
00b5
0037
ffcf
ff6e
ff08
fe90
fe0b
fd8e
fd4c
fd64
fdcf
fe54
fedf
ff4a
ff74
ff5f
ff31
ff1c
ff1f
ff29
ff29
feff
fea0
fe12
fd7c
fd03
fcda
fcfc
fd64
fdea
fe69
febc
fef4
ff31
ffa0
003b
00db
015a
0195
0181
0111
0070
ffe5
ff93
ff7a
ff77
ff87
ff8b
ff92
ff9b
ffd7
0061
012f
0206
02bf
0337
035d
0336
02e8
0297
0256
0217
01ca
0174
0108
007a
ffe1
ff82
ff8d
ffeb
0074
00f0
014c
0169
0168
014c
0147
0158
016d
0166
0123
009b
ffd7
ff11
fe5e
fdf3
fdcf
fdef
fe1d
fe37
fe3e
fe32
fe35
fe67
fee2
ff6e
ffe5
0006
ffd5
ff58
feb7
fe1b
fda8
fd6f
fd5d
fd62
fd4b
fd1b
fcf5
fd09
fd74
fe2d
ff18
fffc
00a1
00f7
0100
00d0
009c
0097
00ad
00ac
0076
000f
ff8e
ff19
fed2
fed9
ff38
ffd8
007f
0107
015f
0196
01cc
0221
028f
02f2
0337
034e
0319
027e
01a9
00f4
0092
0072
0070
006b
0063
0058
004b
005c
0099
011d
01c0
024b
028a
0261
01e7
0146
00b4
0036
ffce
ff6e
ff08
fe91
fe0c
fd8f
fd4d
fd65
fdd0
fe55
fee0
ff4b
ff74
ff5f
ff31
ff1b
ff1e
ff28
ff28
fefe
fe9f
fe11
fd7b
fd02
fcd9
fcfb
fd63
fdea
fe68
febb
fef4
ff30
ffa0
003b
00db
015a
0196
0181
0112
0070
ffe6
ff94
ff7b
ff78
ff89
ff8c
ff93
ff9d
ffd9
0062
0130
0207
02c0
0338
035e
0337
02e9
0298
0257
0217
01cb
0175
0108
007a
ffe0
ff82
ff8d
ffeb
0073
00ef
014c
0169
0168
014c
0147
0159
016e
0166
0124
009c
ffd8
ff12
fe5f
fdf4
fdd0
fdf0
fe1e
fe38
fe3f
fe33
fe37
fe68
fee2
ff6e
ffe6
0006
ffd5
ff57
feb7
fe1b
fda8
fd6e
fd5d
fd61
fd4a
fd1a
fcf4
fd09
fd74
fe2c
ff18
fffb
00a1
00f7
0100
00d0
009d
0098
00ae
00ad
0077
0010
ff90
ff1a
fed3
feda
ff3a
ffd9
0080
0108
015f
0196
01cd
0221
028f
02f2
0337
034d
0318
027d
01a8
00f2
0090
0070
006e
0069
0060
0055
0048
0059
0096
011b
01be
0249
0289
0260
01e7
0146
00b5
0037
ffcf
ff6f
ff0a
fe92
fe0d
fd90
fd4e
fd65
fdd0
fe56
fee0
ff4b
ff74
ff5f
ff31
ff1b
ff1e
ff28
ff28
fefe
fe9f
fe11
fd7b
fd02
fcd9
fcfb
fd64
fdea
fe69
febd
fef5
ff32
ffa1
003d
00dc
015b
0197
0182
0112
0071
ffe6
ff94
ff7b
ff78
ff88
ff8c
ff92
ff9c
ffd8
0061
012f
0206
02bf
0336
035d
0336
02e7
0296
0256
0216
01ca
0174
0108
007a
ffe2
ff83
ff8e
ffec
0075
00f1
014e
016a
0169
014d
0148
0159
016e
0166
0123
009b
ffd7
ff10
fe5d
fdf2
fdce
fdee
fe1c
fe37
fe3d
fe32
fe35
fe67
fee1
ff6d
ffe5
0006
ffd4
ff57
feb7
fe1b
fda7
fd6e
fd5c
fd61
fd4a
fd1a
fcf5
fd09
fd75
fe2d
ff19
fffd
00a2
00f8
0101
00d1
009e
0098
00ae
00ad
0077
0010
ff8f
ff19
fed2
fed9
ff38
ffd7
007e
0106
015d
0194
01cb
0220
028e
02f1
0336
034d
0318
027d
01a8
00f3
0092
0072
0070
006b
0062
0057
004a
005b
0098
011d
01c0
024a
028a
0261
01e8
0147
00b5
0037
ffcf
ff6e
ff08
fe90
fe0b
fd8e
fd4c
fd64
fdcf
fe54
fedf
ff4a
ff74
ff5f
ff31
ff1c
ff1f
ff29
ff29
feff
fea0
fe12
fd7c
fd03
fcda
fcfc
fd64
fdea
fe69
febc
fef4
ff31
ffa0
003b
00db
015a
0195
0181
0111
0070
ffe5
ff93
ff7a
ff77
ff87
ff8b
ff92
ff9b
ffd7
0061
012f
0206
02bf
0337
035d
0336
02e8
0297
0256
0217
01ca
0174
0108
007a
ffe1
ff82
ff8d
ffeb
0074
00f0
014c
0169
0168
014c
0147
0158
016d
0166
0123
009b
ffd7
ff11
fe5e
fdf3
fdcf
fdef
fe1d
fe37
fe3e
fe32
fe35
fe67
fee2
ff6e
ffe5
0006
ffd5
ff58
feb7
fe1b
fda8
fd6f
fd5d
fd62
fd4b
fd1b
fcf5
fd09
fd74
fe2d
ff18
fffc
00a1
00f7
0100
00d0
009c
0097
00ad
00ac
0076
000f
ff8e
ff19
fed2
fed9
ff38
ffd8
007f
0107
015f
0196
01cc
0221
028f
02f2
0337
034e
0319
027e
01a9
00f4
0092
0072
0070
006b
0063
0058
004b
005c
0099
011d
01c0
024b
028a
0261
01e7
0146
00b4
0036
ffce
ff6e
ff08
fe91
fe0c
fd8f
fd4d
fd65
fdd0
fe55
fee0
ff4b
ff74
ff5f
ff31
ff1b
ff1e
ff28
ff28
fefe
fe9f
fe11
fd7b
fd02
fcd9
fcfb
fd63
fdea
fe68
febb
fef4
ff30
ffa0
003b
00db
015a
0196
0181
0112
0070
ffe6
ff94
ff7b
ff78
ff89
ff8c
ff93
ff9d
ffd9
0062
0130
0207
02c0
0338
035e
0337
02e9
0298
0257
0217
01cb
0175
0108
007a
ffe0
ff82
ff8d
ffeb
0073
00ef
014c
0169
0168
014c
0147
0159
016e
0166
0124
009c
ffd8
ff12
fe5f
fdf4
fdd0
fdf0
fe1e
fe38
fe3f
fe33
fe37
fe68
fee2
ff6e
ffe6
0006
ffd5
ff57
feb7
fe1b
fda8
fd6e
fd5d
fd61
fd4a
fd1a
fcf4
fd09
fd74
fe2c
ff18
fffb
00a1
00f7
0100
00d0
009d
0098
00ae
00ad
0077
0010
ff90
ff1a
fed3
feda
ff3a
ffd9
0080
0108
015f
0196
01cd
0221
028f
02f2
0337
034d
0318
027d
01a8
00f2
0090
0070
006e
0069
0060
0055
0048
0059
0096
011b
01be
0249
0289
0260
01e7
0146
00b5
0037
ffcf
ff6f
ff0a
fe92
fe0d
fd90
fd4e
fd65
fdd0
fe56
fee0
ff4b
ff74
ff5f
ff31
ff1b
ff1e
ff28
ff28
fefe
fe9f
fe11
fd7b
fd02
fcd9
fcfb
fd64
fdea
fe69
febd
fef5
ff32
ffa1
003d
00dc
015b
0197
0182
0112
0071
ffe6
ff94
ff7b
ff78
ff88
ff8c
ff92
ff9c
ffd8
0061
012f
0206
02bf
0336
035d
0336
02e7
0296
0256
0216
01ca
0174
0108
007a
ffe2
ff83
ff8e
ffec
0075
00f1
014e
016a
0169
014d
0148
0159
016e
0166
0123
009b
ffd7
ff10
fe5d
fdf2
fdce
fdee
fe1c
fe37
fe3d
fe32
fe35
fe67
fee1
ff6d
ffe5
0006
ffd4
ff57
feb7
fe1b
fda7
fd6e
fd5c
fd61
fd4a
fd1a
fcf5
fd09
fd75
fe2d
ff19
fffd
00a2
00f8
0101
00d1
009e
0098
00ae
00ad
0077
0010
ff8f
ff19
fed2
fed9
ff38
ffd7
007e
0106
015d
0194
01cb
0220
028e
02f1
0336
034d
0318
027d
01a8
00f3
0092
0072
0070
006b
0062
0057
004a
005b
0098
011d
01c0
024a
028a
0261
01e8
0147
00b5
0037
ffcf
ff6e
ff08
fe90
fe0b
fd8e
fd4c
fd64
fdcf
fe54
fedf
ff4a
ff74
ff5f
ff31
ff1c
ff1f
ff29
ff29
feff
fea0
fe12
fd7c
fd03
fcda
fcfc
fd64
fdea
fe69
febc
fef4
ff31
ffa0
003b
00db
015a
0195
0181
0111
0070
ffe5
ff93
ff7a
ff77
ff87
ff8b
ff92
ff9b
ffd7
0061
012f
0206
02bf
0337
035d
0336
02e8
0297
0256
0217
01ca
0174
0108
007a
ffe1
ff82
ff8d
ffeb
0074
00f0
014c
0169
0168
014c
0147
0158
016d
0166
0123
009b
ffd7
ff11
fe5e
fdf3
fdcf
fdef
fe1d
fe37
fe3e
fe32
fe35
fe67
fee2
ff6e
ffe5
0006
ffd5
ff58
feb7
fe1b
fda8
fd6f
fd5d
fd62
fd4b
fd1b
fcf5
fd09
fd74
fe2d
ff18
fffc
00a1
00f7
0100
00d0
009c
0097
00ad
00ac
0076
000f
ff8e
ff19
fed2
fed9
ff38
ffd8
007f
0107
015f
0196
01cc
0221
028f
02f2
0337
034e
0319
027e
01a9
00f4
0092
0072
0070
006b
0063
0058
004b
005c
0099
011d
01c0
024b
028a
0261
01e7
0146
00b4
0036
ffce
ff6e
ff08
fe91
fe0c
fd8f
fd4d
fd65
fdd0
fe55
fee0
ff4b
ff74
ff5f
ff31
ff1b
ff1e
ff28
ff28
fefe
fe9f
fe11
fd7b
fd02
fcd9
fcfb
fd63
fdea
fe68
febb
fef4
ff30
ffa0
003b
00db
015a
0196
0181
0112
0070
ffe6
ff94
ff7b
ff78
ff89
ff8c
ff93
ff9d
ffd9
0062
0130
0207
02c0
0338
035e
0337
02e9
0298
0257
0217
01cb
0175
0108
007a
ffe0
ff82
ff8d
ffeb
0073
00ef
014c
0169
0168
014c
0147
0159
016e
0166
0124
009c
ffd8
ff12
fe5f
fdf4
fdd0
fdf0
fe1e
fe38
fe3f
fe33
fe37
fe68
fee2
ff6e
ffe6
0006
ffd5
ff57
feb7
fe1b
fda8
fd6e
fd5d
fd61
fd4a
fd1a
fcf4
fd09
fd74
fe2c
ff18
fffb
00a1
00f7
0100
00d0
009d
0098
00ae
00ad
0077
0010
ff90
ff1a
fed3
feda
ff3a
ffd9
0080
0108
015f
0196
01cd
0221
028f
02f2
0337
034d
0318
027d
01a8
00f2
0090
0070
006e
0069
0060
0055
0048
0059
0096
011b
01be
0249
0289
0260
01e7
0146
00b5
0037
ffcf
ff6f
ff0a
fe92
fe0d
fd90
fd4e
fd65
fdd0
fe56
fee0
ff4b
ff74
ff5f
ff31
ff1b
ff1e
ff28
ff28
fefe
fe9f
fe11
fd7b
fd02
fcd9
fcfb
fd64
fdea
fe69
febd
fef5
ff32
ffa1
003d
00dc
015b
0197
0182
0112
0071
ffe6
ff94
ff7b
ff78
ff88
ff8c
ff92
ff9c
ffd8
0061
012f
0206
02bf
0336
035d
0336
02e7
0296
0256
0216
01ca
0174
0108
007a
ffe2
ff83
ff8e
ffec
0075
00f1
014e
016a
0169
014d
0148
0159
016e
0166
0123
009b
ffd7
ff10
fe5d
fdf2
fdce
fdee
fe1c
fe37
fe3d
fe32
fe35
fe67
fee1
ff6d
ffe5
0006
ffd4
ff57
feb7
fe1b
fda7
fd6e
fd5c
fd61
fd4a
fd1a
fcf5
fd09
fd75
fe2d
ff19
fffd
00a2
00f8
0101
00d1
009e
0098
00ae
00ad
0077
0010
ff8f
ff19
fed2
fed9
ff38
ffd7
007e
0106
015d
0194
01cb
0220
028e
02f1
0336
034d
0318
027d
01a8
00f3
0092
0000
0000
0000
0000
0000
0000
0000
0000
0000
0000
0000
0000
0000
0000
0000
0000
0000
0000
0000
0000
0000
0000
0000
0000
0000
0000
0000
0000
0000
0000
0000
0000
0000
0000
0000
0000
0000
0000
0000
0000
0000
0000
0000
0000
0000
0000
0000
0000
0000
0000
0000
0000
0000
0000
0000
0000
0000
0000
0000
0000
0000
0000
0000
0000
0000
0000
0000
0000
0000
0000
0000
0000
0000
0000
0000
0000
0000
0000
0000
0000
0000
0000
0000
0000
0000
0000
0000
0000
0000
0000
0000
0000
0000
0000
0000
0000
0000
0000
0000
0000
0000
0000
0000
0000
0000
0000
0000
0000
0000
0000
0000
0000
0000
0000
0000
0000
0000
0000
0000
0000
0000
0000
0000
0000
0000
0000
0000
0000
0000
0000
0000
0000
0000
0000
0000
0000
0000
0000
0000
0000
0000
0000
0000
0000
0000
0000
0000
0000
0000
0000
0000
0000
0000
0000
0000
0000
0000
0000
0000
0000
0000
0000
0000
0000
0000
0000
0000
0000
0000
0000
0000
0000
0000
0000
0000
0000
0000
0000
0000
0000
0000
0000
0000
0000
0000
0000
0000
0000
0000
0000
0000
0000
0000
0000
0000
0000
0000
0000
0000
0000
0000
0000
0000
0000
0000
0000
0000
0000
0000
0000
0000
0000
0000
0000
0000
0000
0000
0000
0000
0000
0000
0000
0000
0000
0000
0000
0000
0000
0000
0000
0000
0000
0000
0000
0000
0000
0000
0000
0000
0000
0000
0000
0000
0000
0000
0000
0000
0000
0000
0000
0000
0000
0000
0000
0000
0000
0000
0000
0000
0000
0000
0000
0000
0000
0000
0000
0000
0000
0000
0000
0000
0000
0000
0000
0000
0000
0000
0000
0000
0000
0000
0000
0000
0000
0000
0000
0000
0000
0000
0000
0000
0000
0000
0000
0000
0000
0000
0000
0000
0000
0000
0000
0000
0000
0000
0000
0000
0000
0000
0000
0000
0000
0000
0000
0000
0000
0000
0000
0000
0000
0000
0000
0000
0000
0000
0000
0000
0000
0000
0000
0000
0000
0000
0000
0000
0000
0000
0000
0000
0000
0000
0000
0000
0000
0000
0000
0000
0000
0000
0000
0000
0000
0000
0000
0000
0000
0000
0000
0000
0000
0000
0000
0000
0000
0000
0000
0000
0000
0000
0000
0000
0000
0000
0000
0000
0000
0000
0000
0000
0000
0000
0000
0000
0000
0000
0000
0000
0000
0000
0000
0000
0000
0000
0000
0000
0000
0000
0000
0000
0000
0000
0000
0000
0000
0000
0000
0000
0000
0000
0000
0000
0000
0000
0000
0000
0000
0000
0000
0000
0000
0000
0000
0000
0000
0000
0000
0000
0000
0000
0000
0000
0000
0000
0000
0000
0000
0000
0000
0000
0000
0000
0000
0000
0000
0000
0000
0000
0000
0000
0000
0000
0000
0000
0000
0000
0000
0000
0000
0000
0000
0000
0000
0000
0000
0000
0000
0000
0000
0000
0000
0000
0000
0000
0000
0000
0000
0000
0000
0000
0000
0000
0000
0000
0000
0000
0000
0000
0000
0000
0000
0000
0000
0000
0000
0000
0000
0000
0000
0000
0000
0000
0000
0000
0000
0000
0000
0000
0000
0000
0000
0000
0000
0000
0000
0000
0000
0000
0000
0000
0000
0000
0000
0000
0000
0000
0000
0000
0000
0000
0000
0000
0000
0000
0000
0000
0000
0000
0000
0000
0000
0000
0000
0000
0000
0000
0000
0000
0000
0000
0000
0000
0000
0000
0000
0000
0000
0000
0000
0000
0000
0000
0000
0000
0000
0000
0000
0000
0000
0000
0000
0000
0000
0000
0000
0000
0000
0000
0000
0000
0000
0000
0000
0000
0000
0000
0000
0000
0000
0000
0000
0000
0000
0000
0000
0000
0000
0000
0000
0000
0000
0000
0000
0000
0000
0000
0000
0000
0000
0000
0000
0000
0000
0000
0000
0000
0000
0000
0000
0000
0000
0000
0000
0000
0000
0000
0000
0000
0000
0000
0000
0000
0000
0000
0000
0000
0000
0000
0000
0000
0000
0000
0000
0000
0000
0000
0000
0000
0000
0000
0000
0000
0000
0000
0000
0000
0000
0000
0000
0000
0000
0000
0000
0000
0000
0000
0000
0000
0000
0000
0000
0000
0000
0000
0000
0000
0000
0000
0000
0000
0000
0000
0000
0000
0000
0000
0000
0000
0000
0000
0000
0000
0000
0000
0000
0000
0000
0000
0000
0000
0000
0000
0000
0000
0000
0000
0000
0000
0000
0000
0000
0000
0000
0000
0000
0000
0000
0000
0000
0000
0000
0000
0000
0000
0000
0000
0000
0000
0000
0000
0000
0000
0000
0000
0000
0000
0000
0000
0000
0000
0000
0000
0000
0000
0000
0000
0000
0000
0000
0000
0000
0000
0000
0000
0000
0000
0000
0000
0000
0000
0000
0000
0000
0000
0000
0000
0000
0000
0000
0000
0000
0000
0000
0000
0000
0000
0000
0000
0000
0000
0000
0000
0000
0000
0000
0000
0000
0000
0000
0000
0000
0000
0000
0000
0000
0000
0000
0000
0000
0000
0000
0000
0000
0000
0000
0000
0000
0000
0000
0000
0000
0000
0000
0000
0000
0000
0000
0000
0000
0000
0000
0000
0000
0000
0000
0000
0000
0000
0000
0000
0000
0000
0000
0000
0000
0000
0000
0000
0000
0000
0000
0000
0000
0000
0000
0000
0000
0000
0000
0000
0000
0000
0000
0000
0000
0000
0000
0000
0000
0000
0000
0000
0000
0000
0000
0000
0000
0000
0000
0000
0000
0000
0000
0000
0000
0000
0000
0000
0000
0000
0000
0000
0000
0000
0000
0000
0000
0000
0000
0000
0000
0000
0000
0000
0000
0000
0000
0000
0000
0000
0000
0000
0000
0000
0000
0000
0000
0000
0000
0000
0000
0000
0000
0000
0000
0000
0000
0000
0000
0000
0000
0000
0000
0000
0000
0000
0000
0000
0000
0000
0000
0000
0000
0000
0000
0000
0000
0000
0000
0000
0000
0000
0000
0000
0000
0000
0000
0000
0000
0000
0000
0000
0000
0000
0000
0000
0000
0000
0000
0000
0000
0000
0000
0000
0000
0000
0000
0000
0000
0000
0000
0000
0000
0000
0000
0000
0000
0000
0000
0000
0000
0000
0000
0000
0000
0000
0000
0000
0000
0000
0000
0000
0000
0000
0000
0000
0000
0000
0000
0000
0000
0000
0000
0000
0000
0000
0000
0000
0000
0000
0000
0000
0000
0000
0000
0000
0000
0000
0000
0000
0000
0000
0000
0000
0000
0000
0000
0000
0000
0000
0000
0000
0000
0000
0000
0000
0000
0000
0000
0000
0000
0000
0000
0000
0000
0000
0000
0000
0000
0000
0000
0000
0000
0000
0000
0000
0000
0000
0000
0000
0000
0000
0000
0000
0000
0000
0000
0000
0000
0000
0000
0000
0000
0000
0000
0000
0000
0000
0000
0000
0000
0000
0000
0000
0000
0000
0000
0000
0000
0000
0000
0000
0000
0000
0000
0000
0000
0000
0000
0000
0000
0000
0000
0000
0000
0000
0000
0000
0000
0000
0000
0000
0000
0000
0000
0000
0000
0000
0000
0000
0000
0000
0000
0000
0000
0000
0000
0000
0000
0000
0000
0000
0000
0000
0000
0000
0000
0000
0000
0000
0000
0000
0000
0000
0000
0000
0000
0000
0000
0000
0000
0000
0000
0000
0000
0000
0000
0000
0000
0000
0000
0000
0000
0000
0000
0000
0000
0000
0000
0000
0000
0000
0000
0000
0000
0000
0000
0000
0000
0000
0000
0000
0000
0000
0000
0000
0000
0000
0000
0000
0000
0000
0000
0000
0000
0000
0000
0000
0000
0000
0000
0000
0000
0000
0000
0000
0000
0000
0000
0000
0000
0000
0000
0000
0000
0000
0000
0000
0000
0000
0000
0000
0000
0000
0000
0000
0000
0000
0000
0000
0000
0000
0000
0000
0000
0000
0000
0000
0000
0000
0000
0000
0000
0000
0000
0000
0000
0000
0000
0000
0000
0000
0000
0000
0000
0000
0000
0000
0000
0000
0000
0000
0000
0000
0000
0000
0000
0000
0000
0000
0000
0000
0000
0000
0000
0000
0000
0000
0000
0000
0000
0000
0000
0000
0000
0000
0000
0000
0000
0000
0000
0000
0000
0000
0000
0000
0000
0000
0000
0000
0000
0000
0000
0000
0000
0000
0000
0000
0000
0000
0000
0000
0000
0000
0000
0000
0000
0000
0000
0000
0000
0000
0000
0000
0000
0000
0000
0000
0000
0000
0000
0000
0000
0000
0000
0000
0000
0000
0000
0000
0000
0000
0000
0000
0000
0000
0000
0000
0000
0000
0000
0000
0000
0000
0000
0000
0000
0000
0000
0000
0000
0000
0000
0000
0000
0000
0000
0000
0000
0000
0000
0000
0000
0000
0000
0000
0000
0000
0000
0000
0000
0000
0000
0000
0000
0000
0000
0000
0000
0000
0000
0000
0000
0000
0000
0000
0000
0000
0000
0000
0000
0000
0000
0000
0000
0000
0000
0000
0000
0000
0000
0000
0000
0000
0000
0000
0000
0000
0000
0000
0000
0000
0000
0000
0000
0000
0000
0000
0000
0000
0000
0000
0000
0000
0000
0000
0000
0000
0000
0000
0000
0000
0000
0000
0000
0000
0000
0000
0000
0000
0000
0000
0000
0000
0000
0000
0000
0000
0000
0000
0000
0000
0000
0000
0000
0000
0000
0000
0000
0000
0000
0000
0000
0000
0000
0000
0000
0000
0000
0000
0000
0000
0000
0000
0000
0000
0000
0000
0000
0000
0000
0000
0000
0000
0000
0000
0000
0000
0000
0000
0000
0000
0000
0000
0000
0000
0000
0000
0000
0000
0000
0000
0000
0000
0000
0000
0000
0000
0000
0000
0000
0000
0000
0000
0000
0000
0000
0000
0000
0000
0000
0000
0000
0000
0000
0000
0000
0000
0000
0000
0000
0000
0000
0000
0000
0000
0000
0000
0000
0000
0000
0000
0000
0000
0000
0000
0000
0000
0000
0000
0000
0000
0000
0000
0000
0000
0000
0000
0000
0000
0000
0000
0000
0000
0000
0000
0000
0000
0000
0000
0000
0000
0000
0000
0000
0000
0000
0000
0000
0000
0000
0000
0000
0000
0000
0000
0000
0000
0000
0000
0000
0000
0000
0000
0000
0000
0000
0000
0000
0000
0000
0000
0000
0000
0000
0000
0000
0000
0000
0000
0000
0000
0000
0000
0000
0000
0000
0000
0000
0000
0000
0000
0000
0000
0000
0000
0000
0000
0000
0000
0000
0000
0000
0000
0000
0000
0000
0000
0000
0000
0000
0000
0000
0000
0000
0000
0000
0000
0000
0000
0000
0000
0000
0000
0000
0000
0000
0000
0000
0000
0000
0000
0000
0000
0000
0000
0000
0000
0000
0000
0000
0000
0000
0000
0000
0000
0000
0000
0000
0000
0000
0000
0000
0000
0000
0000
0000
0000
0000
0000
0000
0000
0000
0000
0000
0000
0000
0000
0000
0000
0000
0000
0000
0000
0000
0000
0000
0000
0000
0000
0000
0000
0000
0000
0000
0000
0000
0000
0000
0000
0000
0000
0000
0000
0000
0000
0000
0000
0000
0000
0000
0000
0000
0000
0000
0000
0000
0000
0000
0000
0000
0000
0000
0000
0000
0000
0000
0000
0000
0000
0000
0000
0000
0000
0000
0000
0000
0000
0000
0000
0000
0000
0000
0000
0000
0000
0000
0000
0000
0000
0000
0000
0000
0000
0000
0000
0000
0000
0000
0000
0000
0000
0000
0000
0000
0000
0000
0000
0000
0000
0000
0000
0000
0000
0000
0000
0000
0000
0000
0000
0000
0000
0000
0000
0000
0000
0000
0000
0000
0000
0000
0000
0000
0000
0000
0000
0000
0000
0000
0000
0000
0000
0000
0000
0000
0000
0000
0000
0000
0000
0000
0000
0000
0000
0000
0000
0000
0000
0000
0000
0000
0000
0000
0000
0000
0000
0000
0000
0000
0000
0000
0000
0000
0000
0000
0000
0000
0000
0000
0000
0000
0000
0000
0000
0000
0000
0000
0000
0000
0000
0000
0000
0000
0000
0000
0000
0000
0000
0000
0000
0000
0000
0000
0000
0000
0000
0000
0000
0000
0000
0000
0000
0000
0000
0000
0000
0000
0000
0000
0000
0000
0000
0000
0000
0000
0000
0000
0000
0000
0000
0000
0000
0000
0000
0000
0000
0000
0000
0000
0000
0000
0000
0000
0000
0000
0000
0000
0000
0000
0000
0000
0000
0000
0000
0000
0000
0000
0000
0000
0000
0000
0000
0000
0000
0000
0000
0000
0000
0000
0000
0000
0000
0000
0000
0000
0000
0000
0000
0000
0000
0000
0000
0000
0000
0000
0000
0000
0000
0000
0000
0000
0000
0000
0000
0000
0000
0000
0000
0000
0000
0000
0000
0000
0000
0000
0000
0000
0000
0000
0000
0000
0000
0000
0000
0000
0000
0000
0000
0000
0000
0000
0000
0000
0000
0000
0000
0000
0000
0000
0000
0000
0000
0000
0000
0000
0000
0000
0000
0000
0000
0000
0000
0000
0000
0000
0000
0000
0000
0000
0000
0000
0000
0000
0000
0000
0000
0000
0000
0000
0000
0000
0000
0000
0000
0000
0000
0000
0000
0000
0000
0000
0000
0000
0000
0000
0000
0000
0000
0000
0000
0000
0000
0000
0000
0000
0000
0000
0000
0000
0000
0000
0000
0000
0000
0000
0000
0000
0000
0000
0000
0000
0000
0000
0000
0000
0000
0000
