4653
4258
0004
0049
0100
0000
0800
0000
0000
0000
0000
0000
0000
0000
0000
0000
0000
0000
0000
0000
0000
0000
0000
0000
0000
0000
0000
0000
0000
0000
0000
0000
0000
0000
0000
0000
0000
0000
0000
0000
0000
0000
0000
0000
0000
0000
0000
0000
0000
0000
0000
0000
0000
0000
0000
0000
0000
0000
0000
0000
0000
0000
0000
0000
0000
0000
0000
0000
0000
0000
0000
0000
0000
0000
0000
0000
0000
0000
0000
0000
0000
0000
0000
0000
0000
0000
0000
0000
0000
0000
0000
0000
0000
0000
0000
0000
0000
0000
0000
0000
0000
0000
0000
0000
0000
0000
0000
0000
0000
0000
0000
0000
0000
0000
0000
0000
0000
0000
0000
0000
0000
0000
0000
0000
0000
0000
0000
0000
0000
0000
003f
0000
008c
000b
0001
1c9e
9d65
0000
9d89
0000
051d
006d
0001
03a4
0000
0000
003f
0000
011e
000b
0001
1693
0000
0000
003f
0000
00de
000b
0001
1380
0000
0000
003f
0000
00de
000b
0001
156f
197d
0000
1b51
0000
017e
003e
0001
0a36
478b
0000
47a6
0000
0084
02bb
0001
04dc
0000
0000
003f
0000
0161
000b
0001
0a13
1bab
0000
1bc6
0000
0a7b
0007
0001
00bc
601e
0000
6039
0000
07e3
00e6
0001
0097
2f13
0000
ffff
ffff
0642
0187
0000
0000
7a07
0000
ffff
ffff
12a3
01f4
0000
0000
7a07
0000
ffff
ffff
14f8
01f4
0000
0000
7a07
0000
ffff
ffff
2149
01f4
0000
0000
7a07
0000
ffff
ffff
0349
01f4
0000
0000
7a07
0000
ffff
ffff
0693
01f4
0000
0000
7a07
0000
ffff
ffff
0a75
01f4
0000
0000
7a07
0000
ffff
ffff
0763
01f4
0000
0000
601e
0000
6039
0000
085a
00e6
0001
01e1
7a07
0000
ffff
ffff
0a14
01f4
0000
0000
7a07
0000
ffff
ffff
0701
01f4
0000
0000
0000
0000
003f
0000
031a
000b
0001
018f
0000
0000
003f
0000
01be
000b
0001
0259
1e45
0000
21c0
0000
00fe
0068
0001
044f
601e
0000
6039
0000
0a02
00e6
0001
072d
601e
0000
6039
0000
0166
00e6
0001
1ff8
6df8
0000
ffff
ffff
0343
0157
0000
0000
6df8
0000
ffff
ffff
0a61
0157
0000
0000
0000
0000
003f
0000
0118
000b
0001
0e9f
601e
0000
6039
0000
0961
00e6
0001
0064
6834
0000
684f
0000
031a
0069
0001
021a
8b9b
0000
8bbf
0000
03ea
01fa
0001
0382
0000
0000
003f
0000
01a4
000b
0001
0bc3
2f13
0000
ffff
ffff
042c
0187
0000
0000
197d
0000
1b51
0000
03c6
003e
0001
0401
1e45
0000
21c0
0000
0284
0068
0001
012f
2f13
0000
ffff
ffff
06a1
0187
0000
0000
601e
0000
6039
0000
0770
00e6
0001
0131
601e
0000
6039
0000
24f3
00e6
0001
0068
601e
0000
6039
0000
2478
00e6
0001
006a
2f13
0000
ffff
ffff
03f0
0187
0000
0000
241b
0000
ffff
ffff
057f
0138
0000
0000
6834
0000
684f
0000
0265
0069
0001
0282
6834
0000
684f
0000
1a8b
0069
0001
0087
8b9b
0000
8bbf
0000
0084
01fa
0001
4d4e
7a07
0000
ffff
ffff
2f20
01f4
0000
0000
7a07
0000
ffff
ffff
4293
01f4
0000
0000
1e45
0000
21c0
0000
0369
0068
0001
012d
478b
0000
47a6
0000
0256
02bb
0003
0000
478b
0000
47a6
0000
02c8
02bb
0003
0000
478b
0000
47a6
0000
0235
02bb
0003
0000
9d65
0000
9d89
0000
0be9
006d
0003
0000
8b9b
0000
8bbf
0000
08cf
01fa
0003
0000
9d65
0000
9d89
0000
0be9
006d
0003
0000
9d65
0000
9d89
0000
061d
006d
0003
0000
7a07
0000
ffff
ffff
2f20
01f4
0000
0000
7a07
0000
ffff
ffff
4293
01f4
0000
0000
478b
0000
47a6
0000
076d
02bb
0003
0000
8b9b
0000
8bbf
0000
0638
01fa
0001
066f
8b9b
0000
8bbf
0000
0465
01fa
0003
0000
8b9b
0000
8bbf
0000
0a7b
01fa
0003
0000
0000
0000
003f
0000
018d
000b
0003
0000
21ed
0000
ffff
ffff
00c4
003e
0000
0000
0000
0000
003f
0000
013b
000b
0001
0742
6834
0000
684f
0000
03ea
0069
0003
0000
601e
0000
6039
0000
1c25
00e6
0003
0000
9d65
0000
9d89
0000
073d
006d
0003
0000
0000
0000
003f
0000
09e3
000b
0003
0000
0453
0000
061e
0000
0253
0036
0003
0000
0000
0000
003f
0000
0109
000b
0003
0000
478b
0000
47a6
0000
00e7
02bb
0001
0317
21ed
0000
ffff
ffff
02bd
003e
0000
0000
9d65
0000
9d89
0000
0f5c
006d
0001
0071
0000
0000
0000
0000
0000
0000
0000
0000
0000
0000
0000
0000
0000
0000
0000
0000
0000
0000
0000
0000
0000
0000
0000
0000
0000
0000
0000
0000
0000
0000
0000
0000
0000
0000
0000
0000
0000
0000
0000
0000
0000
0000
0000
0000
0000
0000
0000
0000
0000
0000
0000
0000
0000
0000
0000
0000
0000
0000
0000
0000
0000
0000
0000
0000
0000
0000
0000
0000
0000
0000
0000
0000
0000
0000
0000
0000
0000
0000
0000
0000
0000
0000
0000
0000
0000
0000
0000
0000
0000
0000
0000
0000
0000
0000
0000
0000
0000
0000
0000
0000
0000
0000
0000
0000
0000
0000
0000
0000
0000
0000
0000
0000
0000
0000
0000
0000
0000
0000
0000
0000
0000
0000
0000
0000
0000
0000
0000
0000
0000
0000
0000
0000
0000
0000
0000
0000
0000
0000
0000
0000
0000
0000
0000
0000
0000
0000
0000
0000
0000
0000
0000
0000
0000
0000
0000
0000
0000
0000
0000
0000
0000
0000
0000
0000
0000
0000
0000
0000
0000
0000
0000
0000
0000
0000
0000
0000
0000
0000
0000
0000
0000
0000
0000
0000
0000
0000
0000
0000
0000
0000
0000
0000
0000
0000
0000
0000
0000
0000
0000
0000
0000
0000
0000
0000
0000
0000
0000
0000
0000
0000
0000
0000
0000
0000
0000
0000
0000
0000
0000
0000
0000
0000
0000
0000
0000
0000
0000
0000
0000
0000
0000
0000
0000
0000
0000
0000
0000
0000
0000
0000
0000
0000
0000
0000
0000
0000
0000
0000
0000
0000
0000
0000
0000
0000
0000
0000
0000
0000
0000
0000
0000
0000
0000
0000
0000
0000
0000
0000
0000
0000
0000
0000
0000
0000
0000
0000
0000
0000
0000
0000
0000
0000
0000
0000
0000
0000
0000
0000
0000
0000
0000
0000
0000
0000
0000
0000
0000
0000
0000
0000
0000
0000
0000
0000
0000
0000
0000
0000
0000
0000
0000
0000
0002
0000
0000
0000
8a00
4201
0210
1220
1220
437a
2323
1222
1021
6a10
ee0e
ccee
bcbb
aaba
ba6a
bbba
dccc
fede
6af0
1211
3433
5554
6665
656a
5555
4354
2132
6a10
feff
dcdd
bbcb
aaba
bb6a
bcaa
cccc
ffde
6aff
2202
3423
5555
6655
656b
5556
4444
2222
0200
0000
0000
0000
0000
556a
4443
4544
4545
6a45
6556
7656
6676
6676
766a
6666
6676
6666
6a66
6666
7676
7776
6777
776a
7767
5666
4555
5a43
5466
2033
edf0
bbdd
de6a
dcdd
dccc
cccb
6acc
bbcb
aacb
aabc
baac
ab6a
aaca
a9bb
aaaa
6aa9
a9aa
a9aa
a9aa
aaaa
aa6a
aa9a
aaaa
bcbb
6acb
dcbd
eecd
eede
ffef
db4a
f0dd
1101
4323
6a56
2312
4423
5544
6655
666a
6665
6666
5656
6a55
5545
4444
4444
5444
446a
5554
5554
6556
7a56
4333
4433
4433
4333
337a
3243
4334
3434
7a44
4434
3344
3443
3342
4376
3233
1111
2212
6a22
5455
4444
3333
1222
116a
0001
feef
ecdd
7abb
dded
cddc
bccc
bacc
bb7a
aacb
aabb
aaab
7aaa
aaaa
9aa9
a9ba
aaaa
aa7a
aaab
bbaa
bbba
7abb
cbbb
cbcb
cccb
ccdc
ab6a
bcba
edcc
ffef
6a01
110d
2212
3433
4444
446a
4354
5445
5535
6b45
6655
7656
7766
6666
0002
0000
0000
0000
9a00
0000
1f01
12ef
4133
dbaa
f2be
5257
bb0e
9acf
6505
ef0e
3401
df2f
019a
1d23
ceab
4404
8a22
2f24
abba
32cf
edfe
d08a
3135
ff0f
ecfe
7abc
23f1
db52
22e2
ba00
c27a
4244
adfa
4523
7a52
00ff
6524
0f41
34f0
667a
2152
4512
5555
7a31
2301
4333
4433
1231
119a
0f11
01ff
2133
9aed
f1ce
3034
eefe
1f12
ed9a
e2bc
5445
aa0c
9abd
3104
ddff
20f2
edff
d19a
3334
9a0b
f2cd
8a33
5466
ed20
bccb
01ee
537a
4343
4544
0f53
7adb
bc99
34e1
3344
2032
dc7a
efdd
ca0f
dfac
7a24
ee30
ffee
cafd
ceaa
007a
fd11
eecd
1ff0
6aee
acca
eeee
f0ff
13f0
335a
cb10
03ce
4555
7a53
1200
3232
f10e
4413
207a
12ef
5246
edfe
7af4
5475
d01e
3423
bd3e
018a
5425
ed10
01df
7a23
1164
1222
0031
2401
337a
ff10
14ef
5655
7a52
ed10
01ef
1200
4422
437a
0020
00ff
f0ee
6a00
2201
0022
eeff
cbdd
ab6a
efcd
edfe
cccb
6add
cbec
bcba
cccc
cdbc
ee6a
dcdc
cdbc
ddcd
5adc
cabb
bbcb
bbba
bcaa
bb5a
bdbb
bccb
aaba
5abb
babb
aa9a
cbac
a99a
9a5a
bbba
aaba
bcbb
5acb
bb9a
dfbc
f0ff
0000
006a
ff0f
0000
3413
6a45
5545
4444
3333
4444
337a
4444
4455
4444
7a32
3322
3333
4445
4455
547a
2232
1121
2122
6a33
6464
4243
1021
0f00
cc5a
decc
f0df
ed0f
6aba
bbcc
bcbb
bdcc
cdcc
cc6a
cbdc
cbcb
cdbb
6acc
cdcd
cddd
dcde
dddd
ca5a
ccbb
bbbb
bbab
5abb
bbbb
cbcc
baba
aaa9
aa5a
9aa9
aaaa
9a99
6aa9
ddcc
dedc
dddd
dddd
a95a
ccab
f0cd
00ff
6aff
ff00
00f0
12f1
4534
546a
5455
3343
3434
7a45
4433
5444
5445
3333
227a
3333
4433
5454
7b54
3254
1222
1211
2323
0002
0000
0000
0000
9a00
ff4d
2311
ff21
152d
0f8a
03ef
5c36
f5ec
9a35
db20
fd24
ec14
24ff
dc9a
140e
fcee
3fe1
9ae3
d3ed
013e
439a
21d0
fe96
df0e
deee
24cd
9a45
be10
d13f
e150
c232
4d9a
01f0
1124
2dff
8b15
ef1e
2604
dc5d
36f5
0002
0000
0000
0000
b600
c04d
f20e
011f
3100
abb6
f100
e020
e01f
b6fb
30c3
0e02
fe01
e000
65b6
1000
20e0
20f1
b615
cf4e
02fe
120f
2000
abb7
f000
f120
e02f
02fa
0000
0000
0000
0000
01a6
0010
fd0f
10ee
a6c2
0442
31ef
22e0
0221
f0a6
110f
5fff
ecee
a600
21b0
0e01
eecb
f0f3
45a6
31e1
0021
0f41
a626
012f
0a01
eb22
e1ee
cfa6
fd02
0bd0
f2f1
a62e
2ff6
3122
331f
e320
30a6
10e2
e12e
ce1c
a6e0
f1cd
de0e
c12d
1130
e4a6
f151
1f42
2233
a6ef
cf34
0f31
1fdd
f1cd
eda6
ffe0
12eb
33ee
9a02
22b2
54bf
330a
fed2
f4a6
010d
ec0e
ecff
a6d0
d01e
0d0e
4fd1
22f3
d29a
0f02
7be2
4ec4
9a11
5ab5
5cc4
31fc
c20f
1396
1f9b
e1ef
e243
9646
4722
3064
0d55
0134
e09a
ad50
0c60
0f13
9ad0
bcf4
ed34
125b
15ee
6396
6326
f141
e44e
9a41
e1f1
02fd
e34c
e03c
c19a
f43d
bc30
1f12
9af3
d032
ff2e
4200
11e3
de9a
0ee1
4200
2fed
aacf
20f0
5df0
01fe
1100
149a
11fc
20de
0f34
9a21
f0cc
300e
1a23
cde2
119a
2503
0fbe
21e0
8a15
0c21
1ebe
5423
fc21
ee9a
20de
3f12
defe
aaf0
1100
f04d
f10f
1211
0f9a
ce1e
1230
2021
9acd
deff
2222
e01d
01cd
01aa
de15
0f00
1210
8a20
dcdf
14e0
0352
9d1c
de9a
0301
d03f
c0fd
aa01
4c12
0ff1
11f1
0012
0f9a
10cf
1023
ee10
9add
11e0
0e22
cdff
0300
24aa
10cf
11ff
2f12
9af1
e20c
2202
0d01
eede
019a
3f02
0cdf
10d0
aa23
f05c
010f
2111
1f0f
ad8a
3550
3030
dc9a
9aaf
1221
ff0e
00cd
2013
318a
1fbf
34f3
0d76
8a1e
30ae
3036
aa20
bfcc
119a
fd23
cdf0
03f1
8a31
c000
e31f
7734
2efd
9e8b
3631
2120
cbaa
02bf
0000
0000
0000
0000
e29a
ef51
fd34
2d04
9ad2
cf3f
dc32
fb13
1de2
bf9a
cd20
ed12
1e03
9ae2
d040
ee42
1e14
3ff4
e29a
ef42
fd34
1d04
9be2
de3f
dc32
fb04
1dd3
0002
0000
0000
0000
b600
ed21
ed11
f0f0
c2fd
30ca
00ee
1f01
20e1
bae0
d040
d031
f011
f5fd
30ca
11de
10f0
1ff1
b6f0
ed21
ed12
fff0
d2fd
30cb
00ee
1f01
20e1
02e0
0000
0000
0000
0000
f2aa
d12e
0063
13cc
a6ed
bbcc
25d0
de50
edee
41aa
44ce
fb12
2cd2
aaf2
11ff
3d23
1fa0
130f
fdaa
2205
a01d
c14f
aa0e
1212
cc31
f100
0d02
03aa
3f22
23bc
1fde
9af2
5423
cfd9
30e2
e51b
31aa
db22
1cf3
00f0
9a21
1e52
cfbc
0d53
55b3
22aa
e1fb
d02e
1010
9a31
1a00
26ad
bf1f
6444
fa9a
f1c1
14ca
3600
aa1c
ec10
3ff3
01ef
0d44
d0aa
fc10
1fe4
2f03
aaf2
e1ed
0f20
26f0
d01d
3faa
d2ed
f130
d131
aa2d
30c0
ff00
5e05
32bf
deaa
33de
24ff
30ed
aade
0110
010f
dd51
0c14
ceaa
1d24
2df4
edf4
aaf1
1ef2
43f1
f3ed
cd2e
f59a
a071
b561
df0d
aad2
ef20
1d34
31e0
e1dc
669a
26da
3dff
be0f
aa42
120f
ee20
0b13
24d0
299a
3ec5
f13f
23bc
aa1e
1003
f2ff
cf2e
3f02
dca6
11f0
2d13
11df
aa01
1010
220e
f2dc
fd31
e59a
e132
913a
0f43
aa3c
1d12
1cf3
43df
d1fe
e296
6524
b0da
4034
aaf6
d11f
cd4e
1d25
32ed
10aa
dd20
2201
f2fe
aa3f
21ff
e2ed
dd5f
1203
11aa
f0ec
0f22
33ff
aafd
1df3
53c0
c1dd
1034
42a6
e1ed
0f42
41e3
aa01
dd2f
1d15
24ce
ff40
fda6
22ff
f100
1132
aa22
f1fd
cb40
5304
ddff
029a
de25
62fe
31ef
aa0b
25ef
c3ea
1e45
e0fe
239a
1f1b
ef24
2d31
aaba
3a06
5590
ef4e
12ee
3c9a
03c3
120f
b931
baa5
ce4f
3113
fee0
0101
00b6
11f0
1200
dd1f
ba13
03cc
ef32
e01f
ff20
00b6
0001
2102
e3ec
aa2d
65b3
0f2d
30cf
f10e
11ba
010f
ed10
2d04
aadf
5035
feef
0001
42c0
0fba
21f1
d2fd
ce40
aa12
ff43
e2fe
fd0f
2f33
e0ba
0d22
41d0
f2ed
aa22
f10f
00d0
f6ed
dd31
04aa
9c4f
ed35
35d0
aa3e
0de1
fd10
72d2
e20b
52aa
f4bb
fe1e
5103
aaef
f01f
ddff
2e65
36be
fbaa
1fd2
f3fe
ed52
ba22
00ff
14ee
ee20
3ff2
bfaa
f01f
43e2
03fd
aa1e
0bd0
73e5
dfeb
ed62
0eaa
ef01
0e44
21e2
aaed
d2fd
1c66
25bd
fd1f
d2aa
36fe
d11d
0c32
aaee
35ef
bc6e
3003
c0ff
0eaa
5d15
44ce
bd1e
baf0
4201
f0ed
0012
0fef
02ba
ee30
1012
f0fd
ba10
0d23
01e0
fd21
f10f
42ba
01ed
1d21
11c0
aa13
c01c
34f0
f1fb
56cf
31b6
14ff
eb53
f1de
aa32
fec0
3c05
edd0
3f36
dfba
3103
02cb
2002
a6ff
ce0d
ed44
b0db
3f46
f1ba
eb42
12e1
f020
aa0f
55c0
1ebd
43d3
cf0d
33ba
cf0d
3012
0ff0
b6e0
2ff2
eeff
2101
040f
53b6
cefc
0012
fe10
aaf1
d32b
11e0
0c12
5fe6
c9aa
63d2
3fef
13cf
aa3d
2fb1
0110
c22f
eb61
a0aa
ff54
cd22
3003
aaae
f041
210f
53fe
9cfd
56aa
040d
02fb
cb40
ba24
0e00
1f02
1001
04ec
2caa
1b04
50d3
e5db
ba3f
f1f0
0110
ed10
2ef3
e4aa
ae4e
ec64
62a2
aafe
52cf
131e
a30a
b060
52aa
36cc
cdfc
2e54
aabc
1e46
3dd4
549e
25eb
2da6
51c2
b0da
0a45
aa91
a26f
bd30
2c13
2de5
f0b6
fe21
13df
bd2e
a635
3540
de3e
bb11
fe12
12ba
e0fe
1c23
54c0
aafc
0e13
03e0
44dc
f2ff
0fba
03ff
cd2f
3e24
aae0
0e11
2be1
40f4
40de
0eb6
23df
c00c
2144
aa00
dd40
c120
fc44
0ff3
e0ba
0c22
42d2
0ffe
a621
de3e
c3ca
ce40
fc22
32aa
a02c
2d64
23ee
aa1e
2ece
5ee6
34be
e3fc
2faa
33ce
dd31
4102
a6ca
bcbc
0d33
41d1
11dd
eeaa
33f3
f3ec
0923
aab3
541e
e2dd
dc41
ef22
eea6
6114
34e1
ca64
a6cb
2fd2
04dd
cf4f
fe0e
03a6
e062
5633
bb1a
a6c1
de2f
42f2
eeee
f2f0
53a6
34df
4e35
cebc
aa10
11ef
ce31
f1f2
3100
0da6
4325
ec32
f1bc
a6fc
24e0
ee1e
0f0f
3c15
e4a6
2253
cd2e
0ede
a6ce
3e24
f0ee
14ff
c14f
40aa
11ee
1fb1
e011
a632
e03f
0fff
4103
35de
0caa
0ef2
e21e
032f
a62e
02cd
d120
fd43
54f3
c0aa
002f
33de
21e1
a6bd
22e1
24fe
f11f
2f34
02aa
db2f
1d17
eb12
aa05
0d1f
fe13
f310
f11d
21b6
cd0e
f021
ef10
a611
e021
1210
33ff
050d
feba
43ee
00fe
22ff
a60f
10fe
2e02
2e14
53c3
fcb6
31b0
0fff
22e0
a610
f2ff
e23f
cf31
2c45
d3ba
df40
f010
fe31
aa00
3ef1
4ed3
63bf
affc
f5a6
de3e
e3ee
0f63
aaef
bf40
cb62
1f35
16ca
4eaa
01cf
50f2
f0dd
a632
050d
c13c
1d42
13bd
ddaa
0ff2
ed44
13ef
a6fc
6fd4
33be
eb11
20d1
dfaa
162f
de1d
1e03
a6c4
cb63
3104
be1d
0c11
dea6
64e3
e020
dd11
a646
c2fa
2141
f0cc
cd1f
e0a6
3255
10ff
05fd
aa3d
50e3
dee1
0021
21ed
43aa
feee
ef3f
2c14
aadf
e143
010c
1c01
34d3
0daa
020e
12df
dd20
aa05
0b11
00f2
9011
3d44
c19a
0bc2
2322
a3ed
aa65
d31b
f31f
34ea
cf40
1faa
e21f
1f01
14ef
aa2d
20b2
1cf0
42e4
1ffc
e1a6
0f00
1f01
55cf
aada
fe62
d10f
2c43
f0d2
44a2
0042
0d12
4ef4
aabe
ff0d
230f
c02f
321e
53a2
020f
e32f
cc62
aaf0
01fd
2102
f0fd
0e13
dca6
2f03
3fd1
32bd
aa2f
2fd2
1e21
13df
be3f
e2a6
e020
cb30
2302
aaec
0031
ec12
41f3
e5dc
31a6
21e0
d1dc
1c13
a6d2
0231
cd3f
3e36
33bd
ffa6
fd10
02ed
c04f
a632
32f0
06cb
ec40
2ff4
1f96
cdda
57c0
36dc
a22e
2d24
46ae
f152
3343
bf9a
c014
ec44
fa24
a605
c00c
ed75
32e0
dd0f
f0a6
f1fd
1222
f121
aa1d
4600
24ba
ef10
13ef
efaa
0111
2f2e
1def
a6e3
7e05
33b0
db30
1fbf
f1aa
31f1
eff0
b31e
a641
ac74
3145
bedb
e01f
0eaa
1f23
0ffe
52cf
aa23
66aa
cdfe
5000
1fe0
f1b6
2033
ec00
12e1
b62f
32e2
dd0e
fff1
f000
43aa
e1ed
f4ec
1e51
baa1
ed41
12f0
10ff
1100
1faa
fcef
65e0
ecff
aa56
a0fa
1e23
f110
2112
ddaa
ee0e
4e25
060c
ba3d
11ce
f020
1100
0e01
fea6
adca
2243
5602
aa2a
23e3
0fff
0023
df1f
ffba
2200
f000
1e10
aac0
1d34
0400
f13e
fffc
00aa
1104
0f10
9b02
aa23
f03f
4002
0fe0
f2cf
f1ba
0120
e11f
e21c
9a21
249e
fb46
bbe1
1ef1
11ba
1f11
20ef
22cf
9a0e
3425
9d4e
d02a
f530
01ba
ef20
ec02
3e03
9ae1
5162
f0d9
21bf
61ff
43aa
d2dc
b24a
af53
aa44
0d01
ffd0
2d10
3503
feba
20ff
23de
120d
aa10
ce1f
011e
e22f
4c14
feba
0cf3
2ef3
20f2
aa00
1fdc
11f2
32df
de50
a2aa
926c
b152
ef54
aafc
f1f0
fc21
3323
dbee
53aa
34ad
46ed
0d0e
a6c0
f1cc
a02e
5446
a13d
0baa
1fe3
3d15
cdf0
a62f
32d1
14bb
5056
3f9d
c0aa
f421
c040
ef0d
aaf5
bb40
0154
ad2d
ce63
01aa
5202
10dc
f2de
a662
a22b
4543
c11b
cc0d
21aa
fb43
0be3
55e1
aadc
4ec5
ea04
2ed5
02ef
34aa
a12c
b13e
0d35
a6df
0223
cc52
fdf1
04ce
4faa
439c
35bc
ce4d
aa25
41ed
22dc
f00d
4232
4ca6
1bb1
34bf
e20e
ba4f
0e02
1ff1
010f
fd23
40a2
ca10
0fcf
02ed
ba11
ff10
0f01
22f1
be2e
a096
04cc
ee3f
1d26
b601
ff11
fef0
55f1
bf2c
7c9a
3cf2
14d2
b40b
ba53
01fe
f01f
eb43
41c2
efa2
fd01
14de
c12d
ba43
10f0
23f0
be1d
f043
10a6
f0fe
1c14
42c2
bafd
0001
2002
04cc
0e20
00a2
f1ff
db53
4204
bafd
011f
fb22
40d2
f000
fea6
4100
25bb
ed30
baff
0101
ce2e
0033
20ef
fea2
1a04
34af
ed30
aacd
401f
36aa
fd2e
fe13
e3a6
d32b
1f42
e1ed
a630
2d04
21bf
e010
f11f
3da6
33b1
ff20
32df
96e0
ac52
0e33
52ce
31cd
bea6
3123
ed00
0d13
9602
242c
bc1d
fe26
ccf0
449a
be3d
431f
07e9
963a
4fe6
f5ab
bd4e
e0ff
629a
11ab
eb14
60c5
a6c3
dc31
32f2
e1dc
240f
5f96
21c1
ba0d
4104
aa45
13ce
cc21
2e13
1e02
b39a
bd5f
260f
c312
a6bc
13df
ae3c
f121
0022
30aa
f1de
1211
fe0f
aa00
3c12
6291
02ef
220e
ddaa
21e1
1011
01ee
aaf2
9e20
0044
2fef
fb05
ae9a
1064
cb15
e211
aa6f
05cc
ec31
0204
de1b
459a
e132
013a
520e
aaab
63d2
d4eb
1e40
02cd
559a
4ffc
ffd1
cb34
a6bd
62e4
26bb
fc53
d1cc
2eaa
f1f1
110e
ec1e
aa16
ab4f
1d57
00dd
4ff3
d1aa
1e01
01f2
e6dc
a651
b32b
1f74
ccee
1f13
21aa
f10e
0a12
63c3
a6eb
56af
ef30
f3db
022e
00aa
01ff
b02d
1d53
a6c0
3124
fdff
21d0
22f1
0faa
41e0
25ac
dd20
9a33
eefe
b51d
ce61
0e52
dfaa
cb43
3003
11ff
9aff
e04f
65bd
24fd
aaf1
e3a6
bb3e
11f1
0f11
a602
0c11
22c0
2212
c02d
5daa
23be
101f
02fe
aa2f
b40d
ff41
0d11
53c2
cbaa
41f1
fe01
31e1
aaf0
54bd
f12d
cf00
1b25
cba6
22d1
fe20
34e1
a609
65a2
2210
dffd
eb44
e5aa
0f4f
e1ff
fc41
a6b4
3046
0e12
26dc
a92c
14a6
f021
f4fd
cb40
aa05
f11c
0d0e
2b17
37bd
0eaa
1df0
5ee3
26cc
aa3e
2dd0
f40e
bc5f
5ee6
dfaa
be31
ec53
43e3
a6dd
fe11
24ce
aa2d
1f13
12aa
14fb
e10e
0c33
aa01
d10e
2e32
35cc
f20e
3a9a
5093
34ee
a15e
aa00
31df
fc11
4fd3
2f00
ceaa
0022
2101
02ee
aafb
0222
bf2e
0240
fd00
e2aa
f021
1c13
2cd3
aad3
3110
13cc
10f2
c00e
31aa
021f
bf3f
c14f
aa2f
0b22
21d3
0f10
31ce
20aa
32e1
11ec
10fd
aa23
bf1d
2141
deff
1302
efaa
1a24
1ed3
03e1
aa2f
22dc
0f21
e2fd
0e21
13aa
bf4e
ef11
2003
9aed
73e1
0a0f
53a1
d43c
51aa
f2cd
e10f
fd32
aae0
0f23
df0f
2012
54d0
dbaa
2ff1
32ef
ff0d
aa04
f02e
f1fe
de32
1c26
0ea6
0cf1
20c0
dfdd
aa11
eef1
12f2
f6fd
be5e
ee96
9b1e
a912
22bd
aa02
f0fe
1d12
62e3
f1cc
119a
34df
32ca
c141
aa2d
02ef
c12f
fb64
10d1
0e9a
0af4
3204
4fdd
aadc
30f2
55ce
bf2d
f020
f19a
c43c
db62
ec14
aac1
fc22
4f16
22bd
10ee
1faa
34e0
e2fd
ee1f
aa13
d41d
cb63
0e02
10f1
efaa
3f13
41ce
02dd
aa3f
55df
c11b
de30
0d12
f3aa
dc41
fd14
31e0
aafd
4e25
23be
02ec
e11e
04a6
ce40
ec11
20d0
aaf2
ed42
3dd2
11c2
13ef
30aa
22cd
e3fd
e12f
aa43
de0e
be41
ff21
3302
ebaa
2ef2
32ee
14fe
aa30
14eb
f2ec
e11f
1c34
c0aa
ee21
1f03
42d3
aa0c
2ec3
11c1
13ef
cc41
02aa
e20e
de30
1f55
aaaf
de21
0e11
3303
d1ec
20aa
32ee
17ed
dc21
aaf2
f10d
f11f
3e23
20be
0eaa
0e03
51e4
c00d
aa20
11c0
23e0
cb31
f011
f2aa
d12e
0063
13cc
a7ed
bbcc
25d0
de50
edee
0002
0000
0000
0000
9a00
242e
eb1e
01df
4625
029a
bccc
21dc
5732
9af0
fcb1
22af
1413
eb1f
ffaa
310f
1131
edfd
9a0e
3230
3d63
d0df
d4bf
439a
31f2
b0cd
430f
9a54
fef0
b39d
06f2
0025
cd9a
1a0c
3213
2e04
9adf
c2df
3144
df20
ffbb
4f9a
4123
ef1e
ded1
9af2
3330
ff1e
e1ed
e453
119a
dced
1000
1015
9a00
0ffe
e5fc
f203
0a31
1c9a
412e
6f1f
0f09
9a0d
4f2f
1e4f
010f
e5ec
109a
43c5
0fdb
103d
9a20
dd32
d02e
2d1f
fd61
f49a
b000
1de3
63f3
96ea
4d10
00db
3100
df0b
ec9a
32d5
23a3
3bec
aa1e
1f1f
0e41
eff2
10f2
e3aa
d110
d01f
1000
9a20
f13e
de0c
0131
0116
5196
edda
e7ca
e171
aafc
efe2
1104
10e1
f0df
129a
163c
ab50
ff11
aa0f
1d41
fd1f
ef3e
ff43
079a
b0df
22ee
271d
9a3e
3dbd
2e00
6925
3eec
fa9a
1304
3f03
2dcf
9adc
1e6f
3052
cddf
1b23
659a
ef2a
a3f0
d6e3
9a40
040c
ceed
0f51
5111
6396
d0ac
f1fd
0b41
9aac
dc1f
2c56
401d
ce2b
e396
cf00
7166
b1ef
a6f0
22de
cf0c
dc1f
30f1
3f9a
ee31
f2d1
f20f
9a42
fc2d
1ef3
52c3
e5bf
d19a
06b0
00ff
0e4f
aa0d
10f1
23e1
df00
0e00
129a
1e5f
3fff
26cb
aa0e
0101
df02
10d2
34f0
f0aa
0fde
e21f
0c33
aaf2
cf1f
f113
11e2
fc1f
01aa
012e
1041
f2dc
aa0f
35d3
f1fc
ce3d
1121
019a
4c14
04a9
3001
aa44
9e3e
fe03
52f4
f0df
0c9a
12db
e353
ed06
aad9
31f1
530e
ce1a
e202
f5aa
e113
00cf
12ec
aa40
21f1
fdef
51e2
53df
edaa
f1ce
2211
2c22
aabf
db3f
4e34
1f10
dc01
f4aa
e25e
f03f
f5cb
aa10
3313
b0ec
ee1f
2133
42a6
4233
d1ec
2310
aa31
cc00
32f4
43f1
c2db
e0aa
120f
ef41
0d02
aae0
1211
e100
cd1e
3213
f1aa
db24
11c0
14ef
9a4e
31df
e1ed
47c3
f6da
0daa
13de
f240
ce21
aab1
ee03
3e15
3ffe
1ffe
f2aa
d022
d0f3
12df
aa3f
2f20
df0c
0c30
3e33
5596
0234
c0ef
fe33
aaf2
0dfe
3021
111f
d00c
ce96
c4b9
4355
3031
9aee
e0f6
f1e2
df0e
4004
10a6
2e44
efef
e1ef
8614
d655
bb22
1c31
0d01
019a
d41b
c052
df22
9add
2d23
42e3
f2bf
e1f1
218a
2ffe
202c
970e
9a22
020f
cf0f
fe23
4d11
f086
cde2
31f2
20b2
96c0
ee11
02ef
05e0
ff3d
2096
24fe
ff30
dd00
86e3
f210
c522
cb0f
2cc0
029a
ee4e
fe30
3e11
962c
e0f0
02bf
110f
1011
1e96
01fa
e51d
e052
9a11
43de
d001
ee00
1111
f38a
f101
cde0
41c4
96e2
3324
dff2
02de
3133
fa8a
400d
304f
d212
8adf
01bc
527f
d3c5
f0aa
308a
6023
dcfc
03f0
9a04
f110
fd00
2ffd
3f42
3596
eb56
fe9d
65d1
8a3f
fdf0
363f
c210
b03b
d09a
5200
203d
cc1d
9612
d2ec
2f55
fcf0
24cd
e09a
0e01
ffc0
36f2
9a01
2cff
22da
0401
df03
d29a
f20e
f140
0e1d
9afd
f2f2
2f35
df01
e2be
119a
502e
12fd
12fc
9a3f
0d02
fdef
33f0
2332
ff9a
ebde
210f
2202
8aff
1e00
34c0
fe2f
fbdc
d09a
0254
0d43
deed
8aff
15e5
3e32
3c0e
45cd
1f9a
ee10
0fed
3332
9a33
de0f
d1cd
1300
2e22
1f9a
ef2b
1022
ee11
9ad0
f5ee
3442
ed2e
d1d9
2eaa
5001
100f
e0ff
9af3
03e3
fdfc
23fb
4252
3faa
edfd
0df1
5013
9af0
dc11
16ce
e6e3
cdf0
b29a
35e2
3143
bbea
9aef
26ff
0f63
de1e
34ad
109b
1f33
efda
2501
0256
0000
0000
0000
0000
f38a
ee42
3fdf
cc14
8aeb
efcd
ed03
163f
2f11
209a
1ec0
1f12
00e0
8622
1201
fdcb
cb14
beeb
449a
2ef2
e310
0e2f
9adf
ffe2
c151
f11e
ff10
ed9a
22dd
01ff
140e
9a11
ff1f
030e
4eff
12b2
0f86
0e02
20ac
9900
9afd
3203
2001
e0f1
c040
fb8a
36be
ec30
d101
9a7f
fece
20df
21ef
031f
3f8a
2ef2
3290
3ff0
8aad
3f47
cb21
50e5
13ab
f09a
2232
41e1
f6fc
9a0c
0f0f
33bf
f03e
31df
0f8a
bdba
61bf
11c0
8a11
4024
3bb1
4fc3
2bd3
f09a
0d33
ed21
0c14
9a0f
01f3
4f12
11e4
140b
ee9a
0df0
12e1
fd2f
96e4
3333
bc1d
10d0
24ff
f49a
f12e
fff1
0010
9ae1
e23e
b041
b06f
e130
ed9a
f033
2f23
2e03
9adf
ee42
ddff
2f15
0ed0
f29a
ed4f
00cd
0110
8afe
2523
2b3f
0ea5
d331
fe9a
e122
d14f
de20
9a31
efff
e132
ff44
1f21
c09a
dc52
f0ef
2012
9aee
11f0
cc20
f1fe
001f
e18a
6311
2ee0
22de
8a2c
ddf7
242f
1200
f3eb
109a
02fd
f120
e143
8a20
952c
0d6b
c0a0
5d24
d19a
21fe
ec0f
c00f
9a31
020e
43ff
1d0f
23d0
1d8a
f0ef
6403
10cc
9a2c
dc13
e330
e020
e362
1f9a
03fd
ed10
f3fe
8a21
1bdd
22e3
befa
d2cd
309a
0ef0
1114
be20
9a22
4ee1
0fc2
2012
d000
6c8a
fce5
31ee
0417
9a6c
2f02
0fe1
c01f
120f
1c8a
cf01
ce41
910b
9adc
f020
2f10
3fe4
d02f
e19a
0d21
10f2
40f1
9ad1
001f
02ff
32de
41e3
028a
2de1
0df6
0edb
8ad6
1e3d
f0e1
ec11
cccd
1f8a
1f01
e121
0f47
9a0e
11d0
1df2
22e1
40f0
d09a
1ff1
11e0
3fc0
9a34
3ff2
13ef
0c00
f2ef
408a
0bf0
5eb5
dc0e
8aae
3dee
fee5
353e
c122
3c9a
20d1
1f00
03f0
862f
6ef3
0c9f
ddf0
c7db
4f9a
fd14
0301
b12d
8a0c
60f6
efde
242f
dbcc
dd8b
f3ef
3ffd
2106
021f
0000
0000
0000
0000
009a
0f11
11d0
25ed
ba3f
10f1
13fe
b11c
fd42
14ba
c20d
fc42
0d04
baef
dd31
2f24
51d0
14cc
2cba
41c1
23de
e21d
ba21
13ed
ef1e
dc31
2d25
d1ba
de40
0c33
32c0
ba0f
fb03
33e3
22dd
03fd
3eba
21ce
11f0
d01f
aa32
e30d
b20a
dc63
3df3
f5aa
bb51
2e03
1fd2
badd
2f13
10f0
22ff
e0fd
22aa
122f
01dd
fc54
aadf
f30e
cb40
32f3
fe21
ddaa
3104
dffd
2400
aa2e
12de
1122
d1ec
1f22
e0aa
25ff
ec31
00e0
aa21
cd0f
2214
fe10
22e0
ec9a
e0bc
3333
c1fb
9a74
0d00
f49b
ef51
22df
549a
dc1f
5fd3
ede1
aad0
2f24
00e0
22f1
e0ec
249a
103f
f5dc
dc63
9afe
24ce
bd1e
3313
fd11
be9a
1f34
f0dc
54f3
9afc
21d1
3e12
f2cc
0f32
f19a
25ef
cd50
ff00
9a23
b00b
2233
ed00
32e2
fd9a
00ce
4002
f2dd
9a31
ed11
02ee
ed31
23df
349a
de1e
2013
dc0e
9af2
2f54
f2ee
3023
c0db
329a
0d11
24df
0e32
9adc
21e2
bd0e
35f1
ee20
e09a
1022
d0cb
2223
9a0e
24ef
fd41
01de
0e33
df9a
3302
ed31
22e1
9a0f
deee
3124
e00e
2102
ed9a
f2cd
0021
e1fe
8a43
cb1d
15cd
ba4f
66c1
448a
cd1d
5125
bbec
9ae3
1f43
11ff
1f32
e0ec
338a
ee2f
36df
ca62
8ace
20f2
adea
4413
dd10
f38a
0d32
d0ab
3124
8afe
5413
ec31
13ce
fe21
e08a
6425
dd1e
2102
8a0e
e1bb
2043
e0fe
2013
c98a
00bd
0e21
25de
8a42
ccfe
22d1
defd
4502
428a
f2ed
1033
ceed
8a14
0042
2300
0d53
e1bc
118a
ee0f
44f2
ec10
8ace
0f11
cedc
3303
de1f
038a
fd31
d1cb
1133
8af0
5503
ed20
12df
0f10
ef8a
5336
df0f
21f2
8afd
f0cc
3033
e0ee
1f24
bb8a
f1bd
0d21
24df
8a43
cc0d
32d0
defd
4502
418b
f1fe
1033
bdfd
0225
0000
0000
0000
0000
4086
ffbf
ffee
dddd
7add
f02e
e0cf
cefd
eefa
cc96
ccdd
cccc
ccbc
caa6
df40
0000
0010
0100
5186
f0be
effe
cded
7bed
001e
e0de
ce0c
ee09
0002
0000
0000
0000
8a00
cf4e
dc34
e231
232f
038a
be3e
e0fe
140f
ba4f
00f0
0f00
11f1
c13f
3e96
ee1f
ecde
0fcf
8aff
dd23
e320
101e
10df
f28a
e010
14ff
cd2d
baf1
0f00
10f2
c23f
000f
028a
0d00
1f15
340f
8acd
e330
322f
2e03
ffbe
e08a
150f
cf3d
0d01
bada
0101
c24e
000f
0100
dc8a
1ef7
33ff
20ce
7af3
2efc
2dc1
3ef4
fdd0
129a
ff0e
1ff0
07fc
b615
f034
0010
f0ff
f00f
1b8a
2321
31dd
3fd2
8b22
3f12
eecd
0ff0
3f14
0002
0000
0000
0000
7a00
edee
21e0
13ef
fe21
027a
f001
0f03
33d1
6a0c
34d2
f50a
5d24
6bd0
ff8a
0d11
0c03
0fce
9aee
4123
ef0f
f0ff
0101
d36a
0e16
32e2
e21f
6a12
c14f
fd41
0e21
1ef1
118a
110f
2cf0
f001
8ad0
0e1d
210d
4223
effd
f96a
36af
1011
2235
6a0b
43d1
1031
f001
14f0
f07a
e101
10c3
61d3
8a9b
ff31
bff4
0d1e
f30f
f77a
0306
efad
3eff
7a1f
0020
0112
05fd
df61
f25a
46b0
f21a
e32c
6aa4
e6e3
041f
00fd
5cff
f08a
00ff
ffe0
12e0
7a34
d01f
cf0a
11e1
eee0
0f9a
6f05
00ce
10f0
5a00
5072
e1c2
14d1
f320
0f6a
21f1
e010
fd2d
8abe
f0f0
0000
4013
defe
00aa
00f0
f1ff
fd55
7aef
06ce
f23f
2123
f1ff
525a
ff00
d10e
2222
6a00
2ff2
edee
04cd
fb75
008a
0f00
ffff
fffe
aacb
66f1
dffc
f100
f010
767a
002f
11f0
0f10
5a00
04cc
ff41
4213
cadb
ee7a
5203
fffe
01ff
baee
0000
f0f0
34f1
f0fd
ea8a
2f14
2101
0011
66f0
54f4
1121
effe
0011
117a
0f00
eeef
4303
8a0e
f0f0
f00f
fe0e
dbfe
f1aa
fc66
00df
00f1
7a01
1121
f000
0012
00f0
ae5a
4212
14fe
db41
7bca
f3ef
fe52
0eff
ee01
0002
0000
0000
0000
9600
ec73
bcbb
32f2
0110
0f8a
12f1
fb32
efbd
aa13
1121
ee0e
f0df
3513
40aa
eddd
01ee
2222
8a10
bea9
03df
1f54
00ee
008b
130f
fb32
dfbd
0223
0000
0000
0000
0000
b16a
e22b
f10e
1fff
6ae0
2300
261c
2ede
0ce4
426a
3ce3
be04
d13f
6aff
c010
f10e
1ff1
1f24
1c5a
1dd4
2204
6c02
5af5
3a9d
faa4
b040
34dc
e06a
f532
141b
40dc
6ae4
163c
41ec
2aa1
da05
506a
2daf
1fe3
1313
6a2d
fbe4
d331
f66e
1f0d
a26a
e62a
31ea
3da0
7ac5
022f
3ff1
0bd4
e023
4e7a
0cf4
ce22
d23f
7a1b
dd03
c34f
252d
7fdf
1386
1240
210f
0eff
6aee
3ecc
2cc1
fad3
ed13
137a
50f1
2ad2
bf24
7a7f
1bd6
b140
e32c
10fe
bf6a
e20c
43ff
3d25
6a12
1ec0
0f25
2052
0dd0
ec6a
ee01
c21e
e10b
6a01
4533
101f
12df
3310
037a
21fe
2ecf
0fd1
7af0
efff
23ff
51f1
2de2
e36a
52ef
0f24
a061
7a39
0cd2
ed03
c010
041f
0f8a
c142
e33e
3fff
7af3
322d
1ba2
fee2
ef1f
0f8a
10ff
0110
d240
8a2d
eef4
e241
123d
2fee
927a
041c
3fcd
1eb1
7a14
5401
20ee
2fe1
0d06
467a
3ecd
edd0
cf21
7a0d
dcf2
f122
2144
200e
c16a
3442
5222
feed
6aec
2fbe
0cde
bcc1
2533
108a
e031
f32e
41ff
6af1
e25e
ffdb
2fbc
facf
e07a
03ee
f540
f25f
7aef
e320
2330
2e01
cce0
207a
2dd0
fee0
02ff
7a21
2f24
fe02
e222
0440
3c6a
0ad3
0ca0
cdff
7a0b
0ed0
2003
0d46
c031
3e7a
1005
e043
d12e
7afb
ddf3
b020
f31b
4000
f67a
e25e
011e
3211
7a02
012f
10dc
2dcf
edd1
0f6a
6192
5536
f04f
6ad0
2531
5243
0e02
decb
ee6a
d10b
fecb
23df
7a62
3f24
fef2
0113
2122
006a
ba20
cede
c00c
7acb
e00f
0232
0043
100f
f17a
0341
2230
2fcd
7ab0
010c
1ece
ffc1
2d25
048a
022e
1fff
1f03
6a21
0b02
bdcd
0ade
ebb0
0f7a
33e0
461f
20fe
7ad3
331e
2112
d120
0ffb
c07a
e11c
2fce
02e0
7a6f
7de7
fed2
f421
3330
ef7a
cf2f
d0fd
e0fd
7afe
fff0
3f14
4e15
0ff1
017a
1123
0032
dd0f
7aff
1dcf
fdd1
e0f0
2122
347a
012f
20d0
1f05
7a54
5ecf
0baf
edd1
fdf0
f07a
140e
2530
f13e
7afe
1312
2421
f20d
0edc
b07a
f20c
1fcd
30d2
7a12
4e34
1ee1
2201
5410
ef7a
df2e
eecd
e0ee
8a0d
00f0
0f12
ef34
d320
0c7a
e136
f171
dc0e
7aee
0ede
eee0
eff0
2014
467a
1e00
ffe2
0342
7a41
d021
b1ea
0fdc
0cd0
f17a
56de
66fe
1e0f
7ae2
55fe
5201
ee0f
bd0e
0e7a
0fbe
eeef
2300
7a02
0264
01ed
2201
2223
007a
fc0e
0bae
ecc3
7a0f
2dd0
2e16
0046
e41d
0e7a
2234
3f22
dae1
7aef
2d9d
0cc1
e0f0
1133
257a
d041
e11f
3322
8a13
d13f
d20b
11dd
1dd0
e37a
44ec
53f2
ee23
8a10
30e1
2112
0e00
ece0
0f7a
0ebf
dfff
250d
7a30
3343
00ed
21f2
2135
217a
fbde
dbaf
bef1
7a2d
0ec0
2124
3035
0ef0
017a
3322
2f33
dcee
7add
ffbd
fedf
ffef
3213
247a
ff41
00ff
4313
7a23
ee20
bcec
dfdd
eeff
e07a
14ff
3520
0f31
7af0
23f0
4323
ed10
dcdd
cd7a
effe
fffd
13fe
7a42
4124
f0ef
1300
2342
307b
dcee
ddbd
efdf
00fe
0000
0000
0000
0000
0f78
fe31
1003
10f2
9824
e100
1030
f301
de40
00a4
1d13
4be4
6fd3
a8cf
fe42
24de
fd42
ede1
f5a8
ed52
10d1
00e0
9811
f2db
e2fd
c01e
00ed
ed98
0d00
feee
0ce0
9891
ad40
ef0d
ef0e
02cc
fb98
10df
efdc
fdee
a8f2
ce1e
0e12
ffef
0e00
1e88
ffdc
cbee
21e1
88fd
edcd
41c0
0dff
eede
f188
1b45
339e
f00f
8832
f2fc
ee41
2112
2001
0188
1111
2012
15ee
8853
ff10
4026
01d0
5235
0088
0221
0153
1033
8824
2043
2312
3335
0310
6488
2322
2035
4403
8844
2322
3422
4333
2412
4588
f031
3335
1044
8813
2155
3312
4412
2500
5488
0021
4323
1321
8833
2501
ef41
3225
0211
5478
2312
2333
fc54
7804
5256
00f0
4512
df3f
df74
4213
1100
3212
680d
75d2
4301
dffd
0101
0168
bc3f
01f1
eb34
68ac
2ef2
decb
ee0e
dd0e
ed78
10e0
ddfd
efde
68f1
aa1e
baba
ffcd
eeea
da78
fecf
fefe
dddd
78ee
eddd
dedc
ccfe
edcd
de78
fddd
fdbc
f0aa
88ea
01de
cb1e
ffde
1fe0
dc88
fedd
0eff
eedc
78ff
bcdb
cadd
cbbc
bccb
0f88
dedc
efee
edee
78de
acca
ebde
dcaa
dccc
cb78
ecbc
debb
cbdd
78bd
ceec
bbec
0dcd
edcc
cc78
efde
acec
ebf0
68ce
dbfe
ccaa
debb
9beb
f068
efec
aafc
fde0
58ce
fce0
00bc
cefc
dc1f
dc58
fef2
1011
cf1e
5846
ce1c
54f2
f310
1121
0058
1134
3524
0141
5832
4225
5335
1152
4446
1268
2212
2222
0122
5824
1365
4445
4534
5725
4358
5525
5645
3633
5856
3555
4643
5554
4444
4558
3444
5446
4433
5843
4344
4344
3334
3434
3358
3234
3333
2332
4833
4555
4456
5644
3443
4448
4334
3333
3343
3823
4655
3444
4535
3433
6529
5555
4444
4354
0033
0000
0000
0000
0000
f1c0
0e20
3001
b312
b0f2
cf20
fb04
bd22
22ff
f0c0
00e4
f1ff
055c
c0c1
111e
f01f
2cff
0110
03c0
1ece
f1f1
4c0f
c010
e1f3
ed4e
f234
2eec
d2c0
2ee0
03ff
0bff
b021
f2f4
fff2
cf4e
4053
4ec0
f0e4
0010
f22e
c0df
001d
d41c
2c20
1fd2
3cc4
0120
14d2
f0c0
b03c
d046
fd26
2f1d
610f
d4b0
103d
32f1
1baf
c050
d00d
b1e1
1f11
1ff1
1dc0
ded3
10f0
e04d
b0ef
0334
d41f
2c03
f115
fcb0
2210
21fe
bae6
c036
1cd2
e2fd
10e0
2ede
f2c0
010f
f620
0fb0
b04d
db01
5ff4
20c1
bf71
5dc0
b0f2
4000
a110
c010
2f4f
f0e0
0e10
b242
01c0
2d10
2dd1
ec3f
c001
fce2
c40f
0ce3
322e
f3b0
a14e
4310
2f1e
c04d
1507
2fbb
00e6
2dcf
2db0
0401
00bc
1d13
b0df
c0f6
210c
1b03
31e2
17c0
f0f0
40ff
e001
c00f
eef3
0d10
ff05
f02d
f1b0
ec10
f53f
1f4d
c061
b1f4
112c
e1f0
02ff
0dc4
103c
d52f
b7e0
c4f7
e3dc
f2fd
e021
3ffe
e0c0
b14e
3ee2
ee5f
c032
2bc3
52ef
10c3
d10f
33c0
1c0e
11d2
fe31
c0d1
2021
1cef
e022
01f1
19b0
3ec4
012f
cebf
b430
d12e
5bf4
0f01
43b1
13c0
b03f
32f2
1df0
c0d3
e21c
020e
502c
f1d1
acb0
0701
051b
a23c
c0d1
fe21
f0ff
0e05
130c
04c0
ecf0
20f0
f00f
c00e
e300
010d
1212
0e00
4eb0
a3e4
e230
cc1c
c031
ed32
e002
1e3f
21b1
41b0
301b
49e3
c30e
c433
11c2
400c
00e1
5a0e
22c0
1fc2
2121
fdfc
c003
ef1f
0de4
fe0f
d100
2ec0
0d12
f102
0dff
c042
0fe2
d21f
1101
40e1
d1b0
41d0
32d2
01ef
c0e1
f14e
2211
ef1e
00d0
10d0
d022
0f2f
00f2
c010
32e1
1bef
10f4
01e2
2cc4
20d4
f0d1
330d
c01f
df10
e350
ee3c
0101
2fb0
dde1
fff1
df33
b0cf
fe41
f211
922f
325f
dec0
4fb2
001f
2cd2
b000
c6d0
5ebf
00f1
0fd2
31b0
cd22
d34c
f1d0
b06a
eed0
ae55
f321
2341
c1b0
5d1b
1df4
ffb2
c010
fd20
e41f
1eee
ff0f
03c0
011f
143d
30f0
c000
e00f
2100
cf03
126f
e4b0
52ed
1ee1
1aef
c0d5
0cef
d103
4f0d
c31f
00b0
5e0e
c0e2
d66e
b0ff
024c
f413
03e0
0f23
10c0
0d3f
0411
0fdf
c01f
1ce0
eef2
2dfe
2d04
a6b0
34cc
4e0a
36a2
b0bf
621c
2ed2
2221
2122
1fc0
04ef
fd60
f0f1
b00f
1d01
3de2
3c2e
ca93
10b0
101d
ee2d
d2e4
c02d
e11f
01ff
deff
5230
deb0
e600
457a
0cb3
a032
45a0
3ca1
f005
c97a
c1c0
2e02
ff0c
0422
c0fe
0230
30e2
e32d
00f4
0ec0
0dd0
d142
feff
c02f
0e05
e10f
d211
0040
b0b0
4202
0d6f
20b6
c035
20de
40e2
1eff
1ff2
2dc0
c4ef
0fff
e01f
b0f0
ed40
30b3
5cbd
a044
22b0
542c
ecd4
3ed6
c06e
e0e2
003d
00d1
3120
d3b0
2c10
d213
261d
c0ce
0ffd
1dd4
f40d
ff0f
f0b0
e21c
fe1f
f223
b02d
34e1
3ef0
45aa
0114
0bb0
110d
ee04
010c
b0ce
da51
34c1
e10e
d3db
eeb0
0f52
a13d
3423
b04a
14d1
1d41
cff1
1132
0fc0
22ef
fc14
4fe2
b0e0
b53c
2e1f
2421
df11
11c0
fd51
fe03
2fe2
c020
22cf
3e00
ffb0
1d00
21b0
30ca
c215
ec10
b0f0
cf32
20e2
124d
ecef
00c0
e241
f12d
2110
b0fe
e3f2
5f0a
03e0
220e
f1c0
220b
01d0
3102
b0d1
d46a
e30e
150b
fbd2
10b0
2f11
cd04
3ffc
b00e
12ce
1df5
f62e
f14e
1ec0
2d14
ef12
0e22
b0ff
20c6
000b
e330
0d0e
ffc0
d012
f131
0200
c0fc
1ef3
ce11
0e11
f001
3fb0
32e0
01c3
5bde
b0d3
d240
5ff6
224e
ba26
34c0
0d01
01f1
fd10
c402
03ef
3eee
1ec5
0100
eeb0
3021
0101
1f04
c0f1
3eff
e1f0
4010
fdf3
14b0
d251
40ec
31d0
c0cb
f103
e33c
2de0
e2ff
feb0
aa52
c3f5
0d52
b03f
2105
0eab
d322
ed1e
20b4
c033
6ffc
f2f0
b0c2
f132
9451
1e5b
e4e2
11c0
ed20
0ef1
cc2f
c012
2e02
00e0
20f4
0b2f
f3c0
2ff2
510f
11d1
c030
0200
11fb
ed14
f221
6cb0
c14f
31ab
ef21
c0be
e241
df0f
0451
f00f
52b0
f904
0db4
eb52
c0ff
f012
031d
f0ef
210f
c5b0
ee4e
054f
f31a
c0ff
0f10
10ff
fe04
ff3f
d3a0
1a9c
0023
c40a
b0ea
d13e
fff1
3332
e0bc
31c0
f00c
1fc3
e03e
b011
ca23
b30d
b45f
df7d
d3b0
fd00
3231
23de
c0f5
21fe
31f0
cc12
02f0
2fc0
f0ff
2fe1
ef1f
c0d1
314f
c0cf
41fd
efe1
5fb0
f321
1004
e34e
b031
eae2
4ef4
ad44
200e
03b0
fdac
5110
209c
c0b4
f23f
02ec
f111
100e
22b0
1fc3
e020
151d
c0e3
f00c
0200
f01e
2fc2
41c0
e1ee
0e10
0fe1
c01f
ee13
10f1
e21f
3f0e
a4b0
e30d
e03c
01fd
b021
0ed3
2120
ee22
ffe4
4fb0
f0e0
e240
eefa
b0d4
0c2d
30e4
e00d
1001
12b0
22dd
33c0
510b
b023
fab5
1132
a042
051c
1fc0
1ff0
ce0f
0ce0
c010
00d0
20ff
1ef1
10f3
2fc0
ffe0
f230
040d
b020
efed
1211
71db
ec94
2fc0
f4fe
0f0d
e003
b00f
e10b
0013
0ffc
1301
02b0
30ec
4cb0
0fe2
b032
ede1
123f
4d10
c6e2
4ab0
1ee3
d145
c32d
b471
c0e3
cb23
e340
063a
ecb0
02f1
4eef
14de
b021
ab4f
20f2
1512
51fb
e2b0
52e0
e43d
2dd2
b01f
12ff
fddf
1dcd
2ce4
20c0
01c0
00f0
330f
c0f0
f21c
2f12
50c1
03ff
ffb0
f20f
100d
a14f
b03b
f3e1
e242
31cc
5200
b1b0
e11d
de44
f030
c013
fc01
f020
0003
2fff
f2b0
d120
d013
243d
b0f0
c30c
3042
f2de
042c
0db0
4ca2
2cd3
bf12
b0f2
016d
dee2
154e
2cd0
e2b0
5023
ddde
5e36
c41b
1fe4
0d11
11e1
210f
0fb0
00ed
ff13
f24d
b0f4
550c
3fdf
fe05
0e0e
44a0
5cc2
e3cc
c103
b0ba
df6f
cff1
13ee
1f0f
33a0
23c2
207d
2b95
b0c6
fd21
12d1
0430
c10c
30b0
fe00
00d3
1d51
c0c2
040e
0f1d
f2e1
000f
f0b0
4cf1
ddf2
e51f
b0df
0b10
ecf4
2201
01ff
23b0
d220
23ec
49d3
b0a1
1e20
d0f3
022c
f13e
a2b0
2efb
0e25
1dff
b0c1
0f00
22dd
ff31
3fb1
71b0
f204
2ded
6f14
b0cf
f12f
5ff0
f4dc
022e
fab0
b4f0
0d50
c010
b0f2
ea2f
c242
3ef1
d210
f2b0
2f4f
cd14
123f
b02e
10f1
20d1
f31c
ef32
34a0
0d2d
ef10
0f11
b00a
b2e2
3bfc
d2f4
11e0
70b0
dfe0
1d22
2c05
b0d6
501e
1211
22d3
f01c
f4b0
ef0c
ec12
04e0
b40b
c441
002e
05df
d03d
11b0
02d0
013f
1d14
b0de
b421
2a1d
0113
ae01
29b0
0301
1dc0
52ec
c003
dfef
004f
f0e0
ff1e
e4b0
ed2e
a011
f36f
b01c
fdf4
121f
d3dc
0021
d0a0
231b
52df
d0d4
b03a
2333
1ecf
fe44
dce0
42b4
25ed
44cb
4fdf
b0ce
f0e5
5d42
00d2
ec36
10c0
22f0
fc02
0011
c0e1
1110
f10c
1200
f11f
dcb0
0034
f0cb
f154
b03c
06c0
1151
111d
e1de
00b0
ac41
0110
00ee
b0de
1234
0dde
54f0
dd10
e4b0
2040
c3e0
037f
b0fc
f132
fe12
e002
0b0f
14b0
fcf0
529f
ceff
b01d
2202
dbe0
1e24
e10e
11a0
2ff7
c00d
0e53
b0e1
3122
fff0
31e2
d0ee
3eb4
dd10
c451
ffff
b031
6001
c3eb
2d03
19f2
b4b0
0041
35b9
0d22
b0ee
1dc6
151d
0e0f
62f2
f1b0
e23e
3620
dd1e
b812
d21f
69a5
ba52
e56f
22b0
cd30
f1f0
2350
b00e
12de
43e0
fe1d
f301
efc4
e12f
0c22
d301
c02e
3003
b00d
2012
e0ff
00b0
3b02
13df
2e35
b4f2
23df
71bd
ebf0
0124
d0b0
baff
3133
bddd
c01f
3f23
d3ce
2230
edf0
32c0
ee00
3ef1
01e2
b022
f0dc
241d
e1e0
130d
02c0
fd10
3402
fefe
b0f0
f021
eec0
ff32
d320
3db0
bf00
ef3f
e4fd
b02d
e01f
350b
2f51
05ee
22b0
ed1b
4f02
ddde
b012
ff24
c3f9
2e31
42eb
d2b0
2ae2
2203
e121
c4f1
2e1e
21d2
fe2d
0103
2db0
dc00
2224
ecfd
b0d4
0e51
06e0
1d30
24cf
1eb0
c02d
1f24
000c
b012
fc34
e4de
de51
10f0
21b0
0edf
4e04
0cbe
b0f3
011e
020e
1110
14d0
0fb0
f111
3e30
a2f0
b460
152b
12a3
2c0d
04a7
42b0
1dec
31c4
0edd
b035
101e
01e0
f23c
4003
e3b4
11d1
bf41
53dc
b432
cbc0
1c66
c51a
1e31
3eb0
edb2
342e
dcc2
c0f2
d13f
f110
0f10
f011
2eb0
51c0
f112
4f9d
b045
9c21
3311
e03f
35e0
d1b0
3c1b
00c4
eefd
b020
c2dc
0e1f
ffce
4123
feb0
22c0
ef5f
05f1
b01b
0d12
c1d0
0a41
0412
dfb4
5eb1
d15d
43ef
b02d
debd
1122
01fc
0500
ecb0
55eb
1e12
02ac
b052
aefa
e013
ff2c
31d3
3ea0
030e
13bd
d540
b41e
f33c
bd41
f112
0f3f
c3b4
1fd3
0f4c
0fe3
b45f
12cd
fc14
00ff
3c5e
a1b0
001f
e2de
21ff
c02e
01f0
fc12
2101
fdf3
5db4
3114
ecde
e235
b40c
f62c
6cc3
f0df
502e
deb4
e103
142a
e16b
b0c2
3edd
ee56
fece
1f32
9eb0
64fe
eee0
25fe
a040
c101
0e52
55ee
1ad2
efc0
3100
f0df
0f10
b0fe
c4cf
2a41
b3f1
3f52
ffb4
2042
c1c0
4f2f
b001
3fee
0ef4
00f1
0fed
21a0
c0f1
ebff
1134
a0fb
45cd
cc34
1210
1232
bea4
4521
03aa
df13
a03a
f2f1
2cf1
22f3
3dbe
bda0
1f30
a3ed
522e
a0e1
02ef
ff3e
f5de
ed41
30a4
1cf3
f0f0
0f32
90e1
ee20
0021
f40f
1c0e
0294
dc34
0001
c022
802d
02d3
0e52
05fd
1ce0
ef71
f020
962f
0bfd
0032
0000
0000
0000
0000
f3a4
11cf
c3e2
310f
b00f
1011
a400
07dd
febd
e1c0
f3ec
13c3
251f
c060
2575
3324
4313
2010
3ba4
5baf
cdb0
d7ea
a4ab
3bee
0dee
eeff
cde3
30b4
f3e3
3f02
f442
a802
5f3a
1110
1110
1011
3588
3442
3333
5042
a43f
13ef
0edf
2fdd
eced
1cb4
0dff
0ff0
f0df
88ef
cdde
dddd
cdcd
dddd
dd94
dddd
d0dd
e1b2
9420
c401
664f
f722
5f74
41a4
4114
433f
2033
8823
53f1
3334
3334
4333
1794
f32e
e133
d021
98ff
2f3c
0c40
3d5d
2ce1
fea4
ffff
fcdf
0f1c
94fe
1cba
c1fd
dcb2
f00c
e394
ffdb
1c0f
f0f1
94d2
0c5c
1f21
f033
0112
1194
0412
0203
0314
9440
4f21
0333
2021
2013
2584
00e5
525b
012e
9422
0ee1
fcf3
0f3f
2f3b
e284
f20d
1ddf
2d2c
743c
0f52
b3c0
7f5a
fac3
0084
c41e
021a
efc2
841a
001d
b11d
0e1d
d1e1
cc84
d14e
2fdf
1df0
7401
2bd3
c64e
61e2
4e42
2084
314e
0ee5
e561
84e2
0210
e503
02ff
e4e2
e184
e201
310d
41ff
8492
c30e
f30d
c1f0
fee0
0f84
012d
edd3
1e00
84f1
eef0
d111
010f
02f0
c284
2fc2
fad4
e35f
84e1
d2e3
4dff
1e10
f000
ff84
002e
1100
3fd0
80d2
00fd
ed0d
f3ee
5ff1
1f84
d330
212f
21f0
8411
1131
1f33
2f51
0454
0484
1211
0631
2ed3
7412
5d1d
3c4f
2a3c
fae1
0c84
f01e
fe0e
fdc1
84e0
fedd
fdd0
ebfe
3a1e
e284
0fec
0efd
ef0e
84ff
c0f0
020f
01e1
f3e2
d484
0201
234f
42f2
8424
2403
30f6
0214
0334
0174
766a
6cd3
04e2
74e1
161e
32af
10d4
4dfe
2e84
100e
fee0
0c0d
941e
00fe
1cff
fe0e
de0f
1a84
eddf
e0ee
1ea0
74d1
11fe
efb6
4210
731d
e084
0003
1110
e304
8401
21f3
3310
1322
0434
2584
30f5
4460
1632
84d5
6c32
5b20
e360
ffb2
e388
dfd5
be13
4a5c
882d
2e2c
eab4
fc30
c31e
d974
6b0a
e213
0713
844d
0060
3d43
0116
2233
1284
404f
3134
3f42
8435
2204
3f43
025f
d2f3
0c84
0e01
e23d
c1de
94d0
ece1
ef1f
c1e0
d0d0
e984
cb00
e55e
dfd4
8440
2430
1430
5f2f
2e31
4e94
e122
2f10
f110
8401
ffd0
c101
d002
b221
1094
0e01
f141
1f0f
8411
2cff
1a01
e03e
010d
ff84
efef
2e1b
00f2
844b
0f5c
103c
0fd2
102d
c384
c2ef
5bdf
bfe3
840c
e24e
3dff
f2f2
012f
0284
210f
11f2
f103
844d
1131
4d02
326f
f344
4184
2203
d302
1fed
840e
d0b1
0cce
edff
ff2c
1c84
df00
e00e
5b29
8410
10e1
1fc5
3f2f
2e23
4274
34c5
1112
1da6
845f
001f
113f
210f
0401
c184
fff1
d202
f5ff
84a4
f1f3
301d
f0e2
000f
0974
fa40
5f3b
faa2
7403
efb2
cfd1
0a2b
b03f
d284
fbcf
bd2e
cce0
84ee
e0b0
ddc1
002e
222d
2184
f422
6f21
3363
8833
2f20
e413
2201
21f1
5184
0225
2e02
105d
84d1
1bff
dd31
ef1d
0cfd
df84
ebc0
ae4b
c0ee
84ce
edce
c0de
f10d
2cbf
4f84
3dd0
0012
013e
841d
c322
232d
233f
2320
e184
617c
f511
41f0
8412
2213
033f
32e1
2cff
f094
0eff
c0e1
efef
84f0
e10b
d2e0
e0d1
0e10
0184
1dd2
d34f
0f10
744e
0105
154c
1e3b
b452
3a74
d004
c56d
f1d1
842f
00f1
f002
430e
10c3
0384
7e11
1410
01f6
8440
f542
1212
0010
2df0
2c84
cde0
c10c
eccc
84ed
fefe
1bee
eee0
cef0
fb84
1f1e
c2d3
4cf0
74f5
43ae
7e0d
3315
6f51
1484
3ef2
2131
7d2e
8814
2dd3
f212
3e01
e413
e274
00c6
0f10
2caf
84d0
dfd0
ef1e
fcf3
e311
ff84
e00f
001f
101c
840e
cf20
213b
f01f
b0f6
5f84
efe2
931f
dd0d
84dd
0dfb
febf
fddf
0f3d
1274
a6c5
251d
b797
9403
0202
0411
1303
3121
1588
02f1
331f
40e1
840f
1041
1f02
d421
ff10
f184
feff
c22f
cfc1
88de
d20f
a5f0
11ec
a1a4
ed94
ff0c
ffee
f1fd
74e0
6b9b
5af0
4331
52e4
0384
4201
1332
346f
9434
2211
4010
f312
2110
2f84
e344
115f
2013
8430
234f
1102
d315
01ff
f184
e000
2ffd
0fdf
94cf
1eff
ff1e
cfd1
0dee
cf84
cfcc
0ef9
ebcf
84fe
0f0d
ffcf
eff0
1f2e
c174
24e0
40cf
3dc2
8841
e202
ffd4
225c
d2e5
0488
1000
1121
3f02
84f5
0e03
f03f
012d
2fee
ff84
eff2
00f0
2fee
74b1
effc
e2a1
ced3
210d
e074
013f
f2b5
fdb2
740f
0de0
ded1
032a
e0a3
e178
0cd2
ed11
a420
740d
dfc0
ff2c
d211
332d
3074
5e20
0e23
c533
7421
3120
1121
d0f2
f621
e274
f3f4
e622
e2f6
846b
0f24
0020
ef04
132f
d074
e423
5000
2012
744e
e106
4d3b
2ed1
e14b
0d84
f11d
efde
0adc
88ef
ceb5
c102
001d
1dd0
d274
cbd2
922b
0dde
74f1
ffb2
110f
e52f
31f0
0188
10f0
313c
f0d5
782f
2d43
f354
5121
33f5
1f84
3030
1001
f001
740f
d2d2
1ddb
efdf
fbbd
1d88
e23e
3efd
4c0c
8400
dfd0
c0f1
f20e
00fe
d184
ff00
2b1f
d221
742e
1122
e0f1
3e3d
dfe3
0f80
0fef
f1e3
2310
8455
0302
0421
11f1
3f11
6474
20f3
1561
2311
744f
556d
5fd2
3152
f146
6074
6e21
d241
4cfc
840c
ecd1
0f1c
fddc
ceed
fb84
cdc0
fd0b
dfce
74de
cfcd
ee0a
1afd
c03e
1174
1210
412f
3232
8833
e32f
e410
0f00
3f4e
2484
2212
0231
f320
742e
0250
fff1
c414
01ee
d074
1e2f
ee1e
a2de
74db
cdcc
b0b1
b0c0
044a
ed74
fc02
2e2e
3cc0
741e
d402
20ee
0ec2
b003
3c74
d64e
30a1
eed2
7400
ff0f
ffef
1dbf
2e1e
2174
152e
52e1
32e3
6404
34e3
03a6
1da6
3e1b
f574
cea4
6e3b
3ff0
74e2
1e20
4c40
405f
e1e6
2d74
e05f
304b
e204
7423
4230
1231
f302
0ff2
5c74
e341
1ffe
403b
78ee
125a
3ab2
b511
00a0
cd84
dfef
1bdd
e00f
64df
0bbc
ddfc
dda3
b304
1b78
9505
3ec1
6b1e
7431
7544
4434
1761
4351
0674
472e
3204
456f
7422
3015
1024
014e
00fe
a274
fbdb
dbed
cc0b
7809
bd32
b33f
1ced
d3e0
ad74
afdf
0fdd
d2e1
74fe
f040
e740
51e2
4232
1374
3322
1324
f626
7832
264d
33c1
42ef
dfe6
3f74
1f1f
ef21
013c
74d2
fec0
effe
f0ee
e1ee
b074
1d0d
fedf
df0e
74ce
c00e
fecf
dfef
001c
dc64
001b
29eb
ded3
78ea
d012
111e
e2e1
12e1
2f74
3f6d
0422
0312
7404
332f
41e3
f004
1231
0d74
f162
2120
1222
64d4
443e
f303
3e30
6e30
f374
ffff
1d00
edf0
741c
fc2b
ecdd
d9ce
cb1c
0278
c1b1
ff1d
e0e0
74e1
e0ff
df21
e44e
3eff
ff64
e24f
0250
00e5
8840
0e11
212f
040f
1ec3
4e88
2f20
0121
3f1f
7411
3f40
d213
e32e
d0c0
ff84
1dfd
cff0
fdfd
78df
e2ed
1fed
b3b3
3ccd
b174
fece
a0d0
1e0d
74f0
011f
f411
2211
635f
0574
6f03
2260
2225
8462
3001
f330
2101
1ff1
4c74
0e15
1100
fdd2
742f
cfe2
cfe0
0dfb
dfdf
bd64
3ddd
c0ec
d302
744d
01e4
e1e4
3f2e
012e
fe64
0f4f
4e1f
3411
64f2
5323
4270
2606
e323
2e74
2f3e
d0d2
1bdf
78e0
4ede
3cff
200e
1cc1
ed74
0dec
1dcf
d0f0
742e
2220
3320
2230
0524
3074
2223
4214
2205
6423
3225
e346
2d14
2000
d264
10fe
e1f3
2eb1
740d
fe1e
c32f
ffdf
fef0
1d74
dfd0
df0c
dfcf
74ed
0e0d
efdf
d1e0
ff0c
0f64
0bc1
bf22
035e
78f2
011e
01f1
c2f3
313c
1274
f124
0220
2000
64f0
0240
2101
c611
03e1
f164
01f0
32ed
fdb4
641b
fc0f
fb0d
c111
e30f
d164
0310
0ec4
e011
643f
e2d4
3dd0
2f10
d2e2
2c74
c45f
1fcf
1ad1
641f
d0fd
fd10
1f21
2322
f364
e35f
3d1f
ff10
64f0
0df0
200f
dfe4
3f0f
1d64
b3e6
4011
04e4
64e3
4e6f
2041
3ff3
2112
d064
3e5b
c0ff
c0de
58bf
5ace
7b1b
4ad0
c4e3
fc64
026a
24f0
20b5
6431
3241
0234
d732
4e0f
0164
122d
3ded
b410
64ee
fd2e
0e1f
ced1
c201
fe64
f102
12e1
5ad0
5032
5fb9
1ec3
eec0
c9dd
2654
10c0
dfa7
ef0f
541a
f90e
3912
ef5c
4f52
2c64
1540
1201
2150
6450
2f03
e140
2d4f
f11f
0064
d1c2
e0e0
f2fe
54e1
a4b2
d31e
c0a4
6b4a
e554
a7f3
3bdc
ec25
640e
d2ef
1ffc
0e0e
f02f
4054
30e1
436e
f4f6
54d2
20ef
a012
c1e2
a40e
de64
0e2f
fce0
bff4
64dc
e01e
d0e0
c412
2de2
3164
3f3f
1132
2221
64e4
2212
1122
e434
1521
0f64
125e
e1f0
f1fe
640f
fe0e
0fd0
c0d4
100c
fb54
ef2e
cdd5
e3f1
54a0
d211
0e1f
fff3
0430
1154
f541
2210
2eb2
640a
f04d
001d
3add
f030
ed54
c33f
302d
1fd2
54d4
e50f
2ebe
b0e2
dde0
fd54
c2c1
ffe1
1fc1
4801
dce2
ce44
edf4
175e
2e64
0340
1012
2002
641f
2e3e
d302
220e
4fc0
2654
3dd1
b146
205b
64e0
f11c
0ffe
ffe0
f01e
b354
ece0
014b
c1e1
54f0
f14c
c2e2
d13f
602c
c060
00ee
1110
2322
5432
111f
b41f
1ede
b003
4e64
00f3
10f1
0ef2
5422
b102
1e00
fd01
0e1c
0d54
fe00
dcf2
1f4c
541f
0310
d620
5df2
0550
0f64
114f
1000
01f1
5411
1114
0750
2300
0ed4
4e54
e00e
e0ec
2dec
54c2
0dbe
edde
b0e1
2dfa
e458
12eb
c0e0
ff2d
5400
f00c
e1e0
02fd
402e
e354
0202
10f4
1124
6431
233f
3f01
2024
1040
4358
03c4
12e1
211f
5420
3ee0
e002
031c
2fed
e154
fbd0
aee3
dee1
58ec
e04c
0f3c
c0d3
0dff
db54
fa1a
bfe0
0fdf
54f0
210e
f513
1404
24f4
e654
1015
3361
2243
5827
5ec1
1020
f122
f021
3f58
e2f4
02e2
fed4
442d
f20e
1e9e
f0fc
1e1d
2c44
124f
0eb5
2e4f
540e
e010
c3ff
1bd1
f02c
fa58
c26f
f10e
c2f2
54ef
eed1
d030
0110
4f1f
4e58
e1f2
214b
123b
440f
0364
b324
505a
1130
0244
3c00
b434
3f2c
440f
0d11
ffff
a0fe
1cf9
ef44
e2b0
0fa2
0f0e
4400
e11f
102e
f42d
2de1
0344
03ef
1ee4
435d
4411
3221
4111
3222
0631
f444
512e
1205
053f
3401
1f30
4f4d
e22e
d090
ed44
fd0d
a1ee
edda
44bc
dccb
b0eb
fdab
cfdf
cf44
0fe1
e10f
102f
44f4
23e1
41f0
1523
2203
1444
0421
11f4
2001
342e
2243
4340
2415
4421
0224
e644
e643
510f
34e4
1f00
f2f0
cdd2
d34e
cf38
004e
c1e4
ef2d
3821
5ded
3aa3
a42f
0ed0
ce24
efaa
d1c1
f0a4
34f6
0fc2
d203
113d
4a00
1234
4f1f
f1f3
d522
34f0
4e23
0232
245e
3120
2024
6241
4c01
226d
3400
d214
e201
f310
2ff0
f534
11b1
02c1
1f0c
240e
fbd1
efe0
2dd9
ecbf
ff34
fcc1
df1f
f0fd
34d0
1eff
210d
00e0
f101
0134
1021
0340
f424
3420
3231
1321
1101
ffe2
3c24
ee00
fe0d
0bfe
24e3
0fb1
1eec
e32c
109f
d014
301c
0007
4112
1430
3d61
2230
f203
0cef
5510
4f22
e102
0010
0000
ff00
0fe0
f020
b001
dd14
f249
ffb3
df25
1461
10f1
402d
0f04
0f2f
0f14
f001
dee0
e0e0
140f
000f
03d3
0002
1130
1114
0533
2001
0322
0402
f513
3001
2040
0352
0004
0320
5e0d
e000
14d0
000e
e0df
fec0
edfe
0014
e0c0
f0ee
0f0f
04e0
fffb
cfd3
f0f1
00f0
f004
f00f
001f
0101
04f2
2e00
0011
3300
3301
1104
4031
2131
2012
0420
2020
0220
1200
0101
1004
0110
0000
0000
0400
00f0
ff0f
e00f
00ff
e004
f00f
f000
0000
04f0
0000
0100
0000
f000
ac00
feef
f000
f00f
0010
0000
0000
0f00
0001
1000
1111
1111
1111
0021
0000
0000
0000
0000
0000
0000
0000
00f0
0000
0000
0000
0000
0000
0000
0000
0000
0000
0100
0000
0000
0000
0000
0000
0000
0000
0000
a800
0000
1e01
11f0
2cf2
0fb8
0d04
31c0
3ff1
b8d2
c42a
013e
31de
1ee0
c398
1e0b
eee0
cf0f
a40f
ffff
efff
d00f
2a01
23a8
00ef
f0f0
5df3
c4bc
00ee
1f02
44e0
e0fb
63a8
0e1a
52d1
f111
b4cf
2201
1111
de10
0135
41a4
21f3
2222
2211
b422
1111
fd00
43d3
1111
1198
1231
2111
2f14
9413
3223
1011
2116
d31f
4f98
1de1
32c0
fb35
a8c0
0e12
1e03
f3db
1e40
cba8
0e04
ff00
ffff
840f
a9a9
a9aa
aa99
99a9
ba78
a999
a99a
99aa
78aa
aa99
99a9
99ba
aaa9
dd88
dedd
cddd
ecee
a4f5
c01d
ffff
2024
2222
1398
ad4d
1520
f360
983e
40c2
1123
1212
2212
1388
3433
3343
4433
8432
7766
6676
7766
6676
7784
6676
6577
6556
9445
2233
0c12
53c2
fe20
e298
2300
ef0f
b03e
983e
3fb0
c3fc
d12c
fede
dd88
ddec
dddc
dddc
78dc
a9aa
9aa9
9aa9
a9a9
a978
aaa9
a9ba
baaa
a4ab
00ff
03ed
4200
f099
12b4
1e44
fede
5f16
b812
3de1
cf03
66e2
00cd
d2a4
f151
e120
4234
a822
1101
0e11
e134
1111
0198
1222
1122
1022
a824
f010
d023
df53
f121
10a8
65ef
20ec
24ff
a81e
0ce2
31e6
ae0e
1d36
b198
a131
0f3c
f6de
b46a
0edf
0fd0
1c02
ffc0
1198
bfbf
ff1e
efee
78fe
b99b
aaaa
aaa9
aab9
a978
a9ab
aaaa
9ab9
a4ba
eeff
21ff
02dc
c00d
0ea4
e010
e23d
1a42
b4a2
2200
2ef3
0fd2
0013
00a4
1411
e15f
1122
a434
22f0
5411
53d1
2203
1f94
3455
3333
3333
7833
6667
6657
6667
6666
1298
1122
0320
136e
b411
e11f
142f
11fe
0ee0
d5a4
ee51
ff11
e21b
b8f0
14ff
b21b
023e
ec13
ffb8
0f01
1210
cc0f
a404
16fd
0eec
dcff
02ed
feb4
f0f0
1a25
ffcf
b400
02fe
f00d
2fe0
0b03
22b8
120f
f50b
41af
c4f5
ef2e
1d12
11f1
cc30
14b4
1043
1101
bb41
b801
0b13
d111
eb33
e042
3cb8
6fe4
0dd0
0122
a4f2
e560
342d
34fe
f4ec
1fb8
c20f
1f42
22cf
b401
1023
e4db
2f42
f3cc
40b4
0af2
eff4
f210
a422
1f0c
f0ab
0e46
f3aa
35b4
de2b
31df
0d01
b402
fc00
32c1
0efe
b210
50b4
00cf
ffff
21f1
b4dd
ef0f
31f0
f0ef
f50f
1ab4
11a0
1010
e3fe
b43f
1de1
0fb2
0300
f11c
1eb8
ded5
cc34
0302
b04c
f2fc
ef1f
f1fe
3223
ffb4
52e4
eeee
52f3
a80f
3ff3
f021
55fb
f2fe
02a8
ee4e
34e3
ed2d
b4e4
0231
140d
1f11
f0ef
62a8
14bc
ee20
fc14
b416
0031
40e3
f1ee
f13f
fbb4
2014
030e
022e
b8fb
3213
cf1c
1d23
f0f4
1db8
20e1
ed10
c124
b47a
0bbd
3003
ffcf
fc22
cfb4
1924
03df
ad5f
b41f
fd01
b03f
0e32
f0de
32b8
01bb
0220
25fb
b4cb
33c0
eefd
fd13
b25e
01b0
ed0f
cddc
cecb
b8f0
e11f
020e
1b13
21f0
0eb4
e211
c24f
3112
b4dd
44f2
c00c
5d15
26de
30b4
efee
4e15
b21e
b85f
d204
200f
45df
23bc
f4a4
b671
cf3b
6ff4
b4db
01f3
e120
b03f
0032
ffb8
2301
b41c
21ff
a8f1
df2e
ff33
25bc
1121
0db4
02ce
ed20
ff12
b420
ffde
fd24
f2de
0e32
ffb8
1c24
32c0
01ff
b4ee
e2de
1e40
ffdf
0101
1fb8
e0ef
c143
b32c
b430
2100
2ef1
01ce
5e13
c6a8
6d2e
3d95
cb16
b810
13d2
c13d
211e
c21f
30b8
31ef
4dd0
30c3
b4f0
f30e
f23e
140d
0e1e
e0b4
4301
00ff
10f0
b801
23ef
e11b
ff34
c10e
f2a4
3033
44cd
f3ff
a83e
e310
aa62
41f4
ca12
e1b4
0d32
34dd
20f0
b4de
3ff3
10d0
22e1
de0f
e0b0
efed
e0ed
33ef
b8ed
031e
ce2e
2031
d2ef
21b4
cd1f
1122
edfe
b8d0
ec31
11e0
2ff2
00c1
01a4
bb0e
3f15
ac1f
a441
fc01
df53
f2fd
fe12
20a4
e50d
2210
c00d
b843
0ef0
2002
e10d
4f03
f0b4
11ff
24de
2111
b8dd
0132
eeff
ff43
f11f
43a4
23dc
df62
e32f
a44c
b0f4
0253
0e11
f10f
ffa8
ac53
ef44
0110
a4fd
3106
e1ec
4522
1fab
00b4
20f0
1d02
13ce
b823
f3fb
3200
01dd
1001
b1a8
d21e
1420
cffb
a424
421d
c2ca
3f32
e2cc
10a4
ce12
23ed
31ee
a8ef
230e
00ec
2012
ffcc
16a4
1d51
f1bd
ed55
a0bd
11b2
f041
fe0e
02bb
11a4
d00f
ce43
f210
a430
1fe1
fc15
de02
3124
f0a8
26e0
a32a
552d
a4fb
fee1
d212
e06f
60ee
dea4
0f04
d330
c24b
a840
00e3
f31e
0d2e
30e3
f0a8
fd11
43f1
e3eb
a821
cf4d
50f3
f1b1
bd30
d3a4
ec53
01f3
ce3e
a8f1
9f5d
0043
e30d
d62b
f1a0
fcff
3cc3
ceac
a821
41a3
d000
e23c
ff20
01a8
00e1
b02e
1241
a8fc
22c0
44d0
dfed
3000
e0a4
2012
f0ff
f32b
a8ff
151f
20bf
f0c1
bd44
2da8
0b44
2dc4
df23
a44c
e4dc
1e54
03fe
ec1d
e4b4
0052
d1fc
3211
a4df
2411
ef1e
ff00
052f
0ca8
1ed2
e131
e23e
a42e
cf0f
4d25
10be
5402
fca4
1ee1
22df
5202
a0aa
e2bc
3266
bffb
6f26
b2a4
002f
13dd
2c44
94bd
44cb
3e00
fae1
0f24
efa4
ef00
0d12
e2ff
a44f
0ad2
3fe5
11cd
2ff1
f0a4
13fe
0e0d
2ef2
a4c0
342f
10fc
12ef
dd20
20a4
1cf5
1ff4
cffe
a445
ff21
ef00
1600
914c
3d98
ee02
16f1
ec1c
a455
011f
1e12
4dd1
31e4
db94
24f4
c13b
2131
a4ed
ed12
f025
e11d
141f
1ea4
e1fc
441f
d2fc
941f
d03f
b22e
f26e
30eb
f0a4
14fc
010e
0fff
a4e0
0220
cf1c
250f
cf2d
ef94
dc73
e0f1
ce3e
a415
cd3f
1212
d02c
22fd
df98
10d3
c12b
522e
a0ef
fd22
e2ec
fd0f
20c1
21a8
25dd
100e
21df
900f
b11d
ed42
0e13
b1fb
2fa4
0df2
0300
e04e
980f
2d04
04ed
2f41
23aa
f0a4
1132
20e1
dc01
9402
4e34
43d0
04fb
ceee
4794
d05f
43df
cae1
9441
4f14
bc0f
2035
ac0f
f090
5613
271e
4d56
94cb
32f2
c162
edfe
2fb1
6388
edfd
30c1
b06f
986d
ee00
de42
2400
0eef
c094
ff1f
73c0
e0ba
9833
cd0f
0022
011f
43de
1294
cd0c
11f1
ee10
9824
3dcd
2df3
0001
ba20
b294
f040
0e11
10f1
841e
1eb2
1002
a02f
0c33
1284
3eed
4e07
f3de
8440
0fce
4204
d20e
d33f
6084
f1be
d154
b14f
842f
4ef3
3fd3
fc14
f5f0
3d74
0000
3e36
de02
78dc
3e36
04be
041d
130d
d078
304e
c0ee
f154
74ed
2be3
3fb5
d2ec
0042
0f74
dce1
1f15
b0fe
6431
24df
cc2e
12df
2f0f
ef64
12f0
ed1e
62c0
64dd
34ef
000d
32ce
20ef
0254
1eef
11b2
ff20
4901
cbf1
1f26
fcff
ff07
0002
0000
0000
0000
9600
ffff
ffff
ffed
1ddd
f0ca
fe2f
1121
22dc
caf0
4101
e3af
c15f
0110
f08a
44d6
3443
3343
8a34
4433
3333
3334
3334
238a
3244
3333
3343
a612
bf1d
2111
ee0e
12de
ee9a
33dd
c10f
dd0e
9605
db12
00de
ceec
cc1f
f0aa
fd21
02de
dc2f
9af2
0e0e
cdff
fffe
ffee
bc86
ca23
30e4
f3ec
8afb
df20
90cb
bf61
ec10
fe96
21df
e2ed
c01d
9a22
01dd
bd1f
0120
00fd
1f8a
ce0c
ea01
3db1
9a02
ec21
61c2
e2dd
1e42
ce9a
1111
030f
ef30
9a11
2002
21f0
2401
ef1f
129a
1e34
3113
2200
9a23
0f32
3503
230f
1222
448a
3333
4344
3433
8a34
2334
3334
3433
2333
5686
5566
5556
3d55
9aa1
ef30
3213
02ff
ee20
068a
ed41
2000
23cc
8a1d
f1dd
100e
cfba
dd1d
148a
acf9
eeed
cd0e
8a0f
ddcc
ebe0
0fab
fede
ed9a
10e0
e0cc
ff00
8ade
bddd
fdef
eddf
dfbb
cb7a
bbba
babb
cabb
86ce
31f1
dedc
1fe0
f2cd
6376
d1eb
4223
f0dc
7a11
44ee
11ff
e4fd
1154
117a
e300
3445
1453
7a32
5512
5532
6544
4413
248a
2222
4402
2510
7a41
4601
5665
2563
5555
437a
2466
5465
5554
7a54
4455
4455
3632
4266
457a
3532
1363
2353
7a43
3224
2334
2311
3223
2276
cc1f
1f02
23f1
6620
0fe0
d2da
ed40
f0de
2e6a
14bd
e01e
edff
6a01
bd0b
ed10
fede
ddcb
ff7a
ffee
ffee
cded
6af0
b9fd
cdad
9adb
cccb
ed7a
cddd
eeee
cdcc
7add
ddcd
ccee
ddcc
edcc
dc7a
cbdc
dddd
cddd
7acc
dccd
dcdc
dddc
ddcc
aa6a
a999
a99a
a99a
6aaa
caaa
bb99
babb
cbab
bb6a
cdbb
bccb
ddcc
5acc
aaba
cbbb
cdbc
cdcc
bc4a
bccb
deee
01ef
5a11
1001
2112
3322
4323
226a
3322
3422
3333
6a44
4344
4445
5555
5555
556a
6656
6556
7656
6a66
6666
6677
7677
7667
347a
3343
4344
3434
7a34
3344
4344
4334
3334
6676
6566
5555
5555
6a55
6665
5664
4664
4554
546a
4444
3344
3443
5632
2233
1122
0e11
ccdc
424a
1211
ef10
dcde
5acb
ddee
dddd
bbcc
bbbb
dd6a
dddd
cccc
cccc
6acc
bcbb
bbba
aaba
abba
aa6a
9aaa
99a9
a9a9
7a99
ccdd
dccd
dccd
dccc
dc7a
dccc
dccd
cdcc
7adc
ddcc
ddcc
ddcc
ddcc
996a
aaa9
aaaa
aaaa
6abb
abba
bbcb
cccb
cdcb
dc6a
edcd
eedd
eeed
4aee
bc9a
cdbc
efcd
10f0
004a
2221
4434
5735
6a76
2222
2332
2343
3443
546a
5533
5543
5555
6a56
4655
5666
5666
5766
666b
7667
7766
6776
0277
0000
0000
0000
0000
478a
02da
f52e
61da
8abf
fef4
c24e
ec44
e131
dd8a
bf63
cc30
e133
8a41
1000
0ecf
2c25
bde1
128a
1e32
dbf2
3323
8ae1
f01a
40d1
61d0
1fc1
1096
10f0
dffe
ec33
8af0
12df
d23f
c03e
0f21
f28a
e21e
3a14
0fa4
9a51
2ee0
42b0
2ee1
13f0
6292
ef34
e650
4650
960e
d34e
110e
c22e
e03f
ec96
dcf2
0f45
0134
9a2e
f1f3
f03f
ef21
3bc2
b196
1220
5201
4cf5
a6af
df21
eefd
f024
f04f
f29a
3ed0
b251
011d
9a01
3fde
1cf3
ed14
ef12
619a
f1de
2cf2
e1d2
9a42
e20c
5ce2
1ee3
3fd1
2296
cb0e
00e0
6f16
96a0
1241
3d14
eee1
edff
128a
3fe1
05d0
0e3d
8af1
12fe
fdd0
cd32
e364
0d9a
de14
e11e
0111
8a1f
af20
d441
f25b
34cd
da8a
1e25
39e4
0ac6
8a13
2df2
d201
b15e
1030
ff86
e110
d40a
1264
8a0e
63f0
fed0
fe0e
c22f
309a
ef21
230e
21df
8ace
1f23
3fd2
9d53
0121
ef8a
ce32
1f03
f2fe
8afe
0042
fffe
0f1f
40e5
fc8a
12c0
2230
20df
86ef
121f
baec
cccc
4ff6
019a
f010
ef11
2002
96dd
32d1
11ed
cded
fddd
149a
10d0
ef01
231e
aa0e
11df
3210
13cc
ff20
ef9a
1403
db1c
d355
9afc
df30
de42
1b25
02e0
0d9a
db32
2ff2
f222
8af1
f14c
1ee3
010d
ae21
fe9a
0411
ce2e
1e14
9a02
df2e
1000
f2fe
41f0
f29a
30de
24ee
00fd
9a30
1be4
32e1
f0fe
24ee
ca8a
7317
c2ea
003f
7aff
73b3
4de3
39a5
d5ed
0d8a
c154
2efe
f2d1
862c
d4ba
3143
d41c
2043
258a
e00d
e42e
d14f
8a0c
44bf
3200
bf0f
043c
1182
5145
face
34b1
8653
f3ed
1f11
44be
041f
0a8a
dc15
cf03
0130
7a22
409f
10dd
ea34
42f3
ed86
fd23
0eee
0cb0
8a36
e0be
2330
ffde
0032
108a
10ee
df0e
5212
86de
da45
f433
c171
cf0a
109a
21f1
02fe
35db
9afd
11f1
2e00
13e2
c22c
1e9a
b220
f33d
d02e
8a42
34ab
4ef0
ead3
2be4
e58a
3031
54c0
14a9
963f
dcee
e3fe
1e43
ff12
fc86
dccf
13e0
df30
9a74
13c1
d33b
cf3f
b141
11a6
fe00
01f1
cc31
9a12
bb11
fa44
22f4
22ec
2186
14ee
ce4f
2a06
aa17
21ff
e00d
1000
ec34
eeaa
1f05
ff00
41e0
96f0
2fcb
2205
ee30
3234
dd96
2f01
0dcf
f0dd
86ec
4f92
5626
0e40
1e05
319a
13de
de2f
0c03
8af3
e05f
1030
1021
cefd
ff9a
ed41
2e01
3fe5
9aed
cf11
2141
3fb0
2200
d19a
100d
0fe0
3b16
96b3
bd40
2157
0e33
1202
dd9a
d141
fe1f
4312
aaeb
1ff1
10f2
13ff
d1fb
3eaa
f212
331d
dc01
9ae0
660e
02dd
44ed
d030
2c8a
2eb0
02e0
4f31
76be
abaa
cf53
45aa
bc2c
f19a
1d20
f2f2
b25e
9a12
150c
42cb
f0f0
400e
0496
021d
1010
32df
9611
fecc
22f1
2001
0e11
9086
2151
40f5
2444
7afa
2255
9e40
03ff
fa52
cf76
f133
f52b
0f21
96cc
0100
3211
eeed
44e1
4186
01ee
f6fb
0340
8a2c
1ed3
4a15
21c2
6fdd
b096
254f
0e11
00ff
9601
cd2e
02f0
e11c
2e01
e096
2013
f011
031f
962e
2df3
31d1
1e03
d223
0ca6
0ef2
eddf
2301
861f
3147
defc
03ec
2d1f
be92
0f44
4303
3223
9615
ce4e
21ef
03ec
3212
ee8a
25f0
eb0d
ff26
9add
e230
1d2e
32d1
ec11
fe96
0ebd
40e3
4202
9a02
0b10
13e1
e02f
e21f
6186
24d0
0141
f3fc
8622
ec66
cefe
2301
551f
a28a
44fa
d50b
2f2f
8a25
10ba
f124
41eb
52af
01b6
f01f
0e00
3d05
b6f1
eefe
2e13
ffdf
1212
fdaa
43d1
fdff
10f4
960f
10ce
1fee
ecce
20f4
0f96
2ed1
bc33
2111
8a34
2ab0
1413
3dcb
11e4
2e9a
e9f3
31f7
30ef
8ade
62d6
22fa
1ab3
ee15
4c8a
2ec4
e3f0
f34a
8a1e
4bb4
f100
ffe0
bd53
1296
2311
00ed
d20e
8622
e671
eb4e
21c2
deec
f09a
e130
041d
2ef0
9adf
2ff3
f30e
0c12
c935
d1aa
e050
fd10
f022
9af0
073c
04fa
b24f
0d32
f19a
10ce
e110
246e
96fe
0e42
11cd
fdcd
51f4
139a
d00d
1e0f
3004
860f
15fb
c02c
6326
e151
1e9a
ed01
1014
0df1
9ae2
df20
1e02
4fe3
01e1
cb9a
bf63
e03f
021f
8a1f
ed32
34f0
dadf
45f0
11aa
24ed
1efe
1ed3
9a32
ecd2
d33f
1e0f
12d2
4f9a
fbe4
a010
f152
963c
1ee4
ff10
e2ed
e33f
3d86
e3fd
3200
fe54
9a10
3fc0
f211
e13f
f30c
0fa6
ee0f
f1ed
ff43
960e
45d2
1f54
f4fe
cd5f
109a
0012
f2fc
2101
9aff
011f
40d1
21df
ff00
b08a
333c
1bf4
50e5
86eb
1be1
e0cf
f41c
4bf1
f19a
0210
241d
02db
9621
d01e
33dc
2201
4046
feb6
01ef
e00e
d010
a64f
4fc6
cd42
e254
1509
caa6
40e3
cf00
0350
a6dc
e11f
d12f
6331
1fcf
1faa
00f0
44fe
f000
96ce
a21e
e01c
2501
6d56
dfa6
e1ff
ce3f
12f0
9610
fe21
c3eb
3240
3fd0
e09a
23e0
3fff
ede2
9a55
23dc
4ed0
ede3
f010
f39a
300f
2cd3
dc14
aaf0
f010
020f
041e
1f0e
c186
9c5d
b4fa
ef1c
9a26
d51a
cd2f
3112
f2e2
4f96
f6fe
102e
ff11
9af0
14fc
f000
2ee2
d11f
009a
140e
42ee
0ce2
9af2
00ff
ff12
330f
f30c
109a
c50b
e22b
ff33
9a11
df10
c22d
f53c
121d
f29a
b23f
b24c
102f
96d1
1311
3211
0100
d1fc
1d86
f3ef
4033
4cc2
9abd
22f1
d01e
c030
0130
fc96
0df4
cf31
e11e
960d
00e2
2332
1e10
1ed0
f0aa
ef21
0f11
53de
aacf
f042
fffe
2ff2
ff11
f296
2132
e00d
2fde
9ae0
f0f0
e12e
26fc
4eff
f196
2442
0021
be0c
9add
2121
02ff
0eef
3cd3
f29a
ef34
fe21
c1ed
9a21
0430
dd1f
dd11
0e13
009a
0003
b041
000d
9af1
2e13
40e0
0fbe
ef43
00ba
0200
ec2f
0211
a61f
ed33
f0f1
cb30
bee0
5aaa
0ed5
1012
f022
aa1d
0ed1
0de0
2104
1211
0faa
f0fe
efd0
0232
9a10
2c0f
11be
53d3
ff21
dd9a
d0fe
1322
0120
9acc
f002
f31f
dd50
21f0
ee9a
1135
d1eb
20f1
9a24
0eef
1002
0ede
f024
229a
01fd
ed32
44ed
9afc
2ef1
20d1
d41d
152d
fa8a
a033
b26a
1ece
9a43
3e03
2ef2
00df
34ec
109a
f11f
c13e
ed1f
9a14
f11f
2011
2fc0
dd11
9f86
00b9
61e4
45e0
96eb
bd0f
030f
fe30
41e2
bf8a
fe55
1ff0
35ab
9a24
f31d
021e
cf2d
1210
2f96
21be
0d25
fff0
9af1
f020
22ce
21ff
24fe
198a
14de
df40
d30d
8a50
fd00
2ff1
42e1
e021
009a
f20c
02fe
0031
8a10
5ed1
eae3
0ac2
0005
109a
22f0
ce1f
df20
9632
1121
f00f
fe33
fe00
239a
11ed
4dd3
0fe3
8a02
ea00
e211
340d
0001
1e8a
23ab
dd54
d221
8a1a
0ff4
37ec
22ec
36cb
fc8a
76cf
21cd
ae64
9abb
0f34
2dd1
1dd6
e220
1f96
efff
df21
3123
96e0
2245
d32c
0feb
dcef
1f9a
fd02
1411
c33c
9a2d
ddf1
ce45
fe42
1ed4
23a6
d00c
11ed
1f02
aa1e
40f4
3ebe
e200
fe21
459a
15ca
2f1f
eeb2
a632
010f
1c23
2ec1
00c0
2d9a
d105
410f
f3eb
9aff
0f01
dd12
0d35
33df
fe8a
66dc
4dad
f2e1
8afb
0121
35e1
53ec
24ab
128a
c03d
021d
d000
9a5f
2ee3
1ee1
f0f1
043f
ec9a
ce22
2120
14de
9a3d
dc04
c020
1011
f020
d09a
cd52
0f32
3de0
9ad0
40ef
0202
de10
c23f
0b86
06ba
3430
fefc
8abb
4722
b44a
b229
140d
e096
2122
efff
f430
a651
feff
11f0
d00c
2201
3396
2b03
00d2
1311
8a10
25fa
1b04
dee1
0c64
bd8a
fef5
6521
11ed
8aac
0f13
6f02
11b0
c32c
0c8a
0f35
e13d
2fdd
9af0
2300
f02e
e11f
030c
f18a
053c
e2eb
cc63
8aff
3225
1aef
64c4
1ecb
e58a
020a
2ff4
bc41
9a42
1fd0
d001
0220
c13e
0f9a
f510
0f2d
10f0
8a00
c61a
005f
22f0
0de0
ee86
3be3
c0be
041c
8a0e
4ce5
bc02
1101
6fb0
068a
170c
0509
dc2f
8abf
df52
1f32
42e6
be0b
358a
4bbf
e1b1
fa66
8623
fe0d
5307
20fb
14df
029a
2c0e
f000
2ffd
9af5
ef12
e03f
fd10
ff11
129a
1ff0
2ff3
d10e
8a10
d02e
0232
0d21
dd03
ee96
f1ff
ce1d
2f13
8ae0
d26d
0c02
cd03
d71e
0c96
24d0
2043
0f23
8a10
1ef1
14d0
ee50
2ef1
028a
01ec
2f01
0e01
86ff
40f4
0e25
10ef
2225
fd8a
00ef
ef12
dd54
8af0
c033
f629
b43e
263a
df9a
0100
de22
042f
8a0c
41d3
11ef
1ecd
1a07
038a
0a24
df33
031d
8a0f
f1fc
1f22
0122
921b
1f9a
f011
3f02
c1ef
9a30
3fdf
5dd5
22d1
00fd
df9a
0f22
13f0
0e1e
9603
010d
031f
1010
ed13
2096
10e2
b00a
12df
9a55
e1cf
630f
c2cb
2041
d29a
2f10
12df
e0fc
9a23
32ef
e30e
0e2e
21b0
f28a
264f
2fd9
dbe3
9a61
41d1
44cd
01ee
01fe
f1aa
e020
1021
30dd
9ac3
ee7e
0113
1dcc
23f4
6e9a
edd0
e32f
fe40
8a10
f0fd
b35f
1e2e
41a2
009a
0e23
fee0
31d2
8a0e
21e2
15fc
1f1f
cdf4
5f8a
f9c4
d252
311d
8ad3
e23d
f40c
2fef
ed23
2d7a
23ef
2002
ffbe
8a42
2ff1
3cf3
13c1
40dc
ff96
efee
e31f
3341
9600
13fe
d10c
43ff
ee22
2f8a
3c13
c3f0
e31a
a664
1022
2f12
1cd1
22d1
0096
dd1e
41f4
e32f
960b
9eff
c051
f120
ff21
2296
2212
24ca
d00e
9632
30cf
f001
cffb
d2fc
3e8a
dd02
230f
6fbe
86f1
f10e
23fe
1e12
c0fd
fb8a
2106
3fe0
0ec0
96e3
cefb
2de1
3205
1352
098a
3ec5
c54d
12fd
961d
e012
0f42
30e1
30e1
d29a
1f0f
11c1
f131
9aeb
3e16
d110
f31b
fc10
d0a6
0e45
f011
be0d
aa31
f0c0
ee31
1ef4
31e1
009a
22de
75ad
1fee
aa13
edf0
dd35
2df2
0301
1faa
bf1e
fd54
cfff
b640
23e0
ce20
3312
000f
0fa6
3f04
22ab
12ee
aa1f
1102
e50c
e3fb
f031
feaa
0013
eb13
32d1
9a2f
29c3
7cb4
1ce5
c021
02a6
be4f
fd44
3003
8aed
bd70
1431
ab33
65fd
2196
6212
45d0
f50a
9a1d
d14e
4200
23de
e1fc
0296
e40c
3420
bd2e
96fe
f0e0
fd33
2114
2121
e19a
c33f
df3c
0c36
96f0
12de
1221
affc
4366
dd96
df0e
ed33
e2fc
9633
df4f
0f11
0010
1002
f096
ed34
ecfe
20d2
8aff
c171
fd4e
1fd2
eb2f
d29a
0041
0df1
3002
9ade
fe11
1d24
11d0
c12e
709a
01d0
de2f
de02
8a34
d11d
23ee
b12e
3f52
b18a
f11c
c033
c14b
8a36
61dc
f6ce
ef4a
f0e0
319a
0df0
2f03
13ee
86ec
50b4
cf32
2066
cfda
ce8a
de64
10ff
efef
8a1e
d134
ef61
b30d
232a
e28a
141d
ff31
31b0
9adf
121f
31dd
0ee2
250f
10b6
0100
f020
1c24
b214
dd5f
fdcd
0dbe
edce
1496
30ca
5fc3
1302
a620
1301
2c32
1da1
31c1
ef9a
0ef3
0f0f
2b25
9ac4
ee3f
fe02
0e13
241f
fca6
fd04
fe01
00f0
8a00
4302
c1ca
e45e
9d51
3f9a
50e2
1dc0
020f
9a13
ef2c
40d2
1fe1
c23f
1f96
00ff
22dc
01dc
9a01
0b33
1ed2
2fe1
12f0
ee9a
0e33
32c1
01fd
9a10
53de
22de
e2fc
de31
118a
2302
ee20
62bc
8692
c23c
c00c
4212
24df
fc9a
fd35
10f0
e3ff
8a1f
ed50
e200
dd40
2501
3f96
1002
44f0
ddfc
8afe
34c3
f11b
5ec2
02fe
fa86
2fd3
1101
c3fa
8a30
1ff0
6ee4
d3ff
010e
fb8a
e225
213d
03cd
961d
ff12
bb31
1024
00ed
c28a
f13f
fdff
1224
86ef
df63
220f
06eb
f11d
3286
14dc
f2fc
ec43
8ae0
10e0
13de
d32c
110e
fe8a
eef1
1212
1411
8a0d
eeed
2e06
36db
30ef
0f8a
3ce2
e002
202c
9ab0
0200
e14e
31f0
12dd
3396
cd0e
fff0
ec12
a6f6
be51
e22f
e01e
0010
0f86
1125
3132
2ace
8aa3
21ec
1dd3
ec34
2e12
af8a
73ec
70b4
feec
8a05
b43b
211b
0b25
43af
438a
00bd
a22e
d26d
8a13
e160
e31c
00da
0f26
1f8a
f130
14eb
f10c
8ac3
f56c
cf0f
3e32
b2df
0096
f1fe
4312
0122
9a2d
41b3
02fe
33ee
0fff
0e9a
50c2
1ff1
0100
8afd
ec06
020f
61f5
d6d9
2e86
da21
26be
7541
aaac
dc41
da25
ff35
2fd1
1e9a
2ff5
01fd
e11e
961f
edf1
2f13
1cd0
43d1
ed96
32f1
4312
01fe
96fd
eecd
44e1
2222
c11e
1d96
1103
e00f
c02e
8a20
d11e
e040
30ed
0103
6f8a
1dac
2fb7
c240
865f
ec22
fd11
51b0
fddf
2f9a
41c3
c10c
3f11
86e0
ff23
a21a
fd0d
6f07
f296
0043
ee0f
dd11
9a12
be0f
cf63
cc53
c030
449a
03d9
e70d
b37b
9a2c
25df
fd1f
4ff3
fce5
1ea6
1cc0
ebf3
f20f
a21e
64c2
9a30
e122
042e
e1a6
0131
d00c
0f00
9a00
1ef1
3dd2
0df4
de23
1e9a
c21f
f041
320f
9af1
c20c
e45d
fe1e
0cf3
139a
21df
e53f
ea1f
96f4
ddfd
32cf
1fdf
21f1
f096
23fd
1dee
60c3
9615
101d
2ee1
ddcd
0401
1c9a
f011
25fc
11de
9a1f
ee23
f0ff
01e0
021f
0d9a
ef34
bf2f
0340
9afb
fe04
3122
efed
ef22
429a
1edf
1d02
0f02
9a0f
2ee3
fe23
21dc
1ef1
129a
e210
fd2e
2de4
aae2
0e11
fc22
ed12
ee43
019a
2f11
1cf5
22e0
8ae0
cd1e
2f07
2fef
4090
029a
e1ff
50f1
3fa0
8ad0
ef61
e30e
2f31
30af
12a6
1210
e02f
e20c
9a1e
fd11
0c25
eb14
10f5
20aa
f0df
0e24
00f0
9a01
df1c
2d26
0cf4
fb04
f18a
fe11
54dd
14dd
8a4f
2ef3
54ae
d10b
f121
ff9a
e010
ed22
cb55
8602
d10a
4300
3202
1300
0f8a
ae2f
0e25
ab41
9a16
ef31
040e
1f2f
1ee1
ef9a
c110
f051
ff21
8a2f
119e
0011
e4fc
062d
3e8a
f1f1
3eff
0291
8a4c
30d4
ff0e
020f
36fe
098a
fbf6
03de
0431
962b
1f02
df22
ce2d
01ee
1f9a
1f01
fc02
e110
9a01
e231
eb21
eef2
2310
fc8a
4ce3
3dd4
d3d1
8a6b
f0e2
db20
1303
d24d
0e8a
2b15
30c1
40cf
9af0
10ef
2ff2
2ed3
31c1
2196
6512
1fdc
fece
9af1
011f
01fe
f41e
a12b
34aa
ff0e
00f0
0f00
8a02
403d
ddbf
5f13
f1b0
2386
ec42
12d0
ce1e
8644
0f22
e1ec
ef21
bb53
2396
3132
dfec
1111
8a0e
2cd4
d40f
033f
f0fe
1f8a
02c1
0140
010e
9613
e11d
defc
e1ed
2022
b08a
de44
dd0e
3225
9abd
2000
cc13
c551
2d2c
a19a
1131
1e20
2de3
8af0
ce12
561e
4ab2
e0d1
2f8a
65df
f30a
3def
9ae2
030e
c04d
0020
010f
1e8a
6fe2
dfc1
946c
8650
2135
dd44
ac41
ec01
109a
c02f
ec63
f200
8a0f
c05f
130c
2ff0
d120
3586
5762
3dff
15be
9a3b
54cf
f3fe
f21d
ed2e
c49a
f35d
0f2f
fd03
8601
fdec
3fc2
fdef
ddcc
f38a
fd40
1fe4
a20c
8a31
be53
e44e
0f2e
2dd2
328a
4eaf
fce2
3003
8aef
ee31
4bc3
21e5
2df2
019a
00de
2f02
fb13
8a01
0001
ff1e
3fd1
4ef2
dd86
3445
6322
0fdf
8a02
3f1e
30e3
1ce1
e0d1
5f8a
42cf
1fff
40bf
8ae2
0f1e
0c04
fb15
1112
1f9a
f1ff
002f
0d12
86c1
c62e
c16a
c0eb
5323
a38a
cc72
1e03
ff12
8a2d
50b4
dd13
ad53
c51e
1d8a
df20
4b23
fac6
8624
3e45
bbdd
5404
ee2f
128a
101f
f0f2
f51b
8aee
e041
1020
2cf2
1dd1
f18a
c041
520f
00bd
7a01
ef32
6ff1
2aa3
fe14
f08a
e230
050a
1e20
8a1f
54b0
e11b
da33
11f1
1e7a
f60c
d04e
3d22
8ac0
22dd
0c23
11d2
ec24
037a
ca00
fc15
c4f0
8a4d
c022
f15f
20f2
1ecf
d48a
de50
00f2
4e14
8ac0
2bf0
2bc6
03f1
e40c
4d8a
12d1
d040
df2d
8af4
232d
2fbf
10f0
0ff0
119a
dc21
1d22
01f1
862d
edd3
1012
0421
3d65
df8a
3013
12df
0f3f
86a0
14dc
1321
240d
041f
0c8a
f1ee
d350
232d
86bf
fe33
2fde
41c2
c0ec
2c8a
02f1
4c04
00d0
8aef
251e
e2eb
f00f
ff33
119a
020f
c01d
021f
8a20
22d0
ff12
35cb
2bf0
d28a
0c34
260f
ee0a
8a01
0f01
e21e
2c14
31e2
0f8a
12bc
2e02
53c0
86df
2e13
f0ef
da43
21f3
118a
cb21
01e0
4ff3
8adf
1201
c030
c42d
c15e
0f8a
ff23
0100
f1ec
8a20
2e04
14ef
d21c
d43c
3386
e40d
cc3f
fc14
8abc
cd32
fe23
c23e
200e
d18a
0f24
c31e
e14e
8aec
33e1
c14e
4f0f
c100
2e7a
eef0
2e35
d2e1
8a5b
dcf4
ee42
1d03
0e03
d08a
4e46
2fd0
cffc
8a0f
3201
de31
b240
cf3c
10aa
0001
fe01
31f1
aacd
fd33
4ff3
33ce
f1ee
6696
05da
e22d
f042
aa1e
10f0
0f01
04ff
ff10
fe9a
2f13
d3ed
e23c
9a12
f33f
d10d
021b
10f0
229a
0022
defd
11e0
9a02
1023
fffe
21bf
fd33
139a
fc12
1ed0
61d2
8ae2
0b3e
ddc2
1231
1c21
c28a
f21e
be60
df32
7a3e
5fb6
739d
49e6
c3bd
4e8a
4ec1
1df4
ef20
86ff
f311
1352
6201
0abf
f19a
030f
e03f
df1e
8a30
33ce
30ff
1ff3
14de
0d9a
0f23
0fff
3fe2
8aef
2011
2200
f2fe
e51a
0f96
d1fd
031e
1f21
7aef
bc4d
4314
2241
fbde
147a
ffcd
0154
dd0e
7a52
f1ef
053d
0e1f
bd21
208a
32ed
32df
cf2f
8a32
02cb
020f
3101
010e
107a
f2fd
34fb
10f2
8afd
3ff3
00de
43ef
13dd
3d7a
e4cb
411f
4cd4
8ab0
12fe
101f
edf0
1f44
1086
2024
2202
cc42
8afe
f0f2
e12e
df10
1d45
0f96
c020
f11d
23ee
9602
c06f
1111
ff0f
0fdf
e18a
1d23
02ef
f32e
7a0d
37da
4ae2
37cf
0cf0
ee86
ddff
32f1
2d14
8a01
f0f1
ff21
e222
c22b
f086
ff0f
d1fd
ff0d
8af4
bf3d
2311
15dd
061b
2c8a
31b0
31de
4ebf
8ae1
2033
de0e
ff01
e310
5176
32bd
cddd
0453
8a54
10ff
00cf
e121
1f32
ff8a
32ce
d30c
112f
8a10
ed01
d350
210e
e5ec
fb86
02be
f242
f23e
7a1f
f110
2d41
50b5
c0fa
a076
b35d
f1fa
3fe0
7abc
da43
01d4
0d64
03de
2d8a
1ed1
e00f
3033
8aec
1113
2001
f4bd
d02d
df96
d00e
4444
40cb
96d0
3ee0
56ac
0e00
f210
e97a
4fe1
14cf
100e
8a16
1011
af0d
1f12
34bd
307a
0b14
43e0
10ce
86fb
d1cc
df2e
2034
ec10
f19a
021e
ad52
1011
9a14
0fcd
d231
5ae4
e4ef
3e86
63af
56e0
11fb
aad1
100f
fe01
f010
1410
0db2
ee03
0431
2242
a600
a24d
11ec
1213
012f
cb86
21b0
032f
4cf3
9ade
eff0
dd65
e020
4dff
939a
0360
dc1f
f002
96f1
dd11
2114
f20e
4301
f19a
10ff
21ee
20ef
8a04
10fb
0ed1
1013
50d0
cc8a
ee25
e12f
dd35
960f
d121
0f1e
42f2
efed
f08a
fc04
d130
241f
8add
0012
21ed
22e2
c14c
008a
2fdf
d024
df30
8ad0
0022
10f0
4ff1
ded1
1386
01fd
eefd
cdbb
8a13
1de2
20e0
23cf
0e10
0486
001f
cd21
fd11
8ad1
c52b
d53a
1d21
e2f3
4d8a
0fc2
0f12
13ff
9a10
1fff
2be1
edf5
1042
e38a
1dde
ece3
e411
8a4f
1e14
decf
3f10
4bd7
f48a
25eb
c21b
1e20
86d2
5f47
efdf
c4e9
0e75
4f9a
eed2
cf31
dd54
9af0
de50
de43
41f1
01dc
bb86
06ed
f20c
be53
8665
22dc
e5c9
c02c
ef64
758a
1efe
4dc1
5b94
8ae6
e13e
ee00
0f11
34ee
fd8a
1f12
40de
44c0
76ed
dffd
dca9
bc24
3323
1286
cc53
adfd
f3dc
8a30
fb25
15ef
d41c
4e01
cf8a
72b0
c1ff
e160
862f
42f0
a9da
2eb4
ef43
727a
2eaf
e10f
3f10
8ad0
0100
f62d
a23b
132c
e29a
430d
2dc1
ff11
8af1
c55c
f240
0f1e
fcb0
248a
ee33
b140
f21d
8afe
10f1
de42
021e
edf0
1f9a
10e4
c42d
121e
86fe
2ecc
feb2
0254
4e30
ffa2
ff33
1321
2221
aa00
e32d
ff20
f110
1fe1
f586
9109
bb1c
44cf
86ff
2f33
13f0
fa20
62c5
f48a
bf2a
2c04
cb56
8a32
6ed0
10a1
ee32
1ef3
aa86
4cf4
3cc5
62a0
8a00
3cc3
f201
e50a
ed41
0196
1133
ed10
16ee
ba5c
1ff2
ef01
1112
f3ed
52b6
30cf
f0ee
e1fd
9a1f
5d05
f331
dfdc
30de
329a
4de1
1fe4
f2fe
9a1c
2fe4
04f0
0e0e
ff13
fea6
00f0
d0fc
140e
a6fe
e242
0131
f32e
00fe
f09a
b44e
62cc
ed03
9a14
012c
30bd
f002
fd31
01a6
0010
3012
d3cb
a63c
40e5
f0dd
f320
1031
028a
d2fc
9172
4240
8abc
bc01
b66e
710c
30c1
cf8a
c14f
0d40
5fb2
9af2
1df0
2fe4
f101
11ff
ad8a
2311
0c21
0003
86df
eb12
0fce
63cf
f1ee
2f86
11cd
effe
4e26
7ae4
fd0e
ec47
2ec1
e903
c186
fd21
edde
41e3
7aef
6221
1799
220c
db03
228a
cf21
ff41
3fcf
7af1
f035
ba1e
4ee6
2632
fe9a
13fe
11fe
dd22
9622
efeb
31d1
f044
1032
ec96
cf02
d24f
e11c
9af0
0c0f
d234
2f4a
00a5
0d9a
e240
4000
fea2
8a31
ded2
e062
23a1
ecfc
e396
d23f
1131
20f0
9615
d34c
14ea
3fff
4fd3
f296
c01c
240e
0efe
8adf
121e
47bc
0c21
f1f2
0b8a
01e3
d23e
2230
9acd
f11f
d22e
e13d
f131
3d96
12d0
0f1f
31f2
8a0f
ff23
051d
edfe
fe46
1186
effd
f3da
defe
9a56
2fdf
4ef2
1dd2
ba15
f396
32ed
2dbf
2db1
86e2
34ff
2320
1eee
2ed3
218a
0c05
bf22
f120
8a00
02ed
c44f
123e
f30c
1f8a
edef
4110
41b2
8a1d
51c1
c42d
ff2d
e2ee
b176
ac50
0246
6d45
96c2
0ea1
32d1
0022
0e11
478a
01db
051f
61ca
8bbf
fe03
c15e
ec44
e041
0002
0000
0000
0000
c200
f120
1f12
ff13
e42e
1cb2
9373
5419
3ca0
b2f3
6dd0
2ca1
e0d1
0409
cec2
d11c
3fdd
3ed4
b211
fcad
ff14
f30d
51ef
c1b2
332e
5fbe
fed2
b20c
fbb1
b2fd
21e9
7cb2
a3b2
211f
1ff2
e454
b24c
ef02
0356
0153
f65f
ebb2
d442
2d3f
2cc3
c246
1de1
d023
f34f
2f0f
e1c2
2ede
0ff4
e352
b21c
a535
317c
2ea4
e65f
eab2
9f3e
30cc
5cb3
c2f3
0e01
cf21
f33e
111f
ffc2
2ff0
f004
044f
c2fe
e43f
211e
1fe1
e011
4db2
21e5
f65e
6fcb
b2a3
5d0e
3db6
c043
152e
cfb6
e13d
df22
053d
b29a
ece3
12ef
3ff0
0f04
52b2
2ee1
d302
544e
c2cf
d140
30ff
fef2
e331
3ec2
ef24
032e
41ef
c2df
1fff
ffe0
f31f
1ffc
d3c2
2f1e
efd1
c350
c22b
d003
f42b
4cdf
def5
4ec2
def4
d54d
30fc
c2c2
221d
1ce1
c200
1e1e
b1c2
020a
ebe0
bf11
c22c
bef2
e44d
2edc
eee3
2dc2
eee2
d31c
30cb
c2c3
121a
0dc0
b01f
1f0d
d4c2
142b
4fce
e0e1
c24e
0ff6
f550
410d
3dc3
24c2
51e1
2002
1200
b20f
31df
3c16
e0e1
f24e
00b2
34fe
3fdd
32ae
b2e0
4113
d440
024f
3200
05b6
50cc
e20f
f41f
b20a
d135
d64a
3ddc
dcb3
40c2
0ec1
d32f
311d
c2c2
231c
2dd1
cf01
f32e
00b2
4541
6fe0
01d3
b230
ee01
e3fb
4111
2ce3
24c2
2f01
d023
f44e
c20f
e130
2fff
1df4
f111
1eb2
b341
f36e
1bee
c2c5
2f0e
eec0
d22f
11fb
e1c2
0f0d
fcd1
ef01
b2ec
aff1
133d
5db1
e412
20c2
d21f
f43d
0f1e
b2f3
770b
5ce5
c455
146d
d0c2
054e
1e1f
0df4
b232
fbb1
1234
2d12
ef04
2ab2
1aa6
a052
73dc
c2a3
023e
4de2
ff05
210e
c0c2
e24f
4eef
0dd3
c221
1cd2
f002
022f
11f0
0eb2
eaf2
e012
1ffe
b2e4
c14d
220e
0903
ced1
2fc6
0f01
00f0
5fef
b2d3
2c0f
4ec5
d112
250c
10b2
af50
300f
1cd4
b201
1fcc
fed2
c140
e0fa
b2b6
e53c
34fb
41ad
b24f
4da0
6e92
c124
542e
e0c2
2320
4de1
e104
c26f
fef4
f53f
421e
1ef2
f0b2
3db0
ef15
a54b
c22f
0221
310f
2dd3
bf21
1cc2
e0f1
12fc
3cbf
c2f4
1ae0
bdf3
a12a
2ecb
c2c2
2feb
0ab2
bf11
c22f
c210
e25d
3ece
ff16
4ec2
0ec3
d240
1f1e
c2e3
7300
3df5
f224
164e
1eb2
0351
51e0
0112
c21c
0ef3
f01f
3ee1
1ce4
f0b2
f9a0
c445
df6c
b2ef
f1dc
0c0f
bbd1
c11e
0dc6
d320
023c
1ce3
c243
50ee
1ec3
d341
132d
01c2
320f
1102
ef54
c240
10f4
c34f
212f
0e03
31b2
1cd3
b012
f27e
c2b2
131c
2ddf
eff2
e32e
ecc2
c43e
301d
1dc2
b222
5ea2
bf65
1f0b
3ab5
03b2
509c
ba14
bf1f
b60c
fe34
d1fe
212e
0fe0
ceb2
f0f1
024f
4ac2
c206
50de
2dc3
f013
031e
cab2
2f45
2ae2
0ed6
c24d
1ec1
f035
d34f
210e
c2b2
c12a
fefd
da17
b21b
0fb3
bf4f
d010
042d
ccb2
d361
2020
0bf4
b234
7fc0
0bc3
c100
032c
ffb2
f20e
3f11
fcc1
c620
e0f2
013d
1ce2
d034
2cc2
fdc2
f131
22ed
b2f0
f13f
f0fd
1fef
1ef4
1fb2
00ef
0edd
1baf
b214
4cd0
00e4
001f
2003
22b2
1ff0
d267
005d
b2c4
025d
23e1
d051
122f
f0c6
3ef1
0de3
b341
b24b
fdd4
2333
e143
0130
21b2
2fee
2db2
c046
b25a
cba2
c63c
53fb
fcd2
30b2
1bb2
a010
2131
c2ef
d120
0141
1def
2ee4
12b2
caee
bd35
b25f
b21e
af1c
defd
ebe1
a02f
0ab2
bf14
b22a
13ec
a61c
1ff5
f001
c550
d30a
10b2
0e12
1fd1
e030
b20f
de13
f51e
4131
2ddf
d0c2
2011
1df3
e011
c60f
c32e
022e
2def
d013
2fc2
0bd2
cf12
031d
c2df
d14e
2def
f0d2
0550
ecc2
d341
212e
1ef3
c210
fef2
d32e
3020
3fe2
14c2
2022
ef12
e23f
b21d
cee2
32fe
54de
0e02
21b2
0b04
f1ef
52e0
b204
f041
e551
e35f
c14c
11b2
0410
352b
2dd1
c211
31f2
e033
023f
4ee2
14c2
3ef1
ef02
e21d
b2ff
0054
3af1
0ba4
5fe1
c0c2
f41c
3e01
de02
b21f
f114
d43c
5edc
2cc4
02b6
c211
144b
5ece
c296
0020
0cef
ffe3
e241
0bb2
a374
6729
6ba2
c207
4ee0
1fe3
0011
f20e
fcb6
e022
6cd2
d1e5
c25a
fe14
c13f
141d
4fe0
04b2
3ce2
e026
263f
c2fd
f342
211e
1ff3
d054
3fc2
df01
f00d
0ff1
a600
4bb4
05ed
1d13
a203
70b2
4cb2
f1c0
10fd
b6df
243e
4b91
dd34
b31d
f1b2
061d
ee0a
fac0
b214
30ae
c130
e709
0d1e
f1b2
54de
23e0
b02a
b20f
3fd0
1dd3
f743
2f6e
d2b2
31cd
2213
f41c
b2df
e34d
50cc
1fd3
ff11
c0b2
d44d
133d
eb13
c266
3dcf
e1f3
112d
2bc2
02c2
2dc0
ce02
e23f
b2fd
a3fb
741d
3ba0
41a3
01b2
cd20
ce42
001f
c6ad
131c
1ff0
d21f
1f1f
14b6
13fb
e2df
f13d
b2f0
d132
c35e
2f2f
fae3
04b2
4333
0332
3f11
b2f5
1729
6311
0906
ec04
f2b2
3531
3bf1
eaf6
b232
fcae
bd11
9f2d
f12d
f1b2
4110
2fbf
f112
b21e
c40d
333e
1c05
b254
1dc2
e112
2f1f
1cc3
c232
1cc2
d123
1f2e
3cc3
03c2
3ccf
ede4
e120
b20f
f40d
131e
fc12
f134
61b2
1dd3
e103
0f60
c2d4
220d
fde0
d122
134f
f1c2
033e
40ef
0ff3
b221
0e02
c142
3d43
33d2
0fc2
0d01
0cd1
dff2
c23e
fee3
e41d
200d
00f2
5cb6
f0c3
3011
3dc0
b624
3bb1
60b2
7da2
eca2
e0b2
2abf
ace2
f10e
b2f1
1240
3fdd
dcd3
b42e
4cb2
bd21
f3ef
3e0e
b2f6
3ffc
3ab4
e324
142b
c0b2
1372
3003
1055
c221
0eef
0e04
0232
2110
e0b2
2312
1c21
50b2
b203
4f03
e0f1
c150
e140
32a2
51f2
1e43
eed3
b22f
fc24
b233
146e
3dce
f1c2
3de1
d003
f53c
c2ee
f350
1eed
0fe3
e33f
fab2
f234
200c
09d5
c211
2dd1
cbf2
f30f
210d
d1c2
1d10
0de4
f210
c2fe
e242
1f1f
ffe1
f43e
edc2
b240
034e
1dee
b2e3
4eed
c0e2
c45c
31d9
b0b2
020e
eefc
bf0f
b2cc
ad2f
de21
e22f
131e
eab2
b013
034c
71df
a2a0
57ea
4c24
1ee5
e32d
00b2
f21f
42fc
6f9f
b2c3
5f0e
01d3
232d
6cc4
12c2
1e03
c032
033e
c201
1420
4011
0ee2
e022
4cb2
b225
e249
1cce
b205
6ed0
edd3
010e
1dbe
15b2
5fcd
22b0
211e
b2c3
141a
1ecc
0ff4
041d
e0b2
c35e
60fc
2b93
c237
3de0
d102
f42c
2efe
f5c2
410d
0ebf
e011
b21f
e61e
212d
fdd1
c151
3db2
efc1
074f
41d9
b2a1
4041
3bd7
d044
7222
d6b2
e14b
62f4
1011
b2fe
ce23
f52b
39bd
cab4
2fc2
1cc2
e101
210e
c2f1
13fc
2ff0
00e0
f20d
dcb2
fd32
2aaf
0fd5
b6fb
f432
010c
fd02
cd13
35b2
4f01
ce04
d14d
c210
21f0
1ef2
fe35
0011
e2b2
b47e
2c30
ebd5
b230
df13
c351
153c
2310
1cb2
f2f2
f572
024f
b211
0ee3
f54f
2ced
cee3
20c2
12f1
131f
2eff
b3e4
731c
1993
a054
f33c
0002
0000
0000
0000
b200
2fde
fdd0
e111
ef41
30b6
31d0
e022
c23d
a21f
b23f
5753
ee3f
a3fc
2db2
ffdf
2323
1130
baf0
1f0e
1d01
eff4
4e10
f0b6
2fcf
01fe
e321
a62d
c511
244a
5c9e
61b4
f1b6
340e
d1ed
1130
b6df
f022
d13c
3eb0
fd36
23b2
2112
e020
e0ee
b663
00b2
f4fc
32ec
0e13
00b6
bf10
2020
2ef4
b600
30df
0de2
ee34
1c13
c1b6
0d21
0c04
34f0
b6ff
1e20
0da0
f232
2bf3
33b6
00c0
130c
fe02
b610
f4fc
23dc
0f21
bd32
41ba
f61b
67ea
119b
a63e
30d4
33cb
f520
362a
d3a6
126d
25aa
20df
b661
0ae4
ec03
f122
4000
d4ba
c02d
d052
012d
b6f5
df2a
0c05
4202
3ef3
e2ba
d44d
ff2e
e340
b6ef
a11b
3f00
20f3
1cf1
02b6
e3fd
e43d
2010
b601
1ede
f3d0
c250
f34c
ecb6
059a
d160
d152
b62b
f1d0
2600
023b
f30f
cbba
1551
50ac
1ff2
b2c0
33ee
2434
e21b
de1e
efb6
0440
1eff
df22
c600
010f
0f00
f320
ff1c
e2c6
e11d
f121
e030
b61f
cff0
f25f
11ff
4eef
d4b6
101e
f003
ad71
c62f
44df
2fef
0f12
0fef
f6b6
144b
32ef
13fd
c6eb
0ff0
1ff1
4fd2
ffe0
1eb6
5dc4
4bc4
f2d2
b62b
f104
d23c
bd43
1f52
c2b6
cf4e
0f76
0dee
c6b4
f35f
20fe
1fdf
0ef1
a1b2
ce60
920b
344f
b610
db04
410e
f6df
f33a
eeba
0d13
c021
c43d
b23e
30b0
3104
2420
4de0
b4b6
042e
0010
e242
b6e9
d1f1
0d53
35ee
53ce
edc6
e211
d12b
13f0
b640
902e
3e0f
1bf6
1dd0
e1b6
2500
01fb
cf20
b2f4
ad1a
dae1
ecab
51e6
4fba
be24
043e
030d
b61f
22fe
4cbf
eed3
4e12
e3b6
ef21
3de0
21f5
c6bc
e031
2ef0
43cf
20ef
feb6
3aa1
34f6
441f
b6ec
edf2
30ef
41a0
1000
34c2
0dff
dedd
eccc
c6e2
3fef
f0dd
0ff2
e352
4eb6
cfdc
e231
f052
b60e
ce21
121f
0011
040c
1db6
2edf
4ea3
df12
c634
0d11
11cf
2310
1ee0
f2b6
f50c
63ed
f2ed
b221
d0fa
dcfe
fbf3
fd14
30b6
4cb1
20f5
13ff
b65f
adbd
651e
5fc4
1e42
0eb2
aaea
bacf
15f0
b22e
01ee
0cef
11d1
3e34
e1c6
120e
1011
5ed1
b6d1
3cd0
01e4
5120
fbc3
0db6
30d1
3db0
2bf5
b2f3
42f2
3033
1ebe
dfef
56b2
2553
cf5e
1e13
cadc
df21
f030
11f0
23ed
dfba
ff20
2300
3ebe
a20f
23c3
0252
044f
ef64
2fba
ff00
001f
040f
b63d
14ed
300d
dbf4
020e
e1b6
f14e
2e14
edee
b600
0203
e04f
be20
1d00
a0b2
e11e
3455
201f
b6de
c32e
243f
ea0f
10d4
33b2
dcff
bfda
5de2
b6ae
f010
5013
fbc0
2f04
f4ba
252a
13eb
0eff
b653
3eef
e003
00fc
1201
23b2
043f
4221
3fe2
b602
2fe0
c100
042b
11ff
42b6
cfdd
022d
4fe2
b603
b02e
b14e
50f0
d0f1
41b6
0d12
0bd4
0001
b612
21ff
fc21
fff3
200e
d2b6
eb44
ad42
0120
b2d0
f30f
fe53
ef33
21ff
e3a6
c152
ce3f
bc51
aabf
fe6f
f5ef
fa0f
d533
ffb2
eb01
fcd0
dece
b633
0bf5
f10f
00f0
c02f
6daa
e20a
cf05
045b
b21d
2fde
fdd0
e111
ef41
30b7
21d0
e033
c32c
001f
0000
0000
0000
0000
d0b4
dd0d
02de
3322
a810
b21d
f44f
0f40
efed
01a8
2421
d01c
34de
c44f
13fe
ef1e
dd10
2c25
c3c4
ec62
1de2
42d0
c8ee
ed42
20f1
11ff
12ff
1ca8
11b0
13fd
13fe
a831
e1ec
0f3f
0d01
3004
ad98
e110
ee10
0956
98f6
b01b
f131
df42
fd21
a188
fd63
30e2
3020
c4cc
0000
0100
d2fc
1032
efc4
0b24
24bf
bc51
c8e2
df4d
42c2
e00e
21f2
dcb8
33d1
cd2f
2101
a810
fc13
12dc
02f1
0c26
fea8
23be
2220
01cf
a830
14bd
f12e
e010
f12f
1c84
059a
5f56
eee0
84ed
46bc
f22f
0c54
fdce
d184
fe53
3c26
e3aa
7830
0a24
caf3
6305
f4de
3f84
f1cd
ee0f
33f1
6810
b12d
df30
a22f
3e26
f088
ee3f
34cf
1e30
98ce
ef00
5104
d0dd
fd23
ef98
2f15
01fe
fff0
b401
0000
1200
040d
2b33
cfc4
51e0
23be
c050
b821
f50c
14eb
c020
fd43
a0a8
ae60
1123
ed2f
c403
0011
ed00
42e2
34ef
c1c8
25fa
0e0f
2d14
c4c0
41ff
12de
0e11
f2ee
32c4
d0fb
5d03
51b5
c4fc
0eb1
1112
0f32
03eb
dec4
4103
d000
dc50
c8e1
f40e
d02e
f01f
f011
74b4
450e
a92e
1fe0
b803
bf30
00ff
4002
3ed1
ebb4
e0ee
1232
ff2f
a4cc
1304
7346
efca
dfdd
42a4
41f2
fe00
21f0
a8ef
be51
21f0
50e2
1dd0
a498
e03f
3023
31de
94dd
efef
04fe
e13f
1f33
be74
4dc0
40b2
6116
880e
c6cd
3374
ddfb
30af
0298
2f22
daf1
00f3
9842
2ef4
e2bd
d23d
ed64
2098
1efc
30e3
1f12
88ef
33cb
1121
ff3f
dce1
a184
0142
6601
defc
88ed
4301
cf1d
012f
12ff
1e78
fd60
1de1
fef1
8832
1b13
3dd4
21d0
ff11
1e78
23df
4300
21cd
79de
4001
45cd
00fe
ec12
0000
0000
0000
0000
a400
206c
12ff
e3d0
339c
32b0
24e1
0f31
3132
b40f
2db2
ed32
4d2f
0e40
b3b4
ef12
2f1e
024c
b814
c2fe
ff05
0efd
2114
f1b8
3cde
fc7d
242c
c003
2301
2332
3215
fd0f
34b8
be3f
12e1
df00
b433
4d04
dd61
b1de
6f36
c2b4
d94f
14f1
56c2
c04d
001e
ff03
00eb
dfff
11c4
0d2e
11f1
2f12
c0c2
5233
c010
e0d2
ece0
1fc4
1220
3c0f
11d2
c4fd
e41f
1200
d13f
3dfe
02b4
bfd6
23c3
5c4b
c0d2
01dd
0b21
e1cd
3052
f3c0
1223
c0c0
2201
b045
6044
f41e
e3bd
ee11
2eb4
f21f
ecc4
bf6f
b0e5
cc20
2bfd
135d
0021
2fb4
10e3
4b3b
3b53
c42f
ffe2
2e10
2cf0
130e
eeb4
c13e
0233
ecb6
b413
0e0e
f501
12b3
ff3f
0db4
1313
f1cd
c2b4
b4e2
3cf1
1c2e
2c31
23e1
eeb4
133f
ae03
e4f3
b401
41fd
f200
c1c2
d1c1
22b4
ff40
d212
ed40
b0b0
eecb
b0f0
f6f2
2f62
00b4
f113
d5bd
c315
b0dd
45f0
0f33
e310
01e2
1fb0
6201
fd25
21ec
a00e
d313
fe0d
70c4
4e4d
eeb0
df02
ece2
5f2e
b02f
f21f
d004
eee3
0f2e
22b0
0510
c1f0
fe22
b01e
1322
deef
fe2d
e3e2
20b0
40f1
2f3e
ed0d
b4f1
1f04
1fee
fd13
2df0
2db4
e2f2
f101
4dff
b012
fd00
00e0
0d1f
430f
27a0
ec31
4feb
e071
a0be
ffd0
3beb
000d
bb15
1fb0
0420
c102
1cfd
b020
f142
12ce
0c23
ee1b
5ea0
d3f3
ffdc
60f1
a021
5fd4
11f0
03c6
d431
e2b4
1d1c
1dd4
d123
b0c3
0f13
2d00
2d0e
4f20
11c4
ffe2
1e2f
3e4d
b02e
1344
2fde
0b3e
ec1d
cbb0
dfee
32d3
1f4f
b021
ed20
22e1
02e2
4d5f
20b0
0222
c1e0
ecee
a0de
01a0
4651
e113
fca0
dfb0
2fd1
5f00
0e5b
b0d3
0050
2ff4
5065
ef2e
f0b0
c00b
1201
0ef4
b01e
eddd
e100
c302
13d1
e4b4
1bc1
1e43
05cd
b0e2
01e1
cf1c
0e0d
dfce
11b0
0024
5210
4f4e
b02d
0000
efff
cee0
f3e1
1eb0
ff10
e211
3cec
b42e
5f5e
c0c4
113d
13c2
d0b4
fb11
00d2
e151
b0f1
0e1f
d110
dfee
d0f0
f2b0
140e
fe50
fed2
b400
0b33
02ff
b3f5
2ff0
2bb0
f10e
ddf2
25e2
b00f
ff0f
0ebe
2b00
4511
c3b8
f2e0
df5f
a214
b00b
424d
d00f
efb0
2a41
cab0
e200
2eef
b301
b0f4
c0ef
4100
df2e
313e
40b0
000e
ffcf
2e20
b46e
e130
3d10
d4d4
0b4d
eeb0
f240
dbef
ce00
b011
ee0e
31d2
1d1f
de3c
c2b0
3011
22de
d223
b4d4
f2df
0cf0
d331
f210
11b0
1e0e
f0c0
201d
b4d2
13d2
edc2
3d4d
113e
d3b0
0031
2f01
f200
b0f4
00fc
20e0
c00f
201f
bda0
cdfe
1dd1
f51f
b4ee
23e2
12ce
0f2f
3ff0
0fb0
0fdc
ef02
f40f
b000
f01f
0eff
40e3
010f
23b0
dd4f
de11
45e1
b016
f103
1cf2
effe
1ffe
22b0
e14f
fc12
dd00
b0f0
1010
f2ce
1f2f
2e0b
3ca0
4def
e531
91e3
b0e5
e4b0
0ef0
2022
60ff
1db0
0ef2
00ef
f5ff
a012
04d0
2e25
e041
dcd2
d4b0
eef0
3324
1d0c
b031
d104
3000
df00
0b0f
f3b0
d0c1
dc1e
011f
a0ee
0621
43be
200e
c40b
55b0
dede
0001
2d0f
b000
b020
1fe0
3301
ef3f
22b0
f210
25fc
cf3f
b0f2
b10e
12cd
ef31
34fd
1db0
53d4
43e1
10fc
b034
f0e3
fd42
2de3
50df
eab4
fb74
f013
0ae2
b030
e35f
d0f4
dc6f
d114
f4b0
0511
bd4d
4f36
b011
bcde
53ee
c32f
be3e
32b0
f4bd
d12e
0e1d
c45f
1c10
2d02
20f1
f3e3
01b0
0f14
1db1
2fde
c02f
0f2d
f01e
1011
13d0
ceb0
0fe5
f000
cf51
b045
00f9
bb2d
ff02
2ed3
1eb0
2532
e1ec
ef20
b05c
513e
2e20
f22f
e1d6
12c0
f2f0
df2f
1eef
b01c
4ef0
30fe
01de
e2fd
e6b0
ffd1
f033
40ef
b00d
2d0e
ff3d
1df5
0ff1
dcb0
1fff
e1ca
3621
c4f2
f1f1
b2e3
fc22
1e11
2db4
5c3e
31fd
e52f
b0c2
e4a2
0e00
00ff
0ff1
23a0
2115
426d
b1f2
b0f9
3dfe
11bd
131d
b0ed
11b0
fe2c
1113
2dbf
b01c
df42
21f2
441e
c112
0ec0
1f2c
e202
3d11
b0f0
2d64
cf23
fdc1
0d0b
03b0
a4c4
42d0
d15f
b015
1fd4
420e
f150
ecd2
2ab0
1d72
22ce
04cb
b01f
31f1
e5d2
0dde
1241
d5b0
ef06
4d30
fef4
b0e2
0d31
4030
e120
ffef
5eb0
011b
e3ff
ec11
b030
d32d
c3d3
2d2e
d501
02b0
3103
330e
d0fd
b001
ece1
2e0b
d002
2de0
1cb0
105f
0215
3df1
b020
f337
30d1
00e0
ff1f
03b0
d4cf
fe2f
f020
b0df
00de
3e2c
0310
00ff
3fb0
2111
e2c1
211f
a00f
e0ed
cf12
1fc1
1cfe
bea0
1fe5
6d06
551f
a0e5
0ff6
ef4a
e110
1915
11b0
f11c
ef10
f0ee
a001
4e3d
162f
0201
740f
20b0
f0c3
3e0e
020f
a0ef
0cb2
021b
3f13
21b2
1eb0
2f1d
0d31
23c2
b03f
fd1d
d2ff
1001
eded
12b0
b2e2
120f
e0e0
a452
c101
202c
51be
021f
32a0
bdd2
4f1d
b1cf
a03d
1367
4fe4
f2c1
5331
b3a4
e16c
dfa3
ce63
a0ed
e0ff
d0da
4433
b140
0eb0
3130
d2d0
00f2
b051
f220
c1d3
010f
0f1f
d1a0
11b4
e4f3
0d0c
a0ff
f305
6ff3
de12
63f0
c1a0
0e10
6a73
131e
b0d2
1eff
f320
efd3
ff0e
0ca0
941f
0eef
f0e1
a002
1d1c
f35c
e423
fdb1
3eb0
062c
e2d5
3efe
b013
dce1
3d2d
0201
0fb2
2cb0
114c
d3e0
f2fd
b00e
f341
e3e5
fd2e
f21e
d1b0
3c1d
3f5b
d311
b00f
3f10
f22c
e0e4
fe20
52a0
e5e6
1b2b
5051
a0f2
fcd5
495b
f7f4
3db2
1cb0
13e2
e6e3
2fdf
b030
e2f2
fcf0
3f3d
ee13
e1b0
4d30
e10f
02f2
b00e
f12d
00d4
10fd
0040
d2b0
10fe
3c2d
f430
b0f1
2f2f
021f
dfc4
331f
dfa0
042d
2fde
ff5e
b033
00f2
102c
f011
00e1
4fa0
c151
d6e4
3bc0
a02d
ffb3
1cc0
6269
0fd0
00a0
2de2
d523
fff1
b0e2
113f
eee4
2fff
213f
c1b0
0e10
0011
d000
a002
610d
c331
b3b2
0d4e
d4a0
2b32
2c3d
1240
a010
d0ef
5f1c
b1fd
032e
6f90
27f4
690f
2ced
a00e
f0f4
014f
1011
11d5
1da0
fe11
1001
32e1
902e
d0d1
dcff
4e1d
d2e3
3090
1fea
d573
eee4
a0e0
fd20
d1f1
2ee0
e12c
12a4
e1ed
30d4
c5f0
a0d0
3101
d03e
01e6
ff0f
fea0
0202
2d0d
0f01
a0ec
0ff4
201c
e303
fe10
6190
b6cc
1e20
2fdf
a0f9
00e3
0d1e
1e31
04e2
2fa0
0e1f
f4d1
f0ee
a021
000f
2005
fff0
f3d3
dfa0
fd2b
1d53
f0e0
a022
ed11
34fe
1e11
131f
e0a4
1ff0
222d
b2fe
9034
ec0c
0623
45c4
12dc
4fa0
f3f3
1b1f
0210
90ee
4fff
15d1
e4bb
3175
ef90
df1e
0b04
11ff
a025
cef1
5c41
40fd
f010
f1a4
0e11
e30f
fe4e
9430
a4f0
4a3c
050f
bb05
dc90
0f24
20b1
513e
a04d
12d0
ff0f
f23f
1005
dda0
30e0
d20f
e001
90f2
ebf2
fbeb
6e49
b3e0
dea0
2fd0
103d
3e32
a0fe
3213
03ff
0b3e
2140
f190
0bf6
60fa
fc4d
a03e
0002
e00e
2f13
203b
6190
e401
ede1
eb30
90c2
dc44
1f0f
00ef
e25e
3c90
0013
3da2
3169
943c
2220
d1e1
b61e
02f2
fc90
2033
22b3
ee10
942e
c45c
ca46
33e3
f1fb
11a0
ffff
ed22
22cf
902e
efcc
fd04
3e01
0f1d
d090
1e03
6124
d019
9065
c01c
dd33
0cf1
0f0d
4190
d11f
dd43
3f04
84fe
ea55
1342
96ce
eb44
5c80
1222
95e0
c1de
803f
54ce
be41
f006
c492
cf94
2003
f30b
ff15
90fb
11e2
1e21
f0be
0e51
3094
f32c
b11e
f033
90cf
32e1
f220
fd21
0021
fd90
32f2
f1dd
c140
9014
0031
0f0f
f3d0
bc10
0d80
1e60
f5c4
a3f5
80cd
52e3
22fe
a230
b1e7
0480
b911
51ce
bc4d
902f
1010
0ff1
2212
c1cb
1480
42e3
011d
eb53
84cc
cd24
2011
12f0
fd0d
ff90
1f32
2124
e2c0
90f2
0ff1
0f11
e000
f2cd
5390
cded
1002
0e2d
9003
def1
32f1
0f1e
0003
3e90
1e02
d111
4ecc
9042
fde2
f1d0
ed4c
01d3
3d90
30ff
c421
2ef3
90ec
3f3f
10a2
3e2f
c6f1
b180
cf9e
0a3c
21c5
904f
30ed
bf41
10e0
3421
c090
1ec3
fd53
1500
a001
00c0
1000
f001
1f1f
3290
f01f
0b02
1313
90fe
05f0
4f0e
fff4
2d1e
1484
4fd5
00fd
2cc3
904e
d410
1dfd
f513
0401
a390
ffee
2ed1
ff1c
900d
232e
0ed1
ee10
3f3f
d090
3f40
f1cf
ce33
8001
fd62
41c1
03fe
003d
0490
2eff
1f04
0410
80d1
1d31
61ee
bb06
4de5
f294
d1e4
2ed3
0d4a
8024
b245
5fcc
12d1
ba34
2e90
111f
0320
4edf
90e1
4214
0fe0
cd2f
53c0
1e90
211a
e0ff
20e1
802f
fc7b
e3fe
2e55
06ac
2180
e3db
ee4e
0fc1
9003
2d33
020e
d02f
01f2
c480
f0ae
0e0f
c51f
80c1
a206
13c2
3feb
413e
5c80
d2fd
fe10
f100
801f
d03e
5060
becf
46e1
ff80
e3f3
ed2e
53c0
806b
35db
fe3b
b210
2f36
ba80
4131
01ff
e3ec
9044
c1e1
1e02
14ee
f020
d180
3e41
2010
0fd3
80fb
f3f2
df52
33cd
fd53
d684
a205
d3fe
4e30
94ed
420e
d02d
0001
110e
1090
0300
001f
2311
80dc
5200
0e0a
13f1
decb
f190
0223
e0df
6cf1
802d
4e10
cd20
2313
f01d
3380
00f0
30df
ed26
801b
6f34
f009
1ef3
c3ee
3680
ebfe
551d
de14
80df
4002
c2cc
2d53
25cf
e580
feb3
e2ab
fe3e
80a3
fb26
060b
ea46
1f2e
f290
c032
03f1
0f1d
8022
291f
2f3a
e1f0
10de
0098
0400
0fc1
320d
80f3
9f23
fff3
00fd
06fe
0f80
ebdf
2f02
c1ed
8454
e3dc
f45f
d0dd
1030
2c80
21f2
3012
e2ed
8023
dc0c
f014
ddef
2122
1e84
01b4
0f4d
32c1
802c
e2ef
1fd0
1022
ec13
fe90
ffff
0eee
42d3
942b
4e02
1e3e
11e1
20fe
0090
4fe2
02fd
21df
902e
00e0
4041
000f
d012
ed80
6060
0d1c
1523
90ac
0e2e
2de0
f3ff
f02f
0184
d0e2
1d4d
de17
80cc
553f
efbf
b102
504e
bc80
2f22
3e04
f0d1
802e
4030
dedf
22a6
0f09
2080
0e3e
faf1
3dc6
90fb
1203
02df
1f02
0f00
ce80
4f22
32ec
2ee2
80ff
0e05
f1d0
62d0
e20f
f284
5eec
202c
3cf3
90af
4ff4
e1dc
fe10
31d0
eb80
7fc1
050f
31ec
90de
3001
eeff
0f30
22df
f380
f3bb
bd06
5f02
90cb
2ef3
22ed
0f4e
f1f1
1080
1b1f
f2f4
1f30
90cf
ff21
1fd2
0020
f1ff
0f80
202d
1eb2
0110
840e
ce35
f4b3
ef4d
3fb4
1f81
4f2c
ffb6
ef10
000d
0000
0000
0000
0000
1da0
6a9f
6ca6
0217
b454
c40c
3ee1
cb52
0e25
e1b4
15fc
21ee
42d1
b4f0
db1f
d304
fe2f
03e1
3cb4
d113
1200
cefd
b033
45f0
dc53
54f1
dffa
04c4
31fd
d2fd
0f1f
c011
f1ed
3232
21ec
fcee
02c0
e210
031d
52e1
c021
1d03
0fcf
01ff
0d22
e1c0
2e34
0113
03fd
c0f1
1d22
2ebf
ece0
3e23
c1c0
bd41
cc42
0c24
c013
2fee
fc44
11ff
0ef3
feb4
2d25
bc53
c52d
b061
d40b
26ea
ec53
d1cd
d1c8
df3f
3ee4
f1e2
c01d
dedc
4303
ce0e
ef31
14b4
b039
7402
e0bc
b06f
5dc4
d72c
1150
03eb
1eb4
4ae2
be94
0073
c04b
f0ee
2234
0e32
34ce
2dc0
f0f1
ee1f
10df
b012
fe2e
2c06
33d1
4413
cab4
11f2
0040
fcf6
c04f
1ef2
0ed0
0421
de30
1ec0
02df
c02f
ef21
c41e
f211
df4d
40f2
21ee
eeb0
10ce
3103
252e
b00f
02bc
2310
64f3
e04d
efc0
f331
cf0c
f032
c40f
31fe
0ee4
020f
f10e
3db4
07e1
925b
d11d
c845
03ef
edff
fc35
d33f
f1b4
ea55
56ee
fdfc
b034
e120
e02f
4302
1c03
d2c0
1030
03fe
fcf0
b0d0
1f25
fe0d
5fa3
0002
fea8
025e
3ce0
2be5
a4cf
51e5
3f14
eecf
f2ec
03b0
2e33
30e6
eeff
b4e9
f030
c34e
11fe
c231
4eb4
03f0
011e
e01f
b030
6656
e12b
4035
039b
0cc4
21f2
1fd0
ed22
b4d1
3550
e3eb
c040
0df3
fca0
e602
dc50
0c56
a414
23c1
1f12
00f0
00fd
fea8
1021
f10d
ab73
b4f2
00f0
1f12
cfdb
0044
dcb4
2115
12ee
dc21
b825
d20b
e0f4
0f10
f21f
35a4
b05b
12e0
16fc
a4f0
cf4f
f232
ae3c
4220
4fa0
1222
2f21
3050
a400
3dfd
ecd2
f11f
1ff0
2ea4
1232
0213
1011
b4c2
a34e
a03f
ed4e
11f1
fda4
b15c
1114
1f14
a421
10f0
220e
1fd3
1e12
1394
de32
a051
0af0
b4b0
1fff
d0c3
1e03
dde5
45b4
64a0
24dc
020f
c400
40cf
dd00
2003
2edf
40c4
1bee
e222
020f
9810
c5fc
4f02
3d3e
2d30
22a4
0e10
15fb
0efc
a4df
b2cf
5ffe
1324
1020
0fb8
0f01
f002
e21f
a04f
5f11
f504
633a
cd9d
2a98
13a4
e6bd
d011
a411
3132
0422
ec1c
1021
f3a4
ffc2
f10e
f0ff
b4e0
e31c
22e1
d100
e36f
0eb4
c66d
6bdb
0012
a811
07fb
c04c
e030
c110
16a0
a3e9
2742
6564
9463
bddf
a1fe
0da0
0dee
1c84
0523
30c1
51e6
94d5
e651
30f2
0441
5ed3
2fa4
f2f1
ef1f
6e0d
a4fe
ef1f
bef3
eee1
e0e1
1ea4
f110
1102
1c35
9444
d2d4
e120
0e1d
ff1e
ffa4
000f
cd12
402f
b02e
3006
fd43
dc14
fc21
f4b4
4f0d
13e0
220d
b400
3cef
1eb3
ff12
0010
feb0
cd22
dd21
f3db
b043
34e0
0242
01e1
ef1f
0ea4
0411
0001
e013
b4f2
f000
ff01
031f
43ed
d9b0
00d1
ed1f
119b
b000
db13
02f0
011d
fce0
efb0
cddb
34e1
71f0
b4d1
302f
b1e4
133d
2bd1
f4a4
0f10
0e10
ffef
b4bf
0d12
32d1
0f0f
6ad2
61b4
33ce
f1fe
3d03
a4de
ea15
32a1
3111
01d0
ffb4
fb25
d35f
df1c
b40f
1311
cd50
0d33
0fdf
f2b4
2e10
012f
bef3
a450
250e
cd0c
1fff
2330
f598
41c9
40ed
f112
94e2
b104
0f1e
dfdf
4c15
ada4
ed60
1c25
d0dc
b443
2cf1
1fef
1012
d2ff
01a4
3f21
10b1
2103
9801
43e2
2cee
c242
e41f
ffa4
020e
d10e
cdfd
a43f
3bb1
0f13
e912
7605
dba4
d270
f24e
c370
98f0
fd13
5c00
fbf4
f231
01b4
c2fc
3121
df11
a40f
fcef
5100
f210
0332
f2a4
f210
e0ef
eded
a4e4
d44c
dcd5
0002
2212
0798
1f9f
1010
7fa0
a4a7
c31c
ff1f
204d
3e00
4ea4
0102
4de3
4d30
a420
fcf3
0e00
d2d2
c4f9
edb0
cccc
1202
2e11
90f3
0740
b35b
0fcd
13c0
0fb0
f420
ff41
3220
a0d2
125f
32ac
01ce
e0ff
0fa4
df20
e100
130d
b41c
10e1
f110
ec22
cd26
35b0
0c2f
12c3
2f20
b4d0
23ee
4fd1
ff21
34fd
fea4
cdf2
2a42
32a2
b43f
11e0
f01d
00e0
f0ff
bfa4
f916
2ec6
3d13
b415
500f
1ce6
fd06
23cf
41b0
e0ef
cb1f
ad20
b011
1f10
3fc0
31c3
e1ed
2eb0
33cd
f0ed
2e25
b4ee
113f
42bf
03dc
2d12
bfa0
ac20
dd64
6206
b4cf
2223
ceec
2302
0ffe
a0b4
3223
27cb
cd2c
b8f2
d1f3
dde3
32f4
42bb
31b4
ed21
44cd
cc32
b8e3
def3
efd4
1d24
fde2
4fb8
43d0
dfdf
e033
a8ff
dd22
2e34
e0b1
2b22
e4b4
c33e
a35f
5f2a
b4b4
123c
21f0
4edf
2dc1
e1a0
d0ee
cded
cefd
94f0
00ff
0fc4
11fd
d4e0
ffb0
01f0
fe11
2c16
c033
4102
e3fc
e04f
ff11
30b4
03ec
ef00
0f11
b024
ce40
6f25
2eaf
efef
d3a4
d972
3b05
c135
b03d
0ce2
2311
e033
dd42
33b0
4f2e
02f5
e34f
b000
42f0
02ed
cdee
3c37
11c4
cf20
031f
dd00
b422
031e
62bd
ed22
42d0
cea8
2600
fede
0d22
b42e
f61e
1a4c
fed5
f032
f0b4
be71
f210
50de
b0df
4325
1222
1020
32dd
c0b0
f20d
cf3f
f10f
a4fb
0c36
2ed3
f0f1
f011
4c98
3dd2
4cff
0e20
b816
1fd1
001f
e220
ee1d
12b4
2d14
c011
f03e
b00c
6293
ccd0
d46f
0a2d
f4b0
ab40
42f3
02ef
a044
0ddc
0feb
c1a9
fe43
12b0
030e
de2e
4a26
c0b1
df1f
ee30
01e0
f230
ddb4
51f5
12fb
35ae
b0fc
411f
1f02
dcbb
ec02
51b4
32ad
cf0f
e022
b433
101e
23df
03fe
e11d
22c0
fe00
4113
02cd
c01f
1f13
dfee
0e33
34f2
42c0
10e0
0f12
3213
c40d
2df3
ce02
0f33
0f01
eec0
ddfe
03e2
ed42
c414
f2ec
44fe
1eef
4fe0
9cb0
f0fe
4512
fc63
b4cf
fd32
23c0
cf41
f2fc
01c8
f1fe
214c
f3ee
b020
4e61
f59e
f13d
ba33
f1c0
5024
02df
fe10
b0f2
ce40
eb33
56d1
d32b
1bb4
33b0
ee11
21e0
b000
2100
03ee
e53e
153d
d3b0
d150
b073
d20c
b020
0d22
4cc1
2dd2
e4ce
f0b4
1e1c
30e1
1e00
c0f4
11ee
de11
e20e
ff41
cfb0
de2e
1c67
15dd
b40d
c36c
dd60
202d
de26
1dc0
f4ed
ef40
ef00
b4f0
f20f
bd40
fd61
16cf
0db4
0311
25dd
f02c
c000
1012
f10e
bc2f
2001
efc0
0ef0
ffff
2e14
b0f3
d35e
c32d
9a0a
fc04
01b0
fd55
2002
1e00
b4e2
20e1
cde2
2e12
fb16
c1c4
f040
e00f
1012
b4f0
6eff
51e1
ceff
bb16
5eb4
41b2
1d13
d0b0
b842
e0c1
de45
44b1
0dbe
f0c0
53f1
01ee
0031
b0ed
1cf6
e40e
5023
09a0
36b4
62bf
4da1
54b1
b0fd
e00b
10de
1e36
5bf3
d4b0
fd3e
f3db
2dfc
b406
ffed
05fe
3100
c3fc
ffc8
ff02
11f0
0c11
b4d3
5e40
43de
00cf
130f
0ab4
60d2
e5dc
f64c
b05a
4d04
d2fd
ff3d
4015
14b0
be5f
1112
560d
b431
12ee
31c3
ae1d
0020
f1c0
22ff
1cf1
11d0
c4ff
4f01
01d0
111e
21ff
3db0
0ebe
adee
63ee
c0d0
0f21
00ff
04ed
ef2f
73b4
fcc2
23d0
e4fc
c0f1
0f0f
d1bb
3f22
20e0
f0c4
ff20
2df3
1fd2
b412
f0fd
23de
c130
f052
2db0
04cc
bc3e
0053
b0ed
4005
ffe0
0f12
56f0
91b8
5022
3eeb
13e2
b049
c12a
3223
cc11
fb12
e3b0
32e1
d01f
cf51
b0ef
4d25
9ece
cc32
eeef
46b0
11dd
3c15
36de
c434
cd1f
fc53
23e1
c100
5bb4
f6b5
14fd
b1ed
c043
2f10
fef0
4f15
11d0
f0c8
0110
02ff
ef2d
c423
de20
0d23
fd14
0fe1
afb0
fd53
36ff
220b
c006
de4f
0de0
fdf3
23f2
efc0
ff20
2f02
10cf
c013
dc10
f101
fc43
30f3
ecb0
f2f0
3002
afca
c4c3
df3e
1201
c01d
f330
3eb4
06c9
df4f
14ff
b43b
65c1
aa0e
6205
2dbc
e5b4
f44f
a5fa
103b
b054
df3f
3f00
f2dd
eb55
42c4
21dd
1e01
12df
b410
c01e
1e42
ce10
ce22
60b4
53d2
d0fc
04f0
b43d
61cf
bdc1
fd55
5be6
dcb0
1b36
10d1
1cdf
c015
3233
01ee
2023
c0fc
01c0
e11e
f054
ff00
c823
2ee0
4cd4
eff2
f23f
23b0
3256
01aa
d954
c89e
e20e
ff3d
3ff2
d02d
34b4
ee13
bf1d
1252
b401
73cb
a5eb
620f
15ec
2bb4
1fc2
1310
1f0b
b013
1d21
00f0
4def
1eb2
02c4
d13e
002d
11ff
b0f4
0e75
b2fe
0062
22ed
41b4
d092
0400
ab3e
b455
0e10
e4de
ec51
e0ff
12b0
1d02
2f13
6015
c0de
0e01
00df
12ee
3e22
e3c4
e04f
ff00
f110
b420
d1f0
310f
31fd
31be
f0c8
dc12
1f42
2fd0
c0f1
1111
dd10
3014
f1ef
3ec4
41cf
00ff
0f01
b4e1
ef62
1dcc
3036
3bee
b4b4
d36e
dd40
40cf
b402
fe10
0005
f5da
cd35
11b0
22ff
91e9
031e
b031
0f34
2100
d3ca
ce51
e2c4
2d3f
0ee3
33ff
b0fd
64af
ecdd
4204
f1fd
edb4
5ee2
30f4
1cc1
b4df
02f6
a05c
cc62
35f2
0ec4
21df
2ef3
0fc1
b011
1e23
16ca
cc3f
24e0
fdb4
23e0
eb31
12e2
b0b0
00ff
2211
fd23
d00e
ffb4
350f
10fe
ef1e
b4f0
320d
2f02
f1fd
1cf1
13b0
1f21
fd65
c10c
b4fc
3015
d0cf
e153
3fbd
02b8
0ef3
0bc4
20f5
b4f0
ef1f
342f
bc1e
fe12
e4b0
030d
0032
de2e
b0dc
3025
02fc
f1cc
2212
23b0
0f31
ffdd
5ff3
b4df
e320
f24a
04cd
ef40
f0b4
3321
31ac
13ee
b42c
3cc3
0e53
f00e
ce30
14c8
01cf
30e0
f10f
b400
b24c
c052
ff40
d0fd
dcb0
33ce
fff0
0f54
b434
bc2e
ef12
1d44
ecf3
c1b4
5e24
4fa0
22f0
b42d
2fb2
0a13
31b2
be23
5cb4
11c3
ec12
42f4
b00d
f3fd
fffc
53d0
40f3
dbb0
bad0
0311
df63
b456
cfeb
ee44
51d2
e3fe
60a0
e3cb
fb3f
549f
b40e
0fe0
2231
21ef
00cd
02b0
dffd
0d13
e3dc
b042
f30c
cd2e
3045
f4ba
eab0
24e1
2242
ffec
b4e1
ef2e
34d2
f03d
22ce
cfb4
2023
d11d
e04d
b4ff
3114
10ec
ef0f
0121
e2a4
116f
10bc
2ed1
b471
e4dd
df5f
0f42
d2fe
11b0
1fc0
deff
5511
b4fc
1222
100e
45bb
c01d
01b4
2440
e6da
e30d
b42e
42c3
02fd
e0ee
2101
dfb0
2133
0d22
def0
b40e
0c02
f023
bc31
6401
41b0
dc0f
4304
c011
b01c
f1ce
cb43
44f2
df1d
5ea4
fbd0
1245
03cc
b472
41de
f3db
cd40
43f2
ffb4
b22c
ff5f
ef22
b442
b1ec
db53
0223
1ed2
11b4
1cc2
32c4
1d0e
b013
ec1e
61e6
2ce3
61d4
b4b4
01ff
2012
fcdf
b413
430e
24ec
1efe
23cf
00b4
12fe
4ff0
04dc
b012
fd42
51f5
fdcd
20f2
dcb0
f40f
d02e
1e32
b0d1
fc30
31e2
ed0f
d2cc
3eb4
3fd3
04dc
b32d
b821
b40f
be51
42e2
e0fc
e3b4
401f
fffe
d021
b431
ec13
20e1
12e0
f12f
0fb0
52f2
1ebd
21c1
b4f3
010b
fe2f
42e5
eeee
f6a8
cb30
1c44
1ac7
b492
1e13
1ef4
fe03
d00e
13a0
e21d
f254
fb52
b4c3
20ff
0d02
fed1
ee43
31a0
bdab
064f
2f55
b0fc
32df
fffe
1f34
de00
3fb4
1c02
43ef
00ce
b000
4015
10cd
2ee3
2ee3
23a4
3f0b
1c05
5db2
b0b3
21f0
13fe
1013
d30b
fcb4
12e3
ed20
01f0
b02f
40e3
1ebe
ff01
2ff2
44b4
23aa
da22
2303
a00e
53aa
0cd0
259a
42d1
50b4
eded
ec34
2f24
b4ce
cc42
2311
000e
0fe2
15a0
b129
6d25
f5cb
b436
dd1e
4c02
f1f4
020e
1fb0
02ed
dc1f
c0fb
b011
2113
ff0f
1f43
f2dd
3da0
0024
ef62
fa65
b09b
fd12
3f06
03ff
e041
1db4
1101
1e10
02cf
a03f
64ae
35bb
ec2f
e1bc
20b4
24cc
fe11
1ef3
a4ee
f224
0c51
02be
f340
1da4
1df6
daf2
1bf5
b0c5
0d23
12de
f110
1f22
f0a0
dddc
3d05
05dd
b82e
1101
cc20
fe35
efd4
e2a0
3054
74b1
cbcb
b40f
10f0
320f
00d0
3d02
cfb0
c0fc
1c12
25cf
b841
0003
23f0
e4dc
0e21
1cb0
31b0
00dd
20ff
b400
21d0
c022
1ffe
40f3
3ca0
60c5
36bd
1132
b033
d00e
cf31
ff22
df0e
e2b4
ce3f
1012
1c14
b0d2
f420
0f2f
13f2
dc2e
e2b4
f241
dc2f
0212
b4fe
2300
e30d
e10e
1020
02a0
e32c
1e33
f4dd
b041
01dd
2c35
11d2
f030
00a4
26dc
d040
bb40
b03c
10a0
ee10
40f3
32e1
b5a8
026a
5be3
5fbf
a003
3201
05fc
de63
120f
10b0
e3fd
df2e
32df
a40f
1b24
fcb6
d203
22d0
12b0
fd33
20e2
10ff
b4ed
2222
1ede
53d0
f0fc
d1b0
c041
db31
20f3
b4ed
0232
e1fc
ee30
0e34
efa0
fe0f
20e0
0edf
b015
0e10
21ce
f4ec
0e42
02b4
f111
42ce
030d
b4ed
1f11
43d2
fe0c
0ef5
fda0
2d04
a2c9
b51a
b04f
3e04
fde1
2d04
31c0
e2b4
f010
d01e
db54
b02e
23e3
ee20
f2ec
0e32
33a4
43ee
ba1f
14e2
a830
a05b
2c55
32a1
d60e
02b4
e30c
ff3f
f111
b0fe
34de
dd1e
f1f0
2210
1fb0
f1ce
ee42
3f13
a4e1
c32d
20e1
0f01
f43f
ddb4
0110
fc33
1002
a0de
0022
44d1
ee2f
f1f0
21a0
f021
af6f
200f
a41e
5fce
1bf7
cf32
fc33
f2b4
101e
f4ff
d24c
a8f0
fe2f
e311
cb21
2e50
dda0
0c23
4dc3
5dd5
a49e
3e2e
60a4
1d05
00bb
e1b0
1f31
01e0
ec31
a0f3
c23c
e063
dedd
3f46
ffa4
440f
fdff
31d3
a42e
d20c
1c45
41bf
32bc
02b4
e31e
ce3e
ec34
b403
d10f
f331
c02d
e31f
62a0
cd0e
67ef
eef0
a0f0
ba12
52d2
ceef
1d23
23a4
fdf2
0214
ee1d
a8be
135d
e1de
da52
4bd6
05a4
43ec
0c02
3ca0
a436
af40
115d
35ba
cc0f
04b0
c02d
130f
d11e
a032
edfd
2ee2
cfe0
fc63
13b0
1e00
10f2
e3fd
a443
0cef
c210
1d40
02e0
31b4
e1ed
f140
13ee
b01d
f1ef
ed32
0022
1023
bda4
3051
63af
f0fe
a0d2
ac53
1a35
03ae
eefb
00b8
bd21
de54
0f11
b4f2
51b0
0de0
012f
1f11
eeb4
1e02
fe13
1e01
a0c1
f6ee
f2ea
cf1f
db20
26a4
9e6e
1022
21dc
b034
ed31
11df
0f33
01cc
eba0
00f1
fe20
2fd2
90f1
3252
6af7
1b9f
d1ad
0fa4
c130
1b23
d1e0
a450
10e2
f1fe
de21
dd34
e0a0
4013
fef0
2ff4
a014
d10b
3202
1400
dc2f
14a0
fe20
12f1
d01d
9401
fe0d
1f03
5cf5
deb0
f1a0
de1d
23ee
ee1f
a401
0e00
1001
e110
de41
4494
c3f9
0a14
45b0
a41e
1df1
42d0
c11d
0f30
1fa4
f2e2
012d
2f02
a8c0
4df0
f20f
211e
d20d
d190
dd64
d12e
3e56
94d1
ab5f
2f05
14ed
45fd
da94
55d1
b1fd
304f
94d0
040d
2220
22ba
34f1
4c90
33af
f011
031e
9422
01ee
de0f
ff32
c020
6394
fffd
ff21
dd25
9010
ce2f
02ec
ee11
d341
1e90
1d24
c3ed
e14f
9833
00d2
ed22
4fe4
42bd
0294
d14e
030d
110f
84ef
431f
2dc2
40e2
41ab
ac80
f100
dd54
27fd
9023
df3f
1211
2101
11fe
1380
eb32
1211
1ff0
84f2
a44a
bf61
1e21
2fd5
1c80
dcce
52bf
fce0
80f2
0133
dd41
deee
ef11
e174
f070
f4f9
53dc
7420
1fff
0c05
31c3
33ef
fa74
ad30
1630
df2e
745e
eac4
2025
ffe1
0210
1d70
30cf
34ce
230e
701d
00cf
32f0
e0dc
0f0f
d364
f140
d01e
46e0
600b
2012
e001
cf0d
cc42
2564
c13c
0f1f
3ff2
54f2
ee11
06ce
f01a
fa64
e454
0f33
f2eb
2d13
5401
44dd
d0fd
3c04
02c1
6f44
f0bc
4112
c2ed
404e
c1fe
1f0d
1f04
f020
3c20
e2fc
2040
fcef
1435
ee00
35fc
fc00
3eb4
cf01
11ff
0f01
00f0
0200
0000
0000
0000
0000
04b6
df0f
13dd
0011
a6ff
f343
00d2
0bf4
15ef
e0a6
16c0
6eff
1fd1
aade
bc27
fd11
1503
d5fd
d0a6
24fb
e100
e103
a6db
5fa2
21b0
332c
f331
e5a6
e7e0
c91c
50e1
a610
fd12
eded
3fc6
42d4
1fa6
2240
2fe4
bc1e
b6b2
ce10
23f0
11f1
0f0f
f0b6
11e4
d04d
31e4
aa1f
5fb3
4cd2
f210
e42a
fea6
001f
3d13
ee11
b6dc
1042
03f0
0f10
10ef
5daa
3b2a
2311
b1b0
b654
4323
220c
f1e1
e1ef
30a6
9212
20e1
10db
b603
2201
f01e
0c10
fd01
f2a6
1522
f2e1
b41f
a630
1d11
ed1d
d3dd
36f2
12a6
0102
3e9d
23df
bac2
12b2
d010
31d4
e3ce
03ba
10ff
ec00
0d44
a6e2
16de
e7e3
f21b
f01e
0596
bd2a
b6ad
6426
a624
3fdf
0eea
35e0
3de2
03b6
0e1f
100c
1202
a6f2
e2f2
1eff
0311
ccde
3fa6
26ae
0a61
16ac
a613
ee1c
33f3
0021
cf0f
01a6
def1
32f2
304c
a6ef
e1d4
fc5d
5000
fc22
0fa6
2fe3
c20b
4b54
b2fe
beee
bddf
d3ce
3345
1fb6
03dc
f1ff
1f02
b6f0
ef31
4f22
c0ee
0d32
f0b2
ac1d
1033
dbed
b6de
d042
15ef
e12d
f6fd
5eb6
fb0f
30d3
0e01
b612
1f10
fec1
33e0
ed1f
22b6
bf41
0f00
0f02
b6df
f4d0
2110
2100
efde
34a6
a310
c012
54ff
a641
4eff
e0bf
43fe
4ede
5fa6
fd0f
0242
ffef
a6ba
3120
e032
fffa
3304
10a6
110d
2fec
56ef
a641
2bf0
fcb2
1ed4
ff12
01b6
ee20
eef3
44d2
a6fd
53cd
ef1d
1237
220d
60a2
adec
25ba
2253
aa09
1d61
b126
fe1c
265a
2da6
f0c5
53c2
40d0
a6ed
4f00
c3cf
4fe2
06fd
f0b2
0f32
5b93
e203
a640
d236
010a
25d2
3edc
efb6
121e
0210
fcdf
a603
2b63
d4eb
10e3
0f41
ffb6
210f
10f2
de1f
baf2
fc10
c320
0131
2dcf
feb6
22d1
0e20
ecff
aae3
f94b
232e
3af1
1500
0eb6
e1ed
fe45
eee0
ba32
f0fe
3012
ffed
2e21
0eb6
f012
ee14
fff2
a6ff
6dcb
233f
3d55
23bc
31b6
d10e
1ef0
2010
aaee
27d4
eecf
69e4
f002
f0a6
2503
cfff
c10c
ba21
ec01
1140
e0d3
d401
f2a6
3002
feb1
140e
b6f0
f01e
eeff
1003
c011
2ea6
5634
e1ec
1ef1
b622
f2fe
e1ec
1233
ec22
cca2
36dd
3f44
e0ce
a614
1d02
0ea0
4f1e
5ff3
1ca6
bee2
133f
e032
a62d
fe1f
0c63
3fd0
23d0
fca6
f2af
0e30
05e1
a6c3
f013
0f31
1b04
01e0
eeba
0430
e0ef
e02f
ba03
dff4
2f1d
fc14
e1f1
05ba
fcf2
3c1e
520e
b60e
0d23
1f31
2fe1
2012
d2b6
fcff
0002
1f11
b60d
c0dd
2143
c010
31e1
44a6
acae
22e6
3013
aa2f
ef12
3df1
13e4
1fed
fdb6
34df
1e1e
0f01
b632
23fe
f00f
01fc
1eff
51a6
d124
1b00
a0e1
a65f
113e
fd14
46aa
ff3e
d5a6
0b52
12dd
f3fe
b653
e0fe
1e02
2df3
dc02
23b6
0210
e010
f21d
b622
df0f
fe00
fe34
ffff
44aa
1ccd
5e10
1f1e
a6f0
dd31
f7b0
4453
221b
dfb6
1d0e
d130
01e0
a64e
206d
c0ee
21b1
f042
21a6
1ed2
10b0
ec26
a6d1
d4c1
5a63
fd3c
11fe
36a6
c2ed
0341
c1ad
a621
fcdd
3242
3111
00cd
42a6
e205
bff0
cb0e
ba53
3fde
0d21
1e11
01f0
2ca6
221e
ed11
2222
a2d0
6544
fd0f
5713
0b57
0ea6
00f4
fde0
540f
9632
fdf2
1eec
41db
9372
d0a6
36e0
e22e
fee0
a672
bf1f
39ea
23fe
1c50
0db6
4b2d
6f6b
4f5f
a62e
c2dd
50e3
d403
9ece
d5aa
a132
02ef
0ee3
b6fd
2cf1
032f
0f02
10f1
f4a6
0dfd
2013
01c5
b6e2
1f10
11dc
e100
ef00
f3ba
3e0c
1e4e
4e2e
a6d0
10e0
2ff3
21ff
ea39
f6a6
1a12
f1ee
11cd
a6b2
0f23
6020
1051
d2cc
21a6
0f12
15e0
9c30
a6eb
6ec3
5100
e032
1ed2
2eaa
0010
4c02
3fc3
a6ed
0fcf
db1e
de27
61cf
35a6
9033
40fe
0105
a61e
ed1b
f03e
ec5d
13ff
54a6
af0e
2fb1
1f4e
a65f
221d
2b52
ee0c
4dee
e4b6
ce2f
d231
2301
b6ff
2ffe
10f4
fffe
31ff
01b6
f010
1df1
4fde
b202
0fcf
e331
4133
1112
fc96
b321
1412
cba4
a22f
ca0a
bcdc
3fad
e40f
0ea6
3001
32fe
cb0e
96e3
4c2f
a31b
e736
41df
02a6
cb1e
4110
2f21
aae0
20d0
b31f
fe26
1f2b
34b2
dc1d
00ef
1123
a611
a120
4403
910a
e202
baa6
55f3
ca50
512f
b605
0e02
fffe
3fe4
0d01
3cba
d422
3e4a
f1f0
aa1f
f001
011e
241e
1fb1
0faa
020f
1d00
701a
a635
bc33
40ee
ddeb
4e20
4eaa
05d4
2bc0
b403
b62b
f2fd
110f
20f1
1c20
efb6
24f1
0c11
01f2
a60f
e1f0
e0ef
f0d3
e30d
5fa6
0322
cd5f
0fd1
aa2e
30e3
edd0
6a23
af51
eda6
51d0
fef0
ee10
a6e4
13c4
d2d3
2fc0
12e2
eba6
1fd2
d117
0504
b62e
0f00
c0ce
3411
ff0f
e0a2
0510
4334
5f23
a6fc
11ee
e413
ece0
14c4
30a6
411a
34ee
26d5
aade
1e20
6db2
a44d
0222
45a2
5622
ef3d
13be
b62d
400f
ed22
11df
f1f4
f1a6
dd31
ff10
100b
a620
d3dc
2c34
04f1
1e44
f1a6
fe0c
04dc
72e0
a601
ed11
1ffd
12df
120b
f2a6
c201
4d36
2fcc
a6ff
5022
f4fc
1333
fd0c
00ba
0110
41cf
f000
b6f2
ce02
22e4
f2f1
f001
f0b6
e2ce
0f1f
1111
baf1
f0e2
10f0
4d00
110e
c0a6
0dfe
f0e6
db0f
a611
44b0
3243
d52c
daf1
cba6
f3b4
f003
4015
a609
2405
ee31
ffce
04ed
edaa
e6f3
f0da
2c45
a6be
63dc
c251
f2e3
0130
b2aa
1e2e
d123
0f5b
a6c1
fe03
52e7
ed2f
b0ef
13b6
df0f
42f1
10df
a602
22d0
2cf2
23cb
d020
11b6
11f0
ecff
4120
b60e
0112
0111
2fcd
1e1f
c0a6
5044
efcd
fe41
a633
be3b
d430
0f20
adf1
e1b6
f432
efe3
e0d1
a6f1
05a6
dbd3
3f05
51fd
efa6
41f2
2f2f
33ed
a62f
92c9
3e25
efff
ef05
51a6
f00f
2041
bfcd
a60d
0270
2ff3
f00e
5c03
deb6
f1fe
ef44
fe02
b2e2
f1ef
4f05
4405
1040
b0a6
4cf3
e14d
3cd3
a6d1
e500
f1f1
ddf0
4d2d
e4b6
2f12
12f0
e1fe
a601
ee00
0b43
05af
2b41
0fa6
e2fe
25f4
2f1f
b6f0
1def
0101
12ee
2c2d
e2b6
ff04
0f1e
3124
a2ff
ef6e
f1d3
fb63
cfbc
0fb6
213f
f0ff
03f0
aa11
10b0
4a40
f000
e5d1
22aa
e4af
2b13
c2a7
a62e
e0f2
1f00
bdfe
3133
4fa6
c3fe
c004
d01f
aa00
e24e
01fd
ff4d
1313
ecaa
09e3
2e51
b125
aade
b221
2213
31ae
eee3
d4ba
4f0e
2fef
012c
a621
4224
3ce2
11f7
cdcb
d3a6
7012
35a3
dedc
aa10
20ff
d1e4
3ed1
ce04
10a6
b1f1
2ef4
1b32
a6c1
ee42
c50c
40f5
1c10
ffa6
fe0d
61ce
0414
b610
1cf2
02ef
1101
0ee0
02b6
efee
50d1
00d5
a61f
df04
012e
3ec4
d031
f4aa
cfef
3b25
3f0e
a6f2
2f00
e6fb
1b4c
5014
1faa
0f01
4dc3
c211
a612
2012
141d
2de2
beed
3ca6
21f1
bb02
2340
a611
ff2f
d4ee
5d11
4d11
b2a6
2241
910e
33c1
ba42
3eee
4d01
0200
44eb
3fa2
fddf
0fb0
e0ad
aa11
e05c
4ce3
ff4b
fc34
2fa6
0e20
ee3a
2031
aae4
6a0a
0e02
3100
b40c
23ba
e2df
f300
ffd3
aae2
3c02
e5e1
4dd0
ff10
11a6
d00d
11dd
6e02
a2db
5203
c0eb
6503
f060
00aa
de02
15e1
5b3b
a6b3
3c2e
16bc
f2ff
b420
f3a6
4e51
e4df
cfcc
a6f1
61d4
d01f
d4ff
3f01
e5aa
1f3d
fdc0
3e31
aa33
10ce
1000
d41b
6a22
1fb6
0dfc
1040
12ef
ba23
e2cf
2010
eef2
2f1f
f0a6
0f63
f43b
ef33
b6e3
20f1
cfff
11e2
0010
ebaa
0062
c6c2
2fff
a6f5
feed
fe4f
be4f
3037
daa6
31b2
14df
1e0c
aaee
0d32
c1e1
be75
b000
51aa
d5d4
55ba
e6cd
aaef
a353
b2b1
2b25
0c2f
dda6
4612
eb0e
3104
aade
03f0
1f3b
2b30
010b
f4a6
2343
2012
fc01
a60f
050e
4d21
bbed
3903
d0b6
3fff
f052
112f
a60f
e23f
3212
eb00
4dcd
0da6
03b7
3f31
dfbd
aa04
f2cf
2e0e
5d1f
45de
03ba
d2ec
0f11
ef03
963d
4233
c2df
daec
26c3
23a2
5566
fd63
55a1
9242
4e56
ddcf
01a0
1d01
dfa6
34e2
ff34
b1ce
a605
31ed
241b
0d2e
d0d0
3fa6
0d23
d31b
1144
960c
12cc
d046
3130
9d13
01b6
e01c
1f01
1f10
b6e3
1041
b1fb
3222
d1fe
2da6
4ee0
0d2f
fdd1
aaf3
e21f
04dd
014b
c54d
0fb6
ed1d
42d2
20ef
aa03
00ed
012d
1cd4
e44e
39a6
52b1
3e23
3df1
baca
0421
e2d0
f2e2
01fe
0faa
122d
eb6b
0360
a6a1
40ed
0121
ac7f
efc0
05a2
7d76
e3df
5343
a632
eff0
e10d
4609
22d0
23b6
1d00
e100
0fff
aa12
ee1d
1002
e60d
1ae6
10c2
1001
e01d
2011
b2fe
cdef
20d0
24d1
0031
26a6
d2b1
c2e0
e104
a6dd
3f14
f6dc
1313
f10f
f3a6
ce03
e3fe
cc10
b6fe
0d04
23fd
1020
fe1f
d2b2
2324
0e11
ccdd
a604
240b
012c
e1dc
f2f3
00b6
0000
c022
ffef
b20f
1fdb
3e1e
1433
f020
0da6
1401
b221
1100
b2fe
ef00
1d12
fdfe
22e1
fea6
26ed
f2e0
0333
a6ea
34ab
001f
2fd0
f2ef
32a6
3ea2
ff1d
33fc
b602
2d12
4d2c
002f
0010
04aa
3bdf
0211
39e3
baa3
1020
1ee0
f110
fe5d
20a6
00e4
efd2
3215
a6cc
f001
0ed1
3dde
2ff3
35a6
d210
42fc
3ed0
a6cb
332d
0210
bdff
1ff0
1daa
3e21
d3c2
c2e6
963d
eb57
dc1e
b3cb
f04f
c2aa
00d4
2200
c2ef
a6f2
2110
11f0
df41
cc3f
00b6
ee1e
10d2
e40f
a641
fe10
e2e2
b6df
e114
d1aa
1cf6
f63c
d4eb
b621
de2f
f000
4130
11fc
53a6
e0d0
00e2
3ee0
aad1
3af3
100d
b631
0a0f
0da6
d4df
3302
fe12
a6b1
fc30
41d2
e033
eeec
c4a6
dc5e
4006
1c41
a621
f1e1
ee10
ffef
210c
1cb6
e222
2ef0
d3f3
b20f
2153
2212
0230
0021
fcb6
1211
1d20
33ce
a611
1e11
dd0d
33e3
2efe
2ea6
c220
a31d
f14f
a6d2
e024
d010
0fbd
0c24
14a6
4a20
1e61
2d12
b6fe
001f
000d
f0de
2243
3fa6
12b3
ec1f
0ef0
a6fc
05d4
db7f
bce1
232e
c1a6
0221
10ff
4301
a622
1ecb
1240
ee91
052f
d0ba
e201
4c00
3ffd
b610
32d1
103e
1f22
ffd5
03b6
0cdf
c1ce
1230
aaf2
ed3d
fd12
3d14
201d
19a6
d0d2
32df
da5d
a6ef
4416
fb3b
303f
1da3
00b6
e430
12cf
001f
a6ff
03de
1130
1f1f
c42e
fdb6
100f
1f10
44ff
a6ed
20b3
d0f1
1d5f
43e5
eca6
3412
c0eb
ee30
a6b1
015d
43c1
da1f
23f2
32b2
0e00
dedd
cfee
aa43
dd13
a65e
2169
dbf4
23a6
45fc
210f
2fcf
b6ee
ff00
1fe0
131d
331e
cda6
37ae
2d3f
cb5f
a652
e05e
d0dc
21d3
e420
d0a6
4ae4
0fe1
ee3d
a6af
4351
0041
20df
f0f0
3fa2
cdbc
cf2f
ca22
a6bc
23f1
3d30
d1fe
50f3
3fa2
fce1
63f3
dc1f
a232
4210
60ff
a532
0bf2
5fb6
d12e
e12f
0f0d
ba10
b4f5
e5c0
d24a
012f
eeb6
14df
12f2
10fe
b620
e04f
1ff4
1def
2ffe
40a6
24a1
dde1
0fc0
a633
25f0
2c5f
95b6
c6f4
cca6
cf3c
101f
1134
96fc
20c1
cd1b
1203
f226
22b6
0de2
0cf0
c052
b231
0bee
eec0
effe
5302
32a2
1ef0
2453
cdf0
b6cd
d310
eed2
2014
feff
20aa
e021
3ce3
fd4e
b24d
3145
4503
e2fc
b1fb
5cb6
21ce
f30f
ffe2
b612
030e
100e
e100
e42d
1fb6
e0ff
ee3f
1103
b6f4
1f11
f0ed
e0f0
402f
d2aa
2ad3
f046
32ae
b63c
0f02
0fff
10e0
40d1
cd92
0bc1
c3ab
b20d
a654
0141
3cc2
febe
d0fe
23a6
531f
fe0e
dd4f
b211
55d4
ff52
f400
4332
fea6
a4c0
0010
f0fc
a601
0034
131c
225f
c01e
3caa
a5f2
c300
e220
a61c
16df
3610
ff02
00a1
4caa
591f
7d1b
b16e
a6e3
22f1
0311
131f
24fd
5fa6
f0fc
2de0
2eee
a612
bd11
2215
1e30
cb4d
00a6
b412
0051
240d
a6be
121d
1ff1
40dc
00d2
11a6
0204
50cf
0ed0
a61e
f11d
af21
f3e3
1d61
d29a
a166
7ef3
ddae
a617
1205
c02e
0023
ee1c
b2a6
3904
220c
41f5
aa5e
111e
cf25
51fb
d000
05a6
0e41
cced
0215
aa4c
f240
4dff
d2ff
ff51
0fa6
2cc2
fe40
4302
a6d3
ee2f
4e1f
ce2e
14ff
2ea6
eeb2
e20f
6035
a6ec
fe3f
0f4f
ef02
01fd
10a6
33cf
a0e0
0320
a610
1401
eef1
0022
fd2d
b2a6
120c
2232
ee0f
a6f1
ff21
e41c
1202
11d1
f1ba
14f0
e0ee
3f00
ba0e
e41f
d04e
300f
000e
0fb6
11df
0100
e3fe
a22f
14df
3344
ece1
4235
2ea6
a11f
1002
eac1
b654
ed5f
13cf
0f1f
221f
f1a6
1140
c031
d0db
aa64
2509
1c1e
53de
211a
1aa6
3510
ef00
0e32
b6e3
fe10
10ff
ff11
2005
4ea2
13bf
1222
ef1e
b6ce
1bf2
3114
0d2c
10f2
10b6
eede
00d4
0124
ba00
cd14
313c
21ff
d0e1
25a6
1340
301f
d10c
a6ce
65f5
cc21
e1dc
eb44
cca6
54b1
5e44
42de
a622
d31b
0fe0
fffe
9033
e4b6
22f0
ed3f
010d
9620
c032
b0b2
ca52
fc35
4fba
c30e
3000
e1ff
aaf3
2bc4
32e0
2eff
0ee1
eeb2
10f1
4244
0e20
b6cc
1f31
04ef
2f0f
1012
dda6
a0de
0353
edeb
a6f6
3b51
e29c
1165
f2cc
6caa
d2d1
63ec
0bf0
a60d
56f2
2a43
b3a0
4f24
2ca6
02cf
dd11
3003
a604
dbd0
d4ae
1e04
2036
f1a6
dc6f
67af
1d3a
b60e
22e0
ff0f
c000
3313
2db6
f0ef
2f01
eeee
a603
fe35
14d2
f01d
43d1
2aa6
f2f1
0f10
92f1
a6c7
021e
ad21
0f12
d1d3
10b6
1024
0cfd
e022
a6ff
f42e
01ff
f13e
0141
009a
dfa6
7e31
229a
a600
5245
2cc0
ee00
f2e1
f0a2
ff2f
f2ed
3424
a6ee
def2
0d74
dfdc
e351
e2aa
de01
10e3
01ed
aa3c
bb67
f64a
fdb5
fe13
31b2
f10e
ef0d
d1ed
b642
3fe0
10ed
3f42
d4df
f0b6
0ede
0211
0f50
b610
0bf0
4e0e
1302
f11f
0faa
10b6
e2ee
0e12
b6b4
d4f3
f130
d000
13ef
12b6
d2df
0e34
f111
a6ff
bede
2f40
1103
1b10
2da6
2190
222d
e261
a604
be2e
00d1
4f0d
1f1e
40aa
e0c1
41c5
6bed
a6dd
37ce
211f
5eed
11ef
00a6
fff0
2023
beff
b641
0f1f
e3ff
2130
e0ee
1da6
52a2
f2f2
0f30
a22e
2e44
23d0
e02d
5222
b0a6
fc43
32fc
a31d
a672
eefb
f315
02e5
fef1
0eb6
010f
ff40
00ef
a2ff
ce0f
22bb
f03f
0f13
00ba
4d1e
e103
120c
a6b4
fd40
34f7
f13f
9a15
f1a6
2711
dddc
fe01
bad4
d2e3
d2ff
31ef
fd30
02a6
cb32
5dd0
3c15
baed
412c
e0e3
f1d1
31e3
6eb6
11ae
f30e
1011
a622
dedb
c0e5
3032
efef
daa2
339b
0222
0331
a622
002b
00d2
1b2d
4ef4
33a6
3f25
dfae
f000
b66e
dee0
210d
f032
34ed
2ea6
31de
f03f
ff41
a6fe
e2fe
0cdc
4433
e2d2
eda6
1013
12ff
3110
a6c0
ef4f
def2
fd0e
20e2
f6aa
0e93
0b41
54a2
b609
2f01
fd0d
132f
d2f5
0fb6
e122
feed
32f1
a6f0
0e4f
30cc
02f5
3e13
cda6
00ed
13e3
d2ff
b6f0
1152
dfde
00c4
30fd
13b6
fe14
1d0f
c0ee
a612
f052
c452
f302
2d11
2ea6
06ad
d3fd
b3fa
b634
1c10
f20f
3012
0dff
d2a6
1313
2ff0
bb0f
aa12
9103
c204
010e
01a2
42b6
0351
ee0f
12ee
b6ff
110d
0f11
3401
b0fe
5eaa
c32c
4f2b
3ee3
a6f1
101f
dd20
1c10
c4e4
04b6
df0f
13dd
0011
a6ff
f343
00d2
0bf4
15ef
e0a7
16c0
6eff
1fd1
02de
0000
0000
0000
0000
42ba
e0ed
2012
03dd
ba31
e1ec
0d43
14df
cd30
f2ba
ec32
33e0
ee2f
aaf1
ec54
12e0
ce0e
4214
da9a
1ff3
03fe
ae3c
9a32
030e
0e43
d1ec
3947
aeaa
3f25
23ce
ed21
aad0
1c44
26ac
cb52
54d3
fbaa
35bf
cb2e
62f4
aa0d
55ce
ad1b
5016
e3cb
63aa
cffc
2d45
f5ab
aa63
b0fb
1d55
13ce
ec21
b19a
4e55
01be
2d35
aade
0ff1
ff00
3013
e1dc
55aa
ac2c
5204
e2db
aa64
aff9
4146
b2da
0b66
cfba
2f24
02cd
0d32
bae0
0e33
04dd
de30
32f1
0aaa
57be
aa4f
32f3
aa0c
54c0
cc1f
42f2
ff1e
119a
d10e
f031
3e00
aabd
2112
f10e
0e11
14de
31aa
d2db
1c55
34b0
aa2d
05ab
dc62
43d1
ce1d
13ba
dc20
42e2
d0fe
ba34
cf0d
3024
e1cc
1f33
deba
3103
f2dd
fe31
aadf
4325
c1fb
0e42
12df
129a
d2eb
2e56
f3ba
aa54
de0e
4202
d1fb
3e44
bbaa
6104
b0da
2d77
aaab
64f5
c0dc
1d34
26ac
60aa
f5ba
d973
55b0
aa2e
14ac
ea42
57c1
9b3f
e3aa
eb54
34c0
be2e
9a13
0977
049d
cc51
35ef
1eaa
12ef
0d42
04bd
aa42
c1eb
1d54
15cc
da62
bfaa
3e46
04bc
c953
bab2
1e34
13ce
ee20
32f1
fdba
23ee
ec30
32f2
aafd
45c1
9d1c
4126
f3cb
43aa
cf0d
1f22
03de
9a22
b2eb
3f44
05bb
bb2e
159a
0b73
13bd
ee42
aae1
0100
df1f
3222
d1db
24aa
dc30
63e2
cefb
aa35
bd3d
4114
e2dd
eb54
efba
2e13
12de
eb42
bad1
2f34
f3bd
ec42
33e1
2baa
149d
ea53
54c2
aafb
24cf
dc41
23e1
df1e
039a
c953
55f2
ae2c
8a10
3412
bc3f
30f3
f7db
20aa
e1ed
0c45
34cf
aa1d
12cf
fc22
34d0
cc3f
f2ba
dd31
33f2
dffd
ba13
dd30
42f2
d0ec
2f34
aaaa
64d4
a1fa
1c65
aabd
5214
cffb
2123
f1df
459a
b1fa
4133
bdcb
aa27
ec31
34f2
ac1d
5315
fdba
23df
ee10
3202
baed
34df
de2d
2f13
02de
33ba
cf0c
4113
f1dc
ba32
d0fd
2e34
12cd
0f21
dfaa
1d13
14ce
ec52
aac0
1e34
11d0
ed10
22f1
309a
da01
44e3
af1c
aa34
ee0e
5115
c2c9
2c66
deba
3102
e2ec
fc53
badf
3113
f2dc
0d32
23df
3fba
f2dd
ec42
33e0
aa2f
f5aa
ea62
56bf
ab4d
15aa
db62
32e1
cc0d
aa04
0d63
12df
ee20
32e1
fcaa
24ce
0d53
23be
aa20
f3dd
ed22
26ce
cb61
d2aa
0c54
269d
9a60
bae3
0d43
13df
dc30
43e2
0dba
25be
dd30
43e2
bafc
33c0
dd1f
42f3
e0fd
22ba
cd2f
2112
df0e
aa33
bb3f
43f3
ce0c
4014
dcaa
43e1
dd2f
31f2
aafe
24de
ca40
64e3
bf0b
23ba
de1e
43f2
cd0d
ba24
ec30
53e2
cdfc
4025
dcba
42e2
effd
3e24
bacd
44e1
ce1e
2013
03dd
63aa
b0d9
4034
f2dc
aa32
dffd
4014
e2cc
1f33
deaa
33f1
dffd
4d25
baad
2301
ce1d
4013
f1ed
22ba
df0e
3212
d1ec
ba33
ef0e
2f13
f1dd
0c43
dfba
3f24
02cd
fd32
aacf
5147
f5a9
da73
44c1
0daa
04cc
ea63
54d1
aa2d
03bc
ea52
44c0
dd30
02aa
0e32
f4bb
fd53
aace
4026
d1dc
0d33
13ce
21ba
e1fd
ee52
22e0
aa0f
d3bc
3d55
26ac
ca41
e2ba
0e32
04dd
dd40
baf2
fd42
22ef
dd2f
3104
ddba
33d2
cf1d
3123
bbcc
32f2
d0fc
2033
02dd
ffff
ffff
ffff
